index,ID,fraud_flag
0,64707,0.0027706402
1,63919,0.003586476
2,15664,0.019015284
3,6626,0.7637548
4,26766,0.3138417
5,2055,0.7298509
6,80703,0.012002181
7,45482,0.966962
8,91264,0.014701023
9,1049,0.0031084542
10,67644,0.5199695
11,17283,0.028178746
12,111047,0.7234825
13,6283,0.018435312
14,10932,0.0018262933
15,6866,0.0071618934
16,32797,0.53810483
17,87632,0.56254977
18,20830,0.019832386
19,70988,0.026272386
20,2589,0.056464992
21,76471,0.56254977
22,57026,0.060719058
23,34068,0.34026608
24,110099,0.006440418
25,44409,0.00091765885
26,98424,0.7944973
27,100327,0.011884706
28,85449,0.6506771
29,105123,0.09289784
30,115595,0.011784138
31,34762,0.010790984
32,30440,0.55566055
33,395,0.0144126015
34,34667,0.9280332
35,87615,0.27749422
36,43712,0.004956191
37,17074,0.028301824
38,68564,0.5564428
39,91813,0.6405128
40,62080,0.019717583
41,12050,0.00082599116
42,63426,0.009464335
43,93726,0.009821194
44,21287,0.72584873
45,25800,0.026034497
46,33442,0.05836329
47,46493,0.0037445915
48,105529,0.44110775
49,25747,0.007034591
50,105901,0.0030128818
51,53369,0.36701018
52,80105,0.15729548
53,93931,0.5011023
54,106790,0.86102045
55,17416,0.13886411
56,105290,0.03087656
57,58133,0.0026442988
58,81540,0.18866682
59,23236,0.0038661798
60,62711,0.009587087
61,20999,0.055877678
62,103783,0.003494449
63,17545,0.5564428
64,91278,0.44110775
65,16821,0.95066607
66,47115,0.026034497
67,101433,0.4868342
68,64042,0.009464335
69,2158,0.6031566
70,44272,0.26892516
71,88331,0.012002181
72,6698,0.006254801
73,69531,0.012002181
74,30625,0.3138417
75,11877,0.004791189
76,52353,0.02136824
77,31005,0.72160727
78,101230,0.57717556
79,60853,0.0071763075
80,56734,0.97198325
81,53707,0.8396209
82,50265,0.0064054723
83,72607,0.83036745
84,49053,0.0072224718
85,36071,0.051835634
86,40741,0.93032414
87,56960,0.058024086
88,53425,0.00091765885
89,81012,0.0015959032
90,103397,0.0032598516
91,115241,0.53810483
92,16477,0.0017492423
93,106300,0.76051444
94,778,0.004561478
95,54111,0.0036823626
96,43160,0.010384128
97,13312,0.036068562
98,40729,0.16872357
99,29282,0.55566055
100,2486,0.362439
101,81324,0.003420309
102,75361,0.2836866
103,83557,0.010128843
104,78430,0.017146105
105,58733,0.55566055
106,4100,0.00659286
107,89993,0.55050915
108,85173,0.56254977
109,100381,0.8824114
110,19324,0.25401485
111,71719,0.012002181
112,89961,0.009028697
113,87549,0.009250844
114,82988,0.0065125637
115,22403,0.27065274
116,51891,0.024581319
117,45978,0.0043947455
118,20555,0.152907
119,55970,0.74603975
120,47319,0.2517632
121,74241,0.97886
122,103281,0.04958626
123,108240,0.021826979
124,61359,0.035288915
125,71663,0.35608795
126,89413,0.74877614
127,39662,0.33346093
128,112982,0.0025486278
129,56650,0.8468055
130,8849,0.08161477
131,12567,0.00876299
132,73998,0.44101527
133,1712,0.018435312
134,112407,0.006816271
135,15075,0.002593978
136,101430,0.008354463
137,79990,0.0029352729
138,52886,0.04595057
139,87463,0.74877614
140,61955,0.43110844
141,30263,0.00749139
142,85593,0.0016723784
143,103216,0.048311796
144,39612,0.030330224
145,44407,0.00425763
146,98760,0.004326639
147,17265,0.7315719
148,106871,0.28550902
149,83690,0.35608795
150,107039,0.13867506
151,57715,0.009778519
152,41191,0.0069557214
153,101274,0.002025363
154,85340,0.005660244
155,42354,0.05849908
156,36079,0.04448573
157,71215,0.0056563835
158,39362,0.01212552
159,5693,0.012792699
160,78375,0.38921523
161,61534,0.007328334
162,67488,0.017589081
163,15561,0.033737633
164,16157,0.35608795
165,17,0.12884553
166,29639,0.55566055
167,91112,0.004264088
168,104649,0.77919436
169,693,0.021367995
170,4689,0.0032227938
171,58919,0.55566055
172,36766,0.55566055
173,15077,0.021367995
174,37006,0.83780795
175,93345,0.43110844
176,44664,0.008083554
177,18762,0.18412575
178,22379,0.026034497
179,89724,0.013647358
180,3745,0.002177989
181,83488,0.015755283
182,108394,0.004727539
183,8641,0.79835033
184,69466,0.014701023
185,25047,0.0024260622
186,39695,0.012556302
187,57982,0.0016723784
188,90462,0.22136597
189,112752,0.006816271
190,117,0.024899649
191,98398,0.0015095674
192,19002,0.025702158
193,100559,0.027563266
194,11291,0.15398306
195,72304,0.066196755
196,23250,0.0110644875
197,99518,0.36090043
198,105725,0.22871372
199,55984,0.011526617
200,97310,0.019717583
201,39077,0.002339933
202,110918,0.6280348
203,41184,0.9314414
204,9739,0.002564191
205,6322,0.023090087
206,10936,0.014486422
207,92917,0.020814998
208,16710,0.35608795
209,113964,0.00068560796
210,110281,0.022487141
211,501,0.00374704
212,38063,0.032416634
213,53303,0.0017315453
214,75137,0.088731185
215,31793,0.89984685
216,77822,0.011062551
217,22821,0.011294562
218,79560,0.57717556
219,1724,0.018435312
220,41295,0.029409917
221,114664,0.36090043
222,83239,0.13413408
223,76161,0.15818791
224,12812,0.35555658
225,73079,0.5199695
226,33477,0.0034294769
227,110911,0.062455542
228,74088,0.055891003
229,91464,0.012002181
230,78965,0.0035117555
231,115734,0.5561449
232,39064,0.3138417
233,87531,0.04892807
234,21392,0.00805099
235,85410,0.011099343
236,101374,0.024354452
237,61893,0.3793829
238,35957,0.58656245
239,18330,0.0025988026
240,25920,0.050407983
241,29321,0.55566055
242,50864,0.003286828
243,16324,0.0014109435
244,107063,0.77919436
245,62263,0.030200059
246,38175,0.09965071
247,36909,0.015587914
248,97440,0.53241813
249,107136,0.020996185
250,51426,0.7925452
251,62186,0.019717583
252,57941,0.76863915
253,88610,0.013729459
254,77426,0.025510082
255,63630,0.0069194143
256,97452,0.008381444
257,27847,0.006148445
258,72330,0.8396209
259,83242,0.45156
260,99627,0.19774519
261,55561,0.10342609
262,21229,0.008157413
263,43254,0.8468055
264,46349,0.060646757
265,32885,0.03099253
266,63211,0.15818791
267,74017,0.15818791
268,112309,0.034618042
269,71080,0.003016383
270,11233,0.05742638
271,65032,0.006224333
272,62670,0.0062784352
273,34602,0.013969766
274,113971,0.9210475
275,44728,0.74494725
276,78716,0.012002181
277,60993,0.019717583
278,62434,0.23099263
279,13314,0.025167128
280,9420,0.021367995
281,94502,0.5199695
282,14782,0.011676242
283,105399,0.31089553
284,26114,0.0008664184
285,94952,0.006569861
286,63121,0.088731185
287,17505,0.018275376
288,23853,0.008272674
289,76294,0.009821194
290,79180,0.5470555
291,66894,0.014701023
292,97408,0.1452733
293,33501,0.0020367051
294,50551,0.90849876
295,80870,0.27749422
296,36561,0.015755283
297,41816,0.010478496
298,62882,0.012356277
299,34681,0.55566055
300,114749,0.55365103
301,8606,0.030582005
302,42446,0.0059268363
303,53904,0.70096636
304,22551,0.19803226
305,94510,0.010552461
306,1373,0.002652343
307,82674,0.25401485
308,40993,0.026034497
309,92014,0.43110844
310,73191,0.5424639
311,106449,0.00799863
312,58423,0.0048714913
313,27731,0.006175711
314,89611,0.009821194
315,64260,0.009464335
316,94809,0.0029036796
317,102324,0.0012747791
318,86926,0.43110844
319,49185,0.00091765885
320,57289,0.055891003
321,2655,0.0630845
322,2988,0.062361155
323,545,0.011714641
324,28457,0.0012394901
325,14596,0.0008896225
326,79184,0.74603975
327,15201,0.0015385207
328,56585,0.1768996
329,6307,0.007526974
330,98730,0.32849368
331,51980,0.0072224718
332,80528,0.012002181
333,22762,0.0011612733
334,51747,0.0041500493
335,18778,0.06456689
336,47414,0.034123693
337,72518,0.89117473
338,13949,0.8768206
339,55661,0.55566055
340,89809,0.0059171664
341,61393,0.006436934
342,75157,0.56254977
343,49321,0.81023467
344,32608,0.22921833
345,5749,0.0070802257
346,4497,0.0020266378
347,5680,0.08456648
348,9543,0.006114427
349,3613,0.44778544
350,74486,0.03961124
351,92762,0.016253313
352,26829,0.0055196686
353,87804,0.031043656
354,64122,0.006429458
355,6967,0.17771894
356,33595,0.0057022944
357,29196,0.55566055
358,51322,0.0034785068
359,103698,0.0110170925
360,30082,0.55566055
361,45037,0.27065274
362,104501,0.0122060515
363,28006,0.004441212
364,1572,0.020838073
365,105217,0.5133302
366,48157,0.8768206
367,48353,0.15818791
368,5189,0.0042869966
369,62531,0.03099253
370,93051,0.740201
371,38760,0.0035780491
372,51776,0.35608795
373,31602,0.046146795
374,109562,0.28550902
375,65343,0.0019729873
376,32437,0.33401656
377,5350,0.0008806331
378,97738,0.016420258
379,83307,0.28655696
380,29927,0.6280348
381,101416,0.088731185
382,94024,0.013846878
383,72374,0.011207468
384,72292,0.0070391092
385,56177,0.78680277
386,9135,0.0061873607
387,78647,0.007938494
388,59323,0.060719058
389,79453,0.15818791
390,11380,0.022035038
391,45280,0.26892516
392,24095,0.00068249216
393,90252,0.6469486
394,101354,0.059883244
395,39613,0.031222636
396,56024,0.8396209
397,29067,0.69804543
398,72766,0.024712402
399,91040,0.72432643
400,102100,0.55566055
401,91937,0.04640792
402,33126,0.43110844
403,43785,0.0026181354
404,23703,0.51799
405,3837,0.062338326
406,7726,0.019278968
407,9364,0.062338326
408,111757,0.044904254
409,9181,0.0008269905
410,87618,0.014658427
411,76250,0.022842461
412,36068,0.33401656
413,46893,0.07216779
414,114571,0.02426175
415,38291,0.0057427078
416,67623,0.03961124
417,101068,0.2836866
418,85744,0.010126625
419,53069,0.34026608
420,80582,0.012002181
421,50799,0.53810483
422,112728,0.48679414
423,102871,0.004518336
424,20702,0.005955615
425,50019,0.70096636
426,114385,0.6280348
427,88270,0.0072606807
428,87238,0.32971218
429,80143,0.00134231
430,71196,0.15818791
431,57365,0.00797546
432,95054,0.7130009
433,74508,0.088731185
434,61161,0.008786702
435,26538,0.074970506
436,56029,0.6405128
437,31570,0.030882683
438,106217,0.0015718223
439,12642,0.14313461
440,112036,0.64646333
441,34514,0.53810483
442,93450,0.008138912
443,38545,0.8396209
444,107432,0.036836438
445,3722,0.0022936098
446,57759,0.30021656
447,82794,0.0067290002
448,64296,0.005774845
449,7803,0.011539402
450,45852,0.6803675
451,19727,0.008901135
452,101122,0.068748206
453,59991,0.8936748
454,15276,0.0013968133
455,21190,0.0035584266
456,57751,0.004441212
457,48048,0.74005514
458,14201,0.0023483033
459,104452,0.6280348
460,61560,0.01099337
461,13655,0.14979403
462,111774,0.0698853
463,29079,0.9013932
464,32527,0.33401656
465,112644,0.0025486278
466,89335,0.016564453
467,106410,0.28550902
468,88697,0.69782156
469,68809,0.022694552
470,19408,0.040946726
471,278,0.019702153
472,111383,0.012801741
473,67563,0.03439601
474,112976,0.108409755
475,102347,0.009286894
476,4923,0.020802634
477,92434,0.06230068
478,49135,0.0016265064
479,24611,0.029510276
480,104534,0.014014389
481,67830,0.43110844
482,112269,0.031913612
483,72199,0.012002181
484,93470,0.006632031
485,92290,0.6405128
486,62790,0.09072048
487,29962,0.55566055
488,43340,0.72584873
489,95912,0.0023584296
490,2054,0.7298509
491,105031,0.44110775
492,82647,0.060762964
493,4104,0.025101572
494,32165,0.056951948
495,3485,0.95635545
496,53150,0.0065125637
497,55810,0.006394756
498,96529,0.008425987
499,61429,0.016066954
500,82759,0.004513718
501,98261,0.0057658805
502,73851,0.006436934
503,96701,0.0039326027
504,108510,0.00075238466
505,4513,0.02267685
506,7989,0.0040643257
507,52209,0.038121182
508,51706,0.28651854
509,75132,0.024354452
510,88174,0.015073597
511,70443,0.45156
512,79727,0.011099343
513,75815,0.0149367405
514,109976,0.022487141
515,40198,0.9831718
516,56110,0.78680277
517,105614,0.016635763
518,51330,0.023155363
519,89294,0.15818791
520,29257,0.007258179
521,100033,0.36090043
522,67397,0.0055068396
523,105967,0.04631971
524,38882,0.029409917
525,63066,0.013729459
526,99436,0.74846315
527,75724,0.0813561
528,79512,0.0048022447
529,22706,0.0014489292
530,2749,0.010325653
531,31627,0.03099253
532,40317,0.0041032173
533,47068,0.45156
534,112718,0.009053959
535,48713,0.0016129054
536,39577,0.535909
537,65495,0.013294325
538,14485,0.0017499211
539,56594,0.012930019
540,62322,0.74877614
541,69218,0.55969477
542,50698,0.006995857
543,105068,0.03961124
544,64397,0.05683689
545,92772,0.57717556
546,74760,0.0027774163
547,58341,0.008044066
548,92893,0.87290287
549,50706,0.34026608
550,3254,0.0630845
551,87809,0.74877614
552,105595,0.008077423
553,108347,0.28550902
554,11053,0.008968482
555,50097,0.00071399944
556,86132,0.020405432
557,36263,0.011676242
558,95855,0.0032926274
559,83201,0.0016723784
560,18947,0.051680744
561,15456,0.5505905
562,102205,0.033333935
563,37779,0.0055325874
564,46785,0.011294323
565,76488,0.0012384717
566,102027,0.27749422
567,8838,0.00088303705
568,55321,0.0031122733
569,32597,0.32093638
570,11647,0.0061873607
571,15613,0.90747184
572,80527,0.53810483
573,23335,0.56254977
574,77863,0.53910613
575,19824,0.010560339
576,38893,0.009914719
577,34168,0.55566055
578,44081,0.026034497
579,59661,0.30835676
580,10466,0.0061873607
581,96815,0.0011013021
582,44377,0.55566055
583,100864,0.5011023
584,94430,0.55566055
585,87742,0.0028512813
586,65674,0.009223896
587,104512,0.41344064
588,24492,0.060596347
589,49739,0.009914719
590,80417,0.15818791
591,99334,0.65579885
592,112122,0.022487141
593,101283,0.012002181
594,21677,0.035288915
595,95083,0.088731185
596,106571,0.0043525947
597,90303,0.79601824
598,9299,0.006070067
599,6426,0.0069522606
600,94693,0.0039137322
601,63857,0.0030948236
602,88880,0.5424639
603,1883,0.0025520253
604,84356,0.15818791
605,61747,0.7878235
606,41443,0.35608795
607,12360,0.0063334727
608,78005,0.0037354378
609,94849,0.009464335
610,22284,0.07216779
611,29215,0.058077905
612,82606,0.56254977
613,104103,0.088731185
614,36447,0.53910613
615,41050,0.0011041005
616,9949,0.0012220634
617,45600,0.008011415
618,73479,0.0030792684
619,46979,0.53810483
620,41784,0.008272674
621,90034,0.45784926
622,19768,0.0059807664
623,20081,0.86761963
624,63156,0.013133583
625,50526,0.04106975
626,33958,0.010032426
627,14261,0.0030077642
628,35991,0.018655853
629,51997,0.85027885
630,79806,0.003967262
631,95620,0.14733292
632,34320,0.94272834
633,21679,0.06723198
634,103104,0.7944973
635,68491,0.5574465
636,79707,0.7944973
637,83363,0.0018574568
638,45483,0.021939708
639,31264,0.03099253
640,37724,0.15442519
641,93250,0.43110844
642,103271,0.088731185
643,64938,0.009464335
644,533,0.0043314546
645,67037,0.0032679527
646,93473,0.82282555
647,31665,0.8914037
648,102196,0.003420309
649,45224,0.43110844
650,83765,0.014047008
651,101763,0.012002181
652,42042,0.013172917
653,67828,0.32020083
654,59157,0.5199695
655,99616,0.45784926
656,375,0.019467568
657,69416,0.05044148
658,63999,0.0027706402
659,78883,0.36701018
660,31772,0.00192343
661,67449,0.34350005
662,48837,0.55566055
663,37881,0.8914037
664,105357,0.012175647
665,57189,0.60496414
666,98878,0.35608795
667,98940,0.8048408
668,15375,0.0017686749
669,99199,0.12841001
670,57281,0.004875922
671,109732,0.013939355
672,13354,0.0030077642
673,72902,0.012002181
674,113479,0.007560682
675,58274,0.89157546
676,104509,0.36090043
677,44498,0.07216779
678,39696,0.5564428
679,21928,0.0016130267
680,47299,0.07216779
681,112470,0.77919436
682,84809,0.014701023
683,34971,0.35608795
684,9567,0.0038968078
685,58474,0.008381444
686,34696,0.09965071
687,33177,0.0025777353
688,30371,0.04315304
689,111751,0.04631971
690,58321,0.0059741763
691,14148,0.03341838
692,15809,0.09965071
693,65457,0.008425987
694,111372,0.77919436
695,36594,0.051835634
696,102912,0.15818791
697,52753,0.026540514
698,65752,0.0029380356
699,115710,0.28550902
700,23591,0.03099253
701,17983,0.00082599116
702,45798,0.0038353244
703,106725,0.01774082
704,66451,0.8588793
705,107430,0.41344064
706,4661,0.63043845
707,10387,0.05713098
708,78369,0.0028512813
709,16948,0.00821205
710,17737,0.011403487
711,21807,0.003624495
712,111914,0.0053627514
713,106711,0.01126131
714,54179,0.0043165195
715,2255,0.0021743753
716,102888,0.53810483
717,70070,0.01704384
718,13371,0.14700297
719,15328,0.04471694
720,5326,0.11621293
721,98753,0.025768626
722,15979,0.0027335407
723,69201,0.05531505
724,68233,0.27749422
725,43903,0.03099253
726,61446,0.4507486
727,107870,0.0022398022
728,64151,0.000998958
729,39190,0.25401485
730,60485,0.74877614
731,61360,0.15818791
732,92658,0.013729459
733,90645,0.44101527
734,84042,0.0028024404
735,99935,0.7130009
736,29513,0.6280348
737,34249,0.0052598515
738,10336,0.011151619
739,16350,0.0006503791
740,56866,0.06381749
741,37369,0.004675505
742,16662,0.0026431684
743,1938,0.0010804094
744,12555,0.8396209
745,99851,0.010128618
746,90916,0.55050915
747,75043,0.2836866
748,65278,0.008425987
749,42076,0.030330224
750,91286,0.005550309
751,76276,0.008652129
752,73158,0.8396209
753,92448,0.011856679
754,74964,0.0013639156
755,55257,0.003058045
756,108498,0.87290287
757,9208,0.027031438
758,56508,0.060762964
759,72341,0.27749422
760,65967,0.01117166
761,31113,0.012023981
762,93318,0.0013249638
763,22480,0.04578619
764,75752,0.0092995865
765,16697,0.56254977
766,26579,0.011815024
767,6534,0.7994104
768,56725,0.0602134
769,72510,0.019519826
770,22674,0.0018885182
771,57898,0.0035871526
772,90026,0.012793837
773,88601,0.009504566
774,8652,0.7364239
775,7408,0.05070953
776,34244,0.013969766
777,89968,0.04711585
778,100214,0.025163257
779,2891,0.0054904046
780,12559,0.0009964729
781,49025,0.00091765885
782,33870,0.013969766
783,69606,0.27749422
784,57042,0.25401485
785,114064,0.6280348
786,728,0.77394706
787,71654,0.0016989608
788,47027,0.026034497
789,41250,0.0018741962
790,1630,0.02421523
791,55361,0.55566055
792,63639,0.073879324
793,115273,0.0035739
794,43430,0.4176834
795,111233,0.0022280293
796,93160,0.740201
797,27887,0.6803675
798,21843,0.07216779
799,79166,0.060251214
800,98456,0.009443995
801,19852,0.0028246925
802,16831,0.0040062116
803,103336,0.77919436
804,100769,0.0014253856
805,46063,0.07216779
806,34534,0.13413408
807,115948,0.0054205437
808,87782,0.6405128
809,87652,0.013729459
810,26365,0.38217098
811,100684,0.015393125
812,14358,0.005835065
813,18797,0.024374317
814,76235,0.35608795
815,18255,0.16695905
816,34981,0.0042371666
817,885,0.007231333
818,39133,0.014881416
819,22504,0.004601814
820,57135,0.8452152
821,96741,0.44101527
822,35895,0.26857966
823,15442,0.16872357
824,28839,0.007258179
825,90862,0.003961474
826,57101,0.008381444
827,20459,0.0077048573
828,106982,0.7534244
829,89803,0.013729459
830,75674,0.0035677722
831,103938,0.10423667
832,26549,0.05849908
833,51210,0.0602134
834,22082,0.008133545
835,99316,0.45784926
836,37683,0.009648686
837,102322,0.57231045
838,12356,0.15009774
839,2765,0.0630845
840,74343,0.005903108
841,113233,0.013615372
842,66575,0.005776184
843,85051,0.27749422
844,64211,0.22781447
845,106908,0.28550902
846,91261,0.005269691
847,63342,0.0015441851
848,10069,0.07247095
849,73421,0.0043672123
850,69688,0.8055054
851,1916,0.004436654
852,60627,0.009464335
853,65061,0.0020948697
854,98762,0.0049389508
855,110721,0.4507486
856,71075,0.8048408
857,36583,0.0026062797
858,37828,0.0013985077
859,31886,0.060596347
860,50401,0.70096636
861,95231,0.7130009
862,72370,0.0032343671
863,81888,0.74494725
864,91872,0.15818791
865,69257,0.74877614
866,85541,0.32012954
867,110988,0.014701023
868,29389,0.10667606
869,73105,0.015073597
870,60871,0.0149367405
871,85124,0.0048946314
872,66055,0.0029380356
873,79308,0.42961618
874,69138,0.76863915
875,43470,0.6803675
876,22682,0.0016540918
877,71908,0.68550783
878,112624,0.77919436
879,86645,0.0027485983
880,79794,0.0021925746
881,93410,0.11149405
882,18488,0.033737633
883,87727,0.007863356
884,24604,0.001511466
885,858,0.0031668972
886,40474,0.05362656
887,102567,0.0032348193
888,26475,0.01562812
889,39434,0.061350092
890,4280,0.27979872
891,4363,0.72396594
892,75693,0.012002181
893,37366,0.013836444
894,45766,0.027091615
895,95063,0.7097762
896,53878,0.088731185
897,5385,0.049947165
898,13919,0.0027739054
899,8778,0.00659286
900,43603,0.6803675
901,36953,0.4679668
902,114804,0.55365103
903,7047,0.015269313
904,113578,0.007226196
905,61299,0.03099253
906,69762,0.012317941
907,34228,0.015104119
908,97227,0.18860647
909,75009,0.1361123
910,32689,0.69804543
911,114483,0.72160727
912,9028,0.002564191
913,72784,0.69804543
914,43102,0.0017844772
915,17174,0.0040615243
916,108850,0.08858467
917,93274,0.2127112
918,111350,0.012002181
919,101529,0.04631971
920,36379,0.0064114504
921,33392,0.55566055
922,114841,0.056546714
923,78860,0.0076079606
924,111563,0.025977654
925,54796,0.013414137
926,64079,0.0039326027
927,6668,0.012134394
928,22115,0.002712015
929,11711,0.020802634
930,107304,0.0059537636
931,30788,0.08314668
932,100674,0.01987332
933,57164,0.112993374
934,91601,0.0020895714
935,93919,0.042538892
936,53392,0.21549764
937,110586,0.46357763
938,7210,0.041290887
939,5815,0.00374704
940,19593,0.2648518
941,64384,0.019717583
942,110494,0.020075282
943,55333,0.81023467
944,103234,0.8604938
945,88602,0.55050915
946,58152,0.014701023
947,35486,0.00091765885
948,106966,0.07793639
949,28743,0.11806108
950,92010,0.017578473
951,68967,0.006429458
952,114683,0.0077401586
953,55680,0.21549764
954,111861,0.014014389
955,110932,0.056591116
956,354,0.70096636
957,39998,0.0084313555
958,19200,0.45156
959,76143,0.007304721
960,1617,0.102178
961,45206,0.0024386726
962,74375,0.32012954
963,28730,0.8474278
964,51172,0.7925452
965,113597,0.0038788274
966,40816,0.5746138
967,108785,0.76776457
968,92298,0.0043672123
969,6549,0.0014762038
970,91511,0.004629942
971,93581,0.0015279694
972,9051,0.05070953
973,62544,0.6405128
974,64378,0.019603891
975,48466,0.0023818836
976,84038,0.78680277
977,39096,0.004628167
978,111852,0.09814842
979,12418,0.18238829
980,96796,0.00062730437
981,40636,0.0073897145
982,48293,0.74877614
983,4943,0.9724762
984,94920,0.0022549832
985,54345,0.010511033
986,109443,0.027032958
987,23715,0.020802634
988,37474,0.58656245
989,104222,0.105119556
990,64986,0.0032679527
991,115836,0.09678296
992,52932,0.0049807834
993,99150,0.09289784
994,51139,0.55566055
995,26034,0.03099253
996,25497,0.051835634
997,53976,0.0070988345
998,85045,0.018524146
999,63763,0.5755221
1000,73927,0.62524277
1001,78763,0.0065338057
1002,40524,0.47831565
1003,60080,0.011207468
1004,38018,0.0020691345
1005,37104,0.0020976658
1006,66782,0.0048714913
1007,95262,0.0062729632
1008,62423,0.014849901
1009,99900,0.8230435
1010,66071,0.005774845
1011,68684,0.0054581924
1012,63647,0.009464335
1013,102818,0.0063289674
1014,77240,0.006974203
1015,12171,0.036068562
1016,11744,0.00876299
1017,65812,0.0065740487
1018,79056,0.013596147
1019,66526,0.008955162
1020,113751,0.00487384
1021,56106,0.022721378
1022,39448,0.0138863595
1023,4372,0.020802634
1024,78001,0.0602134
1025,32123,0.0042631812
1026,73152,0.12072263
1027,34136,0.8396209
1028,61539,0.008425987
1029,36696,0.5199695
1030,45526,0.07216779
1031,56,0.45357627
1032,20686,0.001684864
1033,21765,0.0020691345
1034,99170,0.5561449
1035,64623,0.009464335
1036,109437,0.72174394
1037,79064,0.82282555
1038,100984,0.002440246
1039,28997,0.03099253
1040,101693,0.04631971
1041,104025,0.15794931
1042,17388,0.2546263
1043,100747,0.5448597
1044,110907,0.00318958
1045,80508,0.71711034
1046,14628,0.0066201007
1047,44227,0.005169271
1048,16513,0.024374317
1049,51743,0.00071399944
1050,64927,0.010645317
1051,102125,0.0063888356
1052,98729,0.018948913
1053,32824,0.0015665279
1054,67448,0.2530429
1055,41982,0.0016762272
1056,104531,0.013228485
1057,84893,0.0050936188
1058,27235,0.0032828674
1059,63674,0.010260701
1060,101362,0.008000939
1061,72224,0.4507486
1062,89172,0.74877614
1063,64679,0.00672952
1064,106421,0.28550902
1065,38230,0.0055210874
1066,99629,0.11755836
1067,90571,0.008123929
1068,92202,0.6221493
1069,98812,0.015073597
1070,2886,0.015442507
1071,4475,0.0030238288
1072,72438,0.27749422
1073,46830,0.18866682
1074,11309,0.0061873607
1075,60096,0.013729459
1076,76773,0.0066555766
1077,47830,0.02001361
1078,107459,0.7130009
1079,111236,0.0019256722
1080,102154,0.70096636
1081,65859,0.0017895015
1082,20280,0.011676242
1083,93545,0.74877614
1084,113800,0.009081299
1085,40355,0.0021600546
1086,78950,0.5424639
1087,79619,0.72105354
1088,47530,0.026034497
1089,81065,0.33291626
1090,94171,0.5336217
1091,31247,0.03099253
1092,55209,0.003166724
1093,19954,0.09803763
1094,19819,0.015755283
1095,87990,0.15027678
1096,30269,0.6280348
1097,41171,0.0025917706
1098,71168,0.76863915
1099,9658,0.023365138
1100,40734,0.00086767384
1101,32263,0.7441965
1102,1616,0.06317058
1103,42637,0.78245246
1104,74937,0.5619106
1105,27883,0.017609784
1106,55033,0.33401656
1107,85715,0.28651854
1108,85586,0.05849908
1109,60693,0.5564428
1110,22213,0.035396148
1111,11864,0.72396594
1112,53100,0.55566055
1113,73228,0.03961124
1114,1925,0.0630845
1115,21479,0.008272674
1116,22312,0.007258179
1117,4507,0.2685778
1118,43922,0.0022865096
1119,95504,0.019717583
1120,42621,0.007258179
1121,72500,0.5199695
1122,107281,0.008977496
1123,28987,0.006046115
1124,101461,0.0025486278
1125,113804,0.025049005
1126,7724,0.09586386
1127,47947,0.5199695
1128,76811,0.0043576895
1129,45423,0.020957816
1130,45359,0.008104812
1131,28778,0.027762443
1132,60952,0.036068562
1133,101849,0.35608795
1134,16514,0.033737633
1135,98234,0.015656173
1136,71740,0.25910714
1137,59947,0.13166432
1138,27786,0.5251251
1139,13035,0.80478853
1140,114671,0.06108324
1141,9837,0.007670643
1142,28881,0.9314414
1143,58143,0.28651854
1144,34,0.004691589
1145,107355,0.5011023
1146,31607,0.00192343
1147,57851,0.011207468
1148,15377,0.55327874
1149,114384,0.41986302
1150,49200,0.63145876
1151,54311,0.010963093
1152,43165,0.07216779
1153,108889,0.00274921
1154,3483,0.61648524
1155,81811,0.00053717423
1156,83437,0.00770996
1157,85147,0.74494725
1158,44221,0.0027460272
1159,17742,0.0061310767
1160,95774,0.45156
1161,105010,0.28550902
1162,61835,0.03099253
1163,64746,0.02822482
1164,100840,0.6469486
1165,9885,0.04148573
1166,6167,0.72396594
1167,57636,0.0074325367
1168,28662,0.007013881
1169,40488,0.02750422
1170,74414,0.0028024404
1171,4376,0.0066486513
1172,15554,0.0023483033
1173,73550,0.53810483
1174,69666,0.0012661996
1175,115701,0.023423832
1176,59627,0.019717583
1177,106212,0.009081299
1178,32771,0.00071399944
1179,69075,0.665897
1180,59036,0.0052598515
1181,29176,0.55566055
1182,113306,0.020928299
1183,107175,0.5561449
1184,101901,0.34442058
1185,59467,0.53810483
1186,38473,0.07216779
1187,10377,0.002541684
1188,106110,0.28550902
1189,41331,0.026034497
1190,87936,0.0023932334
1191,60400,0.014701023
1192,78124,0.051835634
1193,33217,0.53810483
1194,12427,0.007599376
1195,70075,0.031443726
1196,63249,0.033737633
1197,108599,0.0042121466
1198,75415,0.037771273
1199,101168,0.019717583
1200,32392,0.18459778
1201,19637,0.0038481476
1202,102708,0.0013264586
1203,114611,0.002967993
1204,85287,0.015073597
1205,45764,0.087170504
1206,181,0.11984772
1207,78327,0.08188551
1208,80244,0.7957864
1209,78021,0.53810483
1210,32878,0.18400376
1211,20175,0.11243939
1212,48863,0.45156
1213,111485,0.20928882
1214,108217,0.004291899
1215,107648,0.6280348
1216,97857,0.2530429
1217,11504,0.21079108
1218,90089,0.81452924
1219,39604,0.07216779
1220,84807,0.71711034
1221,106625,0.72432643
1222,6456,0.008189513
1223,22968,0.0010501321
1224,92475,0.0037565234
1225,93927,0.1225767
1226,27566,0.35608795
1227,78996,0.008456848
1228,32560,0.03099253
1229,49832,0.01858439
1230,62046,0.0004948732
1231,109154,0.5011023
1232,86551,0.009821194
1233,16617,0.74494725
1234,21015,0.008242936
1235,89597,0.34750447
1236,11084,0.00659286
1237,40579,0.016368633
1238,74513,0.0065870252
1239,17247,0.0035713557
1240,32201,0.53810483
1241,6719,0.0055993847
1242,7939,0.4087485
1243,55465,0.20779482
1244,98033,0.006816271
1245,71987,0.029343786
1246,59034,0.009914719
1247,54016,0.55566055
1248,40253,0.026661705
1249,61684,0.088731185
1250,38881,0.048029937
1251,99388,0.04631971
1252,74963,0.022337878
1253,114861,0.001868576
1254,32967,0.0014130957
1255,51427,0.008999865
1256,40277,0.056531325
1257,71827,0.35608795
1258,90220,0.005003775
1259,8951,0.0037745868
1260,60385,0.6405128
1261,62776,0.035288915
1262,53996,0.15794931
1263,32446,0.0054038134
1264,31365,0.051835634
1265,2476,0.5483037
1266,66190,0.01117166
1267,65475,0.002913235
1268,284,0.13030438
1269,103193,0.00674705
1270,96326,0.07416899
1271,35520,0.00984147
1272,60476,0.013729459
1273,104790,0.5011023
1274,38251,0.005307649
1275,7164,0.00076226564
1276,112414,0.77919436
1277,25207,0.09165703
1278,102156,0.32012954
1279,57237,0.535909
1280,59244,0.4510593
1281,53411,0.010439095
1282,18093,0.0006426628
1283,16971,0.8048408
1284,46013,0.000581956
1285,40727,0.02750422
1286,29424,0.70096636
1287,36140,0.0021392258
1288,66114,0.0016417727
1289,114970,0.005969138
1290,89907,0.011913973
1291,58803,0.046755742
1292,110153,0.054782096
1293,105739,0.0053950534
1294,95655,0.7944973
1295,8167,0.0059768273
1296,92330,0.088731185
1297,111895,0.72432643
1298,92323,0.44110775
1299,6045,0.2876684
1300,78568,0.55566055
1301,75350,0.69804543
1302,24386,0.029510276
1303,42967,0.0040594377
1304,94790,0.57717556
1305,3391,0.002566946
1306,96097,0.5011023
1307,48473,0.01665654
1308,3832,0.5889251
1309,97505,0.056591116
1310,26460,0.01858439
1311,65091,0.0065740487
1312,69346,0.0047856807
1313,97281,0.8824114
1314,72344,0.2836866
1315,9382,0.0024978265
1316,65977,0.0034229755
1317,26854,0.0012892307
1318,10622,0.0323855
1319,23393,0.0027078087
1320,6607,0.011539402
1321,22903,0.0005345601
1322,96644,0.2530429
1323,35836,0.00091765885
1324,98743,0.5011023
1325,91116,0.008381444
1326,94529,0.74846315
1327,114616,0.006056483
1328,98303,0.0064873165
1329,72496,0.0019324246
1330,18843,0.008804977
1331,43354,0.00091765885
1332,90002,0.00797546
1333,58219,0.012002181
1334,74614,0.1361123
1335,15354,0.012338204
1336,103943,0.56768835
1337,88119,0.018072288
1338,52250,0.90226215
1339,33355,0.7989505
1340,42025,0.0065641184
1341,92576,0.53241813
1342,31699,0.53810483
1343,57444,0.0017021399
1344,37040,0.5564428
1345,85224,0.44101527
1346,12778,0.007920339
1347,72732,0.006974203
1348,32704,0.049856868
1349,41160,0.03099253
1350,83491,0.008487233
1351,100278,0.5011023
1352,82218,0.03712462
1353,109638,0.5072126
1354,38079,0.026034497
1355,94249,0.74877614
1356,49308,0.0008271332
1357,70011,0.0015169379
1358,30364,0.007128354
1359,12784,0.004391086
1360,65998,0.021834968
1361,58695,0.030200059
1362,40463,0.5746138
1363,12606,0.0007445017
1364,56419,0.018421533
1365,12869,0.002758795
1366,1087,0.0038968078
1367,104251,0.35608795
1368,26286,0.3860109
1369,113612,0.8313067
1370,101828,0.0025383702
1371,28409,0.013503331
1372,99684,0.061000414
1373,77835,0.019083649
1374,49570,0.016564453
1375,98088,0.00975709
1376,65384,0.0032030696
1377,59876,0.28655696
1378,58832,0.011676242
1379,108940,0.76051444
1380,1066,0.2791499
1381,121,0.0011297873
1382,97401,0.7174389
1383,88148,0.028765226
1384,39420,0.00134231
1385,30010,0.55566055
1386,100467,0.09057939
1387,13659,0.041528445
1388,33096,0.25401485
1389,113716,0.083270535
1390,59006,0.47417194
1391,18719,0.011544533
1392,96988,0.009821194
1393,24228,0.33346093
1394,101059,0.0022818455
1395,53500,0.55566055
1396,107285,0.0053627514
1397,39675,0.0008271332
1398,17491,0.033737633
1399,68433,0.2530429
1400,65906,0.008425987
1401,84677,0.0014928338
1402,72191,0.005269691
1403,85111,0.38791832
1404,39501,0.0020691345
1405,56841,0.36701018
1406,22280,0.06769635
1407,4566,0.72396594
1408,58637,0.45818773
1409,34847,0.01099337
1410,35298,0.72584873
1411,33590,0.026183767
1412,48731,0.0022826956
1413,77005,0.372094
1414,17692,0.74494725
1415,66240,0.018295318
1416,101117,0.0024126617
1417,98959,0.012469948
1418,10225,0.0030512868
1419,106890,0.013924412
1420,71355,0.2836866
1421,22768,0.0033275
1422,79593,0.0027739054
1423,109335,0.0043525947
1424,115302,0.009577064
1425,80722,0.09106714
1426,39029,0.042958364
1427,40672,0.0062930593
1428,60254,0.003104327
1429,71424,0.012002181
1430,89849,0.01606213
1431,80933,0.26296425
1432,58150,0.21208319
1433,20808,0.032343682
1434,68166,0.0034539832
1435,75995,0.002149114
1436,114856,0.55566055
1437,86892,0.27749422
1438,10028,0.0022161861
1439,3137,0.055490583
1440,47892,0.014701023
1441,76113,0.0062692286
1442,112597,0.0061924737
1443,44291,0.0008271332
1444,34448,0.8048408
1445,75208,0.006436934
1446,8590,0.002625752
1447,78234,0.004237201
1448,32396,0.25401485
1449,8156,0.016219283
1450,43528,0.0031122733
1451,19802,0.001299214
1452,3057,0.07446474
1453,56703,0.55566055
1454,8569,0.0055993847
1455,55656,0.0028109404
1456,40236,0.07824724
1457,59297,0.0043525947
1458,13578,0.00826125
1459,56020,0.2822489
1460,11127,0.0016941185
1461,86320,0.0017500435
1462,17966,0.0040757065
1463,51337,0.014994253
1464,4313,0.01342264
1465,45021,0.029409917
1466,83472,0.022337878
1467,40048,0.015391074
1468,97214,0.008029135
1469,7243,0.030895235
1470,51745,0.42777395
1471,101904,0.008029135
1472,56297,0.74877614
1473,115947,0.004475976
1474,46011,0.00046428497
1475,20786,0.0044057923
1476,112547,0.77919436
1477,52872,0.07221661
1478,19187,0.008272674
1479,74605,0.84888566
1480,33960,0.01858439
1481,40566,0.41072002
1482,59117,0.55566055
1483,102697,0.0018908684
1484,83607,0.007619447
1485,106644,0.0122618405
1486,66001,0.0005634581
1487,28655,0.0070906617
1488,61723,0.011007517
1489,14741,0.0015783055
1490,88008,0.57717556
1491,31747,0.0023157452
1492,10436,0.26356134
1493,7713,0.060271654
1494,74178,0.0037059712
1495,27381,0.0012627309
1496,108552,0.056546714
1497,103653,0.28550902
1498,39144,0.004628167
1499,22773,0.0018741962
1500,98322,0.010732631
1501,90041,0.72105354
1502,93887,0.44110775
1503,2202,0.0023859208
1504,15219,0.012338204
1505,83899,0.012376759
1506,5286,0.008968482
1507,58351,0.56254977
1508,39048,0.0027971752
1509,48696,0.00548509
1510,13551,0.42777395
1511,112522,0.078583784
1512,35156,0.007814287
1513,37757,0.011077498
1514,82016,0.0049660774
1515,101816,0.0038716542
1516,1792,0.005583411
1517,38658,0.00091765885
1518,21607,0.055210017
1519,11888,0.029571682
1520,6071,0.011539402
1521,35184,0.35608795
1522,99532,0.036560033
1523,4516,0.021069754
1524,6642,0.0029630908
1525,70177,0.74603975
1526,14696,0.13743125
1527,44332,0.0017995859
1528,107112,0.008977496
1529,75930,0.007304721
1530,48545,0.011676242
1531,31819,0.00602379
1532,86502,0.01210242
1533,14908,0.0022307276
1534,10325,0.0014600813
1535,59655,0.20928882
1536,42023,0.0015840342
1537,32604,0.17568605
1538,112319,0.021623164
1539,109855,0.004629942
1540,98150,0.00224323
1541,22546,0.0111700855
1542,13856,0.5199695
1543,33693,0.040528487
1544,34576,0.014154177
1545,52813,0.2530429
1546,33012,0.6280348
1547,113354,0.088731185
1548,22836,0.021682236
1549,5207,0.062338326
1550,65748,0.01117166
1551,74478,0.006953979
1552,66337,0.0061382493
1553,75300,0.004558597
1554,41751,0.010909436
1555,96248,0.74877614
1556,3884,0.030582005
1557,70218,0.70096636
1558,85675,0.56254977
1559,32676,0.005431748
1560,2794,0.001210728
1561,90622,0.0066555766
1562,109306,0.8073558
1563,105296,0.012432675
1564,52648,0.9314414
1565,71675,0.43110844
1566,113497,0.36090043
1567,8609,0.040646106
1568,75044,0.008508391
1569,13204,0.0055074063
1570,94399,0.00797546
1571,56692,0.029510276
1572,4792,0.18191797
1573,69771,0.019169308
1574,31656,0.06616506
1575,21348,0.02001361
1576,32642,0.0033856477
1577,12222,0.0039322907
1578,18462,0.008456848
1579,29050,0.0052598515
1580,45895,0.07216779
1581,90338,0.74877614
1582,88369,0.088731185
1583,94707,0.0070711197
1584,44256,0.07216779
1585,12767,0.010842617
1586,56439,0.78680277
1587,26262,0.014154177
1588,56607,0.7957864
1589,5056,0.008214463
1590,82953,0.007226196
1591,34347,0.38921523
1592,52605,0.34026608
1593,6278,0.011539402
1594,35241,0.30478638
1595,33491,0.011802132
1596,7112,0.015510097
1597,63497,0.026081407
1598,108973,0.004727539
1599,69734,0.45156
1600,56574,0.0066840313
1601,112694,0.0051636584
1602,93525,0.0008576894
1603,56150,0.036068562
1604,113125,0.77919436
1605,14821,0.0066897958
1606,38923,0.006299172
1607,10890,0.0047771786
1608,84019,0.35608795
1609,91238,0.34442058
1610,527,0.009087755
1611,66535,0.01117166
1612,41987,0.25401485
1613,32323,0.38217098
1614,74485,0.03712462
1615,72705,0.53810483
1616,14688,0.60496414
1617,107206,0.004710098
1618,103148,0.036836438
1619,62411,0.055967174
1620,32140,0.0018895629
1621,98279,0.0049954043
1622,69204,0.3205732
1623,98340,0.006478453
1624,93528,0.8141845
1625,39847,0.011016657
1626,79321,0.039470937
1627,33714,0.33401656
1628,8185,0.03273383
1629,33287,0.00091765885
1630,71824,0.016888417
1631,110247,0.00852916
1632,12700,0.0059365146
1633,70960,0.9141325
1634,39957,0.0034585437
1635,64404,0.02822482
1636,29548,0.01993515
1637,67866,0.088731185
1638,8942,0.04234138
1639,8793,0.45357627
1640,1984,0.42486593
1641,54083,0.0025888411
1642,12403,0.51799
1643,89358,0.74603975
1644,26051,0.058077905
1645,113947,0.006409783
1646,19534,0.0040178117
1647,8431,0.0025496013
1648,80430,0.088731185
1649,82380,0.094942816
1650,85256,0.012002181
1651,33280,0.8468055
1652,82210,0.022500813
1653,28072,0.011492445
1654,102469,0.21633714
1655,107699,0.948089
1656,57321,0.01099337
1657,22349,0.2648518
1658,60153,0.74877614
1659,5061,0.014075083
1660,23387,0.026034497
1661,5517,0.14956793
1662,65283,0.010457158
1663,16901,0.04653949
1664,87962,0.07349159
1665,9833,0.001326249
1666,14035,0.008561134
1667,84040,0.0077604842
1668,42855,0.052609406
1669,81674,0.4510593
1670,18309,0.0004921828
1671,29220,0.72160727
1672,7715,0.0071903113
1673,5539,0.12782732
1674,37552,0.00071399944
1675,52302,0.53810483
1676,68568,0.27749422
1677,38397,0.0036104273
1678,66331,0.012342499
1679,70190,0.006436934
1680,97451,0.7637548
1681,83103,0.011099343
1682,36755,0.07216779
1683,107500,0.77919436
1684,41703,0.010384128
1685,10429,0.0016759137
1686,104603,0.0017543122
1687,4449,0.4087485
1688,12725,0.00826125
1689,57834,0.013969766
1690,58780,0.0027774163
1691,2133,0.72160727
1692,114796,0.0013667569
1693,26855,0.0020691345
1694,21580,0.0082881255
1695,69987,0.665897
1696,27241,0.008011415
1697,32805,0.70096636
1698,12942,0.013222579
1699,94222,0.5011023
1700,53274,0.005583477
1701,58909,0.015073597
1702,91989,0.53241813
1703,78903,0.15818791
1704,63817,0.010260701
1705,87824,0.012002181
1706,66221,0.019956108
1707,7958,0.0072156885
1708,16800,0.12884553
1709,11136,0.0019436522
1710,79486,0.44110775
1711,21459,0.0032637615
1712,355,0.27065274
1713,63777,0.004751124
1714,38675,0.010210602
1715,91824,0.27749422
1716,70740,0.4507486
1717,2020,0.0036918882
1718,13667,0.011676242
1719,72653,0.18866682
1720,106911,0.020996185
1721,87485,0.8141845
1722,40724,0.03099253
1723,52991,0.036068562
1724,27590,0.0015422455
1725,16494,0.0006426628
1726,111847,0.0036840616
1727,76855,0.27749422
1728,85458,0.8396209
1729,115911,0.77919436
1730,54354,0.70096636
1731,36635,0.6803675
1732,43654,0.007318388
1733,45006,0.05849908
1734,43523,0.0035592553
1735,58853,0.6405128
1736,30509,0.008226825
1737,14466,0.0006886829
1738,107166,0.0041126157
1739,44103,0.6603064
1740,98741,0.0030393347
1741,102953,0.0031106877
1742,78272,0.8048408
1743,103495,0.00069312373
1744,35789,0.55566055
1745,96531,0.44110775
1746,113386,0.020928299
1747,69839,0.74494725
1748,101149,0.009464335
1749,35988,0.38921523
1750,99748,0.003503655
1751,64633,0.53578204
1752,86532,0.015436809
1753,64094,0.01952184
1754,114755,0.01796547
1755,7168,0.12782732
1756,90819,0.020262778
1757,45718,0.4507486
1758,20429,0.3860109
1759,34947,0.55566055
1760,14928,0.0010958283
1761,10891,0.021548409
1762,105920,0.036182433
1763,68527,0.0042354874
1764,95399,0.0043672123
1765,4292,0.9656592
1766,73850,0.05560121
1767,80860,0.9314414
1768,70131,0.0027706402
1769,15511,0.0034381922
1770,33010,0.55566055
1771,45403,0.026034497
1772,46449,0.41072002
1773,33663,0.6221493
1774,113527,0.0028964202
1775,13964,0.0061646467
1776,52993,0.5199695
1777,46923,0.008565697
1778,23507,0.013172917
1779,86992,0.012002181
1780,96366,0.008077423
1781,17387,0.008298549
1782,90873,0.42961618
1783,105686,0.014701023
1784,58073,0.036068562
1785,81778,0.012002181
1786,6472,0.018435312
1787,102875,0.44101527
1788,53876,0.2577309
1789,36387,0.053046837
1790,25810,0.45818773
1791,44996,0.0039808084
1792,80050,0.014033965
1793,560,0.7994104
1794,102463,0.28651854
1795,48204,0.5484025
1796,79421,0.0033812306
1797,25339,0.008273953
1798,54848,0.4507486
1799,23317,0.6506771
1800,74234,0.0014928338
1801,113327,0.87290287
1802,42063,0.0020139655
1803,88450,0.15818791
1804,75418,0.0040619583
1805,100510,0.32012954
1806,103342,0.018626861
1807,79440,0.0068213893
1808,112749,0.31089553
1809,70701,0.011424595
1810,82386,0.04478076
1811,28908,0.00548509
1812,11501,0.016228735
1813,36576,0.014749859
1814,38710,0.56254977
1815,104125,0.7944973
1816,62095,0.003016383
1817,53574,0.006046115
1818,90966,0.014701023
1819,71970,0.43110844
1820,24668,0.0008146919
1821,75564,0.0124788415
1822,5627,0.014565377
1823,81830,0.007276436
1824,53804,0.018403547
1825,18676,0.9799902
1826,107019,0.028221289
1827,24132,0.0012719799
1828,112275,0.839951
1829,107299,0.5011023
1830,68457,0.79416645
1831,16066,0.004791189
1832,70353,0.005660244
1833,16532,0.00071005564
1834,82071,0.55440986
1835,72110,0.005660244
1836,90378,0.9462083
1837,43970,0.03099253
1838,100267,0.07007005
1839,83474,0.0048946314
1840,69741,0.012002181
1841,21047,0.0020312655
1842,29173,0.00046302046
1843,23608,0.0878315
1844,13079,0.009053014
1845,98290,0.0040378915
1846,103442,0.01952907
1847,41176,0.0065429495
1848,38716,0.0072224718
1849,74958,0.0026823797
1850,96913,0.8432887
1851,99496,0.009081299
1852,29143,0.38217098
1853,57810,0.2530429
1854,46041,0.60496414
1855,14392,0.56254977
1856,71139,0.5484025
1857,72092,0.76863915
1858,31331,0.0006825832
1859,56763,0.43110844
1860,64044,0.10333219
1861,43101,0.011016657
1862,60420,0.017814565
1863,43678,0.004313531
1864,62924,0.003239281
1865,36371,0.56254977
1866,18949,0.005162385
1867,111922,0.088731185
1868,3596,0.011151619
1869,11714,0.062338326
1870,49380,0.0092995865
1871,112519,0.08855862
1872,72064,0.5564428
1873,29973,0.0075272024
1874,38252,0.97338665
1875,103931,0.0012435326
1876,45509,0.87119186
1877,48802,0.55566055
1878,16175,0.003620519
1879,83451,0.011879153
1880,53553,0.58656245
1881,51019,0.0020829262
1882,68472,0.06237769
1883,91793,0.48679414
1884,41660,0.35608795
1885,4368,0.45357627
1886,20448,0.2648518
1887,24473,0.027091615
1888,93090,0.002346441
1889,42878,0.22162698
1890,37313,0.0015074069
1891,98800,0.004181553
1892,53218,0.2577309
1893,4511,0.281191
1894,110041,0.03961124
1895,77048,0.55566055
1896,94858,0.00078571605
1897,24203,0.029409917
1898,71044,0.44101527
1899,80359,0.0020934779
1900,51850,0.009675122
1901,37119,0.0019643614
1902,32712,0.72160727
1903,53139,0.762075
1904,74775,0.003049171
1905,36828,0.45156
1906,69251,0.28651854
1907,110236,0.0049389508
1908,59680,0.018774593
1909,51903,0.53810483
1910,57658,0.0043165195
1911,25120,0.0027278
1912,26900,0.008154629
1913,87396,0.4304972
1914,19255,0.017931782
1915,42336,0.012058147
1916,38050,0.09965071
1917,1081,0.006657913
1918,46451,0.07216779
1919,113329,0.019154396
1920,50348,0.0298511
1921,50075,0.762075
1922,67370,0.15442525
1923,47568,0.13413408
1924,22477,0.0349734
1925,39525,0.001632134
1926,111884,0.04631971
1927,68605,0.088731185
1928,77109,0.004751124
1929,104009,0.0071264273
1930,63890,0.9280332
1931,36011,0.0015911616
1932,86858,0.04640792
1933,57494,0.013539279
1934,43799,0.0011041005
1935,19721,0.005746437
1936,84654,0.012002181
1937,70290,0.25401485
1938,107557,0.020996185
1939,85934,0.066196755
1940,2561,0.0630845
1941,80215,0.0009775003
1942,2374,0.0059215296
1943,13007,0.92601115
1944,59644,0.088731185
1945,27988,0.0052447394
1946,41193,0.0068321424
1947,42188,0.762075
1948,79473,0.05198704
1949,115486,0.0008144117
1950,16313,0.002758429
1951,86285,0.61112845
1952,80602,0.0038704756
1953,88642,0.015073597
1954,18454,0.018086128
1955,64272,0.024416592
1956,103269,0.6280348
1957,17261,0.0014072721
1958,81505,0.03137614
1959,110465,0.020502996
1960,24794,0.025186755
1961,16393,0.004251471
1962,13454,0.0061814613
1963,5730,0.82121855
1964,63782,0.005819623
1965,48940,0.8048408
1966,56551,0.76863915
1967,31188,0.7441965
1968,95600,0.01665654
1969,100178,0.65557665
1970,85187,0.005088332
1971,75273,0.012002181
1972,78051,0.003074205
1973,13439,0.0020977086
1974,8586,0.26356134
1975,56341,0.030200059
1976,18102,0.6009678
1977,50284,0.0065098526
1978,42809,0.70096636
1979,111555,0.44110775
1980,21996,0.001517799
1981,82115,0.15818791
1982,57363,0.78680277
1983,83009,0.003420309
1984,42252,0.0048216702
1985,97422,0.56768835
1986,6259,0.0012083575
1987,76777,0.008902982
1988,54386,0.005325096
1989,31880,0.007050957
1990,44853,0.027091615
1991,99025,0.049978647
1992,52071,0.33401656
1993,157,0.018725727
1994,60004,0.23819661
1995,45976,0.0022403651
1996,47080,0.014154177
1997,16757,0.006503453
1998,31179,0.55566055
1999,45745,0.007318388
2000,66155,0.9637978
2001,109292,0.04958626
2002,302,0.017667653
2003,96501,0.0020787863
2004,81103,0.03712462
2005,48345,0.14480574
2006,96653,0.74877614
2007,61494,0.7957864
2008,75222,0.15818791
2009,78280,0.013700311
2010,23672,0.005166854
2011,41067,0.005190444
2012,54155,0.55566055
2013,12892,0.036068562
2014,109945,0.5030404
2015,25108,0.026034497
2016,63053,0.74877614
2017,7659,0.022035038
2018,99917,0.027655147
2019,89490,0.2530429
2020,98975,0.13247879
2021,56850,0.013729459
2022,33198,0.25401485
2023,94326,0.04640792
2024,62604,0.0021024724
2025,44687,0.00091765885
2026,26247,0.63145876
2027,24596,0.006576126
2028,22471,0.005746437
2029,109546,0.44110775
2030,86555,0.008273953
2031,114176,0.6995444
2032,93601,0.43110844
2033,46224,0.00091765885
2034,24626,0.35608795
2035,54807,0.72160727
2036,11987,0.16557993
2037,49808,0.44015992
2038,89284,0.038305838
2039,72669,0.27749422
2040,72532,0.041828133
2041,62652,0.35608795
2042,57371,0.008019236
2043,71497,0.74877614
2044,85389,0.12018082
2045,23681,0.011151619
2046,115368,0.012002181
2047,86800,0.0027335407
2048,65479,0.004936067
2049,80989,0.0014639657
2050,71459,0.088731185
2051,1012,0.0033924198
2052,93177,0.56768835
2053,5660,0.7505345
2054,88966,0.15818791
2055,61819,0.03099253
2056,113078,0.7441965
2057,8250,0.0011772885
2058,50744,0.25401485
2059,65438,0.001580703
2060,77728,0.45156
2061,72949,0.43110844
2062,105733,0.35608795
2063,98874,0.74846315
2064,42888,0.26892516
2065,5058,0.0077867075
2066,46238,0.01606467
2067,76112,0.004773706
2068,79422,0.0952328
2069,58364,0.00068249216
2070,103132,0.72432643
2071,30453,0.55566055
2072,24839,0.0051335557
2073,106520,0.42195496
2074,17376,0.008981867
2075,103529,0.0039553153
2076,57527,0.36701018
2077,7789,0.7994104
2078,4470,0.012792699
2079,100541,0.57717556
2080,74073,0.051835634
2081,78194,0.0016265064
2082,95070,0.2946859
2083,31883,0.74494725
2084,73918,0.019603891
2085,88812,0.009464335
2086,88058,0.27749422
2087,79973,0.8396209
2088,15050,0.00087209203
2089,87898,0.5470555
2090,53266,0.13166432
2091,105488,0.010691729
2092,33053,0.0077090845
2093,62380,0.0138649
2094,103824,0.01694152
2095,69182,0.28655696
2096,69850,0.09178408
2097,19832,0.00091765885
2098,10170,0.09586386
2099,1867,0.4220973
2100,62655,0.016066954
2101,88004,0.76863915
2102,70672,0.0049390397
2103,59656,0.33401656
2104,4022,0.0029195398
2105,87877,0.74877614
2106,27386,0.0038389568
2107,8091,0.037215818
2108,1443,0.51799
2109,58006,0.013733508
2110,49371,0.00071399944
2111,76643,0.27749422
2112,49817,0.56254977
2113,108537,0.001686265
2114,64336,0.009464335
2115,31511,0.028808765
2116,11783,0.047849633
2117,6984,0.0056819776
2118,33397,0.002319004
2119,97416,0.56768835
2120,112949,0.012002181
2121,33271,0.009535437
2122,43688,0.013172917
2123,16905,0.0066201007
2124,73308,0.009683285
2125,34695,0.012947045
2126,11672,0.09147085
2127,30066,0.5564428
2128,20886,0.010384128
2129,57423,0.33401656
2130,66527,0.0039046488
2131,97271,0.87290287
2132,11563,0.08440829
2133,95709,0.15818791
2134,930,0.012589607
2135,80442,0.013172917
2136,30413,0.038121182
2137,18223,0.0023944757
2138,4234,0.0032411073
2139,58383,0.00679984
2140,66593,0.013598194
2141,22741,0.003427823
2142,112243,0.61112845
2143,111177,0.058590926
2144,33624,0.6280348
2145,103358,0.004727539
2146,48701,0.003398243
2147,81221,0.8396209
2148,1882,0.95635545
2149,95330,0.08042854
2150,36832,0.43110844
2151,48370,0.18905212
2152,16422,0.0040757065
2153,36970,0.2822489
2154,26670,0.029409917
2155,62453,0.033737633
2156,27696,0.020251123
2157,59190,0.2822489
2158,96994,0.009504566
2159,75150,0.10366286
2160,52818,0.00548509
2161,95540,0.57717556
2162,62769,0.0031317705
2163,9868,0.0025130648
2164,76152,0.70096636
2165,75112,0.007304721
2166,67588,0.89139336
2167,30815,0.0078108576
2168,42923,0.026034497
2169,71706,0.27749422
2170,8009,0.011188086
2171,36870,0.7925452
2172,98351,0.15818791
2173,38693,0.030330224
2174,81602,0.26296425
2175,16265,0.060939007
2176,38570,0.0071739745
2177,77756,0.5424639
2178,75096,0.008381444
2179,338,0.016228735
2180,108308,0.001596606
2181,112029,0.012002181
2182,52982,0.6221493
2183,34188,0.0036890497
2184,27565,0.0052447394
2185,110748,0.8313067
2186,1405,0.0349734
2187,2349,0.005620252
2188,82866,0.04638542
2189,18444,0.002508714
2190,63707,0.019956108
2191,97657,0.0009435383
2192,92621,0.088731185
2193,58380,0.0022936098
2194,58270,0.12018082
2195,84842,0.0012658607
2196,12365,0.0018786875
2197,11124,0.008652538
2198,29343,0.0014391567
2199,112106,0.014651479
2200,104130,0.0089939805
2201,58259,0.0029621725
2202,24219,0.89157546
2203,7689,0.011665798
2204,12530,0.019397164
2205,13532,0.047849633
2206,84528,0.27749422
2207,5803,0.3565283
2208,109419,0.0043525947
2209,109649,0.0016723784
2210,28634,0.04546882
2211,53288,0.55566055
2212,12263,0.51799
2213,86509,0.003453325
2214,23760,0.002213734
2215,99052,0.0013015666
2216,19147,0.0015042109
2217,95004,0.79802066
2218,97053,0.35608795
2219,40793,0.18783984
2220,53059,0.0099807475
2221,98564,0.009464335
2222,89700,0.72432643
2223,104846,0.014701023
2224,10623,0.011539402
2225,75728,0.004763394
2226,54508,0.094844714
2227,57346,0.0013574654
2228,29279,0.044345856
2229,15797,0.0022006521
2230,39118,0.048029937
2231,81518,0.0127535425
2232,65496,0.008425987
2233,20854,0.010384128
2234,89525,0.7960921
2235,102812,0.7097762
2236,89115,0.35608795
2237,13558,0.014454074
2238,30471,0.70096636
2239,19881,0.00071399944
2240,107607,0.41344064
2241,87400,0.56254977
2242,85549,0.15818791
2243,113757,0.0753909
2244,18115,0.5564428
2245,32618,0.0006632181
2246,35257,0.0031122733
2247,7222,0.021040527
2248,63868,0.020652324
2249,76847,0.031465802
2250,98309,0.010113121
2251,34796,0.4648879
2252,24285,0.03099253
2253,62115,0.033137128
2254,57267,0.0034718437
2255,68902,0.09362373
2256,29634,0.6280348
2257,9648,0.00876299
2258,30411,0.12841001
2259,14944,0.0034809785
2260,67951,0.086789586
2261,47045,0.009912641
2262,62458,0.013172917
2263,62789,0.09072048
2264,17085,0.8768206
2265,94494,0.014154177
2266,44828,0.020897582
2267,69556,0.0028064048
2268,80161,0.42961618
2269,30358,0.0070391092
2270,79804,0.0023932334
2271,33670,0.05849908
2272,90744,0.8943698
2273,114362,0.020928299
2274,98168,0.088731185
2275,7523,0.28351116
2276,37423,0.012930019
2277,108526,0.0064238007
2278,26729,0.03099253
2279,74565,0.15818791
2280,48846,0.74603975
2281,4425,0.0026591746
2282,34282,0.0036088957
2283,33891,0.7441965
2284,80110,0.6469486
2285,5980,0.022035038
2286,32195,0.2597418
2287,88598,0.74877614
2288,22443,0.0053066197
2289,81236,0.028771438
2290,86908,0.48679414
2291,108086,0.016144237
2292,81584,0.53810483
2293,50817,0.0023267893
2294,46799,0.026034497
2295,60386,0.55566055
2296,1602,0.70096636
2297,78096,0.44101527
2298,82995,0.006816271
2299,100473,0.00491083
2300,21181,0.0016130267
2301,98603,0.5011023
2302,89491,0.0070306086
2303,52682,0.014701023
2304,18714,0.5199695
2305,87119,0.006337312
2306,38383,0.034123693
2307,29444,0.00091765885
2308,104226,0.0032679527
2309,62808,0.0066172294
2310,97139,0.056591116
2311,8706,0.0020969543
2312,3631,0.062338326
2313,66798,0.017590392
2314,11710,0.021991368
2315,75968,0.01858439
2316,69233,0.006436934
2317,22547,0.0012916274
2318,19872,0.008391639
2319,102413,0.036557145
2320,76700,0.003420309
2321,35667,0.3138417
2322,75641,0.15818791
2323,30773,0.012240861
2324,94740,0.004024335
2325,11742,0.51799
2326,72467,0.060719058
2327,106428,0.9446868
2328,80087,0.009081299
2329,33563,0.70096636
2330,12407,0.0022931537
2331,66863,0.009464335
2332,20710,0.0026813569
2333,110260,0.012002181
2334,67431,0.012002181
2335,71155,0.012002181
2336,43943,0.74494725
2337,101109,0.003987509
2338,45442,0.0071488754
2339,81646,0.35608795
2340,31037,0.013172917
2341,26366,0.35608795
2342,74630,0.0102180205
2343,106069,0.031571876
2344,82843,0.016706819
2345,13395,0.35555658
2346,88639,0.0020391508
2347,3664,0.45357627
2348,1190,0.8936748
2349,67788,0.029607145
2350,113303,0.020928299
2351,81958,0.56254977
2352,108177,0.5011023
2353,15532,0.0039808084
2354,109613,0.86641574
2355,7194,0.012792699
2356,74927,0.0023350082
2357,72263,0.43963388
2358,7838,0.004115214
2359,71486,0.03712462
2360,35028,0.011616832
2361,111132,0.025977654
2362,67447,0.5424639
2363,87836,0.74877614
2364,48677,0.0044360203
2365,56735,0.7957864
2366,43078,0.0046498524
2367,63305,0.43110844
2368,88183,0.004331278
2369,88984,0.11035589
2370,35873,0.0019299018
2371,68185,0.86761963
2372,5937,0.0030012524
2373,9821,0.004630942
2374,96476,0.72432643
2375,109445,0.001095285
2376,106753,0.7130009
2377,36220,0.63145876
2378,15163,0.0026894752
2379,12295,0.6010035
2380,111744,0.0053425613
2381,72828,0.0031543917
2382,45214,0.03099253
2383,33490,0.8741014
2384,45746,0.00071399944
2385,18612,0.008731258
2386,93732,0.44110775
2387,49298,0.0015420003
2388,8785,0.158587
2389,47252,0.8113605
2390,88138,0.26857966
2391,21159,0.7702098
2392,2640,0.0031127024
2393,66433,0.032048095
2394,95763,0.74877614
2395,95351,0.3708521
2396,83309,0.005660244
2397,114228,0.0049389508
2398,67144,0.45156
2399,6436,0.0044676717
2400,96872,0.0015074069
2401,40342,0.5746138
2402,32978,0.43110844
2403,37763,0.006641377
2404,85559,0.037771273
2405,54442,0.044792857
2406,13461,0.0062714866
2407,101359,0.72432643
2408,66068,0.01117166
2409,46247,0.009884111
2410,100513,0.010036144
2411,58957,0.003335049
2412,71402,0.029188784
2413,41699,0.53910613
2414,13227,0.004261833
2415,113766,0.07315994
2416,85595,0.27749422
2417,47175,0.028074138
2418,60076,0.002298606
2419,11579,0.8474278
2420,114994,0.011445456
2421,33306,0.53810483
2422,26188,0.01199663
2423,42130,0.0055080983
2424,305,0.060596347
2425,18561,0.0011891361
2426,16146,0.04257054
2427,94285,0.0017661965
2428,108075,0.020164054
2429,57522,0.03712462
2430,66843,0.0027706402
2431,87228,0.35608795
2432,71239,0.44110775
2433,71204,0.010533986
2434,104972,0.56768835
2435,85721,0.088731185
2436,28498,0.9652982
2437,51049,0.34026608
2438,60773,0.017376276
2439,83679,0.43110844
2440,85333,0.0010263514
2441,1514,0.1611324
2442,67159,0.0034715962
2443,99681,0.45784926
2444,100048,0.06366799
2445,78552,0.55566055
2446,35622,0.0041558314
2447,23973,0.0023531402
2448,51233,0.0092995865
2449,38453,0.02001361
2450,5108,0.010703342
2451,5279,0.21485509
2452,93151,0.017351184
2453,112281,0.7957864
2454,59124,0.78680277
2455,96793,0.6405128
2456,105466,0.03942304
2457,71262,0.017257174
2458,712,0.6107574
2459,87522,0.8048408
2460,79206,0.0010164881
2461,23900,0.015484824
2462,22198,0.00091765885
2463,88709,0.57717556
2464,103324,0.77919436
2465,74172,0.009464335
2466,97568,0.040638838
2467,52717,0.001700422
2468,79529,0.113151684
2469,114695,0.07000204
2470,107384,0.74846315
2471,15704,0.019218434
2472,3614,0.1552172
2473,54375,0.0043165195
2474,104923,0.14521676
2475,108568,0.013592036
2476,108019,0.77919436
2477,114895,0.023579964
2478,73785,0.051835634
2479,53970,0.01169598
2480,94314,0.004887785
2481,13054,0.041528445
2482,67100,0.15794931
2483,52768,0.00192343
2484,92641,0.7174389
2485,8597,0.013847359
2486,30062,0.0050840126
2487,102649,0.7944973
2488,60836,0.006593856
2489,71249,0.27749422
2490,4895,0.004241271
2491,50060,0.34026608
2492,23903,0.0020691345
2493,84818,0.0011355279
2494,105467,0.034940466
2495,87624,0.066196755
2496,37678,0.05664724
2497,13947,0.0053015025
2498,80955,0.0050417576
2499,43777,0.034027446
2500,40536,0.0010641067
2501,41462,0.70096636
2502,64680,0.0006850486
2503,93271,0.44110775
2504,63535,0.044477604
2505,15018,0.011516065
2506,100075,0.07007005
2507,71661,0.27749422
2508,44139,0.01657753
2509,26665,0.26892516
2510,87097,0.43110844
2511,106339,0.058919117
2512,4570,0.00536654
2513,102651,0.0037919926
2514,9782,0.791696
2515,46691,0.0005345601
2516,102363,0.03712462
2517,111708,0.012002181
2518,28128,0.015457122
2519,72924,0.06459604
2520,54309,0.0016265064
2521,71560,0.27749422
2522,110944,0.44110775
2523,79805,0.011207272
2524,49620,0.945173
2525,93058,0.012002181
2526,4025,0.041290887
2527,31871,0.16441375
2528,33169,0.016609129
2529,85461,0.060719058
2530,36369,0.02001361
2531,57617,0.013172917
2532,51195,0.0025068854
2533,23112,0.0027078087
2534,106784,0.28550902
2535,90505,0.57717556
2536,23015,0.003490421
2537,40173,0.0012627309
2538,89870,0.0042288275
2539,108860,0.8444421
2540,59720,0.13743125
2541,98082,0.012734075
2542,23928,0.063968614
2543,23332,0.0023588133
2544,78834,0.011099343
2545,87946,0.35608795
2546,67664,0.021994226
2547,88274,0.6405128
2548,1774,0.6469486
2549,105319,0.76051444
2550,88417,0.27749422
2551,23222,0.41615394
2552,49392,0.009914719
2553,36241,0.040067364
2554,108854,0.56768835
2555,71900,0.088731185
2556,64820,0.008425987
2557,78241,0.56254977
2558,1531,0.00659286
2559,53654,0.012002181
2560,41175,0.0065429495
2561,94552,0.01084722
2562,10309,0.0038209173
2563,55223,0.8648343
2564,26748,0.09965071
2565,46244,0.022246484
2566,45200,0.0014319371
2567,29916,0.50516915
2568,78703,0.68550783
2569,98520,0.5011023
2570,65044,0.019717583
2571,113206,0.0048662857
2572,51540,0.0099807475
2573,18906,0.021367995
2574,45956,0.021939708
2575,70072,0.44101527
2576,6783,0.4970651
2577,84452,0.30878732
2578,60050,0.010889912
2579,71615,0.013700311
2580,71498,0.009914719
2581,95117,0.019717583
2582,72948,0.017980853
2583,46084,0.012510241
2584,11682,0.82121855
2585,77762,0.55566055
2586,102294,0.060719058
2587,51097,0.003575089
2588,9136,0.008968482
2589,25029,0.026034497
2590,2080,0.088183016
2591,62749,0.74877614
2592,8845,0.008968482
2593,107578,0.036836438
2594,86152,0.27749422
2595,26609,0.15894817
2596,99339,0.6469486
2597,59542,0.2879082
2598,85827,0.0049660774
2599,103743,0.65557665
2600,106328,0.77919436
2601,85755,0.0066555766
2602,33623,0.0049807834
2603,33999,0.33401656
2604,88363,0.45171064
2605,77724,0.001700422
2606,70180,0.051835634
2607,87870,0.34026608
2608,105218,0.0016250074
2609,111373,0.28550902
2610,29261,0.003624898
2611,97371,0.010909436
2612,100044,0.04640792
2613,43899,0.0022074853
2614,57626,0.0028203225
2615,35970,0.029510276
2616,86590,0.70096636
2617,37296,0.53810483
2618,33183,0.85405904
2619,68070,0.5564428
2620,72838,0.29464185
2621,76357,0.022602122
2622,37817,0.027091615
2623,112488,0.0008873204
2624,65053,0.0013645751
2625,61599,0.03099253
2626,101496,0.14733292
2627,106255,0.3592495
2628,31087,0.55566055
2629,13338,0.011097449
2630,33272,0.015457122
2631,10543,0.002739054
2632,101093,0.105119556
2633,5308,0.0017885598
2634,27886,0.55566055
2635,71297,0.0607168
2636,11569,0.35608795
2637,96111,0.44101527
2638,46255,0.0012627309
2639,111218,0.43505207
2640,38245,0.00071399944
2641,4258,0.72697836
2642,6858,0.008290834
2643,72240,0.27749422
2644,91568,0.27749422
2645,19576,0.069639705
2646,79951,0.0023932334
2647,54711,0.27749422
2648,68629,0.0075163455
2649,7946,0.9048831
2650,44979,0.027091615
2651,42705,0.007318388
2652,39528,0.14405103
2653,86094,0.056965906
2654,94623,0.0049372963
2655,105498,0.55365103
2656,22592,0.0030592051
2657,71006,0.44101527
2658,14490,0.0015621813
2659,46342,0.09362373
2660,108553,0.5011023
2661,5399,0.3565283
2662,100551,0.010891027
2663,101396,0.07927622
2664,64817,0.009464335
2665,39658,0.006315681
2666,48452,0.0058711967
2667,88059,0.04640792
2668,534,0.2310406
2669,59428,0.74877614
2670,17734,0.003002591
2671,103762,0.17015095
2672,74941,0.17259738
2673,103726,0.007562071
2674,2086,0.007742158
2675,22240,0.0048617343
2676,81442,0.15818791
2677,12009,0.0020977086
2678,77883,0.0071764844
2679,44500,0.6580221
2680,111938,0.025977654
2681,49414,0.43110844
2682,97215,0.44101527
2683,96887,0.44101527
2684,74903,0.0012210208
2685,21236,0.036959067
2686,28830,0.26892516
2687,75445,0.0063888356
2688,3905,0.050784986
2689,102588,0.014494122
2690,33589,0.43110844
2691,58722,0.48679414
2692,98883,0.058077905
2693,44925,0.0020463842
2694,110178,0.0053627514
2695,85243,0.41344064
2696,36023,0.55566055
2697,16690,0.0039588655
2698,83985,0.4510593
2699,46958,0.03099253
2700,115434,0.15857829
2701,32949,0.00548509
2702,54082,0.026272386
2703,84467,0.4265207
2704,68150,0.0048446306
2705,62073,0.024114339
2706,93464,0.7960921
2707,53685,0.011676242
2708,33923,0.012522813
2709,65981,0.01117166
2710,99768,0.009464335
2711,110454,0.011875067
2712,34936,0.34026608
2713,7203,0.11621293
2714,12652,0.0013856837
2715,107163,0.0076079606
2716,26585,0.0910583
2717,104578,0.0023864168
2718,46693,0.9260319
2719,64512,0.019717583
2720,12032,0.51799
2721,22127,0.005124738
2722,45441,0.18286118
2723,114562,0.016617581
2724,10129,0.10915223
2725,102744,0.012600305
2726,49499,0.55566055
2727,95059,0.009464335
2728,11544,0.14475924
2729,75771,0.008273953
2730,26933,0.26892516
2731,73047,0.6405128
2732,96374,0.42961618
2733,82986,0.0031799069
2734,65620,0.01117166
2735,72620,0.48679414
2736,92951,0.0046381196
2737,6447,0.049947165
2738,60330,0.5199695
2739,19894,0.05347319
2740,75297,0.0065653683
2741,55845,0.004095545
2742,90551,0.35608795
2743,95263,0.2946859
2744,78126,0.15818791
2745,98738,0.51044965
2746,8162,0.22399122
2747,22441,0.0015883477
2748,68818,0.12061088
2749,937,0.008145016
2750,81094,0.012002181
2751,14061,0.7315719
2752,13296,0.2546263
2753,3348,0.010830529
2754,48543,0.00091765885
2755,37621,0.0040783123
2756,25973,0.0012477582
2757,98955,0.0049807834
2758,66638,0.007025753
2759,32507,0.008157784
2760,96284,0.031913612
2761,72194,0.27749422
2762,88576,0.0022521794
2763,52785,0.0020691345
2764,76421,0.26296425
2765,27077,0.00548509
2766,56318,0.0047399914
2767,49316,0.0031122733
2768,78162,0.006454059
2769,47752,0.008835288
2770,40347,0.2036525
2771,66463,0.031461254
2772,87910,0.004185508
2773,18852,0.09965071
2774,55925,0.026815068
2775,85500,0.56254977
2776,110639,0.573982
2777,2955,0.009084174
2778,42003,0.005687713
2779,76705,0.012002181
2780,46452,0.70096636
2781,105613,0.0057032565
2782,10538,0.0023400222
2783,94941,0.8824114
2784,113486,0.76142997
2785,82209,0.014356673
2786,58561,0.0602134
2787,89858,0.0060411165
2788,31224,0.017164527
2789,98598,0.6975435
2790,49086,0.45681864
2791,36237,0.55566055
2792,30256,0.0020691345
2793,80338,0.030025914
2794,96364,0.0019868086
2795,67633,0.27749422
2796,100496,0.07541292
2797,102256,0.00487384
2798,73339,0.0110644875
2799,81048,0.006150747
2800,27347,0.015104119
2801,105049,0.0031713229
2802,103322,0.72432643
2803,60688,0.4000341
2804,74302,0.15818791
2805,101411,0.009464335
2806,4042,0.16574548
2807,98289,0.05044148
2808,33448,0.14047155
2809,70763,0.065574184
2810,46770,0.5199695
2811,100794,0.002650623
2812,90082,0.44110775
2813,63511,0.009464335
2814,115683,0.15497953
2815,89304,0.009464335
2816,98907,0.009464335
2817,78538,0.0063888356
2818,31773,0.0012340695
2819,85220,0.010525678
2820,30465,0.0025257766
2821,108515,0.8313067
2822,845,0.012102466
2823,51494,0.0036692515
2824,34584,0.00548509
2825,109698,0.60370517
2826,109339,0.088731185
2827,25540,0.0037038552
2828,77718,0.0014928338
2829,110464,0.46357763
2830,86740,0.27749422
2831,85573,0.016809352
2832,1962,0.57941025
2833,14179,0.01745451
2834,47480,0.03099253
2835,92388,0.3708521
2836,4857,0.01793462
2837,17678,0.0007146802
2838,64751,0.0021116503
2839,95160,0.07269908
2840,44421,0.0069557214
2841,48145,0.0018656888
2842,113794,0.001981753
2843,86802,0.012002181
2844,16244,0.0008896225
2845,93114,0.008123929
2846,96392,0.08855862
2847,110406,0.0073938603
2848,26925,0.74603975
2849,34346,0.018019812
2850,59209,0.7957864
2851,64730,0.0048022447
2852,99151,0.013209202
2853,104437,0.03346912
2854,99110,0.0017174867
2855,44672,0.005875721
2856,115986,0.002299491
2857,55577,0.55566055
2858,44271,0.016924987
2859,89111,0.44101527
2860,4530,0.005435938
2861,32044,0.0035905032
2862,72156,0.025849564
2863,86976,0.0044860286
2864,36665,0.55050915
2865,40303,0.00091765885
2866,45194,0.000988345
2867,10236,0.95066607
2868,34739,0.05849908
2869,102728,0.03835992
2870,45043,0.04678643
2871,70991,0.44110775
2872,82159,0.35608795
2873,39846,0.011981018
2874,25980,0.0020691345
2875,61453,0.15818791
2876,9402,0.062338326
2877,8520,0.012195207
2878,13297,0.83969426
2879,112813,0.77919436
2880,114851,0.0035739
2881,62258,0.8648343
2882,104471,0.0016536334
2883,46173,0.023105735
2884,81871,0.011099343
2885,7776,0.0055993847
2886,26162,0.0028715215
2887,100950,0.5011023
2888,93238,0.008615438
2889,964,0.0023957666
2890,108972,0.012002181
2891,72985,0.012002181
2892,61424,0.035288915
2893,70108,0.27749422
2894,19778,0.0038724008
2895,17250,0.047849633
2896,16763,0.0038724008
2897,72257,0.68550783
2898,64600,0.31628102
2899,53206,0.762075
2900,38042,0.762075
2901,69262,0.44110775
2902,81981,0.19979882
2903,71525,0.009821194
2904,62257,0.089863606
2905,9705,0.014121192
2906,35111,0.20995115
2907,4720,0.0013532825
2908,2424,0.15217422
2909,6469,0.0014733557
2910,17870,0.033737633
2911,92111,0.010891027
2912,56839,0.036068562
2913,21624,0.020266002
2914,78042,0.075409114
2915,18622,0.008731258
2916,48830,0.0041404436
2917,114806,0.30887675
2918,5095,0.855663
2919,86481,0.012002181
2920,103297,0.009081299
2921,86136,0.27749422
2922,114650,0.004481038
2923,77761,0.0029380356
2924,55256,0.011676242
2925,107734,0.77919436
2926,91501,0.012276571
2927,91394,0.016158292
2928,2967,0.19998759
2929,84544,0.004710098
2930,28658,0.0072224718
2931,33917,0.0013674079
2932,49112,0.13166432
2933,20842,0.02019244
2934,64112,0.004751124
2935,76300,0.0034229755
2936,58584,0.029157756
2937,46966,0.029409917
2938,38469,0.8396209
2939,9255,0.0014861241
2940,44884,0.078370176
2941,59642,0.0036737358
2942,108189,0.5011023
2943,47793,0.70096636
2944,38811,0.020076614
2945,3336,0.002759825
2946,111116,0.41344064
2947,17439,0.002758795
2948,48439,0.16614494
2949,84779,0.43110844
2950,114963,0.16336486
2951,42793,0.0053440644
2952,24945,0.025702158
2953,83722,0.016408766
2954,74762,0.44505507
2955,100321,0.1543279
2956,114447,0.066196755
2957,111610,0.022487141
2958,6561,0.93112916
2959,107231,0.020996185
2960,78118,0.005964554
2961,86394,0.32012954
2962,94467,0.0050471066
2963,36406,0.024851007
2964,81567,0.010908412
2965,75408,0.0047406056
2966,103919,0.6280348
2967,61050,0.74877614
2968,30277,0.0072606807
2969,95023,0.009464335
2970,70871,0.001927363
2971,56779,0.15818791
2972,90999,0.005660244
2973,89121,0.010244922
2974,61563,0.019717583
2975,104492,0.77243835
2976,3081,0.056464992
2977,104892,0.05612818
2978,102199,0.21295042
2979,16677,0.0022451603
2980,1393,0.037040874
2981,28160,0.43110844
2982,94483,0.0013753991
2983,57046,0.56254977
2984,77085,0.0016205682
2985,56440,0.0022936098
2986,5883,0.00374704
2987,60234,0.088731185
2988,46556,0.00071399944
2989,111857,0.44110775
2990,40446,0.020288901
2991,59659,0.5424639
2992,53952,0.012002181
2993,11545,0.15217422
2994,20725,0.9038678
2995,64911,0.004614995
2996,8884,0.009535437
2997,98805,0.009498212
2998,69261,0.013878754
2999,320,0.012792699
3000,55817,0.0602134
3001,7067,0.008968482
3002,79035,0.013983658
3003,43186,0.030330224
3004,56649,0.020867268
3005,40819,0.004133911
3006,105276,0.74846315
3007,24159,0.70096636
3008,925,0.17259738
3009,5347,0.09292484
3010,6595,0.09586386
3011,27146,0.0030600214
3012,3251,0.45357627
3013,111032,0.072540596
3014,5510,0.0337485
3015,65152,0.0039326027
3016,106849,0.00851677
3017,33106,0.38217098
3018,49436,0.002149114
3019,83740,0.004400675
3020,111921,0.011285504
3021,104880,0.0020183183
3022,82228,0.07221661
3023,110469,0.003599686
3024,100587,0.44101527
3025,70568,0.44110775
3026,48609,0.33401656
3027,12105,0.00239863
3028,46929,0.8768206
3029,108266,0.42961618
3030,62211,0.8468055
3031,89648,0.15818791
3032,101285,0.0045472644
3033,73373,0.0032679527
3034,80446,0.71711034
3035,99041,0.0025698473
3036,87279,0.8396209
3037,35518,0.53810483
3038,63606,0.36701018
3039,17733,0.0006093738
3040,18144,0.055877678
3041,37235,0.35608795
3042,105146,0.010568897
3043,75821,0.15818791
3044,10406,0.035971805
3045,33352,0.00091765885
3046,31097,0.3860109
3047,8102,0.0047419854
3048,70847,0.0025430808
3049,35771,0.13413408
3050,40620,0.0021472087
3051,3243,0.024279209
3052,93296,0.6405128
3053,20035,0.0014322079
3054,26058,0.6803675
3055,22117,0.053762197
3056,71257,0.041828133
3057,96049,0.08255154
3058,14888,0.38934046
3059,94268,0.54879576
3060,63556,0.007816854
3061,110478,0.64646333
3062,115917,0.7534244
3063,10186,0.21079108
3064,42912,0.00091765885
3065,24822,0.0019314849
3066,3645,0.27979872
3067,76878,0.008848927
3068,93049,0.088731185
3069,7686,0.0028388316
3070,50693,0.086798415
3071,16372,0.00427524
3072,77167,0.004039683
3073,46569,0.029409917
3074,114394,0.0039683664
3075,70831,0.74603975
3076,62839,0.74877614
3077,102240,0.74877614
3078,25303,0.0020691345
3079,10632,0.008968482
3080,87631,0.72432643
3081,104252,0.4354642
3082,23699,0.0048018117
3083,112570,0.0012712883
3084,56051,0.7322869
3085,6861,0.001273497
3086,84028,0.87290287
3087,108015,0.55501354
3088,90629,0.44110775
3089,80595,0.0049405373
3090,42290,0.26892516
3091,57555,0.53810483
3092,75604,0.0007711411
3093,77873,0.09289784
3094,75423,0.00835457
3095,75490,0.010908412
3096,29355,0.030230455
3097,49793,0.006211301
3098,33430,0.03034287
3099,53547,0.27065274
3100,19704,0.003099
3101,94466,0.55566055
3102,71665,0.49680734
3103,15087,0.01748386
3104,14739,0.00082599116
3105,54419,0.074442804
3106,101358,0.5011023
3107,11229,0.010512501
3108,46422,0.74494725
3109,43120,0.0070958775
3110,37745,0.762075
3111,4907,0.02015668
3112,25728,0.00091765885
3113,36354,0.09965071
3114,27172,0.0020691345
3115,97124,0.007120687
3116,94491,0.74877614
3117,45253,0.0099807475
3118,30952,0.04448573
3119,21137,0.72584873
3120,111339,0.006008045
3121,93989,0.008391639
3122,73934,0.010998036
3123,61738,0.5199695
3124,108296,0.056546714
3125,85731,0.030523187
3126,113076,0.0048238076
3127,63015,0.0057579884
3128,33120,0.004768465
3129,18459,0.0056292587
3130,11778,0.023134077
3131,46936,0.07216779
3132,39513,0.44015992
3133,2332,0.61648524
3134,2526,0.0071850377
3135,9994,0.027031438
3136,109484,0.027032958
3137,13091,0.0011086742
3138,78334,0.558921
3139,45853,0.00091765885
3140,83080,0.014849901
3141,100306,0.018260615
3142,1372,0.12782732
3143,57862,0.74877614
3144,111810,0.64646333
3145,32866,0.08674325
3146,44020,0.07216779
3147,62605,0.029510276
3148,75736,0.26296425
3149,38204,0.14457393
3150,2369,0.72697836
3151,69028,0.78680277
3152,49191,0.8615252
3153,113035,0.28550902
3154,63987,0.005774845
3155,73894,0.15818791
3156,1083,0.00048568982
3157,109939,0.5011023
3158,114754,0.0065935124
3159,58434,0.8396209
3160,96740,0.74846315
3161,99013,0.088731185
3162,26617,0.01562812
3163,89964,0.45156
3164,87018,0.06025181
3165,22859,0.010467713
3166,54563,0.006752405
3167,3582,0.11446235
3168,33866,0.04095368
3169,80465,0.56254977
3170,83300,0.012809258
3171,75713,0.019603891
3172,95154,0.0023932334
3173,70438,0.8868853
3174,19731,0.002508714
3175,76277,0.010908412
3176,2377,0.01767045
3177,115263,0.010850199
3178,50690,0.56254977
3179,62217,0.043657176
3180,76671,0.7925452
3181,115459,0.01921145
3182,12661,0.001098885
3183,106147,0.28550902
3184,75274,0.011099343
3185,34442,0.0017197585
3186,88906,0.21208319
3187,115495,0.69782156
3188,111630,0.04758914
3189,27073,0.35608795
3190,113178,0.0070472495
3191,67258,0.0034229755
3192,107539,0.036836438
3193,30545,0.2822489
3194,10677,0.0019436522
3195,14846,0.0034809785
3196,87043,0.013378762
3197,93417,0.009914719
3198,6887,0.0036918882
3199,63373,0.009464335
3200,73889,0.04589014
3201,4439,0.005071426
3202,102230,0.56254977
3203,83754,0.2693841
3204,45667,0.081564695
3205,104151,0.0021126391
3206,32693,0.69804543
3207,107808,0.014014389
3208,101395,0.0031209667
3209,9858,0.022035038
3210,88064,0.00527472
3211,110356,0.013387935
3212,32275,0.38921523
3213,34607,0.00091765885
3214,114776,0.051380694
3215,41848,0.026034497
3216,106997,0.14774753
3217,106939,0.64646333
3218,114580,0.011536956
3219,4126,0.018229589
3220,40149,0.09362373
3221,14088,0.044569332
3222,21939,0.008157413
3223,79196,0.56768835
3224,21172,0.0036064105
3225,103691,0.6280348
3226,57655,0.56254977
3227,13812,0.43110844
3228,67812,0.27749422
3229,1197,0.004356713
3230,7413,0.0119289635
3231,26574,0.0029310724
3232,88206,0.053940687
3233,79459,0.57717556
3234,21595,0.05530659
3235,102006,0.033031646
3236,55245,0.00548509
3237,27596,0.26892516
3238,7631,0.26356134
3239,19312,0.70096636
3240,48684,0.004024335
3241,4339,0.8923789
3242,93902,0.0099807475
3243,45178,0.07216779
3244,16930,0.8048408
3245,33770,0.55566055
3246,66940,0.030756127
3247,113680,0.7130009
3248,83826,0.008154899
3249,31976,0.07131196
3250,32338,0.00071399944
3251,31065,0.0019910557
3252,57576,0.5673918
3253,22538,0.09965071
3254,83602,0.0012017047
3255,61504,0.11532701
3256,82552,0.7174389
3257,106467,0.10611933
3258,6924,0.011151619
3259,59140,0.8396209
3260,41249,0.04775958
3261,64544,0.001927363
3262,93438,0.088731185
3263,27160,0.03099253
3264,29860,0.72160727
3265,1002,0.033737633
3266,104921,0.004635666
3267,36788,0.53810483
3268,63000,0.009044813
3269,26504,0.008525705
3270,105701,0.8313067
3271,75299,0.0020259232
3272,11683,0.014075083
3273,77495,0.014701023
3274,101632,0.11422863
3275,62673,0.0030862116
3276,1691,0.0024754216
3277,98361,0.0031628895
3278,76545,0.12219013
3279,3773,0.5889251
3280,92514,0.0041804886
3281,92258,0.0016072103
3282,112962,0.0031457369
3283,8486,0.027832475
3284,104687,0.004546962
3285,36871,0.5199695
3286,23168,0.07216779
3287,14092,0.14580335
3288,112451,0.29656625
3289,99380,0.006593856
3290,15807,0.0015772886
3291,31777,0.6469486
3292,46223,0.0022865096
3293,43736,0.039106898
3294,80253,0.27749422
3295,96865,0.012002181
3296,16943,0.002508714
3297,105274,0.90886426
3298,94811,0.0025711188
3299,3600,0.0630845
3300,109863,0.5011023
3301,55493,0.006974203
3302,26834,0.0071592154
3303,73153,0.27749422
3304,86336,0.15818791
3305,105604,0.6280348
3306,76251,0.011099343
3307,31775,0.0099509
3308,44319,0.0058504846
3309,49262,0.05535128
3310,69137,0.027627464
3311,73635,0.09289784
3312,26616,0.53810483
3313,80071,0.008545999
3314,113832,0.055476636
3315,110118,0.012002181
3316,46215,0.01099337
3317,111070,0.009081299
3318,102930,0.0006643723
3319,19028,0.055877678
3320,39130,0.21629374
3321,111445,0.11035589
3322,16033,0.35608795
3323,13691,0.56254977
3324,111607,0.07007005
3325,65610,0.008425987
3326,89067,0.5470303
3327,28205,0.008272674
3328,36476,0.70096636
3329,30945,0.0016681174
3330,48363,0.0022043723
3331,76221,0.15818791
3332,83083,0.02057756
3333,94940,0.004013485
3334,109455,0.0060327933
3335,16588,0.06975378
3336,67878,0.09289784
3337,8775,0.0034078248
3338,60914,0.019603891
3339,5806,0.0026269597
3340,38376,0.00550211
3341,26654,0.022379741
3342,90160,0.74603975
3343,9747,0.022159293
3344,32804,0.0008271332
3345,82518,0.7174389
3346,44515,0.027091615
3347,27323,0.08677969
3348,77663,0.45156
3349,105199,0.54136163
3350,79654,0.012002181
3351,24057,0.35608795
3352,31942,0.0008678094
3353,69387,0.019169308
3354,51893,0.70096636
3355,63296,0.071218245
3356,32333,0.12196414
3357,47447,0.03099253
3358,28615,0.26892516
3359,76145,0.56254977
3360,12713,0.0006426628
3361,74556,0.9314414
3362,29235,0.0092995865
3363,3907,0.023296796
3364,111636,0.15141213
3365,105380,0.6337058
3366,83345,0.0063610356
3367,33340,0.09010158
3368,9406,0.14764303
3369,95093,0.72105354
3370,109913,0.44101527
3371,55012,0.55566055
3372,108089,0.0047968216
3373,3858,0.002652343
3374,41025,0.000991803
3375,47139,0.8474278
3376,78189,0.009914719
3377,96,0.5564428
3378,69487,0.21208319
3379,11827,0.0910583
3380,33076,0.84640294
3381,9862,0.002564191
3382,60423,0.0034229755
3383,5395,0.0115639195
3384,78365,0.00091765885
3385,40375,0.08191138
3386,56846,0.020028856
3387,60360,0.008450956
3388,98009,0.0015695803
3389,47697,0.007013881
3390,75882,0.71711034
3391,52627,0.005318909
3392,55034,0.006974203
3393,25186,0.35608795
3394,77004,0.34026608
3395,111089,0.012002181
3396,34299,0.020999473
3397,6377,0.007526974
3398,53457,0.0046639293
3399,17259,0.06975378
3400,5877,0.018870147
3401,23687,0.886445
3402,51978,0.103098415
3403,42618,0.0023303963
3404,1646,0.006657913
3405,50427,0.051001772
3406,105869,0.088731185
3407,53668,0.088731185
3408,27913,0.47749493
3409,68884,0.44110775
3410,48474,0.003335049
3411,36840,0.0034998395
3412,90710,0.44110775
3413,78601,0.14700297
3414,19198,0.0028603477
3415,56858,0.0014860958
3416,7754,0.020802634
3417,101964,0.4510593
3418,33022,0.00078719814
3419,4400,0.12782732
3420,14710,0.8297637
3421,42157,0.0019390825
3422,112663,0.0051570344
3423,57466,0.38921523
3424,66545,0.019717583
3425,115004,0.009649611
3426,36580,0.72870684
3427,29729,0.03099253
3428,42058,0.5199695
3429,102215,0.44101527
3430,58189,0.8396209
3431,32284,0.04109628
3432,41945,0.012401147
3433,12799,0.0045799734
3434,38818,0.0011514078
3435,82322,0.03825164
3436,115685,0.0028670984
3437,61630,0.036068562
3438,47618,0.26892516
3439,77333,0.017926535
3440,90982,0.2836866
3441,48526,0.03712462
3442,7286,0.018229589
3443,56591,0.34026608
3444,24029,0.0034998395
3445,24607,0.762075
3446,87893,0.03341093
3447,86441,0.56254977
3448,17618,0.12884553
3449,113481,0.097082414
3450,43566,0.013415929
3451,69055,0.007922002
3452,6838,0.12531748
3453,55835,0.084732406
3454,14961,0.021367995
3455,8598,0.008969587
3456,29512,0.0092995865
3457,84983,0.008425987
3458,1821,0.5564399
3459,33093,0.038373735
3460,20743,0.58656245
3461,102691,0.25433597
3462,63644,0.0026181354
3463,96496,0.5072126
3464,81383,0.010105253
3465,95672,0.5011023
3466,84767,0.15818791
3467,103878,0.07262648
3468,80413,0.27749422
3469,21221,0.0019721733
3470,82994,0.7174389
3471,83745,0.066196755
3472,82904,0.00469992
3473,36638,0.08122672
3474,68537,0.0066682016
3475,23855,0.01346953
3476,98228,0.0018415108
3477,105007,0.56768835
3478,95291,0.45818773
3479,51376,0.053762197
3480,98345,0.0020900758
3481,27553,0.034123693
3482,4782,0.018435312
3483,59120,0.2822489
3484,16587,0.06975378
3485,42279,0.07216779
3486,50943,0.58656245
3487,59746,0.0053482987
3488,115859,0.0018163474
3489,55231,0.15818791
3490,5403,0.004582304
3491,1147,0.7787814
3492,57367,0.00797546
3493,79784,0.011099343
3494,115257,0.0016665943
3495,115183,0.78680277
3496,105169,0.6280348
3497,64356,0.006178618
3498,35417,0.009914719
3499,115770,0.056546714
3500,40212,0.028174058
3501,86343,0.53910613
3502,77397,0.0019439934
3503,18980,0.5564428
3504,4473,0.15217422
3505,44134,0.6803675
3506,25811,0.6570409
3507,115298,0.021841262
3508,32196,0.0046334486
3509,28434,0.008272674
3510,14407,0.002524441
3511,33712,0.14047155
3512,39672,0.8468055
3513,109465,0.0037809971
3514,64903,0.084504396
3515,60676,0.015073597
3516,104389,0.006436934
3517,88166,0.009464335
3518,35413,0.00091765885
3519,98644,0.20612341
3520,59731,0.036068562
3521,75206,0.10972399
3522,75478,0.003743473
3523,75504,0.0016723784
3524,29311,0.013172917
3525,46534,0.07216779
3526,36600,0.00075523613
3527,58401,0.0030497308
3528,115779,0.056546714
3529,102190,0.5470555
3530,68355,0.01099337
3531,69287,0.44101527
3532,26753,0.044345856
3533,1167,0.791696
3534,4124,0.018435312
3535,108797,0.06561038
3536,27071,0.00984147
3537,97425,0.1225767
3538,45681,0.60496414
3539,54765,0.74494725
3540,5752,0.00374704
3541,110130,0.36064366
3542,14618,0.019015284
3543,54350,0.4507486
3544,87597,0.33369705
3545,66618,0.018931879
3546,87082,0.0011355279
3547,15861,0.0007445017
3548,106501,0.42370808
3549,96242,0.32012954
3550,33627,0.5199695
3551,50298,0.55566055
3552,3729,0.017163407
3553,106742,0.028317085
3554,66968,0.28651854
3555,30575,0.009723116
3556,64348,0.005412216
3557,76282,0.71711034
3558,22406,0.003099
3559,40821,0.008098654
3560,34742,0.024497937
3561,2611,0.043278795
3562,69521,0.0022931537
3563,99863,0.009176804
3564,110746,0.012002181
3565,52996,0.0012913328
3566,37766,0.78245246
3567,12155,0.013483084
3568,94688,0.00797546
3569,41144,0.0071259583
3570,78692,0.060596347
3571,100090,0.57717556
3572,113160,0.046586644
3573,25293,0.9260319
3574,50988,0.42777395
3575,30764,0.013172917
3576,29960,0.38217098
3577,17333,0.0048305374
3578,14313,0.014565377
3579,95829,0.022337878
3580,8013,0.0019436522
3581,35786,0.047176678
3582,30568,0.08122672
3583,48362,0.03439601
3584,49720,0.06305775
3585,96789,0.43110844
3586,64218,0.0013265212
3587,35665,0.028657535
3588,34031,0.032343682
3589,37517,0.026034497
3590,23422,0.74494725
3591,33113,0.0035905032
3592,6190,0.7464647
3593,69379,0.39274216
3594,107254,0.0017864786
3595,69752,0.013779232
3596,111165,0.04631971
3597,53061,0.006046115
3598,79394,0.0013922129
3599,40904,0.0029256048
3600,79376,0.44498697
3601,60205,0.2822489
3602,115596,0.031571876
3603,25979,0.07216779
3604,14524,0.008736939
3605,17803,0.762075
3606,11290,0.0055993847
3607,57883,0.8396209
3608,410,0.006254801
3609,33723,0.005317491
3610,61374,0.056965906
3611,46735,0.07216779
3612,79201,0.004345748
3613,58775,0.6221493
3614,14849,0.05713098
3615,115352,0.008230401
3616,114095,0.0099018635
3617,102802,0.11035589
3618,57396,0.0058213198
3619,64645,0.006947854
3620,64167,0.004751124
3621,71893,0.56254977
3622,17468,0.0027077289
3623,70388,0.012738746
3624,13689,0.0006426628
3625,12726,0.041528445
3626,81509,0.0018670495
3627,92581,0.6221493
3628,97601,0.14733292
3629,20059,0.3860109
3630,81800,0.35608795
3631,67919,0.03323246
3632,60121,0.006600537
3633,14857,0.007605506
3634,90323,0.024497937
3635,59681,0.060719058
3636,87169,0.007581757
3637,111336,0.0042878273
3638,106234,0.017705962
3639,3977,0.011714641
3640,19861,0.71507365
3641,7572,0.01342264
3642,63126,0.97198325
3643,89257,0.027349515
3644,33642,0.006628388
3645,105170,0.73677397
3646,78287,0.019717583
3647,61428,0.78680277
3648,3043,0.0022491994
3649,16056,0.0075529586
3650,93287,0.017201029
3651,102354,0.44101527
3652,95021,0.0040201615
3653,34130,0.55566055
3654,37181,0.0022865096
3655,10333,0.0051806984
3656,76337,0.015073597
3657,51192,0.009157335
3658,58101,0.005438919
3659,74407,0.009821194
3660,19250,0.0065592914
3661,14894,0.56254977
3662,106878,0.0069285054
3663,77709,0.0067533227
3664,567,0.021790707
3665,29341,0.17259738
3666,79549,0.5011023
3667,92253,0.009914719
3668,52233,0.35608795
3669,105109,0.6280348
3670,82922,0.0031346406
3671,82787,0.35608795
3672,38947,0.53910613
3673,75819,0.81452924
3674,104301,0.01126131
3675,85363,0.0025554043
3676,19150,0.006009104
3677,45397,0.0020139655
3678,5048,0.062338326
3679,66740,0.003104327
3680,55909,0.61112845
3681,85707,0.0023083538
3682,44790,0.026034497
3683,62821,0.024114339
3684,17315,0.5199695
3685,80613,0.032091632
3686,105338,0.028317085
3687,72625,0.18866682
3688,43280,0.004201065
3689,93829,0.0023310059
3690,21550,0.00071399944
3691,77090,0.0052598515
3692,34385,0.35608795
3693,9349,0.009968175
3694,56088,0.20928882
3695,39500,0.021939708
3696,5477,0.0027002862
3697,38504,0.5199695
3698,108078,0.028317085
3699,95438,0.03875918
3700,81377,0.008123929
3701,29593,0.38536745
3702,85286,0.0025725681
3703,98834,0.7186213
3704,37963,0.89857846
3705,24079,0.030330224
3706,48275,0.030756127
3707,108663,0.088731185
3708,19177,0.2648518
3709,104806,0.7234825
3710,91003,0.0016989608
3711,50084,0.55566055
3712,12348,0.51799
3713,39379,0.01858439
3714,47971,0.0037317912
3715,13643,0.12884553
3716,115497,0.55566055
3717,190,0.13030438
3718,24416,0.07216779
3719,77006,0.019120624
3720,109054,0.58656245
3721,98111,0.28763485
3722,74394,0.004797168
3723,12526,0.69804543
3724,4216,0.38800624
3725,18997,0.014907694
3726,18316,0.00876299
3727,72566,0.0066771554
3728,69323,0.8092999
3729,20576,0.0020691345
3730,87275,0.043178823
3731,47890,0.0005844432
3732,34750,0.0013245593
3733,104101,0.21633714
3734,85186,0.70096636
3735,86309,0.012793837
3736,111694,0.72432643
3737,63138,0.012002181
3738,105883,0.0031576273
3739,97731,0.008382843
3740,18467,0.8468055
3741,30939,0.55566055
3742,103046,0.0041516535
3743,90433,0.7174389
3744,63761,0.0015812682
3745,110976,0.53810483
3746,56587,0.70096636
3747,50821,0.02001361
3748,66763,0.003586476
3749,35777,0.55566055
3750,95649,0.8824114
3751,42571,0.25401485
3752,96903,0.008029135
3753,87013,0.0021768608
3754,53635,0.006790025
3755,98313,0.003327279
3756,88292,0.005660244
3757,107410,0.013261989
3758,954,0.022035038
3759,85990,0.15818791
3760,50195,0.70096636
3761,38844,0.6469486
3762,36744,0.0060937977
3763,34823,0.8396209
3764,102149,0.034591477
3765,105849,0.019274076
3766,64496,0.0098427385
3767,12734,0.56254977
3768,99186,0.28550902
3769,53084,0.012002181
3770,101596,0.37814116
3771,110051,0.004773706
3772,26146,0.0038353244
3773,66057,0.0039326027
3774,33089,0.72160727
3775,23929,0.07216779
3776,79782,0.4510593
3777,51219,0.0072224718
3778,8957,0.0055993847
3779,115387,0.00519524
3780,41801,0.054780826
3781,112490,0.56768835
3782,114464,0.0027296725
3783,14414,0.0007445017
3784,95289,0.017684469
3785,99558,0.72432643
3786,55336,0.009914719
3787,93929,0.5561449
3788,111676,0.77919436
3789,33018,0.35608795
3790,31981,0.08346902
3791,17555,0.5564428
3792,56383,0.23687677
3793,101495,0.009902107
3794,43131,0.0019571334
3795,45587,0.07216779
3796,61480,0.013969766
3797,11660,0.016219283
3798,104905,0.0008929133
3799,26184,0.093607076
3800,1477,0.4087485
3801,66015,0.0019286063
3802,12274,0.010909626
3803,56378,0.4176834
3804,108529,0.09289784
3805,86768,0.0053852573
3806,49085,0.55566055
3807,109264,0.001972792
3808,95693,0.010645317
3809,54002,0.01665654
3810,68388,0.0048064394
3811,52011,0.55050915
3812,91688,0.0878315
3813,108786,0.013852864
3814,60764,0.43110844
3815,57722,0.33401656
3816,75320,0.012432675
3817,91492,0.009223896
3818,56861,0.28655696
3819,100923,0.0069285054
3820,25778,0.53810483
3821,5771,0.72697836
3822,82711,0.44110775
3823,33045,0.004013475
3824,92727,0.03961124
3825,345,0.011815965
3826,52000,0.55566055
3827,69929,0.6469486
3828,107997,0.004060263
3829,27975,0.028858865
3830,3518,0.0144126015
3831,73884,0.0016989608
3832,80599,0.0071903155
3833,83749,0.0022470357
3834,90104,0.15818791
3835,13004,0.0029428727
3836,18282,0.38806626
3837,108583,0.28763485
3838,110877,0.504223
3839,108462,0.35944954
3840,89759,0.44101527
3841,3003,0.16574548
3842,46050,0.50516915
3843,60016,0.56254977
3844,13201,0.013415929
3845,72036,0.76863915
3846,94967,0.0043525947
3847,83226,0.0014927805
3848,25002,0.023086416
3849,54951,0.07221661
3850,112144,0.56768835
3851,80425,0.015452289
3852,15761,0.37093005
3853,78890,0.0032679527
3854,85031,0.009250844
3855,2846,0.0022440997
3856,77514,0.0009336367
3857,73812,0.013700311
3858,83728,0.25401485
3859,49694,0.077662475
3860,10739,0.0024790035
3861,22296,0.062181864
3862,60230,0.56254977
3863,87948,0.57717556
3864,85431,0.011099343
3865,63227,0.76863915
3866,51844,0.029510276
3867,4677,0.0030398937
3868,55630,0.009250844
3869,103020,0.76863915
3870,111440,0.78680277
3871,12985,0.040452026
3872,32399,0.33401656
3873,84836,0.0016989608
3874,35531,0.0027469897
3875,31059,0.0063888356
3876,110764,0.21208319
3877,87408,0.56254977
3878,59427,0.56254977
3879,48993,0.005419739
3880,105188,0.018322054
3881,106835,0.031571876
3882,90471,0.00087673654
3883,30338,0.55566055
3884,88977,0.74877614
3885,23383,0.026034497
3886,68318,0.0027774163
3887,105105,0.0014004175
3888,1006,0.022035038
3889,45579,0.0022403651
3890,60695,0.026081407
3891,100673,0.8824114
3892,103852,0.00080676755
3893,102781,0.36090043
3894,110802,0.5561449
3895,43304,0.8468055
3896,15009,0.0023046338
3897,98858,0.0008760251
3898,8320,0.00659286
3899,107593,0.0049389508
3900,55438,0.55566055
3901,7642,0.07655283
3902,74763,0.001500795
3903,25335,0.14313461
3904,36375,0.00071399944
3905,82310,0.15818791
3906,100364,0.30316836
3907,12935,0.36883074
3908,13136,0.036068562
3909,54515,0.006046115
3910,5592,0.7994104
3911,47112,0.24128486
3912,86306,0.0023932334
3913,23729,0.04001529
3914,52392,0.011922176
3915,79775,0.26296425
3916,68141,0.28651854
3917,106533,0.022487141
3918,71977,0.7957864
3919,75782,0.15818791
3920,110784,0.004922557
3921,41049,0.0020691345
3922,50739,0.00091765885
3923,92008,0.0022931537
3924,67681,0.78680277
3925,23297,0.62524277
3926,8628,0.037040874
3927,74703,0.0061645466
3928,92906,0.57717556
3929,104189,0.28550902
3930,101132,0.0021479076
3931,72312,0.28651854
3932,93396,0.56768835
3933,3741,0.07655283
3934,94451,0.57717556
3935,97421,0.21409437
3936,72391,0.012002181
3937,85910,0.002693526
3938,55159,0.01772664
3939,12592,0.0014705928
3940,31183,0.0020236955
3941,14539,0.00876299
3942,100124,0.54879576
3943,99027,0.15818791
3944,42043,0.35608795
3945,86756,0.15818791
3946,67727,0.0020680686
3947,16241,0.021367995
3948,2060,0.055490583
3949,46099,0.0069557214
3950,83526,0.33983707
3951,39623,0.07216779
3952,33104,0.43110844
3953,50649,0.14047155
3954,20493,0.002508714
3955,50835,0.022337878
3956,92433,0.012002181
3957,110237,0.0049389508
3958,70993,0.038709696
3959,34721,0.72160727
3960,96907,0.0025678424
3961,52309,0.0072756507
3962,7017,0.0337485
3963,49425,0.0020148014
3964,103910,0.0053627514
3965,8428,0.2685778
3966,50026,0.0037130234
3967,71771,0.28655696
3968,69117,0.78680277
3969,60117,0.9807374
3970,66428,0.02822482
3971,58486,0.43110844
3972,94630,0.5072126
3973,87022,0.0010294351
3974,115093,0.0016605684
3975,101381,0.013997655
3976,91734,0.03907588
3977,105342,0.005824696
3978,32651,0.74494725
3979,64199,0.019717583
3980,112607,0.53810483
3981,96564,0.44110775
3982,83379,0.119551316
3983,51203,0.56254977
3984,58954,0.0042482987
3985,80864,0.0149367405
3986,69398,0.006436934
3987,24384,0.65816057
3988,48252,0.005660244
3989,27101,0.00888474
3990,58060,0.2530429
3991,52760,0.012802452
3992,36852,0.07216779
3993,55657,0.0028594378
3994,8448,0.5889251
3995,12771,0.0066201007
3996,37435,0.03099253
3997,68554,0.022966642
3998,22727,0.45156
3999,89144,0.008680334
4000,48773,0.0042202203
4001,42930,0.024767943
4002,35372,0.015587914
4003,87080,0.15818791
4004,86257,0.012002181
4005,26251,0.03099253
4006,106864,0.28550902
4007,88722,0.3708521
4008,106640,0.63096803
4009,106509,0.5011023
4010,61317,0.74877614
4011,52943,0.5199695
4012,68573,0.006046115
4013,8129,0.019742226
4014,70913,0.016564453
4015,27184,0.0028463928
4016,9314,0.1552172
4017,100346,0.4507486
4018,84089,0.70096636
4019,57541,0.5585255
4020,110370,0.0031547274
4021,49734,0.8396209
4022,108477,0.0036232742
4023,7910,0.024448581
4024,17266,0.04653949
4025,38222,0.4860894
4026,28765,0.0029997716
4027,34963,0.01169598
4028,48,0.0025383702
4029,47621,0.005349778
4030,46982,0.6803675
4031,31464,0.001655881
4032,25731,0.0052406066
4033,36735,0.010133324
4034,84571,0.27749422
4035,51446,0.27065274
4036,38101,0.0020719948
4037,96773,0.4986959
4038,68148,0.040345486
4039,81131,0.2530429
4040,25277,0.10548228
4041,63154,0.27065274
4042,109211,0.027032958
4043,31759,0.70096636
4044,69644,0.006315681
4045,93625,0.5011023
4046,60677,0.05849908
4047,37352,0.036068562
4048,94819,0.0055394154
4049,48482,0.021835841
4050,32060,0.38217098
4051,84027,0.70096636
4052,60551,0.014701023
4053,89125,0.022500813
4054,37521,0.8474278
4055,106498,0.76051444
4056,90839,0.27749422
4057,94678,0.0069045178
4058,112573,0.0060057645
4059,45594,0.03099253
4060,50868,0.00071399944
4061,22952,0.018474245
4062,74420,0.24184124
4063,34612,0.0036890497
4064,16110,0.0033339078
4065,57793,0.2530429
4066,4197,0.006657913
4067,93652,0.09033116
4068,4467,0.0062180534
4069,113975,0.21633714
4070,35443,0.8396209
4071,57432,0.009914719
4072,94014,0.025163257
4073,65606,0.001594577
4074,113256,0.020870145
4075,64257,0.009464335
4076,55655,0.53810483
4077,76932,0.12196414
4078,70437,0.04442142
4079,5150,0.0022161861
4080,9246,0.00088303705
4081,59222,0.04120647
4082,43983,0.8648343
4083,34185,0.05321108
4084,68154,0.026131436
4085,55183,0.00548509
4086,72790,0.6469486
4087,85241,0.40806052
4088,95972,0.0008358804
4089,44352,0.63320017
4090,74195,0.78680277
4091,83600,0.030229522
4092,62377,0.70096636
4093,82161,0.5564399
4094,62550,0.033737633
4095,11224,0.05119207
4096,49366,0.5199695
4097,52044,0.058515623
4098,102659,0.56254977
4099,52964,0.0030581567
4100,112908,0.0065125637
4101,34509,0.0019416765
4102,27914,0.008272674
4103,80198,0.0027739054
4104,34041,0.53810483
4105,77160,0.0030927279
4106,115741,0.03712462
4107,82329,0.009821194
4108,6770,0.5668262
4109,45134,0.18161628
4110,44943,0.00071399944
4111,7604,0.92601115
4112,65902,0.0032679527
4113,105192,0.055676825
4114,69215,0.28690222
4115,4540,0.09586386
4116,13539,0.0020977086
4117,90979,0.27749422
4118,49874,0.018870234
4119,83824,0.0065870252
4120,99592,0.07262648
4121,74953,0.70096636
4122,95222,0.55566055
4123,46853,0.83780795
4124,74154,0.8105139
4125,78674,0.0067628836
4126,81591,0.7957864
4127,17721,0.0026204984
4128,45270,0.019592067
4129,93504,0.0032926274
4130,84769,0.0016989608
4131,81201,0.03961124
4132,30938,0.036068562
4133,101427,0.7534244
4134,112879,0.0919676
4135,14669,0.14979403
4136,62706,0.56254977
4137,50537,0.55566055
4138,108373,0.72432643
4139,79168,0.0046508964
4140,16736,0.043177195
4141,91700,0.53241813
4142,42964,0.009028697
4143,89645,0.009675414
4144,28191,0.80551404
4145,6679,0.02281438
4146,12414,0.004945695
4147,87525,0.6405128
4148,63224,0.029510276
4149,109386,0.012002181
4150,4407,0.8936748
4151,28950,0.0014865984
4152,29680,0.7870787
4153,48351,0.00091765885
4154,101694,0.0031988397
4155,6671,0.19379702
4156,30123,0.00548509
4157,92740,0.0013016528
4158,69437,0.01963105
4159,59523,0.27065274
4160,92165,0.13317084
4161,97047,0.008273953
4162,16150,0.56254977
4163,82266,0.088731185
4164,44858,0.004906048
4165,45420,0.05849908
4166,72504,0.8452152
4167,31437,0.53810483
4168,42771,0.002601184
4169,104623,0.20612341
4170,25766,0.026034497
4171,75539,0.006201715
4172,61071,0.35608795
4173,74480,0.44101527
4174,20587,0.0016130267
4175,41803,0.0008619398
4176,1808,0.008848843
4177,9741,0.18802774
4178,104157,0.0065813614
4179,48515,0.009464335
4180,76699,0.013852864
4181,6224,0.42486593
4182,95225,0.002206091
4183,76676,0.37036392
4184,63262,0.7957864
4185,51334,0.0011093647
4186,26498,0.08677969
4187,58247,0.009167487
4188,17819,0.6221493
4189,112965,0.28550902
4190,8996,0.062338326
4191,113106,0.0027499474
4192,14815,0.0061646467
4193,25936,0.8383819
4194,28510,0.058077905
4195,3019,0.041290887
4196,36534,0.00071399944
4197,69967,0.008226825
4198,100512,0.2717418
4199,110289,0.6978835
4200,82289,0.28651854
4201,44170,0.023232002
4202,115063,0.006368312
4203,93577,0.13200876
4204,12499,0.51799
4205,45495,0.004001671
4206,101208,0.05340695
4207,29728,0.03099253
4208,26724,0.051835634
4209,63979,0.019603891
4210,46370,0.0055080983
4211,108290,0.063385546
4212,15193,0.004941173
4213,85954,0.0010611841
4214,41721,0.026034497
4215,45499,0.009912641
4216,47088,0.000988345
4217,72560,0.012002181
4218,46866,0.07216779
4219,103280,0.022487141
4220,14558,0.90747184
4221,104745,0.0028035452
4222,86059,0.060719058
4223,92079,0.43073845
4224,67807,0.27749422
4225,42556,0.86619526
4226,103579,0.44101527
4227,72143,0.5484025
4228,92892,0.013592036
4229,83053,0.011618249
4230,4834,0.018435312
4231,23082,0.13166432
4232,62669,0.15818791
4233,25787,0.0024920567
4234,109961,0.6280348
4235,86543,0.27749422
4236,31846,0.009535437
4237,13149,0.56254977
4238,21022,0.58656245
4239,87614,0.74877614
4240,2252,0.01793462
4241,67827,0.65579885
4242,57166,0.011346198
4243,22873,0.006315681
4244,92197,0.26711744
4245,25180,0.0013099525
4246,41411,0.07216779
4247,51193,0.051835634
4248,109925,0.03518552
4249,38809,0.004435666
4250,45003,0.07216779
4251,33713,0.55566055
4252,77563,0.5564428
4253,40431,0.5746138
4254,47439,0.8048408
4255,24624,0.009912641
4256,16406,0.055877678
4257,68465,0.44101527
4258,64509,0.0025522206
4259,97969,0.8824114
4260,98414,0.038123
4261,98681,0.8048408
4262,70524,0.006333206
4263,41736,0.05849908
4264,6810,0.023296796
4265,105294,0.013994806
4266,98015,0.8824114
4267,24313,0.03094668
4268,42001,0.07216779
4269,48031,0.47417194
4270,91907,0.21633714
4271,89945,0.037221175
4272,19272,0.4595519
4273,49051,0.72160727
4274,25212,0.5564428
4275,23682,0.011151619
4276,63704,0.005774845
4277,67061,0.030756127
4278,78520,0.56254977
4279,35370,0.56254977
4280,42832,0.82478386
4281,45004,0.0026432013
4282,62451,0.016420258
4283,87375,0.03341093
4284,88207,0.02267861
4285,64741,0.0032679527
4286,10025,0.07655283
4287,69948,0.595543
4288,109919,0.00519524
4289,6713,0.020802634
4290,40332,0.56254977
4291,103045,0.32012954
4292,88704,0.0049457047
4293,39230,0.0018720308
4294,47798,0.27749422
4295,77035,0.0043672123
4296,16219,0.0008896225
4297,42412,0.07216779
4298,6490,0.5072903
4299,19538,0.0010063612
4300,69508,0.44110775
4301,69528,0.43110844
4302,93905,0.72432643
4303,40948,0.026034497
4304,59076,0.009464335
4305,39017,0.011815024
4306,60753,0.009464335
4307,69054,0.07507838
4308,103877,0.76051444
4309,79729,0.113151684
4310,32409,0.00548509
4311,99473,0.07541292
4312,72488,0.088731185
4313,58873,0.82282555
4314,91526,0.36701018
4315,6762,0.018435312
4316,97858,0.088731185
4317,28823,0.0048642587
4318,35586,0.0013521969
4319,55363,0.0021450357
4320,77072,0.008226825
4321,40978,0.2681888
4322,438,0.0010288694
4323,30972,0.00548509
4324,49326,0.25401485
4325,508,0.26356134
4326,110180,0.003125425
4327,60661,0.25401485
4328,15868,0.009958303
4329,10308,0.008037274
4330,50032,0.35608795
4331,55381,0.70096636
4332,26154,0.0022230283
4333,103935,0.09472525
4334,64902,0.0032679527
4335,108344,0.015477657
4336,63073,0.0043947455
4337,59759,0.017814565
4338,100206,0.26164612
4339,101822,0.8824114
4340,77259,0.030588686
4341,70996,0.74877614
4342,41735,0.0035185819
4343,9608,0.72396594
4344,106362,0.014701023
4345,54023,0.00548509
4346,55649,0.53810483
4347,7076,0.13387792
4348,114985,0.30887675
4349,47151,0.07216779
4350,12633,0.011539402
4351,61338,0.024455195
4352,66591,0.022602122
4353,10567,0.7787814
4354,49859,0.56254977
4355,94746,0.34026608
4356,82346,0.32012954
4357,51425,0.0046847276
4358,17483,0.038057327
4359,100101,0.5561449
4360,15612,0.0072645247
4361,14834,0.09015878
4362,34193,0.0059171664
4363,92991,0.0034319775
4364,14737,0.006520383
4365,94426,0.8158503
4366,102051,0.018840158
4367,62507,0.033737633
4368,99264,0.36090043
4369,39778,0.046264153
4370,12385,0.86303943
4371,72254,0.28655696
4372,51885,0.015587914
4373,88898,0.005982618
4374,40532,0.03770976
4375,55761,0.022337878
4376,43658,0.008273953
4377,84789,0.009464335
4378,16781,0.56254977
4379,36166,0.0026540428
4380,44938,0.27065274
4381,83318,0.8648343
4382,22872,0.04829426
4383,25051,0.0028002425
4384,24910,0.001364926
4385,86911,0.0014928338
4386,55763,0.0034854359
4387,82245,0.44101527
4388,14400,0.27065274
4389,108519,0.02478145
4390,32996,0.9280332
4391,41334,0.05849908
4392,97939,0.0057182075
4393,67193,0.28481624
4394,89246,0.45818773
4395,12277,0.16857705
4396,52184,0.981851
4397,41974,0.07216779
4398,58802,0.0003994006
4399,54939,0.006438514
4400,73624,0.27749422
4401,9866,0.014975166
4402,69238,0.008381444
4403,31351,0.0017434077
4404,86156,0.009464335
4405,44379,0.5199695
4406,9329,0.0042824643
4407,54181,0.009157335
4408,92246,0.017806124
4409,81550,0.00770996
4410,2857,0.0630845
4411,94217,0.740201
4412,63427,0.0012601496
4413,96095,0.0020446456
4414,102738,0.56768835
4415,52643,0.015073597
4416,12376,0.032354392
4417,106046,0.32012954
4418,76823,0.0023091962
4419,61842,0.0017895015
4420,93037,0.74877614
4421,96790,0.0029086373
4422,91605,0.009821194
4423,111105,0.2836866
4424,108964,0.72432643
4425,74268,0.009805057
4426,111970,0.44110775
4427,74938,0.022602122
4428,30069,0.0008218583
4429,52590,0.009821194
4430,105222,0.77919436
4431,22142,0.030276319
4432,79132,0.16614494
4433,67301,0.0069606868
4434,91720,0.007261482
4435,112703,0.8943698
4436,32048,0.55566055
4437,41359,0.008520217
4438,53902,0.022337878
4439,74299,0.03712462
4440,1194,0.0048712925
4441,62921,0.82282555
4442,25362,0.0048442557
4443,51239,0.0027739054
4444,77059,0.00548509
4445,3609,0.9726573
4446,33703,0.002245344
4447,103625,0.011674052
4448,73848,0.00063333486
4449,90182,0.037221175
4450,49131,0.50516915
4451,45849,0.0041346923
4452,90922,0.014701023
4453,107501,0.036836438
4454,6033,0.030878393
4455,88243,0.15818791
4456,6012,0.005753058
4457,75767,0.017926535
4458,110587,0.72432643
4459,107527,0.0057210494
4460,20745,0.021367995
4461,101749,0.740201
4462,60536,0.018071875
4463,23373,0.021939708
4464,59757,0.008425987
4465,53527,0.015175118
4466,30131,0.015457122
4467,113660,0.0017369029
4468,12141,0.6616806
4469,34276,0.029439703
4470,29529,0.002723314
4471,45986,0.01312142
4472,80975,0.01683058
4473,1122,0.18412575
4474,90892,0.87290287
4475,90226,0.6405128
4476,95197,0.004369108
4477,115072,0.15497953
4478,32198,0.03554592
4479,108918,0.2648054
4480,112345,0.0073196455
4481,77993,0.7546378
4482,57674,0.006764972
4483,25073,0.013836444
4484,35852,0.0027460272
4485,39350,0.50516915
4486,11745,0.0042757494
4487,110550,0.0014832739
4488,100298,0.5011023
4489,67330,0.28655696
4490,9400,0.026583944
4491,68843,0.28651854
4492,21601,0.015686773
4493,7384,0.0020333205
4494,94624,0.17954442
4495,46831,0.007727845
4496,76708,0.26296425
4497,62,0.0073766
4498,32474,0.003996025
4499,3649,0.0011448081
4500,51703,0.55566055
4501,41837,0.0034718437
4502,33676,0.00623229
4503,79353,0.8824114
4504,89078,0.0031628895
4505,96009,0.7957864
4506,675,0.013621989
4507,108465,0.088731185
4508,86169,0.005660244
4509,7909,0.002541684
4510,114579,0.44619724
4511,46044,0.07216779
4512,66563,0.0022624633
4513,44571,0.05535128
4514,21347,0.015755283
4515,953,0.002541684
4516,66702,0.012809258
4517,15098,0.0015385207
4518,96061,0.0046676276
4519,53119,0.0014088094
4520,101507,0.011596056
4521,17928,0.0008896225
4522,29608,0.81943744
4523,71558,0.5992805
4524,95497,0.8824114
4525,84033,0.27749422
4526,57909,0.013969766
4527,101844,0.13249543
4528,47693,0.14800493
4529,69086,0.024699314
4530,66470,0.0032679527
4531,103335,0.5813491
4532,40728,0.45156
4533,62252,0.0011152347
4534,59919,0.006436934
4535,25944,0.026034497
4536,85736,0.011099343
4537,101098,0.00915058
4538,33380,0.026183767
4539,93899,0.006816271
4540,39429,0.89857846
4541,22262,0.003490421
4542,59826,0.0055325874
4543,65787,0.017881041
4544,63266,0.003908319
4545,84142,0.0020190005
4546,68069,0.78680277
4547,41092,0.35608795
4548,10987,0.004564075
4549,114451,0.0013112469
4550,45839,0.6803675
4551,80330,0.44101527
4552,96316,0.43110844
4553,13389,0.3138417
4554,32422,0.55566055
4555,70096,0.34312862
4556,29090,0.00797546
4557,81641,0.023693165
4558,63947,0.12398285
4559,24260,0.007727845
4560,58726,0.005507187
4561,53777,0.78245246
4562,54049,0.43110844
4563,106194,0.0048022447
4564,107616,0.77919436
4565,65876,0.0029380356
4566,37966,0.061359763
4567,94645,0.0023932334
4568,7322,0.091830544
4569,102277,0.088731185
4570,110688,0.56768835
4571,49346,0.011531356
4572,68988,0.27749422
4573,12069,0.19401732
4574,1220,0.93112916
4575,18466,0.0035713557
4576,84765,0.56254977
4577,51887,0.70115733
4578,10564,0.018435312
4579,81751,0.010426492
4580,84216,0.09072048
4581,85342,0.020371988
4582,110958,0.012002181
4583,90080,0.33409485
4584,88461,0.0024040558
4585,115441,0.24458449
4586,64709,0.5470303
4587,35221,0.34026608
4588,35735,0.35608795
4589,65436,0.004797168
4590,80435,0.088731185
4591,33136,0.00548509
4592,62410,0.43110844
4593,33265,0.012430387
4594,17314,0.002508714
4595,61530,0.014701023
4596,87505,0.15818791
4597,17892,0.006114427
4598,21406,0.0085350815
4599,84787,0.27749422
4600,102341,0.013172917
4601,6732,0.5733231
4602,10046,0.09586386
4603,76838,0.012002181
4604,73797,0.15818791
4605,59978,0.12101935
4606,2973,0.0032411073
4607,4888,0.4970651
4608,114881,0.010476967
4609,64442,0.003239281
4610,102706,0.012002181
4611,105865,0.05045914
4612,3693,0.5952976
4613,13448,0.0040493696
4614,9429,0.0131885335
4615,39241,0.09965071
4616,103242,0.7944973
4617,99187,0.0006643723
4618,40538,0.002089504
4619,43198,0.036068562
4620,93330,0.15818791
4621,105997,0.011169601
4622,37533,0.00192343
4623,28332,0.051835634
4624,90667,0.74877614
4625,24284,0.35608795
4626,82886,0.05849908
4627,84122,0.023927137
4628,44175,0.70096636
4629,103750,0.740201
4630,10093,0.018435312
4631,19526,0.055210017
4632,84223,0.4507486
4633,58477,0.34026608
4634,60313,0.33401656
4635,49417,0.002245344
4636,4846,0.7994104
4637,28069,0.6994286
4638,62864,0.74877614
4639,45896,0.0064137867
4640,83320,0.019156076
4641,55102,0.0025535503
4642,34359,0.14047155
4643,102133,0.7097762
4644,47884,0.02822482
4645,84486,0.0029182823
4646,46314,0.002298606
4647,88946,0.0040639127
4648,25479,0.00071399944
4649,111250,0.30226132
4650,30965,0.7808631
4651,108989,0.003494155
4652,105124,0.0045324643
4653,97647,0.53241813
4654,67238,0.030756127
4655,78110,0.00071399944
4656,61931,0.0971376
4657,71670,0.14047155
4658,31355,0.03099253
4659,103044,0.009081299
4660,76812,0.0027997617
4661,96503,0.44101527
4662,10294,0.035971805
4663,35398,0.02549277
4664,58829,0.56254977
4665,64625,0.0068213893
4666,39595,0.027021278
4667,4356,0.011539402
4668,113027,0.022487141
4669,66394,0.008077423
4670,45146,0.011341518
4671,17548,0.026633432
4672,9891,0.022405224
4673,81175,0.44110775
4674,13565,0.14313461
4675,22037,0.0058970894
4676,22972,0.003099
4677,52846,0.53810483
4678,61752,0.40806052
4679,82802,0.71711034
4680,86501,0.0041423747
4681,22955,0.3138417
4682,54226,0.024086565
4683,34683,0.8396209
4684,95146,0.006534743
4685,20526,0.01866755
4686,83343,0.0049405373
4687,112372,0.0006447782
4688,102696,0.87290287
4689,31093,0.015747255
4690,96459,0.8313067
4691,27956,0.26892516
4692,51087,0.2822489
4693,79693,0.57231045
4694,20780,0.010384128
4695,21589,0.056731757
4696,70942,0.74494725
4697,1155,0.7938868
4698,62723,0.74877614
4699,77824,0.012002181
4700,11817,0.0031000315
4701,108272,0.0024851675
4702,59611,0.0070391092
4703,108034,0.24384014
4704,91430,0.36701018
4705,68499,0.005660244
4706,37876,0.0045383284
4707,87323,0.0018357717
4708,113052,0.28550902
4709,14350,0.033737633
4710,88503,0.015755283
4711,15609,0.978205
4712,23293,0.0072224718
4713,39586,0.45156
4714,85470,0.0023790537
4715,25496,0.07216779
4716,112268,0.0053627514
4717,19963,0.00792895
4718,3468,0.11621293
4719,42248,0.26892516
4720,8018,0.0025496013
4721,32302,0.010732631
4722,83806,0.57231045
4723,10657,0.5673918
4724,19714,0.001370621
4725,114995,0.004290153
4726,115296,0.09615203
4727,44704,0.010733972
4728,70631,0.9347575
4729,47995,0.32012954
4730,18507,0.0005664199
4731,84906,0.08743773
4732,78952,0.01858439
4733,27026,0.051835634
4734,100484,0.002298606
4735,59147,0.5992805
4736,12881,0.0017000175
4737,18953,0.009005888
4738,90856,0.42777395
4739,113819,0.15299875
4740,2785,0.055490583
4741,60652,0.00062730437
4742,11677,0.018435312
4743,38992,0.001914828
4744,44769,0.0016614499
4745,48607,0.00078567496
4746,5467,0.72396594
4747,49418,0.0013267341
4748,104132,0.37814116
4749,115171,0.0065137455
4750,40751,0.03770976
4751,81364,0.012002181
4752,44944,0.5199695
4753,73548,0.8257123
4754,27349,0.0036890497
4755,97656,0.55050915
4756,3746,0.002177989
4757,24922,0.1536116
4758,11945,0.011717391
4759,15482,0.0010132142
4760,106477,0.0032679527
4761,92712,0.09072048
4762,94895,0.088731185
4763,26391,0.009609185
4764,69143,0.029157756
4765,40401,0.011812519
4766,71228,0.030523187
4767,48708,0.8468055
4768,37199,0.11857234
4769,73489,0.001556222
4770,11216,0.0029030791
4771,13430,0.90747184
4772,35687,0.53810483
4773,23567,0.07216779
4774,87088,0.007863356
4775,8906,0.018435312
4776,51556,0.6393588
4777,74011,0.4507486
4778,17241,0.81131
4779,35246,0.8396209
4780,101222,0.0009993693
4781,73438,0.89139336
4782,90246,0.012002181
4783,115411,0.008680334
4784,64170,0.008431411
4785,21341,0.010384128
4786,44847,0.030362654
4787,86556,0.0061015747
4788,113739,0.8048408
4789,90429,0.74494725
4790,81571,0.012002181
4791,86552,0.20995115
4792,56896,0.8396209
4793,39181,0.001943877
4794,103728,0.0031547274
4795,24584,0.12072263
4796,4106,0.0047771786
4797,109413,0.021725003
4798,87075,0.025540981
4799,98176,0.54879576
4800,8627,0.5889251
4801,17469,0.115319245
4802,59828,0.014092835
4803,108522,0.004291899
4804,21919,0.68531793
4805,32317,0.43110844
4806,35623,0.006641377
4807,41313,0.43110844
4808,57009,0.00094554515
4809,60081,0.6504956
4810,43643,0.0043665324
4811,98576,0.8824114
4812,29189,0.01757778
4813,80309,0.003074598
4814,31105,0.015104119
4815,61596,0.029188784
4816,57150,0.0033542486
4817,98141,0.83607364
4818,66762,0.009464335
4819,57063,0.0602134
4820,82294,0.019603891
4821,49336,0.8396209
4822,13422,0.8396209
4823,86809,0.003924055
4824,20580,0.12032117
4825,43033,0.059736237
4826,96570,0.74846315
4827,45351,0.8571322
4828,50910,0.010952477
4829,72125,0.0028737192
4830,47661,0.07216779
4831,3634,0.89984685
4832,111978,0.7174389
4833,3340,0.062338326
4834,62155,0.7957864
4835,35775,0.002211317
4836,75190,0.001953202
4837,26454,0.03099253
4838,105242,0.009193298
4839,79533,0.008077423
4840,108531,0.7180863
4841,9074,0.011714641
4842,41639,0.010467713
4843,30856,0.011264443
4844,36226,0.56254977
4845,52225,0.34026608
4846,16862,0.35608795
4847,37476,0.26892516
4848,100378,0.066196755
4849,11748,0.0019067771
4850,100719,0.05468364
4851,19600,0.7960921
4852,91837,0.020793473
4853,33439,0.0024813854
4854,37944,0.007328334
4855,14903,0.0036722529
4856,41436,0.78245246
4857,114595,0.00439948
4858,42781,0.09965071
4859,42288,0.63145876
4860,13416,0.19263211
4861,65383,0.0065740487
4862,98984,0.5122181
4863,84993,0.7186213
4864,72537,0.009821194
4865,32761,0.5199695
4866,102598,0.0016866768
4867,114782,0.00674705
4868,94859,0.0076052328
4869,66269,0.016420258
4870,37610,0.09237153
4871,65786,0.53578204
4872,11429,0.018435312
4873,68712,0.088731185
4874,2648,0.05132953
4875,109379,0.0073533654
4876,83078,0.55050915
4877,102426,0.5424639
4878,32732,0.38921523
4879,94692,0.019717583
4880,3564,0.0630845
4881,57884,0.8396209
4882,21534,0.031545628
4883,40705,0.014004924
4884,44205,0.24128486
4885,9759,0.0024450808
4886,14726,0.0015385207
4887,27602,0.8468055
4888,104376,0.58310384
4889,51607,0.0031785637
4890,83975,0.27749422
4891,83792,0.78680277
4892,94587,0.0012422907
4893,55935,0.7957864
4894,66580,0.0030163373
4895,33445,0.0060937977
4896,35365,0.0031729303
4897,38402,0.0011321133
4898,88398,0.09362373
4899,111360,0.32741356
4900,111791,0.0023091962
4901,9333,0.14969523
4902,47786,0.21549764
4903,40137,0.43110844
4904,57407,0.013172917
4905,62540,0.14340317
4906,107855,0.03961124
4907,32291,0.0147084845
4908,108393,0.74846315
4909,37069,0.109097295
4910,43695,0.008520217
4911,69139,0.013729459
4912,20053,0.033737633
4913,78405,0.05184522
4914,62347,0.6405128
4915,92016,0.0009628697
4916,73813,0.15818791
4917,66719,0.019717583
4918,108639,0.0031731986
4919,113890,0.86641574
4920,19015,0.0077505847
4921,19118,0.0020691345
4922,43779,0.026034497
4923,63759,0.0023109205
4924,57349,0.0013636604
4925,8209,0.0028192822
4926,103463,0.020892661
4927,74731,0.1361123
4928,90119,0.7174389
4929,95327,0.0184496
4930,96779,0.0952328
4931,66592,0.12182369
4932,66680,0.0026414657
4933,49064,0.029157756
4934,115696,0.017257174
4935,23546,0.0015939069
4936,20597,0.021367995
4937,7857,0.002564191
4938,7938,0.062338326
4939,77877,0.8468055
4940,61042,0.78680277
4941,27250,0.0020964195
4942,23521,0.003246087
4943,31053,0.010889912
4944,15568,0.11021283
4945,100787,0.5561449
4946,111586,0.009890048
4947,26976,0.011154927
4948,95618,0.11725103
4949,23897,0.00071399944
4950,97740,0.14733292
4951,92214,0.74877614
4952,29211,0.26892516
4953,59093,0.21549764
4954,33225,0.00071399944
4955,103999,0.7957864
4956,81640,0.0016062893
4957,74064,0.008786702
4958,84968,0.088731185
4959,58338,0.1937872
4960,42045,0.0022403651
4961,15024,0.04001529
4962,62881,0.013729459
4963,44627,0.8383819
4964,103993,0.12259507
4965,107612,0.006053203
4966,114615,0.012610531
4967,49957,0.7301842
4968,108739,0.00474654
4969,80478,0.012793837
4970,41769,0.0076667564
4971,103926,0.004517049
4972,44954,0.00071399944
4973,63600,0.022337878
4974,1683,0.35759604
4975,50255,0.72160727
4976,35457,0.55566055
4977,13965,0.01096725
4978,94438,0.55566055
4979,99802,0.7130009
4980,29668,0.70096636
4981,88146,0.74877614
4982,93541,0.015073597
4983,115908,0.09726162
4984,107387,0.012002181
4985,86804,0.088731185
4986,41246,0.00091765885
4987,72345,0.027543819
4988,97692,0.005812438
4989,29265,0.26892516
4990,112350,0.025977654
4991,55074,0.0020691345
4992,103694,0.0013275665
4993,85702,0.009223896
4994,85856,0.008393984
4995,80504,0.2836866
4996,56304,0.024688467
4997,104240,0.32012954
4998,50338,0.01169598
4999,41505,0.03099253
5000,8682,0.0036579517
5001,11712,0.035971805
5002,74894,0.78680277
5003,38249,0.07216779
5004,30264,0.55566055
5005,50703,0.6316835
5006,81247,0.8007061
5007,37317,0.046264153
5008,47564,0.0031122733
5009,52229,0.036068562
5010,92976,0.003743473
5011,11496,0.023489378
5012,13029,0.72396594
5013,46155,0.012401631
5014,114874,0.36090043
5015,89192,0.35038942
5016,77242,0.74877614
5017,42066,0.8648343
5018,20988,0.010384128
5019,80774,0.0021576334
5020,12666,0.51799
5021,41670,0.6469486
5022,6236,0.09586386
5023,40013,0.015417384
5024,55632,0.03323246
5025,6459,0.0024141555
5026,77347,0.48679414
5027,28212,0.06473478
5028,38132,0.6603064
5029,95925,0.49711153
5030,99401,0.04589014
5031,8074,0.00659286
5032,70877,0.8452152
5033,8329,0.002541684
5034,69009,0.5199695
5035,14331,0.4704488
5036,18485,0.0022482665
5037,45235,0.07216779
5038,52783,0.009878111
5039,49491,0.56254977
5040,36160,0.34026608
5041,34159,0.8468055
5042,61011,0.15818791
5043,33463,0.09965071
5044,103081,0.44101527
5045,63119,0.7562229
5046,8493,0.025367532
5047,66491,0.0027497173
5048,64025,0.003239281
5049,112444,0.03431963
5050,70967,0.0069135088
5051,92705,0.0015673871
5052,54531,0.056531325
5053,59940,0.74877614
5054,110441,0.0011279028
5055,30678,0.008787889
5056,112000,0.7957864
5057,105427,0.77919436
5058,35912,0.55566055
5059,10851,0.3712566
5060,47233,0.003490421
5061,114933,0.017210146
5062,57258,0.03439601
5063,94972,0.009464335
5064,57102,0.015073597
5065,18352,0.0040757065
5066,114842,0.004914254
5067,72209,0.0015500668
5068,20507,0.009884111
5069,96257,0.010908412
5070,74463,0.009223896
5071,97156,0.7186213
5072,19364,0.008941969
5073,11970,0.23194364
5074,17516,0.5564428
5075,91897,0.010409325
5076,56498,0.48679414
5077,110574,0.0020110481
5078,63310,0.004797168
5079,114124,0.0078068604
5080,17791,0.25401485
5081,15492,0.00050647464
5082,55783,0.051835634
5083,29269,0.015104119
5084,75272,0.2693841
5085,101973,0.11035589
5086,15496,0.011878749
5087,6378,0.72697836
5088,82055,0.008869213
5089,61878,0.15818791
5090,83170,0.7174389
5091,31533,0.55566055
5092,115723,0.04631971
5093,60309,0.8452152
5094,20410,0.0025508106
5095,31964,0.0020691345
5096,42700,0.005083313
5097,78210,0.0065125637
5098,111783,0.013700311
5099,13132,0.5251251
5100,23503,0.4507486
5101,13150,0.061093617
5102,57312,0.0016650533
5103,69638,0.74877614
5104,99606,0.023460362
5105,62134,0.0058264937
5106,16990,0.01858439
5107,87318,0.015228036
5108,61602,0.009464335
5109,55736,0.024851007
5110,64117,0.009464335
5111,20163,0.033737633
5112,5415,0.0031324124
5113,27206,0.45156
5114,110120,0.006027923
5115,35566,0.004536562
5116,56096,0.013729459
5117,39902,0.00623229
5118,76622,0.18866682
5119,69047,0.05044148
5120,70767,0.53810483
5121,59341,0.76814204
5122,89285,0.25741103
5123,115527,0.022487141
5124,54093,0.051835634
5125,102794,0.011099343
5126,69962,0.2530429
5127,104421,0.0023310836
5128,59819,0.74877614
5129,37427,0.6405644
5130,9602,0.0061873607
5131,36300,0.0012086659
5132,78137,0.58656245
5133,64653,0.0044435086
5134,15677,0.0910583
5135,113009,0.014802832
5136,15451,0.04471694
5137,95076,0.0012637374
5138,81530,0.74603975
5139,44957,0.01695901
5140,27588,0.007013881
5141,58579,0.93253547
5142,6230,0.0039990717
5143,35915,0.01935918
5144,103467,0.08855862
5145,103720,0.72432643
5146,53823,0.0044330666
5147,113019,0.039470937
5148,51183,0.011154927
5149,58214,0.5992805
5150,71816,0.088731185
5151,69570,0.02976116
5152,14360,0.004791189
5153,14052,0.0011465587
5154,78953,0.008381444
5155,111641,0.44110775
5156,22062,0.09965071
5157,50846,0.003490421
5158,4021,0.72396594
5159,4117,0.011465857
5160,108135,0.6975435
5161,104715,0.05045914
5162,44935,0.014682497
5163,53732,0.09965071
5164,16766,0.52278453
5165,918,0.007086262
5166,85460,0.7823912
5167,35714,0.5564428
5168,28313,0.046264153
5169,90758,0.35608795
5170,80829,0.012990009
5171,96020,0.0029501852
5172,92053,0.003092922
5173,54118,0.30981666
5174,72266,0.026396753
5175,111001,0.022487141
5176,84241,0.011864133
5177,109724,0.009410812
5178,95108,0.45156
5179,54558,0.55566055
5180,6119,0.16574548
5181,38688,0.026034497
5182,31849,0.0010296946
5183,104065,0.4014242
5184,83265,0.0034526424
5185,26194,0.051835634
5186,106636,0.5336217
5187,52461,0.011760972
5188,43215,0.029409917
5189,112441,0.72174394
5190,26328,0.00699333
5191,83315,0.003516046
5192,47433,0.0008218583
5193,27019,0.55566055
5194,58685,0.003831475
5195,81737,0.7957864
5196,77339,0.003016383
5197,13932,0.8850316
5198,92790,0.0026233755
5199,106994,0.054258656
5200,24532,0.027091615
5201,113615,0.8073558
5202,30474,0.055156678
5203,82917,0.02005184
5204,29716,0.21041061
5205,7890,0.0018422488
5206,18568,0.0022865096
5207,17986,0.04653949
5208,77412,0.009464335
5209,78528,0.32464874
5210,18135,0.002508714
5211,67836,0.1478061
5212,61720,0.019603891
5213,40041,0.17962755
5214,27412,0.0069172354
5215,7153,0.0016941217
5216,39003,0.84989583
5217,22396,0.029510276
5218,68534,0.017926535
5219,44976,0.762075
5220,96513,0.44110775
5221,108616,0.0043525947
5222,30073,0.051835634
5223,20234,0.0012367058
5224,112494,0.6280348
5225,41368,0.38217098
5226,76601,0.012002181
5227,62642,0.0075527937
5228,3210,0.02281438
5229,35715,0.020528749
5230,102122,0.0806475
5231,94454,0.34026608
5232,2007,0.050541647
5233,2638,0.77394706
5234,91701,0.024621304
5235,56784,0.0063969376
5236,101178,0.0022250186
5237,51399,0.016274247
5238,8071,0.001940119
5239,34687,0.94755405
5240,91074,0.44101527
5241,787,0.0008120926
5242,12719,0.050752394
5243,91298,0.009774512
5244,9679,0.4087485
5245,12011,0.0013856837
5246,84808,0.27749422
5247,133,0.04001529
5248,69879,0.43640235
5249,64375,0.0069294083
5250,82381,0.03712462
5251,82978,0.41344064
5252,72762,0.56254977
5253,105564,0.028317085
5254,74599,0.009561459
5255,110966,0.0077314074
5256,89533,0.74877614
5257,60104,0.09936662
5258,52581,0.012002181
5259,71576,0.01824708
5260,44914,0.019273985
5261,42588,0.0008271332
5262,85257,0.44101527
5263,74975,0.001207942
5264,113443,0.012367699
5265,19251,0.0009922411
5266,104248,0.42961618
5267,56147,0.006232065
5268,71934,0.4000341
5269,46729,0.026034497
5270,69222,0.00063333486
5271,82551,0.44110775
5272,110457,0.02045655
5273,74922,0.015073597
5274,51812,0.53810483
5275,2050,0.056403317
5276,61575,0.0043947455
5277,71261,0.005660244
5278,25863,0.045925826
5279,55328,0.43110844
5280,1361,0.017732827
5281,86745,0.27749422
5282,95180,0.7097762
5283,55837,0.008456848
5284,21959,0.0047856807
5285,29193,0.4679668
5286,70725,0.020867268
5287,5975,0.0011448081
5288,70797,0.28651854
5289,77842,0.0016723784
5290,92474,0.07541292
5291,37661,0.0058263196
5292,6155,0.09586386
5293,87969,0.005982618
5294,89915,0.044401217
5295,55964,0.74877614
5296,111352,0.022185924
5297,74780,0.012432675
5298,10134,0.094226286
5299,96812,0.0034039144
5300,56912,0.34026608
5301,8438,0.019066377
5302,33971,0.006175711
5303,15477,0.011878749
5304,99498,0.09057939
5305,65028,0.06236372
5306,28317,0.051835634
5307,71164,0.74494725
5308,75305,0.0063888356
5309,105766,0.0753909
5310,28108,0.26892516
5311,58527,0.018774593
5312,104369,0.0025224509
5313,65590,0.011080366
5314,101309,0.72432643
5315,49484,0.55050915
5316,10460,0.002652343
5317,25840,0.8432887
5318,114015,0.0044738897
5319,40764,0.0012848104
5320,5424,0.09586386
5321,37360,0.00091765885
5322,76549,0.016420258
5323,84267,0.27749422
5324,68350,0.7960921
5325,97428,0.87290287
5326,40934,0.0008271332
5327,7994,0.014625275
5328,1767,0.0018700494
5329,104193,0.016635763
5330,76813,0.005982618
5331,106705,0.01756049
5332,96358,0.7130009
5333,86486,0.45156
5334,62616,0.029653657
5335,82351,0.004229701
5336,91077,0.87290287
5337,47191,0.0126929935
5338,23915,0.0008275467
5339,96604,0.014067078
5340,59326,0.53810483
5341,96406,0.7130009
5342,95473,0.43110844
5343,57274,0.0015587497
5344,105796,0.5448597
5345,110874,0.5133302
5346,35313,0.43110844
5347,18820,0.0114355
5348,47970,0.016448531
5349,104346,0.008121851
5350,106011,0.02648638
5351,52969,0.81452924
5352,3772,0.2026184
5353,102641,0.8750319
5354,83687,0.014154177
5355,76706,0.27749422
5356,14,0.05119207
5357,31520,0.03897982
5358,92381,0.44110775
5359,98747,0.72105354
5360,70597,0.27749422
5361,42267,0.002932731
5362,68468,0.013729459
5363,66826,0.68550783
5364,64643,0.001927363
5365,102993,0.029250575
5366,110090,0.02189095
5367,33078,0.006046115
5368,24466,0.5251251
5369,2884,0.062338326
5370,102622,0.00063333486
5371,62017,0.0031279384
5372,45229,0.03099253
5373,77599,0.27065274
5374,24720,0.81023467
5375,78816,0.8396209
5376,8961,0.00659286
5377,80151,0.0026068573
5378,67704,0.004699672
5379,84446,0.14736001
5380,82493,0.007304721
5381,107747,0.72432643
5382,74563,0.008167763
5383,67653,0.006436934
5384,111866,0.04631971
5385,77827,0.07221661
5386,43482,0.03099253
5387,85253,0.012744415
5388,31970,0.55566055
5389,74578,0.03712462
5390,40408,0.00092659536
5391,45183,0.07216779
5392,52257,0.009914719
5393,1715,0.004601814
5394,105845,0.014014389
5395,55859,0.05849908
5396,634,0.012315597
5397,90102,0.43110844
5398,90516,0.008029135
5399,26321,0.044345856
5400,103838,0.022487141
5401,10990,0.020802634
5402,89305,0.033031646
5403,74750,0.008425987
5404,5160,0.002541684
5405,25359,0.00970927
5406,107915,0.04640792
5407,114659,0.72160727
5408,105583,0.740201
5409,99760,0.0017174867
5410,6905,0.028729357
5411,48105,0.15818791
5412,73523,0.09362373
5413,22786,0.0029406643
5414,18681,0.04180635
5415,6889,0.022204941
5416,88132,0.088731185
5417,110506,0.44101527
5418,108712,0.76776457
5419,89464,0.088731185
5420,69010,0.5404774
5421,108410,0.042749263
5422,55615,0.53810483
5423,45458,0.016924987
5424,88147,0.009464335
5425,114845,0.0028346786
5426,31980,0.38921523
5427,63141,0.7957864
5428,89687,0.05849908
5429,97463,0.038123
5430,35226,0.55566055
5431,52898,0.06025181
5432,1223,0.012556184
5433,102077,0.0009033186
5434,62169,0.010645317
5435,14973,0.0006503791
5436,17077,0.46452016
5437,23039,0.0013233433
5438,43260,0.008520217
5439,107850,0.036836438
5440,55068,0.00797546
5441,101863,0.0020162966
5442,32130,0.2876366
5443,65744,0.01117166
5444,75129,0.005088332
5445,90467,0.5470555
5446,51624,0.53810483
5447,85180,0.0064311703
5448,83266,0.0036433842
5449,38703,0.01599738
5450,38369,0.09965071
5451,41424,0.43073845
5452,45827,0.09206185
5453,45640,0.58656245
5454,41521,0.0052425927
5455,3322,0.010081688
5456,36886,0.0046639293
5457,27675,0.80551404
5458,98488,0.00357522
5459,58647,0.948089
5460,46816,0.45156
5461,76154,0.56254977
5462,102576,0.0015664175
5463,45158,0.45156
5464,63038,0.012002181
5465,100808,0.8824114
5466,2636,0.011986613
5467,83467,0.03712462
5468,64545,0.009464335
5469,52691,0.833328
5470,41782,0.00071399944
5471,108533,0.5011023
5472,56919,0.55566055
5473,28448,0.19291556
5474,59407,0.0026955316
5475,2767,0.062338326
5476,97379,0.0047058305
5477,50959,0.8571322
5478,115852,0.5011023
5479,94540,0.029374767
5480,40195,0.00071399944
5481,8022,0.18191797
5482,2708,0.60496414
5483,76383,0.09072048
5484,50439,0.0041262996
5485,36340,0.53810483
5486,2896,0.0015436125
5487,78482,0.0042956257
5488,40443,0.8712046
5489,58983,0.2822489
5490,82609,0.7174389
5491,4380,0.018435312
5492,92791,0.0018238227
5493,63962,0.0031058695
5494,986,0.5199695
5495,27762,0.80551404
5496,86301,0.006816271
5497,68784,0.011693742
5498,44736,0.0070958775
5499,88316,0.0038716542
5500,10260,0.0037870116
5501,62908,0.049621135
5502,27992,0.036068562
5503,78387,0.14313461
5504,64207,0.0032679527
5505,102008,0.0009787448
5506,80838,0.0065125637
5507,107764,0.0042354874
5508,84713,0.001560757
5509,33360,0.026183767
5510,61325,0.031913612
5511,62948,0.036068562
5512,41458,0.029409917
5513,18138,0.30027738
5514,198,0.036316633
5515,80548,0.35608795
5516,17370,0.800949
5517,14089,0.00039028266
5518,91828,0.088731185
5519,69321,0.0062700063
5520,63390,0.048436794
5521,26147,0.005284599
5522,52816,0.2530429
5523,79926,0.15818791
5524,76994,0.088731185
5525,51428,0.55566055
5526,36149,0.35608795
5527,103053,0.44101527
5528,64107,0.0069722687
5529,1623,0.008455092
5530,30531,0.2822489
5531,104511,0.0023601996
5532,41139,0.0015411973
5533,31807,0.009535437
5534,43055,0.0053708153
5535,24521,0.030330224
5536,77331,0.43110844
5537,85812,0.71711034
5538,78270,0.006046115
5539,71477,0.6405128
5540,65666,0.008077423
5541,97319,0.005495176
5542,16728,0.000750389
5543,80088,0.0063610356
5544,102209,0.0016989608
5545,105476,0.35608795
5546,55908,0.64709985
5547,60464,0.014701023
5548,39475,0.0153315
5549,46450,0.58656245
5550,34157,0.74603975
5551,86869,0.0015184778
5552,50054,0.0006829756
5553,73293,0.005943083
5554,115437,0.008974909
5555,12321,0.0028595522
5556,15232,0.20638372
5557,14214,0.008561134
5558,32120,0.08277012
5559,28118,0.006641377
5560,54797,0.013969766
5561,82114,0.48679414
5562,33351,0.35608795
5563,97677,0.13200876
5564,104214,0.5011023
5565,70359,0.0037919926
5566,39349,0.0018060576
5567,92586,0.53241813
5568,4196,0.31913745
5569,24930,0.8236736
5570,40345,0.02664324
5571,111422,0.014404957
5572,24966,0.35608795
5573,66292,0.014376497
5574,14540,0.033737633
5575,73787,0.7957864
5576,84445,0.43110844
5577,66258,0.0013460245
5578,19685,0.0014924627
5579,62140,0.5673918
5580,30485,0.0027078087
5581,100724,0.01126131
5582,103078,0.43110844
5583,16769,0.00139357
5584,21559,0.9038678
5585,23118,0.0015499339
5586,97704,0.53241813
5587,99268,0.0834848
5588,36885,0.051835634
5589,25509,0.057052296
5590,87476,0.010525678
5591,53858,0.56254977
5592,216,0.75017023
5593,30404,0.0007413911
5594,73011,0.016420258
5595,20386,0.20339376
5596,28273,0.0066901026
5597,49668,0.55566055
5598,97017,0.03844185
5599,93441,0.5011023
5600,86483,0.04640792
5601,76524,0.0027739054
5602,1500,0.17347047
5603,105493,0.002155899
5604,103111,0.56768835
5605,1763,0.003143332
5606,3930,0.062338326
5607,62556,0.0099807475
5608,37591,0.7870787
5609,97144,0.037525315
5610,30009,0.53810483
5611,100586,0.013852864
5612,99742,0.008307022
5613,62161,0.5564428
5614,23529,0.029510276
5615,4357,0.049947165
5616,39980,0.56254977
5617,96407,0.0045030355
5618,111262,0.5011023
5619,73992,0.026272386
5620,57023,0.00305289
5621,54828,0.35608795
5622,13882,0.010041319
5623,109950,0.28763485
5624,7095,0.002564191
5625,76697,0.012793837
5626,51896,0.01169598
5627,66049,0.01117166
5628,30524,0.53810483
5629,2278,0.0038968078
5630,16047,0.055877678
5631,2201,0.0016742973
5632,79143,0.012002181
5633,37309,0.020251123
5634,55738,0.09965071
5635,39485,0.43110844
5636,100410,0.28550902
5637,95940,0.00053717423
5638,102178,0.5069074
5639,108752,0.0029380356
5640,93863,0.5448597
5641,3414,0.05236318
5642,70338,0.665897
5643,85966,0.011629913
5644,91478,0.43110844
5645,39046,0.055461396
5646,42193,0.8468055
5647,76350,0.004684312
5648,31104,0.0099509
5649,80794,0.013852864
5650,68827,0.0039521432
5651,44136,0.010911278
5652,65857,0.01117166
5653,21370,0.0028457486
5654,61982,0.931899
5655,55316,0.0009941789
5656,25910,0.027762443
5657,55037,0.060939007
5658,5573,0.7994104
5659,71888,0.031857833
5660,10651,0.001305149
5661,17677,0.12804033
5662,101183,0.009464335
5663,108528,0.0023932334
5664,85131,0.0048714913
5665,68397,0.886445
5666,10652,0.13030438
5667,11971,0.062361155
5668,53731,0.01858439
5669,82157,0.4507486
5670,109858,0.014105375
5671,74155,0.006366116
5672,57464,0.53810483
5673,60070,0.0021843435
5674,88089,0.011583771
5675,24681,0.008851178
5676,65453,0.014205743
5677,19999,0.0015155727
5678,93758,0.0060151657
5679,94654,0.008460599
5680,75837,0.71711034
5681,43737,0.70096636
5682,81752,0.0013307654
5683,18824,0.0019542351
5684,41068,0.56254977
5685,43683,0.26892516
5686,58119,0.53810483
5687,68761,0.01099337
5688,13917,0.5564428
5689,41482,0.005376866
5690,16843,0.055877678
5691,38608,0.04285969
5692,16358,0.0038348325
5693,64055,0.024114339
5694,94115,0.0023932334
5695,50260,0.00091765885
5696,60755,0.02001361
5697,35285,0.0058711967
5698,103501,0.01944523
5699,7716,0.015786458
5700,67223,0.0607168
5701,103327,0.0753909
5702,61795,0.013700311
5703,86119,0.4507486
5704,95266,0.0059715067
5705,34968,0.9260319
5706,365,0.15217422
5707,29229,0.70096636
5708,50999,0.02329308
5709,30476,0.014470227
5710,42357,0.0038353244
5711,46386,0.83780795
5712,73260,0.054273292
5713,28867,0.0050840126
5714,113634,0.0026820288
5715,10765,0.0014240809
5716,2887,0.0630845
5717,51293,0.0026062797
5718,93454,0.0073533654
5719,91590,0.7957864
5720,69158,0.0034332157
5721,87636,0.023424046
5722,19215,0.014154177
5723,13426,0.0034383622
5724,20821,0.005124738
5725,57972,0.34026608
5726,37865,0.119891986
5727,27468,0.8648343
5728,1665,0.12782732
5729,103895,0.0048022447
5730,48499,0.087790936
5731,74759,0.012002181
5732,90880,0.57717556
5733,5231,0.0012813683
5734,95324,0.33319384
5735,76453,0.00616772
5736,101714,0.006189789
5737,3849,0.0030684348
5738,91136,0.13317084
5739,81951,0.690318
5740,113117,0.008989799
5741,42242,0.035774108
5742,64760,0.0019729873
5743,65052,0.009223896
5744,10443,0.061086357
5745,40758,0.014503621
5746,82758,0.44110775
5747,879,0.0058638845
5748,49408,0.008123929
5749,28912,0.044345856
5750,37014,0.0052598515
5751,27140,0.038402162
5752,56515,0.74877614
5753,10798,0.014075083
5754,30071,0.5199695
5755,6736,0.008305065
5756,41668,0.028174058
5757,23512,0.0014832739
5758,91844,0.57717556
5759,413,0.014625275
5760,14668,0.0067118155
5761,57666,0.051835634
5762,21736,0.008011415
5763,85212,0.017211052
5764,29560,0.019717583
5765,105807,0.04631971
5766,34786,0.0075560035
5767,89367,0.013172917
5768,77344,0.005660244
5769,4552,0.86206925
5770,17429,0.8396209
5771,46459,0.004628167
5772,115756,0.02921326
5773,52916,0.005964554
5774,92273,0.67893946
5775,73219,0.18866682
5776,15225,0.20433028
5777,70056,0.15818791
5778,113290,0.020870145
5779,106757,0.0037914074
5780,63452,0.033737633
5781,46300,0.027091615
5782,22183,0.07216779
5783,20822,0.0028903463
5784,45833,0.005349778
5785,14451,0.060596347
5786,42010,0.07216779
5787,80380,0.0024941664
5788,61295,0.74877614
5789,21937,0.029409917
5790,81986,0.74494725
5791,7618,0.46748677
5792,17923,0.0910583
5793,65881,0.03795027
5794,35508,0.07610882
5795,76864,0.013172917
5796,34569,0.0016818782
5797,88019,0.063176416
5798,89692,0.012653263
5799,31278,0.03099253
5800,3570,0.66060126
5801,42450,0.0077549713
5802,90529,0.72432643
5803,95535,0.0026817278
5804,67269,0.008381444
5805,27272,0.3138417
5806,87887,0.18362044
5807,111846,0.42961618
5808,102269,0.8396209
5809,53439,0.34026608
5810,33839,0.051989034
5811,2030,0.8923789
5812,13502,0.0018745332
5813,106740,0.07262648
5814,101747,0.006189789
5815,46350,0.4507486
5816,65580,0.008077423
5817,82519,0.004461394
5818,57918,0.005964554
5819,24594,0.021967418
5820,21688,0.6311782
5821,56012,0.35608795
5822,77214,0.74877614
5823,3126,0.0630845
5824,107453,0.5561449
5825,24977,0.009912641
5826,87368,0.2836866
5827,2314,0.014075083
5828,79162,0.003726379
5829,51691,0.53810483
5830,22046,0.0029406643
5831,10173,0.010273357
5832,49910,0.16491845
5833,91425,0.27749422
5834,4429,0.008968482
5835,3672,0.0018939243
5836,107365,0.0047683246
5837,102176,0.0044872425
5838,3163,0.0008806331
5839,61874,0.033501305
5840,35400,0.55566055
5841,62895,0.049621135
5842,82040,0.002145692
5843,83642,0.020371988
5844,2842,0.011986613
5845,50302,0.55566055
5846,115469,0.009523034
5847,13968,0.5199695
5848,91169,0.031761862
5849,1069,0.62524277
5850,68939,0.44110775
5851,66372,0.003239281
5852,13524,0.00082198717
5853,40826,0.014503621
5854,1649,0.00071399944
5855,7676,0.011587429
5856,92002,0.43110844
5857,37750,0.029911987
5858,95041,0.2530429
5859,62176,0.06412971
5860,104621,0.0045282403
5861,24045,0.009912641
5862,4296,0.055784952
5863,68764,0.27749422
5864,114191,0.8604938
5865,98165,0.0010887738
5866,6151,0.011539402
5867,16791,0.018275376
5868,26495,0.005204344
5869,107222,0.011856807
5870,15027,0.028766144
5871,12419,0.009690133
5872,69274,0.088731185
5873,29881,0.05849908
5874,109163,0.87290287
5875,81880,0.012002181
5876,92072,0.15818791
5877,47536,0.07216779
5878,109498,0.5030404
5879,62557,0.14313461
5880,93416,0.024048746
5881,39247,0.008272674
5882,27964,0.43110844
5883,51225,0.01860641
5884,45439,0.69804543
5885,11882,0.21485509
5886,40497,0.44161984
5887,68220,0.0039260765
5888,20791,0.014154177
5889,5214,0.01793462
5890,57236,0.00389355
5891,37760,0.0030274694
5892,28110,0.07043272
5893,12002,0.0018786875
5894,115147,0.0011082175
5895,8080,0.0011836021
5896,33632,0.6280348
5897,93877,0.2836866
5898,6611,0.001108055
5899,41166,0.029409917
5900,25638,0.07435205
5901,87760,0.091024324
5902,3606,0.9726573
5903,67862,0.74877614
5904,2384,0.0630845
5905,113335,0.020928299
5906,100825,0.0026978988
5907,9503,0.007251016
5908,97547,0.72105354
5909,76951,0.0049660774
5910,27499,0.6469486
5911,41084,0.2693841
5912,104735,0.7989559
5913,86367,0.0075163455
5914,84886,0.28655696
5915,98720,0.0043525947
5916,72114,0.012002181
5917,698,0.004945695
5918,30035,0.00071399944
5919,29983,0.015104119
5920,81153,0.61112845
5921,101204,0.0007711411
5922,97129,0.8824114
5923,57300,0.27065274
5924,65102,0.05847055
5925,62614,0.003016383
5926,113589,0.7337352
5927,3364,0.015761953
5928,72474,0.15818791
5929,100423,0.5448597
5930,80959,0.10858918
5931,50424,0.011800676
5932,51965,0.0155742
5933,78611,0.53810483
5934,58156,0.15818791
5935,72907,0.012002181
5936,101781,0.051573187
5937,53753,0.0077535156
5938,54486,0.001364926
5939,65573,0.003104327
5940,69166,0.02822956
5941,94207,0.72432643
5942,4951,0.062338326
5943,21545,0.001656197
5944,82241,0.0023932334
5945,11872,0.04983869
5946,71077,0.007361211
5947,46343,0.0028006725
5948,110188,0.8073558
5949,80394,0.74877614
5950,13161,0.14979403
5951,26382,0.78125745
5952,97015,0.45156
5953,111259,0.36090043
5954,15005,0.011516065
5955,73501,0.0014390531
5956,31636,0.00548509
5957,91402,0.02091255
5958,22310,0.010384128
5959,18032,0.0006426628
5960,4992,0.004834032
5961,34624,0.56254977
5962,4534,0.01342264
5963,95298,0.8824114
5964,57707,0.001964423
5965,73024,0.21633714
5966,102730,0.0410414
5967,49674,0.0014722511
5968,37045,0.8753333
5969,98490,0.74846315
5970,3546,0.72160727
5971,104330,0.0014254663
5972,9839,0.44778544
5973,1023,0.021367995
5974,1341,0.051871374
5975,19397,0.021367995
5976,70448,0.2530429
5977,65597,0.01117166
5978,40167,0.27065274
5979,82912,0.43110844
5980,87746,0.004739283
5981,60297,0.05849908
5982,96671,0.004543952
5983,59396,0.0067668594
5984,77956,0.088731185
5985,27173,0.022941258
5986,87551,0.008456848
5987,48517,0.74877614
5988,90267,0.9141325
5989,94724,0.018917205
5990,73218,0.29464185
5991,50751,0.06383206
5992,9691,0.5832122
5993,32303,0.0031122733
5994,25537,0.95174134
5995,95949,0.012002181
5996,72498,0.031913612
5997,97322,0.29338047
5998,75883,0.013852864
5999,38946,0.53910613
6000,41168,0.00071399944
6001,61647,0.033737633
6002,16129,0.005428127
6003,61008,0.27065274
6004,40273,0.02001361
6005,64954,0.0015160057
6006,6746,0.11446235
6007,64029,0.004751124
6008,46510,0.35608795
6009,91058,0.014154177
6010,94577,0.0077648
6011,8807,0.004115214
6012,33146,0.53810483
6013,92231,0.0023095105
6014,41872,0.0018741962
6015,102566,0.0033007197
6016,7171,0.008086249
6017,113091,0.010850199
6018,59526,0.042424046
6019,69119,0.0046639293
6020,93335,0.57717556
6021,23081,0.0029584512
6022,40175,0.32954988
6023,64789,0.014468223
6024,95104,0.014154177
6025,55617,0.58656245
6026,64048,0.0031317705
6027,41687,0.011016657
6028,41533,0.008525705
6029,6055,0.0077867075
6030,20436,0.008039437
6031,20801,0.0031148558
6032,94767,0.0017349552
6033,10628,0.00084015325
6034,43638,0.03099253
6035,4150,0.018435312
6036,50998,0.14047155
6037,66786,0.45156
6038,84480,0.8396209
6039,61466,0.012002181
6040,30191,0.7096231
6041,46560,0.027091615
6042,45715,0.60496414
6043,29314,0.012131136
6044,103572,0.0082199685
6045,2550,0.0630845
6046,46727,0.007318388
6047,36465,0.009914719
6048,107674,0.088731185
6049,50017,0.0010316898
6050,62973,0.0009810812
6051,73187,0.09289784
6052,76260,0.019717583
6053,84255,0.9462083
6054,34098,0.55566055
6055,5935,0.00071399944
6056,58326,0.0052735815
6057,42794,0.012704579
6058,67859,0.015073597
6059,13428,0.041528445
6060,49802,0.55566055
6061,105303,0.00273085
6062,102816,0.28550902
6063,51090,0.0066158124
6064,96977,0.14700297
6065,111836,0.76863915
6066,97370,0.066196755
6067,72410,0.6469486
6068,93868,0.09830709
6069,53690,0.013132927
6070,68332,0.0034582266
6071,66732,0.006436934
6072,113444,0.020928299
6073,77744,0.56254977
6074,108421,0.14736001
6075,108169,0.44110775
6076,2634,0.012134394
6077,65235,0.0029380356
6078,70721,0.051835634
6079,70275,0.006300497
6080,113031,0.012002181
6081,83377,0.023989746
6082,85709,0.00068249216
6083,95089,0.74846315
6084,56745,0.0027774163
6085,17109,0.0057305587
6086,91428,0.4507486
6087,65099,0.00335901
6088,50333,0.53910613
6089,43036,0.014682497
6090,23028,0.00071399944
6091,29252,0.0014402323
6092,33072,0.03099253
6093,72648,0.00602379
6094,101450,0.007767391
6095,73455,0.0019439934
6096,62204,0.0024969096
6097,106277,0.05847773
6098,105056,0.006315681
6099,55566,0.024086565
6100,33063,0.6280348
6101,20380,0.033737633
6102,63400,0.008425987
6103,81854,0.15818791
6104,92449,0.27749422
6105,53344,0.01169598
6106,95726,0.74877614
6107,114237,0.020870145
6108,45373,0.8468055
6109,79711,0.130239
6110,12634,0.0029976803
6111,7468,0.0023415121
6112,11766,0.009150533
6113,104599,0.0016642491
6114,96897,0.7130009
6115,10075,0.0038131608
6116,37539,0.0011006953
6117,20892,0.021367995
6118,37537,0.03428577
6119,44161,0.8571322
6120,22437,0.0072224718
6121,100243,0.006436934
6122,61769,0.0014093274
6123,10047,0.09586386
6124,18863,0.0029406643
6125,82458,0.008736708
6126,72626,0.012002181
6127,34764,0.012023981
6128,57588,0.001394579
6129,61215,0.8432887
6130,31245,0.0028897212
6131,59182,0.008425987
6132,45456,0.0019089663
6133,98704,0.0017034846
6134,71699,0.12282331
6135,51,0.08795616
6136,71409,0.45156
6137,86388,0.27749422
6138,85409,0.005432727
6139,8364,0.19087307
6140,90405,0.007626647
6141,46687,0.0057239714
6142,38618,0.0046498524
6143,91440,0.27749422
6144,103144,0.64646333
6145,70489,0.012002181
6146,27433,0.0023175825
6147,70062,0.004435666
6148,76952,0.004441212
6149,11284,0.014867636
6150,86791,0.0013828278
6151,24862,0.7947084
6152,99506,0.45784926
6153,51345,0.70096636
6154,61766,0.56254977
6155,89856,0.004059563
6156,66242,0.005774845
6157,21420,0.055210017
6158,44729,0.35608795
6159,40136,0.00623229
6160,53562,0.0878315
6161,56611,0.0034854359
6162,97298,0.8824114
6163,88109,0.13317084
6164,47664,0.034810238
6165,29546,0.70096636
6166,27274,0.015432035
6167,67349,0.0059517235
6168,34132,0.051729046
6169,59289,0.02976116
6170,75739,0.060719058
6171,93004,0.05849908
6172,66672,0.009464335
6173,108773,0.0053627514
6174,91376,0.009754944
6175,36501,0.060939007
6176,47029,0.0020691345
6177,63347,0.024941524
6178,20097,0.0029406643
6179,50305,0.02687968
6180,84305,0.6405128
6181,50742,0.535909
6182,5353,0.9111446
6183,97302,0.41105306
6184,75156,0.007304721
6185,48503,0.9141325
6186,95887,0.0020584704
6187,100956,0.12876786
6188,42522,0.0016820383
6189,71021,0.68550783
6190,114413,0.0021790399
6191,57703,0.021791892
6192,86143,0.019717583
6193,70956,0.0016723784
6194,49607,0.55566055
6195,110273,0.022238716
6196,81883,0.007304721
6197,112642,0.003151276
6198,83280,0.7174389
6199,7957,0.052116908
6200,10157,0.004115214
6201,97687,0.5011023
6202,72011,0.2648054
6203,35664,0.70096636
6204,77099,0.55566055
6205,51462,0.0036890497
6206,43893,0.026034497
6207,92120,0.004596819
6208,51681,0.01169598
6209,95898,0.0023932334
6210,32169,0.6280348
6211,69944,0.013729459
6212,16644,0.033737633
6213,86434,0.037555512
6214,77260,0.8396209
6215,75972,0.70096636
6216,99677,0.005364502
6217,10072,0.791696
6218,90200,0.6405128
6219,28959,0.051835634
6220,108911,0.04958626
6221,8660,0.0036918882
6222,59153,0.0063633565
6223,37692,0.005967489
6224,93696,0.006211186
6225,45427,0.027091615
6226,62867,0.029188784
6227,2426,0.9111446
6228,103428,0.58881116
6229,58935,0.0065125637
6230,114437,0.08626652
6231,102309,0.17259738
6232,79393,0.0064134826
6233,6123,0.018435312
6234,92739,0.0017648167
6235,80974,0.0014103235
6236,115552,0.012002181
6237,53353,0.0063888356
6238,97901,0.16305058
6239,1263,0.53910613
6240,44676,0.0014562128
6241,6937,0.002759825
6242,99428,0.019930284
6243,59462,0.45156
6244,52161,0.34026608
6245,104543,0.30878732
6246,59533,0.0069416286
6247,92346,0.11532701
6248,41403,0.63145876
6249,11814,0.00876299
6250,63183,0.055877678
6251,108685,0.8604938
6252,36771,0.35608795
6253,57745,0.70096636
6254,62405,0.0011128682
6255,41905,0.5199695
6256,74255,0.03712462
6257,99147,0.014005924
6258,34378,0.0031259658
6259,95413,0.0015146963
6260,71564,0.27749422
6261,42945,0.8648343
6262,115987,0.012002181
6263,35506,0.72160727
6264,109475,0.105119556
6265,48361,0.011676242
6266,79603,0.058045253
6267,10929,0.09803763
6268,12190,0.0061892434
6269,30385,0.7441965
6270,82100,0.48679414
6271,77234,0.55566055
6272,81966,0.56254977
6273,8391,0.099618606
6274,89632,0.015073597
6275,62726,0.0023329195
6276,75984,0.0071781594
6277,7048,0.004115214
6278,74935,0.9314414
6279,24412,0.019412559
6280,22771,0.004601814
6281,115736,0.7534244
6282,21055,0.0030277343
6283,21940,0.0054647923
6284,98425,0.56768835
6285,51739,0.34026608
6286,83540,0.7957864
6287,83853,0.41344064
6288,98078,0.0039758785
6289,32229,0.03336847
6290,90085,0.14961214
6291,111442,0.30699623
6292,1493,0.0878315
6293,24046,0.030720893
6294,84372,0.012401631
6295,71598,0.0021925746
6296,77717,0.0049660774
6297,113102,0.10727914
6298,54004,0.0070988345
6299,23786,0.004820897
6300,94196,0.012613559
6301,26678,0.13847615
6302,100312,0.21366136
6303,109060,0.022487141
6304,91441,0.9182358
6305,61794,0.2836866
6306,17785,0.0015385207
6307,90597,0.009666888
6308,48719,0.78245246
6309,16303,0.0020136137
6310,11685,0.08840981
6311,26646,0.032583106
6312,34572,0.72160727
6313,96547,0.04640792
6314,95336,0.009044813
6315,115491,0.55566055
6316,3258,0.013847359
6317,21738,0.004239288
6318,47822,0.74877614
6319,6344,0.281191
6320,26191,0.050596956
6321,107973,0.55365103
6322,77520,0.10996513
6323,101601,0.0053627514
6324,98544,0.015073597
6325,2584,0.043278795
6326,65773,0.01117166
6327,35368,0.0021783495
6328,106079,0.0696496
6329,76307,0.0016385457
6330,19229,0.20500548
6331,75171,0.011099343
6332,3237,0.7994104
6333,30800,0.040528487
6334,41948,0.010348839
6335,44825,0.065851696
6336,62880,0.84888566
6337,3747,0.0055993847
6338,95478,0.8824114
6339,111592,0.5011023
6340,20316,0.78245246
6341,16735,0.058515623
6342,108258,0.8604938
6343,73140,0.016420258
6344,43161,0.35608795
6345,60865,0.56254977
6346,73690,0.013497781
6347,95890,0.02362755
6348,30626,0.55566055
6349,4128,0.72396594
6350,115289,0.9210475
6351,110797,0.76142997
6352,40698,0.003490421
6353,25369,0.0008218583
6354,92864,0.0077998014
6355,20562,0.015579068
6356,19644,0.0020691345
6357,90565,0.57717556
6358,57565,0.7764466
6359,84357,0.15818791
6360,97336,0.007261228
6361,55192,0.002684983
6362,42127,0.56254977
6363,29254,0.00346464
6364,73705,0.037112657
6365,59066,0.0022936098
6366,89063,0.8650477
6367,107815,0.0031059124
6368,102554,0.019860756
6369,75741,0.70096636
6370,83223,0.015073597
6371,71193,0.43110844
6372,11931,0.0020977086
6373,114917,0.0127398735
6374,32927,0.036068562
6375,77024,0.11864323
6376,59983,0.15309772
6377,113500,0.020928299
6378,109574,0.5011023
6379,62040,0.088731185
6380,79301,0.7130009
6381,79807,0.6405128
6382,78788,0.53810483
6383,70785,0.004718284
6384,59403,0.8452152
6385,54895,0.0050271424
6386,34763,0.8468055
6387,6781,0.009479949
6388,54280,0.009157335
6389,37408,0.005805889
6390,52839,0.15301703
6391,98007,0.74846315
6392,77693,0.2530429
6393,2001,0.21353221
6394,98686,0.009504566
6395,5513,0.062338326
6396,51177,0.00071399944
6397,44470,0.0038053745
6398,70184,0.44101527
6399,52635,0.012002181
6400,107069,0.020164054
6401,94957,0.03875918
6402,6716,0.003099
6403,84645,0.012002181
6404,89562,0.0032926274
6405,96089,0.44101527
6406,25502,0.007813889
6407,42970,0.013484169
6408,68415,0.61112845
6409,40862,0.19138755
6410,70643,0.43110844
6411,89952,0.44101527
6412,78802,0.0038383151
6413,70697,0.0051832595
6414,27538,0.0019311163
6415,1502,0.0060569504
6416,13759,0.002587919
6417,103389,0.8073558
6418,64465,0.0035677722
6419,62732,0.0021751742
6420,38899,0.09452534
6421,282,0.022790065
6422,23155,0.00091765885
6423,110373,0.5030404
6424,81196,0.04948833
6425,92724,0.44110775
6426,92693,0.43110844
6427,91248,0.89857846
6428,85609,0.8396209
6429,70606,0.014701023
6430,57351,0.3210264
6431,11049,0.0036918882
6432,15471,0.017987255
6433,110763,0.010137514
6434,57334,0.0027464281
6435,20089,0.048368555
6436,21475,0.00071399944
6437,17885,0.002555104
6438,94950,0.43110844
6439,1870,0.02588489
6440,85948,0.74494725
6441,2637,0.0630845
6442,113812,0.0019990907
6443,92207,0.43110844
6444,101173,0.009464335
6445,66416,0.018295318
6446,69798,0.008029135
6447,9232,0.05119207
6448,19046,0.037774082
6449,101437,0.74846315
6450,91821,0.48679414
6451,94284,0.009504566
6452,92800,0.032024384
6453,80395,0.7186213
6454,53357,0.017299892
6455,50923,0.55566055
6456,22247,0.003099
6457,111192,0.02873066
6458,82832,0.56254977
6459,92498,0.012002181
6460,86689,0.022337878
6461,59760,0.009464335
6462,31301,0.0034525143
6463,90933,0.014701023
6464,47538,0.034123693
6465,10629,0.0017969126
6466,104909,0.36090043
6467,44641,0.0028568383
6468,53223,0.0058132205
6469,36450,0.004427106
6470,62021,0.0025010211
6471,4346,0.0034078248
6472,91321,0.27749422
6473,66043,0.01117166
6474,17138,0.13980393
6475,57895,0.003833971
6476,99284,0.5561449
6477,33708,0.015457122
6478,95338,0.43110844
6479,20371,0.4265207
6480,64832,0.019603891
6481,42532,0.011676242
6482,107985,0.77919436
6483,104594,0.012002181
6484,85439,0.0020829262
6485,20151,0.0028611857
6486,73897,0.012002181
6487,83759,0.44110775
6488,106866,0.018649874
6489,86974,0.0015538151
6490,67206,0.74877614
6491,110078,0.8073558
6492,65056,0.010645317
6493,1657,0.005287254
6494,96630,0.0952328
6495,15339,0.04340565
6496,40392,0.030200059
6497,12164,0.03138388
6498,44347,0.027091615
6499,108464,0.035343483
6500,9274,0.012192754
6501,50287,0.0013911367
6502,2525,0.0630845
6503,100795,0.32849368
6504,57974,0.55566055
6505,112209,0.77919436
6506,113691,0.012002181
6507,36344,0.008272674
6508,69247,0.019936372
6509,66973,0.74877614
6510,110062,0.039103996
6511,50003,0.0030615998
6512,95640,0.008077423
6513,46820,0.00071399944
6514,28851,0.051835634
6515,73171,0.8396209
6516,29749,0.0065870252
6517,114592,0.78680277
6518,109792,0.92383707
6519,43408,0.26892516
6520,71041,0.74603975
6521,103936,0.0022000398
6522,29146,0.05849908
6523,37764,0.020090925
6524,4567,0.72396594
6525,78937,0.015755283
6526,22599,0.2648518
6527,85471,0.014701023
6528,39962,0.18459778
6529,10725,0.003843128
6530,84134,0.008425987
6531,7770,0.72396594
6532,52591,0.15818791
6533,53746,0.55566055
6534,87430,0.0971376
6535,29484,0.008741669
6536,109036,0.12712462
6537,47052,0.009916923
6538,53783,0.39673847
6539,41110,0.0020691345
6540,109110,0.0035106274
6541,28024,0.00548509
6542,92662,0.04173254
6543,79076,0.06412971
6544,61640,0.009464335
6545,8646,0.25088727
6546,97414,0.008425987
6547,103678,0.03078552
6548,86323,0.21366136
6549,82220,0.003420309
6550,88990,0.15818791
6551,115348,0.083246656
6552,108074,0.022487141
6553,35383,0.0024976626
6554,42518,0.059736237
6555,54971,0.34026608
6556,93356,0.003335049
6557,14403,0.016694572
6558,55876,0.027543819
6559,9692,0.15961999
6560,108538,0.14733292
6561,25215,0.07216779
6562,93178,0.80451345
6563,55753,0.04120647
6564,28349,0.0011041005
6565,14910,0.005419698
6566,9393,0.032539666
6567,35544,0.004768465
6568,19385,0.021367995
6569,77611,0.014537785
6570,109319,0.22124092
6571,37850,0.0027460272
6572,3508,0.09586386
6573,52025,0.5199695
6574,26141,0.02427499
6575,79725,0.00770996
6576,88928,0.44101527
6577,94646,0.0027235097
6578,71049,0.74877614
6579,22252,0.07916469
6580,30185,0.0017253802
6581,91372,0.0025430808
6582,52220,0.010934924
6583,17768,0.44884992
6584,11774,0.002758795
6585,26491,0.38536745
6586,91243,0.21889834
6587,6863,0.003220168
6588,101736,0.21366136
6589,60787,0.7957864
6590,91867,0.57717556
6591,67109,0.44110775
6592,92891,0.57717556
6593,58989,0.015073597
6594,111768,0.77919436
6595,76191,0.023845725
6596,33339,0.38921523
6597,71522,0.011154927
6598,98584,0.44101527
6599,112465,0.022602122
6600,1828,0.0630845
6601,83149,0.008265815
6602,37967,0.35608795
6603,29899,0.015931327
6604,17543,0.63145876
6605,31608,0.03099253
6606,50339,0.35608795
6607,4236,0.017454812
6608,75158,0.002490232
6609,8457,0.0090713585
6610,34708,0.35608795
6611,44940,0.0008546395
6612,37378,0.13930103
6613,28842,0.03099253
6614,93027,0.031857833
6615,27637,0.011802075
6616,93353,0.74877614
6617,84541,0.40828907
6618,372,0.018275376
6619,87903,0.74877614
6620,90525,0.32012954
6621,75623,0.029188784
6622,56639,0.7957864
6623,114039,0.04631971
6624,2787,0.09586386
6625,109749,0.032226842
6626,17943,0.004394775
6627,70842,0.43110844
6628,2880,0.82121855
6629,11844,0.0011426503
6630,18743,0.0014660382
6631,102981,0.008391639
6632,50538,0.00984147
6633,47796,0.089766234
6634,50955,0.005964554
6635,99541,0.53241813
6636,104675,0.028137432
6637,36706,0.0016635148
6638,114169,0.7957864
6639,41729,0.5199695
6640,21970,0.029409917
6641,84612,0.15818791
6642,72428,0.0037971241
6643,86525,0.028766902
6644,15622,0.79483724
6645,49715,0.0298511
6646,11240,0.009150533
6647,67482,0.017589081
6648,38627,0.02001361
6649,32380,0.0020691345
6650,64771,0.0031122733
6651,94065,0.0138649
6652,93203,0.5011023
6653,86575,0.001811786
6654,87285,0.14047155
6655,7832,0.12782732
6656,16482,0.12884553
6657,18698,0.037774082
6658,106909,0.033976857
6659,95519,0.0048700026
6660,100059,0.740201
6661,103493,0.003339804
6662,78776,0.011207468
6663,4391,0.0008657293
6664,4438,0.01793462
6665,59729,0.020028856
6666,80587,0.63096803
6667,4091,0.22420979
6668,66920,0.009464335
6669,49719,0.0019440149
6670,50628,0.55566055
6671,105046,0.00064955273
6672,44427,0.35608795
6673,28251,0.051835634
6674,11785,0.51799
6675,92438,0.6405128
6676,26217,0.029409917
6677,5731,0.0036918882
6678,6067,0.00094241835
6679,97748,0.14700297
6680,49963,0.65579885
6681,14692,0.24128486
6682,56751,0.088731185
6683,52571,0.088731185
6684,67860,0.0020006772
6685,77550,0.0017051054
6686,86140,0.017545506
6687,105232,0.0048022447
6688,19014,0.0349734
6689,82957,0.001123762
6690,52372,0.13413408
6691,96027,0.0043525947
6692,21295,0.033737633
6693,114211,0.043287244
6694,87872,0.002298606
6695,36012,0.78245246
6696,89909,0.0018111684
6697,48053,0.0014639657
6698,76662,0.71711034
6699,112951,0.6280348
6700,25500,0.5199695
6701,94784,0.74846315
6702,29867,0.55566055
6703,98694,0.57717556
6704,94057,0.24659449
6705,82501,0.012793837
6706,22942,0.022337878
6707,52269,0.034684803
6708,10426,0.0012441048
6709,16052,0.38806626
6710,41680,0.06479597
6711,19112,0.08793868
6712,53238,0.56254977
6713,73971,0.066196755
6714,80172,0.0031979503
6715,31737,0.7270384
6716,17905,0.03150525
6717,45815,0.12804033
6718,20366,0.007743386
6719,2830,0.09586386
6720,76100,0.031319592
6721,50454,0.0016198917
6722,51674,0.55566055
6723,29157,0.004262744
6724,9258,0.0061873607
6725,109634,0.35449865
6726,6701,0.05504776
6727,31114,0.72160727
6728,6371,0.020802634
6729,62375,0.15818791
6730,41946,0.72584873
6731,111831,0.72432643
6732,5248,0.0019893176
6733,18452,0.0035703597
6734,87942,0.57717556
6735,20652,0.0012483894
6736,3383,0.09586386
6737,49796,0.0056948992
6738,42673,0.35608795
6739,112612,0.012194317
6740,37272,0.43110844
6741,21413,0.35066494
6742,22525,0.89984685
6743,6343,0.00071399944
6744,69853,0.0032679527
6745,75999,0.02005184
6746,49348,0.56254977
6747,77446,0.0481589
6748,3084,0.056464992
6749,78406,0.38921523
6750,12721,0.0020977086
6751,47570,0.35608795
6752,62862,0.010108196
6753,54998,0.58656245
6754,90193,0.088731185
6755,61241,0.011207468
6756,51088,0.030523187
6757,77907,0.008123929
6758,97091,0.35608795
6759,24698,0.02001361
6760,1474,0.011226068
6761,90201,0.0046847276
6762,95043,0.0032679527
6763,109821,0.020879121
6764,67957,0.03545541
6765,37345,0.00548509
6766,339,0.026971007
6767,93650,0.01288187
6768,21570,0.43110844
6769,932,0.33657518
6770,14751,0.007970157
6771,11297,0.0030848505
6772,30840,0.55566055
6773,88214,0.8141845
6774,45364,0.09206185
6775,91214,0.8383819
6776,69642,0.28655696
6777,39589,0.56254977
6778,54284,0.0025193887
6779,73538,0.2836866
6780,14760,0.05236318
6781,112600,0.008330017
6782,17139,0.0030104367
6783,36172,0.58656245
6784,95575,0.019717583
6785,18770,0.8648343
6786,75993,0.0015744466
6787,114133,0.38502318
6788,40561,0.68881816
6789,58821,0.021870876
6790,27708,0.015457122
6791,39793,0.5251251
6792,4167,0.018435312
6793,81817,0.43110844
6794,50329,0.026272386
6795,106689,0.5030404
6796,98147,0.5011023
6797,19940,0.002508714
6798,105522,0.5011023
6799,47916,0.026841896
6800,109710,0.5030479
6801,38905,0.0026181354
6802,56495,0.023131281
6803,89635,0.35608795
6804,40005,0.003657156
6805,99950,0.5011023
6806,112852,0.02045655
6807,107330,0.0015575206
6808,14578,0.0084644
6809,55562,0.036068562
6810,112848,0.77919436
6811,86255,0.27749422
6812,11955,0.35555658
6813,60767,0.051104467
6814,77962,0.55566055
6815,72886,0.15818791
6816,59913,0.25401485
6817,90711,0.57717556
6818,27126,0.0026306391
6819,97922,0.001749254
6820,67086,0.009464335
6821,64200,0.012432675
6822,53927,0.5564428
6823,108629,0.0018358793
6824,63516,0.0106134685
6825,10612,0.011151619
6826,80798,0.44773647
6827,79226,0.08855862
6828,46547,0.62524277
6829,58701,0.2461457
6830,22300,0.004601814
6831,47321,0.026034497
6832,58210,0.0032789677
6833,63055,0.0008226301
6834,75377,0.007304721
6835,40769,0.0006911844
6836,42543,0.0007070057
6837,61280,0.016420258
6838,47494,0.07216779
6839,18245,0.4891175
6840,36485,0.05328872
6841,103084,0.010850377
6842,101370,0.5011023
6843,53686,0.0022936098
6844,102310,0.5448597
6845,18229,0.13166432
6846,32065,0.0019294223
6847,85973,0.56254977
6848,43259,0.13413408
6849,40684,0.0041779308
6850,27191,0.022337878
6851,70741,0.014154177
6852,83996,0.0806475
6853,50761,0.56254977
6854,36521,0.14047155
6855,15769,0.013730557
6856,71949,0.43110844
6857,15695,0.11362442
6858,14129,0.011969752
6859,44751,0.8571322
6860,46594,0.07216779
6861,8968,0.007033895
6862,72429,0.15818791
6863,107546,0.0040382138
6864,28654,0.0039982228
6865,111510,0.5011023
6866,86623,0.15818791
6867,24398,0.35608795
6868,11301,0.006434443
6869,35191,0.015369614
6870,100126,0.72432643
6871,76657,0.15818791
6872,20857,0.005507187
6873,71429,0.005705907
6874,109886,0.012002181
6875,115551,0.8073558
6876,59172,0.70096636
6877,39833,0.018862141
6878,87039,0.74494725
6879,89467,0.09472525
6880,88221,0.027349515
6881,85866,0.74494725
6882,48414,0.14982636
6883,49562,0.002071983
6884,111205,0.04791132
6885,83371,0.35608795
6886,111310,0.009319139
6887,46210,0.029409917
6888,59910,0.14313461
6889,68298,0.28655696
6890,20990,0.049275618
6891,91457,0.0048022447
6892,106901,0.059532207
6893,92558,0.009250844
6894,34956,0.0020691345
6895,39478,0.0072606807
6896,63142,0.000817881
6897,33804,0.0011376922
6898,42720,0.0026861874
6899,17396,0.019015284
6900,45217,0.006046115
6901,829,0.022826849
6902,80556,0.0020136137
6903,63039,0.4176834
6904,66274,0.01117166
6905,80066,0.0022863802
6906,111458,0.76863915
6907,64669,0.019717583
6908,75669,0.004684312
6909,80184,0.45885867
6910,12117,0.001394579
6911,669,0.024714109
6912,112404,0.03685632
6913,61980,0.69804543
6914,85037,0.0032926274
6915,16760,0.3231187
6916,84224,0.0028024404
6917,93136,0.4507486
6918,112211,0.011258529
6919,10561,0.72396594
6920,17117,0.0034078248
6921,100363,0.01638159
6922,89056,0.27749422
6923,54601,0.8048408
6924,71655,0.009821194
6925,1971,0.004409088
6926,103086,0.088731185
6927,27737,0.017119978
6928,83736,0.009178144
6929,112842,0.87290287
6930,98063,0.03499723
6931,88619,0.8092999
6932,28088,0.00846998
6933,106567,0.002955169
6934,27963,0.03099253
6935,106505,0.30226132
6936,8258,0.014565377
6937,49815,0.0025197004
6938,44827,0.0014322079
6939,43646,0.026034497
6940,97418,0.5122181
6941,22057,0.76395774
6942,108857,0.55365103
6943,50498,0.56254977
6944,108945,0.0035117555
6945,112034,0.9447071
6946,22635,0.07216779
6947,93544,0.015073597
6948,85536,0.839951
6949,756,0.0014242126
6950,66074,0.0065281657
6951,109570,0.12296674
6952,78037,0.029157756
6953,87494,0.74877614
6954,97155,0.01848904
6955,107124,0.022487141
6956,22265,0.0046260147
6957,50211,0.005964554
6958,21081,0.07618874
6959,65696,0.0013610823
6960,100546,0.5122181
6961,46279,0.0008678094
6962,65622,0.016420258
6963,29464,0.00091765885
6964,80999,0.0053029032
6965,19009,0.16695905
6966,96289,0.009490576
6967,24709,0.25401485
6968,79011,0.0013601338
6969,48045,0.2822489
6970,114879,0.36090043
6971,11828,0.10720566
6972,30417,0.013443867
6973,24229,0.26892516
6974,21482,0.0035905032
6975,1914,0.7787814
6976,86204,0.004131776
6977,98344,0.088731185
6978,77483,0.83036745
6979,110908,0.01132669
6980,109084,0.32304516
6981,90527,0.0030264491
6982,43771,0.95312786
6983,83045,0.41105306
6984,113789,0.0008144117
6985,102932,0.0026006089
6986,19456,0.033737633
6987,32984,0.0059171664
6988,90256,0.43110844
6989,28162,0.02672007
6990,94544,0.05849908
6991,55106,0.088731185
6992,69232,0.8648343
6993,49125,0.98994607
6994,92905,0.28655696
6995,35190,0.53810483
6996,31474,0.0026181354
6997,44663,0.025815018
6998,39531,0.03099253
6999,29786,0.0020367051
7000,26922,0.0070678163
7001,51786,0.012704579
7002,72211,0.27749422
7003,5081,0.003058208
7004,12545,0.00068249216
7005,90713,0.0075163455
7006,114415,0.007947952
7007,56240,0.008238342
7008,67897,0.44101527
7009,112208,0.73677397
7010,88855,0.57717556
7011,48658,0.9204692
7012,73033,0.15818791
7013,30420,0.55566055
7014,64791,0.14480574
7015,21635,0.0013945252
7016,93786,0.5011023
7017,32205,0.53810483
7018,77872,0.008923268
7019,81106,0.56254977
7020,35305,0.011676242
7021,18206,0.00073209754
7022,33653,0.004655594
7023,22961,0.8396209
7024,76287,0.70096636
7025,10862,0.23618156
7026,26717,0.007100172
7027,16213,0.11219567
7028,72892,0.051835634
7029,96593,0.022606147
7030,64402,0.05683689
7031,115651,0.0074559064
7032,69830,0.5992805
7033,92542,0.27749422
7034,6107,0.4158156
7035,41843,0.009028697
7036,97492,0.004024335
7037,65424,0.002346441
7038,92451,0.026956026
7039,110780,0.5011023
7040,961,0.83084095
7041,114621,0.011405143
7042,82523,0.74877614
7043,80851,0.71711034
7044,32979,0.6280348
7045,47728,0.85778403
7046,100744,0.18480231
7047,5030,0.027434628
7048,56420,0.01500545
7049,43914,0.6280348
7050,97583,0.56768835
7051,32665,0.0047318013
7052,27027,0.43110844
7053,24175,0.005367971
7054,55670,0.2745319
7055,81306,0.16544187
7056,28813,0.43110844
7057,74104,0.44101527
7058,105482,0.35608795
7059,28919,0.04109628
7060,56998,0.55566055
7061,97575,0.26711744
7062,15566,0.013621989
7063,39563,0.13166432
7064,23076,0.0061077164
7065,9599,0.016850783
7066,62617,0.0878315
7067,111129,0.001981603
7068,5320,0.4087485
7069,65656,0.008425987
7070,27559,0.0018414547
7071,29338,0.53810483
7072,76644,0.27749422
7073,104085,0.006724196
7074,37255,0.07216779
7075,50552,0.7925452
7076,64651,0.0019010132
7077,100810,0.003646867
7078,33527,0.001921388
7079,26911,0.007318388
7080,112387,0.94333315
7081,9221,0.062338326
7082,19810,0.008272674
7083,92866,0.44110775
7084,80635,0.35608795
7085,78038,0.0032679527
7086,89911,0.0043691536
7087,66363,0.0059927865
7088,21337,0.002181588
7089,1641,0.001814013
7090,30373,0.43110844
7091,55414,0.035774108
7092,86401,0.014701023
7093,34746,0.9790973
7094,37058,0.6603064
7095,113816,0.006576674
7096,48266,0.013729459
7097,7580,0.03276358
7098,52974,0.013002878
7099,87500,0.024198268
7100,35802,0.56254977
7101,78710,0.0019701687
7102,65189,0.0607168
7103,2148,0.010830529
7104,30312,0.0030538058
7105,85798,0.0009267283
7106,78015,0.0052245725
7107,55898,0.48679414
7108,89322,0.013729459
7109,8196,0.002541684
7110,41421,0.024090717
7111,41451,0.0023874922
7112,96223,0.74877614
7113,47249,0.58656245
7114,115126,0.27005038
7115,104463,0.5323371
7116,49091,0.1112956
7117,4770,0.011587429
7118,3520,0.85398394
7119,32645,0.72160727
7120,110207,0.7944973
7121,16434,0.19263211
7122,25155,0.029409917
7123,99440,0.36090043
7124,84979,0.010525678
7125,24637,0.4507486
7126,95270,0.006243454
7127,94632,0.15818791
7128,85602,0.58656245
7129,102021,0.028573824
7130,31521,0.005367971
7131,1059,0.0056475396
7132,39393,0.029409917
7133,25939,0.00091765885
7134,13754,0.0027499474
7135,89529,0.012002181
7136,114729,0.004696591
7137,47468,0.5251251
7138,85423,0.0048946314
7139,107873,0.03143296
7140,103869,0.022487141
7141,74243,0.56254977
7142,65779,0.012432675
7143,47016,0.5564428
7144,88404,0.45156
7145,3478,0.09586386
7146,88151,0.74877614
7147,41061,0.07216779
7148,62942,0.74494725
7149,96642,0.022337878
7150,4904,0.01793462
7151,3711,0.008968482
7152,29953,0.47437498
7153,28220,0.021939708
7154,37271,0.051835634
7155,11217,0.4970651
7156,107085,0.0034979843
7157,35749,0.0016225693
7158,34312,0.0016265064
7159,106406,0.03635992
7160,51678,0.02334752
7161,108091,0.0053627514
7162,46227,0.0015441851
7163,2038,0.014075083
7164,51695,0.009109728
7165,91335,0.27749422
7166,100100,0.007713525
7167,36761,0.0005345601
7168,33246,0.033672586
7169,54452,0.0021450357
7170,48377,0.000984344
7171,79088,0.003976672
7172,58464,0.2530429
7173,20885,0.0035905032
7174,6968,0.004990394
7175,26965,0.0058904015
7176,38913,0.8749054
7177,85425,0.030523187
7178,94877,0.53241813
7179,102078,0.006974203
7180,70043,0.014154177
7181,59098,0.022604445
7182,71197,0.27749422
7183,65867,0.0047882474
7184,21901,0.00478633
7185,33781,0.70096636
7186,109515,0.79601824
7187,36287,0.72160727
7188,114236,0.32396412
7189,40328,0.3860109
7190,109479,0.002191669
7191,102443,0.0053381035
7192,22415,0.8468055
7193,67868,0.44110775
7194,40722,0.14023022
7195,97750,0.010732631
7196,100229,0.57717556
7197,97056,0.012002181
7198,105547,0.057152744
7199,7170,0.02281438
7200,37694,0.010610215
7201,39763,0.0049808966
7202,1628,0.0016471518
7203,39526,0.35608795
7204,46183,0.074970506
7205,106530,0.5011023
7206,57071,0.0055991407
7207,4771,0.0024450808
7208,109529,0.8073558
7209,39628,0.00091765885
7210,1442,0.0019645856
7211,58968,0.25401485
7212,25628,0.051835634
7213,47317,0.027091615
7214,17623,0.56254977
7215,65008,0.2510527
7216,73491,0.23819661
7217,11360,0.0037870116
7218,38387,0.0021824662
7219,10106,0.0038982653
7220,17048,0.04653949
7221,26343,0.0061151
7222,8904,0.08161477
7223,84343,0.28655696
7224,16978,0.0033960151
7225,40867,0.004398872
7226,115516,0.022487141
7227,56135,0.78680277
7228,63945,0.0032679527
7229,59132,0.004441212
7230,112964,0.53810483
7231,21588,0.0017670711
7232,9068,0.0033924198
7233,102763,0.012002181
7234,67192,0.44110775
7235,113158,0.6288102
7236,56954,0.005644129
7237,102407,0.06917938
7238,43791,0.010533986
7239,13839,0.04988982
7240,96470,0.04958626
7241,36216,0.004056279
7242,16950,0.033737633
7243,114078,0.005654166
7244,40776,0.68625003
7245,242,0.01793462
7246,82620,0.7174389
7247,9268,0.45357627
7248,23,0.002739054
7249,71980,0.0027706402
7250,57654,0.0062440755
7251,36514,0.55566055
7252,96862,0.012002181
7253,51443,0.0043165195
7254,114886,0.010040584
7255,95510,0.0034332157
7256,66867,0.008029135
7257,11234,0.035971805
7258,75283,0.0038748588
7259,96177,0.15818791
7260,66464,0.008077423
7261,81198,0.26296425
7262,25399,0.13088939
7263,110226,0.0009140017
7264,78900,0.15818791
7265,32285,0.72160727
7266,27405,0.051835634
7267,8497,0.10709729
7268,112466,0.04631971
7269,50583,0.00091765885
7270,106760,0.009319139
7271,88373,0.57717556
7272,94016,0.740201
7273,110071,0.0013548816
7274,70162,0.76863915
7275,71481,0.0023932334
7276,82328,0.0027335407
7277,95520,0.004098263
7278,40327,0.43110844
7279,111405,0.5011023
7280,1386,0.004178379
7281,112526,0.021623164
7282,102983,0.74877614
7283,64311,0.008425987
7284,89794,0.35608795
7285,35559,0.72160727
7286,6271,0.018435312
7287,61377,0.0029554372
7288,97929,0.30316836
7289,5203,0.036316633
7290,3966,0.8936748
7291,15367,0.0060569504
7292,59285,0.055891003
7293,47258,0.87647355
7294,56879,0.0012444243
7295,106974,0.5011023
7296,38215,0.02157992
7297,75056,0.008077423
7298,107738,0.0013298094
7299,82240,0.00082688575
7300,71022,0.15818791
7301,115760,0.28550902
7302,15220,0.000703577
7303,78396,0.088731185
7304,3985,0.008968482
7305,88168,0.72105354
7306,55142,0.0018883197
7307,37263,0.54158366
7308,80830,0.012002181
7309,64565,0.022500813
7310,38176,0.03099253
7311,84390,0.25401485
7312,52861,0.088731185
7313,109921,0.08326356
7314,184,0.0016130267
7315,114684,0.00975709
7316,40229,0.35608795
7317,91279,0.44110775
7318,33181,0.01099337
7319,97970,0.024770316
7320,65542,0.01117166
7321,70427,0.2648054
7322,103273,0.037771273
7323,25682,0.07216779
7324,94302,0.010596848
7325,104433,0.44101527
7326,99883,0.7944973
7327,43663,0.0043665324
7328,110416,0.54879576
7329,51588,0.34026608
7330,4832,0.018435312
7331,85436,0.048029937
7332,65134,0.0019878868
7333,79360,0.0016989608
7334,2319,0.0036811016
7335,88485,0.012002181
7336,56795,0.2822489
7337,80767,0.15818791
7338,76868,0.35608795
7339,85067,0.014701023
7340,9278,0.82121855
7341,38485,0.43110844
7342,44750,0.6580221
7343,79491,0.0011344175
7344,110073,0.44101527
7345,64776,0.0019439934
7346,87206,0.03468741
7347,36659,0.07216779
7348,13039,0.0018786875
7349,11681,0.004834032
7350,64518,0.0049660774
7351,70252,0.74877614
7352,9099,0.0019436522
7353,115213,0.0029026265
7354,92647,0.44110775
7355,84710,0.43110844
7356,108021,0.020879121
7357,103127,0.020164054
7358,43214,0.026034497
7359,41223,0.69804543
7360,50515,0.012697923
7361,94551,0.004184046
7362,65408,0.0011140466
7363,106048,0.04631971
7364,62160,0.0013305855
7365,38765,0.017358584
7366,62092,0.009250844
7367,99092,0.82282555
7368,79331,0.45784926
7369,17285,0.25401485
7370,69668,0.18412575
7371,74051,0.008381444
7372,96551,0.49711153
7373,36137,0.09965071
7374,16987,0.0033960151
7375,1902,0.27979872
7376,66905,0.0019032584
7377,46898,0.016378248
7378,99223,0.82282555
7379,42420,0.026034497
7380,39276,0.0022931537
7381,75526,0.78680277
7382,100208,0.6975435
7383,21445,0.00470374
7384,43383,0.008272674
7385,115136,0.64803004
7386,8441,0.1552172
7387,82587,0.44110775
7388,3329,0.056464992
7389,36186,0.18742363
7390,17724,0.001547072
7391,8855,0.0022691598
7392,58795,0.2822489
7393,110617,0.03078552
7394,54524,0.03952361
7395,20802,0.53910613
7396,44361,0.22648403
7397,11468,0.0019436522
7398,17454,0.002508714
7399,77580,0.43110844
7400,52479,0.051835634
7401,71274,0.066196755
7402,42541,0.006381109
7403,54800,0.55566055
7404,6450,0.00394385
7405,33625,0.9541735
7406,36891,0.015755283
7407,115709,0.012002181
7408,9064,0.0014242199
7409,76150,0.0027706402
7410,85811,0.0045232046
7411,45819,0.026034497
7412,87931,0.0031543917
7413,50605,0.0041112625
7414,98301,0.6469486
7415,19883,0.0015130955
7416,51879,0.020613858
7417,54234,0.027058937
7418,7199,0.021196041
7419,29542,0.0032173665
7420,22576,0.022428824
7421,114460,0.004696591
7422,70981,0.44110775
7423,74853,0.004529866
7424,43508,0.0039137322
7425,91202,0.2836866
7426,66610,0.019717583
7427,86359,0.0019868086
7428,111191,0.28550902
7429,104635,0.17500742
7430,27763,0.33401656
7431,76345,0.0010604818
7432,44285,0.03099253
7433,18637,0.4176834
7434,36977,0.029510276
7435,4419,0.4087485
7436,34354,0.34026608
7437,45069,0.026034497
7438,29019,0.72160727
7439,27705,0.010480434
7440,427,0.01935918
7441,58261,0.74877614
7442,103240,0.0029036796
7443,89113,0.44101527
7444,102861,0.0038716542
7445,23846,0.9013932
7446,52756,0.8936748
7447,26449,0.014673366
7448,112448,0.72174394
7449,46813,0.023105735
7450,20531,0.00088524085
7451,20749,0.30756077
7452,18759,0.002508714
7453,98145,0.0030782719
7454,34806,0.09965071
7455,45788,0.02018813
7456,69371,0.05849908
7457,9422,0.11585943
7458,3786,0.018435312
7459,64144,0.003239281
7460,109167,0.44110775
7461,24810,0.00082176126
7462,17273,0.21013421
7463,22486,0.004535266
7464,113441,0.004024335
7465,56005,0.6405128
7466,17235,0.004265969
7467,40510,0.64660066
7468,92708,0.15818791
7469,7282,0.006070067
7470,62795,0.060719058
7471,65493,0.010879613
7472,105334,0.35608795
7473,114902,0.010075618
7474,43461,0.059736237
7475,76555,0.046264153
7476,93288,0.013729459
7477,88936,0.004345748
7478,78168,0.05592007
7479,24144,0.009912641
7480,103735,0.012002181
7481,114216,0.7957864
7482,47003,0.45156
7483,85542,0.27749422
7484,86228,0.00080026354
7485,35744,0.01169598
7486,7141,0.0055993847
7487,37047,0.006227014
7488,55380,0.6644141
7489,100570,0.009821194
7490,35638,0.069448486
7491,593,0.002541494
7492,103202,0.04631971
7493,105774,0.36090043
7494,79862,0.74603975
7495,3437,0.002759825
7496,9214,0.12782732
7497,46005,0.034123693
7498,75646,0.03816714
7499,104541,0.042275622
7500,98378,0.0032679527
7501,104688,0.019154396
7502,60724,0.61112845
7503,95539,0.008077423
7504,31462,0.0070391092
7505,114692,0.02183683
7506,102702,0.45156
7507,385,0.0032334325
7508,67601,0.2530429
7509,87071,0.13596818
7510,115184,0.00656922
7511,32667,0.70096636
7512,13458,0.060596347
7513,1487,0.04915921
7514,39813,0.012556302
7515,47554,0.0018663921
7516,60603,0.14597437
7517,24664,0.0028715215
7518,53242,0.013969766
7519,92407,0.012002181
7520,100029,0.5011023
7521,112033,0.77919436
7522,111733,0.0053627514
7523,100542,0.72105354
7524,28809,0.5564428
7525,31757,0.03099253
7526,104598,0.0059537636
7527,71221,0.012002181
7528,61522,0.033737633
7529,83937,0.61112845
7530,99390,0.0019150185
7531,10879,0.08840981
7532,19264,0.0055614323
7533,6817,0.003098405
7534,56616,0.046868086
7535,73844,0.034800544
7536,100110,0.44101527
7537,34539,0.00091765885
7538,58435,0.61112845
7539,36219,0.05849908
7540,82023,0.0053420905
7541,94109,0.0023091962
7542,115079,0.08855862
7543,45001,0.0022403651
7544,18962,0.004657541
7545,8410,0.07216779
7546,86837,0.10211546
7547,53239,0.79601824
7548,74913,0.26296425
7549,49994,0.06566484
7550,73746,0.008381444
7551,79934,0.011099343
7552,111754,0.77919436
7553,51671,0.04702169
7554,16783,0.8468055
7555,59354,0.066196755
7556,84284,0.5984585
7557,18584,0.018275376
7558,96617,0.009919494
7559,51360,0.9141325
7560,78459,0.22921833
7561,48109,0.009261133
7562,9613,0.4087485
7563,56619,0.70096636
7564,91901,0.44110775
7565,65757,0.026923718
7566,58636,0.56254977
7567,107723,0.0069285054
7568,111686,0.0031547274
7569,15356,0.0060569504
7570,52896,0.012002181
7571,33644,0.07216779
7572,95328,0.7130009
7573,11305,0.001888076
7574,70646,0.28651854
7575,68963,0.031913612
7576,23835,0.003008136
7577,42121,0.56254977
7578,42821,0.029409917
7579,26818,0.70096636
7580,73273,0.9169832
7581,76530,0.8396209
7582,66440,0.01117166
7583,12098,0.008561134
7584,60151,0.74877614
7585,5769,0.01793462
7586,74774,0.78680277
7587,82980,0.28655696
7588,7576,0.004135313
7589,28564,0.0068714465
7590,42583,0.6803675
7591,25270,0.585798
7592,70316,0.03554497
7593,105772,0.2654076
7594,29391,0.038121182
7595,108595,0.5561449
7596,83334,0.0058169253
7597,91717,0.74877614
7598,19065,0.055210017
7599,66977,0.007332466
7600,53729,0.2530429
7601,47397,0.0014519818
7602,3026,0.0630845
7603,91105,0.0031990726
7604,15501,0.40444958
7605,62593,0.15818791
7606,64185,0.008425987
7607,111229,0.025977654
7608,27351,0.9280332
7609,40486,0.0013867683
7610,50362,0.9260319
7611,29041,0.55566055
7612,63803,0.0047786906
7613,115046,0.36090043
7614,43080,0.0072606807
7615,92761,0.0018889201
7616,30410,0.4555276
7617,83460,0.04640792
7618,27543,0.03099253
7619,23827,0.06317746
7620,31214,0.021939708
7621,40516,0.05429463
7622,51973,0.8936748
7623,63536,0.0029302754
7624,48276,0.27749422
7625,38106,0.016252711
7626,71090,0.47291863
7627,48458,0.088731185
7628,61499,0.040528487
7629,58175,0.4176834
7630,66382,0.0047055534
7631,47886,0.01117166
7632,67867,0.088731185
7633,41767,0.026221622
7634,24063,0.07216779
7635,92342,0.006613773
7636,60538,0.013731752
7637,12468,0.038779605
7638,80290,0.72432643
7639,20161,0.01690521
7640,46107,0.77085584
7641,22848,0.0072606807
7642,95446,0.012002181
7643,107407,0.036836438
7644,73680,0.012002181
7645,49508,0.0034534396
7646,36876,0.008123929
7647,9321,0.012792699
7648,48365,0.060719058
7649,37442,0.0050512007
7650,86898,0.022337878
7651,38393,0.70096636
7652,105737,0.0026583844
7653,4525,0.039853398
7654,57603,0.5424639
7655,103056,0.0036031783
7656,102825,0.015073597
7657,9992,0.0025544916
7658,85876,0.09072048
7659,53117,0.9122196
7660,85729,0.27749422
7661,103620,0.7337352
7662,112995,0.0025684617
7663,37078,0.01134001
7664,70434,0.014951811
7665,96002,0.0022570954
7666,47997,0.012549594
7667,101442,0.5561449
7668,102735,0.105119556
7669,13787,0.45681864
7670,58268,0.088731185
7671,73386,0.0046847276
7672,30689,0.03099253
7673,107701,0.014701023
7674,78969,0.0055325874
7675,63507,0.021853311
7676,113454,0.6995444
7677,91408,0.57717556
7678,78161,0.34026608
7679,9649,0.15886083
7680,113976,0.031522352
7681,56928,0.001364926
7682,59336,0.42777395
7683,18563,0.0055993847
7684,81692,0.015136357
7685,77578,0.0017440377
7686,73185,0.8396209
7687,105798,0.04631971
7688,35237,0.8468055
7689,89796,0.57717556
7690,21160,0.3052451
7691,64134,0.002298606
7692,115715,0.022487141
7693,77970,0.009821194
7694,68377,0.6469486
7695,67524,0.03712462
7696,56844,0.74877614
7697,72990,0.0009005406
7698,86579,0.0006418466
7699,98713,0.8824114
7700,26984,0.0008226301
7701,33111,0.026183767
7702,37630,0.33346093
7703,112745,0.0919676
7704,109701,0.7960921
7705,13130,0.51799
7706,111311,0.0020925207
7707,94672,0.014869466
7708,106323,0.001549368
7709,5219,0.80478853
7710,73804,0.372094
7711,22814,0.005850812
7712,39963,0.0020691345
7713,46003,0.03099253
7714,113681,0.03545541
7715,95842,0.5011023
7716,115023,0.56768835
7717,96402,0.74877614
7718,33689,0.026183767
7719,24861,0.035626728
7720,52788,0.84640294
7721,65359,0.019182183
7722,54946,0.08630488
7723,55046,0.8648343
7724,77659,0.0053558
7725,6558,0.03465954
7726,81327,0.004752497
7727,75407,0.008488068
7728,30578,0.013552419
7729,971,0.0016039731
7730,26334,0.0016265064
7731,65196,0.0022857299
7732,2519,0.036316633
7733,36492,0.50516915
7734,45527,0.07216779
7735,30599,0.55566055
7736,60059,0.0034229755
7737,9752,0.0019436522
7738,78571,0.0016265064
7739,35493,0.00091765885
7740,75301,0.78680277
7741,35839,0.53810483
7742,53428,0.013969766
7743,96219,0.0042354874
7744,53177,0.0034385612
7745,88419,0.0006887777
7746,106717,0.026414867
7747,10852,0.0008806331
7748,71521,0.002793666
7749,18644,0.0014777734
7750,97365,0.009223896
7751,1129,0.762075
7752,24194,0.0043853065
7753,111469,0.008762361
7754,56800,0.088731185
7755,46024,0.02786091
7756,102115,0.74877614
7757,3358,0.023296796
7758,10858,0.0009961824
7759,113214,0.008273953
7760,7849,0.006992625
7761,67177,0.28655696
7762,69305,0.012002181
7763,17301,0.008647157
7764,727,0.09586386
7765,104938,0.77919436
7766,103379,0.14047155
7767,20200,0.56254977
7768,52028,0.0028374298
7769,65929,0.019717583
7770,80490,0.008077423
7771,95788,0.49168867
7772,67116,0.35944954
7773,52676,0.56254977
7774,70804,0.051835634
7775,31625,0.22162698
7776,16819,0.52278453
7777,26248,0.012258948
7778,36667,0.010384128
7779,53026,0.01169598
7780,36531,0.6506771
7781,10653,0.014394149
7782,103459,0.044904254
7783,41204,0.5564428
7784,48220,0.15818791
7785,60526,0.41105306
7786,53132,0.43110844
7787,4948,0.0069522606
7788,30606,0.029865768
7789,102241,0.013172917
7790,23357,0.78245246
7791,44812,0.43110844
7792,5532,0.011213726
7793,25459,0.007034591
7794,1497,0.0049185203
7795,59511,0.018093104
7796,105549,0.0046610264
7797,8564,0.0007177626
7798,83802,0.032024384
7799,21358,0.15587679
7800,94028,0.07416899
7801,114644,0.00515047
7802,104235,0.7097762
7803,10032,0.0025525764
7804,25326,0.007953537
7805,74744,0.022602122
7806,33994,0.0031462335
7807,44605,0.5199695
7808,6354,0.01928867
7809,34398,0.34026608
7810,69849,0.0013979791
7811,32614,0.0008226301
7812,60269,0.45156
7813,80349,0.44110775
7814,45460,0.0071573043
7815,109685,0.28763485
7816,103502,0.012002181
7817,17676,0.0065422608
7818,85271,0.0027739054
7819,50727,0.014338472
7820,40652,0.5546763
7821,43444,0.004628167
7822,18984,0.20995115
7823,100031,0.086637765
7824,87342,0.0022931537
7825,98841,0.3708521
7826,69901,0.030523187
7827,36299,0.0011340901
7828,13840,0.027904868
7829,85952,0.015073597
7830,68676,0.011961938
7831,1594,0.021187369
7832,1707,0.51799
7833,75372,0.11349316
7834,73704,0.008381444
7835,37882,0.5199695
7836,81471,0.009821194
7837,85691,0.28655696
7838,19665,0.009730455
7839,100871,0.7186213
7840,63528,0.02822482
7841,90811,0.44110775
7842,108761,0.07262648
7843,49391,0.55566055
7844,77742,0.44364974
7845,29685,0.03099253
7846,48816,0.008381444
7847,96146,0.012197131
7848,105655,0.022487141
7849,32395,0.008301277
7850,68174,0.051104467
7851,98331,0.023277853
7852,102010,0.0812069
7853,49514,0.01204418
7854,35338,0.05612486
7855,77688,0.0028737192
7856,35195,0.0020535307
7857,14153,0.43110844
7858,35170,0.04315304
7859,14923,0.0024813854
7860,68428,0.6405128
7861,78736,0.012733409
7862,32954,0.03099253
7863,58357,0.5564428
7864,3487,0.95635545
7865,85789,0.012401631
7866,9046,0.016219283
7867,48918,0.029510276
7868,63402,0.033737633
7869,75103,0.011099343
7870,51124,0.013969766
7871,86979,0.34026608
7872,30899,0.0019299018
7873,5528,0.31913745
7874,62227,0.035288915
7875,69016,0.008928021
7876,9171,0.001435375
7877,17561,0.002508714
7878,81544,0.4170163
7879,108318,0.004727539
7880,37934,0.035562683
7881,22287,0.76530224
7882,103303,0.3061155
7883,95745,0.002724827
7884,78734,0.74877614
7885,19938,0.0009079277
7886,2192,0.0015274385
7887,102353,0.0009233086
7888,101594,0.028317085
7889,52288,0.45818773
7890,42380,0.762075
7891,4684,0.030317578
7892,4690,0.018435312
7893,46968,0.005144761
7894,39313,0.07216779
7895,35341,0.00071399944
7896,42249,0.004335792
7897,38071,0.06355908
7898,63335,0.15818791
7899,1448,0.93112916
7900,28555,0.19536862
7901,34707,0.14047155
7902,115754,0.44110775
7903,105691,0.14736001
7904,2672,0.11621293
7905,96568,0.72432643
7906,32097,0.5564428
7907,79412,0.006243667
7908,14108,0.033737633
7909,75002,0.011099343
7910,20384,0.047169536
7911,27855,0.051071756
7912,51796,0.72160727
7913,8326,0.008497199
7914,26322,0.07216779
7915,33887,0.010032426
7916,31139,0.53810483
7917,112084,0.005011556
7918,8319,0.00659286
7919,29781,0.00071399944
7920,76364,0.0022873352
7921,4285,0.0010804094
7922,30510,0.55566055
7923,32009,0.03099253
7924,3853,0.011986613
7925,95116,0.0015157373
7926,54875,0.56254977
7927,19164,0.8383819
7928,25608,0.26892516
7929,26776,0.0030121
7930,13963,0.0664219
7931,59152,0.0063633565
7932,101394,0.65557665
7933,78989,0.012002181
7934,2669,0.0026146912
7935,17217,0.021931136
7936,21471,0.0028903463
7937,114396,0.020928299
7938,77848,0.15794931
7939,2408,0.050541647
7940,6795,0.012577142
7941,49000,0.01169598
7942,53748,0.015709156
7943,65521,0.004751124
7944,57709,0.06305775
7945,39147,0.14405103
7946,83013,0.0037842405
7947,87316,0.7957864
7948,10358,0.1629963
7949,10062,0.007785076
7950,37164,0.80551404
7951,67149,0.006974203
7952,112050,0.012002181
7953,723,0.58075285
7954,84036,0.152907
7955,92841,0.013700311
7956,25312,0.013899313
7957,107793,0.0031547274
7958,82509,0.0018060576
7959,49260,0.36701018
7960,110019,0.5448597
7961,77201,0.74005514
7962,8888,0.0057292413
7963,111669,0.0010812768
7964,36434,0.58656245
7965,8355,0.4087485
7966,91791,0.004684312
7967,10288,0.018435312
7968,71047,0.007626647
7969,22701,0.007258179
7970,69027,0.44110775
7971,110531,0.0102497535
7972,50165,0.008242936
7973,45141,0.011676242
7974,76127,0.17259738
7975,107258,0.74846315
7976,13536,0.88149345
7977,27335,0.0038389568
7978,61061,0.34026608
7979,101069,0.8824114
7980,86387,0.019717583
7981,14416,0.013621989
7982,6166,0.062361155
7983,48554,0.03439601
7984,17234,0.10426952
7985,99054,0.8824114
7986,61160,0.56254977
7987,34994,0.43110844
7988,102960,0.27749422
7989,72168,0.012002181
7990,57764,0.45156
7991,38787,0.004101277
7992,103350,0.5011023
7993,65587,0.0012440408
7994,18818,0.005146533
7995,45011,0.18866682
7996,32208,0.0013389853
7997,45101,0.009912641
7998,56215,0.004758103
7999,21717,0.008301186
8000,113415,0.42777395
8001,7773,0.00374704
8002,33252,0.6280348
8003,37744,0.38217098
8004,39267,0.05443167
8005,98210,0.004468872
8006,11417,0.82121855
8007,51525,0.026396753
8008,77195,0.03418607
8009,36077,0.32464874
8010,38932,0.0037727582
8011,23579,0.74603975
8012,74310,0.0041569625
8013,35228,0.34026608
8014,87428,0.14047155
8015,20660,0.35608795
8016,13280,0.015270749
8017,50248,0.0020691345
8018,79306,0.013505319
8019,74959,0.8396209
8020,19858,0.3052451
8021,588,0.14979403
8022,2936,0.056995768
8023,10521,0.4970651
8024,79504,0.0016723784
8025,58678,0.0017500435
8026,13971,0.58656245
8027,41373,0.019832386
8028,31160,0.2822489
8029,115286,0.0049695256
8030,22928,0.70096636
8031,47551,0.00091765885
8032,88028,0.28651854
8033,43124,0.0010731479
8034,91668,0.78680277
8035,26200,0.00071399944
8036,102223,0.0016917065
8037,79044,0.78680277
8038,78207,0.0023932334
8039,27629,0.0021399956
8040,65970,0.012023981
8041,108540,0.010478738
8042,53701,0.009914719
8043,111295,0.008890767
8044,105323,0.43110844
8045,10234,0.0012083575
8046,21131,0.036068562
8047,27909,0.03099253
8048,114867,0.097248875
8049,61743,0.013729459
8050,78840,0.43030468
8051,46672,0.07216779
8052,41793,0.70096636
8053,38980,0.00091765885
8054,39647,0.07216779
8055,108039,0.77919436
8056,27198,0.009535437
8057,54877,0.43110844
8058,88998,0.74877614
8059,66621,0.5647259
8060,71128,0.5199695
8061,104888,0.28550902
8062,69348,0.44110775
8063,47496,0.43110844
8064,8130,0.003118195
8065,98257,0.105119556
8066,111023,0.011207468
8067,3230,0.27979872
8068,111657,0.00674705
8069,6819,0.00277751
8070,15311,0.015579068
8071,81445,0.45156
8072,27311,0.08277012
8073,103387,0.0024399047
8074,38914,0.0038888594
8075,104478,0.5561449
8076,61646,0.022337878
8077,21552,0.021367995
8078,37643,0.0269801
8079,99773,0.5011023
8080,77735,0.0016723784
8081,109103,0.0036232346
8082,55558,0.0072606807
8083,94352,0.55566055
8084,76630,0.013700311
8085,68590,0.56254977
8086,69494,0.31480527
8087,96530,0.008425987
8088,91371,0.004684312
8089,20810,0.0015287197
8090,9443,0.018229589
8091,58047,0.005964554
8092,6092,0.9592188
8093,19579,0.0024689988
8094,23099,0.008011415
8095,20474,0.07916469
8096,103863,0.6280348
8097,24702,0.05849908
8098,111180,0.0071474197
8099,66324,0.0021246264
8100,109143,0.010173517
8101,24744,0.07216779
8102,111677,0.5011023
8103,87120,0.85027885
8104,18717,0.010384128
8105,7916,0.002541684
8106,51064,0.0155742
8107,33955,0.014154177
8108,50824,0.55566055
8109,19705,0.055210017
8110,75960,0.012002181
8111,30177,0.022302592
8112,14491,0.42777395
8113,36153,0.72160727
8114,36008,0.000989264
8115,2576,0.0034078248
8116,1515,0.0039967857
8117,91225,0.02189095
8118,33973,0.2623031
8119,30015,0.008430279
8120,115560,0.022487141
8121,62150,0.013729459
8122,111308,0.004727539
8123,30339,0.6280348
8124,86688,0.009821194
8125,107773,0.64646333
8126,30749,0.00071399944
8127,39474,0.78245246
8128,39748,0.0023257656
8129,6173,0.5072903
8130,9220,0.028729357
8131,13247,0.24128486
8132,6237,0.00645206
8133,23188,0.0061077164
8134,63490,0.15818791
8135,105887,0.12296674
8136,63009,0.035288915
8137,40399,0.004628007
8138,714,0.20640528
8139,85255,0.0026773568
8140,63591,0.0022931537
8141,40220,0.0026140122
8142,21858,0.0019327052
8143,86825,0.021465557
8144,78586,0.032024384
8145,62020,0.7322869
8146,83125,0.05137214
8147,12281,0.80478853
8148,38805,0.07216779
8149,36117,0.007096146
8150,26144,0.42777395
8151,78300,0.8396209
8152,56085,0.82282555
8153,67495,0.039350558
8154,30284,0.003743473
8155,108095,0.004724549
8156,24149,0.3860109
8157,30588,0.32017073
8158,11206,0.00659286
8159,26859,0.0006798332
8160,105363,0.014701023
8161,4312,0.011287057
8162,2091,0.031376135
8163,40687,0.013474086
8164,19747,0.0030670466
8165,30024,0.55566055
8166,48585,0.009914719
8167,89991,0.008226825
8168,98444,0.09432271
8169,24310,0.43110844
8170,63631,0.0016225098
8171,94173,0.058519557
8172,111063,0.0017190939
8173,94679,0.57717556
8174,102841,0.009250844
8175,105051,0.5011023
8176,63997,0.762075
8177,4927,0.018435312
8178,35407,0.0020691345
8179,44188,0.005579732
8180,21799,0.004049877
8181,65923,0.01117166
8182,25316,0.0010558934
8183,58284,0.0028512813
8184,92766,0.26711744
8185,4416,0.60496414
8186,91536,0.0031942755
8187,72056,0.34026608
8188,110629,0.56768835
8189,41468,0.03881152
8190,64291,0.0078046923
8191,61851,0.003049171
8192,79882,0.00291807
8193,23917,0.5199695
8194,50569,0.009914719
8195,24053,0.6506771
8196,57292,0.0013647577
8197,64346,0.0035081243
8198,58900,0.0045519182
8199,55565,0.7095885
8200,109632,0.25601044
8201,113792,0.8604938
8202,111351,0.28550902
8203,59856,0.004797168
8204,26009,0.0019231747
8205,54123,0.029148983
8206,84866,0.0022501734
8207,63854,0.14577645
8208,108052,0.0066555766
8209,40134,0.0008226301
8210,56437,0.27065274
8211,43861,0.74494725
8212,48215,0.003913944
8213,12477,0.003703002
8214,103205,0.06430202
8215,19394,0.18412575
8216,29049,0.38217098
8217,3659,0.022405224
8218,15463,0.01135067
8219,64710,0.016420258
8220,63334,0.0073489915
8221,43964,0.07216779
8222,84681,0.70096636
8223,17670,0.0075352388
8224,112439,0.0028223284
8225,34235,0.0011821898
8226,66789,0.56254977
8227,98502,0.04640792
8228,45697,0.006802887
8229,64385,0.008415162
8230,95776,0.0345527
8231,27609,0.004441212
8232,60728,0.56254977
8233,28605,0.044998992
8234,103301,0.5323371
8235,75495,0.014866078
8236,114795,0.0008284982
8237,10940,0.0070653404
8238,70198,0.007632777
8239,102005,0.055891003
8240,89069,0.012002181
8241,45637,0.060939007
8242,3727,0.61648524
8243,39678,0.0029232341
8244,28593,0.0051201815
8245,113194,0.027182046
8246,61421,0.2530429
8247,87985,0.008541899
8248,113776,0.0025255098
8249,53030,0.00548509
8250,34510,0.00091765885
8251,43311,0.010384128
8252,100032,0.53241813
8253,115353,0.003565376
8254,49554,0.56254977
8255,101578,0.0028533617
8256,115673,0.001895642
8257,19420,0.14005232
8258,91208,0.28655696
8259,11274,0.0036811016
8260,19931,0.0020691345
8261,44819,0.0012627309
8262,108099,0.047623415
8263,52587,0.0030792684
8264,32253,0.55566055
8265,88856,0.00357522
8266,69292,0.56254977
8267,70594,0.088731185
8268,30121,0.33401656
8269,2024,0.1552935
8270,81849,0.43110844
8271,31616,0.009884853
8272,65942,0.013294325
8273,98376,0.8824114
8274,49774,0.0046847276
8275,113364,0.8073558
8276,71637,0.25401485
8277,35152,0.0075602354
8278,780,0.0014947427
8279,82285,0.0022931537
8280,64009,0.009464335
8281,13234,0.0006426628
8282,103375,0.013983658
8283,105570,0.008077423
8284,1374,0.0060569504
8285,113645,0.42777395
8286,82717,0.024354452
8287,87656,0.0030208994
8288,68432,0.006046115
8289,66373,0.0032679527
8290,16116,0.033737633
8291,99688,0.02248286
8292,3289,0.16574548
8293,82000,0.0049660774
8294,57971,0.0033255746
8295,97734,0.016635763
8296,40962,0.74494725
8297,54827,0.25401485
8298,22352,0.0020691345
8299,48541,0.0064761485
8300,6425,0.05236318
8301,97576,0.0018889201
8302,49093,0.72160727
8303,96309,0.0010530981
8304,106535,0.64646333
8305,33369,0.023507275
8306,53163,0.0059010214
8307,65238,0.004420346
8308,32035,0.022302592
8309,112175,0.105119556
8310,104544,0.74846315
8311,72876,0.017257174
8312,9763,0.88430524
8313,633,0.041528445
8314,11557,0.061372176
8315,93376,0.0044409866
8316,29174,0.55566055
8317,59972,0.7960921
8318,86484,0.008425987
8319,4589,0.45357627
8320,13590,0.0013064836
8321,81371,0.33401656
8322,487,0.012117869
8323,346,0.07275882
8324,18973,0.013766202
8325,58953,0.057681948
8326,44985,0.5564428
8327,74021,0.022882095
8328,73292,0.4510593
8329,13584,0.009150533
8330,95524,0.8230714
8331,41635,0.25401485
8332,10710,0.014075083
8333,32019,0.051835634
8334,29526,0.009472908
8335,86765,0.012002181
8336,83403,0.41344064
8337,73148,0.01418171
8338,62341,0.35608795
8339,49615,0.011531356
8340,78490,0.0021256113
8341,34332,0.34026608
8342,19790,0.036068562
8343,105853,0.54136163
8344,83006,0.0006207592
8345,77159,0.009914719
8346,21441,0.14005232
8347,23977,0.17962755
8348,83733,0.0068212147
8349,3694,0.0630845
8350,23173,0.0023828016
8351,24879,0.0031122733
8352,93452,0.09289784
8353,31208,0.01842348
8354,35302,0.007258179
8355,76014,0.56254977
8356,65386,0.019717583
8357,40794,0.945173
8358,103700,0.013412011
8359,8854,0.008968482
8360,111025,0.00468644
8361,60140,0.55566055
8362,34761,0.0063888356
8363,113405,0.003227144
8364,66290,0.005774845
8365,94827,0.8048408
8366,70854,0.44110775
8367,35280,0.55566055
8368,65267,0.0010683179
8369,32485,0.009771868
8370,45451,0.45818773
8371,46836,0.009912641
8372,83997,0.015979353
8373,108092,0.2836866
8374,36603,0.53810483
8375,74991,0.020117557
8376,58745,0.005964554
8377,93681,0.088731185
8378,21058,0.005124738
8379,20759,0.055877678
8380,94422,0.005852235
8381,17915,0.004751769
8382,114784,0.0039300313
8383,9582,0.0029739437
8384,80846,0.007304721
8385,62450,0.01099337
8386,107768,0.5133302
8387,47533,0.007909046
8388,67838,0.43110844
8389,59649,0.6387651
8390,29573,0.029933367
8391,79260,0.020028856
8392,14844,0.00576315
8393,74445,0.011098103
8394,2839,0.59687626
8395,92259,0.27749422
8396,92781,0.0010696744
8397,1095,0.018435312
8398,26947,0.03099253
8399,93415,0.6405128
8400,92479,0.2836866
8401,38520,0.0027078087
8402,68130,0.12398285
8403,9416,0.0021298362
8404,49188,0.0047171935
8405,36519,0.051835634
8406,71533,0.013729459
8407,86040,0.35608795
8408,99744,0.048590504
8409,64482,0.003276637
8410,21325,0.74088585
8411,47827,0.014701023
8412,3780,0.09642163
8413,87802,0.74877614
8414,22202,0.8126763
8415,2074,0.0012127351
8416,71951,0.007841237
8417,80629,0.7957864
8418,41081,0.0013411465
8419,38361,0.03825164
8420,99633,0.15818791
8421,63954,0.02822482
8422,113551,0.0039537055
8423,73941,0.007361211
8424,17642,0.83826447
8425,54213,0.0022936098
8426,18768,0.18977284
8427,15437,0.0010383362
8428,43537,0.0011781057
8429,78964,0.0019439934
8430,115455,0.0035952693
8431,42366,0.0007373495
8432,76443,0.01976167
8433,98452,0.74846315
8434,34328,0.2822489
8435,83183,0.00770996
8436,84072,0.35608795
8437,104443,0.03961124
8438,93351,0.5011023
8439,81868,0.0028125902
8440,44126,0.0076452047
8441,15836,0.0061500594
8442,76497,0.0014805314
8443,8231,0.01441834
8444,44166,0.03099253
8445,85105,0.0051377076
8446,44532,0.26892516
8447,73221,0.013729459
8448,64534,0.005583554
8449,54266,0.53810483
8450,8862,0.8426439
8451,66833,0.74877614
8452,113511,0.0026878933
8453,35770,0.56254977
8454,38897,0.3860109
8455,109974,0.74846315
8456,85086,0.79601824
8457,41125,0.0013654259
8458,27233,0.0008226301
8459,17415,0.45156
8460,29978,0.55566055
8461,86398,0.56254977
8462,9935,0.0038968078
8463,43342,0.0080893785
8464,112397,0.9305011
8465,99244,0.09951157
8466,61486,0.25401485
8467,51598,0.56254977
8468,60907,0.013729459
8469,5194,0.0013313618
8470,79267,0.002149114
8471,76052,0.15818791
8472,14501,0.0015385207
8473,100838,0.0017479971
8474,92993,0.74877614
8475,7007,0.002294054
8476,26536,0.0023913214
8477,94131,0.0016723784
8478,84753,0.005623936
8479,87965,0.007863356
8480,58818,0.005449117
8481,42161,0.0012627309
8482,34875,0.00091765885
8483,34216,0.33401656
8484,29551,0.028701415
8485,114954,0.005969138
8486,35473,0.0047171935
8487,5824,0.8032783
8488,62521,0.7957864
8489,34102,0.009873006
8490,7400,0.025101572
8491,3700,0.031376135
8492,58337,0.76863915
8493,111624,0.014083165
8494,109488,0.0030627993
8495,83301,0.005660244
8496,42652,0.0020691345
8497,80397,0.031698246
8498,37772,0.009157335
8499,83157,0.010488309
8500,20798,0.011159437
8501,12276,0.83969426
8502,38719,0.00968969
8503,108320,0.77919436
8504,114431,0.72432643
8505,36586,0.70096636
8506,46490,0.00071399944
8507,37358,0.3860109
8508,47627,0.09010158
8509,36246,0.56254977
8510,57194,0.30027738
8511,65508,0.003743473
8512,93424,0.012334462
8513,87671,0.008101352
8514,48347,0.0034854359
8515,63908,0.015684005
8516,65917,0.0019729873
8517,109653,0.03961124
8518,82616,0.014642224
8519,39035,0.000885796
8520,111957,0.33401656
8521,83010,0.004947049
8522,82401,0.015073597
8523,84145,0.20339376
8524,61369,0.0012913015
8525,33028,0.008272674
8526,5115,0.007761028
8527,77675,0.035424326
8528,41747,0.011676242
8529,33002,0.021939708
8530,102095,0.008029135
8531,56225,0.70096636
8532,32577,0.021939708
8533,79319,0.0034332157
8534,85799,0.71711034
8535,25539,0.0060937977
8536,79682,0.74877614
8537,76546,0.01922448
8538,23324,0.0076787476
8539,44717,0.010478496
8540,15749,0.021367995
8541,44366,0.0109123485
8542,40177,0.0011041005
8543,99775,0.009081299
8544,41258,0.0022865096
8545,71286,0.43110844
8546,52385,0.016066954
8547,5208,0.008628758
8548,86503,0.009223896
8549,9461,0.018435312
8550,45584,0.013172917
8551,8900,0.5889251
8552,72911,0.20928882
8553,28472,0.0016495545
8554,78022,0.016420258
8555,67643,0.03439601
8556,74615,0.0049660774
8557,107000,0.019603891
8558,14292,0.04223348
8559,9750,0.18191797
8560,94183,0.55365103
8561,15883,0.010212418
8562,53319,0.27065274
8563,86089,0.0023538421
8564,8245,0.00659286
8565,41502,0.27065274
8566,45940,0.0063592396
8567,59890,0.003492684
8568,10109,0.10426952
8569,65770,0.01117166
8570,8571,0.003730694
8571,12402,0.0026441428
8572,15405,0.58075285
8573,19951,0.002050763
8574,81273,0.016420258
8575,57827,0.7174389
8576,24152,0.11370517
8577,77165,0.34026608
8578,84915,0.013172917
8579,80109,0.006887485
8580,55218,0.0023948231
8581,97616,0.0032679527
8582,87327,0.018051058
8583,93996,0.017797403
8584,15673,0.0077333567
8585,47508,0.007318388
8586,105934,0.0038716285
8587,19743,0.005124738
8588,11044,0.0018474102
8589,24775,0.026034497
8590,72091,0.04230545
8591,44792,0.030330224
8592,2515,0.04696022
8593,16861,0.029277654
8594,30259,0.9126822
8595,8749,0.66060126
8596,73778,0.27749422
8597,59191,0.55566055
8598,64803,0.0334232
8599,52454,0.0009347305
8600,61912,0.07507838
8601,97605,0.53241813
8602,43399,0.00805099
8603,72639,0.009914719
8604,105209,0.012002181
8605,5224,0.0042326646
8606,49598,0.0008271332
8607,49695,0.36701018
8608,103370,0.14774753
8609,74075,0.74877614
8610,25229,0.0022403651
8611,18016,0.05849908
8612,56684,0.048028454
8613,21193,0.0014503007
8614,27528,0.051835634
8615,33081,0.0032173665
8616,84520,0.35608795
8617,24185,0.0021804702
8618,22844,0.00623229
8619,90887,0.13317084
8620,115129,0.11706965
8621,80847,0.087790936
8622,46859,0.0049203434
8623,80104,0.04640792
8624,112395,0.09597548
8625,10808,0.028737435
8626,26078,0.01935918
8627,55583,0.004264088
8628,58130,0.28651854
8629,75567,0.0034303586
8630,100505,0.105119556
8631,33500,0.2693841
8632,17348,0.0037919926
8633,26836,0.00755728
8634,101336,0.740201
8635,62962,0.020076614
8636,3398,0.04696022
8637,55232,0.0016053636
8638,29825,0.000988345
8639,113697,0.003721129
8640,52173,0.012421381
8641,57116,0.0022936098
8642,20668,0.38217098
8643,7887,0.5889251
8644,14184,0.13181674
8645,74852,0.0027353507
8646,44805,0.007727845
8647,103810,0.083270535
8648,50466,0.79601824
8649,110885,0.372094
8650,35973,0.09965071
8651,38528,0.0020691345
8652,55967,0.78680277
8653,36841,0.89857846
8654,109398,0.012002181
8655,41384,0.000988345
8656,86594,0.012846877
8657,15585,0.021367995
8658,67504,0.032024384
8659,36844,0.001278075
8660,47809,0.014035073
8661,99328,0.45784926
8662,8033,0.014075083
8663,92421,0.72432643
8664,44873,0.020251123
8665,113152,0.77919436
8666,46642,0.70096636
8667,39554,0.00071399944
8668,4504,0.018435312
8669,25413,0.07216779
8670,45786,0.027091615
8671,55342,0.2822489
8672,1659,0.35555658
8673,2005,0.008628758
8674,64258,0.022500813
8675,42748,0.3860109
8676,50124,0.55566055
8677,54039,0.58656245
8678,15292,0.010688886
8679,25473,0.019832386
8680,65829,0.10367999
8681,114743,0.04104889
8682,66308,0.0071249697
8683,100438,0.5011023
8684,102483,0.8824114
8685,78158,0.008607056
8686,98338,0.013294325
8687,3763,0.0023382641
8688,31056,0.8615252
8689,9296,0.001463636
8690,111678,0.2529795
8691,79078,0.6603064
8692,114273,0.11024024
8693,3034,0.0022936098
8694,88584,0.011759752
8695,111699,0.028317085
8696,81543,0.006083905
8697,111328,0.0038776263
8698,69916,0.019930284
8699,104401,0.5561449
8700,28500,0.43085074
8701,114566,0.55566055
8702,108767,0.0698853
8703,25360,0.0298511
8704,27634,0.6504956
8705,110343,0.009871155
8706,54682,0.001345148
8707,44450,0.0035549202
8708,62529,0.035288915
8709,42254,0.007258179
8710,77533,0.1578677
8711,47625,0.008272674
8712,79920,0.06928864
8713,36328,0.04315304
8714,87964,0.43110844
8715,87735,0.72432643
8716,17875,0.009526269
8717,56637,0.009914719
8718,64513,0.008425987
8719,8005,0.0045204298
8720,13860,0.8648343
8721,63652,0.024114339
8722,27176,0.03099253
8723,38677,0.026034497
8724,34048,0.0037388983
8725,15847,0.0049765357
8726,18048,0.37513012
8727,17939,0.011371231
8728,98496,0.26505858
8729,111102,0.0034332157
8730,5876,0.2685778
8731,2324,0.0630845
8732,53837,0.022337878
8733,106006,0.011188366
8734,114992,0.016483359
8735,66550,0.0031317705
8736,51975,0.009028697
8737,79985,0.01665654
8738,4112,0.040821522
8739,9157,0.85398394
8740,71301,0.088731185
8741,32872,0.03099253
8742,47918,0.009821194
8743,69884,0.44110775
8744,89984,0.44101527
8745,69886,0.5992805
8746,57668,0.55566055
8747,84831,0.45156
8748,95485,0.34442058
8749,97596,0.006478453
8750,11932,0.005809303
8751,28514,0.004564898
8752,102975,0.0013665218
8753,43089,0.0039137322
8754,3947,0.63043845
8755,22157,0.0027460272
8756,85321,0.07507838
8757,13696,0.5251251
8758,41731,0.7960921
8759,88676,0.020636275
8760,49155,0.018403547
8761,46846,0.0020691345
8762,96398,0.007581757
8763,39472,0.00091765885
8764,89163,0.2836866
8765,14133,0.12884553
8766,19236,0.04578619
8767,91330,0.32012954
8768,83656,0.001749254
8769,4606,0.049360454
8770,114535,0.0038762968
8771,74317,0.03869458
8772,16239,0.004710098
8773,79743,0.038402162
8774,75194,0.0049660774
8775,18122,0.0012139995
8776,63766,0.0077780043
8777,49760,0.25401485
8778,104039,0.8073558
8779,31057,0.70096636
8780,60264,0.029510276
8781,72836,0.2693841
8782,108717,0.0034661877
8783,37225,0.0068967673
8784,54262,0.55566055
8785,66041,0.0032679527
8786,33195,0.015457122
8787,24417,0.3860109
8788,12549,0.0039608083
8789,79742,0.009821194
8790,20397,0.2648518
8791,95433,0.740201
8792,99237,0.005262025
8793,35478,0.011492445
8794,28524,0.26892516
8795,52035,0.55566055
8796,1207,0.0021298362
8797,57032,0.011207272
8798,87747,0.87290287
8799,42747,0.04577094
8800,56959,0.015627818
8801,90754,0.05044148
8802,22580,0.9141325
8803,76124,0.005177455
8804,26864,0.015192866
8805,2256,0.055490583
8806,48902,0.06305775
8807,53790,0.008456848
8808,100335,0.009081299
8809,84158,0.03243773
8810,47821,0.008110986
8811,40255,0.053762197
8812,79896,0.0069479262
8813,77443,0.004679834
8814,76792,0.00770996
8815,13602,0.005095349
8816,89108,0.57717556
8817,112410,0.7441965
8818,8301,0.00374704
8819,99816,0.013997655
8820,59161,0.74877614
8821,113082,0.00092495384
8822,33512,0.022337878
8823,43517,0.00071399944
8824,32739,0.33401656
8825,5970,0.7994104
8826,53925,0.55566055
8827,23479,0.0020182454
8828,2361,0.8120551
8829,21140,0.010691655
8830,45593,0.05328872
8831,106542,0.64646333
8832,49244,0.007970911
8833,101306,0.41344064
8834,75717,0.009821194
8835,12967,0.047849633
8836,35671,0.55566055
8837,95487,0.012002181
8838,103023,0.031160166
8839,76594,0.2836866
8840,27874,0.0070391092
8841,67049,0.4357655
8842,34976,0.00091765885
8843,29712,0.0396328
8844,50480,0.53810483
8845,104140,0.10423667
8846,108505,0.0016369927
8847,27313,0.72160727
8848,48980,0.0063888356
8849,26774,0.6803675
8850,86882,0.003035263
8851,74960,0.066196755
8852,28871,0.022337878
8853,22158,0.018598855
8854,10925,0.72396594
8855,45367,0.009408442
8856,87882,0.87290287
8857,38016,0.029409917
8858,38817,0.0016125338
8859,92531,0.0017144401
8860,62269,0.10844527
8861,11160,0.002749669
8862,49732,0.007013881
8863,5530,0.0053405017
8864,83146,0.15818791
8865,42119,0.010384128
8866,25588,0.762075
8867,26048,0.07216779
8868,14644,0.5251251
8869,36013,0.19928911
8870,77496,0.8396209
8871,66642,0.01696754
8872,34520,0.010352083
8873,93425,0.74877614
8874,56601,0.030200059
8875,57492,0.088731185
8876,15004,0.011516065
8877,81083,0.43110844
8878,106118,0.0070123067
8879,98771,0.013659604
8880,113074,0.0698853
8881,37739,0.010009553
8882,70712,0.012002181
8883,92571,0.015976962
8884,20451,0.70096636
8885,39782,0.0073897145
8886,1725,0.0027499474
8887,27495,0.8648343
8888,75115,0.78680277
8889,37264,0.017502472
8890,24098,0.5199695
8891,13743,0.0057520485
8892,51459,0.00058025814
8893,60099,0.9322627
8894,110077,0.04631971
8895,23883,0.95066607
8896,103557,0.5011023
8897,18970,0.0046736435
8898,63308,0.008123929
8899,8400,0.82121855
8900,52089,0.16491845
8901,87393,0.0016989608
8902,36636,0.003576547
8903,7191,0.0019436522
8904,85793,0.088731185
8905,50070,0.55566055
8906,92437,0.53241813
8907,66837,0.009799146
8908,71179,0.030200059
8909,52179,0.2822489
8910,89826,0.74877614
8911,47349,0.18459778
8912,88250,0.064145654
8913,88254,0.009223896
8914,33261,0.72160727
8915,114209,0.008230156
8916,87739,0.8396209
8917,61467,0.003104327
8918,4341,0.0140006505
8919,89011,0.72105354
8920,11539,0.0046863244
8921,89054,0.35608795
8922,20813,0.29437163
8923,40540,0.27641982
8924,13450,0.9005419
8925,48537,0.15818791
8926,20921,0.0077604842
8927,194,0.01793462
8928,30294,0.023896458
8929,102086,0.05849908
8930,85383,0.07311224
8931,2093,0.44233006
8932,67918,0.36701018
8933,92883,0.270978
8934,87579,0.74877614
8935,101038,0.0030084837
8936,54671,0.21549764
8937,111321,0.007216231
8938,76542,0.008798466
8939,55628,0.00040775051
8940,74210,0.0023050406
8941,77798,0.6077175
8942,56399,0.018053243
8943,33200,0.004770479
8944,45820,0.016864218
8945,90358,0.48679414
8946,3449,0.72160727
8947,39849,0.95066607
8948,85803,0.27749422
8949,22268,0.0019826263
8950,101115,0.0035445879
8951,79054,0.018053243
8952,45847,0.21208319
8953,4259,0.014075083
8954,75867,0.004515062
8955,54680,0.088731185
8956,18077,0.0014365462
8957,25623,0.00797546
8958,105244,0.36038575
8959,83234,0.21246839
8960,107141,0.008977496
8961,99010,0.025163257
8962,39025,0.07216779
8963,106629,0.42961618
8964,68945,0.5199695
8965,104238,0.01240773
8966,65596,0.01117166
8967,43077,0.006869381
8968,12282,0.0026352585
8969,104410,0.77919436
8970,57229,0.013139505
8971,28484,0.0042377645
8972,32124,0.60496414
8973,104016,0.38407657
8974,43866,0.0054256977
8975,33819,0.0020002183
8976,64523,0.0065740487
8977,43929,0.025119454
8978,51178,0.00071399944
8979,48787,0.011139684
8980,37840,0.009535437
8981,62553,0.019717583
8982,27808,0.0012627309
8983,79499,0.7944973
8984,110463,0.0068647107
8985,57894,0.36701018
8986,95748,0.00091700716
8987,4955,0.062338326
8988,28148,0.0021455889
8989,32203,0.18702865
8990,10281,0.4158156
8991,104995,0.0023932334
8992,111017,0.028317085
8993,51157,0.7925452
8994,4448,0.0016959888
8995,53704,0.72584873
8996,29281,0.25401485
8997,45555,0.6469486
8998,86317,0.27749422
8999,98341,0.039315145
9000,42106,0.6469486
9001,64708,0.0080987085
9002,63488,0.0031317705
9003,55728,0.72160727
9004,84587,0.74494725
9005,40544,0.58075285
9006,36206,0.55566055
9007,110300,0.012002181
9008,30816,0.00071399944
9009,40841,0.00092659536
9010,108104,0.012002181
9011,40214,0.07216779
9012,7244,0.020802634
9013,52158,0.72160727
9014,109760,0.0032926274
9015,37115,0.011100379
9016,71785,0.74877614
9017,51034,0.0036183505
9018,54449,0.33401656
9019,72952,0.018328343
9020,61312,0.56254977
9021,68343,0.005660244
9022,15006,0.011516065
9023,85151,0.024794823
9024,62052,0.012002181
9025,55588,0.01099337
9026,22080,0.07216779
9027,34080,0.55566055
9028,14810,0.45156
9029,18177,0.56254977
9030,102461,0.0039957305
9031,114300,0.15497953
9032,17913,0.011294925
9033,84009,0.034657482
9034,69,0.6405644
9035,32365,0.05849908
9036,56429,0.74877614
9037,8882,0.0010356125
9038,60469,0.09965071
9039,45264,0.5199695
9040,48529,0.27749422
9041,107638,0.036836438
9042,50474,0.55566055
9043,56528,0.14047155
9044,64498,0.0100625
9045,77465,0.025597675
9046,7068,0.008968482
9047,28264,0.03992289
9048,67500,0.42961618
9049,83882,0.01831499
9050,74304,0.031043656
9051,44028,0.088970564
9052,66748,0.09289784
9053,99587,0.5011023
9054,106828,0.5561449
9055,106123,0.017705962
9056,26207,0.051835634
9057,16039,0.010114416
9058,76916,0.17259738
9059,74818,0.008077423
9060,108820,0.21366136
9061,77277,0.008425987
9062,107471,0.0023450013
9063,81290,0.00081407145
9064,52321,0.0878315
9065,75505,0.088731185
9066,28710,0.53810483
9067,103844,0.77919436
9068,71246,0.15818791
9069,37497,0.89984685
9070,53893,0.022718975
9071,58664,0.55566055
9072,43066,0.026034497
9073,89691,0.6405128
9074,35743,0.0078108576
9075,62745,0.009464335
9076,16006,0.005315272
9077,5293,0.281191
9078,77882,0.030523187
9079,13639,0.002390084
9080,63569,0.009464335
9081,95435,0.019717583
9082,40919,0.008525705
9083,2513,0.111389324
9084,113321,0.0023849823
9085,47277,0.8383819
9086,49160,0.70096636
9087,27891,0.0027394695
9088,96303,0.008529221
9089,107182,0.018071147
9090,30519,0.35608795
9091,44743,0.0058972235
9092,80640,0.15818791
9093,107173,0.79601824
9094,17703,0.6107574
9095,20797,0.007258179
9096,44919,0.0056313276
9097,35921,0.051835634
9098,61512,0.015592633
9099,66787,0.005049358
9100,68285,0.7957864
9101,9113,0.7994104
9102,111588,0.07643986
9103,42561,0.81452924
9104,109435,0.0005884817
9105,42311,0.011981018
9106,106960,0.56768835
9107,48886,0.56254977
9108,89656,0.15818791
9109,63236,0.009464335
9110,51317,0.0071534864
9111,9565,0.012469902
9112,61277,0.15818791
9113,114648,0.006409783
9114,86370,0.002346441
9115,105542,0.54136163
9116,14107,0.6107574
9117,83319,0.0065258346
9118,87869,0.6405128
9119,82094,0.00770996
9120,34531,0.56254977
9121,68066,0.009914719
9122,38352,0.008242936
9123,10960,0.08840981
9124,56683,0.0063308417
9125,109267,0.02478145
9126,33359,0.33401656
9127,16923,0.27065274
9128,48460,0.56254977
9129,69237,0.5199695
9130,57873,0.35608795
9131,40956,0.35608795
9132,2544,0.0630845
9133,29428,0.004583181
9134,66390,0.5470303
9135,61858,0.012002181
9136,105346,0.22124092
9137,10509,0.02281438
9138,111620,0.04631971
9139,1433,0.0017709443
9140,37138,0.0022931537
9141,84052,0.0018926609
9142,27509,0.35608795
9143,93835,0.054543346
9144,25161,0.12072263
9145,18865,0.028393907
9146,80780,0.8468055
9147,10278,0.09586386
9148,49924,0.33401656
9149,92980,0.65557665
9150,89313,0.011046283
9151,98001,0.008425987
9152,39355,0.009535437
9153,15621,0.79483724
9154,33837,0.0016265064
9155,11271,0.0017499211
9156,31483,0.009548245
9157,76098,0.8396209
9158,94883,0.55566055
9159,63589,0.012432675
9160,40000,0.07216779
9161,102035,0.9090349
9162,92280,0.3346015
9163,70921,0.0032679527
9164,110840,0.088731185
9165,92502,0.09072048
9166,32393,0.026676007
9167,19978,0.07916469
9168,75428,0.006436934
9169,48303,0.12548245
9170,42581,0.15483318
9171,1419,0.01700466
9172,51660,0.8648343
9173,87401,0.56254977
9174,19735,0.021295305
9175,77033,0.0104357805
9176,91221,0.26795226
9177,71705,0.030523187
9178,53074,0.02009908
9179,81491,0.042074878
9180,100034,0.44101527
9181,32932,0.0060095517
9182,2464,0.0013313618
9183,25453,0.0016559368
9184,43012,0.015104119
9185,41570,0.00623229
9186,27819,0.036068562
9187,79710,0.0049660774
9188,16925,0.14580335
9189,88854,0.43110844
9190,60486,0.5199695
9191,69022,0.0026052932
9192,40690,0.019951666
9193,98143,0.64767665
9194,109289,0.6422299
9195,69210,0.74877614
9196,68376,0.008013377
9197,107665,0.0077887494
9198,539,0.0055985674
9199,82338,0.0031317705
9200,6258,0.018435312
9201,83205,0.0011741337
9202,70625,0.56254977
9203,74458,0.055007335
9204,81756,0.71711034
9205,9207,0.014394392
9206,285,0.024059452
9207,48077,0.0049660774
9208,74158,0.006866912
9209,109383,0.01281462
9210,43639,0.0028067504
9211,78942,0.0028024404
9212,99486,0.57717556
9213,93475,0.0072606807
9214,115400,0.020870145
9215,85416,0.064658664
9216,17226,0.0035326635
9217,8601,0.0119289635
9218,72024,0.008592961
9219,24213,0.023896458
9220,53063,0.051835634
9221,34752,0.0032353727
9222,32789,0.060939007
9223,43591,0.0023723533
9224,56532,0.6405644
9225,73553,0.78680277
9226,39134,0.0016130267
9227,65893,0.0005696931
9228,57187,0.004914037
9229,101898,0.0329633
9230,83851,0.088731185
9231,32367,0.6280348
9232,74803,0.0049660774
9233,93986,0.43110844
9234,109834,0.001803757
9235,12401,0.009150533
9236,103147,0.032682177
9237,99669,0.15818791
9238,54001,0.03712462
9239,15839,0.8468055
9240,85258,0.28655696
9241,11516,0.6010035
9242,26134,0.07216779
9243,14098,0.8015974
9244,15651,0.02238967
9245,105963,0.0073938603
9246,27395,0.80551404
9247,36632,0.00091765885
9248,81285,0.003958542
9249,71591,0.27749422
9250,87918,0.02189095
9251,70644,0.56254977
9252,115606,0.012432675
9253,48785,0.50516915
9254,100227,0.54879576
9255,78440,0.022602122
9256,34123,0.12978645
9257,32211,0.015112854
9258,24255,0.35385898
9259,9860,0.7464647
9260,22930,0.00071399944
9261,67581,0.5199695
9262,109798,0.34686902
9263,113382,0.03010942
9264,106453,0.0027059217
9265,106820,0.0144725265
9266,83369,0.030229522
9267,45912,0.78245246
9268,39309,0.43110844
9269,101271,0.0015184778
9270,39363,0.036068562
9271,73564,0.2530429
9272,57670,0.006974203
9273,9073,0.35608795
9274,60694,0.088731185
9275,18431,0.0036722529
9276,18375,0.0032154587
9277,97634,0.2530429
9278,70485,0.0016723784
9279,16065,0.0031000315
9280,73451,0.27749422
9281,61653,0.0036104273
9282,79256,0.037551638
9283,79346,0.008687843
9284,41611,0.26892516
9285,59802,0.2822489
9286,27949,0.6994286
9287,23725,0.011539402
9288,27104,0.55566055
9289,53101,0.009914719
9290,95084,0.45156
9291,99619,0.11755836
9292,55132,0.0044310107
9293,110326,0.10022817
9294,41978,0.002285908
9295,10215,0.2685778
9296,55514,0.8459859
9297,107441,0.036836438
9298,4831,0.039853398
9299,18677,0.5625178
9300,16136,0.026819523
9301,10809,0.0016232452
9302,97790,0.005658875
9303,73416,0.02640987
9304,99061,0.003205363
9305,99764,0.5011023
9306,113416,0.0023520757
9307,71773,0.27749422
9308,31932,0.0099509
9309,64686,0.85882515
9310,24518,0.70096636
9311,109713,0.031808395
9312,8761,0.0055993847
9313,79480,0.0021070624
9314,114363,0.012002181
9315,37774,0.029510276
9316,84428,0.002553413
9317,82923,0.7957864
9318,68122,0.029607145
9319,89211,0.7343914
9320,85545,0.18866682
9321,98673,0.01411021
9322,80698,0.35608795
9323,14456,0.0022307276
9324,95789,0.55050915
9325,32588,0.00071399944
9326,37705,0.027762443
9327,57332,0.00940842
9328,53590,0.005130211
9329,24633,0.0030173082
9330,27029,0.014105169
9331,79791,0.55566055
9332,7666,0.011539402
9333,68958,0.088731185
9334,100954,0.014994253
9335,111876,0.5230454
9336,31778,0.0008218583
9337,30058,0.051835634
9338,681,0.004601814
9339,14051,0.036068562
9340,99683,0.088731185
9341,66901,0.002298606
9342,40552,0.001985883
9343,65750,0.0065740487
9344,80945,0.011099343
9345,104504,0.6504956
9346,99079,0.009081299
9347,53814,0.088731185
9348,95607,0.7097762
9349,108175,0.0036712093
9350,90661,0.020657286
9351,79563,0.007863356
9352,91108,0.019116186
9353,56262,0.7957864
9354,52759,0.55566055
9355,59969,0.81452924
9356,95754,0.14733292
9357,39599,0.0029539396
9358,39249,0.003490421
9359,51820,0.060719058
9360,11145,0.9275386
9361,65157,0.019717583
9362,40891,0.0022931537
9363,114719,0.035533097
9364,3368,0.0034078248
9365,24663,0.029409917
9366,97461,0.44101527
9367,79667,0.74846315
9368,22192,0.062181864
9369,33601,0.046264153
9370,13653,0.0026194807
9371,393,0.010842617
9372,4094,0.72396594
9373,88420,0.74877614
9374,30400,0.55566055
9375,92380,0.5336217
9376,108966,0.54577994
9377,113371,0.5323371
9378,100721,0.28550902
9379,40037,0.0878315
9380,16637,0.005716294
9381,115372,0.87290287
9382,113840,0.78680277
9383,51162,0.18742363
9384,25052,0.43110844
9385,99978,0.4679668
9386,95136,0.0012932128
9387,92249,0.066196755
9388,5425,0.05132953
9389,8482,0.001273497
9390,112359,0.53810483
9391,47357,0.006890643
9392,113786,0.0026540428
9393,26547,0.53810483
9394,95661,0.013729459
9395,47431,0.60496414
9396,76649,0.27749422
9397,83739,0.44110775
9398,33475,0.0075284275
9399,104595,0.77919436
9400,29431,0.05443167
9401,18413,0.0065218043
9402,104780,0.34442058
9403,28226,0.0016090722
9404,86007,0.0046639293
9405,5762,0.009355409
9406,74402,0.009464335
9407,96961,0.0128080705
9408,64017,0.0065740487
9409,55902,0.82282555
9410,75136,0.012002181
9411,91773,0.28655696
9412,40483,0.00092721183
9413,82499,0.012809258
9414,95598,0.5011023
9415,88235,0.27749422
9416,30106,0.55566055
9417,9092,0.63043845
9418,33316,0.057796117
9419,2002,0.21353221
9420,18845,0.35385898
9421,6649,0.0013564437
9422,18873,0.18412575
9423,66609,0.024941524
9424,6553,0.0069522606
9425,11568,0.81639874
9426,60058,0.7957864
9427,67856,0.09362373
9428,58488,0.005964554
9429,96441,0.006281226
9430,68086,0.029157756
9431,17741,0.45156
9432,68693,0.006452185
9433,45817,0.008242936
9434,70117,0.088731185
9435,113887,0.0038762968
9436,27081,0.00915058
9437,38771,0.029409917
9438,10950,0.1682248
9439,2360,0.023296796
9440,15611,0.0029062266
9441,8851,0.1552172
9442,82488,0.006896676
9443,87988,0.74877614
9444,114134,0.38502318
9445,15557,0.029062405
9446,9166,0.0031621982
9447,92293,0.013924412
9448,67058,0.4000341
9449,17701,0.008011415
9450,70727,0.15818791
9451,92701,0.61112845
9452,14518,0.0017709039
9453,100309,0.87290287
9454,100057,0.05849908
9455,6079,0.0025193936
9456,23796,0.26892516
9457,115016,0.6280348
9458,101642,0.07007005
9459,55502,0.0014977369
9460,31946,0.06221108
9461,68176,0.017926535
9462,32366,0.72160727
9463,110036,0.006122534
9464,87599,0.012002181
9465,107456,0.5011023
9466,58833,0.01099337
9467,112154,0.2836866
9468,88266,0.007863356
9469,1906,0.017208373
9470,42229,0.028765226
9471,45222,0.26892516
9472,88638,0.0030234638
9473,115051,0.0027309759
9474,74109,0.011816305
9475,15264,0.0060569504
9476,4960,0.004240854
9477,64358,0.32464874
9478,89319,0.34026608
9479,114379,0.6280348
9480,52029,0.74877614
9481,111600,0.0007454214
9482,52919,0.0043287533
9483,73472,0.08630488
9484,51285,0.78680277
9485,75667,0.18412575
9486,18679,0.008512997
9487,68012,0.01099337
9488,8350,0.009410172
9489,82806,0.44110775
9490,81029,0.088731185
9491,6516,0.595761
9492,72,0.0007488892
9493,34597,0.0027739054
9494,10711,0.0028357573
9495,85331,0.005318909
9496,11252,0.004630942
9497,78533,0.0068213893
9498,38502,0.8048408
9499,15987,0.0034397936
9500,20751,0.00091765885
9501,33707,0.046264153
9502,89420,0.0014738911
9503,7086,0.4970651
9504,48020,0.0068213893
9505,45050,0.021939708
9506,19998,0.0074363262
9507,69513,0.27749422
9508,11610,0.028729357
9509,13311,0.0029225922
9510,95307,0.24174885
9511,71431,0.74877614
9512,71904,0.8048408
9513,81816,0.03961124
9514,41980,0.07216779
9515,10317,0.011587429
9516,19430,0.81452924
9517,77886,0.58656245
9518,64162,0.0047055534
9519,5430,0.006254801
9520,32266,0.53810483
9521,3529,0.25082636
9522,105709,0.77919436
9523,85005,0.6858474
9524,43001,0.03099253
9525,5808,0.6717706
9526,17458,0.006017994
9527,101478,0.41344064
9528,34771,0.5199695
9529,96721,0.03597979
9530,60434,0.0022963043
9531,100631,0.45156
9532,41560,0.07216779
9533,68394,0.74877614
9534,100318,0.0027011775
9535,42579,0.3138417
9536,32569,0.0011041005
9537,4836,0.7994104
9538,107022,0.04640792
9539,37603,0.0046847276
9540,100855,0.8141845
9541,56007,0.5424639
9542,31106,0.55566055
9543,7138,0.0064995233
9544,12654,0.0077333567
9545,54969,0.35608795
9546,106681,0.77919436
9547,44430,0.04448573
9548,15111,0.14979403
9549,76921,0.003420309
9550,47640,0.07216779
9551,57791,0.55566055
9552,21957,0.0054749316
9553,30169,0.06054204
9554,3211,0.008968482
9555,33844,0.011290325
9556,1689,0.17771894
9557,38649,0.0023779676
9558,81607,0.008848927
9559,71412,0.6405128
9560,71235,0.03961124
9561,91130,0.44101527
9562,87226,0.0015177045
9563,54933,0.14971611
9564,12174,0.05099023
9565,18146,0.0026565213
9566,88661,0.32012954
9567,86390,0.04661624
9568,42196,0.0023386278
9569,76482,0.007304721
9570,86749,0.02189095
9571,50388,0.0133171445
9572,102583,0.9090349
9573,2502,0.27979872
9574,80885,0.005177455
9575,68232,0.28651854
9576,13784,0.00694245
9577,50445,0.43110844
9578,7230,0.030582005
9579,101517,0.0053627514
9580,115916,0.5072126
9581,69982,0.70096636
9582,13962,0.20692882
9583,75379,0.31480527
9584,40711,0.18783984
9585,92732,0.53241813
9586,83998,0.15818791
9587,55963,0.003831475
9588,84039,0.0018947283
9589,39251,0.0072606807
9590,95907,0.6405128
9591,8136,0.006145424
9592,64108,0.0066172294
9593,21045,0.009873006
9594,58622,0.002298606
9595,50278,0.062936194
9596,94140,0.0043672123
9597,102404,0.5011023
9598,82849,0.18485525
9599,95906,0.44101527
9600,66289,0.008425987
9601,52688,0.009821194
9602,37576,0.011270664
9603,13714,0.14580335
9604,80706,0.57231045
9605,48170,0.00770996
9606,82768,0.0035746626
9607,42871,0.07216779
9608,67706,0.0035480557
9609,85747,0.088731185
9610,19828,0.6221493
9611,99446,0.5011023
9612,70589,0.6405128
9613,11192,0.018435312
9614,41627,0.5611894
9615,87878,0.12510137
9616,1275,0.059951186
9617,55478,0.0043165195
9618,88686,0.0059171664
9619,49923,0.09965071
9620,5088,0.12782732
9621,32640,0.05849908
9622,69441,0.24184124
9623,40447,0.017349094
9624,5165,0.8941861
9625,15894,0.033737633
9626,74406,0.012002181
9627,74582,0.0092995865
9628,31217,0.027349515
9629,68692,0.0048714913
9630,72227,0.088731185
9631,15038,0.8032783
9632,112362,0.9305011
9633,100217,0.72432643
9634,103950,0.009784463
9635,9745,0.82121855
9636,16845,0.001914109
9637,70724,0.012002181
9638,75714,0.005783407
9639,22173,0.0029442052
9640,99769,0.0014120392
9641,23467,0.002170338
9642,53209,0.966962
9643,114765,0.38502318
9644,103206,0.005624118
9645,13523,0.14979403
9646,107902,0.5133302
9647,29633,0.55566055
9648,437,0.0035905032
9649,32677,0.12072263
9650,41701,0.029510276
9651,70421,0.0138649
9652,91039,0.017214164
9653,47423,0.004581689
9654,62137,0.06412971
9655,54540,0.088731185
9656,113641,0.020870145
9657,99292,0.008678447
9658,65285,0.0806475
9659,57953,0.009535437
9660,12388,0.002486188
9661,68062,0.27749422
9662,13181,0.027762886
9663,956,0.0023921554
9664,16469,0.021733435
9665,25569,0.0027460272
9666,81779,0.024354452
9667,11381,0.281191
9668,67870,0.004265542
9669,29044,0.25401485
9670,3133,0.90747184
9671,69231,0.008456848
9672,53885,0.0016804098
9673,48041,0.088731185
9674,66913,0.30764323
9675,77870,0.006974203
9676,114691,0.023579964
9677,76480,0.2530429
9678,96490,0.010502131
9679,98205,0.5011023
9680,10647,0.005811611
9681,114760,0.0834848
9682,26966,0.004781769
9683,26906,0.0020691345
9684,11708,0.92601115
9685,55543,0.55566055
9686,53270,0.020791909
9687,61224,0.8483415
9688,76577,0.029188784
9689,21136,0.72584873
9690,101526,0.44110775
9691,110401,0.0042354874
9692,38965,0.7947084
9693,39581,0.013609699
9694,24164,0.046264153
9695,42519,0.001653432
9696,106357,0.7944973
9697,67331,0.005660244
9698,34430,0.0015941687
9699,72376,0.0014050597
9700,44006,0.18321465
9701,65951,0.003967477
9702,4707,0.020802634
9703,93501,0.11532701
9704,34835,0.14047155
9705,43353,0.004628167
9706,24484,0.07216779
9707,30701,0.004420346
9708,77000,0.008044066
9709,77665,0.0031317705
9710,101684,0.1281117
9711,53693,0.56254977
9712,88539,0.78680277
9713,4083,0.7464647
9714,82638,0.0027706402
9715,107138,0.0099509
9716,69281,0.762075
9717,75435,0.012002181
9718,17183,0.008258516
9719,97804,0.2758116
9720,40467,0.0038676655
9721,106980,0.011036681
9722,101157,0.0017852179
9723,20272,0.002508714
9724,25091,0.0024239041
9725,72231,0.05531505
9726,35540,0.0050207567
9727,15623,0.0050007016
9728,11459,0.027031438
9729,70010,0.7957864
9730,25561,0.07216779
9731,91024,0.109813355
9732,91671,0.0031938553
9733,98916,0.0072648274
9734,165,0.0037707337
9735,89912,0.13317084
9736,114744,0.0039683436
9737,28562,0.08677969
9738,86981,0.0028024404
9739,54183,0.63145876
9740,81552,0.7957864
9741,105361,0.5011023
9742,18789,0.13413408
9743,111799,0.018082641
9744,52987,0.0025263424
9745,83290,0.71711034
9746,5838,0.41152322
9747,102908,0.003166074
9748,93269,0.0045123366
9749,5580,0.47817135
9750,55097,0.036068562
9751,56815,0.76863915
9752,13424,0.049987886
9753,38572,0.81452924
9754,89341,0.0021450357
9755,11804,0.56254977
9756,10258,0.010397215
9757,10205,0.011539402
9758,63510,0.0030927279
9759,34245,0.011392199
9760,55551,0.55050915
9761,88298,0.5218124
9762,74117,0.28655696
9763,66203,0.008077423
9764,1958,0.0630845
9765,41457,0.005746437
9766,7390,0.03273383
9767,42786,0.0039841696
9768,52594,0.09072048
9769,97023,0.020365952
9770,113484,0.020928299
9771,106579,0.24384014
9772,115355,0.64803004
9773,88413,0.0041904757
9774,98385,0.027548393
9775,54424,0.0044310107
9776,4137,0.0016091319
9777,33778,0.057796117
9778,3946,0.0045822216
9779,74360,0.006436934
9780,38491,0.4176834
9781,65797,0.01117166
9782,22558,0.021939708
9783,77897,0.015073597
9784,5820,0.018435312
9785,93759,0.0060151657
9786,6133,0.01793462
9787,57644,0.02001361
9788,26866,0.0018675126
9789,43955,0.8236736
9790,34427,0.7925452
9791,21361,0.00071399944
9792,66060,0.01117166
9793,35593,0.0026722637
9794,110324,0.0753909
9795,7647,0.72396594
9796,78397,0.26296425
9797,97661,0.0886879
9798,52882,0.012002181
9799,12687,0.83826447
9800,63981,0.008425987
9801,79942,0.8396209
9802,29505,0.55566055
9803,25773,0.07216779
9804,82590,0.0012713918
9805,42612,0.26892516
9806,53963,0.0044373935
9807,35323,0.0021886555
9808,6903,0.0019436522
9809,104795,0.44101527
9810,100315,0.008000897
9811,113379,0.028317085
9812,58199,0.15818791
9813,77438,0.0052132662
9814,113995,0.8073558
9815,8649,0.0015913337
9816,83314,0.021228416
9817,8920,0.09586386
9818,20094,0.033737633
9819,18190,0.0068791467
9820,65694,0.008077423
9821,49521,0.56254977
9822,63852,0.0016250074
9823,11341,0.003409192
9824,16988,0.0006426628
9825,14320,0.0018786875
9826,44578,0.04448573
9827,57093,0.21208319
9828,367,0.0051792488
9829,47137,0.0015074069
9830,68614,0.0059812795
9831,56737,0.5199695
9832,1991,0.07446474
9833,112207,0.0025486278
9834,36331,0.8396209
9835,62672,0.013139505
9836,38302,0.07130115
9837,109674,0.004118972
9838,111662,0.028317085
9839,89450,0.74877614
9840,35794,0.05849908
9841,57514,0.4507486
9842,33615,0.55566055
9843,95715,0.003335049
9844,55458,0.009873006
9845,73839,0.029148983
9846,13067,0.015270749
9847,40749,0.04712103
9848,40241,0.56254977
9849,63170,0.0044170236
9850,11205,0.63869727
9851,49784,0.0011976982
9852,68726,0.0009271579
9853,25475,0.02086329
9854,6484,0.00374704
9855,61497,0.60496414
9856,22479,0.00258072
9857,81924,0.005240778
9858,70708,0.009914719
9859,115178,0.06147976
9860,17639,0.0064396644
9861,5062,0.90042984
9862,62660,0.009824854
9863,3718,0.6766213
9864,13764,0.0018602756
9865,66348,0.01117166
9866,109176,0.056546714
9867,70545,0.0017970351
9868,92119,0.13317084
9869,101402,0.32304516
9870,102295,0.61112845
9871,11005,0.005811611
9872,109409,0.028317085
9873,48876,0.2822489
9874,108869,0.5030404
9875,8994,0.61648524
9876,51072,0.0060463096
9877,92850,0.0017680235
9878,109540,0.8073558
9879,51327,0.35608795
9880,85004,0.01562999
9881,7341,0.004834032
9882,52262,0.05849908
9883,74025,0.4507486
9884,90259,0.00784258
9885,21161,0.075981475
9886,91718,0.8768206
9887,25193,0.0016265064
9888,74892,0.019717583
9889,54615,0.020658318
9890,26155,0.051497635
9891,92981,0.7130009
9892,84505,0.024086565
9893,102084,0.004887785
9894,2008,0.006657913
9895,54922,0.093054205
9896,102989,0.0029917506
9897,40643,0.031507432
9898,6482,0.00760267
9899,43039,0.0041195154
9900,1927,0.0018252487
9901,20461,0.5199695
9902,61237,0.36701018
9903,82494,0.011099343
9904,28860,0.35608795
9905,106171,0.0082185
9906,83030,0.024086565
9907,51476,0.029157756
9908,28550,0.0029633092
9909,25049,0.18866682
9910,72562,0.8644646
9911,41274,0.38217098
9912,49816,0.0011235495
9913,56569,0.0034854359
9914,85997,0.004339223
9915,33985,0.00749139
9916,90447,0.006961639
9917,45942,0.00091765885
9918,100845,0.009081299
9919,90518,0.74877614
9920,2083,0.004351696
9921,91055,0.87290287
9922,23671,0.0012083575
9923,51489,0.8396209
9924,12159,0.05236318
9925,92516,0.04265861
9926,53526,0.0034718437
9927,87569,0.24174885
9928,104048,0.010620311
9929,102243,0.058900278
9930,39473,0.026034497
9931,30896,0.35608795
9932,55827,0.042710505
9933,109229,0.62691265
9934,1149,0.44778544
9935,32762,0.023839915
9936,84053,0.20339376
9937,8267,0.09586386
9938,86282,0.0020681776
9939,58475,0.78680277
9940,68042,0.79416645
9941,46926,0.030330224
9942,36059,0.005964554
9943,67931,0.70096636
9944,69769,0.44110775
9945,75048,0.56254977
9946,67544,0.4507486
9947,21301,0.0072234604
9948,55043,0.052827727
9949,72600,0.78680277
9950,7040,0.018435312
9951,52615,0.0878315
9952,48043,0.008488068
9953,6952,0.002508714
9954,101933,0.44101527
9955,52465,0.030523187
9956,31542,0.34026608
9957,94653,0.0043525947
9958,58559,0.07221661
9959,62977,0.00086167455
9960,5892,0.72396594
9961,5419,0.002541684
9962,94979,0.009464335
9963,90814,0.44110775
9964,111276,0.0021445602
9965,70985,0.009821194
9966,32523,0.014047008
9967,18453,0.006114427
9968,98863,0.53241813
9969,35359,0.00548509
9970,92975,0.012477344
9971,85569,0.0017035138
9972,25447,0.26892516
9973,95509,0.007679703
9974,70197,0.0025740014
9975,20573,0.01550385
9976,43234,0.051219862
9977,107765,0.018805927
9978,70609,0.27749422
9979,20520,0.003983549
9980,85937,0.012002181
9981,94782,0.74846315
9982,106765,0.77919436
9983,58677,0.5564428
9984,12333,0.018372279
9985,109076,0.0017440567
9986,43112,0.029409917
9987,84962,0.014701023
9988,7093,0.45357627
9989,28117,0.017229015
9990,46318,0.25401485
9991,32304,0.8468055
9992,44552,0.0022931537
9993,45653,0.0014231278
9994,28636,0.065851696
9995,91724,0.48679414
9996,5723,0.1552935
9997,90937,0.32012954
9998,12070,0.011100725
9999,27280,0.26892516
10000,24818,0.07216779
10001,85033,0.28655696
10002,75261,0.39579847
10003,104835,0.019154396
10004,102997,0.009821194
10005,97850,0.015073597
10006,19857,0.0046891365
10007,59399,0.21633714
10008,58164,0.74877614
10009,114628,0.0038762968
10010,83713,0.011410956
10011,108689,0.005293068
10012,53125,0.2822489
10013,56688,0.029510276
10014,80545,0.27749422
10015,13604,0.90747184
10016,62261,0.0070633707
10017,41550,0.029409917
10018,40754,0.02750422
10019,13131,0.38806626
10020,98561,0.1225767
10021,84381,0.0075836806
10022,41376,0.011676242
10023,92617,0.002346441
10024,65067,0.002661272
10025,101928,0.13748777
10026,54818,0.003490421
10027,114014,0.020870145
10028,38752,0.00767366
10029,41830,0.010029372
10030,105074,0.0020791157
10031,2065,0.006657913
10032,95436,0.0010098885
10033,51387,0.19291556
10034,67567,0.56254977
10035,96654,0.89709824
10036,70227,0.78680277
10037,69576,0.02329308
10038,52126,0.72160727
10039,85061,0.005777036
10040,17153,0.14979403
10041,52190,0.01169598
10042,1001,0.8936748
10043,86699,0.012002181
10044,4551,0.09586386
10045,84297,0.051573187
10046,8857,0.062338326
10047,74999,0.024354452
10048,104579,0.002470453
10049,100134,0.15818791
10050,31892,0.0008226301
10051,9695,0.007432547
10052,48527,0.0012444243
10053,63828,0.008425987
10054,36526,0.13166432
10055,89126,0.008092949
10056,49383,0.0072224718
10057,56626,0.0040407553
10058,53471,0.0062506264
10059,24534,0.027091615
10060,83113,0.012002181
10061,29063,0.72160727
10062,77351,0.0041128346
10063,40116,0.36883074
10064,66346,0.0034229755
10065,57817,0.0034854359
10066,101316,0.740201
10067,14613,0.20979106
10068,46139,0.0040374696
10069,99193,0.088731185
10070,24235,0.91729414
10071,47033,0.0049807834
10072,16568,0.37513012
10073,49120,0.0065125637
10074,38732,0.0063454397
10075,50932,0.7307498
10076,61641,0.033155642
10077,112110,0.088731185
10078,86639,0.27749422
10079,72640,0.0023723533
10080,99786,0.5011023
10081,106873,0.74846315
10082,34838,0.0020691345
10083,52979,0.023448508
10084,43624,0.012023981
10085,74710,0.011686674
10086,16656,0.00406559
10087,16868,0.14979403
10088,9054,0.004959484
10089,31459,0.0013070325
10090,76904,0.44505507
10091,103881,0.0008053888
10092,88144,0.44101527
10093,23083,0.70096636
10094,34069,0.0013098314
10095,71547,0.0025272137
10096,371,0.0054530157
10097,17411,0.1344506
10098,13064,0.89314634
10099,10097,0.0013905917
10100,15822,0.12884553
10101,95268,0.19885877
10102,111084,0.6280348
10103,56056,0.009799146
10104,67616,0.56254977
10105,12095,0.0026428879
10106,97951,0.9090349
10107,19453,0.004489367
10108,36154,0.7808631
10109,12346,0.5251251
10110,44324,0.0011039481
10111,71129,0.27749422
10112,110065,0.36090043
10113,97039,0.74846315
10114,48285,0.006436934
10115,83663,0.011099343
10116,30343,0.22162698
10117,59590,0.0018677536
10118,86764,0.48679414
10119,17638,0.259387
10120,63079,0.037112657
10121,46002,0.4265207
10122,49967,0.53910613
10123,67228,0.47507665
10124,47648,0.023353612
10125,108500,0.45885867
10126,84492,0.15818791
10127,90192,0.44101527
10128,41954,0.004921462
10129,90319,0.007641458
10130,19237,0.2995878
10131,47182,0.0039288667
10132,112289,0.011207468
10133,3854,0.0018252487
10134,20255,0.056731757
10135,87050,0.2836866
10136,57100,0.16278921
10137,17995,0.0013046645
10138,95611,0.45156
10139,25897,0.0047437767
10140,3909,0.008129198
10141,93955,0.74846315
10142,4446,0.94193906
10143,110912,0.6280348
10144,39680,0.5564428
10145,34651,0.8396209
10146,20517,0.56254977
10147,39360,0.008613349
10148,84283,0.2530429
10149,8638,0.006254801
10150,660,0.4970651
10151,16181,0.005367971
10152,12554,0.0059823254
10153,23630,0.0015118115
10154,94468,0.87896204
10155,1364,0.0031668972
10156,37099,0.037747536
10157,45528,0.0012627309
10158,94052,0.009914719
10159,95930,0.018260615
10160,55156,0.55566055
10161,52895,0.012002181
10162,102408,0.043828756
10163,37051,0.020090925
10164,58356,0.07422549
10165,4095,0.72396594
10166,17219,0.018275376
10167,52496,0.0061374754
10168,109293,0.04958626
10169,66153,0.010244922
10170,80544,0.57231045
10171,25564,0.0012477582
10172,88821,0.55050915
10173,22681,0.31971842
10174,23219,0.026034497
10175,56788,0.097086154
10176,109973,0.04640792
10177,27560,0.009157335
10178,79445,0.005982618
10179,50002,0.36701018
10180,58656,0.051835634
10181,59075,0.009914719
10182,8273,0.75799817
10183,111417,0.0017282235
10184,108925,0.76051444
10185,71210,0.012002181
10186,23596,0.0020691345
10187,5212,0.028729357
10188,110283,0.020892661
10189,29767,0.00620474
10190,26030,0.008841077
10191,76876,0.0049660774
10192,53877,0.005721549
10193,90648,0.72432643
10194,32728,0.00091765885
10195,29188,0.015104119
10196,28697,0.0070556863
10197,38336,0.43110844
10198,75001,0.38301796
10199,52314,0.00091765885
10200,60760,0.006436934
10201,35567,0.970674
10202,40506,0.029305367
10203,7526,0.0028235337
10204,32831,0.0824257
10205,14410,0.0085840495
10206,75263,0.005269691
10207,24601,0.0076899393
10208,73032,0.007246538
10209,34951,0.55566055
10210,42055,0.055314526
10211,57314,0.0034854359
10212,73710,0.0027706402
10213,13620,0.8032783
10214,84884,0.0042428966
10215,64059,0.022500813
10216,2249,0.0025496013
10217,27580,0.053762197
10218,89314,0.87290287
10219,47851,0.019717583
10220,59784,0.82282555
10221,83914,0.69015616
10222,36,0.5251251
10223,49205,0.0008271332
10224,20074,0.0011376922
10225,92339,0.9462083
10226,78370,0.43110844
10227,65816,0.0015074069
10228,79610,0.008422562
10229,7340,0.60496414
10230,58030,0.088731185
10231,11074,0.006732198
10232,31187,0.015587914
10233,48710,0.0019865476
10234,21388,0.01682001
10235,17270,0.002508714
10236,108384,0.0054050386
10237,84678,0.002346441
10238,19760,0.00071399944
10239,67667,0.44101527
10240,9645,0.0027944602
10241,38064,0.00471054
10242,88593,0.05392209
10243,30653,0.38921523
10244,110723,0.048049267
10245,38700,0.007788701
10246,58480,0.5992805
10247,110134,0.0021790399
10248,18335,0.033737633
10249,4284,0.27979872
10250,68416,0.0019729873
10251,109711,0.0650027
10252,76872,0.009405741
10253,42817,0.0945801
10254,6,0.0047771786
10255,58472,0.0060083014
10256,30956,0.015104119
10257,81395,0.48679414
10258,103129,0.0038052804
10259,54005,0.56254977
10260,57285,0.03900092
10261,17565,0.013218753
10262,5302,0.011138472
10263,5844,0.23618156
10264,58458,0.78680277
10265,22617,0.00091765885
10266,15901,0.009150533
10267,71902,0.43110844
10268,30733,0.13166432
10269,98200,0.44101527
10270,48374,0.02001361
10271,11688,0.02281438
10272,57284,0.023448508
10273,55463,0.024321232
10274,71019,0.008029135
10275,82112,0.82282555
10276,50987,0.11572433
10277,80242,0.069746025
10278,45535,0.0039808084
10279,1613,0.035971805
10280,18037,0.0011086742
10281,86603,0.029157756
10282,77056,0.55566055
10283,73166,0.2583268
10284,89633,0.025532354
10285,8243,0.0023825
10286,104431,0.002711088
10287,80187,0.46357763
10288,22780,0.031411346
10289,76897,0.27749422
10290,66511,0.02329308
10291,61152,0.27065274
10292,76980,0.007276994
10293,73415,0.05273261
10294,18175,0.6221493
10295,28840,0.008841077
10296,17159,0.0013056091
10297,104448,0.6280348
10298,24655,0.7960921
10299,41124,0.004401713
10300,85880,0.008425987
10301,45889,0.0028294364
10302,1910,0.72584873
10303,91889,0.0079307575
10304,59900,0.005318909
10305,40182,0.023896458
10306,18585,0.013352647
10307,99693,0.07418069
10308,50225,0.0047171935
10309,98712,0.35608795
10310,11276,0.14969523
10311,95869,0.0018441798
10312,72651,0.18866682
10313,86741,0.43110844
10314,48003,0.34026608
10315,7643,0.20859571
10316,114008,0.0035952693
10317,7641,0.09586386
10318,62568,0.7174389
10319,32115,0.02565364
10320,6082,0.7464647
10321,94803,0.43110844
10322,50634,0.0018060576
10323,72208,0.43110844
10324,88689,0.021378975
10325,111381,0.088731185
10326,22584,0.7522764
10327,97987,0.0121863475
10328,73530,0.0038101263
10329,85301,0.13413408
10330,58564,0.035242204
10331,112485,0.0149367405
10332,52891,0.53810483
10333,5909,0.0061599156
10334,60218,0.16676277
10335,86313,0.40806052
10336,90443,0.57717556
10337,80388,0.040077873
10338,78416,0.44101527
10339,36508,0.030200059
10340,46421,0.0020691345
10341,33395,0.022337878
10342,87056,0.005177455
10343,81510,0.011099343
10344,8328,0.2528048
10345,98779,0.006478453
10346,73906,0.61112845
10347,61620,0.088731185
10348,43271,0.45156
10349,96867,0.121227175
10350,48628,0.12018082
10351,85945,0.0069479262
10352,113587,0.72174394
10353,32530,0.0041269814
10354,11603,0.007994863
10355,41602,0.004628167
10356,50600,0.55566055
10357,36825,0.00682274
10358,95759,0.74877614
10359,36210,0.011922176
10360,64050,0.010891027
10361,7699,0.33536226
10362,46698,0.9239355
10363,70664,0.36701018
10364,65365,0.01117166
10365,105535,0.5561449
10366,59149,0.33401656
10367,75098,0.013585203
10368,28387,0.5564428
10369,60446,0.014701023
10370,81547,0.0013594293
10371,88105,0.18866682
10372,24978,0.060596347
10373,49518,0.56254977
10374,31808,0.33401656
10375,20689,0.45156
10376,98683,0.56768835
10377,88545,0.89139336
10378,65016,0.016420258
10379,48369,0.009800145
10380,100087,0.63096803
10381,13948,0.77085584
10382,88223,0.0063610356
10383,53464,0.8615252
10384,111930,0.037101608
10385,31492,0.05683689
10386,41718,0.031631537
10387,4861,0.008968482
10388,42224,0.0056414483
10389,17890,0.002508714
10390,53674,0.006116937
10391,7586,0.020802634
10392,60580,0.0016704623
10393,14270,0.0029895338
10394,41105,0.50516915
10395,100334,0.31089553
10396,111248,0.0036566365
10397,77262,0.058259457
10398,25788,0.0026181354
10399,105283,0.041659858
10400,104455,0.08626652
10401,92065,0.00082198717
10402,36807,0.14313461
10403,69684,0.78680277
10404,107211,0.021392234
10405,90095,0.34026608
10406,29472,0.6280348
10407,31719,0.33401656
10408,106839,0.0099509
10409,21719,0.07216779
10410,1218,0.014086198
10411,10452,0.004932197
10412,59902,0.0028157881
10413,42351,0.07216779
10414,42060,0.25401485
10415,9326,0.014230671
10416,81766,0.007013881
10417,49574,0.8396209
10418,7471,0.0022161861
10419,109956,0.0063858456
10420,21191,0.01858439
10421,82096,0.06647315
10422,48462,0.0025492036
10423,62202,0.009473405
10424,15852,0.28930074
10425,39215,0.43110844
10426,104728,0.7441965
10427,12057,0.014218334
10428,47700,0.007727845
10429,62843,0.049621135
10430,46553,0.03099253
10431,33068,0.008272674
10432,115143,0.023579964
10433,61815,0.003104327
10434,80487,0.003979071
10435,91141,0.15818791
10436,4229,0.0014532061
10437,51331,0.11347771
10438,78167,0.8396209
10439,104457,0.44101527
10440,50708,0.9726573
10441,4714,0.0040453584
10442,76518,0.0025496678
10443,11715,0.00659286
10444,65695,0.0032030696
10445,63642,0.0340878
10446,80189,0.008265815
10447,73412,0.088731185
10448,60281,0.004555491
10449,52164,0.0058097187
10450,64069,0.495904
10451,42208,0.018643498
10452,100493,0.53241813
10453,28694,0.26892516
10454,97884,0.042501405
10455,95174,0.00785877
10456,98733,0.025768626
10457,39112,0.0025971308
10458,109214,0.0011975403
10459,66426,0.0027706402
10460,8122,0.281191
10461,70532,0.006768058
10462,24375,0.00064785563
10463,115180,0.019926008
10464,34688,0.005964554
10465,87487,0.0028241565
10466,101071,0.57717556
10467,51212,0.062936194
10468,82774,0.0019866242
10469,64666,0.0032679527
10470,115816,0.44101527
10471,54841,0.037374757
10472,76526,0.74877614
10473,70017,0.35608795
10474,8249,0.027398348
10475,102618,0.7186213
10476,108206,0.0053627514
10477,17336,0.0038724008
10478,89412,0.008226825
10479,42247,0.762075
10480,93704,0.2758116
10481,7477,0.0037200258
10482,822,0.05742638
10483,10557,0.021408716
10484,64824,0.0019729873
10485,43429,0.026034497
10486,28300,0.032583106
10487,2725,0.9253044
10488,110311,0.062455542
10489,49305,0.043421715
10490,1917,0.5889251
10491,88742,0.010694454
10492,66831,0.042424046
10493,112380,0.012002181
10494,62086,0.009464335
10495,82752,0.15818791
10496,65665,0.0039137322
10497,77449,0.012002181
10498,87099,0.67893946
10499,86290,0.0027706402
10500,53644,0.012002181
10501,4702,0.30450413
10502,55669,0.27065274
10503,71643,0.0043165195
10504,54488,0.70096636
10505,10266,0.0011448081
10506,56319,0.027627464
10507,82696,0.34026608
10508,97507,0.44110775
10509,5044,0.11446235
10510,89296,0.0048022447
10511,52685,0.2822489
10512,38479,0.5199695
10513,88365,0.015162601
10514,101534,0.7960921
10515,65503,0.016420258
10516,111060,0.01604355
10517,55681,0.6653803
10518,38217,0.6393588
10519,11364,0.23618156
10520,55369,0.00091765885
10521,30271,0.014154177
10522,99295,0.3654073
10523,94245,0.2577309
10524,50953,0.8048408
10525,35484,0.0015780563
10526,70392,0.08740155
10527,3573,0.056464992
10528,94469,0.57717556
10529,102160,0.0045890016
10530,88807,0.27749422
10531,78243,0.088731185
10532,52632,0.038121182
10533,11898,0.0025921983
10534,90474,0.9462083
10535,51216,0.018748952
10536,52936,0.06025181
10537,102652,0.0034332157
10538,99613,0.0021804122
10539,46914,0.43110844
10540,44634,0.03099253
10541,16741,0.0061873607
10542,58759,0.78680277
10543,10462,0.0054500583
10544,64115,0.0065740487
10545,81610,0.02825252
10546,29676,0.55566055
10547,47425,0.030330224
10548,55440,0.036182433
10549,92808,0.02045655
10550,78741,0.03099253
10551,23611,0.026034497
10552,37871,0.28481624
10553,2194,0.0048712925
10554,50683,0.45156
10555,97985,0.740201
10556,86942,0.005204512
10557,81495,0.12018082
10558,103372,0.0030208994
10559,5632,0.00374704
10560,89622,0.44101527
10561,4084,0.16574548
10562,93956,0.022337878
10563,76529,0.28651854
10564,61346,0.0020680686
10565,103034,0.00770996
10566,11147,0.1682248
10567,76663,0.0037317912
10568,92296,0.012930019
10569,76064,0.011099343
10570,55064,0.9544863
10571,115067,0.04631971
10572,80668,0.019717583
10573,90454,0.74877614
10574,62940,0.3639077
10575,107169,0.006113161
10576,70618,0.005660244
10577,2575,0.92601115
10578,62463,0.009464335
10579,72667,0.63128966
10580,112388,0.0063107754
10581,58796,0.009157335
10582,109235,0.5323371
10583,61591,0.035288915
10584,4231,0.52278453
10585,96487,0.004461394
10586,66170,0.0064899973
10587,108486,0.6280348
10588,39274,0.07216779
10589,50915,0.43110844
10590,47727,0.0023531402
10591,113462,0.8604938
10592,46393,0.001632071
10593,92820,0.0021783372
10594,66106,0.005774845
10595,12412,0.0022430175
10596,84796,0.011661647
10597,11502,0.009150533
10598,11578,0.018435312
10599,42388,0.04448573
10600,54315,0.56254977
10601,70553,0.44101527
10602,34271,0.022337878
10603,26797,0.010547756
10604,21038,0.009047489
10605,3295,0.02281438
10606,9760,0.0028388316
10607,97580,0.006478453
10608,8047,0.031606752
10609,83186,0.014701023
10610,110613,0.056546714
10611,88054,0.12072263
10612,95114,0.57717556
10613,81359,0.049856868
10614,79087,0.016066954
10615,73999,0.15818791
10616,54494,0.45156
10617,10601,0.002006944
10618,43543,0.03099253
10619,106470,0.2836866
10620,38812,0.0027078087
10621,93209,0.55365103
10622,55027,0.018345496
10623,4844,0.56254977
10624,51403,0.022337878
10625,5805,0.12782732
10626,64367,0.012665582
10627,56542,0.013651639
10628,44365,0.04315304
10629,62871,0.5564428
10630,61464,0.0075836806
10631,48094,0.0031317705
10632,93175,0.45156
10633,42538,0.0008271332
10634,14136,0.007356874
10635,38762,0.05849908
10636,59478,0.74494725
10637,82960,0.026375605
10638,69064,0.0028737192
10639,81831,0.012002181
10640,33579,0.026183767
10641,13145,0.008561134
10642,103551,0.02006477
10643,25970,0.65816057
10644,33808,0.6280348
10645,104284,0.6280348
10646,11518,0.003098405
10647,15060,0.036683876
10648,92225,0.0064311703
10649,11658,0.0061873607
10650,108458,0.00548074
10651,108643,0.04958626
10652,69601,0.0018006013
10653,17846,0.017232923
10654,70281,0.015165849
10655,102451,0.584463
10656,92060,0.35608795
10657,5898,0.008783002
10658,75376,0.060719058
10659,11163,0.043278795
10660,56393,0.009157335
10661,74416,0.0085424
10662,31895,0.0099509
10663,60316,0.56254977
10664,48546,0.0016265064
10665,64769,0.008425987
10666,38261,0.016924987
10667,74319,0.15818791
10668,66032,0.01117166
10669,42869,0.0066634687
10670,105060,0.740201
10671,95698,0.005686853
10672,29876,0.08677969
10673,62437,0.74877614
10674,12658,0.5733231
10675,105506,0.0698853
10676,89722,0.72105354
10677,79432,0.0026973884
10678,46118,0.010217195
10679,10530,0.0019436522
10680,19914,0.0012515021
10681,61642,0.76863915
10682,36651,0.07216779
10683,19972,0.014047008
10684,34243,0.008011415
10685,84706,0.7957864
10686,18761,0.6072045
10687,105874,0.0053521995
10688,42048,0.006787835
10689,74027,0.0014486146
10690,76899,0.27749422
10691,91414,0.27749422
10692,25123,0.07216779
10693,73277,0.0258328
10694,60146,0.6405128
10695,59238,0.0031219712
10696,28858,0.004527725
10697,15875,0.003099
10698,76203,0.15818791
10699,83709,0.72870684
10700,51696,0.0016635148
10701,22577,0.029409917
10702,81433,0.0015840342
10703,79268,0.09678296
10704,41106,0.4510593
10705,102183,0.57717556
10706,108700,0.6469486
10707,75227,0.088731185
10708,73768,0.009028697
10709,12465,0.005203658
10710,76629,0.0013639156
10711,98660,0.08135514
10712,73751,0.009821194
10713,2601,0.57300407
10714,107272,0.0016451204
10715,3504,0.2589967
10716,12152,0.80478853
10717,43774,0.021939708
10718,53094,0.012002181
10719,78978,0.32464874
10720,25867,0.0033344163
10721,45911,0.009912641
10722,45831,0.00682274
10723,1332,0.0024147814
10724,105254,0.0025264998
10725,22823,0.56254977
10726,88707,0.002292463
10727,90304,0.28651854
10728,42525,0.014973894
10729,72606,0.012002181
10730,26202,0.013983658
10731,3549,0.056464992
10732,24962,0.0018060576
10733,39676,0.022337878
10734,114631,0.64803004
10735,60714,0.56254977
10736,49937,0.33401656
10737,96201,0.019717583
10738,34153,0.0069285054
10739,54748,0.55566055
10740,75193,0.022602122
10741,38428,0.008841077
10742,43323,0.0008226301
10743,113761,0.0038762968
10744,79414,0.01576475
10745,2706,0.11621293
10746,44883,0.003050589
10747,60819,0.15818791
10748,34995,0.12439527
10749,88824,0.35608795
10750,86214,0.7174389
10751,109473,0.07262648
10752,76567,0.0034332157
10753,59267,0.0971376
10754,58952,0.10666199
10755,81715,0.006336012
10756,40495,0.64660066
10757,59615,0.011673479
10758,110592,0.87290287
10759,97957,0.7944973
10760,66236,0.0102693485
10761,56386,0.05849908
10762,26232,0.029409917
10763,101340,0.0043525947
10764,81492,0.15818791
10765,73494,0.27749422
10766,39333,0.31971842
10767,104529,0.0023932334
10768,89535,0.0971376
10769,62010,0.5564428
10770,31732,0.03099253
10771,109477,0.76142997
10772,114798,0.019926008
10773,46833,0.0033453526
10774,36568,0.05440766
10775,94810,0.06410949
10776,63028,0.012002181
10777,25160,0.07216779
10778,88471,0.74877614
10779,99396,0.012002181
10780,25528,0.0022403651
10781,5902,0.7464647
10782,2595,0.062338326
10783,47040,0.0019711093
10784,52827,0.017432036
10785,13105,0.00082599116
10786,115924,0.088731185
10787,18765,0.0067310343
10788,13912,0.005422261
10789,79543,0.35608795
10790,108514,0.044904254
10791,9100,0.00088303705
10792,94930,0.43110844
10793,25876,0.0022403651
10794,76210,0.004343929
10795,56332,0.74877614
10796,1624,0.15400518
10797,112641,0.0026451251
10798,39484,0.0008226301
10799,81810,0.024086565
10800,115477,0.53810483
10801,54318,0.002693526
10802,37243,0.07216779
10803,22875,0.00623229
10804,42564,0.26892516
10805,9698,0.1552935
10806,113933,0.0020019629
10807,32501,0.06432363
10808,3008,0.0097776
10809,91790,0.15818791
10810,43192,0.046354793
10811,41950,0.0155742
10812,23698,0.0031989843
10813,45263,0.010478496
10814,18875,0.0019055163
10815,81786,0.088731185
10816,49799,0.062936194
10817,42007,0.27695614
10818,775,0.004467886
10819,71195,0.014701023
10820,52299,0.0015090384
10821,83549,0.01137248
10822,71332,0.74877614
10823,48805,0.09965071
10824,13716,0.004144539
10825,65731,0.005658875
10826,14417,0.00876299
10827,20997,0.005124738
10828,46710,0.8615252
10829,114308,0.2836866
10830,72841,0.09289784
10831,10919,0.044041578
10832,45232,0.059736237
10833,32416,0.6280348
10834,24077,0.0053929887
10835,55287,0.029846936
10836,47049,0.004339223
10837,9551,0.0022161861
10838,110766,0.004551315
10839,51408,0.07713755
10840,33412,0.6280348
10841,15236,0.00056073803
10842,22153,0.07216779
10843,66432,0.01117166
10844,57296,0.003237945
10845,3734,0.00082599116
10846,55238,0.01092259
10847,24293,0.035564773
10848,64484,0.0035117555
10849,28044,0.0072224718
10850,44067,0.35608795
10851,6318,0.44364974
10852,26292,0.03099253
10853,85108,0.016420258
10854,22275,0.038029667
10855,8287,0.10426952
10856,78007,0.0022790278
10857,22554,0.004601814
10858,103255,0.0015506544
10859,35218,0.0107296845
10860,75711,0.26296425
10861,19294,0.00074645213
10862,12052,0.0014023093
10863,114877,0.00519524
10864,58376,0.060719058
10865,54739,0.35608795
10866,4273,0.008968482
10867,45505,0.01858439
10868,50215,0.33401656
10869,7813,0.0021298362
10870,67466,0.27749422
10871,101439,0.56768835
10872,103589,0.8604938
10873,87267,0.00085222145
10874,67425,0.026396753
10875,10392,0.099618606
10876,18338,0.004467886
10877,67781,0.0022036247
10878,87175,0.007863356
10879,58971,0.28651854
10880,3,0.006046115
10881,66132,0.0076209074
10882,101232,0.010645317
10883,92250,0.0009879924
10884,22672,0.945173
10885,70224,0.44110775
10886,103227,0.008029135
10887,80429,0.71711034
10888,91761,0.74877614
10889,63998,0.005658875
10890,7694,0.1552935
10891,97868,0.059326883
10892,16017,0.003099
10893,57318,0.5199695
10894,39893,0.029409917
10895,90715,0.42961618
10896,22329,0.18412575
10897,18896,0.56254977
10898,57309,0.066196755
10899,16683,0.38806626
10900,68052,0.0019729873
10901,104690,0.0127802035
10902,10744,0.72396594
10903,7407,0.011151619
10904,35018,0.0022803217
10905,67756,0.020028856
10906,115706,0.007920319
10907,115414,0.07063628
10908,26964,0.53810483
10909,104109,0.5072126
10910,73856,0.027537925
10911,13695,0.46452016
10912,18224,0.00576315
10913,97407,0.72432643
10914,111965,0.0062466324
10915,80743,0.009602262
10916,33413,0.7441965
10917,93668,0.006565692
10918,48694,0.0019729873
10919,100860,0.025546504
10920,100152,0.5011023
10921,91841,0.027217772
10922,53488,0.035208765
10923,3062,0.0156387
10924,67612,0.74877614
10925,69049,0.061885953
10926,115214,0.27005038
10927,26414,0.26892516
10928,82756,0.07829033
10929,44417,0.6504849
10930,45655,0.008565697
10931,64888,0.005774845
10932,114758,0.0040632295
10933,42149,0.0014301499
10934,107933,0.839951
10935,20731,0.06456689
10936,74796,0.0027739054
10937,75188,0.09289784
10938,26950,0.25605246
10939,29133,0.046264153
10940,52355,0.0878315
10941,89575,0.44101527
10942,112348,0.014956566
10943,92916,0.013729459
10944,113611,0.010616103
10945,68611,0.28655696
10946,2778,0.008628758
10947,96817,0.44101527
10948,39825,0.0036561484
10949,11816,0.0031000315
10950,85497,0.41344064
10951,2051,0.056403317
10952,56403,0.021746837
10953,85836,0.015778199
10954,90944,0.012002181
10955,51380,0.55566055
10956,40245,0.5251251
10957,75866,0.0049660774
10958,4678,0.014873329
10959,70191,0.44101527
10960,112369,0.8290472
10961,60920,0.013729459
10962,51923,0.011676242
10963,34989,0.028474275
10964,43441,0.026034497
10965,72947,0.27749422
10966,109656,0.5011023
10967,58424,0.01703032
10968,1652,0.0075641857
10969,78801,0.011933848
10970,68606,0.27749422
10971,100292,0.0076645575
10972,85711,0.01665654
10973,28648,0.05849908
10974,87131,0.015073597
10975,23464,0.20995115
10976,27120,0.04091326
10977,40216,0.8818809
10978,60901,0.06412971
10979,115420,0.00548509
10980,80746,0.27749422
10981,2463,0.010830529
10982,65874,0.0019729873
10983,76285,0.15818791
10984,44244,0.007727845
10985,31185,0.007886621
10986,104100,0.010103875
10987,41357,0.0032274108
10988,75201,0.02976116
10989,2695,0.007761028
10990,42362,0.007985758
10991,26821,0.8648343
10992,86482,0.9388519
10993,12078,0.040452026
10994,75850,0.003420309
10995,22016,0.0021271787
10996,59964,0.0057273568
10997,65171,0.008077423
10998,39896,0.022379741
10999,43812,0.008687843
11000,37209,0.019717583
11001,20561,0.0034288755
11002,70743,0.15818791
11003,15145,0.056531325
11004,28190,0.25208923
11005,43357,0.34026608
11006,25457,0.09206185
11007,61412,0.029653657
11008,76117,0.014701023
11009,36620,0.04448573
11010,38532,0.0015939069
11011,95518,0.8824114
11012,47949,0.2530429
11013,26448,0.012321021
11014,70228,0.012821679
11015,15544,0.23194364
11016,98029,0.0042482987
11017,84105,0.03243773
11018,103827,0.02183683
11019,90617,0.7174389
11020,115972,0.006984723
11021,60408,0.0038294354
11022,24577,0.03099253
11023,21155,0.007013881
11024,99203,0.5011023
11025,86021,0.005801597
11026,51791,0.56254977
11027,103815,0.014947388
11028,10577,0.006314203
11029,60102,0.017460866
11030,9810,0.028170591
11031,42035,0.05849908
11032,35868,0.45156
11033,52694,0.007743386
11034,86042,0.004316368
11035,93036,0.0025883387
11036,54924,0.35608795
11037,47001,0.023105735
11038,82617,0.74877614
11039,86128,0.6469486
11040,93129,0.008024369
11041,6651,0.018435312
11042,11476,0.04001529
11043,83683,0.007545848
11044,22365,0.0027460272
11045,84386,0.15818791
11046,50241,0.010790984
11047,78154,0.08630488
11048,24094,0.003186996
11049,53614,0.3860109
11050,113955,0.083270535
11051,93685,0.02177011
11052,38296,0.008497179
11053,63031,0.74877614
11054,112539,0.015976962
11055,41580,0.07216779
11056,19561,0.5564428
11057,46029,0.0013841803
11058,63462,0.018050192
11059,58922,0.25401485
11060,7896,0.07216779
11061,88874,0.34026608
11062,22026,0.6010035
11063,62136,0.5199695
11064,15690,0.0035713557
11065,111419,0.14168444
11066,107438,0.036836438
11067,49029,0.53810483
11068,37131,0.013586591
11069,45728,0.000988345
11070,105355,0.012002181
11071,21261,0.00970927
11072,105959,0.87290287
11073,83056,0.009261133
11074,87141,0.72432643
11075,16041,0.00576315
11076,29696,0.55566055
11077,106351,0.9141325
11078,79171,0.0035313447
11079,57390,0.018155511
11080,82793,0.004585916
11081,115054,0.0065188603
11082,26444,0.026034497
11083,81370,0.008798466
11084,32998,0.6613377
11085,115346,0.011207468
11086,21706,0.056731757
11087,100561,0.55365103
11088,104030,0.77919436
11089,21532,0.030487852
11090,113547,0.028130047
11091,89884,0.0056344233
11092,13529,0.0035117555
11093,90660,0.003284439
11094,68830,0.003743473
11095,75906,0.013172917
11096,24370,0.026034497
11097,10130,0.0028388316
11098,13167,0.00084165815
11099,71859,0.68550783
11100,10887,0.00087825576
11101,31749,0.0070789014
11102,79761,0.48679414
11103,85676,0.02874809
11104,69206,0.56254977
11105,74626,0.0110644875
11106,103757,0.008755476
11107,83425,0.014304231
11108,75831,0.0046639293
11109,88999,0.009464335
11110,70624,0.8468055
11111,55983,0.010525678
11112,60015,0.008425987
11113,1353,0.0005645867
11114,24058,0.0038353244
11115,3371,0.14969523
11116,52837,0.58656245
11117,61899,0.03323246
11118,29578,0.0016087183
11119,65798,0.07668278
11120,105354,0.09814842
11121,21289,0.0027266133
11122,55633,0.32017073
11123,29553,0.08677969
11124,58198,0.00548509
11125,82597,0.008848927
11126,20235,0.0027268182
11127,78048,0.56254977
11128,96982,0.44110775
11129,59540,0.70096636
11130,8602,0.0057538273
11131,88129,0.044594355
11132,51181,0.022337878
11133,105985,0.0029380356
11134,104066,0.0065125637
11135,59602,0.90181345
11136,19402,0.033737633
11137,55326,0.8468055
11138,18919,0.08399353
11139,92021,0.014376497
11140,39787,0.0014784638
11141,109399,0.002796659
11142,59830,0.09208587
11143,44834,0.83780795
11144,48334,0.012653263
11145,12615,0.005068282
11146,111790,0.012002181
11147,89064,0.004797168
11148,43828,0.8914037
11149,1422,0.009594792
11150,100543,0.005325265
11151,17290,0.0008249603
11152,47491,0.0019648466
11153,35121,0.015090895
11154,69779,0.74877614
11155,13915,0.6469486
11156,96879,0.03961124
11157,83466,0.011207468
11158,39948,0.026034497
11159,62290,0.003420309
11160,50917,0.43110844
11161,16321,0.0006426628
11162,25258,0.029409917
11163,45426,0.5564428
11164,45898,0.0013276639
11165,46709,0.6280348
11166,36590,0.95233816
11167,18538,0.005124738
11168,91709,0.0075163455
11169,98810,0.03556146
11170,105057,0.6280348
11171,22550,0.19803226
11172,14983,0.17403561
11173,42020,0.0016129054
11174,7279,0.021991368
11175,44246,0.0092995865
11176,39617,0.07216779
11177,63095,0.032024384
11178,60632,0.0031317705
11179,113847,0.0037809971
11180,87236,0.002871007
11181,101435,0.5011023
11182,106169,0.0007405966
11183,101378,0.12296674
11184,55587,0.36701018
11185,83603,0.55050915
11186,16034,0.0049119694
11187,78841,0.009149797
11188,15841,0.007970881
11189,82121,0.0023932334
11190,79527,0.43110844
11191,16260,0.0008896225
11192,7829,0.4891175
11193,39608,0.030230455
11194,105637,0.92865473
11195,97735,0.08255154
11196,31048,0.0009807746
11197,91366,0.0015146963
11198,64919,0.23687677
11199,64719,0.004751124
11200,50778,0.941361
11201,96900,0.03498232
11202,69161,0.025655327
11203,112925,0.28550902
11204,70041,0.009914719
11205,11455,0.018435312
11206,15252,0.061022785
11207,57756,0.011321944
11208,103220,0.004801702
11209,54967,0.0021306775
11210,90224,0.014701023
11211,43045,0.059736237
11212,37308,0.009267988
11213,47737,0.65816057
11214,78740,0.0016783087
11215,54094,0.0018060576
11216,23861,0.008153525
11217,14497,0.003705376
11218,6078,0.005435938
11219,36799,0.008104812
11220,109694,0.086358175
11221,93369,0.87290287
11222,18412,0.8312773
11223,92946,0.09072048
11224,44360,0.63145876
11225,7677,0.12782732
11226,79816,0.56254977
11227,33868,0.008110986
11228,39750,0.5199695
11229,76860,0.016461233
11230,30756,0.022076637
11231,101903,0.020002773
11232,7934,0.0048712925
11233,5404,0.15961999
11234,95807,0.72432643
11235,27717,0.121702746
11236,2919,0.056464992
11237,75803,0.26296425
11238,7328,0.002464451
11239,33300,0.008718107
11240,65363,0.0063475054
11241,70979,0.012002181
11242,49601,0.2692992
11243,52670,0.15818791
11244,102146,0.015073597
11245,23557,0.005348644
11246,63635,0.13084152
11247,3228,0.036314823
11248,43514,0.762075
11249,112670,0.024770316
11250,79520,0.45156
11251,112338,0.014701023
11252,31315,0.69804543
11253,62331,0.033737633
11254,92364,0.74877614
11255,79146,0.007304721
11256,101668,0.010124924
11257,85424,0.0027658553
11258,85655,0.15818791
11259,34942,0.33401656
11260,40914,0.978205
11261,113880,0.6280348
11262,15460,0.0012169367
11263,45338,0.3860109
11264,26432,0.029409917
11265,106859,0.5011023
11266,111627,0.5230454
11267,65182,0.01117166
11268,97209,0.45784926
11269,97435,0.14733292
11270,43356,0.021939708
11271,84672,0.25401485
11272,82275,0.0017543255
11273,50757,0.43110844
11274,20768,0.0015168209
11275,59023,0.017941602
11276,15829,0.019015284
11277,24253,0.026034497
11278,91534,0.4507486
11279,94986,0.012002181
11280,94959,0.0027830414
11281,28916,0.028421784
11282,3273,0.1552935
11283,80607,0.56254977
11284,17364,0.004773706
11285,23356,0.56254977
11286,80812,0.0054581924
11287,20302,0.0014026493
11288,90802,0.026396753
11289,10126,0.108904526
11290,52612,0.74494725
11291,57392,0.016509416
11292,84245,0.27749422
11293,46012,0.00091765885
11294,16832,0.004138517
11295,105719,0.003537343
11296,57910,0.054686807
11297,3311,0.09586386
11298,46901,0.032343682
11299,38578,0.07107164
11300,111692,0.02189095
11301,10286,0.018435312
11302,61657,0.009236215
11303,109250,0.03961124
11304,107989,0.16305058
11305,29504,0.55566055
11306,7721,0.0055993847
11307,105822,0.0011644863
11308,16246,0.0036722529
11309,62389,0.015073597
11310,11457,0.0038968078
11311,102985,0.05385674
11312,59743,0.0009810812
11313,77479,0.0017668465
11314,55755,0.051835634
11315,76704,0.27749422
11316,18629,0.004882599
11317,92001,0.26795226
11318,106215,0.011947654
11319,71852,0.74877614
11320,63974,0.009464335
11321,76466,0.70096636
11322,3539,0.0630845
11323,19711,0.04071958
11324,74365,0.56254977
11325,100201,0.7097762
11326,18635,0.055222828
11327,46391,0.013593871
11328,43957,0.72584873
11329,26132,0.011634002
11330,66858,0.0036480853
11331,68080,0.948089
11332,92670,0.61112845
11333,34485,0.58656245
11334,26017,0.025523422
11335,105999,0.012002181
11336,113780,0.00137602
11337,38119,0.5564428
11338,77492,0.0036833948
11339,111190,0.5448597
11340,44860,0.35608795
11341,84248,0.0806475
11342,74595,0.44505507
11343,78822,0.009914719
11344,45187,0.07216779
11345,69312,0.15818791
11346,57905,0.72160727
11347,25779,0.16614494
11348,80061,0.0101192435
11349,3510,0.0047771786
11350,43661,0.00091765885
11351,36945,0.029409917
11352,2836,0.0630845
11353,102306,0.28651854
11354,11656,0.008982419
11355,37498,0.003135237
11356,8561,0.0042444076
11357,75628,0.009043022
11358,26471,0.014105169
11359,41107,0.74603975
11360,108798,0.8452152
11361,77522,0.112993374
11362,88953,0.72432643
11363,10113,0.0028388316
11364,88458,0.57717556
11365,33756,0.38921523
11366,21265,0.028174058
11367,25617,0.07216779
11368,77335,0.5333893
11369,74166,0.013729459
11370,56251,0.53810483
11371,114070,0.012002181
11372,46512,0.0046387804
11373,107841,0.63096803
11374,43926,0.0028088652
11375,4582,0.0014560643
11376,9717,0.02281438
11377,50476,0.054212213
11378,47176,0.001580581
11379,42017,0.03099253
11380,72466,0.014701023
11381,26624,0.26892516
11382,15712,0.15434077
11383,37546,0.26892516
11384,62849,0.029157756
11385,100344,0.0032679527
11386,6656,0.02281438
11387,83219,0.004357466
11388,42662,0.002494578
11389,74918,0.004797168
11390,40575,0.025790984
11391,35136,0.028630508
11392,25929,0.0037684184
11393,70771,0.78680277
11394,9160,0.0018474701
11395,11809,0.0006426628
11396,17958,0.5733231
11397,15011,0.015759919
11398,105080,0.014701023
11399,115642,0.0028024404
11400,5417,0.062338326
11401,110351,0.05824659
11402,110965,0.022487141
11403,69819,0.008680334
11404,28528,0.0033101595
11405,45429,0.25401485
11406,91785,0.15818791
11407,64001,0.003239281
11408,88237,0.008391639
11409,101216,0.017438782
11410,76493,0.0063043586
11411,104113,0.022487141
11412,67316,0.68550783
11413,61378,0.0048022447
11414,79798,0.57717556
11415,59547,0.74877614
11416,103675,0.6280348
11417,54321,0.00728768
11418,52968,0.001043065
11419,92040,0.038123
11420,52572,0.15818791
11421,39192,0.0027078087
11422,70223,0.28655696
11423,55844,0.56254977
11424,10197,0.018435312
11425,23648,0.084164135
11426,74996,0.35608795
11427,20832,0.35114837
11428,100608,0.044480197
11429,51134,0.0011807234
11430,114271,0.022487141
11431,87450,0.0016366848
11432,6268,0.00374704
11433,40239,0.0020691345
11434,22089,0.055210017
11435,7059,0.011714641
11436,85520,0.15818791
11437,41305,0.005746437
11438,2286,0.95635545
11439,14093,0.43110844
11440,63625,0.0806475
11441,111092,0.9622434
11442,110720,0.022582833
11443,65347,0.008425987
11444,94328,0.01160126
11445,110190,0.00771416
11446,55406,0.022337878
11447,20826,0.00797546
11448,81161,0.44110775
11449,9925,0.004113153
11450,13951,0.5199695
11451,114983,0.30878732
11452,98349,0.0043525947
11453,33387,0.56254977
11454,73411,0.088731185
11455,3496,0.281191
11456,46802,0.0016415977
11457,106987,0.020996185
11458,102811,0.14575823
11459,16278,0.70096636
11460,43773,0.029409917
11461,21428,0.2648518
11462,21298,0.008039437
11463,74370,0.15818791
11464,62874,0.535909
11465,102406,0.0057351906
11466,71119,0.56254977
11467,33315,0.015457122
11468,59673,0.31242567
11469,69689,0.5992805
11470,25007,0.036068562
11471,49950,0.05849908
11472,97366,0.0064201346
11473,77148,0.02001361
11474,41679,0.026034497
11475,5440,0.0022440997
11476,13109,0.00082599116
11477,71418,0.8092999
11478,92918,0.030188547
11479,87125,0.0018666756
11480,27452,0.00548509
11481,21775,0.029409917
11482,11491,0.023953978
11483,53666,0.15818791
11484,86569,0.21967717
11485,58377,0.009044813
11486,62142,0.019717583
11487,4577,0.72396594
11488,73874,0.42961618
11489,19842,0.007258179
11490,101887,0.022487141
11491,63696,0.03418607
11492,66316,0.012432675
11493,114484,0.55566055
11494,45267,0.030330224
11495,67039,0.74877614
11496,5159,0.0027460272
11497,110422,0.08255154
11498,369,0.010384128
11499,35245,0.25401485
11500,29086,0.55566055
11501,11713,0.018435312
11502,40490,0.017745938
11503,67185,0.006974203
11504,25689,0.019832386
11505,85759,0.0068989815
11506,105265,0.044904254
11507,94215,0.036603175
11508,91349,0.2836866
11509,65523,0.0035656265
11510,106759,0.4507486
11511,28368,0.0048642587
11512,88095,0.0043691536
11513,72280,0.28655696
11514,43118,0.0039137322
11515,2805,0.09586386
11516,86680,0.0013215767
11517,112071,0.0030143333
11518,56630,0.74877614
11519,44801,0.43110844
11520,62369,0.28651854
11521,42866,0.0022403651
11522,114649,0.006409783
11523,77051,0.0051293275
11524,107427,0.77919436
11525,21617,0.93470156
11526,111303,0.24666126
11527,29292,0.00548509
11528,102344,0.006478453
11529,114598,0.036470074
11530,25772,0.0024851675
11531,61026,0.48679414
11532,613,0.008273953
11533,14278,0.56254977
11534,101895,0.75998175
11535,76131,0.013124526
11536,1292,0.004834032
11537,64355,0.0032487032
11538,98734,0.15818791
11539,11863,0.0034419764
11540,7543,0.05906391
11541,47328,0.029409917
11542,16941,0.24463311
11543,18196,0.0020977086
11544,8954,0.02616134
11545,22629,0.0031463876
11546,31560,0.13166432
11547,10539,0.2685778
11548,19510,0.56254977
11549,65552,0.0032030696
11550,47412,0.26892516
11551,33702,0.0013267341
11552,70473,0.0029995292
11553,68630,0.74877614
11554,35759,0.8396209
11555,44835,0.003227164
11556,111514,0.2360113
11557,25093,0.013836444
11558,5582,0.014625275
11559,114479,0.87290287
11560,89186,0.009821194
11561,38508,0.007886621
11562,81189,0.45156
11563,36874,0.010889912
11564,78668,0.060719058
11565,20730,0.003863674
11566,57470,0.5199695
11567,10334,0.026563544
11568,109093,0.077487946
11569,63140,0.762075
11570,92277,0.012002181
11571,26853,0.026034497
11572,110227,0.35608795
11573,53070,0.001131016
11574,80526,0.022500813
11575,23174,0.006315681
11576,4810,0.09586386
11577,60474,0.056531325
11578,16867,0.003099
11579,92528,0.28655696
11580,20342,0.8236736
11581,39872,0.00091765885
11582,13703,0.72396594
11583,115906,0.020142807
11584,69603,0.2530429
11585,39014,0.4507486
11586,8204,0.0055993847
11587,104792,0.020075282
11588,74221,0.76863915
11589,75659,0.56254977
11590,31770,0.2822489
11591,7579,0.75799817
11592,106715,0.6280348
11593,55020,0.33401656
11594,103605,0.77919436
11595,37979,0.0014832739
11596,78423,0.008425987
11597,67737,0.0027774163
11598,96208,0.012002181
11599,90672,0.005177455
11600,34465,0.70096636
11601,114517,0.14980723
11602,13520,0.0028851687
11603,41567,0.06880079
11604,97174,0.4510593
11605,8662,0.018486826
11606,100843,0.12018082
11607,106619,0.5428991
11608,98742,0.002145692
11609,22002,0.119229585
11610,105875,0.012094106
11611,88346,0.008671431
11612,86968,0.02189095
11613,112667,0.021623164
11614,106572,0.0005436033
11615,107398,0.036836438
11616,4653,0.053813286
11617,89017,0.027988123
11618,96256,0.44110775
11619,69546,0.005660244
11620,71620,0.013294333
11621,21351,0.05535128
11622,65563,0.0019573895
11623,85630,0.0878315
11624,2499,0.056464992
11625,63593,0.006429458
11626,24537,0.0011719023
11627,29328,0.55566055
11628,39922,0.62524277
11629,69368,0.15818791
11630,24359,0.027091615
11631,82097,0.033031646
11632,105771,0.87290287
11633,102265,0.004261736
11634,89415,0.6405128
11635,13085,0.0077272602
11636,62784,0.008029135
11637,88247,0.020986214
11638,56373,0.023153957
11639,45195,0.92342633
11640,30048,0.19897886
11641,97337,0.0010271525
11642,48124,0.012002181
11643,26156,0.70096636
11644,65089,0.0047882474
11645,16131,0.0008896225
11646,70495,0.8648343
11647,69577,0.9141325
11648,88743,0.6405128
11649,71638,0.005812438
11650,33805,0.34026608
11651,60203,0.5199695
11652,11819,0.0006602958
11653,46014,0.72584873
11654,29351,0.762075
11655,46294,0.0005345601
11656,100135,0.0834848
11657,98069,0.020733777
11658,63676,0.0016963853
11659,83139,0.45156
11660,45754,0.03099253
11661,61739,0.004106137
11662,62800,0.8452152
11663,12694,0.0061814613
11664,112658,0.021623164
11665,86881,0.004773706
11666,16669,0.0015385207
11667,89096,0.021465557
11668,5599,0.0074779615
11669,6864,0.09586386
11670,56702,0.85405904
11671,95657,0.57717556
11672,71151,0.0033101595
11673,17590,0.70096636
11674,47333,0.535909
11675,66174,0.001715462
11676,24872,0.008841077
11677,79565,0.21295042
11678,111538,0.53810483
11679,113368,0.33401656
11680,45649,0.20670973
11681,16976,0.70096636
11682,40276,0.065515056
11683,32976,0.11370517
11684,62221,0.56254977
11685,36475,0.05531505
11686,50678,0.029510276
11687,68255,0.088731185
11688,85155,0.0071068383
11689,96523,0.44110775
11690,85671,0.33228782
11691,114655,0.012487924
11692,73758,0.6994286
11693,23148,0.0061077164
11694,26880,0.015457122
11695,2245,0.005435938
11696,34756,0.45818773
11697,17444,0.0007445017
11698,67758,0.088731185
11699,60458,0.012751598
11700,86609,0.0026583122
11701,8046,0.011695005
11702,115979,0.009148202
11703,9993,0.006551385
11704,58498,0.0082453145
11705,6775,0.0029537668
11706,85263,0.0047786906
11707,37568,0.26892516
11708,63494,0.010645317
11709,5551,0.018435312
11710,12646,0.0010841262
11711,75661,0.011099343
11712,90812,0.0070985486
11713,52738,0.07221661
11714,103004,0.012793837
11715,63199,0.4000341
11716,71389,0.43110844
11717,68552,0.005776184
11718,35212,0.2822489
11719,59092,0.14047155
11720,115857,0.088731185
11721,2816,0.037040874
11722,109242,0.5011023
11723,107241,0.0053627514
11724,41039,0.56254977
11725,78128,0.0061001605
11726,50523,0.002916353
11727,31774,0.0028002425
11728,29605,0.021507695
11729,21469,0.078370176
11730,61871,0.0026414657
11731,28278,0.0070391092
11732,92897,0.04701498
11733,47441,0.007744489
11734,43875,0.015030405
11735,47854,0.009914719
11736,91613,0.00083498243
11737,72102,0.022588486
11738,7911,0.0061873607
11739,46186,0.07216779
11740,32252,0.0043947455
11741,76738,0.012918836
11742,94088,0.012002181
11743,41546,0.010384128
11744,5613,0.008030247
11745,10874,0.018435312
11746,114863,0.013626814
11747,22321,0.0113148475
11748,3241,0.038242593
11749,46193,0.019469999
11750,99711,0.5470555
11751,89718,0.74877614
11752,87940,0.32012954
11753,115479,0.7944973
11754,108950,0.8444421
11755,21317,0.0028279233
11756,40484,0.009080956
11757,88176,0.44101527
11758,92987,0.07349159
11759,85493,0.479305
11760,45711,0.18866682
11761,2067,0.16246137
11762,93087,0.0009900966
11763,111258,0.35608795
11764,19846,0.7343914
11765,78683,0.015073597
11766,1954,0.0006472693
11767,74813,0.5619106
11768,94541,0.72105354
11769,36065,0.34026608
11770,113220,0.023854906
11771,25947,0.21967717
11772,24470,0.005943083
11773,111868,0.08255154
11774,11108,0.0033930067
11775,25,0.077245936
11776,89723,0.34026608
11777,33127,0.0065125637
11778,59123,0.78680277
11779,32880,0.96616983
11780,52211,0.009935167
11781,28835,0.0017013646
11782,23919,0.0040426347
11783,59767,0.017814565
11784,49978,0.55566055
11785,1627,0.005435938
11786,54457,0.5673918
11787,115637,0.0071627004
11788,26117,0.019469999
11789,2216,0.0028678635
11790,49962,0.01169598
11791,70552,0.43110844
11792,2815,0.037040874
11793,112277,0.33401656
11794,90537,0.21582213
11795,109277,0.012002181
11796,80249,0.27749422
11797,14097,0.43110844
11798,46266,0.21549764
11799,93434,0.74846315
11800,27501,0.013983658
11801,93616,0.74877614
11802,60487,0.014701023
11803,19086,0.017913753
11804,50870,0.13743125
11805,26828,0.35608795
11806,70222,0.11347771
11807,16859,0.033737633
11808,88659,0.57717556
11809,1350,0.11389515
11810,23969,0.0023558494
11811,32965,0.010335876
11812,32066,0.53810483
11813,20196,0.04071958
11814,106827,0.54879576
11815,104565,0.0010328522
11816,45791,0.027091615
11817,105389,0.77919436
11818,47081,0.06338897
11819,54629,0.0016723784
11820,95515,0.0021927613
11821,95357,0.76863915
11822,69435,0.013273844
11823,92625,0.74877614
11824,3380,0.0055993847
11825,75793,0.26296425
11826,46248,0.07216779
11827,16095,0.0014231278
11828,32477,0.009884111
11829,28492,0.74494725
11830,39692,0.0056948992
11831,80960,0.0019729873
11832,35161,0.0014859402
11833,109215,0.0012236882
11834,53456,0.34026608
11835,24954,0.024815157
11836,34463,0.72160727
11837,21613,0.010384128
11838,98024,0.44110775
11839,89394,0.57717556
11840,8048,0.011539402
11841,95166,0.03254283
11842,7587,0.362439
11843,87242,0.007626647
11844,32447,0.0023655412
11845,80688,0.27749422
11846,84022,0.05849908
11847,2807,0.0018231423
11848,102905,0.53810483
11849,47776,0.0028203225
11850,113304,0.012002181
11851,5593,0.0047305487
11852,93055,0.006974203
11853,71537,0.0023723533
11854,94462,0.05044148
11855,37166,0.6280348
11856,23433,0.00392377
11857,111307,0.28550902
11858,111690,0.74846315
11859,4463,0.75017023
11860,26634,0.26892516
11861,45438,0.70096636
11862,78809,0.002346441
11863,46621,0.26892516
11864,107203,0.040120546
11865,49046,0.0016129054
11866,40526,0.0005377603
11867,78295,0.18412575
11868,83092,0.27749422
11869,39337,0.56254977
11870,113305,0.30226132
11871,71730,0.35608795
11872,79526,0.0013986655
11873,56740,0.00091765885
11874,104095,0.004684312
11875,87321,0.0074601034
11876,94872,0.0018333321
11877,65352,0.008153251
11878,82796,0.0067290002
11879,65685,0.008425987
11880,16535,0.02019244
11881,67720,0.43110844
11882,27711,0.0016740327
11883,24241,0.07216779
11884,14128,0.008561134
11885,72276,0.27749422
11886,83654,0.0018406538
11887,50378,0.6221493
11888,21565,0.00071399944
11889,38602,0.0015074069
11890,8077,0.900043
11891,53174,0.011273183
11892,49891,0.006740646
11893,62026,0.021939708
11894,85498,0.27749422
11895,770,0.003099
11896,99330,0.2583851
11897,8528,0.035971805
11898,5515,0.003054323
11899,108933,0.007868521
11900,100738,0.008425987
11901,64197,0.009747291
11902,83767,0.032024384
11903,78876,0.0034718437
11904,23352,0.01806203
11905,69144,0.009914719
11906,56258,0.120868534
11907,83827,0.00797546
11908,90742,0.74877614
11909,92150,0.04640792
11910,34802,0.55566055
11911,51365,0.004534493
11912,50197,0.024497937
11913,18541,0.023752637
11914,80994,0.20339376
11915,105513,0.012002181
11916,49240,0.28651854
11917,18817,0.0878315
11918,9069,0.00760267
11919,95339,0.0043525947
11920,82869,0.43110844
11921,66797,0.009464335
11922,57997,0.0031122733
11923,39087,0.7833816
11924,17043,0.6506771
11925,107540,0.08255154
11926,75403,0.01436667
11927,104058,0.0016794188
11928,1640,0.042468343
11929,83408,0.7957864
11930,21579,0.43110844
11931,115636,0.031043656
11932,101363,0.5011023
11933,68145,0.15818791
11934,102715,0.007304721
11935,29262,0.58656245
11936,86927,0.18866682
11937,33116,0.060939007
11938,86615,0.56254977
11939,27531,0.058077905
11940,42675,0.8468055
11941,105326,0.77919436
11942,30359,0.53810483
11943,93486,0.32012954
11944,18023,0.0017130263
11945,2059,0.0630845
11946,69767,0.44101527
11947,92912,0.65557665
11948,53978,0.015073597
11949,7016,0.027031438
11950,54371,0.002107652
11951,44300,0.008242936
11952,82200,0.018700046
11953,81782,0.82282555
11954,63087,0.62680763
11955,109212,0.033701815
11956,102032,0.55566055
11957,39383,0.62524277
11958,106748,0.011550759
11959,57248,0.03712462
11960,66035,0.01117166
11961,15548,0.0040757065
11962,74628,0.15818791
11963,85849,0.56254977
11964,2530,0.15217422
11965,99009,0.0052780733
11966,32255,0.89857846
11967,41756,0.030330224
11968,97624,0.08855862
11969,36482,0.53810483
11970,102372,0.35608795
11971,102807,0.7130009
11972,16043,0.0026431684
11973,21491,0.4176834
11974,16385,0.90747184
11975,6577,0.011151619
11976,103165,0.10273772
11977,25393,0.38921523
11978,84603,0.0017122551
11979,42539,0.010478496
11980,86816,0.0043525947
11981,70958,0.27749422
11982,98281,0.53241813
11983,66271,0.025510082
11984,61702,0.022924004
11985,111005,0.006008062
11986,31320,0.049671836
11987,55545,0.009914719
11988,52488,0.2577309
11989,59042,0.006209711
11990,59832,0.007074218
11991,78101,0.0034332157
11992,34782,0.6316835
11993,75712,0.56254977
11994,392,0.01342264
11995,52885,0.55566055
11996,37755,0.07216779
11997,35414,0.72160727
11998,8774,0.0034078248
11999,23859,0.01862408
12000,9453,0.00642112
12001,46071,0.03099253
12002,84596,0.010375283
12003,15762,0.0035713557
12004,108707,0.020164054
12005,64774,0.035376005
12006,48198,0.010134879
12007,115966,0.0023932334
12008,113318,0.0006942645
12009,27954,0.003739806
12010,55112,0.0035609538
12011,59501,0.0062650885
12012,100163,0.046205256
12013,88416,0.27749422
12014,80325,0.013700311
12015,1456,0.026034497
12016,95265,0.01695981
12017,73369,0.088731185
12018,801,0.041513763
12019,71831,0.006429458
12020,54935,0.27065274
12021,55799,0.5609428
12022,67413,0.27749422
12023,8173,0.042468343
12024,90342,0.43110844
12025,57152,0.78680277
12026,78738,0.27749422
12027,50164,0.43110844
12028,79783,0.0011032011
12029,77478,0.0052598515
12030,115605,0.55365103
12031,107266,0.44101527
12032,37932,0.56254977
12033,46171,0.004339223
12034,114356,0.0009141044
12035,15310,0.76439947
12036,26800,0.000988345
12037,62483,0.03099253
12038,55047,0.89157546
12039,40930,0.6653803
12040,50380,0.051835634
12041,86146,0.0057273568
12042,55092,0.003743473
12043,10409,0.0055404874
12044,46956,0.00091765885
12045,106402,0.76051444
12046,78657,0.013708484
12047,98202,0.34442058
12048,84924,0.0025311064
12049,51127,0.0016635148
12050,17245,0.0031000315
12051,50457,0.55566055
12052,14067,0.0007729097
12053,12040,0.0020602478
12054,79663,0.022487141
12055,5800,0.8936748
12056,84957,0.0016416564
12057,43642,0.003900495
12058,40150,0.053762197
12059,70602,0.0052320273
12060,15305,0.024443896
12061,23568,0.8236736
12062,17171,0.0015519238
12063,48877,0.011410698
12064,24381,0.0038353244
12065,109028,0.022487141
12066,67240,0.7957864
12067,8153,0.0128416605
12068,71662,0.27749422
12069,85888,0.019272013
12070,101158,0.0040688002
12071,102633,0.088731185
12072,10383,0.45357627
12073,61991,0.5470303
12074,46697,0.03099253
12075,107686,0.022487141
12076,74604,0.019717583
12077,90430,0.05849908
12078,74632,0.013172917
12079,103963,0.6340124
12080,75688,0.003239281
12081,6999,0.72396594
12082,48723,0.03712462
12083,103898,0.5011023
12084,32441,0.25401485
12085,94362,0.0017467478
12086,17651,0.006407588
12087,43706,0.026034497
12088,83490,0.014797359
12089,83952,0.6405128
12090,49528,0.03825164
12091,114965,0.012435989
12092,50606,0.006641377
12093,21891,0.74603975
12094,68978,0.56254977
12095,70986,0.76863915
12096,91816,0.44110775
12097,67476,0.02950478
12098,37489,0.0008271332
12099,77154,0.024941524
12100,48996,0.008456848
12101,60908,0.7174389
12102,77204,0.012002181
12103,96070,0.44101527
12104,11631,0.0055993847
12105,105598,0.64646333
12106,72750,0.0061726477
12107,24447,0.0068627708
12108,91977,0.43110844
12109,40520,0.020585902
12110,97362,0.014358143
12111,46130,0.0020691345
12112,83510,0.012809258
12113,12443,0.14979403
12114,112096,0.00852916
12115,66501,0.10333219
12116,24981,0.00841985
12117,20712,0.11154274
12118,15382,0.0044974745
12119,85170,0.15818791
12120,54248,0.72160727
12121,54438,0.017310215
12122,111471,0.1281117
12123,91418,0.8383819
12124,10054,0.007855216
12125,8384,0.030217486
12126,78250,0.0010685363
12127,68911,0.56254977
12128,57908,0.28651854
12129,55296,0.50739056
12130,38945,0.006313327
12131,75231,0.26296425
12132,30290,0.0078108576
12133,69083,0.030523187
12134,53325,0.33401656
12135,20204,0.0878315
12136,41700,0.005349722
12137,50899,0.008167763
12138,18498,0.02006477
12139,21149,0.21549764
12140,70360,0.0035221127
12141,83203,0.060719058
12142,66982,0.43110844
12143,15980,0.013621989
12144,69185,0.001395915
12145,113043,0.056546714
12146,72727,0.8868853
12147,88013,0.0024844478
12148,101857,0.5030404
12149,12796,0.014352187
12150,32788,0.012099411
12151,51827,0.10192631
12152,98823,0.09317067
12153,56271,0.7957864
12154,47179,0.088546805
12155,90012,0.012002181
12156,114762,0.004696591
12157,91587,0.0025056396
12158,64253,0.012432675
12159,13171,0.9048831
12160,12677,0.061093617
12161,31045,0.011264443
12162,59906,0.56254977
12163,95414,0.05385674
12164,35940,0.55566055
12165,76302,0.74877614
12166,84430,0.01683058
12167,78011,0.73577815
12168,44055,0.0021824662
12169,43428,0.0071134157
12170,37441,0.0071455454
12171,32776,0.00071399944
12172,19695,0.003099
12173,66780,0.008258754
12174,37183,0.70096636
12175,67566,0.8729907
12176,89424,0.15818791
12177,38665,0.014083165
12178,75991,0.35608795
12179,38305,0.015457122
12180,53842,0.0046498524
12181,44598,0.18740986
12182,77949,0.35608795
12183,57902,0.00069515326
12184,59995,0.035034087
12185,107728,0.24237582
12186,40472,0.5746138
12187,43651,0.38217098
12188,46905,0.03099253
12189,25589,0.055423293
12190,39823,0.5199695
12191,60723,0.36701018
12192,83167,0.014849901
12193,22282,0.004062981
12194,58520,0.55566055
12195,76696,0.9729566
12196,112788,0.0045227627
12197,98418,0.037555512
12198,17287,0.0017872959
12199,111302,0.05824659
12200,57381,0.12286028
12201,25801,0.051835634
12202,46887,0.0036104273
12203,49545,0.55566055
12204,47291,0.6803675
12205,55235,0.5564428
12206,24212,0.0064336113
12207,81276,0.0031938553
12208,10272,0.8936748
12209,82033,0.18866682
12210,109184,0.0020675794
12211,67154,0.03439601
12212,12981,0.9593471
12213,45590,0.061643217
12214,49129,0.45156
12215,11257,0.11389515
12216,15837,0.002062709
12217,91102,0.57717556
12218,94545,0.0032679527
12219,64846,0.02416263
12220,19471,0.021367995
12221,11392,0.011714641
12222,84947,0.70096636
12223,14166,0.2505775
12224,43919,0.006046115
12225,5280,0.5952976
12226,73347,0.051835634
12227,44514,0.029409917
12228,107240,0.0042653717
12229,62038,0.009747291
12230,89923,0.057243463
12231,38791,0.00071399944
12232,6495,0.11621293
12233,66352,0.10142551
12234,105877,0.0045722537
12235,44460,0.027091615
12236,9244,0.63043845
12237,87674,0.74877614
12238,51159,0.004280769
12239,56658,0.0035480557
12240,39436,0.07216779
12241,90426,0.004887785
12242,87398,0.009083067
12243,90553,0.00045512128
12244,55484,0.009914719
12245,101554,0.04631971
12246,72563,0.34026608
12247,28989,0.065851696
12248,9928,0.028729357
12249,2058,0.72160727
12250,48873,0.8383819
12251,115028,0.068493076
12252,96560,0.0057467637
12253,63881,0.0092995865
12254,88006,0.0018823086
12255,84376,0.27749422
12256,72548,0.0027499474
12257,86047,0.7174389
12258,105668,0.0038716285
12259,3120,0.09206185
12260,86592,0.44101527
12261,29741,0.55566055
12262,84340,0.74494725
12263,113340,0.0013112469
12264,30791,0.0014898345
12265,70440,0.44101527
12266,54879,0.01886504
12267,12242,0.0031573633
12268,33542,0.009492907
12269,63966,0.33401656
12270,41173,0.029409917
12271,35005,0.025735643
12272,8517,0.72396594
12273,20033,0.071641326
12274,34921,0.55566055
12275,99064,0.28550902
12276,75942,0.09289784
12277,89400,0.57717556
12278,90019,0.57717556
12279,109053,0.5011023
12280,35632,0.55566055
12281,57004,0.55566055
12282,63297,0.8432887
12283,33731,0.026183767
12284,73773,0.29464185
12285,58003,0.051835634
12286,66819,0.016824173
12287,44545,0.35608795
12288,106172,0.44110775
12289,61891,0.012002181
12290,79270,0.66192484
12291,61270,0.008682234
12292,96206,0.010908412
12293,50482,0.0008271332
12294,54936,0.012889519
12295,63931,0.0027706402
12296,98356,0.0062060165
12297,109672,0.020892661
12298,22259,0.18977284
12299,74643,0.1361123
12300,4517,0.0023204652
12301,12991,0.061093617
12302,30426,0.015043073
12303,10799,0.0015544462
12304,81223,0.002865643
12305,3863,0.018435312
12306,56853,0.006974203
12307,29460,0.70096636
12308,52247,0.53810483
12309,20611,0.01858439
12310,27234,0.0023756656
12311,69719,0.009120456
12312,72113,0.15818791
12313,10421,0.018097004
12314,64422,0.009492916
12315,108438,0.5561449
12316,57034,0.021669434
12317,82296,0.0092663765
12318,66508,0.045033023
12319,1591,0.45156
12320,22745,0.0047856807
12321,47738,0.00071399944
12322,83847,0.011099343
12323,13770,0.7343914
12324,54679,0.0039553153
12325,31493,0.5564428
12326,77089,0.5564428
12327,38735,0.009535437
12328,70145,0.0607168
12329,51490,0.5564428
12330,52216,0.062936194
12331,4820,0.42486593
12332,3420,0.0008896225
12333,26659,0.74603975
12334,69324,0.040117867
12335,70783,0.01454669
12336,74661,0.088731185
12337,100105,0.0030393347
12338,65855,0.02822482
12339,5714,0.00374704
12340,4620,0.0026033758
12341,79009,0.38921523
12342,574,0.004601814
12343,43778,0.0027823918
12344,101133,0.024048746
12345,66561,0.014761069
12346,110876,0.44110775
12347,42212,0.0012627309
12348,14554,0.70096636
12349,75691,0.04261389
12350,4027,0.21485509
12351,91686,0.03961124
12352,42709,0.07216779
12353,66326,0.53578204
12354,112746,0.008273953
12355,69645,0.45156
12356,82438,0.6546966
12357,72724,0.43110844
12358,75665,0.0013356056
12359,70214,0.003890474
12360,40573,0.7148634
12361,69976,0.088731185
12362,71583,0.00422881
12363,11152,0.63869727
12364,23602,0.04448573
12365,48796,0.55566055
12366,54080,0.0023091962
12367,32497,0.008456848
12368,13699,0.0024378758
12369,65388,0.0065740487
12370,21013,0.017707422
12371,30033,0.0112568615
12372,110983,0.0028667578
12373,8818,0.0060000625
12374,42138,0.013183391
12375,65132,0.01117166
12376,19663,0.033737633
12377,113652,0.0015949423
12378,98930,0.010645317
12379,4192,0.014065378
12380,61915,0.089766234
12381,56478,0.011120051
12382,15904,0.43110844
12383,114538,0.008745066
12384,112509,0.05597587
12385,11670,0.033218283
12386,2356,0.0054498874
12387,97075,0.2530429
12388,40525,0.14894855
12389,1293,0.004834032
12390,76202,0.32012954
12391,21543,0.03794175
12392,18167,0.013621989
12393,106769,0.09514439
12394,27165,0.6803675
12395,89981,0.14961214
12396,35320,0.55566055
12397,103154,0.0034332157
12398,58371,0.03712462
12399,46303,0.026034497
12400,36460,0.43110844
12401,84633,0.008077423
12402,35905,0.052220944
12403,75796,0.0019414538
12404,44521,0.18866682
12405,2840,0.0005765901
12406,107655,0.012002181
12407,91028,0.024770316
12408,90709,0.015073597
12409,72538,0.007361211
12410,69897,0.035388727
12411,112173,0.035662647
12412,15184,0.23512533
12413,20404,0.0063869166
12414,4842,0.4087485
12415,28724,0.03099253
12416,87296,0.7130009
12417,3834,0.0005631837
12418,81397,0.011933848
12419,31042,0.004675505
12420,25146,0.07216779
12421,103341,0.02045655
12422,101823,0.085774526
12423,3885,0.056403317
12424,8500,0.00040387118
12425,27879,0.72160727
12426,97591,0.047209397
12427,82133,0.0077711
12428,86023,0.0048946314
12429,38206,0.6617882
12430,81668,0.026572632
12431,114777,0.060719058
12432,75715,0.010908412
12433,56895,0.0078864945
12434,96888,0.0952328
12435,27907,0.009157335
12436,107586,0.006425511
12437,31444,0.008851178
12438,114717,0.019657029
12439,114781,0.026485661
12440,112781,0.10184504
12441,68264,0.013172917
12442,23284,0.049947675
12443,49565,0.55566055
12444,61276,0.055877678
12445,26691,0.70096636
12446,100901,0.0028670984
12447,15447,0.5505905
12448,5091,0.023296796
12449,107094,0.44101527
12450,84766,0.7957864
12451,21211,0.0030277343
12452,110678,0.012094106
12453,84346,0.48679414
12454,53301,0.34026608
12455,91482,0.44110775
12456,42406,0.75242156
12457,64206,0.008425987
12458,39660,0.00289749
12459,70633,0.0072335447
12460,64154,0.009464335
12461,88772,0.72105354
12462,92138,0.38791832
12463,38565,0.152907
12464,55541,0.060939007
12465,52485,0.013700311
12466,22445,0.09965071
12467,90485,0.66542125
12468,473,0.6506771
12469,97810,0.74846315
12470,46392,0.0039139274
12471,52423,0.58656245
12472,18721,0.25401485
12473,30744,0.55566055
12474,69791,0.28651854
12475,96249,0.21633714
12476,62001,0.74565196
12477,74266,0.09072048
12478,56490,0.0029206865
12479,111889,0.36090043
12480,101073,0.018519893
12481,74795,0.38301796
12482,46007,0.0016506377
12483,41418,0.03099253
12484,21145,0.037719376
12485,35238,0.0011656365
12486,87481,0.005660244
12487,464,0.004251471
12488,51378,0.008600362
12489,73632,0.27749422
12490,57945,0.07221661
12491,58317,0.6405128
12492,57485,0.78680277
12493,60008,0.0027774163
12494,18099,0.2036687
12495,115851,0.007354528
12496,88103,0.76863915
12497,101613,0.28550902
12498,42360,0.38217098
12499,7577,0.2126109
12500,6226,0.027832475
12501,114623,0.56768835
12502,34468,0.060939007
12503,30181,0.25401485
12504,38934,0.00623229
12505,31701,0.015104119
12506,54305,0.009914719
12507,69314,0.005660244
12508,98259,0.5011023
12509,44019,0.005367971
12510,30442,0.668956
12511,71732,0.02001361
12512,40732,0.3298967
12513,48136,0.013624302
12514,31510,0.08277012
12515,96889,0.74877614
12516,58276,0.15818791
12517,100497,0.44101527
12518,7921,0.003159602
12519,101481,0.1330561
12520,39753,0.0014733557
12521,26302,0.05849908
12522,80499,0.02874809
12523,65849,0.011207272
12524,11244,0.85398394
12525,43583,0.58656245
12526,36699,0.5251251
12527,58387,0.00679984
12528,104980,0.006315681
12529,64109,0.0038383151
12530,13833,0.5199695
12531,6562,0.0014033287
12532,103288,0.0026184318
12533,59038,0.0023932334
12534,39386,0.030330224
12535,94160,0.0061015747
12536,63670,0.84783
12537,111916,0.98096174
12538,26173,0.07216779
12539,32224,0.6280348
12540,96706,0.0039326027
12541,115522,0.89139336
12542,74594,0.01098501
12543,29806,0.008272674
12544,637,0.80478853
12545,56776,0.07576953
12546,82047,0.0071764844
12547,52655,0.0020139655
12548,77233,0.011207468
12549,377,0.023296796
12550,96056,0.009464335
12551,92954,0.15818791
12552,97874,0.13247879
12553,23880,0.53810483
12554,49399,0.55566055
12555,11320,0.004143549
12556,60273,0.72160727
12557,9856,0.09586386
12558,24556,0.38217098
12559,105216,0.022487141
12560,34306,0.55566055
12561,60397,0.007818955
12562,107992,0.012002181
12563,109472,0.002542118
12564,16758,0.0113723995
12565,70652,0.009435693
12566,83921,0.28655696
12567,46324,0.0020691345
12568,24843,0.059202902
12569,110159,0.001225652
12570,40476,0.020153519
12571,101193,0.0065935124
12572,23920,0.0055852723
12573,80987,0.011099343
12574,96937,0.1225767
12575,21983,0.007948602
12576,100650,0.92865473
12577,15630,0.0072432654
12578,44887,0.007727845
12579,52180,0.55566055
12580,33286,0.0022850763
12581,83208,0.28655696
12582,47356,0.0022403651
12583,38434,0.07216779
12584,112786,0.03451793
12585,62797,0.010767184
12586,89370,0.006483922
12587,54809,0.051835634
12588,98706,0.0074612685
12589,66360,0.013055797
12590,95846,0.5561449
12591,114871,0.70115894
12592,79484,0.27749422
12593,39194,0.02211445
12594,15565,0.01445573
12595,100188,0.06697668
12596,28355,0.08677969
12597,76211,0.0013639156
12598,95950,0.6405128
12599,89493,0.57717556
12600,5901,0.056436054
12601,41869,0.00071399944
12602,18302,0.0026161552
12603,94744,0.04589014
12604,14390,0.43110844
12605,18086,0.0011663795
12606,63114,0.74877614
12607,10483,0.004115214
12608,90620,0.15818791
12609,43071,0.26892516
12610,16848,0.02019244
12611,59417,0.023054082
12612,106971,0.0016734637
12613,51730,0.006624176
12614,44590,0.0023779676
12615,59779,0.017814565
12616,15215,0.0077647595
12617,60216,0.0806475
12618,38557,0.02672007
12619,48799,0.014668727
12620,74136,0.008456848
12621,83015,0.01724264
12622,71222,0.3779665
12623,36262,0.8936748
12624,114242,0.6280348
12625,98458,0.0054674176
12626,42015,0.56254977
12627,79304,0.372094
12628,74250,0.04789303
12629,9653,0.0010544137
12630,86008,0.012002181
12631,12755,0.0015385207
12632,81754,0.9204692
12633,87243,0.01593831
12634,18712,0.00071399944
12635,18929,0.00071399944
12636,52538,0.03965043
12637,112487,0.77919436
12638,78991,0.00273085
12639,87115,0.35608795
12640,10678,0.022035038
12641,107960,0.7441965
12642,783,0.0015946857
12643,83109,0.0099807475
12644,23308,0.0073897145
12645,115443,0.028443689
12646,30674,0.55566055
12647,102438,0.31089553
12648,21170,0.0042377645
12649,42142,0.0033580621
12650,69030,0.21571413
12651,34757,0.4507486
12652,32004,0.007628224
12653,66143,0.73879683
12654,23132,0.010384128
12655,83402,0.0028024404
12656,38343,0.006130987
12657,83137,0.7437131
12658,106491,0.0018889201
12659,112331,0.012094106
12660,40898,0.029363675
12661,105742,0.00097356463
12662,26479,0.07216779
12663,84595,0.046264153
12664,109410,0.0043525947
12665,4246,0.0011879586
12666,93928,0.1225767
12667,34070,0.14047155
12668,92186,0.0035117555
12669,45145,0.73920804
12670,108051,0.056546714
12671,34473,0.00091765885
12672,87787,0.74877614
12673,19640,0.18977284
12674,112043,0.5448597
12675,78676,0.372094
12676,88808,0.76863915
12677,52775,0.34026608
12678,38438,0.07216779
12679,31965,0.8474278
12680,79781,0.015207897
12681,15312,0.020886127
12682,115419,0.027332162
12683,46584,0.006046115
12684,8656,0.009185575
12685,8334,0.05510152
12686,31347,0.70096636
12687,46835,0.0035320912
12688,98856,0.002346441
12689,98431,0.00063394353
12690,13009,0.40534317
12691,82666,0.42961618
12692,35616,0.01935918
12693,69964,0.6279071
12694,47091,0.007727845
12695,816,0.010467713
12696,87307,0.8396209
12697,32025,0.53810483
12698,32595,0.051835634
12699,26639,0.0019684096
12700,58188,0.15818791
12701,48067,0.53810483
12702,111618,0.61773854
12703,88918,0.74877614
12704,36550,0.02001361
12705,14778,0.0011444221
12706,73110,0.006175711
12707,13757,0.00876299
12708,38457,0.054686807
12709,41053,0.0020691345
12710,99269,0.36090043
12711,1331,0.0019436522
12712,89594,0.0020585908
12713,22760,0.008456848
12714,63941,0.024114339
12715,48842,0.35608795
12716,69823,0.27749422
12717,33758,0.0110146925
12718,100058,0.7475883
12719,77736,0.0075836806
12720,32278,0.35608795
12721,20654,0.010691655
12722,58334,0.009016057
12723,94664,0.012002181
12724,113940,0.0026540428
12725,86654,0.007863356
12726,26915,0.35608795
12727,88531,0.2836866
12728,31674,0.43110844
12729,114506,0.6280348
12730,103422,0.020928299
12731,53129,0.09965071
12732,103105,0.8073558
12733,19292,0.033737633
12734,113034,0.056546714
12735,5360,0.02432706
12736,39684,0.5564428
12737,51673,0.63320017
12738,15789,0.00081339915
12739,35439,0.026083412
12740,93631,0.009223896
12741,108138,0.018690497
12742,50713,0.34026608
12743,66733,0.01696754
12744,37018,0.009222087
12745,50908,0.58656245
12746,31752,0.027058937
12747,63838,0.00583431
12748,25866,0.07216779
12749,99007,0.004950851
12750,68459,0.44110775
12751,92921,0.74877614
12752,47751,0.006093714
12753,18084,0.021367995
12754,90499,0.7210711
12755,84876,0.0032926274
12756,109431,0.0019457762
12757,21680,0.07216779
12758,25018,0.0024825402
12759,79208,0.63096803
12760,91269,0.0076540583
12761,27816,0.4679668
12762,42370,0.8648343
12763,10669,0.0019879236
12764,88616,0.43110844
12765,64674,0.085774526
12766,59950,0.7957864
12767,82044,0.4265207
12768,53989,0.002914849
12769,4040,0.002541684
12770,47747,0.059736237
12771,76413,0.6469486
12772,15129,0.0042675757
12773,91002,0.005660244
12774,14260,0.0014440612
12775,110752,0.4838807
12776,45792,0.013961827
12777,48006,0.53810483
12778,114889,0.64803004
12779,8937,0.0021828888
12780,40599,0.013715165
12781,47535,0.0043947455
12782,66034,0.0032679527
12783,57335,0.008425987
12784,65811,0.0012771757
12785,52344,0.33401656
12786,59349,0.72160727
12787,11668,0.007856101
12788,88991,0.57717556
12789,99807,0.088731185
12790,37824,0.38536745
12791,93968,0.0075163455
12792,6308,0.4087485
12793,86381,0.008381444
12794,15629,0.37093005
12795,75706,0.025623651
12796,48104,0.0067920703
12797,10492,0.062338326
12798,15322,0.0015970265
12799,35843,0.011081845
12800,97710,0.7130009
12801,49945,0.004536562
12802,24602,0.0020691345
12803,8155,0.012792699
12804,77660,0.0065740487
12805,95724,0.009464335
12806,112675,0.60365444
12807,88462,0.41105306
12808,92351,0.023968438
12809,3382,0.0070825624
12810,33931,0.0086082565
12811,31035,0.01990263
12812,93614,0.35608795
12813,70165,0.15818791
12814,110412,0.44101527
12815,29571,0.010371587
12816,16093,0.055877678
12817,61334,0.033737633
12818,109381,0.5323371
12819,92459,0.7130009
12820,108185,0.948089
12821,6596,0.011539402
12822,5692,0.11367353
12823,1696,0.0017000175
12824,94605,0.012002181
12825,107499,0.00050233
12826,39037,0.0047856807
12827,66164,0.10142551
12828,73611,0.037771273
12829,109468,0.020534717
12830,83977,0.48679414
12831,72087,0.7174389
12832,68989,0.0075836806
12833,65828,0.026131436
12834,83519,0.45156
12835,99570,0.018414149
12836,22659,0.00868413
12837,109735,0.01665654
12838,101179,0.005455359
12839,52516,0.014701023
12840,8463,0.032528996
12841,106243,0.030411094
12842,47735,0.07216779
12843,96776,0.04958626
12844,12161,0.062902875
12845,30318,0.0070678163
12846,105905,0.28550902
12847,109984,0.6280348
12848,27842,0.051835634
12849,37413,0.56254977
12850,51533,0.008242936
12851,60657,0.762075
12852,101573,0.8824114
12853,77834,0.16959894
12854,1811,0.00091613166
12855,21318,0.0012223334
12856,46809,0.21967717
12857,89992,0.32012954
12858,72748,0.0108038895
12859,5074,0.26356134
12860,43484,0.31480527
12861,56565,0.70096636
12862,62501,0.4176834
12863,88835,0.78680277
12864,97927,0.011348867
12865,101327,0.76051444
12866,60962,0.015992286
12867,107724,0.012002181
12868,5913,0.00432099
12869,29486,0.0065125637
12870,63662,0.6230816
12871,74208,0.010591795
12872,57572,0.121702746
12873,33993,0.0016265064
12874,13538,0.0006426628
12875,108622,0.0018211745
12876,1509,0.06975378
12877,17864,0.16695905
12878,33058,0.034123693
12879,7891,0.012584754
12880,16266,0.0007445017
12881,101440,0.2836866
12882,64088,0.019717583
12883,100636,0.008381444
12884,3710,0.7994104
12885,72535,0.8644646
12886,46256,0.007318388
12887,58112,0.0034854359
12888,88925,0.003198186
12889,113850,0.78680277
12890,54609,0.0012617734
12891,10022,0.0033924198
12892,82181,0.82282555
12893,112891,0.006787835
12894,94359,0.013729459
12895,58008,0.051835634
12896,62978,0.022854248
12897,62509,0.004739616
12898,110215,0.30226132
12899,70166,0.43110844
12900,88724,0.87290287
12901,106141,0.44110775
12902,36253,0.8396209
12903,72031,0.0027480794
12904,94147,0.04640792
12905,38638,0.0073584556
12906,6613,0.012771705
12907,97226,0.44110775
12908,102890,0.013700311
12909,55416,0.28651854
12910,99179,0.012002181
12911,72188,0.27749422
12912,60967,0.4000341
12913,105027,0.740201
12914,99342,0.003263799
12915,48652,0.20734909
12916,6954,0.4087485
12917,12628,0.12884553
12918,18616,0.08795616
12919,97952,0.0090834275
12920,95229,0.740201
12921,79631,0.45156
12922,111745,0.87290287
12923,114025,0.044594355
12924,57220,0.53810483
12925,73066,0.56254977
12926,54468,0.0065125637
12927,31348,0.7096231
12928,13694,0.70096636
12929,87373,0.0016509373
12930,112329,0.0919676
12931,86302,0.44101527
12932,75133,0.26296425
12933,26814,0.068540476
12934,21869,0.003099
12935,4982,0.0011603207
12936,63753,0.008425987
12937,62944,0.029944882
12938,25663,0.14313461
12939,59582,0.6405128
12940,67526,0.48679414
12941,19751,0.0022931537
12942,89892,0.15818791
12943,11416,0.0022975346
12944,30620,0.011961938
12945,80892,0.0016129054
12946,12841,0.0025383702
12947,54146,0.033425942
12948,112053,0.35608795
12949,82102,0.0029904877
12950,87764,0.005190803
12951,15745,0.0023816016
12952,24902,0.026034497
12953,87137,0.35608795
12954,61190,0.5484025
12955,37629,0.015457122
12956,4644,0.00659286
12957,11327,0.036361557
12958,50294,0.00071399944
12959,24893,0.26857966
12960,10783,0.07350953
12961,64411,0.006315681
12962,48769,0.10526334
12963,69417,0.012002181
12964,97808,0.000793967
12965,114966,0.01350215
12966,100053,0.16062483
12967,19165,0.006067544
12968,22518,0.0046260147
12969,60346,0.5992805
12970,40775,0.92547446
12971,107157,0.019603891
12972,98443,0.025163257
12973,67805,0.003434369
12974,67428,0.028174058
12975,59215,0.011864133
12976,24932,0.029409917
12977,99968,0.0952328
12978,14863,0.04496193
12979,89291,0.6405128
12980,24020,0.0022403651
12981,9743,0.12782732
12982,95346,0.009504566
12983,10571,0.0065595927
12984,57425,0.003065752
12985,32172,0.022302592
12986,38238,0.008104812
12987,77973,0.12439527
12988,13866,0.18866682
12989,103742,0.65557665
12990,114306,0.029506324
12991,26520,0.0072747003
12992,60831,0.96969324
12993,2215,0.056464992
12994,14258,0.14979403
12995,88748,0.009464335
12996,34316,0.56254977
12997,100824,0.14047155
12998,2950,0.09586386
12999,35682,0.008456848
13000,35576,0.029510276
13001,114589,0.080553435
13002,90023,0.15818791
13003,18009,0.0006426628
13004,105580,0.0057080365
13005,114349,0.007812533
13006,56276,0.032312304
13007,100784,0.008000939
13008,1496,0.062361155
13009,97367,0.0040854923
13010,102052,0.0031190237
13011,12125,0.041528445
13012,9798,0.001547072
13013,48449,0.008456848
13014,56777,0.7957864
13015,72890,0.016784513
13016,6703,0.01928867
13017,47104,0.0043947455
13018,73023,0.112993374
13019,49801,0.00091765885
13020,76964,0.04236245
13021,110168,0.056546714
13022,11388,0.044041578
13023,80964,0.0007931141
13024,65439,0.007575825
13025,48231,0.032024384
13026,81053,0.012002181
13027,110878,0.003127577
13028,79063,0.003016383
13029,67600,0.08030961
13030,25169,0.26892516
13031,3638,0.062338326
13032,46194,0.0019689605
13033,37004,0.02634161
13034,19253,0.008272674
13035,71797,0.27749422
13036,43495,0.55566055
13037,61482,0.76863915
13038,22601,0.2648518
13039,51683,0.43110844
13040,49232,0.020592917
13041,89893,0.30067244
13042,32056,0.7441965
13043,42468,0.012023981
13044,66437,0.053106815
13045,78760,0.27749422
13046,41523,0.013433259
13047,100492,0.0031639705
13048,83480,0.0045795403
13049,105510,0.77919436
13050,50345,0.02329308
13051,28738,0.8648343
13052,75769,0.25401485
13053,22056,0.026034497
13054,102427,0.61112845
13055,85670,0.044998992
13056,80094,0.012763303
13057,60349,0.7957864
13058,96119,0.0069479262
13059,9399,0.74978274
13060,86907,0.7957864
13061,86989,0.0012617734
13062,14105,0.0063592396
13063,9560,0.0048605995
13064,64672,0.0029294048
13065,11006,0.08306692
13066,53215,0.059257638
13067,73170,0.0031818815
13068,83868,0.44110775
13069,55476,0.9122196
13070,25377,0.004151821
13071,30654,0.0070391092
13072,98988,0.5336217
13073,17490,0.2546263
13074,91338,0.42961618
13075,76564,0.70096636
13076,66365,0.0014634709
13077,29991,0.6221493
13078,19273,0.16594732
13079,74691,0.009648686
13080,60463,0.61112845
13081,49139,0.36701018
13082,44530,0.18866682
13083,69567,0.68550783
13084,58724,0.72160727
13085,59472,0.78680277
13086,108807,0.0037919926
13087,17847,0.019832386
13088,10290,0.044041578
13089,44165,0.0072224718
13090,21460,0.04180635
13091,115894,0.002723823
13092,18357,0.022138963
13093,20395,0.83826447
13094,11978,0.09988537
13095,108556,0.0070540495
13096,67977,0.89857846
13097,86534,0.001665082
13098,29908,0.55566055
13099,170,0.07893169
13100,17770,0.16695905
13101,61426,0.0069416286
13102,18754,0.81452924
13103,88251,0.013430415
13104,57634,0.008163585
13105,105106,0.03961124
13106,83773,0.015357271
13107,88869,0.088731185
13108,5082,0.012792699
13109,57319,0.020251123
13110,9581,0.4087485
13111,56633,0.4000341
13112,3169,0.0077867075
13113,75655,0.011864133
13114,82513,0.55566055
13115,52767,0.95558894
13116,23656,0.07216779
13117,27056,0.0910583
13118,54806,0.011676242
13119,16252,0.7315719
13120,100936,0.44101527
13121,37087,0.015457122
13122,3094,0.055490583
13123,107332,0.0051037297
13124,49016,0.36701018
13125,4647,0.03570095
13126,71455,0.18395923
13127,79876,0.87290287
13128,17051,0.033737633
13129,107618,0.036836438
13130,83107,0.56254977
13131,107156,0.022487141
13132,76261,0.013924412
13133,58844,0.011676242
13134,87949,0.027988123
13135,55743,0.009914719
13136,19124,0.0034920704
13137,112425,0.5336217
13138,38070,0.0040528267
13139,62482,0.088731185
13140,9331,0.45357627
13141,46496,0.00735654
13142,69177,0.060719058
13143,64722,0.016420258
13144,21009,0.055210017
13145,100856,0.20152403
13146,65396,0.004482855
13147,59932,0.56254977
13148,71826,0.015321534
13149,53281,0.004007721
13150,57803,0.0028638532
13151,112553,0.003125226
13152,38048,0.3138417
13153,73766,0.003743473
13154,106337,0.0032679527
13155,24314,0.43110844
13156,95990,0.15818791
13157,80225,0.2530429
13158,26361,0.25401485
13159,53955,0.034323394
13160,96324,0.04958626
13161,46616,0.07216779
13162,2175,0.72160727
13163,16337,0.0009446294
13164,82480,0.045033023
13165,84775,0.0013947994
13166,72723,0.04520923
13167,11312,0.59766406
13168,85544,0.0878315
13169,30565,0.027596964
13170,89372,0.088731185
13171,94779,0.008242936
13172,40997,0.07216779
13173,112040,0.0034123815
13174,107323,0.018449731
13175,86308,0.002346441
13176,40066,0.004628167
13177,40083,0.008456848
13178,64909,0.64031243
13179,29903,0.0076177167
13180,71790,0.74877614
13181,85277,0.74494725
13182,53780,0.55566055
13183,22109,0.026034497
13184,81722,0.011099343
13185,66305,0.018295318
13186,72309,0.27749422
13187,43720,0.26892516
13188,49384,0.074553154
13189,95137,0.008138773
13190,16811,0.019015284
13191,71093,0.0317174
13192,23234,0.0020691345
13193,26364,0.26892516
13194,10300,0.18802774
13195,87374,0.35608795
13196,86897,0.015073597
13197,89497,0.8287975
13198,39570,0.17259738
13199,77010,0.4367661
13200,41395,0.07216779
13201,108459,0.0029403681
13202,114789,0.0374042
13203,18054,0.0018296674
13204,33889,0.6280348
13205,91924,0.74877614
13206,59669,0.7957864
13207,50182,0.45156
13208,52376,0.55566055
13209,99156,0.05340695
13210,71287,0.78680277
13211,15824,0.021367995
13212,50587,0.43110844
13213,17316,0.021367995
13214,16753,0.0020843213
13215,29865,0.037551638
13216,5161,0.12782732
13217,2603,0.0020502761
13218,107526,0.03568665
13219,58807,0.0065740487
13220,28360,0.53810483
13221,77494,0.009464335
13222,69812,0.008456848
13223,46021,0.005322306
13224,84395,0.07221661
13225,13125,0.040452026
13226,73935,0.32012954
13227,31651,0.022386754
13228,55179,0.56254977
13229,10997,0.044041578
13230,94906,0.55566055
13231,79229,0.03929851
13232,78871,0.20928882
13233,5402,0.0008927967
13234,82887,0.007013881
13235,90278,0.65557665
13236,87110,0.015073597
13237,12585,0.13166432
13238,40903,0.27065274
13239,13010,0.0027059757
13240,56504,0.021799885
13241,35494,0.0020691345
13242,30560,0.0020136137
13243,55613,0.56254977
13244,49482,0.0011258096
13245,52352,0.33401656
13246,63411,0.009261133
13247,87724,0.14961214
13248,90397,0.031761862
13249,39857,0.012022804
13250,20243,0.033737633
13251,31435,0.28174093
13252,86095,0.020919206
13253,33782,0.08393276
13254,88846,0.4507486
13255,23886,0.31480527
13256,72728,0.74877614
13257,110479,0.0028243528
13258,90849,0.9462083
13259,26875,0.18286118
13260,113679,0.9210475
13261,61561,0.0019486684
13262,46583,0.07216779
13263,17506,0.0041442513
13264,24989,0.07216779
13265,76711,0.27749422
13266,4017,0.0048712925
13267,21876,0.008157413
13268,31244,0.0022991837
13269,45054,0.8383819
13270,91328,0.5336217
13271,99947,0.5011023
13272,94801,0.0023932334
13273,100296,0.04546882
13274,51754,0.970832
13275,92805,0.10333219
13276,66893,0.44101527
13277,11753,0.0051933452
13278,6248,0.16262187
13279,49116,0.56254977
13280,45258,0.005102282
13281,86894,0.0016150022
13282,50891,0.0011235495
13283,73246,0.29464185
13284,53466,0.15818791
13285,42056,0.05150064
13286,43617,0.04578947
13287,67212,0.7174389
13288,12033,0.51799
13289,4800,0.87468094
13290,26830,0.55566055
13291,110204,0.8073558
13292,114402,0.006102549
13293,13864,0.4994859
13294,72509,0.0020898955
13295,67018,0.0075836806
13296,16167,0.033737633
13297,78392,0.014701023
13298,77130,0.00787234
13299,98142,0.87290287
13300,79024,0.056965906
13301,77864,0.0017962124
13302,35703,0.009799146
13303,108050,0.7944973
13304,78034,0.030794308
13305,92895,0.007722574
13306,50470,0.022337878
13307,2213,0.7912035
13308,90939,0.0010591778
13309,112097,0.03961124
13310,64410,0.0032679527
13311,50204,0.55566055
13312,109669,0.0043525947
13313,10662,0.062338326
13314,79661,0.0016737165
13315,41319,0.07216779
13316,2931,0.27979872
13317,26620,0.03099253
13318,93367,0.008077423
13319,58129,0.046264153
13320,70591,0.005688304
13321,91765,0.013700311
13322,75612,0.011099343
13323,36284,0.0013943705
13324,15752,0.10637708
13325,57228,0.7322869
13326,51415,0.5199695
13327,103794,0.105119556
13328,64010,0.009464335
13329,113163,0.056546714
13330,104000,0.014014389
13331,76448,0.71711034
13332,78575,0.0011583208
13333,37575,0.55566055
13334,20626,0.00071399944
13335,46773,0.004628167
13336,74247,0.006436934
13337,107145,0.009081299
13338,42750,0.5199695
13339,68655,0.15818791
13340,20170,0.56254977
13341,52855,0.06305775
13342,109380,0.0011867394
13343,12016,0.041528445
13344,93679,0.006102549
13345,93461,0.5561449
13346,36038,0.74603975
13347,65184,0.029203871
13348,43606,0.0020691345
13349,56182,0.004331278
13350,66264,0.004489041
13351,110533,0.002147171
13352,90804,0.45156
13353,51604,0.008272674
13354,1432,0.0007384595
13355,38478,0.0006139963
13356,722,0.011539402
13357,41455,0.43110844
13358,20627,0.0020691345
13359,55507,0.55566055
13360,20946,0.013172917
13361,83956,0.5199695
13362,114403,0.005017299
13363,6946,0.0035236208
13364,104001,0.0043525947
13365,100590,0.44101527
13366,77783,0.28651854
13367,30320,0.6280348
13368,70716,0.74494725
13369,24010,0.0023336478
13370,50291,0.55566055
13371,49678,0.55566055
13372,21978,0.016505698
13373,41822,0.031047612
13374,25188,0.07216779
13375,97932,0.0034931474
13376,13168,0.056170568
13377,53009,0.29448825
13378,57173,0.005964554
13379,61691,0.8396209
13380,102923,0.06422122
13381,548,0.05849908
13382,28071,0.008012146
13383,43309,0.00071399944
13384,69799,0.27749422
13385,66703,0.016588915
13386,114490,0.37178898
13387,15504,0.023090739
13388,72372,0.17259738
13389,13706,0.3923769
13390,31710,0.006153482
13391,115235,0.03961124
13392,100998,0.09072048
13393,104336,0.012002181
13394,73621,0.03323246
13395,29131,0.55566055
13396,99302,0.016564453
13397,67424,0.06666006
13398,20330,0.021367995
13399,88833,0.0035070577
13400,99259,0.015073597
13401,90122,0.19885877
13402,7457,0.020802634
13403,54788,0.024114339
13404,2189,0.82121855
13405,28102,0.03099253
13406,13533,0.0007445017
13407,106434,0.5030404
13408,66705,0.009223896
13409,68375,0.43110844
13410,102711,0.028174058
13411,80896,0.70096636
13412,77920,0.10081206
13413,85200,0.0023932334
13414,67968,0.032024384
13415,73590,0.27749422
13416,99850,0.0019613414
13417,109658,0.13413408
13418,16622,0.35608795
13419,208,0.018435312
13420,76905,0.67893946
13421,14601,0.6221493
13422,60841,0.5992805
13423,17621,0.20212162
13424,77491,0.013729459
13425,113186,0.53810483
13426,33650,0.70096636
13427,68483,0.28651854
13428,35420,0.9369908
13429,108218,0.6337058
13430,12417,0.18238829
13431,102212,0.008251599
13432,31937,0.021939708
13433,73725,0.27749422
13434,87530,0.45156
13435,9619,0.007982967
13436,24469,0.012321021
13437,30888,0.55566055
13438,36188,0.34026608
13439,92679,0.0062973844
13440,99567,0.0018197075
13441,57016,0.78678703
13442,65837,0.0013610823
13443,92782,0.81452924
13444,79821,0.042424046
13445,75233,0.0034229755
13446,50517,0.034123693
13447,87196,0.016859539
13448,96317,0.43110844
13449,63879,0.0061382493
13450,26394,0.43110844
13451,16864,0.0010958283
13452,90196,0.014154177
13453,47116,0.0011525606
13454,81136,0.002865643
13455,75901,0.0026414657
13456,1519,0.003099
13457,66359,0.0142420605
13458,35369,0.051835634
13459,103659,0.001273312
13460,11900,0.7315719
13461,82460,0.066196755
13462,90371,0.57717556
13463,30928,0.008928021
13464,18315,0.0025694843
13465,58771,0.48679414
13466,102571,0.5072126
13467,36066,0.0047171935
13468,46903,0.026034497
13469,94984,0.15818791
13470,22742,0.013415929
13471,113302,0.0878315
13472,74899,0.26296425
13473,78129,0.07938925
13474,2774,0.056464992
13475,59273,0.2822489
13476,70502,0.68550783
13477,4918,0.0055993847
13478,109270,0.013700311
13479,12756,0.009148276
13480,97707,0.0033302326
13481,59302,0.2822489
13482,14058,0.0006426628
13483,35117,0.33401656
13484,64681,0.0006458443
13485,20789,0.0055657956
13486,110017,0.012002181
13487,107343,0.0073938603
13488,14663,0.25401485
13489,78031,0.27065274
13490,35660,0.55566055
13491,72794,0.18866682
13492,49752,0.036068562
13493,61192,0.013700311
13494,91442,0.6897552
13495,6016,0.028900145
13496,96466,0.43110844
13497,15429,0.0033398976
13498,115283,0.5532099
13499,98,0.0080076475
13500,74589,0.0016989608
13501,111579,0.105119556
13502,88454,0.740201
13503,97849,0.44110775
13504,109703,0.009695589
13505,30235,0.008128875
13506,54105,0.084732406
13507,48929,0.43110844
13508,42154,0.07216779
13509,9351,0.0031294134
13510,92532,0.44110775
13511,49331,0.4510593
13512,51458,0.044838753
13513,107160,0.020996185
13514,113966,0.61112845
13515,112564,0.8604938
13516,75291,0.060719058
13517,104408,0.5011023
13518,95429,0.019717583
13519,75832,0.003420309
13520,554,0.0016242069
13521,97355,0.00797546
13522,96825,0.078370176
13523,54884,0.0037354378
13524,88868,0.088731185
13525,40791,0.003485653
13526,72445,0.088731185
13527,86557,0.014205743
13528,42580,0.26892516
13529,37864,0.015457122
13530,47161,0.005745807
13531,33257,0.6280348
13532,44558,0.07216779
13533,4375,0.018435312
13534,85942,0.7957864
13535,69488,0.0110644875
13536,26309,0.058077905
13537,34195,0.53810483
13538,20650,0.01858439
13539,4725,0.7994104
13540,12243,0.0023533069
13541,81670,0.056918565
13542,52692,0.009914719
13543,74528,0.014701023
13544,25234,0.0030664182
13545,86233,0.7322869
13546,73008,0.6405128
13547,66186,0.07863653
13548,91838,0.43110844
13549,45654,0.30027738
13550,106594,0.11143438
13551,79174,0.06928864
13552,82726,0.05849908
13553,77732,0.55566055
13554,97237,0.008077423
13555,301,0.0630845
13556,109496,0.8073558
13557,39346,0.62524277
13558,67074,0.043655284
13559,43721,0.027091615
13560,68143,0.0008387287
13561,29734,0.006315681
13562,89847,0.004705638
13563,41899,0.07406112
13564,43195,0.0013458725
13565,76726,0.0011376922
13566,35451,0.05535128
13567,108134,0.95312786
13568,85647,0.0115094185
13569,91138,0.24174885
13570,36856,0.019832386
13571,38971,0.008226825
13572,85526,0.35608795
13573,109256,0.42961618
13574,46353,0.0018194831
13575,91104,0.82282555
13576,21279,0.43110844
13577,9822,0.7522764
13578,77020,0.088731185
13579,2995,0.0630845
13580,84396,0.7957864
13581,40417,0.0010017229
13582,14017,0.18412575
13583,46590,0.002506568
13584,62751,0.762075
13585,100230,0.35608795
13586,76626,0.46748677
13587,40965,0.0024813854
13588,45775,0.6803675
13589,27159,0.0016265064
13590,57357,0.74877614
13591,91115,0.8824114
13592,85790,0.25401485
13593,98518,0.3797995
13594,114681,0.0038762968
13595,52789,0.041713852
13596,43969,0.07216779
13597,105886,0.014014389
13598,43568,0.9427699
13599,76618,0.0035677722
13600,57595,0.08122672
13601,9894,0.00047761094
13602,100639,0.7130009
13603,19205,0.0019659335
13604,12202,0.014369141
13605,110973,0.07262648
13606,40633,0.002089504
13607,106914,0.5011023
13608,82875,0.44110775
13609,43972,0.07216779
13610,32091,0.005367971
13611,34722,0.56254977
13612,108236,0.04958626
13613,75416,0.04230545
13614,56833,0.34026608
13615,7703,0.00374704
13616,20873,0.76530224
13617,113550,0.007560682
13618,70858,0.088731185
13619,106920,0.41344064
13620,62972,0.2530429
13621,59783,0.0028203225
13622,206,0.0069457353
13623,57840,0.03323246
13624,76616,0.019717583
13625,25715,0.028949937
13626,96877,0.05385674
13627,48378,0.2331402
13628,81310,0.031039026
13629,44579,0.04448573
13630,7794,0.02368194
13631,5348,0.059951186
13632,29463,0.08277012
13633,26689,0.13813515
13634,15798,0.43110844
13635,66746,0.0028737192
13636,60569,0.08934136
13637,83321,0.005660244
13638,114316,0.13879725
13639,104153,0.037885465
13640,109854,0.0014540303
13641,26358,0.0067561255
13642,113787,0.86641574
13643,54209,0.55566055
13644,99126,0.009081299
13645,112753,0.0031312169
13646,65767,0.012023981
13647,10199,0.019091947
13648,58840,0.007962277
13649,47442,0.09946878
13650,91675,0.78680277
13651,3239,0.030582005
13652,65240,0.0063888356
13653,74147,0.04589014
13654,51969,0.009914719
13655,107353,0.039237175
13656,76013,0.70096636
13657,4663,0.0057772435
13658,26208,0.04456842
13659,86469,0.27749422
13660,62421,0.0033101595
13661,3294,0.09586386
13662,48161,0.0022624633
13663,112352,0.33401656
13664,44050,0.69804543
13665,95390,0.047567368
13666,7863,0.08161477
13667,66648,0.003104327
13668,34907,0.20384914
13669,1586,0.031710148
13670,84559,0.74877614
13671,106970,0.036836438
13672,54904,0.55566055
13673,1281,0.06975378
13674,51372,0.56254977
13675,93298,0.44101527
13676,94031,0.019488636
13677,52782,0.003218099
13678,72291,0.23819661
13679,27421,0.26892516
13680,110070,0.012432675
13681,69385,0.012002181
13682,110661,0.0099509
13683,100076,0.07007005
13684,34689,0.55566055
13685,6753,0.01322345
13686,58272,0.8396209
13687,14428,0.22162698
13688,84874,0.0048946314
13689,51004,0.0030378683
13690,776,0.01793462
13691,1102,0.05443167
13692,98477,0.5011023
13693,36681,0.72160727
13694,100588,0.39156836
13695,8135,0.006145424
13696,58814,0.008682234
13697,101455,0.0034522058
13698,75023,0.26296425
13699,48647,0.7957864
13700,108422,0.4868342
13701,53451,0.0017741987
13702,35690,0.006974203
13703,66000,0.008995493
13704,109349,0.0006052124
13705,107569,0.008273953
13706,23286,0.03099253
13707,101963,0.009821194
13708,115470,0.0017543255
13709,79817,0.0014639657
13710,29909,0.6280348
13711,94915,0.003275619
13712,67716,0.44101527
13713,32596,0.53810483
13714,85344,0.022126755
13715,10506,0.0021293913
13716,66148,0.019603891
13717,29766,0.0014105593
13718,31101,0.00548509
13719,6026,0.018981807
13720,68720,0.009821194
13721,11316,0.018435312
13722,20091,0.0012233288
13723,98213,0.0034093908
13724,105337,0.022487141
13725,21249,0.01858439
13726,92783,0.26711744
13727,106004,0.0029615795
13728,7466,0.0034078248
13729,17374,0.003038205
13730,57716,0.4000341
13731,75679,0.70096636
13732,77074,0.01342408
13733,26647,0.007788299
13734,73963,0.25401485
13735,89431,0.009464335
13736,71707,0.0042354874
13737,34883,0.002692226
13738,42746,0.010384128
13739,48415,0.019717583
13740,73591,0.27749422
13741,55547,0.89857846
13742,5739,0.72396594
13743,63275,0.0032407732
13744,10624,0.011539402
13745,87982,0.016694603
13746,102560,0.029250575
13747,98101,0.106194
13748,1105,0.011539402
13749,19194,0.0059635644
13750,24074,0.0050083213
13751,110905,0.5133302
13752,110724,0.8997919
13753,30685,0.6280348
13754,50984,0.56254977
13755,38822,0.0030372995
13756,112136,0.04631971
13757,97785,0.740201
13758,46027,0.00091765885
13759,86877,0.0009822279
13760,92279,0.088731185
13761,19944,0.584363
13762,112385,0.77919436
13763,56086,0.7174389
13764,6684,0.020802634
13765,72338,0.003239281
13766,79537,0.027988123
13767,106580,0.017712208
13768,113060,0.53810483
13769,69876,0.017257174
13770,91127,0.8824114
13771,104493,0.74846315
13772,3481,0.009150533
13773,29207,0.98196274
13774,96082,0.6603064
13775,21685,0.3860109
13776,28386,0.00191408
13777,70314,0.35608795
13778,103396,0.77919436
13779,59833,0.016420258
13780,83387,0.0015373146
13781,67404,0.88479495
13782,58026,0.55566055
13783,94436,0.009464335
13784,103279,0.36090043
13785,114155,0.2933285
13786,36979,0.56254977
13787,86866,0.008675719
13788,27195,0.0020691345
13789,82630,0.45156
13790,32157,0.005177455
13791,23565,0.00068249216
13792,76026,0.18412575
13793,69671,0.05765056
13794,97654,0.8824114
13795,31465,0.53810483
13796,77876,0.48986238
13797,95882,0.0075836806
13798,34801,0.0025080135
13799,27249,0.4679668
13800,53611,0.36701018
13801,10269,0.04001529
13802,86773,0.015073597
13803,18684,0.075981475
13804,50202,0.0022589788
13805,105034,0.35608795
13806,99884,0.15818791
13807,20491,0.05820845
13808,72071,0.051835634
13809,56547,0.002245344
13810,52570,0.35608795
13811,84111,0.060719058
13812,23951,0.6280348
13813,105196,0.58310384
13814,24220,0.006576126
13815,103470,0.5011023
13816,44322,0.0044294586
13817,29017,0.55566055
13818,4345,0.0006201589
13819,682,0.019467568
13820,55295,0.0022936098
13821,28994,0.72160727
13822,11434,0.05504776
13823,29239,0.53810483
13824,9404,0.011714641
13825,73179,0.012002181
13826,44872,0.021939708
13827,102478,0.022244263
13828,73720,0.2836866
13829,14921,0.015914852
13830,113237,0.7337352
13831,9666,0.8936748
13832,96159,0.031933866
13833,95954,0.004326639
13834,55362,0.34026608
13835,21130,0.0076844436
13836,32607,0.03099253
13837,88100,0.44015992
13838,83544,0.03712462
13839,64718,0.021876976
13840,17860,0.07637638
13841,112104,0.0026540428
13842,66577,0.004797168
13843,14800,0.4507486
13844,73505,0.005943083
13845,72824,0.27749422
13846,24867,0.01695122
13847,12446,0.0026049463
13848,105702,0.64646333
13849,11430,0.0036918882
13850,93719,0.0039659077
13851,53945,0.006594387
13852,51626,0.53810483
13853,83428,0.014748264
13854,41633,0.006046115
13855,100095,0.023780975
13856,84892,0.015976962
13857,70982,0.005177455
13858,31069,0.25401485
13859,84227,0.014701023
13860,97334,0.0032640083
13861,15251,0.0060569504
13862,38391,0.05323766
13863,107589,0.020142807
13864,61443,0.033737633
13865,55695,0.55566055
13866,101451,0.022487141
13867,92785,0.15818791
13868,96559,0.00513837
13869,5422,0.16395757
13870,80516,0.0052735815
13871,18913,0.057290934
13872,66431,0.003104327
13873,76311,0.005982618
13874,95367,0.72160727
13875,38388,0.43110844
13876,31449,0.35608795
13877,3951,0.0048712925
13878,3039,0.8426439
13879,53868,0.43110844
13880,112491,0.009261133
13881,7389,0.0048712925
13882,29802,0.7441965
13883,21253,0.019015284
13884,69966,0.003239281
13885,104267,0.55365103
13886,40073,0.0033724525
13887,45239,0.003131266
13888,100913,0.105119556
13889,8600,0.062338326
13890,32519,0.6280348
13891,49266,0.5564428
13892,29921,0.6280348
13893,50102,0.046458296
13894,68844,0.28655696
13895,63971,0.0024472065
13896,111940,0.0029816236
13897,240,0.0035502464
13898,51503,0.062936194
13899,86535,0.0037123286
13900,90774,0.001981603
13901,1879,0.012173633
13902,102296,0.61112845
13903,3787,0.94748425
13904,77600,0.15818791
13905,34036,0.009535437
13906,110675,0.04338321
13907,64862,0.0020900758
13908,29595,0.9589323
13909,59837,0.0065125637
13910,38921,0.03099253
13911,49869,0.34026608
13912,31237,0.6280348
13913,21742,0.001377423
13914,98386,0.51044965
13915,103339,0.083174035
13916,102189,0.15818791
13917,28359,0.019448586
13918,85873,0.023353612
13919,94286,0.01823515
13920,57713,0.022337878
13921,13303,0.009441671
13922,99729,0.36090043
13923,69464,0.05531505
13924,21971,0.6185455
13925,81820,0.8561558
13926,16411,0.00876299
13927,64727,0.016313523
13928,91893,0.00357522
13929,67000,0.009464335
13930,53356,0.53810483
13931,44210,0.0020691345
13932,108325,0.32012954
13933,80336,0.07262648
13934,35382,0.53810483
13935,107652,0.5011023
13936,17965,0.017732827
13937,88549,0.0014825701
13938,71430,0.013539279
13939,36289,0.0092995865
13940,48725,0.9280332
13941,24279,0.010478496
13942,41,0.05874707
13943,94280,0.006751385
13944,58149,0.012002181
13945,35925,0.00074829423
13946,103883,0.0034332157
13947,81427,0.07221661
13948,45566,0.011294323
13949,12409,0.0055428315
13950,6062,0.0021238239
13951,73057,0.89139336
13952,87729,0.32012954
13953,37632,0.18866682
13954,97971,0.028756365
13955,66175,0.0019004723
13956,113424,0.14577645
13957,58183,0.34026608
13958,68638,0.0027706402
13959,64195,0.016420258
13960,15595,0.00876299
13961,112478,0.0018833992
13962,91054,0.030631596
13963,94896,0.0016723784
13964,65454,0.002346441
13965,68602,0.27749422
13966,82478,0.78680277
13967,56213,0.42777395
13968,20676,0.70096636
13969,68270,0.006623975
13970,81140,0.09072048
13971,5880,0.031376135
13972,1510,0.06975378
13973,104337,0.8383819
13974,74023,0.0010760655
13975,89731,0.35038942
13976,68737,0.27749422
13977,91674,0.11035589
13978,71770,0.27749422
13979,102540,0.0058453423
13980,29053,0.013983658
13981,82142,0.009821194
13982,30180,0.10155098
13983,93135,0.43110844
13984,72393,0.74877614
13985,76589,0.01683058
13986,31659,0.00548509
13987,67997,0.032024384
13988,101798,0.007689514
13989,56255,0.56254977
13990,103488,0.00356696
13991,99653,0.49711153
13992,77959,0.25401485
13993,89511,0.03341093
13994,30321,0.015457122
13995,2670,0.088183016
13996,108998,0.0019986064
13997,40679,0.016557198
13998,69135,0.088731185
13999,64854,0.026081407
14000,108336,0.040077873
14001,48566,0.004797168
14002,79354,0.002451789
14003,60054,0.088731185
14004,85777,0.15434077
14005,114166,0.083270535
14006,84720,0.031631727
14007,45402,0.030330224
14008,26513,0.63145876
14009,61301,0.70096636
14010,21600,0.0028903463
14011,54628,0.56254977
14012,90090,0.005367971
14013,8795,0.0011247954
14014,79296,0.0072648274
14015,97618,0.15818791
14016,109567,0.0039726337
14017,64581,0.0029138597
14018,6605,0.7464647
14019,42834,0.022337878
14020,31786,0.35608795
14021,35193,0.0036390803
14022,98426,0.57717556
14023,114778,0.2064273
14024,7753,0.020802634
14025,114583,0.0063107754
14026,33520,0.74603975
14027,36449,0.009157335
14028,110728,0.7130009
14029,98620,0.740201
14030,76535,0.009223896
14031,60796,0.03439601
14032,53894,0.088731185
14033,97224,0.44101527
14034,24054,0.00071399944
14035,44740,0.0029157444
14036,110518,0.088731185
14037,20343,0.010203288
14038,9394,0.022035038
14039,59559,0.001986425
14040,98602,0.6994286
14041,77903,0.002346441
14042,38102,0.0031086951
14043,77359,0.016420258
14044,103421,0.006189789
14045,69486,0.012002181
14046,37511,0.006802887
14047,19780,0.6091492
14048,103440,0.014014389
14049,46976,0.24128486
14050,110609,0.45156
14051,2829,0.0630845
14052,36050,0.0059171664
14053,84147,0.0017280811
14054,84262,0.014587753
14055,15414,0.20638372
14056,55340,0.55566055
14057,20360,0.011676242
14058,66341,0.0031544922
14059,87992,0.03341093
14060,61772,0.027385194
14061,65861,0.0020585908
14062,85597,0.02692718
14063,61652,0.013352647
14064,50346,0.009914719
14065,42424,0.102473386
14066,94019,0.74846315
14067,98781,0.038123
14068,60917,0.0034332157
14069,33344,0.04865669
14070,41310,0.013913123
14071,28004,0.53810483
14072,92352,0.53241813
14073,48317,0.055153284
14074,34915,0.019412559
14075,108360,0.44101527
14076,74898,0.019412559
14077,45399,0.026034497
14078,44816,0.26892516
14079,87542,0.07349159
14080,38789,0.63145876
14081,115206,0.05128659
14082,45039,0.0022065456
14083,51857,0.0472235
14084,79705,0.13091314
14085,42632,0.006046115
14086,57297,0.0019390327
14087,12207,0.80478853
14088,101725,0.0032624588
14089,101591,0.0014357229
14090,1751,0.011986613
14091,97863,0.064518206
14092,39460,0.011593552
14093,73094,0.68550783
14094,23189,0.03099253
14095,2302,0.0630845
14096,21083,0.004764231
14097,49072,0.33401656
14098,80718,0.95086586
14099,85433,0.0063888356
14100,49698,0.029865768
14101,101718,0.0025397746
14102,85149,0.0063043586
14103,114748,0.14733292
14104,12862,0.0020855714
14105,23090,0.014359905
14106,35838,0.43110844
14107,46277,0.0012627309
14108,33391,0.006707954
14109,6505,0.002541684
14110,114436,0.74846315
14111,91155,0.07349159
14112,103618,0.18866682
14113,72399,0.0021450357
14114,67769,0.32012954
14115,32386,0.007226196
14116,94263,0.058519557
14117,5034,0.002541684
14118,28217,0.55566055
14119,54267,0.088731185
14120,70962,0.43110844
14121,84055,0.15818791
14122,34511,0.33401656
14123,25678,0.6803675
14124,40189,0.007258179
14125,27458,0.53810483
14126,62189,0.9726573
14127,55078,0.035397433
14128,90659,0.15818791
14129,41143,0.03099253
14130,106785,0.0011533733
14131,14055,0.0026167375
14132,62488,0.03099253
14133,65926,0.0032679527
14134,85653,0.27749422
14135,68085,0.21633714
14136,102555,0.0014457873
14137,111481,0.007495802
14138,112229,0.77919436
14139,92760,0.15818791
14140,13251,0.00876299
14141,10918,0.43110844
14142,84337,0.43110844
14143,95471,0.15361257
14144,44844,0.0022604882
14145,3030,0.011151619
14146,17170,0.033046506
14147,47610,0.0039808084
14148,110564,0.0011841169
14149,58515,0.022337878
14150,5514,0.6766213
14151,19724,0.35114837
14152,11150,0.021069754
14153,64212,0.4999829
14154,82099,0.088731185
14155,101998,0.008566281
14156,36019,0.72160727
14157,89727,0.07418069
14158,18010,0.37093005
14159,87282,0.0142688565
14160,98574,0.015904197
14161,61425,0.27065274
14162,102688,0.045571063
14163,67746,0.018479854
14164,99599,0.5011023
14165,96896,0.04958626
14166,10428,0.005435938
14167,105142,0.0009044877
14168,25532,0.26892516
14169,78990,0.4507486
14170,8393,0.036361557
14171,50488,0.0013299679
14172,115413,0.06430202
14173,61916,0.0016989608
14174,53244,0.27065274
14175,98498,0.043332014
14176,34621,0.70096636
14177,80701,0.0066749165
14178,55889,0.74877614
14179,95377,0.015073597
14180,14158,0.0014807421
14181,66048,0.02329308
14182,101155,0.0016059943
14183,64245,0.005102282
14184,27359,0.008306983
14185,64110,0.011888598
14186,43395,0.030330224
14187,45987,0.07216779
14188,27653,0.003465287
14189,16775,0.0059086513
14190,29736,0.0602134
14191,71750,0.0027706402
14192,63279,0.03099253
14193,76286,0.009648686
14194,61186,0.36701018
14195,104198,0.0175875
14196,29238,0.32017073
14197,77507,0.97886
14198,20901,0.0041915784
14199,89226,0.0016334397
14200,49843,0.33401656
14201,65549,0.002346441
14202,82456,0.8432887
14203,11340,0.004144539
14204,40733,0.5827553
14205,23721,0.10061816
14206,34396,0.55050915
14207,30113,0.0971376
14208,78354,0.0032679527
14209,108564,0.5011023
14210,82573,0.26296425
14211,61638,0.060719058
14212,4320,0.01342264
14213,40768,0.5564428
14214,43162,0.012999177
14215,40970,0.0016130267
14216,94092,0.02329308
14217,52005,0.6405128
14218,73845,0.14047155
14219,35765,0.021368688
14220,98572,0.0072431355
14221,98792,0.009179657
14222,103263,0.35608795
14223,76086,0.0015066018
14224,7484,0.004937592
14225,29990,0.72160727
14226,57914,0.044838753
14227,48966,0.014811637
14228,24120,0.5793977
14229,8813,0.0008576894
14230,89286,0.002346441
14231,87885,0.44101527
14232,83176,0.15818791
14233,2753,0.037040874
14234,110206,0.8604938
14235,4712,0.14956793
14236,114258,0.0028245365
14237,111230,0.025977654
14238,25134,0.004339223
14239,114174,0.004845472
14240,89563,0.87290287
14241,87154,0.72432643
14242,101085,0.57717556
14243,78748,0.002187194
14244,59586,0.5199695
14245,78477,0.09965071
14246,32711,0.27065274
14247,28771,0.00503185
14248,28556,0.0013389853
14249,63301,0.008273953
14250,59713,0.0040668724
14251,108132,0.04958626
14252,6269,0.4087485
14253,43885,0.26892516
14254,24934,0.011676242
14255,107348,0.012002181
14256,91481,0.44110775
14257,54236,0.013969766
14258,38344,0.58656245
14259,17229,0.76530224
14260,2930,0.27979872
14261,37142,0.5199695
14262,88219,0.0022931537
14263,8959,0.005435938
14264,46157,0.0013267341
14265,77125,0.006315681
14266,64297,0.008652129
14267,67179,0.51553845
14268,93404,0.04640792
14269,2482,0.09586386
14270,103307,0.009738385
14271,109609,0.012002181
14272,58000,0.0062700063
14273,21699,0.0045892126
14274,106341,0.012052116
14275,166,0.7870787
14276,79381,0.024321232
14277,24516,0.026034497
14278,16375,0.025782414
14279,11736,0.0019626038
14280,13206,0.004265969
14281,99218,0.28550902
14282,40782,0.945173
14283,59031,0.046865936
14284,79402,0.74846315
14285,40461,0.03770976
14286,16842,0.6107574
14287,12926,0.13980393
14288,104192,0.64646333
14289,49897,0.45156
14290,68924,0.009591579
14291,67169,0.8048408
14292,9330,0.65009826
14293,43550,0.3138417
14294,115233,0.0048847175
14295,40957,0.45156
14296,11673,0.2528048
14297,92412,0.0041516535
14298,2823,0.0025063262
14299,55934,0.53810483
14300,94310,0.0012413954
14301,78667,0.0062122215
14302,87844,0.01665654
14303,31941,0.3860109
14304,68067,0.43110844
14305,37872,0.0061015026
14306,14824,0.0016650216
14307,30931,0.29708523
14308,79481,0.000673032
14309,77749,0.30128852
14310,34002,0.11370517
14311,91235,0.45156
14312,83282,0.27749422
14313,9234,0.023622192
14314,41134,0.0022403651
14315,93411,0.130239
14316,105828,0.09915552
14317,2344,0.02563868
14318,59071,0.0017543255
14319,91179,0.43110844
14320,7306,0.4970651
14321,96680,0.012432675
14322,12191,0.2546263
14323,30913,0.74494725
14324,80699,0.35608795
14325,76463,0.15818791
14326,73498,0.27749422
14327,92345,0.014701023
14328,3238,0.72160727
14329,16323,0.0026344175
14330,101687,0.74846315
14331,54159,0.72160727
14332,106460,0.7441965
14333,85668,0.74494725
14334,70699,0.0014949897
14335,39462,0.0050961734
14336,17145,0.003506253
14337,24218,0.014554813
14338,19855,0.7301842
14339,103425,0.6280348
14340,50094,0.008272674
14341,67732,0.044453148
14342,46398,0.26892516
14343,72812,0.01949502
14344,76216,0.0023432851
14345,91227,0.7097762
14346,47924,0.55566055
14347,12561,0.0027673258
14348,44494,0.09206185
14349,45225,0.43110844
14350,31350,0.12004472
14351,82539,0.0011439382
14352,85223,0.15818791
14353,112576,0.77919436
14354,83932,0.013807404
14355,19767,0.04448573
14356,1559,0.03229053
14357,25870,0.26892516
14358,26183,0.009799146
14359,58629,0.53810483
14360,70863,0.08740155
14361,90570,0.005177455
14362,29746,0.0030383551
14363,16815,0.0047180266
14364,11651,0.11389515
14365,64034,0.0020787863
14366,14975,0.003516392
14367,77289,0.008391639
14368,36197,0.008400035
14369,46949,0.15363966
14370,97306,0.09289784
14371,91731,0.012002181
14372,94852,0.55566055
14373,3373,0.018870147
14374,63685,0.011888598
14375,40931,0.011176977
14376,56422,0.009740188
14377,20306,0.0072224718
14378,1961,0.27979872
14379,83501,0.003420309
14380,101745,0.15818791
14381,3768,0.0053013843
14382,41203,0.00091765885
14383,103061,0.1225767
14384,91358,0.74877614
14385,113985,0.003036263
14386,50161,0.0022936098
14387,105410,0.01848904
14388,71479,0.0029380356
14389,93712,0.022602122
14390,34042,0.011802132
14391,102224,0.012002181
14392,53019,0.36701018
14393,41277,0.8468055
14394,103550,0.5011023
14395,41111,0.025043614
14396,67435,0.12560762
14397,76651,0.27749422
14398,105112,0.03961124
14399,78191,0.0016265064
14400,2196,0.056464992
14401,99680,0.009044813
14402,15439,0.0018147323
14403,31423,0.03099253
14404,41342,0.63145876
14405,43529,0.8914037
14406,100248,0.0008068102
14407,110117,0.0047591394
14408,52857,0.00548509
14409,32093,0.5199695
14410,114477,0.008902982
14411,56862,0.55566055
14412,47156,0.00071399944
14413,51733,0.2822489
14414,40228,0.43110844
14415,91495,0.003335049
14416,16579,0.00064785563
14417,87057,0.45885867
14418,105093,0.77919436
14419,80390,0.82282555
14420,46867,0.0036846043
14421,26850,0.03099253
14422,69597,0.0028512813
14423,77337,0.003239281
14424,38938,0.0045679715
14425,109106,0.46023482
14426,99183,0.72105354
14427,71008,0.009447622
14428,44782,0.007219344
14429,96633,0.012002181
14430,106040,0.0066555766
14431,12858,0.0043706517
14432,34232,0.5199695
14433,3056,0.003663082
14434,37646,0.26892516
14435,7078,0.0010964359
14436,21040,0.0027739054
14437,85963,0.025855036
14438,25331,0.07216779
14439,43536,0.0054378104
14440,83055,0.56254977
14441,102281,0.35608795
14442,49088,0.8936748
14443,75918,0.012002181
14444,83564,0.003196823
14445,19472,0.56254977
14446,115027,0.003978372
14447,45740,0.0149943875
14448,62163,0.088731185
14449,1864,0.016219283
14450,73700,0.27749422
14451,72189,0.016420258
14452,73587,0.08600482
14453,59901,0.7925452
14454,74107,0.8879259
14455,11893,0.0020977086
14456,98394,0.5011023
14457,113449,0.9176348
14458,43184,0.0040668724
14459,30382,0.53810483
14460,38445,0.003542239
14461,58061,0.55566055
14462,46669,0.0014089375
14463,70891,0.008680334
14464,85343,0.30878732
14465,113826,0.6995444
14466,16564,0.0035592725
14467,65504,0.0042927815
14468,62888,0.03439601
14469,31571,0.014844237
14470,71063,0.030930972
14471,15567,0.89984685
14472,7698,0.00760267
14473,3731,0.041290887
14474,63995,0.8868853
14475,37109,0.049658116
14476,102914,0.740201
14477,24566,0.0035905032
14478,97640,0.7097762
14479,32244,0.033672586
14480,66073,0.003239281
14481,30390,0.53810483
14482,111505,0.0065125637
14483,108825,0.0015869326
14484,95150,0.0013004929
14485,23554,0.05535128
14486,40707,0.5606325
14487,92167,0.74877614
14488,104864,0.09814842
14489,67194,0.016420258
14490,55015,0.006785377
14491,56513,0.55566055
14492,70523,0.43110844
14493,15952,0.8768206
14494,40429,0.015186552
14495,81030,0.42777395
14496,8868,0.037215818
14497,68852,0.27749422
14498,78333,0.09362373
14499,15490,0.00058296666
14500,8159,0.002541684
14501,90534,0.44101527
14502,22185,0.023896458
14503,86479,0.27749422
14504,97619,0.002346441
14505,96393,0.8824114
14506,83277,0.013700311
14507,31257,0.5755221
14508,105386,0.07007005
14509,88658,0.17198539
14510,111221,0.028317085
14511,79720,0.36090043
14512,53529,0.35608795
14513,64542,0.0027706402
14514,33473,0.014545979
14515,102080,0.87290287
14516,44875,0.020251123
14517,32445,0.0020821602
14518,107065,0.0013610823
14519,111990,0.012432675
14520,580,0.45156
14521,80119,0.09362373
14522,108428,0.56768835
14523,84656,0.32012954
14524,24965,0.007727845
14525,105704,0.012002181
14526,4681,0.008129198
14527,79493,0.44110775
14528,63014,0.05044148
14529,23449,0.020053644
14530,36025,0.72160727
14531,54618,0.0078864945
14532,71036,0.74877614
14533,5390,0.018435312
14534,74978,0.56254977
14535,72076,0.5484025
14536,99234,0.005093087
14537,1025,0.018435312
14538,26683,0.015104119
14539,71123,0.003233874
14540,32832,0.03099253
14541,61542,0.085774526
14542,23535,0.0038353244
14543,70457,0.17259738
14544,76182,0.015073597
14545,63048,0.03099253
14546,50219,0.088731185
14547,52832,0.009622768
14548,92751,0.72432643
14549,309,0.0014581333
14550,69440,0.16055575
14551,71293,0.009660781
14552,77874,0.4507486
14553,19662,0.013796189
14554,15281,0.012338204
14555,113384,0.17220894
14556,5600,0.013899941
14557,8878,0.0017832587
14558,9342,0.028769374
14559,110755,0.013700311
14560,27477,0.021939708
14561,56411,0.019553421
14562,28493,0.0039808084
14563,14708,0.0051933452
14564,30826,0.011492445
14565,14794,0.014454074
14566,92239,0.9462083
14567,83517,0.0010354024
14568,15799,0.6107574
14569,99818,0.53578204
14570,87707,0.74877614
14571,114105,0.25228143
14572,29205,0.05849908
14573,106861,0.06917938
14574,94763,0.02801549
14575,90733,0.0072606807
14576,85351,0.0012583889
14577,48803,0.06481052
14578,38446,0.6469486
14579,11096,0.004469963
14580,55842,0.8396209
14581,67773,0.029607145
14582,37612,0.4302455
14583,66674,0.47291863
14584,31601,0.6280348
14585,109621,0.0030181173
14586,15055,0.009766863
14587,17680,0.0067174225
14588,83024,0.0011652207
14589,39457,0.009535437
14590,60702,0.014701023
14591,39023,0.04300701
14592,30684,0.036068562
14593,41979,0.7343914
14594,34608,0.8468055
14595,38975,0.00091765885
14596,33959,0.74494725
14597,113696,0.0020472002
14598,86108,0.7594703
14599,42269,0.07216779
14600,12294,0.051114213
14601,34893,0.0015565591
14602,17356,0.0008896225
14603,84130,0.27749422
14604,113360,0.6995444
14605,94304,0.001678693
14606,40644,0.03680123
14607,18827,0.0016614499
14608,12761,0.0033344163
14609,31137,0.53810483
14610,24043,0.03099253
14611,98194,0.6340124
14612,78472,0.08630488
14613,26408,0.008565697
14614,47385,0.059736237
14615,61968,0.046264153
14616,80943,0.03961124
14617,95462,0.2530429
14618,7192,0.0025044482
14619,68481,0.4507486
14620,100815,0.0032679527
14621,75251,0.003239281
14622,42136,0.14311104
14623,109782,0.94198054
14624,108241,0.5011023
14625,108487,0.74846315
14626,109725,0.004291899
14627,77313,0.495904
14628,52231,0.43110844
14629,18437,0.003099
14630,88883,0.45156
14631,83651,0.55050915
14632,56288,0.0036637278
14633,68212,0.07507838
14634,94925,0.004236326
14635,101284,0.5011023
14636,95543,0.372094
14637,88696,0.014154177
14638,89297,0.15818791
14639,80728,0.003831475
14640,54115,0.056531325
14641,18999,0.00091765885
14642,38855,0.00091765885
14643,51499,0.008123929
14644,54535,0.00363509
14645,103170,0.08626652
14646,17496,0.00082599116
14647,53650,0.53810483
14648,74186,0.32012954
14649,7784,0.78245246
14650,75932,0.060719058
14651,11770,0.003038205
14652,28034,0.001632071
14653,108551,0.066196755
14654,18021,0.00088955095
14655,89787,0.008029135
14656,50837,0.09965071
14657,79338,0.0028778047
14658,74841,0.008226825
14659,49748,0.09965071
14660,110740,0.5122181
14661,10535,0.1682248
14662,8346,0.0031057913
14663,62232,0.15818791
14664,213,0.00091765885
14665,79183,0.78680277
14666,35072,0.108545765
14667,9634,0.7994104
14668,48164,0.0020691345
14669,83119,0.0010137559
14670,88091,0.27749422
14671,19424,0.011914646
14672,13978,0.0067486577
14673,48709,0.13743125
14674,113437,0.020928299
14675,91767,0.042873587
14676,92076,0.04425876
14677,104681,0.44101527
14678,112447,0.72174394
14679,26684,0.19536862
14680,18130,0.038288545
14681,54832,0.5564428
14682,16391,0.00876299
14683,51963,0.027765898
14684,102293,0.61112845
14685,97938,0.008153525
14686,73984,0.7957864
14687,70651,0.0058888406
14688,94663,0.0039137322
14689,9816,0.12032117
14690,60821,0.56254977
14691,89134,0.74877614
14692,37039,0.5564428
14693,75296,0.039854746
14694,87077,0.8396209
14695,89589,0.00442356
14696,101943,0.7944973
14697,28398,0.35608795
14698,15802,0.004251471
14699,32578,0.007886621
14700,55171,0.015645478
14701,27712,0.07538775
14702,32341,0.006315681
14703,24270,0.026034497
14704,71141,0.27749422
14705,69634,0.27749422
14706,86678,0.03341093
14707,26137,0.029409917
14708,50978,0.024851007
14709,70265,0.008000897
14710,81881,0.012002181
14711,70973,0.0013665218
14712,78090,0.4176834
14713,98395,0.36841956
14714,68639,0.088731185
14715,39711,0.0055080983
14716,89142,0.013729459
14717,105134,0.09289784
14718,41694,0.03099253
14719,99371,0.04701498
14720,12718,0.20979106
14721,56216,0.53810483
14722,4561,0.0034078248
14723,39453,0.00134231
14724,98296,0.77243835
14725,15297,0.3298967
14726,35741,0.72160727
14727,14584,0.0046711047
14728,38843,0.70115733
14729,47255,0.58656245
14730,9768,0.008628758
14731,30418,0.012202631
14732,83312,0.0018368154
14733,52722,0.009914719
14734,19821,0.8396209
14735,66228,0.005658875
14736,92920,0.4510593
14737,96960,0.0028269968
14738,73042,0.29464185
14739,28889,0.3138417
14740,115433,0.0009910365
14741,44702,0.059736237
14742,7892,0.020802634
14743,7363,0.12782732
14744,70400,0.19536862
14745,2124,0.023296796
14746,6692,0.09586386
14747,68763,0.27749422
14748,105608,0.0032679527
14749,59583,0.5564428
14750,71052,0.014047008
14751,48016,0.0317174
14752,67733,0.8057522
14753,67539,0.0027706402
14754,65369,0.8879259
14755,30917,0.014154177
14756,12382,0.05099023
14757,99560,0.03568665
14758,61470,0.013700311
14759,109459,0.028317085
14760,77157,0.0437584
14761,44924,0.019832386
14762,34613,0.0072224718
14763,56444,0.6405128
14764,90956,0.74877614
14765,67461,0.012002181
14766,110249,0.020892661
14767,15491,0.0018082673
14768,89014,0.0057688747
14769,115192,0.023579964
14770,20559,0.7247438
14771,107708,0.014014389
14772,65644,0.01117166
14773,25911,0.0069701094
14774,100252,0.051573187
14775,98304,0.002702325
14776,8519,0.014672042
14777,24640,0.0910583
14778,43809,0.35608795
14779,91272,0.30642673
14780,115861,0.64803004
14781,82429,0.008381444
14782,47087,0.8914037
14783,104257,0.46357763
14784,59816,0.003104327
14785,77623,0.008456848
14786,6898,0.01928867
14787,12206,0.9048831
14788,71721,0.2836866
14789,12302,0.0140053965
14790,5932,0.0015517422
14791,42104,0.029409917
14792,87740,0.44101527
14793,9779,0.9111446
14794,89149,0.0040634377
14795,13086,0.0017000175
14796,898,0.042468343
14797,78362,0.02464585
14798,14684,0.45156
14799,52942,0.5199695
14800,88900,0.76863915
14801,7432,0.26356134
14802,84674,0.0036433842
14803,38728,0.0022403651
14804,8670,0.014625275
14805,105455,0.07071406
14806,75900,0.019717583
14807,55113,0.0025078407
14808,108408,0.022487141
14809,54426,0.027627464
14810,72787,0.03323246
14811,63207,0.61112845
14812,69572,0.74877614
14813,27544,0.26892516
14814,39057,0.0033862928
14815,45567,0.01099337
14816,57672,0.021796137
14817,46120,0.0017076569
14818,79581,0.11230865
14819,94899,0.7130009
14820,96193,0.014425789
14821,635,0.006657913
14822,35626,0.09965071
14823,94656,0.45156
14824,28487,0.33401656
14825,11792,0.049987886
14826,103627,0.18905212
14827,99867,0.45784926
14828,1259,0.7994104
14829,25077,0.010582719
14830,96329,0.30316836
14831,49446,0.0012627309
14832,89995,0.009821194
14833,63872,0.0061001605
14834,5359,0.02432706
14835,49666,0.0008271332
14836,63499,0.011674052
14837,25354,0.03099253
14838,4920,0.009944297
14839,713,0.0088229105
14840,55341,0.029510276
14841,112712,0.056546714
14842,51137,0.0053899353
14843,72218,0.0031818815
14844,49527,0.9778024
14845,85070,0.27749422
14846,65358,0.0037628284
14847,6807,0.011539402
14848,2130,0.025777487
14849,3739,0.0035017824
14850,53212,0.0012634697
14851,16013,0.002076534
14852,69590,0.6405128
14853,112724,0.022487141
14854,67669,0.012553341
14855,12501,0.00876299
14856,59554,0.008425987
14857,32015,0.25401485
14858,103130,0.014626704
14859,112161,0.10051316
14860,114103,0.003913944
14861,58381,0.0022936098
14862,99026,0.9090349
14863,24648,0.0008226301
14864,55061,0.022337878
14865,52931,0.25401485
14866,11634,0.018435312
14867,3644,0.75017023
14868,50709,0.005421225
14869,66644,0.02467474
14870,53249,0.55566055
14871,1238,0.01858439
14872,89837,0.0071068383
14873,78071,0.021721026
14874,67059,0.43110844
14875,110795,0.0034818735
14876,28848,0.55566055
14877,73762,0.012002181
14878,59959,0.01142067
14879,93430,0.72105354
14880,51175,0.060939007
14881,73776,0.0070988345
14882,20657,0.0011743988
14883,71372,0.2836866
14884,104783,0.0015015611
14885,3221,0.01793462
14886,110222,0.21409437
14887,43961,0.32017073
14888,49632,0.56254977
14889,68697,0.32012954
14890,98944,0.030523187
14891,99951,0.10486494
14892,21097,0.34302473
14893,94816,0.53810483
14894,79390,0.015401844
14895,17793,0.0056229522
14896,88872,0.009504566
14897,80145,0.27749422
14898,40740,0.04124904
14899,36384,0.0020691345
14900,104948,0.7944973
14901,51609,0.02329308
14902,71147,0.83036745
14903,90577,0.42777395
14904,40009,0.008848417
14905,85883,0.012809258
14906,26425,0.89157546
14907,106423,0.56768835
14908,29339,0.006995052
14909,50253,0.27065274
14910,92081,0.03961124
14911,43936,0.8648343
14912,17857,0.01556054
14913,82525,0.7174389
14914,52015,0.00091765885
14915,52149,0.35608795
14916,50994,0.0022936098
14917,102031,0.372094
14918,68895,0.7819136
14919,31954,0.55566055
14920,55956,0.08743773
14921,103208,0.8073558
14922,50440,0.70096636
14923,15881,0.35608795
14924,102531,0.00915058
14925,35150,0.55566055
14926,12673,0.0018786875
14927,2900,0.056464992
14928,52867,0.0063888356
14929,17200,0.0040839636
14930,105761,0.7944973
14931,21648,0.008039437
14932,24022,0.43110844
14933,45634,0.121702746
14934,105441,0.05137214
14935,115363,0.008434186
14936,47609,0.11021283
14937,10575,0.7505345
14938,12674,0.05849908
14939,9172,0.002564191
14940,86514,0.011710955
14941,37829,0.5564428
14942,63578,0.019717583
14943,58087,0.0602134
14944,21210,0.79774404
14945,87979,0.006816271
14946,69169,0.70096636
14947,88688,0.1880922
14948,31878,0.0008899842
14949,71356,0.2836866
14950,79008,0.051835634
14951,13292,0.007013881
14952,98382,0.001730493
14953,70287,0.35608795
14954,101918,0.04434059
14955,3587,0.0036918882
14956,34821,0.56254977
14957,76181,0.008077423
14958,82015,0.020275285
14959,44703,0.004628167
14960,22388,0.2648518
14961,104885,0.010700116
14962,113365,0.8073558
14963,77796,0.005686853
14964,52874,0.07221661
14965,88489,0.57717556
14966,11356,0.15794931
14967,106227,0.012002181
14968,89936,0.008226825
14969,15575,0.056531325
14970,3709,0.05119207
14971,90528,0.0048858784
14972,23331,0.17259738
14973,41120,0.014973894
14974,32500,0.00095277163
14975,47757,0.038121182
14976,96094,0.0012661996
14977,58385,0.78680277
14978,113531,0.014014389
14979,51231,0.013443867
14980,76691,0.71711034
14981,68691,0.027048852
14982,18031,0.002508714
14983,112130,0.0026668606
14984,108756,0.44110775
14985,36452,0.15691328
14986,12753,0.006782405
14987,96076,0.108409755
14988,109910,0.032859575
14989,42814,0.35608795
14990,27569,0.26892516
14991,5701,0.09586386
14992,36409,0.63145876
14993,40649,0.419689
14994,38579,0.5199695
14995,96781,0.44110775
14996,58961,0.0004321626
14997,49454,0.12032117
14998,86463,0.015452289
14999,60077,0.119551316
15000,44005,0.18321465
15001,72250,0.0149367405
15002,98917,0.060186855
15003,69255,0.76863915
15004,37972,0.0038888091
15005,44337,0.004628167
15006,33982,0.34026608
15007,49572,0.56254977
15008,80131,0.009821194
15009,56627,0.00915058
15010,91637,0.0031168761
15011,99976,0.039952558
15012,58335,0.21633714
15013,3005,0.0037616396
15014,81109,0.014154177
15015,8535,0.0053929505
15016,69866,0.005721549
15017,7903,0.0038968078
15018,109414,0.44101527
15019,110152,0.00094654656
15020,80053,0.0017241596
15021,85841,0.009459352
15022,47128,0.008841077
15023,112237,0.53810483
15024,42865,0.0038474202
15025,23949,0.035107564
15026,70175,0.011207468
15027,80907,0.08630488
15028,55990,0.53810483
15029,83881,0.008987607
15030,48138,0.02407116
15031,3459,0.021069754
15032,26091,0.07216779
15033,82939,0.013700311
15034,31251,0.43110844
15035,56947,0.015526401
15036,58599,0.74877614
15037,27010,0.8432887
15038,7864,0.02281438
15039,97669,0.44101527
15040,72506,0.014701023
15041,25672,0.0028463928
15042,87839,0.0971376
15043,84644,0.15818791
15044,104057,0.009081299
15045,81570,0.005591545
15046,82221,0.44101527
15047,44029,0.0009023917
15048,7993,0.00277751
15049,78699,0.003104327
15050,55189,0.014545979
15051,110731,0.6390343
15052,85929,0.0021450357
15053,15678,0.0034411503
15054,83118,0.00770996
15055,83229,0.43110844
15056,71782,0.63145876
15057,106596,0.004019283
15058,33192,0.70096636
15059,28298,0.008841077
15060,58984,0.03282763
15061,63391,0.0034332157
15062,15390,0.01683372
15063,7397,0.13387792
15064,70997,0.012002181
15065,12893,0.03541201
15066,73463,0.017926535
15067,106860,0.019274076
15068,107298,0.050366532
15069,57669,0.051835634
15070,25985,0.026034497
15071,103769,0.052574415
15072,90588,0.35608795
15073,108602,0.77243835
15074,77562,0.76863915
15075,84318,0.45156
15076,78654,0.014450358
15077,102065,0.010217195
15078,60101,0.009464335
15079,71345,0.017814565
15080,39869,0.09965071
15081,6038,0.0022538847
15082,54192,0.18089549
15083,52508,0.088731185
15084,61465,0.012002181
15085,115230,0.29656625
15086,109593,0.0024904737
15087,86075,0.43110844
15088,12291,0.8468055
15089,57290,0.006974203
15090,18785,0.033046506
15091,32183,0.55566055
15092,110984,0.44110775
15093,72070,0.088092454
15094,65850,0.0022693165
15095,41056,0.21399297
15096,19443,0.22401266
15097,17459,0.0008896225
15098,66820,0.80425173
15099,55388,0.003743473
15100,87871,0.14047155
15101,97609,0.00609823
15102,77741,0.035288915
15103,59395,0.7957864
15104,32468,0.72160727
15105,115383,0.0018748583
15106,2850,0.42486593
15107,7263,0.11389515
15108,109934,0.0014403523
15109,52368,0.011323429
15110,6846,0.9367154
15111,40109,0.033860613
15112,23117,0.0019094578
15113,114241,0.010113121
15114,100961,0.021106303
15115,92097,0.8648343
15116,90826,0.74877614
15117,41261,0.03099253
15118,71308,0.004339223
15119,112517,0.006389559
15120,10101,0.21079108
15121,25851,0.008841077
15122,95668,0.019491706
15123,2814,0.0630845
15124,47961,0.0104097435
15125,108724,0.020164054
15126,62917,0.7174389
15127,33343,0.72160727
15128,18495,0.89857846
15129,87000,0.03341093
15130,62809,0.004768465
15131,35030,0.25401485
15132,49503,0.56254977
15133,111428,0.0025205703
15134,107171,0.0028024404
15135,2181,0.03369971
15136,45312,0.007727845
15137,51161,0.053762197
15138,1336,0.14979403
15139,105988,0.008977496
15140,74030,0.088731185
15141,52949,0.052479275
15142,51149,0.58656245
15143,67521,0.009535437
15144,87670,0.5424639
15145,82682,0.18866682
15146,114547,0.006410767
15147,19529,0.0021271787
15148,84025,0.01683058
15149,79141,0.45156
15150,101771,0.0045067067
15151,99778,0.017257174
15152,47686,0.03099253
15153,55040,0.036068562
15154,19675,0.0022931537
15155,13305,0.51799
15156,1516,0.004469167
15157,24980,0.055423293
15158,91223,0.007938494
15159,61919,0.032658096
15160,52748,0.005964554
15161,12550,0.0020977086
15162,67590,0.42777395
15163,18461,0.0016648584
15164,86889,0.0021735933
15165,79,0.004601814
15166,11294,0.010232628
15167,56076,0.005214087
15168,82816,0.690318
15169,109715,0.5122181
15170,26407,0.26892516
15171,48962,0.007419711
15172,15072,0.033046506
15173,113252,0.021619694
15174,100880,0.004288601
15175,84063,0.8468055
15176,67253,0.83036745
15177,92958,0.27749422
15178,114269,0.15127341
15179,110793,0.0048570097
15180,86621,0.27749422
15181,9298,0.016219283
15182,89162,0.07418069
15183,108716,0.5448597
15184,49880,0.04448573
15185,46252,0.023105735
15186,105684,0.001887642
15187,61589,0.009464335
15188,66321,0.019603891
15189,64541,0.001775012
15190,16955,0.0007445017
15191,80135,0.44110775
15192,58390,0.008013377
15193,21935,0.18977284
15194,40832,0.5746138
15195,9045,0.015672753
15196,35650,0.009914719
15197,8390,0.022204941
15198,1005,0.14979403
15199,70587,0.0032679527
15200,89996,0.031761862
15201,75440,0.2836866
15202,15759,0.8257141
15203,71385,0.27749422
15204,69462,0.019582907
15205,19936,0.032091264
15206,2962,0.1719441
15207,90547,0.44110775
15208,15572,0.002319004
15209,30112,0.0050863167
15210,46658,0.20995115
15211,72545,0.013700311
15212,41137,0.001234053
15213,105132,0.4507486
15214,52799,0.0074348236
15215,22917,0.0061077164
15216,58209,0.28651854
15217,58113,0.0067262887
15218,60401,0.012339651
15219,100530,0.010471917
15220,99122,0.04631971
15221,51480,0.066770196
15222,110189,0.8073558
15223,36108,0.0025241396
15224,21231,0.35608795
15225,83323,0.08465098
15226,61774,0.038220257
15227,53143,0.024497937
15228,78685,0.01117166
15229,85267,0.012002181
15230,36118,0.8936748
15231,59929,0.74494725
15232,65715,0.0011867129
15233,12724,0.35555658
15234,52433,0.01886504
15235,95337,0.8824114
15236,95919,0.80451345
15237,93072,0.020262778
15238,58769,0.003395497
15239,35490,0.47511256
15240,62771,0.086484276
15241,23045,0.00447416
15242,52384,0.021896193
15243,60152,0.8396209
15244,113241,0.008381444
15245,28151,0.0047856807
15246,48411,0.022337878
15247,14238,0.0061873607
15248,34247,0.53810483
15249,72541,0.018479854
15250,108710,0.740201
15251,109957,0.020892661
15252,6470,0.06396572
15253,67637,0.0039794017
15254,104542,0.77919436
15255,56191,0.55566055
15256,62664,0.03099253
15257,36240,0.8396209
15258,40989,0.0035117555
15259,63545,0.0070633707
15260,17589,0.033737633
15261,1504,0.0062317816
15262,39624,0.3566565
15263,31790,0.53810483
15264,107218,0.0374042
15265,46624,0.0008271332
15266,100987,0.58310384
15267,38322,0.45156
15268,57656,0.56254977
15269,18119,0.70096636
15270,55412,0.027543819
15271,59858,0.012704579
15272,85421,0.002865643
15273,100503,0.04640792
15274,91651,0.0036823626
15275,92596,0.74877614
15276,66313,0.016420258
15277,20502,0.2648518
15278,12068,0.51799
15279,7913,0.011539402
15280,93834,0.012002181
15281,58760,0.2530429
15282,114344,0.003287417
15283,55884,0.61112845
15284,12172,0.005287254
15285,7456,0.00374704
15286,84897,0.013729459
15287,4751,0.95720786
15288,88070,0.0317174
15289,64745,0.0032679527
15290,53232,0.97338665
15291,99765,0.010203057
15292,95764,0.04789303
15293,13535,0.041528445
15294,5609,0.0025292207
15295,105800,0.44110775
15296,96694,0.013437039
15297,65691,0.008077423
15298,108849,0.08858467
15299,15241,0.0334475
15300,39240,0.58656245
15301,109807,0.024968652
15302,61537,0.019352378
15303,70989,0.088731185
15304,110280,0.014604926
15305,27795,0.4679668
15306,44918,0.03099253
15307,11548,0.20886254
15308,34336,0.70096636
15309,59598,0.0014844474
15310,3341,0.006992625
15311,4321,0.5952976
15312,45245,0.0011041005
15313,80788,0.26296425
15314,55303,0.2822489
15315,33147,0.0021450357
15316,109633,0.0027149015
15317,15722,0.0005638567
15318,58936,0.55566055
15319,57417,0.022721378
15320,63818,0.004751124
15321,53438,0.094844714
15322,109942,0.0076844436
15323,37356,0.36468148
15324,66628,0.0038991245
15325,1647,0.3589251
15326,65819,0.008425987
15327,86677,0.00797546
15328,33765,0.005046422
15329,2661,0.8120551
15330,29093,0.021219041
15331,51972,0.00852916
15332,84508,0.013700311
15333,106854,0.010560245
15334,71742,0.020613858
15335,102142,0.012432675
15336,61870,0.0034986157
15337,68634,0.09362373
15338,31357,0.80551404
15339,40425,0.00092659536
15340,97400,0.015452289
15341,84103,0.28655696
15342,16961,0.002758429
15343,37811,0.006086954
15344,108683,0.009818937
15345,95193,0.7130009
15346,115871,0.6280348
15347,57344,0.022337878
15348,56155,0.009250844
15349,56067,0.53810483
15350,39537,0.029409917
15351,102061,0.15818791
15352,101932,0.004141942
15353,44527,0.007727845
15354,79575,0.58656245
15355,2554,0.005617668
15356,34564,0.013983658
15357,38734,0.3138417
15358,43190,0.8914037
15359,79674,0.45156
15360,92405,0.19621511
15361,11849,0.0014443204
15362,50521,0.0026298272
15363,9010,0.011587429
15364,83316,0.0016704623
15365,45492,0.0056391726
15366,54821,0.008787889
15367,6813,0.0055993847
15368,12162,0.0013856837
15369,3482,0.61648524
15370,79367,0.2836866
15371,33471,0.53810483
15372,52705,0.008682234
15373,35416,0.70096636
15374,85492,0.0066555766
15375,64338,0.013776835
15376,18469,0.0006426628
15377,63115,0.43110844
15378,69053,0.78680277
15379,90962,0.82282555
15380,112214,0.0038894115
15381,85868,0.56254977
15382,112822,0.04182734
15383,3473,0.34622553
15384,63447,0.56254977
15385,3066,0.0036918882
15386,42838,0.0010573847
15387,110725,0.0049389508
15388,42635,0.35608795
15389,94029,0.007679703
15390,40280,0.12196414
15391,26886,0.25401485
15392,79202,0.005370553
15393,60884,0.74877614
15394,98789,0.0073938603
15395,87717,0.8141845
15396,12993,0.92601115
15397,102390,0.1299669
15398,62264,0.031913612
15399,59803,0.006009104
15400,88992,0.0033274149
15401,45452,0.0046639293
15402,13946,0.0089242635
15403,6697,0.01928867
15404,63918,0.01098501
15405,32727,0.5564428
15406,2328,0.04696022
15407,39564,0.07216779
15408,87938,0.6279071
15409,94485,0.08855862
15410,93760,0.5011023
15411,36164,0.029510276
15412,89340,0.20928882
15413,91090,0.051533327
15414,57401,0.005964554
15415,12492,0.040695027
15416,97629,0.0023994083
15417,103727,0.07566956
15418,36003,0.8396209
15419,91853,0.038123
15420,23405,0.029510276
15421,74204,0.0806475
15422,83948,0.44110775
15423,71538,0.27749422
15424,35699,0.00071399944
15425,39790,0.0011376922
15426,14563,0.37093005
15427,56079,0.78680277
15428,55136,0.72160727
15429,44225,0.020511726
15430,56681,0.028701415
15431,47031,0.0025428557
15432,52708,0.43110844
15433,80827,0.0034332157
15434,56922,0.27065274
15435,90987,0.0017680066
15436,22391,0.07242178
15437,75798,0.78680277
15438,15632,0.005003115
15439,110434,0.44101527
15440,10766,0.7464647
15441,111835,0.6280348
15442,41253,0.45818773
15443,49834,0.004749003
15444,68305,0.088731185
15445,73176,0.012549594
15446,1399,0.09586386
15447,96163,0.44110775
15448,26161,0.0029157044
15449,12816,0.0047443956
15450,69851,0.7317938
15451,75383,0.78680277
15452,109816,0.053515818
15453,71199,0.0028737192
15454,67480,0.03052559
15455,2359,0.00072498224
15456,47043,0.026034497
15457,31381,0.006320486
15458,53856,0.7925452
15459,92132,0.04640792
15460,11158,0.63869727
15461,84946,0.0011767409
15462,55001,0.8396209
15463,38695,0.007034591
15464,64921,0.026923718
15465,6474,0.038467743
15466,82612,0.7174389
15467,57829,0.36701018
15468,87721,0.74877614
15469,7742,0.2528048
15470,100477,0.74846315
15471,45557,0.0028157881
15472,113395,0.0065125637
15473,83652,0.0072000367
15474,95411,0.0016549306
15475,73319,0.011207468
15476,73953,0.003564307
15477,67102,0.32017073
15478,57324,0.003335049
15479,61449,0.0019645856
15480,56320,0.0018999848
15481,35672,0.022665402
15482,102384,0.7957864
15483,26537,0.07043272
15484,104731,0.44101527
15485,51843,0.029865768
15486,110618,0.023465876
15487,95348,0.76863915
15488,29141,0.006662626
15489,103562,0.0061949333
15490,98767,0.014701023
15491,17001,0.0061814613
15492,50169,0.5199695
15493,71837,0.009914719
15494,3438,0.01825987
15495,46766,0.26892516
15496,5524,0.0016905223
15497,30898,0.8571322
15498,82198,0.0014390531
15499,91306,0.6504956
15500,56083,0.06634896
15501,41856,0.02687968
15502,98068,0.0032679527
15503,65647,0.020351838
15504,17858,0.0006426628
15505,70058,0.5564428
15506,52602,0.2836866
15507,65913,0.009504019
15508,68180,0.007361211
15509,107205,0.036836438
15510,81449,0.020461332
15511,106017,0.0034639814
15512,115801,0.03638866
15513,45128,0.4510593
15514,20150,0.033737633
15515,12806,0.0058611413
15516,86541,0.012738746
15517,83178,0.0010007375
15518,94162,0.15818791
15519,32686,0.0099509
15520,59353,0.34026608
15521,74772,0.003239281
15522,71413,0.011207468
15523,27962,0.0008271332
15524,42739,0.8615252
15525,31950,0.03099253
15526,103775,0.088731185
15527,27713,0.26892516
15528,57571,0.34026608
15529,87218,0.0015818382
15530,93892,0.5011023
15531,24762,0.3860109
15532,50419,0.43110844
15533,94045,0.003092922
15534,14244,0.6221493
15535,51482,0.2822489
15536,54204,0.7925452
15537,16963,0.7603118
15538,108322,0.17220894
15539,59298,0.53578204
15540,20455,0.04653949
15541,28518,0.70096636
15542,78914,0.049856868
15543,58763,0.9707079
15544,37088,0.0023386278
15545,52,0.094226286
15546,70003,0.00063333486
15547,11258,0.019091947
15548,78548,0.0011527522
15549,89685,0.00797546
15550,81714,0.0092733875
15551,35888,0.70096636
15552,95209,0.0035380388
15553,76066,0.0528735
15554,4414,0.11021283
15555,113952,0.6995444
15556,74564,0.019717583
15557,42785,0.03099253
15558,39605,0.9831718
15559,83399,0.00095569727
15560,72933,0.015073597
15561,15697,0.35608795
15562,86378,0.27749422
15563,54704,0.005964554
15564,17840,0.008561134
15565,114028,0.9210475
15566,59358,0.7957864
15567,81116,0.0012628813
15568,79614,0.58656245
15569,84015,0.06675977
15570,84086,0.15818791
15571,64481,0.8470514
15572,54872,0.007680329
15573,27144,0.63145876
15574,115309,0.0015398748
15575,3074,0.02563868
15576,38061,0.0011109144
15577,66042,0.0010746476
15578,28136,0.4679668
15579,71761,0.009523282
15580,20014,0.0009760732
15581,114067,0.30226132
15582,41352,0.005907226
15583,65125,0.009044813
15584,97739,0.8824114
15585,98832,0.03961124
15586,109951,0.28763485
15587,31133,0.008011415
15588,90984,0.43963388
15589,54108,0.55566055
15590,111608,0.04631971
15591,76907,0.018365085
15592,87193,0.07495417
15593,64417,0.019717583
15594,13587,0.0029855543
15595,29319,0.012131136
15596,219,0.0014473557
15597,26677,0.26892516
15598,12779,0.6580221
15599,111395,0.44110775
15600,77752,0.0019729873
15601,112137,0.0030975966
15602,82856,0.012002181
15603,29184,0.044345856
15604,93494,0.009507862
15605,106136,0.020075282
15606,55595,0.55566055
15607,58774,0.0036480853
15608,15647,0.00999142
15609,20500,0.5564399
15610,49390,0.046264153
15611,3595,0.0028678635
15612,1319,0.011986613
15613,25132,0.0026181354
15614,60601,0.0074325367
15615,73360,0.0036433842
15616,51357,0.0059171664
15617,44570,0.21629374
15618,47577,0.00091765885
15619,50623,0.009902916
15620,21733,0.56254977
15621,63747,0.5470303
15622,29222,0.38217098
15623,97481,0.7097762
15624,59135,0.025081212
15625,84987,0.0049660774
15626,23364,0.0024028176
15627,27424,0.74494725
15628,2786,0.043278795
15629,13996,0.10426952
15630,54257,0.0078108576
15631,58684,0.013806092
15632,63043,0.03455544
15633,68961,0.56254977
15634,46535,0.0022865096
15635,9484,0.0048206453
15636,109594,0.28550902
15637,18595,0.6469486
15638,25822,0.03099253
15639,58176,0.15818791
15640,16743,0.008456848
15641,50845,0.00071399944
15642,22085,0.93112916
15643,30412,0.0018708879
15644,42777,0.43110844
15645,107608,0.5072126
15646,56687,0.42777395
15647,72604,0.015073597
15648,26823,0.008841077
15649,97527,0.9090349
15650,18056,0.018275376
15651,104075,0.066196755
15652,91729,0.82282555
15653,115358,0.55566055
15654,44127,0.027091615
15655,61195,0.030012108
15656,87644,0.05137214
15657,80015,0.008456848
15658,101949,0.8824114
15659,63628,0.050614264
15660,16646,0.0022684755
15661,12704,0.80478853
15662,102361,0.055891003
15663,113274,0.009081299
15664,85244,0.009873006
15665,53290,0.012401631
15666,22884,0.088392474
15667,57659,0.04198013
15668,87908,0.5336217
15669,65605,0.008077423
15670,38167,0.051835634
15671,30200,0.9541735
15672,43547,0.07216779
15673,97982,0.32012954
15674,28029,0.8468055
15675,26758,0.634901
15676,33191,0.85027885
15677,37912,0.026034497
15678,85961,0.0070670433
15679,151,0.030878393
15680,43226,0.09445696
15681,37582,0.017745938
15682,104863,0.005812438
15683,60002,0.016420258
15684,71877,0.01731884
15685,41185,0.008428677
15686,69956,0.005660244
15687,59750,0.0033929888
15688,5449,0.003220168
15689,95132,0.8824114
15690,6559,0.015647262
15691,28988,0.73193103
15692,65,0.031376135
15693,40162,0.007373856
15694,38868,0.0022403651
15695,26,0.0664219
15696,11128,0.003281219
15697,84794,0.0063610356
15698,114654,0.048571948
15699,35758,0.051835634
15700,47601,0.6603064
15701,110122,0.0012871651
15702,58362,0.34026608
15703,64638,0.0014832739
15704,46108,0.53910613
15705,77900,0.56254977
15706,53245,0.013172917
15707,26540,0.35608795
15708,89510,0.088731185
15709,91698,0.012002181
15710,113926,0.010476967
15711,79357,0.5561449
15712,79956,0.43110844
15713,85947,0.088731185
15714,20105,0.0054390766
15715,49706,0.04315304
15716,61658,0.76863915
15717,54295,0.0046847276
15718,47375,0.43110844
15719,115669,0.0023932334
15720,18353,0.14580335
15721,89819,0.013729459
15722,105393,0.053036794
15723,13006,0.057290934
15724,63853,0.28655696
15725,73703,0.8396209
15726,10029,0.018435312
15727,28702,0.0020691345
15728,73608,0.012002181
15729,83766,0.007863356
15730,101013,0.5072126
15731,103112,0.014014389
15732,62974,0.0075836806
15733,14433,0.009958303
15734,96384,0.0070318934
15735,100220,0.56768835
15736,104805,0.0011096409
15737,75232,0.0049660774
15738,84686,0.27749422
15739,29885,0.09965071
15740,114261,0.0034746905
15741,66334,0.008652129
15742,11512,0.004160938
15743,48434,0.008226825
15744,4655,0.0009076418
15745,76890,0.02329308
15746,78742,0.0035871526
15747,61170,0.14999199
15748,22649,0.003099
15749,50109,0.0036823626
15750,95901,0.0028203225
15751,10124,0.13030438
15752,22602,0.056731757
15753,96970,0.57717556
15754,27467,0.55566055
15755,60043,0.013969766
15756,35066,0.003467082
15757,17092,0.0021317352
15758,35435,0.18742363
15759,69737,0.088731185
15760,115747,0.012002181
15761,2034,0.0023533069
15762,4801,0.00945983
15763,415,0.01378401
15764,108563,0.0034979843
15765,26628,0.35608795
15766,63149,0.15818791
15767,65835,0.01117166
15768,68171,0.013969766
15769,69319,0.44101527
15770,15422,0.014727596
15771,64735,0.009464335
15772,29661,0.0050840126
15773,24034,0.059736237
15774,5439,0.15961999
15775,57747,0.004820085
15776,19633,0.071641326
15777,81472,0.15818791
15778,63580,0.00446479
15779,57777,0.008110986
15780,64857,0.006224333
15781,58347,0.03712462
15782,30246,0.55566055
15783,95653,0.44101527
15784,113215,0.0040570768
15785,60322,0.8048408
15786,50453,0.49455416
15787,8235,0.018435312
15788,39714,0.023287188
15789,59065,0.74567515
15790,11484,0.036192242
15791,5954,0.018435312
15792,107300,0.0031206345
15793,96351,0.0834848
15794,105645,0.001806877
15795,25634,0.0013231239
15796,14715,0.00085135014
15797,76977,0.006211301
15798,44363,0.008272674
15799,31151,0.004739616
15800,99878,0.0075163455
15801,91553,0.27749422
15802,10000,0.018449973
15803,16530,0.00576315
15804,101139,0.0013538697
15805,42936,0.020053644
15806,81104,0.7957864
15807,74393,0.0028737192
15808,84988,0.72432643
15809,53211,0.55566055
15810,67879,0.0015169379
15811,4761,0.036316633
15812,26682,0.0024851675
15813,84405,0.06025181
15814,34008,0.6280348
15815,48440,0.63145876
15816,725,0.13886411
15817,108791,0.04631971
15818,24134,0.018019812
15819,37118,0.05849908
15820,31966,0.008011415
15821,27564,0.55566055
15822,13443,0.14979403
15823,84629,0.44101527
15824,55249,0.56254977
15825,101267,0.019717583
15826,93105,0.28651854
15827,243,0.033046506
15828,22832,0.028174058
15829,87298,0.088731185
15830,68791,0.0042354874
15831,83907,0.18866682
15832,58173,0.021754168
15833,80117,0.9314414
15834,12428,0.72396594
15835,46086,0.28472131
15836,52549,0.15818791
15837,86771,0.002348996
15838,7886,0.15984088
15839,102162,0.27749422
15840,51109,0.03177701
15841,20637,0.15587679
15842,99356,0.04640792
15843,9486,0.018435312
15844,52955,0.55566055
15845,96803,0.020791909
15846,65729,0.0031317705
15847,55672,0.63145876
15848,1057,0.03570095
15849,103741,0.7130009
15850,71879,0.27749422
15851,58526,0.0046847276
15852,37704,0.0013143622
15853,60314,0.33401656
15854,113355,0.8113605
15855,6645,0.7464647
15856,60078,0.53810483
15857,94388,0.6405128
15858,25483,0.05132953
15859,104164,0.5011023
15860,57836,0.008298667
15861,18397,0.002508714
15862,57542,0.82282555
15863,52059,0.81452924
15864,25640,0.015104119
15865,54647,0.0014995635
15866,98641,0.004519844
15867,45059,0.43110844
15868,11607,0.90849876
15869,70824,0.017257174
15870,32502,0.55566055
15871,102895,0.006602554
15872,64148,0.046264153
15873,13641,0.4970651
15874,74709,0.1361123
15875,19929,0.0017551223
15876,84057,0.0878315
15877,29495,0.007792952
15878,52001,0.13413408
15879,91085,0.3346015
15880,2784,0.00659286
15881,26912,0.0029321625
15882,64209,0.015074384
15883,10166,0.002541684
15884,51940,0.55566055
15885,56548,0.0024441516
15886,33118,0.53810483
15887,5423,0.0005631837
15888,22967,0.0029812765
15889,13401,0.92601115
15890,46463,0.50516915
15891,75237,0.066196755
15892,34787,0.90849876
15893,22220,0.006475514
15894,13041,0.011516065
15895,226,0.004601866
15896,69618,0.031913612
15897,36159,0.53810483
15898,51901,0.25401485
15899,76043,0.002475251
15900,1503,0.004625431
15901,73139,0.006353228
15902,28185,0.4507486
15903,73316,0.0043002088
15904,25992,0.003936886
15905,106366,0.037221175
15906,11996,0.0016281543
15907,28158,0.015104119
15908,51983,0.016420258
15909,109364,0.021771243
15910,411,0.04001529
15911,79625,0.28550902
15912,52903,0.009472299
15913,16097,0.14979403
15914,98847,0.002260955
15915,42107,0.0022403651
15916,111711,0.44110775
15917,73951,0.15818791
15918,31890,0.0020691345
15919,102041,0.8824114
15920,66064,0.0065740487
15921,40099,0.012401631
15922,39933,0.0015939069
15923,101766,0.76776457
15924,75745,0.71711034
15925,31912,0.020778598
15926,6219,0.008968482
15927,89216,0.15818791
15928,96830,0.74877614
15929,73279,0.2693841
15930,59301,0.70096636
15931,65207,0.0032922283
15932,19870,0.56254977
15933,28866,0.008841077
15934,70126,0.020534717
15935,12948,0.09586386
15936,71575,0.6405128
15937,72938,0.12072263
15938,46098,0.26892516
15939,18682,0.63145876
15940,86244,0.012002181
15941,104797,0.105119556
15942,80065,0.130239
15943,32973,0.0027994877
15944,19442,0.004035495
15945,82673,0.0043168496
15946,49219,0.0014832739
15947,68252,0.0032679527
15948,67239,0.030756127
15949,5709,0.8936748
15950,15493,0.0025041671
15951,29823,0.05849908
15952,26325,0.07216779
15953,32506,0.04233648
15954,35307,0.72160727
15955,9961,0.7994104
15956,2099,0.007166435
15957,12977,0.003098766
15958,108516,0.8444421
15959,61523,0.70096636
15960,6015,0.010830529
15961,42189,0.009877239
15962,4141,0.01191821
15963,89312,0.58656245
15964,64004,0.0040022163
15965,531,0.19331236
15966,73043,0.032779865
15967,9509,0.011936328
15968,91604,0.3592495
15969,39069,0.026034497
15970,106852,0.5133302
15971,6073,0.0033035195
15972,52152,0.0113195805
15973,107563,0.22124092
15974,89104,0.15818791
15975,114061,0.53810483
15976,78443,0.006232065
15977,25310,0.8432887
15978,74928,0.088731185
15979,16144,0.04653949
15980,67147,0.74877614
15981,103614,0.6390343
15982,30954,0.006554461
15983,75619,0.012002181
15984,74386,0.012432675
15985,90113,0.014413273
15986,67700,0.7704703
15987,11609,0.021408716
15988,17175,0.8383819
15989,47540,0.35608795
15990,26791,0.53810483
15991,12308,0.0033960151
15992,78770,0.011207272
15993,84912,0.048436794
15994,56647,0.55566055
15995,86013,0.7957864
15996,17686,0.055877678
15997,38837,0.0011093647
15998,77723,0.2836866
15999,110314,0.28550902
16000,80633,0.0059193824
16001,95772,0.0030079815
16002,115065,0.055403896
16003,75409,0.088731185
16004,18061,0.021367995
16005,49229,0.009914719
16006,98953,0.088731185
16007,85178,0.001865195
16008,26075,0.01935918
16009,51215,0.56254977
16010,80609,0.035389785
16011,2171,0.036316633
16012,114255,0.78680277
16013,30757,0.008226825
16014,76430,0.004441212
16015,60822,0.2530429
16016,95616,0.32012954
16017,44726,0.033643693
16018,20497,0.25401485
16019,88832,0.012002181
16020,93053,0.31089553
16021,18936,0.20112187
16022,45630,0.029409917
16023,68133,0.74877614
16024,13444,0.041528445
16025,60833,0.15818791
16026,27595,0.0052514505
16027,80738,0.026655925
16028,35297,0.004434843
16029,76783,0.0071068383
16030,105811,0.44101527
16031,87581,0.1304153
16032,5128,0.050784986
16033,78926,0.0013101852
16034,69142,0.0059952443
16035,87158,0.004012509
16036,37566,0.5199695
16037,51047,0.0044373935
16038,12496,0.0020568871
16039,59532,0.70096636
16040,90951,0.0012925792
16041,44097,0.083906405
16042,90479,0.0015585917
16043,114769,0.007562071
16044,57927,0.005964554
16045,109517,0.0197701
16046,114638,0.06360697
16047,14872,0.024742756
16048,105708,0.007762968
16049,97679,0.44110775
16050,4545,0.011151619
16051,67610,0.0039189183
16052,13797,0.25401485
16053,76045,0.012002181
16054,28129,0.43110844
16055,8715,0.009941308
16056,30055,0.01204418
16057,105758,0.0040854923
16058,85714,0.032120164
16059,106464,0.36090043
16060,94037,0.11149405
16061,68671,0.15818791
16062,102927,0.0036781018
16063,73730,0.5199695
16064,103152,0.008410313
16065,109033,0.0053627514
16066,36381,0.053762197
16067,22269,0.0019094417
16068,47107,0.026034497
16069,40582,0.0038980762
16070,41653,0.25401485
16071,97021,0.56768835
16072,114425,0.003427287
16073,108048,0.011488053
16074,85913,0.41344064
16075,33358,0.7441965
16076,105332,0.0013100454
16077,96590,0.008425987
16078,99897,0.34442058
16079,94176,0.15818791
16080,109228,0.04631971
16081,63760,0.08169965
16082,80211,0.066196755
16083,382,0.0017935435
16084,9285,0.72697836
16085,17050,0.00088955095
16086,41772,0.63145876
16087,66995,0.8284993
16088,84011,0.002346441
16089,81866,0.005982618
16090,6693,0.018435312
16091,115018,0.28550902
16092,24733,0.029510276
16093,97510,0.740201
16094,64974,0.31628102
16095,66869,0.016824173
16096,48974,0.5199695
16097,28470,0.53810483
16098,92665,0.9462083
16099,41135,0.74494725
16100,91490,0.44110775
16101,50199,0.006641377
16102,25116,0.000988345
16103,68653,0.4507486
16104,54496,0.8396209
16105,104574,0.022337878
16106,9673,0.0037794563
16107,50337,0.01481992
16108,59641,0.8396209
16109,51416,0.56254977
16110,58902,0.53810483
16111,59398,0.05729674
16112,104658,0.0011665929
16113,31068,0.0010540813
16114,51531,0.029091328
16115,44652,0.0013411626
16116,82536,0.01683058
16117,74554,0.0016989608
16118,10763,0.009185575
16119,70754,0.6230816
16120,29307,0.05328872
16121,64568,0.0019779303
16122,73902,0.0035362123
16123,104546,0.16816828
16124,57007,0.0035091564
16125,102881,0.016934177
16126,3921,0.0017693148
16127,40031,0.01858439
16128,108372,0.04631971
16129,27570,0.03099253
16130,13175,0.37513012
16131,16717,0.001364926
16132,84843,0.0029063232
16133,50469,0.080455415
16134,79279,0.00094001193
16135,102227,0.8824114
16136,33194,0.6469486
16137,70470,0.061169162
16138,95472,0.009821194
16139,9114,0.11621293
16140,34716,0.53810483
16141,104233,0.00841015
16142,33700,0.09965071
16143,106559,0.8705204
16144,40570,0.043952707
16145,112943,0.6280348
16146,18657,0.008005861
16147,43025,0.0027925663
16148,53762,0.28651854
16149,32606,0.019960478
16150,15081,0.015759919
16151,86455,0.012002181
16152,114696,0.0065453425
16153,67999,0.74603975
16154,35984,0.10192631
16155,59928,0.34026608
16156,65702,0.0060493196
16157,96714,0.32012954
16158,82574,0.0028024404
16159,33647,0.011081845
16160,9219,0.45357627
16161,33952,0.45818773
16162,107918,0.071456306
16163,102453,0.0016899075
16164,59265,0.27065274
16165,962,0.0059635583
16166,75128,0.0034229755
16167,11957,0.51799
16168,110477,0.012094106
16169,23547,0.008167763
16170,39745,0.45156
16171,13518,0.6009678
16172,114326,0.083270535
16173,72065,0.01697696
16174,64706,0.005462025
16175,29660,0.011213124
16176,61967,0.012258948
16177,18795,0.003864887
16178,86598,0.46559602
16179,88845,0.7174389
16180,60403,0.088731185
16181,47537,0.26892516
16182,100962,0.083542004
16183,98806,0.32849368
16184,44240,0.55566055
16185,57790,0.55566055
16186,66474,0.0032679527
16187,6185,0.0046344628
16188,39305,0.07761308
16189,110832,0.053264655
16190,71463,0.015755283
16191,99158,0.5470555
16192,104003,0.031571876
16193,25191,0.015104119
16194,37244,0.55566055
16195,57870,0.06436496
16196,19669,0.5199695
16197,6387,0.0045783976
16198,101399,0.1382025
16199,114266,0.00674705
16200,87867,0.14961214
16201,15985,0.005072487
16202,9176,0.11826123
16203,75927,0.44101527
16204,11159,0.33092332
16205,38640,0.70096636
16206,72480,0.014701023
16207,104064,0.0060494742
16208,74798,0.09289784
16209,20513,0.003679731
16210,4064,0.028900145
16211,104212,0.53910613
16212,42466,0.15794931
16213,19444,0.0012437962
16214,26315,0.00746052
16215,113894,0.5072126
16216,79843,0.8452152
16217,95770,0.026616996
16218,50940,0.56254977
16219,58304,0.8869512
16220,26041,0.0025630617
16221,57217,0.03323246
16222,24968,0.001564009
16223,45469,0.023105735
16224,71035,0.56254977
16225,66997,0.44101527
16226,93921,0.01665654
16227,96664,0.049914263
16228,50299,0.55566055
16229,23465,0.009546843
16230,91362,0.4507486
16231,47717,0.8468055
16232,85782,0.56254977
16233,32952,0.35608795
16234,1675,0.0033718452
16235,92115,0.0006643723
16236,54116,0.55566055
16237,94259,0.015976962
16238,59650,0.022857245
16239,64019,0.2704814
16240,81452,0.0049660774
16241,29756,0.6280348
16242,84577,0.4265207
16243,48501,0.15818791
16244,35294,0.56254977
16245,79660,0.012002181
16246,8722,0.13030438
16247,72937,0.46748677
16248,22145,0.007258179
16249,14026,0.0878315
16250,75425,0.26296425
16251,36413,0.01169598
16252,89746,0.9327384
16253,103942,0.36090043
16254,30957,0.55566055
16255,21585,0.0012681065
16256,35722,0.55566055
16257,4490,0.0038349254
16258,50710,0.9726573
16259,58934,0.003999657
16260,10687,0.0018146702
16261,104977,0.46357763
16262,4241,0.002150768
16263,31205,0.03099253
16264,82966,0.012002181
16265,67585,0.24352838
16266,107449,0.36090043
16267,104380,0.74846315
16268,111565,0.42961618
16269,53007,0.016644461
16270,3161,0.0073107705
16271,25098,0.07216779
16272,74590,0.008381444
16273,20794,0.11243939
16274,52925,0.006055447
16275,4355,0.0022440997
16276,101677,0.44101527
16277,33410,0.0013922129
16278,102490,0.005494366
16279,15660,0.30960396
16280,25545,0.0046498524
16281,106066,0.04640792
16282,80021,0.6221493
16283,84125,0.42961618
16284,53388,0.0012262681
16285,79571,0.44110775
16286,2727,0.042468343
16287,71074,0.007814166
16288,25283,0.0016265064
16289,105264,0.04631971
16290,12028,0.17529544
16291,53240,0.25401485
16292,66016,0.003104327
16293,114939,0.22969018
16294,48832,0.00091765885
16295,20499,0.005124738
16296,100877,0.009081299
16297,93139,0.006974203
16298,25055,0.006787835
16299,85925,0.07221661
16300,78483,0.0039659077
16301,31515,0.008792958
16302,32669,0.70096636
16303,88053,0.011913973
16304,114422,0.0022936098
16305,59752,0.003756254
16306,56167,0.022337878
16307,52585,0.15818791
16308,80164,0.0015217758
16309,94187,0.92865473
16310,111775,0.44110775
16311,14699,0.0050353967
16312,22941,0.002886973
16313,32807,0.012023981
16314,72706,0.45156
16315,9174,0.015371432
16316,14227,0.23194364
16317,47323,0.0016941249
16318,51238,0.0014074241
16319,49770,0.026272386
16320,27141,0.03099253
16321,92675,0.009821194
16322,65088,0.008652129
16323,1934,0.0011171619
16324,63566,0.08740155
16325,90372,0.44110775
16326,4640,0.12122888
16327,79733,0.45156
16328,1796,0.5733231
16329,94053,0.74877614
16330,114463,0.0059737093
16331,11506,0.038426504
16332,69048,0.5199695
16333,98964,0.63096803
16334,42953,0.002886973
16335,64016,0.0032679527
16336,32194,0.0019937018
16337,62456,0.82282555
16338,10214,0.2685778
16339,99177,0.74846315
16340,49192,0.0015959032
16341,42199,0.0057860836
16342,8619,0.69804543
16343,86805,0.58756346
16344,106995,0.009236608
16345,1074,0.0017884856
16346,81605,0.03712462
16347,70825,0.004564898
16348,66202,0.8729907
16349,66624,0.0073096463
16350,110145,0.008000939
16351,60381,0.6469486
16352,23101,0.003099
16353,65199,0.0034229755
16354,101489,0.7944973
16355,4953,0.05098118
16356,86492,0.0016652991
16357,10913,0.031573158
16358,63893,0.0011788382
16359,97684,0.7637548
16360,93800,0.004181553
16361,87145,0.70096636
16362,99196,0.15818791
16363,24852,0.6405644
16364,16562,0.0025430808
16365,87955,0.74877614
16366,12332,0.003043451
16367,43448,0.09965071
16368,65209,0.01117166
16369,92377,0.009504566
16370,76973,0.0038319463
16371,53652,0.012002181
16372,87222,0.70096636
16373,64487,0.0068213893
16374,86473,0.0063610356
16375,80878,0.010908412
16376,93091,0.41749206
16377,43554,0.026034497
16378,99615,0.5011023
16379,12972,0.0019448828
16380,95001,0.008138912
16381,29285,0.72160727
16382,20538,0.003099
16383,17914,0.044838753
16384,75509,0.024354452
16385,34156,0.33401656
16386,63150,0.021796137
16387,11440,0.0008657293
16388,104912,0.022487141
16389,89651,0.55050915
16390,40415,0.009474734
16391,95047,0.0016989608
16392,95439,0.0023932334
16393,4541,0.09586386
16394,49713,0.34026608
16395,17167,0.31464815
16396,74060,0.45818773
16397,11811,0.00082599116
16398,3108,0.037040874
16399,27864,0.18489459
16400,13263,0.001797746
16401,58131,0.8110953
16402,6113,0.0068424814
16403,11469,0.0055993847
16404,74849,0.029157756
16405,82067,0.35608795
16406,41538,0.030330224
16407,72953,0.012002181
16408,29227,0.027756235
16409,101888,0.054416392
16410,3942,0.72396594
16411,37048,0.001364926
16412,11177,0.021187369
16413,112151,0.016453668
16414,48073,0.28655696
16415,94456,0.5199695
16416,7338,0.1552172
16417,59541,0.0027480794
16418,57665,0.7174389
16419,108440,0.088731185
16420,37746,0.00091765885
16421,9640,0.008968482
16422,10816,0.7464647
16423,19070,0.003831475
16424,26012,0.0054813535
16425,69686,0.05531505
16426,5976,0.03221273
16427,94349,0.72105354
16428,103317,0.5011023
16429,21979,0.004601814
16430,62528,0.0806475
16431,77832,0.009263448
16432,114801,0.0010605307
16433,55785,0.55566055
16434,89481,0.34026608
16435,103471,0.029665561
16436,28841,0.70096636
16437,9343,0.004046536
16438,47082,0.0008271332
16439,105286,0.77919436
16440,5029,0.022035038
16441,74260,0.12072263
16442,25957,0.04109628
16443,70318,0.088731185
16444,25471,0.26892516
16445,26999,0.011213124
16446,67183,0.0042354874
16447,3261,0.011986613
16448,103448,0.0058783507
16449,45091,0.26892516
16450,52854,0.72160727
16451,19532,0.026894735
16452,58603,0.014994253
16453,55855,0.55566055
16454,75978,0.09072048
16455,50410,0.8396209
16456,27613,0.004536562
16457,109487,0.5122181
16458,42287,0.00623229
16459,10835,0.023928288
16460,40075,0.07216779
16461,88359,0.007863356
16462,60394,0.012401631
16463,96782,0.72432643
16464,56017,0.76863915
16465,20979,0.56254977
16466,80574,0.0031168761
16467,93961,0.0024565065
16468,113715,0.64803004
16469,25045,0.0026181354
16470,26515,0.008521691
16471,115261,0.17361231
16472,57838,0.52150965
16473,28943,0.35385898
16474,52475,0.152907
16475,12952,0.51799
16476,103443,0.13636486
16477,19512,0.044838753
16478,96157,0.79601824
16479,48451,0.18866682
16480,20190,0.8396209
16481,21209,0.00533085
16482,81519,0.0066555766
16483,42347,0.030330224
16484,96191,0.003268128
16485,42515,0.5564428
16486,77641,0.0026568512
16487,44538,0.009108669
16488,102067,0.44110775
16489,46334,0.0008271332
16490,26927,0.0019486434
16491,26660,0.0033862928
16492,43907,0.00397091
16493,103006,0.010909436
16494,108574,0.5011023
16495,40184,0.0015796872
16496,115963,0.0063114725
16497,40232,0.0068849674
16498,88647,0.15818791
16499,10698,0.003686879
16500,81980,0.46257728
16501,71062,0.74494725
16502,71026,0.5199695
16503,26022,0.108525746
16504,20815,0.008157413
16505,112472,0.0031938553
16506,66167,0.013548479
16507,107685,0.25111866
16508,51406,0.0058097187
16509,42728,0.0078864945
16510,61694,0.74877614
16511,72195,0.76863915
16512,33468,0.006707954
16513,87174,0.56254977
16514,37177,0.00548509
16515,24206,0.0030208994
16516,67226,0.43110844
16517,44622,0.8383819
16518,15459,0.13980393
16519,10758,0.0019436522
16520,106373,0.00955309
16521,77613,0.00087550643
16522,17970,0.0024499868
16523,63359,0.74877614
16524,83104,0.008352717
16525,84484,0.44110775
16526,107556,0.0036896635
16527,92440,0.027349515
16528,103546,0.105119556
16529,65275,0.01117166
16530,84933,0.14480574
16531,95904,0.005499686
16532,22461,0.0015939069
16533,68094,0.007465666
16534,90651,0.012002181
16535,13849,0.0020977086
16536,82139,0.011618249
16537,38926,0.10408992
16538,108620,0.008565973
16539,13592,0.3819143
16540,31673,0.43110844
16541,100240,0.44101527
16542,56654,0.495904
16543,86757,0.44101527
16544,92121,0.015073597
16545,108762,0.5011023
16546,12020,0.3033069
16547,82489,0.088731185
16548,25611,0.13548014
16549,79800,0.45156
16550,105287,0.6280348
16551,44046,0.07216779
16552,51774,0.008456848
16553,115243,0.004696591
16554,39270,0.0020691345
16555,18354,0.17403561
16556,33566,0.008330971
16557,102705,0.6405128
16558,105759,0.8230435
16559,33820,0.0011093647
16560,12919,0.0040757065
16561,68022,0.017543985
16562,9881,0.0004524232
16563,29201,0.005140416
16564,113197,0.77919436
16565,104743,0.36090043
16566,69558,0.18412575
16567,9971,0.11446235
16568,61676,0.031790778
16569,71329,0.4507486
16570,61988,0.2530429
16571,38221,0.6570409
16572,85316,0.0065709692
16573,39530,0.5564428
16574,14786,0.002523639
16575,41795,0.83826447
16576,96932,0.44110775
16577,49723,0.14047155
16578,48079,0.016066954
16579,4162,0.13387792
16580,50129,0.11347771
16581,80488,0.01858439
16582,26815,0.17162772
16583,67946,0.01703032
16584,33581,0.011631563
16585,28704,0.43110844
16586,94684,0.45156
16587,82900,0.2758116
16588,19923,0.021367995
16589,33203,0.53810483
16590,866,0.0012547474
16591,50531,0.55566055
16592,115557,0.7441965
16593,114604,0.00674705
16594,25993,0.0068734125
16595,36510,0.09894771
16596,80022,0.088731185
16597,7368,0.0005631837
16598,82449,0.0058137937
16599,49663,0.049914263
16600,39026,0.00191408
16601,29829,0.0147084845
16602,48681,0.008425987
16603,71172,0.74877614
16604,102054,0.066196755
16605,99628,0.00087388465
16606,32250,0.015457122
16607,12987,0.027799353
16608,84079,0.009223896
16609,48119,0.64709985
16610,58367,0.28651854
16611,91377,0.005350694
16612,7346,0.011151619
16613,52894,0.55566055
16614,90215,0.07349159
16615,37718,0.07216779
16616,69498,0.0042354874
16617,22409,0.0023817657
16618,26673,0.0014733557
16619,8373,0.0055993847
16620,34649,0.004885345
16621,108664,0.014701023
16622,94700,0.0097106
16623,22325,0.003099
16624,28673,0.0063652773
16625,42791,0.012704579
16626,46506,0.13166432
16627,114170,0.81452924
16628,53860,0.2836866
16629,83261,0.7437131
16630,63219,0.0060195234
16631,37349,0.872773
16632,78301,0.03961124
16633,44054,0.0020691345
16634,60350,0.14313461
16635,5190,0.0006426628
16636,95056,0.008425987
16637,100440,0.01919864
16638,32326,0.89157546
16639,34012,0.052609406
16640,50415,0.89117473
16641,8936,0.02281438
16642,73249,0.02045655
16643,68806,0.066196755
16644,57925,0.003539312
16645,115507,0.5011023
16646,69270,0.026772724
16647,35432,0.4507486
16648,112176,0.0059874915
16649,6543,0.08161477
16650,31050,0.016505698
16651,24191,0.70096636
16652,4305,0.01342264
16653,60201,0.018388389
16654,29084,0.53810483
16655,104535,0.012194317
16656,6383,0.022035038
16657,14448,0.014822322
16658,71727,0.56254977
16659,16345,0.005419698
16660,8085,0.0011177405
16661,11530,0.002564191
16662,83785,0.005242794
16663,104562,0.77919436
16664,89301,0.004824616
16665,66229,0.018295318
16666,42064,0.89857846
16667,22755,0.004601814
16668,87472,0.74877614
16669,8634,0.0011533106
16670,81074,0.15818791
16671,4268,0.0040509105
16672,5116,0.0028758065
16673,88062,0.07152092
16674,22781,0.0027739054
16675,13718,0.0033127312
16676,53857,0.64163435
16677,104280,0.01312494
16678,76367,0.061632376
16679,35403,0.5564428
16680,70330,0.31480527
16681,105974,0.0031943594
16682,72780,0.74877614
16683,79092,0.0149367405
16684,58233,0.036068562
16685,16276,0.033046506
16686,28849,0.5564428
16687,32095,0.21006261
16688,99598,0.088731185
16689,3890,0.024138113
16690,23598,0.43110844
16691,17810,0.0017997264
16692,10544,0.0060772398
16693,87566,0.45156
16694,56464,0.61112845
16695,72778,0.006189789
16696,60591,0.6279071
16697,46205,0.0028715215
16698,50900,0.037868768
16699,109385,0.7130009
16700,53272,0.8936748
16701,98128,0.0023932334
16702,31344,0.016784513
16703,38790,0.030483332
16704,73237,0.0021450357
16705,68479,0.8396209
16706,52068,0.007655775
16707,108601,0.74846315
16708,106979,0.012121643
16709,105925,0.6280348
16710,82561,0.55566055
16711,50206,0.55566055
16712,24467,0.5251251
16713,112542,0.0029380356
16714,22992,0.09715776
16715,31324,0.55566055
16716,95374,0.008702383
16717,17179,0.6994286
16718,99941,0.0073938603
16719,73740,0.2836866
16720,65350,0.0041850805
16721,32886,0.6280348
16722,113140,0.0026156662
16723,17776,0.12196414
16724,23510,0.8432887
16725,73097,0.003239281
16726,56402,0.022337878
16727,66478,0.0032030696
16728,18398,0.0025684617
16729,99272,0.0075836806
16730,108287,0.012793837
16731,107056,0.10022817
16732,3462,0.0011082265
16733,80016,0.0028203225
16734,55427,0.18702865
16735,9164,0.007831909
16736,99994,0.57717556
16737,14641,0.000985411
16738,53796,0.0099807475
16739,59782,0.002095476
16740,29357,0.012629224
16741,66783,0.0073533654
16742,59133,0.020365952
16743,113093,0.40806052
16744,24061,0.00071399944
16745,59173,0.5992805
16746,39083,0.18866682
16747,69667,0.015755283
16748,25454,0.5251251
16749,54167,0.051835634
16750,21490,0.010384128
16751,55176,0.43110844
16752,67501,0.74877614
16753,65498,0.0029380356
16754,2438,0.011986613
16755,99347,0.53241813
16756,77368,0.18459778
16757,59704,0.008425987
16758,65782,0.016448531
16759,90693,0.44110775
16760,56465,0.05849908
16761,30734,0.762075
16762,28410,0.0075571374
16763,93730,0.44110775
16764,50664,0.014748264
16765,860,0.050541647
16766,35453,0.05683689
16767,34589,0.33401656
16768,101196,0.091431305
16769,101611,0.7944973
16770,75065,0.25520313
16771,98460,0.8824114
16772,6051,0.0008120926
16773,88976,0.43110844
16774,59432,0.0032679527
16775,100138,0.40245742
16776,10390,0.13030438
16777,82277,0.003690061
16778,92507,0.0033030973
16779,107811,0.5448597
16780,82491,0.26296425
16781,16002,0.0035713557
16782,2946,0.0020691345
16783,9322,0.022493986
16784,39693,0.07216779
16785,53573,0.011676242
16786,1481,0.80478853
16787,77129,0.69804543
16788,80702,0.70096636
16789,55007,0.006974203
16790,60426,0.019930284
16791,46400,0.00091765885
16792,54572,0.53810483
16793,60328,0.67423266
16794,53575,0.002679102
16795,16027,0.0008896225
16796,112201,0.11035589
16797,32213,0.6280348
16798,115600,0.0017130947
16799,29561,0.53810483
16800,82079,0.013732888
16801,52203,0.00088798214
16802,21926,0.026034497
16803,7136,0.0025496013
16804,107754,0.022487141
16805,36740,0.013172917
16806,40637,0.0073897145
16807,25263,0.35608795
16808,107779,0.006053203
16809,70376,0.44110775
16810,83556,0.03712462
16811,112936,0.53810483
16812,40360,0.02750422
16813,65305,0.0027706402
16814,25026,0.026034497
16815,57098,0.74877614
16816,16737,0.002390084
16817,92704,0.53241813
16818,41248,0.0038661798
16819,97077,0.77247906
16820,67419,0.011095753
16821,67369,0.031913612
16822,187,0.0045232093
16823,39659,0.55050915
16824,104077,0.0018999848
16825,41114,0.07216779
16826,112537,0.006389559
16827,17922,0.033737633
16828,72140,0.34026608
16829,77793,0.0020687063
16830,54189,0.09965071
16831,13756,0.14580335
16832,107386,0.76051444
16833,71024,0.0062700063
16834,22889,0.38217098
16835,67953,0.0016129054
16836,53792,0.15818791
16837,17607,0.0031837847
16838,62576,0.0029902502
16839,38450,0.006682398
16840,104789,0.64646333
16841,47130,0.63145876
16842,54402,0.14047155
16843,101367,0.022487141
16844,50820,0.55566055
16845,47899,0.0034288755
16846,18916,0.24128486
16847,51280,0.0019779303
16848,18588,0.00082624267
16849,106764,0.0042893076
16850,30937,0.8236736
16851,106082,0.02648638
16852,54987,0.81452924
16853,103787,0.0014970632
16854,25543,0.43110844
16855,11761,0.08560533
16856,108117,0.0018242612
16857,13226,0.004945695
16858,57991,0.07221661
16859,23871,0.07216779
16860,6973,0.023055736
16861,90164,0.14047155
16862,4405,0.002541684
16863,21569,0.021367995
16864,84313,0.006436934
16865,17463,0.0059086513
16866,6517,0.059951186
16867,80507,0.3346015
16868,69179,0.35608795
16869,110286,0.056546714
16870,38272,0.0045977617
16871,44896,0.13166432
16872,58310,0.008177129
16873,14056,0.013682295
16874,28930,0.55566055
16875,18421,0.02353752
16876,37926,0.00091765885
16877,98491,0.023861649
16878,83757,0.020053644
16879,28437,0.0008159618
16880,44981,0.65143883
16881,66446,0.016420258
16882,56937,0.78680277
16883,19880,0.7343914
16884,79823,0.7957864
16885,96277,0.82282555
16886,107265,0.036836438
16887,43992,0.0066897958
16888,42801,0.8914037
16889,26905,0.0008678094
16890,59239,0.0013098314
16891,3378,0.043278795
16892,33983,0.55566055
16893,28061,0.53810483
16894,85302,0.03701129
16895,26198,0.051835634
16896,22966,0.0026392243
16897,12941,0.008325733
16898,13986,0.152907
16899,67715,0.6504956
16900,109328,0.14736001
16901,103543,0.8036252
16902,61762,0.09072048
16903,27611,0.020090925
16904,38793,0.029409917
16905,76072,0.13091314
16906,44781,0.00068435003
16907,10080,0.09586386
16908,8336,0.0047771786
16909,100099,0.007361985
16910,24964,0.6803675
16911,52709,0.014701023
16912,79361,0.2530429
16913,100005,0.011532318
16914,34358,0.0008271332
16915,108749,0.026056813
16916,57630,0.0018060387
16917,46087,0.02705042
16918,34663,0.05683689
16919,94783,0.15818791
16920,47279,0.56765723
16921,99905,0.57717556
16922,47079,0.03099253
16923,18547,0.0016635148
16924,85547,0.03712462
16925,18208,0.061246146
16926,68581,0.42961618
16927,934,0.94193906
16928,108660,0.04631971
16929,59574,0.55566055
16930,61621,0.3210264
16931,72058,0.0010571969
16932,33275,0.53810483
16933,747,0.020071225
16934,114481,0.55566055
16935,37909,0.56254977
16936,103917,0.013994806
16937,93307,0.78680277
16938,31508,0.5564428
16939,90381,0.001775623
16940,54450,0.34026608
16941,75924,0.74877614
16942,40007,0.8396209
16943,90901,0.013924412
16944,105256,0.3708521
16945,78160,0.003253388
16946,41128,0.013172917
16947,804,0.018435312
16948,87768,0.006157607
16949,107074,0.41344064
16950,64467,0.05683689
16951,106400,0.0009005406
16952,99945,0.024354452
16953,46529,0.0013267341
16954,14882,0.32017073
16955,14870,0.6107574
16956,8476,0.039269518
16957,89561,0.44101527
16958,107684,0.0059341174
16959,77635,0.44110775
16960,57933,0.019025417
16961,15560,0.0022166471
16962,90345,0.0019055342
16963,13390,0.041528445
16964,61178,0.06412971
16965,69012,0.0027706402
16966,8771,0.0019141019
16967,33134,0.55566055
16968,97520,0.105119556
16969,2937,0.0028678635
16970,41394,0.012055915
16971,44218,0.55566055
16972,68551,0.088731185
16973,35537,0.006641377
16974,49575,0.0032974523
16975,102980,0.0029691686
16976,64694,0.019717583
16977,56884,0.10526334
16978,108555,0.001010581
16979,54688,0.15794931
16980,57730,0.0125719495
16981,66888,0.44101527
16982,21753,0.005124738
16983,12064,0.00576315
16984,68313,0.43110844
16985,63083,0.015073597
16986,77324,0.56254977
16987,89807,0.0075163455
16988,50458,0.56254977
16989,50780,0.00091765885
16990,96447,0.060939007
16991,6196,0.039853398
16992,100725,0.5122181
16993,11207,0.016228735
16994,22648,0.11243939
16995,42021,0.0015840342
16996,196,0.037640627
16997,98231,0.15818791
16998,73340,0.78680277
16999,60978,0.80233973
17000,10461,0.09586386
17001,95822,0.42961618
17002,59051,0.83878094
17003,52935,0.36701018
17004,23933,0.03788645
17005,21509,0.014242335
17006,42773,0.09965071
17007,6122,0.0026269597
17008,68622,0.42961618
17009,109340,0.019049764
17010,63454,0.048436794
17011,3265,0.15217422
17012,12774,0.0048149345
17013,113539,0.45156
17014,110089,0.0057599735
17015,30201,0.9541735
17016,32134,0.53810483
17017,36948,0.029409917
17018,80398,0.009261133
17019,7371,0.020802634
17020,110135,0.028498748
17021,33361,0.03885974
17022,94526,0.017227504
17023,16379,0.0006426628
17024,71087,0.011207272
17025,115877,0.15497953
17026,25699,0.26892516
17027,104877,0.36090043
17028,77143,0.0607168
17029,32682,0.2693841
17030,7441,0.012102466
17031,38207,0.6916272
17032,56166,0.011747035
17033,40406,0.5564428
17034,63732,0.020257108
17035,71219,0.7322869
17036,65629,0.006081487
17037,97241,0.2530429
17038,43856,0.0056959386
17039,108954,0.0053627514
17040,22730,0.0028227146
17041,90767,0.44110775
17042,59584,0.30021656
17043,2115,0.0022936098
17044,99757,0.012167109
17045,68408,0.27749422
17046,33482,0.35608795
17047,52967,0.14047155
17048,15307,0.0060569504
17049,30981,0.00654622
17050,103113,0.2709118
17051,37381,0.11984772
17052,13386,0.00876299
17053,64556,0.0012992102
17054,3297,0.02993724
17055,61736,0.74877614
17056,56951,0.022337878
17057,76341,0.008848927
17058,35465,0.007328334
17059,52619,0.04265861
17060,90218,0.0031818815
17061,20086,0.03465433
17062,100139,0.0023932334
17063,46366,0.020081365
17064,19741,0.046591513
17065,19079,0.033737633
17066,103064,0.009821194
17067,25006,0.018600468
17068,83461,0.18412575
17069,41268,0.0016265064
17070,35462,0.036068562
17071,64012,0.0039137322
17072,12420,0.005736738
17073,92356,0.32849368
17074,31824,0.0096814195
17075,2079,0.056464992
17076,48758,0.981851
17077,104679,0.18059996
17078,51740,0.013969766
17079,70762,0.02126434
17080,18049,0.056731757
17081,15192,0.032354392
17082,115980,0.77919436
17083,47820,0.00548509
17084,30861,0.53810483
17085,34248,0.22921833
17086,31189,0.051071756
17087,108174,0.03961124
17088,41953,0.78245246
17089,112998,0.022487141
17090,52206,0.34026608
17091,62152,0.03099253
17092,103715,0.77919436
17093,28891,0.004339223
17094,40940,0.35608795
17095,6945,0.0015913337
17096,76547,0.0037919926
17097,68393,0.44110775
17098,77927,0.0026414657
17099,81819,0.088731185
17100,55261,0.14047155
17101,110048,0.022487141
17102,5112,0.780417
17103,72289,0.007969222
17104,88258,0.0011527522
17105,35953,0.11616208
17106,51211,0.012460082
17107,88541,0.007863356
17108,51142,0.43110844
17109,33043,0.0025193887
17110,99392,0.0031170808
17111,23001,0.14392056
17112,65885,0.002346441
17113,21691,0.017014729
17114,62328,0.009464335
17115,82242,0.010608933
17116,53367,0.33401656
17117,104799,0.8856952
17118,23285,0.56254977
17119,58267,0.088731185
17120,19068,0.00091765885
17121,97447,0.34442058
17122,16099,0.001987032
17123,101152,0.019717583
17124,111430,0.0076028365
17125,75303,0.45818773
17126,56741,0.088731185
17127,3563,0.1289034
17128,61308,0.7957864
17129,38076,0.0019721733
17130,17761,0.0045271334
17131,27091,0.0020996272
17132,35421,0.017219603
17133,6570,0.0036248374
17134,328,0.008272674
17135,63726,0.00068249216
17136,74872,0.019717583
17137,49338,0.005161479
17138,91446,0.0012014782
17139,72662,0.18866682
17140,84285,0.15818791
17141,15306,0.0075942455
17142,40104,0.005624118
17143,42402,0.004339223
17144,69134,0.8958806
17145,80201,0.6405128
17146,111873,0.006747721
17147,10226,0.00161817
17148,42862,0.0021956447
17149,70903,0.012002181
17150,71083,0.74877614
17151,84353,0.15818791
17152,70339,0.6405128
17153,30880,0.33401656
17154,47739,0.029409917
17155,85770,0.0068213893
17156,103725,0.060067914
17157,7259,0.24540088
17158,75268,0.022602122
17159,73106,0.0046847276
17160,13571,0.51799
17161,87920,0.74877614
17162,24748,0.00071399944
17163,20603,0.009795089
17164,6149,0.09586386
17165,32834,0.025488436
17166,3049,0.0063666226
17167,99529,0.5561449
17168,83503,0.27749422
17169,32702,0.38217098
17170,36751,0.0037306373
17171,49966,0.08927082
17172,9370,0.02281438
17173,95849,0.0038778381
17174,7817,0.7994104
17175,61857,0.014154177
17176,34987,0.55566055
17177,27738,0.0043947455
17178,65652,0.01117166
17179,10363,0.45357627
17180,87173,0.031913612
17181,87638,0.27749422
17182,39518,0.011491287
17183,8141,0.03444275
17184,16155,0.0026894752
17185,53467,0.008456848
17186,64606,0.009464335
17187,71986,0.021472525
17188,61618,0.03099253
17189,91290,0.27749422
17190,64521,0.012432675
17191,59825,0.00149095
17192,61442,0.01024987
17193,81093,0.00797546
17194,94371,0.34026608
17195,75338,0.0028003037
17196,75084,0.01366078
17197,71604,0.013700311
17198,48634,0.0016110407
17199,26002,0.42777395
17200,54880,0.69804543
17201,77393,0.0067788884
17202,21950,0.3860109
17203,50184,0.72870684
17204,61380,0.43110844
17205,10995,0.0052317716
17206,57661,0.34026608
17207,41366,0.0046048183
17208,25426,0.0069172354
17209,112666,0.005812438
17210,106174,0.0029719437
17211,6853,0.005637632
17212,47293,0.07216779
17213,43858,0.009912641
17214,12379,0.5733231
17215,91047,0.45156
17216,54476,0.55566055
17217,114701,0.026261514
17218,75319,0.011099343
17219,62175,0.25401485
17220,78755,0.55566055
17221,20152,0.012844531
17222,68494,0.27749422
17223,8049,0.06517904
17224,32212,0.010732631
17225,69265,0.005660244
17226,86373,0.6767216
17227,72039,0.060719058
17228,45365,0.09206185
17229,40685,0.0073715877
17230,24845,0.010478496
17231,51552,0.002201535
17232,101464,0.088731185
17233,63036,0.049621135
17234,59726,0.6405128
17235,89513,0.74877614
17236,22285,0.00091765885
17237,12210,0.005903069
17238,16128,0.002256653
17239,31825,0.6469486
17240,106340,0.5011023
17241,40027,0.38217098
17242,96696,0.44101527
17243,58737,0.0027199038
17244,58004,0.5992805
17245,40596,0.011693158
17246,42611,0.0036890497
17247,100726,0.088731185
17248,97745,0.7156237
17249,30288,0.0099509
17250,63741,0.0027706402
17251,53791,0.088731185
17252,73211,0.28655696
17253,19189,0.0011041005
17254,1560,0.17620468
17255,29036,0.00548509
17256,44216,0.34026608
17257,70167,0.014154177
17258,80926,0.0016652255
17259,23079,0.0061077164
17260,82364,0.034542315
17261,50939,0.051835634
17262,26738,0.015417384
17263,53152,0.0044330666
17264,31877,0.003490421
17265,106522,0.0057788463
17266,108053,0.008016304
17267,19425,0.09240682
17268,49475,0.009157335
17269,4347,0.01342264
17270,78771,0.004751124
17271,64030,0.07906575
17272,13410,0.004467886
17273,38918,0.026034497
17274,25344,0.38921523
17275,52928,0.012002181
17276,53323,0.38921523
17277,103195,0.0013405514
17278,111340,0.5561449
17279,93858,0.005817108
17280,95643,0.008391639
17281,30715,0.003252748
17282,30651,0.55566055
17283,100952,0.050864946
17284,23858,0.07216779
17285,66657,0.0013922129
17286,62560,0.033737633
17287,88438,0.057746623
17288,96556,0.0005105313
17289,23316,0.17259738
17290,32582,0.6280348
17291,108914,0.0043525947
17292,111209,0.056546714
17293,9006,0.0008269905
17294,4738,0.09586386
17295,115919,0.6767216
17296,30322,0.004694496
17297,89741,0.74877614
17298,13487,0.004791189
17299,45210,0.011294323
17300,98098,0.44110775
17301,57771,0.56254977
17302,43908,0.029409917
17303,28018,0.013961827
17304,46784,0.026034497
17305,5717,0.012792699
17306,86355,0.56254977
17307,65499,0.0607168
17308,87848,0.004887785
17309,72021,0.011207272
17310,38810,0.40860796
17311,12436,0.70096636
17312,86041,0.82282555
17313,33602,0.38536745
17314,97709,0.03314974
17315,19154,0.8048408
17316,51680,0.007970911
17317,33243,0.029510276
17318,107301,0.12876786
17319,94458,0.55566055
17320,18733,0.00945109
17321,83859,0.0043576895
17322,51396,0.02001361
17323,113503,0.6995444
17324,25599,0.000988345
17325,106934,0.025768626
17326,43156,0.0023779676
17327,54458,0.015326102
17328,32067,0.55566055
17329,64601,0.01965913
17330,78810,0.55566055
17331,26172,0.8468055
17332,101947,0.01666247
17333,21766,0.07216779
17334,74288,0.011993736
17335,114143,0.012002181
17336,99406,0.5011023
17337,33963,0.0065125637
17338,96868,0.105119556
17339,31756,0.03099253
17340,5611,0.011714641
17341,63341,0.033737633
17342,102502,0.048117135
17343,94264,0.42324117
17344,5398,0.0045260466
17345,63521,0.029188784
17346,20297,0.4265207
17347,66066,0.0019439934
17348,26569,0.020251123
17349,15446,0.00140181
17350,78455,0.05849908
17351,100175,0.041836724
17352,80546,0.0038883993
17353,18725,0.0008271332
17354,105885,0.012793837
17355,48224,0.56254977
17356,6143,0.0057747327
17357,49291,0.06305775
17358,41303,0.0025618088
17359,113251,0.13249543
17360,64216,0.5470303
17361,62218,0.0016783087
17362,58411,0.8396209
17363,52791,0.010260701
17364,14143,0.05729674
17365,49122,0.0008275467
17366,100441,0.008425987
17367,10606,0.0029406643
17368,91694,0.74877614
17369,78769,0.0074325367
17370,16286,0.78245246
17371,98285,0.022261381
17372,87297,0.012002181
17373,5908,0.0024978265
17374,4334,0.018435312
17375,106014,0.012793837
17376,24450,0.00932264
17377,47073,0.023304543
17378,77155,0.013832782
17379,91854,0.44110775
17380,113146,0.33401656
17381,89217,0.7174389
17382,47184,0.026034497
17383,43261,0.003544234
17384,48432,0.28655696
17385,73573,0.06865407
17386,47662,0.0028091206
17387,3593,0.1552172
17388,66663,0.009464335
17389,25080,0.0076800273
17390,96315,0.012343516
17391,104812,0.08255154
17392,81870,0.034073234
17393,6835,0.12531748
17394,18073,0.6107574
17395,19658,0.006067544
17396,62164,0.009250844
17397,4127,0.018435312
17398,85663,0.18702865
17399,37666,0.0027675603
17400,57743,0.7954122
17401,64236,0.05683689
17402,50386,0.021577423
17403,81321,0.007304721
17404,18440,0.029510276
17405,90007,0.029643746
17406,54158,0.0602134
17407,23817,0.012321021
17408,9675,0.002541684
17409,21156,0.27065274
17410,61866,0.0036890497
17411,46984,0.35608795
17412,39439,0.07216779
17413,97361,0.07250267
17414,11743,0.37513012
17415,103174,0.0056345914
17416,98190,0.11035589
17417,26998,0.056951948
17418,90579,0.57717556
17419,91827,0.028792111
17420,81695,0.014701023
17421,2867,0.1552172
17422,35250,0.53810483
17423,11547,0.01581016
17424,33390,0.0021217654
17425,68583,0.74877614
17426,48488,0.009821194
17427,93040,0.088731185
17428,35020,0.56254977
17429,68184,0.0018926609
17430,16004,0.0020136137
17431,99571,0.0026241501
17432,46273,0.029409917
17433,3116,0.2026184
17434,20224,0.0038724008
17435,38440,0.010992514
17436,28449,0.55566055
17437,101292,0.009609107
17438,6680,0.00374704
17439,54443,0.07221661
17440,18168,0.0057979235
17441,38004,0.024366949
17442,80660,0.012002181
17443,7303,0.22399122
17444,19932,0.0059258034
17445,4279,0.030582005
17446,109917,0.008138773
17447,28225,0.0010621278
17448,11046,0.0017842868
17449,108454,0.5561449
17450,96641,0.44101527
17451,21076,0.04578619
17452,14020,0.14979403
17453,72747,0.01824708
17454,84393,0.53810483
17455,114383,0.6280348
17456,109808,0.026144896
17457,106294,0.008273953
17458,51964,0.0169347
17459,95551,0.058430072
17460,36653,0.04546882
17461,73723,0.011496791
17462,102783,0.7957864
17463,104856,0.0046555144
17464,81204,0.024354452
17465,111061,0.48962745
17466,99125,0.5011023
17467,63429,0.33861238
17468,2686,0.0016190244
17469,91566,0.0066555766
17470,11009,0.004700199
17471,90293,0.78680277
17472,86070,0.5072126
17473,59517,0.009464335
17474,9391,0.09586386
17475,49564,0.55566055
17476,74489,0.8396209
17477,70361,0.0014974652
17478,96707,0.088731185
17479,82983,0.0031470037
17480,60929,0.72160727
17481,18866,0.0040668724
17482,15130,0.011676242
17483,28477,0.6803675
17484,104965,0.0007294154
17485,73653,0.03961124
17486,5336,0.0024060567
17487,85401,0.0020267738
17488,100468,0.007528424
17489,46440,0.00091765885
17490,103114,0.0010715843
17491,92961,0.0066555766
17492,63486,0.0036774604
17493,102699,0.105119556
17494,84260,0.74877614
17495,30611,0.017427176
17496,33337,0.011676242
17497,17584,0.9005419
17498,73101,0.8468055
17499,67256,0.24882104
17500,97777,0.35449865
17501,67188,0.27749422
17502,38476,0.06651741
17503,90470,0.013729459
17504,103857,0.77919436
17505,106471,0.07262648
17506,6103,0.0040643257
17507,56553,0.2822489
17508,40795,0.002272001
17509,97673,0.088731185
17510,56346,0.76863915
17511,33220,0.33401656
17512,64958,0.018094053
17513,271,0.60496414
17514,43175,0.008434477
17515,17828,0.019469999
17516,5807,0.66060126
17517,76239,0.56254977
17518,84728,0.012002181
17519,75700,0.78680277
17520,59581,0.13166432
17521,28982,0.43110844
17522,50541,0.05535128
17523,59322,0.08298326
17524,88672,0.0036639539
17525,91906,0.015073597
17526,99074,0.04631971
17527,99427,0.7944973
17528,9407,0.0022606333
17529,58681,0.0053482987
17530,14689,0.38934046
17531,38854,0.000988345
17532,20658,0.14005232
17533,109665,0.7944973
17534,54154,0.53910613
17535,55792,0.2822489
17536,113908,0.00519524
17537,67538,0.011264443
17538,1307,0.018435312
17539,102456,0.42961618
17540,68815,0.70096636
17541,62526,0.035288915
17542,79157,0.011207468
17543,46828,0.0020691345
17544,27490,0.048651867
17545,63892,0.05683689
17546,36204,0.0030021342
17547,78113,0.0017516861
17548,13372,0.9351626
17549,19153,0.028174058
17550,20777,0.03187726
17551,13474,0.37513012
17552,96596,0.03139332
17553,77531,0.02822482
17554,16221,0.11513974
17555,90488,0.42961618
17556,86391,0.05849908
17557,13549,0.46748677
17558,39627,0.4510593
17559,3427,0.0034078248
17560,3591,0.63043845
17561,80274,0.56254977
17562,35548,0.09630396
17563,49504,0.03275527
17564,22910,0.01079135
17565,113886,0.001916283
17566,27878,0.051835634
17567,113363,0.86761963
17568,61239,0.56254977
17569,62923,0.7174389
17570,113315,0.022487141
17571,19227,0.31340045
17572,105821,0.64646333
17573,64867,0.0022938454
17574,61790,0.008874064
17575,81745,0.002362481
17576,64161,0.0019729873
17577,65121,0.0806475
17578,70404,0.44101527
17579,91311,0.14961214
17580,40737,0.0006911844
17581,33165,0.0061389417
17582,65501,0.0032679527
17583,67273,0.27749422
17584,24221,0.0012627309
17585,34066,0.013897333
17586,18907,0.11243939
17587,69492,0.18412575
17588,59030,0.056531325
17589,28926,0.011348867
17590,111049,0.07420942
17591,20629,0.0027688134
17592,69920,0.47291863
17593,62050,0.56254977
17594,100571,0.9314703
17595,583,0.02281438
17596,4276,0.0036056805
17597,31876,0.7441965
17598,64331,0.019717583
17599,73163,0.005984101
17600,26730,0.03099253
17601,43512,0.030330224
17602,110177,0.0079460945
17603,7851,0.006070067
17604,23355,0.38217098
17605,63749,0.003586476
17606,98433,0.32849368
17607,56782,0.009740188
17608,86915,0.002346441
17609,105185,0.0089939805
17610,33933,0.04333065
17611,56333,0.4507486
17612,3070,0.008968482
17613,27228,0.04425876
17614,60483,0.74877614
17615,96320,0.7186213
17616,57749,0.026815068
17617,101056,0.2836866
17618,10625,0.011539402
17619,72111,0.15818791
17620,107144,0.14040583
17621,37862,0.013930856
17622,1231,0.005857328
17623,8154,0.010212418
17624,13049,0.2036687
17625,49904,0.0018340477
17626,28211,0.6221493
17627,53092,0.0044310107
17628,102694,0.017280139
17629,107763,0.012002181
17630,82152,0.015018451
17631,113754,0.0031547274
17632,66993,0.7957864
17633,13615,0.70096636
17634,24267,0.35608795
17635,69148,0.0052598515
17636,73510,0.003731596
17637,32374,0.065851696
17638,90936,0.7690701
17639,86852,0.008029135
17640,89249,0.007863356
17641,93828,0.69782156
17642,87723,0.0026287606
17643,102287,0.5199695
17644,98430,0.5011023
17645,112030,0.72432643
17646,51575,0.9141325
17647,89406,0.004320758
17648,88666,0.010593499
17649,72053,0.009914719
17650,112808,0.04711368
17651,106930,0.5561449
17652,67104,0.0025522206
17653,93711,0.57717556
17654,38845,0.0037354378
17655,97821,0.0020379315
17656,15537,0.008561134
17657,8224,0.09586386
17658,98454,0.5011023
17659,15071,0.56254977
17660,36802,0.0020691345
17661,49584,0.0039659077
17662,105100,0.28550902
17663,102506,0.009873006
17664,40170,0.8396209
17665,59249,0.008425987
17666,99409,0.56768835
17667,76001,0.71711034
17668,71317,0.74877614
17669,42944,0.0028698577
17670,29677,0.55566055
17671,73901,0.5199695
17672,7402,0.02738024
17673,83693,0.00797546
17674,11623,0.04001529
17675,72450,0.56254977
17676,56758,0.45156
17677,30327,0.0015045812
17678,53097,0.219174
17679,15291,0.00048402345
17680,93402,0.42961618
17681,58620,0.0020367051
17682,69902,0.15818791
17683,74549,0.024114339
17684,22277,0.008525705
17685,77229,0.015073597
17686,71967,0.009821194
17687,43228,0.26892516
17688,14999,0.0020691345
17689,36712,0.012258948
17690,107216,0.022487141
17691,5685,0.7994104
17692,95196,0.015073597
17693,27496,0.008532685
17694,98123,0.5984585
17695,58898,0.74877614
17696,75127,0.003239281
17697,16911,0.006027103
17698,98028,0.005851605
17699,76164,0.71711034
17700,33377,0.45156
17701,114527,0.0042545465
17702,34462,0.034359347
17703,76717,0.27749422
17704,86950,0.15818791
17705,86910,0.44101527
17706,112549,0.77919436
17707,64809,0.0009250945
17708,45772,0.009146241
17709,108996,0.001746323
17710,56169,0.0031938553
17711,76041,0.007304721
17712,62861,0.02822482
17713,12265,0.014454074
17714,65029,0.0059927865
17715,69409,0.74877614
17716,106806,0.56768835
17717,75197,0.0015181561
17718,17220,0.0020977086
17719,28686,0.02672007
17720,89205,0.0009957948
17721,70805,0.74877614
17722,73990,0.8396209
17723,92931,0.36701018
17724,115858,0.06147976
17725,23301,0.02189412
17726,32991,0.057796117
17727,5389,0.93112916
17728,55807,0.046264153
17729,47562,0.25401485
17730,102731,0.022337878
17731,95694,0.0032926274
17732,21853,0.102473386
17733,54243,0.8432887
17734,113803,0.083270535
17735,42666,0.013415929
17736,60887,0.4507486
17737,52578,0.15818791
17738,36250,0.0026181354
17739,33087,0.03583374
17740,97368,0.06410869
17741,17931,0.019668974
17742,88072,0.013729459
17743,41325,0.8396209
17744,45620,0.70096636
17745,15159,0.8032783
17746,679,0.0023963535
17747,42609,0.46860078
17748,103374,0.2836866
17749,70068,0.78680277
17750,56507,0.013729459
17751,74888,0.25401485
17752,766,0.018275376
17753,30748,0.09494039
17754,100613,0.74846315
17755,77945,0.0023341863
17756,31522,0.38217098
17757,72906,0.28655696
17758,28089,0.00797546
17759,57282,0.010806107
17760,95864,0.0073938603
17761,19638,0.5748831
17762,2442,0.0630845
17763,34684,0.0010950153
17764,75481,0.008848927
17765,46739,0.0035905032
17766,98794,0.9314414
17767,62414,0.033737633
17768,33975,0.34026608
17769,54485,0.0014715
17770,88678,0.43401918
17771,70784,0.27749422
17772,63104,0.3652674
17773,77301,0.0010343953
17774,113914,0.028992662
17775,62093,0.15818791
17776,97715,0.017512076
17777,84872,0.009250844
17778,106080,0.001364926
17779,23689,0.0016790376
17780,60878,0.9280332
17781,74712,0.38301796
17782,91016,0.27749422
17783,57567,0.0040171384
17784,11115,0.002541684
17785,54270,0.013065194
17786,98269,0.8196693
17787,89523,0.76863915
17788,99459,0.015085893
17789,112602,0.0014425375
17790,90885,0.013172917
17791,37299,0.72160727
17792,86930,0.15818791
17793,62000,0.74877614
17794,107843,0.056546714
17795,110823,0.5011023
17796,25821,0.0388003
17797,34184,0.014470227
17798,63802,0.0027774163
17799,82967,0.7174389
17800,3247,0.57300407
17801,107869,0.012002181
17802,44482,0.009432894
17803,49819,0.00091765885
17804,25043,0.0047230027
17805,99798,0.011749217
17806,40305,0.029409917
17807,2883,0.0037616396
17808,85764,0.0063610356
17809,96270,0.012002181
17810,24971,0.07216779
17811,67243,0.0077678906
17812,93646,0.10873408
17813,102062,0.0021450357
17814,101156,0.0008177485
17815,67861,0.43110844
17816,51471,0.5199695
17817,9096,0.018435312
17818,55028,0.34026608
17819,70094,0.032779865
17820,30098,0.006729982
17821,73368,0.109113745
17822,35155,0.0022936098
17823,99591,0.0061801025
17824,35027,0.009914719
17825,8461,0.0067958445
17826,65164,0.005726116
17827,27876,0.03099253
17828,9981,0.7994104
17829,6682,0.005435938
17830,111000,0.053264655
17831,73817,0.56254977
17832,109815,0.0007393848
17833,11055,0.016219283
17834,46695,0.005943083
17835,75746,0.56254977
17836,18813,0.0017255923
17837,55616,0.035288915
17838,19700,0.08795616
17839,20930,0.033737633
17840,55404,0.0016265064
17841,70355,0.8452152
17842,51822,0.00548509
17843,58947,0.43110844
17844,45671,0.03099253
17845,15676,0.24180812
17846,28203,0.0059822127
17847,31617,0.04233648
17848,59753,0.009464335
17849,28608,0.069232896
17850,93936,0.00785877
17851,101224,0.008226825
17852,35657,0.030200059
17853,77998,0.43110844
17854,88635,0.13689412
17855,45401,0.028421784
17856,43050,0.05998573
17857,39065,0.05849908
17858,12056,0.72396594
17859,41771,0.009799146
17860,12,0.0008896225
17861,27815,0.25401485
17862,64457,0.0011055998
17863,16115,0.0008896225
17864,87425,0.012002181
17865,81286,0.15818791
17866,8697,0.005054468
17867,83871,0.0052274256
17868,70274,0.56254977
17869,56445,0.036068562
17870,109057,0.009812244
17871,61683,0.088731185
17872,18893,0.0031148558
17873,68842,0.44101527
17874,8834,0.5072903
17875,19152,0.0069319354
17876,91302,0.72432643
17877,77569,0.010889912
17878,85705,0.002607283
17879,99420,0.72432643
17880,102684,0.5199695
17881,90391,0.44101527
17882,71781,0.74877614
17883,43281,0.008242936
17884,24711,0.44015992
17885,75180,0.019717583
17886,11196,0.0031314804
17887,99047,0.28651854
17888,83571,0.012299946
17889,70091,0.31480527
17890,95208,0.002298606
17891,50806,0.06025181
17892,35078,0.72160727
17893,56028,0.55566055
17894,105108,0.008977496
17895,5379,0.062338326
17896,83023,0.44110775
17897,97995,0.18238829
17898,99497,0.008077423
17899,108733,0.0053627514
17900,51907,0.01169598
17901,5930,0.00374704
17902,6832,0.010055995
17903,58409,0.6469486
17904,6434,0.010842617
17905,34562,0.0032487032
17906,110278,0.44110775
17907,11003,0.011539402
17908,1735,0.020226039
17909,58116,0.0021046153
17910,30995,0.009157335
17911,19095,0.019015284
17912,37887,0.0031164452
17913,12650,0.00876299
17914,63020,0.66542125
17915,26278,0.07216779
17916,107286,0.7960921
17917,60600,0.0053482987
17918,36205,0.04425876
17919,48009,0.009236215
17920,105601,0.5011023
17921,60896,0.010260701
17922,24353,0.0035905032
17923,33878,0.015457122
17924,12708,0.03570095
17925,20057,0.2648518
17926,38467,0.00071399944
17927,8534,0.281191
17928,77548,0.0052598515
17929,73570,0.007462769
17930,19362,0.013332591
17931,49551,0.56254977
17932,53948,0.0052320273
17933,56978,0.00091765885
17934,47057,0.03099253
17935,47974,0.007748982
17936,9301,0.002375808
17937,100045,0.20396161
17938,16982,0.8432887
17939,36037,0.008167763
17940,17809,0.006811027
17941,27005,0.53810483
17942,111687,0.5011023
17943,49776,0.0035905032
17944,15801,0.00876299
17945,77045,0.06520241
17946,11752,0.2546263
17947,3743,0.0630845
17948,58468,0.011661647
17949,50967,0.008456848
17950,15300,0.024510035
17951,14000,0.12072263
17952,83498,0.055891003
17953,115155,0.5072126
17954,99981,0.07262648
17955,5616,0.11446235
17956,14756,0.0017884856
17957,37680,0.0039808084
17958,19268,0.8113605
17959,26384,0.023353612
17960,93076,0.5561449
17961,79967,0.015073597
17962,90211,0.57717556
17963,91642,0.28651854
17964,103287,0.001205944
17965,34439,0.012023981
17966,110375,0.0063672108
17967,106033,0.014701023
17968,100790,0.7097762
17969,113997,0.023061128
17970,39752,0.03099253
17971,39720,0.03099253
17972,214,0.0024496699
17973,55373,0.005964554
17974,100524,0.57717556
17975,8337,0.0061873607
17976,40529,0.14894855
17977,43431,0.030330224
17978,96663,0.013729459
17979,24591,0.003918159
17980,11941,0.06975378
17981,57887,0.35608795
17982,44679,0.018019812
17983,10778,0.0019436522
17984,77370,0.060762964
17985,36145,0.56254977
17986,47046,0.00071399944
17987,91995,0.02189095
17988,12792,0.02307038
17989,3046,0.72697836
17990,47926,0.6221493
17991,55259,0.43110844
17992,11226,0.018435312
17993,41596,0.0008932379
17994,12166,0.06975378
17995,64788,0.008652129
17996,83060,0.018771572
17997,59284,0.0072606397
17998,7289,0.0014669026
17999,49611,0.70096636
18000,20566,0.95066607
18001,57049,0.53810483
18002,81217,0.0046470924
18003,33504,0.6280348
18004,20616,0.17989618
18005,76057,0.20339376
18006,62122,0.7858904
18007,54190,0.0123109175
18008,46331,0.045572318
18009,81717,0.14047155
18010,8844,0.0055993847
18011,92847,0.20918736
18012,85801,0.28655696
18013,21416,0.024122968
18014,26040,0.018207844
18015,92530,0.50516915
18016,57938,0.20928882
18017,99298,0.0039175674
18018,65488,0.0014503117
18019,93360,0.78680277
18020,43100,0.010965822
18021,47067,0.0035824347
18022,1003,0.012943353
18023,32623,0.0069976826
18024,29789,0.4679668
18025,111645,0.76863915
18026,34044,0.947706
18027,89630,0.7174389
18028,99019,0.0047028763
18029,19799,0.00070160953
18030,101605,0.8824114
18031,105053,0.0017071813
18032,65247,0.010263912
18033,78010,0.0082460325
18034,52336,0.00082186144
18035,46090,0.07216779
18036,19530,0.0014735219
18037,60319,0.14047155
18038,25951,0.07216779
18039,81742,0.066196755
18040,67095,0.28651854
18041,105569,0.012194317
18042,48593,0.0013393271
18043,57797,0.25401485
18044,94448,0.8452152
18045,40179,0.026034497
18046,46351,0.07216779
18047,31573,0.00071399944
18048,5578,0.005763664
18049,86462,0.0013639156
18050,82880,0.0032926274
18051,63503,0.004797168
18052,6204,0.031975657
18053,30502,0.0038379452
18054,34873,0.0011807234
18055,24878,0.03099253
18056,91959,0.007581757
18057,96843,0.03961124
18058,54312,0.0025241396
18059,55512,0.0009958108
18060,30086,0.55566055
18061,101009,0.740201
18062,44508,0.35608795
18063,106518,0.4868342
18064,19509,0.00091765885
18065,91676,0.027089315
18066,97713,0.0019154506
18067,88042,0.007863356
18068,105360,0.4837394
18069,75522,0.022602122
18070,47741,0.6221493
18071,114474,0.008902982
18072,1466,0.00071399944
18073,78299,0.78680277
18074,58532,0.006046115
18075,6503,0.0073667145
18076,43502,0.21629374
18077,44340,0.6803675
18078,114125,0.007489203
18079,4727,0.4158156
18080,17530,0.0013827079
18081,57465,0.009914719
18082,27169,0.04448573
18083,23327,0.004151821
18084,86861,0.0032926274
18085,48034,0.55566055
18086,1530,0.0014821521
18087,99301,0.0069285054
18088,84799,0.32012954
18089,108282,0.014701023
18090,105460,0.022487141
18091,39580,0.027021278
18092,21806,0.0064707906
18093,52039,0.0046260147
18094,59942,0.2648054
18095,14850,0.04405221
18096,66078,0.0062674046
18097,48654,0.07937497
18098,12955,0.12884553
18099,13407,0.01278955
18100,114375,0.28550902
18101,55899,0.78680277
18102,42599,0.06860259
18103,13138,0.002513971
18104,73932,0.15818791
18105,60892,0.74877614
18106,42950,0.26892516
18107,59229,0.61112845
18108,101260,0.014083165
18109,54331,0.0099981865
18110,43460,0.03099253
18111,85122,0.61112845
18112,64883,0.0022409256
18113,78564,0.0023749797
18114,62889,0.004768465
18115,112630,0.007868521
18116,79974,0.11298341
18117,6232,0.020324538
18118,103380,0.13457514
18119,97206,0.15818791
18120,40554,0.038297053
18121,67711,0.060719058
18122,102360,0.088731185
18123,16432,0.029130824
18124,78686,0.55566055
18125,84328,0.12072263
18126,34399,0.00984147
18127,79561,0.012002181
18128,29995,0.036068562
18129,78870,0.016420258
18130,41069,0.44364974
18131,23454,0.00091765885
18132,57761,0.0014432755
18133,96718,0.066196755
18134,28314,0.26892516
18135,61253,0.7957864
18136,11627,0.0078019532
18137,76083,0.20339376
18138,56328,0.008110986
18139,91647,0.28655696
18140,7740,0.0014453249
18141,81088,0.011099343
18142,99982,0.0048007816
18143,66814,0.022945369
18144,41328,0.036068562
18145,78819,0.89857846
18146,67441,0.0028002425
18147,94978,0.7944973
18148,71702,0.2583268
18149,68363,0.009999976
18150,107767,0.088731185
18151,74821,0.008077423
18152,55472,0.4176834
18153,67561,0.03439601
18154,18219,0.003369034
18155,87251,0.44101527
18156,15889,0.005085689
18157,108209,0.77919436
18158,3432,0.45357627
18159,48455,0.0788908
18160,30492,0.6280348
18161,54521,0.7870787
18162,46890,0.03099253
18163,32389,0.55566055
18164,114787,0.008969397
18165,83067,0.27749422
18166,82378,0.25401485
18167,107507,0.012223484
18168,97264,0.8824114
18169,33526,0.003016383
18170,41392,0.011676242
18171,44318,0.014154177
18172,48522,0.062936194
18173,20169,0.033348836
18174,80401,0.44110775
18175,86718,0.8468055
18176,33981,0.09965071
18177,52189,0.030200059
18178,9876,0.001305149
18179,8308,0.011051675
18180,53398,0.009602262
18181,15813,0.0025640102
18182,24617,0.8048408
18183,101782,0.0048022447
18184,33207,0.0049807834
18185,102489,0.24659449
18186,60599,0.9314414
18187,43287,0.005182802
18188,82584,0.0017057704
18189,91752,0.4265207
18190,69660,0.020791909
18191,36127,0.0056813234
18192,38268,0.0020691345
18193,37405,0.019717583
18194,71121,0.62524277
18195,93246,0.0041128346
18196,16051,0.0008896225
18197,25693,0.0008226301
18198,97877,0.04789303
18199,73677,0.007462769
18200,14664,0.05443167
18201,102758,0.5984585
18202,22840,0.16679487
18203,109898,0.025119454
18204,55029,0.006974203
18205,115839,0.003058285
18206,106703,0.012827727
18207,84170,0.012002181
18208,93487,0.80451345
18209,75459,0.012002181
18210,81534,0.8396209
18211,75592,0.020022692
18212,4156,0.012792699
18213,72834,0.15818791
18214,66773,0.45156
18215,67046,0.68550783
18216,68550,0.024497937
18217,27373,0.03099253
18218,1412,0.13387792
18219,30753,0.0020691345
18220,84323,0.009464335
18221,69241,0.012549594
18222,100489,0.2648054
18223,6848,0.3565283
18224,99854,0.44101527
18225,66398,0.01117166
18226,27603,0.80551404
18227,48614,0.43110844
18228,46097,0.00053824
18229,44656,0.9319816
18230,99117,0.04631971
18231,99521,0.3708521
18232,23420,0.099613
18233,14932,0.0007445017
18234,44443,0.0030364867
18235,78892,0.055891003
18236,80382,0.004781769
18237,54600,0.70096636
18238,27776,0.07217376
18239,88644,0.009464335
18240,112599,0.011285504
18241,87841,0.78680277
18242,50747,0.004152468
18243,67527,0.0028737192
18244,33904,0.34026608
18245,44690,0.0910583
18246,66765,0.03439601
18247,40206,0.0010928301
18248,22350,0.001019786
18249,76258,0.0028997834
18250,36442,0.00091765885
18251,6063,0.042468343
18252,107053,0.5011023
18253,29636,0.022302592
18254,30789,0.19536862
18255,101755,0.0071149007
18256,764,0.004625431
18257,17488,0.022657983
18258,51549,0.028673505
18259,3870,0.82121855
18260,68205,0.006974203
18261,4200,0.006297778
18262,61387,0.5564428
18263,7006,0.02397398
18264,27388,0.8383819
18265,44636,0.0125407865
18266,68860,0.0021474857
18267,54068,0.014701023
18268,12758,0.017177152
18269,33159,0.8468055
18270,16847,0.004251471
18271,3343,0.7994104
18272,37077,0.021939708
18273,841,0.005813033
18274,89092,0.031800263
18275,100781,0.74846315
18276,95778,0.2530429
18277,87261,0.28763485
18278,52653,0.014554813
18279,103780,0.0016110429
18280,13119,0.001879056
18281,83475,0.27749422
18282,55456,0.089766234
18283,36002,0.43110844
18284,60315,0.7957864
18285,10692,0.0055993847
18286,79564,0.014701023
18287,46720,0.09362373
18288,45024,0.021939708
18289,35094,0.34026608
18290,33382,0.007013881
18291,29210,0.53810483
18292,43977,0.0059171664
18293,71383,0.44110775
18294,102101,0.009821194
18295,38415,0.58656245
18296,37712,0.55566055
18297,98745,0.06366799
18298,20400,0.72584873
18299,4188,0.002870274
18300,80357,0.72432643
18301,104345,0.00461314
18302,5737,0.018378617
18303,110616,0.01985812
18304,54475,0.001968654
18305,17874,0.004251471
18306,104128,0.74846315
18307,22401,0.013167953
18308,74983,0.09289784
18309,47032,0.007727845
18310,28549,0.74494725
18311,21547,0.00091765885
18312,43435,0.74603975
18313,57881,0.04510025
18314,7473,0.0023043533
18315,80219,0.005522441
18316,72324,0.088092454
18317,94261,0.00837149
18318,84857,0.001910256
18319,16685,0.036068562
18320,16814,0.0020977086
18321,35597,0.01169598
18322,5757,0.062338326
18323,63181,0.0035531386
18324,74396,0.2530429
18325,49456,0.12032117
18326,57822,0.70096636
18327,35846,0.33401656
18328,90899,0.019155458
18329,71223,0.44110775
18330,102559,0.78680277
18331,34635,0.56254977
18332,69448,0.016824173
18333,13892,0.006078401
18334,23520,0.0013110383
18335,84098,0.53910613
18336,84534,0.013807404
18337,78414,0.0035094798
18338,104344,0.7174389
18339,71157,0.15818791
18340,104610,0.74846315
18341,2276,0.0630845
18342,62075,0.6405128
18343,112353,0.009081299
18344,74876,0.008652129
18345,64576,0.0032679527
18346,108744,0.088731185
18347,99045,0.004852973
18348,58543,0.34026608
18349,69004,0.8468055
18350,9920,0.0008806331
18351,52047,0.0035714507
18352,96519,0.0067677023
18353,97184,0.8824114
18354,12790,0.00257656
18355,79643,0.19885877
18356,103610,0.019274076
18357,40397,0.060226962
18358,4394,0.0028214091
18359,794,0.17403561
18360,4140,0.010891658
18361,24653,0.07216779
18362,76426,0.0020025144
18363,6069,0.0015148232
18364,83615,0.002256563
18365,39188,0.45818773
18366,24303,0.011531356
18367,17052,0.84689087
18368,89926,0.003783728
18369,44569,0.36582127
18370,89110,0.008029135
18371,48595,0.81452924
18372,87180,0.5470303
18373,56389,0.0042425115
18374,37640,0.28481624
18375,12968,0.80478853
18376,98879,0.0012724804
18377,10594,0.027031438
18378,4472,0.004260439
18379,106216,0.56768835
18380,87959,0.7130009
18381,16435,0.004954651
18382,89308,0.02045655
18383,28767,0.008841077
18384,26765,0.007258179
18385,79482,0.71711034
18386,24846,0.008525705
18387,105255,0.55050915
18388,70085,0.81929696
18389,106888,0.8048408
18390,81827,0.28655696
18391,59834,0.21549764
18392,60634,0.55566055
18393,114512,0.0043691536
18394,30571,0.0021471342
18395,94241,0.01985399
18396,41563,0.0033344163
18397,109695,0.5011023
18398,109608,0.18866682
18399,67180,0.665897
18400,99783,0.066196755
18401,77163,0.009464335
18402,114360,0.020928299
18403,28150,0.004536562
18404,20663,0.0007445017
18405,72126,0.2836866
18406,113464,0.53810483
18407,81070,0.009261133
18408,112126,0.77180225
18409,48700,0.0016723784
18410,107322,0.0045818975
18411,72473,0.15818791
18412,72179,0.016824173
18413,41600,0.0018741962
18414,7367,0.062338326
18415,95065,0.066196755
18416,9610,0.004834032
18417,3740,0.055461396
18418,72593,0.27749422
18419,32602,0.0052598515
18420,36203,0.8396209
18421,34402,0.009327538
18422,16096,0.0024454822
18423,45823,0.74603975
18424,36131,0.0027739054
18425,26877,0.0018741962
18426,51988,0.56254977
18427,12221,0.032354392
18428,80029,0.28550902
18429,13394,0.001547072
18430,82808,0.8396209
18431,94358,0.57717556
18432,77198,0.36701018
18433,26013,0.5793977
18434,53046,0.004937245
18435,100711,0.019717583
18436,63842,0.008226825
18437,108659,0.01627352
18438,105377,0.005367971
18439,92971,0.27749422
18440,52510,0.15818791
18441,64985,0.01117166
18442,60576,0.013969766
18443,32013,0.8474278
18444,103189,0.012151005
18445,8289,0.006254801
18446,223,0.0011478673
18447,28969,0.0047856807
18448,29465,0.0060707834
18449,20095,0.5199695
18450,104711,0.74846315
18451,36973,0.0034961398
18452,99998,0.0100852065
18453,32232,0.011264443
18454,105421,0.032501634
18455,55788,0.0050982097
18456,104858,0.0061725657
18457,91231,0.009821194
18458,26446,0.38536745
18459,106246,0.36090043
18460,21786,0.056731757
18461,60519,0.014701023
18462,22667,0.015228036
18463,37620,0.0072224718
18464,13752,0.00876299
18465,34145,0.00071399944
18466,82340,0.011099343
18467,85077,0.27749422
18468,21109,0.100493915
18469,67364,0.030756127
18470,102449,0.45156
18471,43488,0.0022403651
18472,34352,0.5199695
18473,32624,0.0018940703
18474,53678,0.70096636
18475,106249,0.07007005
18476,28701,0.4679668
18477,90825,0.0075251185
18478,11169,0.00659286
18479,93543,0.015073597
18480,34953,0.020528749
18481,110906,0.007822174
18482,19060,0.5199695
18483,50570,0.7925452
18484,1755,0.0016130267
18485,70531,0.27749422
18486,47314,0.023105735
18487,103673,0.32396412
18488,107844,0.77919436
18489,83670,0.7960921
18490,96799,0.001665082
18491,113563,0.007812533
18492,28055,0.044345856
18493,14192,0.43110844
18494,65330,0.003104327
18495,104602,0.022487141
18496,26330,0.007258179
18497,73425,0.78680277
18498,40426,0.046927016
18499,67943,0.74877614
18500,36616,0.008400035
18501,30489,0.72160727
18502,65941,0.00043122066
18503,104469,0.004917342
18504,43560,0.0033430483
18505,26560,0.050407983
18506,104674,0.062455542
18507,36782,0.0016716087
18508,101946,0.12296674
18509,94556,0.5199695
18510,111497,0.004277508
18511,15112,0.14979403
18512,24678,0.0022865096
18513,23618,0.0020691345
18514,102473,0.095456935
18515,8948,0.062338326
18516,114499,0.005104364
18517,49651,0.0072224718
18518,59139,0.0022936098
18519,61934,0.03099253
18520,42924,0.026034497
18521,107313,0.7944973
18522,25406,0.43110844
18523,30569,0.43110844
18524,47284,0.5251251
18525,50344,0.0018720308
18526,77193,0.008162948
18527,107719,0.005950288
18528,4642,0.012792699
18529,1969,0.09586386
18530,22678,0.021843085
18531,39769,0.0016117018
18532,107676,0.0054050386
18533,6947,0.38800624
18534,78539,0.026081407
18535,37146,0.07216779
18536,109989,0.0075345007
18537,74049,0.004024335
18538,64876,0.0016193929
18539,23569,0.026272386
18540,98535,0.8824114
18541,59741,0.34026608
18542,66085,0.0024245544
18543,82252,0.41344064
18544,52166,0.11572433
18545,19628,0.56254977
18546,70565,0.003835689
18547,78541,0.0025626011
18548,21113,0.56254977
18549,17331,0.0011831406
18550,61911,0.0029310347
18551,114714,0.0008144117
18552,50232,0.00809839
18553,104670,0.4507486
18554,111073,0.0046555144
18555,43900,0.0005452746
18556,55067,0.05302459
18557,7172,0.00659286
18558,43497,0.01540938
18559,17216,0.0037796625
18560,29021,0.008272674
18561,7895,0.014565377
18562,83784,0.0076079606
18563,42895,0.03099525
18564,8309,0.4087485
18565,7723,0.0065286574
18566,20394,0.70096636
18567,50954,0.73920804
18568,81892,0.41105306
18569,20596,0.051170547
18570,76806,0.65834504
18571,60858,0.15818791
18572,77715,0.013172917
18573,71227,0.15818791
18574,35342,0.14313461
18575,11441,0.0061873607
18576,26497,0.4612294
18577,79936,0.0023091962
18578,56091,0.0133588435
18579,92694,0.74877614
18580,84695,0.0034047812
18581,2649,0.011986613
18582,113419,0.0979226
18583,63393,0.048436794
18584,50585,0.762075
18585,44182,0.015755283
18586,72454,0.62524277
18587,79439,0.014701023
18588,52130,0.030200059
18589,64237,0.002665575
18590,56211,0.6405128
18591,73537,0.0058390414
18592,100898,0.008425987
18593,56300,0.8729907
18594,2105,0.5302592
18595,106955,0.0049936674
18596,55190,0.013469239
18597,77058,0.008125078
18598,110543,0.020892661
18599,75650,0.0074558887
18600,15342,0.055877678
18601,22387,0.07216779
18602,59606,0.009464335
18603,108278,0.7234825
18604,38307,0.6469486
18605,86630,0.0036433842
18606,74031,0.98347765
18607,99212,0.0033339048
18608,38421,0.70096636
18609,59694,0.014563098
18610,13800,0.8768206
18611,22908,0.006994314
18612,108880,0.8444421
18613,78907,0.014527712
18614,114746,0.7234825
18615,99437,0.0045330254
18616,22139,0.056731757
18617,94756,0.74877614
18618,92882,0.78680277
18619,61528,0.088731185
18620,78882,0.0020691345
18621,1124,0.00885812
18622,16201,0.00576315
18623,59640,0.006436934
18624,92338,0.65895265
18625,39751,0.07216779
18626,4421,0.018435312
18627,93573,0.004344137
18628,54616,0.0019494393
18629,7818,0.7994104
18630,2628,0.0027306122
18631,2076,0.59687626
18632,82679,0.44110775
18633,1599,0.17620468
18634,91448,0.002674313
18635,59303,0.25401485
18636,4626,0.0018252487
18637,87068,0.011524673
18638,45336,0.3860109
18639,37715,0.011526624
18640,35847,0.55566055
18641,13475,0.0023888827
18642,81174,0.018009568
18643,692,0.7947084
18644,55862,0.0043165195
18645,70872,0.015755283
18646,7020,0.0038968078
18647,97991,0.7130009
18648,44820,0.0012627309
18649,10440,0.005811611
18650,83855,0.0034740253
18651,64068,0.0065740487
18652,31580,0.0008271332
18653,56726,0.5404774
18654,17595,0.08134386
18655,51300,0.009914719
18656,11951,0.0017000175
18657,51783,0.7925452
18658,59604,0.0021450357
18659,31999,0.03099253
18660,68353,0.011438336
18661,73201,0.010934924
18662,6487,0.002541684
18663,56831,0.03712462
18664,50838,0.21967717
18665,113445,0.01952907
18666,86242,0.008265815
18667,71167,0.44101527
18668,67265,0.24882104
18669,69885,0.56254977
18670,7496,0.5072903
18671,15945,0.0029113751
18672,78401,0.0067677023
18673,60466,0.27065274
18674,102527,0.27749422
18675,85760,0.025532354
18676,14444,0.35608795
18677,83810,0.037666857
18678,72426,0.012002181
18679,86934,0.82282555
18680,101929,0.006698851
18681,115418,0.22969018
18682,103462,0.7180863
18683,88877,0.87290287
18684,114689,0.014014389
18685,25087,0.03099253
18686,13348,0.87468094
18687,75384,0.012002181
18688,57917,0.2822489
18689,114646,0.0017130947
18690,91756,0.22162698
18691,112693,0.0012273917
18692,101215,0.0014155862
18693,78344,0.0008226301
18694,80693,0.0016989608
18695,85499,0.07418069
18696,84576,0.088731185
18697,114555,0.78680277
18698,23639,0.004628167
18699,1312,0.0119289635
18700,57257,0.013969766
18701,4894,0.004241271
18702,39703,0.00071399944
18703,27633,0.04109628
18704,2176,0.13186456
18705,78855,0.0013345642
18706,111680,0.014083165
18707,60707,0.013503655
18708,21463,0.0008271332
18709,50162,0.051835634
18710,61872,0.029653657
18711,84702,0.088731185
18712,94050,0.15315405
18713,5013,0.008129198
18714,71466,0.56254977
18715,108030,0.74846315
18716,86069,0.27749422
18717,24920,0.7441965
18718,81635,0.007304721
18719,46525,0.07216779
18720,94239,0.15818791
18721,88963,0.5336217
18722,59356,0.7957864
18723,56222,0.105387464
18724,58728,0.012794398
18725,658,0.010515875
18726,64756,0.0036547987
18727,82362,0.45156
18728,6329,0.0026269597
18729,102601,0.014101934
18730,103848,0.019272013
18731,67780,0.025196679
18732,85174,0.07221661
18733,69459,0.008456848
18734,99992,0.45784926
18735,22945,0.22358216
18736,35460,0.00071399944
18737,96514,0.1703914
18738,62686,0.7957864
18739,89445,0.008273953
18740,89179,0.00797546
18741,34560,0.0034396185
18742,9555,0.4087485
18743,67698,0.68550783
18744,48270,0.017204093
18745,70415,0.27749422
18746,45996,0.013178602
18747,707,0.44364974
18748,29516,0.25401485
18749,92224,0.004374494
18750,106897,0.0031547274
18751,85708,0.56254977
18752,97905,0.008207357
18753,15309,0.26268068
18754,88787,0.009821194
18755,9807,0.035971805
18756,8423,0.2685778
18757,735,0.14969523
18758,89521,0.74877614
18759,67195,0.13413408
18760,45967,0.00091765885
18761,11412,0.011151619
18762,100997,0.58310384
18763,19023,0.023567256
18764,15663,0.004902432
18765,3004,0.062338326
18766,102392,0.007319046
18767,44544,0.008123929
18768,6429,0.022035038
18769,72299,0.01683058
18770,31446,0.002149114
18771,21997,0.053762197
18772,7460,0.037040874
18773,50495,0.55566055
18774,98582,0.740201
18775,53187,0.56254977
18776,75584,0.71711034
18777,10590,0.020802634
18778,75606,0.70096636
18779,115168,0.005969138
18780,66947,0.70096636
18781,49884,0.00548509
18782,3171,0.0062781405
18783,18833,0.0007929157
18784,51457,0.009914719
18785,9767,0.0036391388
18786,43015,0.018598855
18787,104086,0.008754768
18788,58372,0.53810483
18789,107950,0.022261381
18790,29246,0.33401656
18791,113807,0.012002181
18792,51952,0.94244695
18793,20845,0.0054390766
18794,104229,0.8824114
18795,86618,0.93253547
18796,24259,0.35608795
18797,98204,0.14733292
18798,41835,0.053106707
18799,60924,0.009464335
18800,111900,0.04323531
18801,80790,0.012002181
18802,14018,0.4265207
18803,97964,0.03346912
18804,25418,0.26892516
18805,50133,0.0008218583
18806,41864,0.78245246
18807,23487,0.07216779
18808,45693,0.30027738
18809,65603,0.016420258
18810,53217,0.008167763
18811,72997,0.6469486
18812,53612,0.8468055
18813,113991,0.7957864
18814,63292,0.06432363
18815,51803,0.33983707
18816,79290,0.008425987
18817,59327,0.0062796697
18818,22400,0.3138417
18819,7189,0.002652343
18820,99476,0.0034914399
18821,105364,0.82282555
18822,74223,0.019717583
18823,50990,0.2822489
18824,28606,0.006315681
18825,111498,0.039967574
18826,39916,0.04517097
18827,42697,0.0016830805
18828,79452,0.04841312
18829,114839,0.088694006
18830,30725,0.55566055
18831,95610,0.45156
18832,22246,0.008569465
18833,93907,0.11149405
18834,58870,0.08630488
18835,93841,0.015378924
18836,100249,0.0047013923
18837,59026,0.16978104
18838,42216,0.00322297
18839,14003,0.029510276
18840,99076,0.53780246
18841,2116,0.00264607
18842,93111,0.010909436
18843,42318,0.00085166824
18844,38500,0.0090912385
18845,21551,0.0016353024
18846,38259,0.43110844
18847,92116,0.012002181
18848,86382,0.031913612
18849,107140,0.002072335
18850,98551,0.0032679527
18851,31296,0.9589323
18852,94929,0.7944973
18853,115594,0.043340042
18854,13301,0.0007445017
18855,45468,0.04894496
18856,14521,0.0027592923
18857,54149,0.36701018
18858,72837,0.00191408
18859,83063,0.00740127
18860,1813,0.0016783087
18861,81784,0.0076701418
18862,37314,0.33401656
18863,21721,0.056731757
18864,88662,0.0015012881
18865,17912,0.5199695
18866,45162,0.023105735
18867,85324,0.011099343
18868,99346,0.53780246
18869,88504,0.28655696
18870,60212,0.74877614
18871,91303,0.0011347807
18872,112342,0.53810483
18873,89466,0.65895265
18874,93431,0.088731185
18875,1192,0.17347047
18876,10391,0.020802634
18877,70583,0.2836866
18878,25524,0.00074424274
18879,66219,0.027369818
18880,45595,0.029409917
18881,101467,0.5011023
18882,77938,0.45156
18883,45138,0.9461417
18884,191,0.17771894
18885,68453,0.28655696
18886,47476,0.07216779
18887,75430,0.015073597
18888,104129,0.031571876
18889,104685,0.5011023
18890,48972,0.0016265064
18891,441,0.005035177
18892,107837,0.0025486278
18893,25783,0.015457122
18894,788,0.04653949
18895,57136,0.038656306
18896,12399,0.18238829
18897,25842,0.011116476
18898,109583,0.09289784
18899,33860,0.013969766
18900,58399,0.011007517
18901,90064,0.7174389
18902,2322,0.042468343
18903,113764,0.0038762968
18904,94278,0.014154177
18905,68880,0.44110775
18906,94058,0.0076220003
18907,18632,0.023977619
18908,30897,0.003176816
18909,23640,0.12976338
18910,17861,0.8615252
18911,85414,0.70096636
18912,34957,0.55566055
18913,20430,0.0012515021
18914,38888,0.0027078087
18915,68444,0.00085550436
18916,65687,0.02651618
18917,113882,0.0031903684
18918,87376,0.35608795
18919,83231,0.009648686
18920,64878,0.005774845
18921,45962,0.43110844
18922,73750,0.005660244
18923,48399,0.0011818317
18924,31495,0.0008271332
18925,100270,0.009081299
18926,104250,0.03961124
18927,110364,0.44101527
18928,42061,0.0038661798
18929,44824,0.0013695218
18930,70340,0.27749422
18931,22021,0.0036890497
18932,10176,0.0006426628
18933,86874,0.08855862
18934,50878,0.05849908
18935,114430,0.72160727
18936,77818,0.35608795
18937,25518,0.6221493
18938,9441,0.09586386
18939,52146,0.33401656
18940,5442,0.006657913
18941,16713,0.8015974
18942,43927,0.26892516
18943,58363,0.0026696066
18944,107965,0.7944973
18945,48936,0.0020691345
18946,47794,0.34026608
18947,76502,0.71711034
18948,47455,0.029409917
18949,75015,0.012645943
18950,85261,0.0063969376
18951,67668,0.0013185247
18952,53222,0.05849908
18953,98845,0.7156237
18954,52710,0.0014617869
18955,71478,0.78680277
18956,21949,0.3860109
18957,12472,0.009555139
18958,9084,0.03241165
18959,48183,0.5564428
18960,91271,0.5470555
18961,108243,0.0051435526
18962,32460,0.0016788584
18963,42451,0.0030927279
18964,43906,0.026034497
18965,51931,0.15794931
18966,98153,0.45156
18967,11029,0.0011157113
18968,75847,0.5316327
18969,93460,0.033501305
18970,45800,0.004628167
18971,94558,0.019930284
18972,76926,0.44101527
18973,61209,0.0015852768
18974,1340,0.8396209
18975,108617,0.28550902
18976,8408,0.8936748
18977,115544,0.022602122
18978,90387,0.7174389
18979,89287,0.003335049
18980,91797,0.8092999
18981,22077,0.00071399944
18982,102971,0.015976962
18983,63046,0.44110775
18984,13074,0.014139646
18985,75839,0.0028024404
18986,33264,0.55566055
18987,732,0.0064139995
18988,57362,0.029157756
18989,43578,0.045283277
18990,20495,0.0072224718
18991,115259,0.002353515
18992,109151,0.0071149007
18993,28361,0.26892516
18994,48688,0.003104327
18995,69760,0.014154177
18996,25445,0.25401485
18997,74994,0.009314953
18998,76892,0.2693841
18999,5812,0.018435312
19000,104243,0.44101527
19001,36309,0.0028548597
19002,38234,0.004628167
19003,26780,0.00071399944
19004,6296,0.5889251
19005,110184,0.013700311
19006,52008,0.028291002
19007,37938,0.0030850996
19008,42026,0.07216779
19009,25097,0.3860109
19010,35153,0.43110844
19011,46104,0.036068562
19012,63532,0.0053482987
19013,62831,0.03099253
19014,49690,0.8468055
19015,27161,0.03099253
19016,91387,0.016694603
19017,50354,0.55566055
19018,17597,0.5564428
19019,66250,0.016420258
19020,32496,0.00548509
19021,92143,0.0012606616
19022,44733,0.03099253
19023,21185,0.18977284
19024,1286,0.022405224
19025,39151,0.1801002
19026,49282,0.6923933
19027,89943,0.0014414926
19028,47276,0.07216779
19029,47493,0.051409062
19030,54400,0.74494725
19031,85298,0.020791909
19032,113723,0.53810483
19033,39689,0.00071399944
19034,2783,0.056464992
19035,11097,0.55109507
19036,3131,0.8032783
19037,60524,0.03712462
19038,25722,0.4176834
19039,86655,0.024851007
19040,67865,0.0052598515
19041,114062,0.03240026
19042,73184,0.0032467921
19043,112481,0.022602122
19044,99563,0.44101527
19045,113555,0.056546714
19046,17262,0.002508714
19047,55740,0.0044330666
19048,68808,0.0258125
19049,111055,0.016030794
19050,2358,0.59687626
19051,83694,0.013807404
19052,104158,0.0069975634
19053,42243,0.008520217
19054,83338,0.016160505
19055,15635,0.049987886
19056,72845,0.009334021
19057,38032,0.014154177
19058,24096,0.026034497
19059,86973,0.018334363
19060,62674,0.024114339
19061,112303,0.36090043
19062,37318,0.0013016311
19063,27512,0.00071399944
19064,79083,0.78680277
19065,49729,0.00071399944
19066,110330,0.009977237
19067,55875,0.4176834
19068,89811,0.024770316
19069,55163,0.06432363
19070,76130,0.012002181
19071,30326,0.00548509
19072,98786,0.09289784
19073,3152,0.0029729782
19074,22804,0.010437247
19075,112649,0.015893372
19076,44415,0.0035609538
19077,26543,0.07216779
19078,65259,0.018802276
19079,110928,0.012002181
19080,66700,0.0033187303
19081,85380,0.011081845
19082,56301,0.030200059
19083,2283,0.20631918
19084,38358,0.00071399944
19085,93303,0.03961124
19086,22698,0.0024507886
19087,27659,0.058077905
19088,92450,0.002203977
19089,67213,0.30797994
19090,109412,0.5561449
19091,74263,0.18412575
19092,91027,0.088731185
19093,45197,0.36112452
19094,107935,0.77919436
19095,30986,0.011460199
19096,15044,0.30960396
19097,17780,0.25511977
19098,87040,0.07349159
19099,46910,0.011217142
19100,75108,0.015073597
19101,6245,0.0038968078
19102,82614,0.12154962
19103,52253,0.022708766
19104,62532,0.013731752
19105,60976,0.0063888356
19106,95682,0.0043525947
19107,51451,0.70096636
19108,33494,0.0945801
19109,57652,0.05531505
19110,41591,0.053762197
19111,4468,0.0020352304
19112,2491,0.0038968078
19113,24568,0.026034497
19114,94372,0.048953585
19115,103875,0.0024011245
19116,1343,0.05535128
19117,30282,0.4507486
19118,75676,0.005108771
19119,87593,0.0055428315
19120,65336,0.0806475
19121,16306,0.0013905268
19122,10630,0.0020683333
19123,105958,0.07474397
19124,61041,0.009464335
19125,20591,0.15587679
19126,46045,0.35608795
19127,108181,0.012793837
19128,16844,0.004251471
19129,102020,0.15818791
19130,94428,0.55566055
19131,78968,0.67893946
19132,85368,0.8396209
19133,3242,0.42486593
19134,84991,0.40828907
19135,91667,0.72432643
19136,115466,0.22969018
19137,100192,0.07222346
19138,33771,0.00071399944
19139,82372,0.44101527
19140,88713,0.0017035138
19141,76646,0.0037317912
19142,87052,0.32012954
19143,70163,0.007948602
19144,35463,0.036068562
19145,88203,0.0026137054
19146,97706,0.01039152
19147,100390,0.0732946
19148,115798,0.3708521
19149,99350,0.020071892
19150,84607,0.7957864
19151,15103,0.015759919
19152,66350,0.008995493
19153,21934,0.35608795
19154,25971,0.25401485
19155,8296,0.0009246732
19156,27030,0.01858439
19157,36129,0.55566055
19158,81044,0.008508391
19159,79050,0.53810483
19160,66018,0.011081845
19161,71798,0.014701023
19162,58086,0.0333152
19163,65954,0.0033287215
19164,57825,0.0079448195
19165,27039,0.008013218
19166,74179,0.023515232
19167,3024,0.015977643
19168,75282,0.023845725
19169,63728,0.45129275
19170,41094,0.74603975
19171,70379,0.5199695
19172,30450,0.55566055
19173,46825,0.00091765885
19174,72175,0.20928882
19175,12984,0.51799
19176,28256,0.009074106
19177,59892,0.53810483
19178,72182,0.78680277
19179,67491,0.09289784
19180,61281,0.011007517
19181,73173,0.020961119
19182,69764,0.44110775
19183,17017,0.00623229
19184,27937,0.004414049
19185,58245,0.011676242
19186,31292,0.05802505
19187,19092,0.762075
19188,107821,0.0043080314
19189,87654,0.00095249934
19190,113406,0.002723823
19191,93100,0.60496414
19192,72844,0.17259738
19193,54891,0.062936194
19194,5646,0.11446235
19195,36358,0.74494725
19196,22006,0.007160646
19197,102810,0.015162601
19198,37141,0.07216779
19199,20296,0.008226825
19200,54624,0.53810483
19201,60372,0.7174389
19202,84032,0.74877614
19203,38315,0.07216779
19204,97258,0.012130583
19205,86018,0.0006159516
19206,72765,0.33021194
19207,45152,0.011294562
19208,110223,0.0011613474
19209,16875,0.95312786
19210,863,0.055877678
19211,28326,0.058077905
19212,51868,0.72160727
19213,62043,0.029510276
19214,9465,0.0039355904
19215,38820,0.007075058
19216,17039,0.2546263
19217,13045,0.0010014323
19218,23740,0.029510276
19219,72237,0.012002181
19220,64283,0.00809491
19221,26902,0.0047856807
19222,14424,0.0046901447
19223,14572,0.00078592164
19224,51340,0.0065098526
19225,55172,0.0021807463
19226,115003,0.6995444
19227,68543,0.7957864
19228,45226,0.5199695
19229,40204,0.70096636
19230,14257,0.18459778
19231,46475,0.00805099
19232,74550,0.2836866
19233,97065,0.03784473
19234,73554,0.2530429
19235,28096,0.0052447394
19236,63351,0.0149367405
19237,66216,0.005776184
19238,115757,0.014105375
19239,77661,0.27749422
19240,24170,0.0099807475
19241,68317,0.027627464
19242,67063,0.006943624
19243,27516,0.09494039
19244,1309,0.72396594
19245,33041,0.09965071
19246,79618,0.4507486
19247,99870,0.35449865
19248,62986,0.016420258
19249,53461,0.0602134
19250,17412,0.36883074
19251,67839,0.27749422
19252,23746,0.012999935
19253,2281,0.008968482
19254,8382,0.030217486
19255,109162,0.044904254
19256,36181,0.95233816
19257,93000,0.020262778
19258,39895,0.0013070325
19259,113200,0.008834953
19260,27187,0.0061067296
19261,101493,0.008515413
19262,33978,0.35608795
19263,28984,0.008741669
19264,112914,0.86641574
19265,97186,0.32012954
19266,13916,0.00082599116
19267,62960,0.0047085155
19268,88498,0.031913612
19269,18662,0.002508714
19270,27646,0.0078108576
19271,25647,0.015755283
19272,61101,0.024345396
19273,65272,0.008652129
19274,46313,0.4176834
19275,84012,0.009945162
19276,47305,0.0012596385
19277,13277,0.0007928515
19278,35527,0.55566055
19279,69436,0.762075
19280,15261,0.04471694
19281,17510,0.005645296
19282,63636,0.009464335
19283,112715,0.088731185
19284,115035,0.22969018
19285,100132,0.012002181
19286,82445,0.03243773
19287,62171,0.014247143
19288,96052,0.007626647
19289,86133,0.011207468
19290,114221,0.015976962
19291,14429,0.00095214054
19292,59811,0.74877614
19293,92019,0.61112845
19294,14630,0.0045910147
19295,107883,0.019154396
19296,72975,0.051835634
19297,94884,0.066196755
19298,15610,0.56254977
19299,29714,0.0020691345
19300,80787,0.28655696
19301,115208,0.573982
19302,7256,0.01747201
19303,8158,0.001444196
19304,83527,0.0007929157
19305,73596,0.005660244
19306,23255,0.38217098
19307,112613,0.86641574
19308,51816,0.78245246
19309,45167,0.07216779
19310,44014,0.015377228
19311,28590,0.027157405
19312,89472,0.35608795
19313,13153,0.02162195
19314,107505,0.020164054
19315,2545,0.66060126
19316,85843,0.015742097
19317,105688,0.5122181
19318,18182,0.00082599116
19319,60478,0.022474704
19320,37532,0.0602134
19321,110396,0.5011023
19322,91896,0.04701498
19323,98539,0.34442058
19324,110545,0.0027719922
19325,80910,0.011099343
19326,88889,0.010375283
19327,58516,0.5992805
19328,75286,0.004797168
19329,95592,0.015228036
19330,12471,0.94193906
19331,67200,0.27749422
19332,15203,0.008216615
19333,87136,0.44101527
19334,90716,0.7174389
19335,62941,0.0017783999
19336,82615,0.010719096
19337,44199,0.00071399944
19338,73702,0.029148983
19339,24969,0.63320017
19340,14626,0.43110844
19341,31504,0.03099253
19342,70002,0.44101527
19343,39307,0.029409917
19344,46682,0.006394756
19345,87284,0.23819661
19346,1434,0.004751769
19347,43910,0.00091765885
19348,7569,0.018435312
19349,96438,0.00782899
19350,100632,0.45156
19351,104272,0.016939249
19352,53994,0.062936194
19353,91283,0.28651854
19354,54777,0.9544863
19355,20884,0.535909
19356,82085,0.010616358
19357,43944,0.027091615
19358,57276,0.010900266
19359,73420,0.008462551
19360,80482,0.008381444
19361,42529,0.053212114
19362,56309,0.5992805
19363,41814,0.015716443
19364,11473,0.018435312
19365,68492,0.007034591
19366,92551,0.53241813
19367,68274,0.43110844
19368,35691,0.01169598
19369,8453,0.0019436522
19370,6785,0.2685778
19371,19291,0.010384128
19372,108722,0.0020887225
19373,68175,0.74877614
19374,15486,0.8158922
19375,45641,0.13571894
19376,73383,0.0019729873
19377,64031,0.0015546031
19378,15873,0.0007445017
19379,66784,0.0045564794
19380,51787,0.56254977
19381,27364,0.0069009163
19382,51021,0.009914719
19383,91962,0.45156
19384,62896,0.74877614
19385,11333,0.0032481502
19386,86775,0.012678635
19387,47013,0.0012121588
19388,33816,0.0033903874
19389,42863,0.13930103
19390,26755,0.9322891
19391,20533,0.0021317352
19392,40890,0.004339223
19393,99152,0.061000414
19394,44163,0.6221493
19395,106905,0.6280348
19396,11740,0.14979403
19397,21822,0.029409917
19398,82271,0.15818791
19399,83555,0.016837288
19400,4837,0.8941861
19401,43971,0.026034497
19402,1944,0.5889251
19403,5237,0.14736839
19404,37286,0.80551404
19405,655,0.0020572012
19406,20498,0.04306371
19407,3981,0.017380128
19408,84121,0.0020908376
19409,60778,0.012219414
19410,1529,0.0028388316
19411,75529,0.0027706402
19412,96584,0.0023091962
19413,31856,0.010100599
19414,45164,0.023896458
19415,115060,0.78680277
19416,108010,0.0031547274
19417,58712,0.008110986
19418,28175,0.013172917
19419,94799,0.57717556
19420,8166,0.35568908
19421,45554,0.021939708
19422,79465,0.74846315
19423,23294,0.43110844
19424,83829,0.016262213
19425,105257,0.040165976
19426,20688,0.0072606807
19427,115336,0.084995285
19428,73867,0.43963388
19429,19599,0.0037176884
19430,13055,0.026134482
19431,106882,0.004710098
19432,41947,0.72584873
19433,7126,0.005819168
19434,104207,0.012002181
19435,57585,0.0020367051
19436,96751,0.0019729873
19437,90788,0.0022907744
19438,5886,0.00374704
19439,52120,0.0019388415
19440,106797,0.008000905
19441,52407,0.74603975
19442,45243,0.01935918
19443,82325,0.013807404
19444,47844,0.009914719
19445,100783,0.8313067
19446,29244,0.009683285
19447,47102,0.026034497
19448,27663,0.38262606
19449,11771,0.51799
19450,84457,0.016824173
19451,70761,0.011893888
19452,20336,0.19016255
19453,715,0.020127725
19454,62738,0.009464335
19455,51271,0.55566055
19456,104162,0.839951
19457,37550,0.0033856477
19458,76845,0.62524277
19459,51242,0.051835634
19460,25057,0.6617882
19461,64646,0.0017036711
19462,51385,0.003395497
19463,53811,0.53810483
19464,105135,0.023289364
19465,108711,0.13930103
19466,58121,0.55566055
19467,90907,0.87290287
19468,20827,0.00071399944
19469,104224,0.5030404
19470,111444,0.0025013755
19471,64383,0.04046949
19472,56476,0.051835634
19473,24524,0.07216779
19474,27845,0.004480049
19475,40163,0.6221493
19476,90830,0.9462083
19477,87232,0.0016939944
19478,23574,0.0027279102
19479,46115,0.03099253
19480,94188,0.0066555766
19481,63317,0.09469659
19482,74534,0.012002181
19483,35291,0.0012086659
19484,39596,0.018643498
19485,23486,0.56254977
19486,81047,0.35608795
19487,93399,0.0057768715
19488,83380,0.44110775
19489,112686,0.011207468
19490,65446,0.0067975186
19491,86247,0.56254977
19492,46955,0.0022865096
19493,87319,0.030186739
19494,24597,0.006576126
19495,62935,0.029461985
19496,29392,0.06891492
19497,102824,0.060719058
19498,50802,0.19152845
19499,89526,0.35608795
19500,30994,0.32017073
19501,76470,0.0032348193
19502,92564,0.82282555
19503,21399,0.0109632425
19504,49224,0.006725547
19505,29115,0.55566055
19506,59022,0.7957864
19507,3877,0.001792393
19508,107838,0.003984597
19509,84546,0.026081407
19510,109011,0.65557665
19511,36221,0.00071399944
19512,46666,0.56765723
19513,92721,0.74877614
19514,19285,0.055877678
19515,110957,0.0073938603
19516,32568,0.6280348
19517,50895,0.55566055
19518,3401,0.2589967
19519,19144,0.9314414
19520,12803,0.00876299
19521,27979,0.0035677722
19522,42619,0.102473386
19523,45769,0.00071399944
19524,92145,0.004153823
19525,40953,0.022908762
19526,81404,0.019717583
19527,27297,0.03267948
19528,24796,0.0072224718
19529,67274,0.026012594
19530,3259,0.02281438
19531,103024,0.003265346
19532,115925,0.64646333
19533,65145,0.009223896
19534,45656,0.059736237
19535,39611,0.048551325
19536,86366,0.2836866
19537,49094,0.0018306953
19538,103841,0.009634175
19539,113878,0.41204426
19540,79972,0.15818791
19541,107901,0.008977496
19542,14165,0.74603975
19543,108544,0.0051102275
19544,15388,0.032209866
19545,64024,0.002346441
19546,63017,0.0034332157
19547,114339,0.003227144
19548,69477,0.44110775
19549,83102,0.7174389
19550,92765,0.53241813
19551,85825,0.56254977
19552,83026,0.035883766
19553,66109,0.029188784
19554,92942,0.0037225627
19555,27404,0.53810483
19556,43249,0.006802887
19557,72228,0.088092454
19558,14492,0.017177152
19559,66488,0.0813561
19560,22058,0.07216779
19561,37892,0.024041176
19562,53361,0.010217195
19563,77095,0.013769167
19564,43307,0.5199695
19565,92913,0.14575823
19566,59384,0.65579885
19567,35998,0.56254977
19568,54787,0.2822489
19569,77380,0.012002181
19570,63742,0.046755742
19571,55668,0.051531836
19572,15670,0.0073766
19573,62802,0.8468055
19574,36645,0.35608795
19575,63321,0.028966496
19576,19104,0.042249277
19577,91919,0.011576959
19578,31862,0.051835634
19579,10252,0.014565377
19580,98915,0.45156
19581,63575,0.0038747522
19582,71664,0.78680277
19583,14968,0.00876299
19584,10837,0.45357627
19585,79621,0.25427493
19586,110718,0.4507486
19587,88560,0.6405128
19588,26737,0.022164015
19589,64126,0.0023450213
19590,72177,0.004043151
19591,14911,0.0022681938
19592,17140,0.7315719
19593,74681,0.35608795
19594,75966,0.011007517
19595,34596,0.8048778
19596,63539,0.70096636
19597,87668,0.87290287
19598,36393,0.36701018
19599,38233,0.0047468394
19600,80276,0.19093354
19601,54229,0.36701018
19602,88354,0.32012954
19603,108176,0.0042354874
19604,62281,0.021939708
19605,107923,0.091431305
19606,26889,0.001278075
19607,38,0.77085584
19608,49617,0.0033787165
19609,50522,0.0023948231
19610,7764,0.030106343
19611,60727,0.004441212
19612,37020,0.011311482
19613,5988,0.0018184009
19614,88887,0.7174389
19615,77115,0.45156
19616,22468,0.09362373
19617,15551,0.00876299
19618,13365,0.23194364
19619,53286,0.43110844
19620,42574,0.0014322079
19621,22304,0.31480527
19622,24710,0.0031034686
19623,19075,0.0051871287
19624,75507,0.012002181
19625,93081,0.6405128
19626,69354,0.030230455
19627,111490,0.0011913968
19628,111040,0.12804033
19629,55994,0.7957864
19630,46703,0.00071399944
19631,70423,0.0028203225
19632,104399,0.03821536
19633,36401,0.015932
19634,115684,0.020047704
19635,1212,0.0007445017
19636,42030,0.07216779
19637,70759,0.026370872
19638,98241,0.00758587
19639,112970,0.48679414
19640,81089,0.015755283
19641,39566,0.021939708
19642,108306,0.03875918
19643,35165,0.0028463928
19644,52261,0.152907
19645,104936,0.0025142184
19646,66158,0.019603891
19647,88313,0.43110844
19648,62361,0.018748952
19649,89397,0.045511916
19650,113404,0.53810483
19651,44403,0.0043896055
19652,65357,0.01117166
19653,25001,0.03148414
19654,39196,0.0037795657
19655,55169,0.0034854359
19656,101925,0.13748777
19657,37433,0.000988345
19658,87332,0.72432643
19659,105297,0.53578204
19660,64247,0.0017706123
19661,95334,0.0029209573
19662,7427,0.008976101
19663,89289,0.4510593
19664,91542,0.008013377
19665,90493,0.44101527
19666,86195,0.56254977
19667,115123,0.009523034
19668,59287,0.9199046
19669,114911,0.28250012
19670,28663,0.70096636
19671,81118,0.013807404
19672,24912,0.029409917
19673,2666,0.051871374
19674,65871,0.016420258
19675,63464,0.10333219
19676,75838,0.023839744
19677,65469,0.005658875
19678,103855,0.007079421
19679,108567,0.87290287
19680,99832,0.5011023
19681,23280,0.0537294
19682,46644,0.017611688
19683,18247,0.13166432
19684,85649,0.28655696
19685,9385,0.0024286243
19686,63515,0.0076300693
19687,85227,0.011099343
19688,37134,0.030330224
19689,16991,0.55109507
19690,74500,0.68550783
19691,61361,0.06412971
19692,96395,0.010909436
19693,38619,0.37548712
19694,77040,0.43110844
19695,4791,0.0067628166
19696,66676,0.020892661
19697,100122,0.30226132
19698,26111,0.051835634
19699,85249,0.03712462
19700,91512,0.032024384
19701,91892,0.070435114
19702,29490,0.55566055
19703,73736,0.15818791
19704,96225,0.44110775
19705,20600,0.00091765885
19706,46200,0.0028715215
19707,90386,0.7234883
19708,63754,0.0027768868
19709,53135,0.0011913049
19710,78244,0.5992805
19711,81357,0.05849908
19712,54696,0.72160727
19713,99224,0.030523187
19714,113863,0.0040987944
19715,112877,0.008989799
19716,49915,0.0602134
19717,4780,0.61648524
19718,82699,0.44110775
19719,997,0.0023372509
19720,97789,0.0049649845
19721,91310,0.57717556
19722,72479,0.0014050597
19723,115936,0.64646333
19724,100544,0.5011023
19725,77080,0.5992805
19726,105343,0.015337844
19727,48574,0.0036890497
19728,51839,0.005943083
19729,13970,0.030238671
19730,99468,0.009081299
19731,77298,0.5199695
19732,11591,0.82121855
19733,26204,0.0012627309
19734,96895,0.02189095
19735,9435,0.95066607
19736,18494,0.14979403
19737,3509,0.0077867075
19738,38435,0.027058937
19739,70351,0.27749422
19740,41155,0.026034497
19741,68894,0.02892263
19742,88916,0.76863915
19743,106108,0.0038991468
19744,25629,0.42777395
19745,102974,0.15818791
19746,50443,0.014701023
19747,14716,0.033737633
19748,81269,0.012002181
19749,12124,0.006114427
19750,55139,0.006641377
19751,88024,0.012002181
19752,66105,0.0032679527
19753,97068,0.013852864
19754,78640,0.003743473
19755,82603,0.013807404
19756,12598,0.0061814613
19757,21696,0.07216779
19758,66582,0.73044205
19759,30515,0.0011807234
19760,50564,0.25401485
19761,62534,0.011676242
19762,65553,0.009001166
19763,45356,0.0038353244
19764,102710,0.67893946
19765,1413,0.72584873
19766,22195,0.016086541
19767,110116,0.0029057208
19768,105215,0.372094
19769,113841,0.07573647
19770,33238,0.030230455
19771,88955,0.012019116
19772,77307,0.45156
19773,71163,0.14783444
19774,14738,0.055877678
19775,65637,0.8648343
19776,104435,0.011207468
19777,49725,0.07618874
19778,4119,0.021093631
19779,93148,0.0041516535
19780,11867,0.00876299
19781,60740,0.6469486
19782,105301,0.5011023
19783,114607,0.020870145
19784,7532,0.04868326
19785,106599,0.28550902
19786,12943,0.0047530904
19787,23515,0.006046115
19788,90552,0.74877614
19789,70632,0.24184124
19790,80808,0.56254977
19791,104984,0.36090043
19792,74340,0.5564428
19793,106786,0.2836866
19794,63025,0.0075836806
19795,51188,0.00305289
19796,74678,0.6975435
19797,83786,0.27749422
19798,41239,0.6469486
19799,52497,0.28651854
19800,64373,0.002973873
19801,1670,0.811426
19802,28167,0.0147084845
19803,31242,0.8048408
19804,33724,0.0020622783
19805,16329,0.0015385207
19806,72592,0.003239281
19807,12868,0.0006426628
19808,40616,0.0063835555
19809,111153,0.07262648
19810,9291,0.0030910303
19811,71613,0.5199695
19812,32459,0.5673918
19813,106540,0.014014389
19814,21592,0.0029812765
19815,12789,0.00876299
19816,39446,0.029343786
19817,71532,0.0034585437
19818,83856,0.0061151
19819,92902,0.00371542
19820,11524,0.002739128
19821,23811,0.0029391395
19822,31991,0.00054798205
19823,33568,0.08393276
19824,2153,0.07078054
19825,23160,0.006315681
19826,2033,0.01793462
19827,78923,0.01117166
19828,5668,0.018435312
19829,92887,0.27749422
19830,11363,0.016228735
19831,75933,0.15818791
19832,88621,0.0057323417
19833,68960,0.07221661
19834,110558,0.36090043
19835,65964,0.015330774
19836,19514,0.001739746
19837,40853,0.15809979
19838,45288,0.0007077132
19839,95352,0.009464335
19840,59436,0.011007517
19841,87194,0.013088549
19842,46865,0.059736237
19843,84465,0.42777395
19844,64018,0.010260701
19845,8113,0.028729357
19846,59212,0.003833971
19847,65234,0.01117166
19848,23936,0.025380848
19849,57891,0.0010991367
19850,63008,0.071218245
19851,82092,0.74494725
19852,34555,0.031857833
19853,53900,0.9848653
19854,109378,0.74846315
19855,23987,0.0035426382
19856,109500,0.28550902
19857,102569,0.57717556
19858,111617,0.0056111617
19859,26505,0.015457122
19860,74891,0.0012838684
19861,22342,0.00071399944
19862,28316,0.5564428
19863,97245,0.44110775
19864,112056,0.0017803573
19865,18924,0.0006619494
19866,39456,0.026034497
19867,44104,0.104497045
19868,32658,0.03099253
19869,42829,0.0252323
19870,79091,0.008226825
19871,25308,0.8236736
19872,32147,0.01935918
19873,59563,0.0049405373
19874,96650,0.44101527
19875,110224,0.00096882205
19876,23980,0.0047003618
19877,99576,0.006436934
19878,9098,0.0055993847
19879,65883,0.010545328
19880,64627,0.0032679527
19881,100765,0.009464335
19882,58091,0.5484025
19883,94918,0.0070306086
19884,66480,0.011207272
19885,20679,0.0022513277
19886,83838,0.0048946314
19887,45802,0.26892516
19888,24757,0.8936748
19889,44497,0.8648343
19890,88866,0.0009796321
19891,73968,0.0045618135
19892,45025,0.0020638981
19893,8357,0.009307762
19894,84586,0.013807404
19895,38501,0.07216779
19896,65205,0.009747291
19897,31378,0.72160727
19898,76889,0.44101527
19899,916,0.0062477128
19900,54319,0.007905635
19901,8750,0.012792699
19902,94060,0.42961618
19903,76954,0.70096636
19904,6020,0.018435312
19905,95762,0.0834848
19906,56949,0.02523957
19907,93493,0.09289784
19908,89022,0.02030191
19909,61430,0.005658875
19910,58328,0.8048408
19911,16886,0.3360242
19912,86518,0.02950478
19913,35244,0.018842274
19914,14275,0.021888748
19915,19307,0.0067864787
19916,35196,0.016420258
19917,106224,0.63096803
19918,45900,0.01099337
19919,9841,0.09586386
19920,13575,0.72396594
19921,33604,0.026183767
19922,80051,0.03545541
19923,101770,0.0099509
19924,79906,0.026081407
19925,77757,0.005507187
19926,64922,0.0016549306
19927,52412,0.34026608
19928,31354,0.005898985
19929,86238,0.042993333
19930,45645,0.03099253
19931,46257,0.015015686
19932,51662,0.00124205
19933,84899,0.0048946314
19934,20936,0.81452924
19935,7465,0.4087485
19936,93824,0.5011023
19937,56116,0.55566055
19938,97916,0.05385674
19939,35366,0.0008271332
19940,22519,0.0048896754
19941,2532,0.014075083
19942,105472,0.04631971
19943,73103,0.012704579
19944,31409,0.01789401
19945,75952,0.70096636
19946,38044,0.63145876
19947,54605,0.088731185
19948,69006,0.44101527
19949,81230,0.74603975
19950,59156,0.07507838
19951,71408,0.7957864
19952,80393,0.61112845
19953,10060,0.0050577517
19954,15674,0.8468055
19955,70390,0.0024920567
19956,4851,0.018435312
19957,66318,0.0029380356
19958,1784,0.017686905
19959,89666,0.15818791
19960,65565,0.10333219
19961,64812,0.0041199224
19962,23597,0.0038811718
19963,55170,0.34026608
19964,112668,0.7441965
19965,59089,0.010804455
19966,57782,0.026815068
19967,24305,0.036068562
19968,13302,0.010384128
19969,35663,0.00805099
19970,41046,0.05849908
19971,46153,0.6803675
19972,1007,0.8468055
19973,114284,0.64803004
19974,51386,0.14047155
19975,102261,0.006730454
19976,9018,0.00089463184
19977,73622,0.2836866
19978,71616,0.017257174
19979,109721,0.012194856
19980,47677,0.008841077
19981,58946,0.004381802
19982,32354,0.0020691345
19983,81224,0.066196755
19984,22078,0.020526705
19985,78193,0.010908412
19986,51035,0.006594387
19987,29501,0.013709451
19988,59849,0.2822489
19989,100372,0.009081299
19990,77302,0.013852864
19991,8713,0.009968175
19992,10370,0.0023572394
19993,70456,0.43110844
19994,31147,0.6280348
19995,79352,0.72432643
19996,87188,0.032024384
19997,107591,0.004727539
19998,92592,0.8092999
19999,54554,0.044838753
20000,14892,0.012819808
20001,57208,0.005964554
20002,34311,0.023259755
20003,83003,0.012002181
20004,18113,0.032164373
20005,35519,0.0069172354
20006,41833,0.004254092
20007,47509,0.001632134
20008,109392,0.5561449
20009,76870,0.27749422
20010,103805,0.03961124
20011,85264,0.06379469
20012,56523,0.8383819
20013,2770,0.01793462
20014,79924,0.0127383135
20015,39515,0.011438934
20016,98485,0.00964552
20017,40725,0.0031355557
20018,36826,0.35608795
20019,49787,0.02086329
20020,60113,0.0086750835
20021,105085,0.77919436
20022,28974,0.26892516
20023,59013,0.72160727
20024,89465,0.0039127474
20025,1269,0.002050763
20026,6801,0.0055993847
20027,90549,0.08855862
20028,93776,0.012002181
20029,76751,0.088731185
20030,14765,0.0006503791
20031,29010,0.0022260468
20032,94423,0.015259422
20033,115558,0.00274921
20034,55768,0.15795155
20035,107555,0.740201
20036,58642,0.76863915
20037,35653,0.33401656
20038,102984,0.30316836
20039,80882,0.008456848
20040,91293,0.72432643
20041,46630,0.008011415
20042,27679,0.3497864
20043,58393,0.005583477
20044,111283,0.0134562235
20045,97308,0.15818791
20046,78558,0.016984316
20047,84998,0.0049294382
20048,11734,0.85398394
20049,78078,0.0036890497
20050,68300,0.088731185
20051,98237,0.029510276
20052,92759,0.87290287
20053,43432,0.43110844
20054,93628,0.45156
20055,21966,0.0028903463
20056,35144,0.032343682
20057,64340,0.0039326027
20058,27806,0.0064336113
20059,8363,0.016924916
20060,10988,0.59766406
20061,98693,0.007304721
20062,91000,0.012002181
20063,101017,0.0023932334
20064,20705,0.001123762
20065,32358,0.55566055
20066,81687,0.012002181
20067,54575,0.0062277107
20068,11511,0.003730694
20069,31261,0.032583106
20070,25204,0.015104119
20071,31044,0.2822489
20072,21154,0.11373431
20073,108887,0.022487141
20074,31654,0.6280348
20075,72018,0.56254977
20076,114530,0.013914556
20077,31857,0.2822489
20078,8272,0.01933587
20079,21890,0.0008271332
20080,73972,0.0092995865
20081,88230,0.27749422
20082,84547,0.012002181
20083,78377,0.025549188
20084,56820,0.09494039
20085,48550,0.014362578
20086,92828,0.0017556922
20087,78218,0.018295318
20088,58566,0.7957864
20089,70221,0.016422339
20090,25573,0.0045698932
20091,103102,0.013852864
20092,43326,0.004256054
20093,86722,0.020117557
20094,40030,0.0020691345
20095,67458,0.013729459
20096,49595,0.09120658
20097,111910,0.03961124
20098,83865,0.088731185
20099,14802,0.0248151
20100,100602,0.008425987
20101,40012,0.021939708
20102,101893,0.28550902
20103,61300,0.19750059
20104,88615,0.0032926274
20105,54649,0.012687478
20106,7133,0.0019390944
20107,87161,0.031913612
20108,113105,0.40806052
20109,46975,0.8914037
20110,15495,0.0046768277
20111,47206,0.06525753
20112,4215,0.0013366052
20113,56173,0.69804543
20114,91018,0.0038061808
20115,10555,0.006992625
20116,102110,0.6405128
20117,22514,0.02019244
20118,12384,0.0006426628
20119,47855,0.009914719
20120,59320,0.7174389
20121,111343,0.004789179
20122,31748,0.004768465
20123,79095,0.47291863
20124,31832,0.55566055
20125,6302,0.012236502
20126,70264,0.74877614
20127,110500,0.41344064
20128,16922,0.017562356
20129,84632,0.56254977
20130,100887,0.04434059
20131,68875,0.0052598515
20132,96113,0.009215315
20133,51290,0.70096636
20134,107376,0.01904681
20135,104072,0.017443784
20136,16342,0.004791189
20137,57635,0.0012358909
20138,88941,0.27749422
20139,67950,0.029607145
20140,83127,0.003420309
20141,71194,0.0022066012
20142,73605,0.28651854
20143,19910,0.0077048573
20144,31043,0.0006825832
20145,19467,0.31480527
20146,23690,0.09941822
20147,67578,0.7957864
20148,66370,0.0032679527
20149,50819,0.55566055
20150,445,0.003099
20151,21068,0.0155742
20152,18647,0.56254977
20153,40217,0.19501223
20154,62112,0.024455195
20155,94973,0.8824114
20156,41341,0.82478386
20157,62785,0.046264153
20158,53931,0.020746762
20159,109811,0.0053627514
20160,21932,0.0015300594
20161,42491,0.0022068091
20162,51046,0.0023723533
20163,88802,0.008226825
20164,84236,0.005467039
20165,82305,0.046264153
20166,84172,0.0059171664
20167,114048,0.72432643
20168,7854,0.094689816
20169,31408,0.026317831
20170,109850,0.010351857
20171,81482,0.012002181
20172,63449,0.036849957
20173,80936,0.012432675
20174,100703,0.5011023
20175,66722,0.01696754
20176,94716,0.55566055
20177,43872,0.007386214
20178,106148,0.022487141
20179,83710,0.8396209
20180,62084,0.36701018
20181,59706,0.0062671695
20182,29199,0.55566055
20183,93149,0.2530429
20184,109935,0.81978536
20185,115057,0.7441965
20186,119,0.018435312
20187,109575,0.5011023
20188,63379,0.006436934
20189,37347,0.55566055
20190,6518,0.045673657
20191,81628,0.0018670495
20192,248,0.0008927967
20193,16123,0.0006503791
20194,72830,0.005673686
20195,48097,0.13166432
20196,104445,0.08051089
20197,102474,0.025163257
20198,100304,0.0020904406
20199,106063,0.004710098
20200,82566,0.25401485
20201,51888,0.009914719
20202,64905,0.025383819
20203,83524,0.030300558
20204,61365,0.03099253
20205,26387,0.00091765885
20206,4099,0.03273383
20207,7983,0.052116908
20208,46010,0.8057522
20209,31667,0.2822489
20210,53727,0.088731185
20211,96403,0.0035117555
20212,10514,0.08282487
20213,72717,0.0025272137
20214,85483,0.27749422
20215,31250,0.5199695
20216,103788,0.0053627514
20217,110998,0.8343672
20218,6427,0.010832843
20219,75066,0.019717583
20220,38319,0.0053677773
20221,106270,0.55365103
20222,110902,0.7174389
20223,100627,0.53910613
20224,4214,0.031376135
20225,985,0.022790065
20226,31907,0.0025430808
20227,80650,0.35608795
20228,22107,0.0027598448
20229,92139,0.03835992
20230,59087,0.0016265064
20231,1787,0.00093779346
20232,110554,0.5191631
20233,103507,0.5561449
20234,74377,0.03197035
20235,50722,0.18742363
20236,41901,0.45156
20237,59896,0.38177112
20238,104859,0.6280348
20239,80360,0.6506771
20240,15830,0.055877678
20241,101091,0.012002181
20242,112997,0.0698853
20243,61079,0.015228036
20244,91610,0.012002181
20245,55650,0.002482789
20246,8127,0.02281438
20247,9381,0.0066479766
20248,1897,0.059951186
20249,50090,0.009914719
20250,93156,0.43110844
20251,39320,0.028063014
20252,11534,0.049247425
20253,880,0.005756217
20254,48586,0.74877614
20255,97309,0.03942304
20256,2312,0.008129198
20257,31996,0.0007289783
20258,43727,0.0012627309
20259,63080,0.035288915
20260,53184,0.013969766
20261,100223,0.007070842
20262,63214,0.011207468
20263,39338,0.005349778
20264,55784,0.0050289007
20265,106436,0.5011023
20266,91852,0.43110844
20267,35249,0.0034854359
20268,75420,0.002578551
20269,87939,0.003837023
20270,93057,0.021767253
20271,58379,0.040480983
20272,66710,0.009464335
20273,109296,0.055823866
20274,83347,0.0049660774
20275,17775,0.022424547
20276,54110,0.99197376
20277,54498,0.72160727
20278,16731,0.0007445017
20279,42636,0.010384128
20280,62508,0.009464335
20281,90813,0.6504956
20282,41148,0.14313461
20283,91873,0.53241813
20284,90738,0.0013665218
20285,50946,0.50516915
20286,70142,0.088731185
20287,97000,0.003952461
20288,101154,0.0033124795
20289,29694,0.03686558
20290,49358,0.5564428
20291,73863,0.5199695
20292,17248,0.23194364
20293,55426,0.72160727
20294,47298,0.20670973
20295,104837,0.0015511358
20296,14115,0.8818809
20297,9236,0.010066994
20298,69802,0.006175711
20299,56090,0.0133588435
20300,35680,0.0037354378
20301,58033,0.7174389
20302,11215,0.009319249
20303,115933,0.042275622
20304,34532,0.0076585
20305,100517,0.56768835
20306,23154,0.0112771
20307,97814,0.58310384
20308,11721,0.006657913
20309,58604,0.4000341
20310,115052,0.30887675
20311,77188,0.008848927
20312,96437,0.74877614
20313,18101,0.033737633
20314,40165,0.028130239
20315,53450,0.0073231077
20316,53568,0.008466053
20317,57504,0.011207468
20318,61933,0.5992805
20319,1842,0.039853398
20320,19306,0.0910583
20321,107658,0.30887675
20322,74403,0.004482855
20323,46498,0.049856868
20324,62479,0.011676242
20325,40056,0.1532431
20326,34940,0.00091765885
20327,89098,0.027988123
20328,98095,0.04640792
20329,10916,0.08840981
20330,65497,0.0029380356
20331,76415,0.78680277
20332,57106,0.42777395
20333,1985,0.0059548896
20334,8856,0.062338326
20335,26847,0.0020691345
20336,4240,0.0036918882
20337,112620,0.64646333
20338,45944,0.22921833
20339,92718,0.017257174
20340,78138,0.0019194805
20341,18477,0.002758429
20342,44434,0.07216779
20343,73910,0.5199695
20344,105671,0.1214876
20345,98642,0.040443584
20346,74997,0.18412575
20347,84640,0.027730143
20348,27991,0.010547756
20349,26234,0.0910583
20350,38346,0.015104119
20351,76998,0.055007335
20352,112850,0.53810483
20353,93077,0.14575823
20354,24753,0.0064965435
20355,100888,0.0073938603
20356,38683,0.00062484003
20357,12184,0.00876299
20358,41096,0.0020712751
20359,106904,0.028317085
20360,10181,0.04001529
20361,107428,0.036836438
20362,115752,0.5011023
20363,52764,0.0033860414
20364,37163,0.80551404
20365,90153,0.72105354
20366,80205,0.012002181
20367,70401,0.0027774163
20368,61611,0.021939708
20369,73090,0.041828133
20370,69989,0.15818791
20371,31359,0.17849776
20372,62833,0.011683391
20373,76227,0.0027644113
20374,18859,0.0016130267
20375,34016,0.00192343
20376,41281,0.044838753
20377,81363,0.55050915
20378,111197,0.00921683
20379,34435,0.66122717
20380,81548,0.0039479635
20381,62400,0.021939708
20382,113463,0.43688738
20383,111183,0.9283708
20384,12397,0.047849633
20385,101485,0.3708521
20386,60166,0.009464335
20387,57273,0.0010769105
20388,105523,0.36090043
20389,65711,0.01117166
20390,16026,0.44364974
20391,41093,0.07216779
20392,32844,0.78180486
20393,112869,0.011258529
20394,3423,0.16574548
20395,34646,0.34026608
20396,94277,0.0017633034
20397,29618,0.69804543
20398,45926,0.22969338
20399,24089,0.0036082184
20400,91968,0.02192802
20401,47054,0.026956026
20402,4043,0.029739564
20403,91120,0.65557665
20404,14965,0.74603975
20405,16929,0.5564428
20406,2481,0.062338326
20407,47896,0.023136243
20408,111730,0.76142997
20409,53131,0.008273953
20410,3455,0.0630845
20411,61212,0.53810483
20412,19051,0.0025292207
20413,48622,0.048551325
20414,38059,0.00080340466
20415,46323,0.008011415
20416,37339,0.002293938
20417,102926,0.035034087
20418,98528,0.5561449
20419,91670,0.5336217
20420,100740,0.44101527
20421,795,0.56254977
20422,101190,0.009464335
20423,24182,0.025803741
20424,115666,0.012194317
20425,43561,0.0012627309
20426,88271,0.44101527
20427,86709,0.15818791
20428,68874,0.0607168
20429,7755,0.062428214
20430,13572,0.0027739054
20431,14801,0.0020977086
20432,19372,0.011542079
20433,70110,0.013729459
20434,73126,0.595543
20435,8268,0.08161477
20436,1806,0.00659286
20437,45810,0.38217098
20438,31724,0.008104812
20439,14380,0.25401485
20440,98366,0.72105354
20441,79379,0.019704713
20442,49126,0.56254977
20443,35809,0.013961827
20444,112571,0.14140023
20445,44737,0.5199695
20446,2854,0.05119207
20447,39497,0.003227164
20448,27877,0.58656245
20449,91498,0.042252675
20450,72950,0.74877614
20451,75402,0.012002181
20452,23971,0.027091615
20453,26584,0.26892516
20454,83336,0.28655696
20455,79808,0.012793837
20456,38823,0.25401485
20457,107185,0.0025684617
20458,38246,0.018598855
20459,38714,0.0027078087
20460,101843,0.051573187
20461,55093,0.34026608
20462,35271,0.33401656
20463,12766,0.00876299
20464,36353,0.8868853
20465,22545,0.152907
20466,6916,0.00072764326
20467,6314,0.008129198
20468,66838,0.016420258
20469,10099,0.011326823
20470,58029,0.088731185
20471,21242,0.9038678
20472,109687,0.5011023
20473,16935,0.8048408
20474,25476,0.0022403651
20475,69824,0.70096636
20476,66325,0.003239281
20477,74092,0.07221661
20478,87799,0.74877614
20479,57172,0.56254977
20480,51328,0.004851868
20481,105136,0.82282555
20482,72769,0.051835634
20483,72616,0.35944954
20484,55571,0.0076849526
20485,84425,0.0009786423
20486,19545,0.9038678
20487,82331,0.32012954
20488,92928,0.65557665
20489,98601,0.8824114
20490,14841,0.030238671
20491,112798,0.6469486
20492,78922,0.090514146
20493,105776,0.5011023
20494,67532,0.61112845
20495,10708,0.0019436522
20496,52588,0.5199695
20497,114418,0.74846315
20498,84579,0.088731185
20499,87198,0.0046508964
20500,689,0.0031000315
20501,12670,0.72396594
20502,85531,0.0025840926
20503,38865,0.0878315
20504,98083,0.29338047
20505,59106,0.9141325
20506,59437,0.0059171664
20507,95673,0.015806755
20508,11980,0.006114427
20509,79684,0.0016129054
20510,11686,0.002117185
20511,48887,0.70096636
20512,103957,0.002747596
20513,63692,0.12849157
20514,107587,0.027032958
20515,72539,0.012002181
20516,5155,0.022035038
20517,4088,0.018435312
20518,82374,0.009821194
20519,12096,0.56254977
20520,96683,0.15818791
20521,17989,0.00876299
20522,85196,0.27749422
20523,86495,0.34026608
20524,31837,0.008226825
20525,30292,0.00071399944
20526,25309,0.03099253
20527,52507,0.014701023
20528,27801,0.03099253
20529,12971,0.004118622
20530,9913,0.37671882
20531,79731,0.017257174
20532,51708,0.014154177
20533,100317,0.013592036
20534,100197,0.2654076
20535,51463,0.81023467
20536,83202,0.18866682
20537,8990,0.5889251
20538,73447,0.012002181
20539,76177,0.03961124
20540,31400,0.015457122
20541,83389,0.56254977
20542,58790,0.6221493
20543,47369,0.13413408
20544,88191,0.009504566
20545,67246,0.74005514
20546,8317,0.019176923
20547,84082,0.87290287
20548,68628,0.0007512484
20549,111039,0.6390343
20550,37310,0.026034497
20551,86087,0.18866682
20552,65740,0.01117166
20553,44181,0.0055166776
20554,63325,0.0008226301
20555,62009,0.61112845
20556,8174,0.005435938
20557,51281,0.0016265064
20558,54114,0.4507486
20559,10685,0.1682248
20560,100694,0.5561449
20561,94549,0.76863915
20562,7949,0.0008738022
20563,33379,0.6280348
20564,113836,0.003205363
20565,61734,0.011676242
20566,11650,0.0019436522
20567,96357,0.7957864
20568,115934,0.28550902
20569,105895,0.2836866
20570,77133,0.003104327
20571,43887,0.011109575
20572,21285,0.046873923
20573,80492,0.0049660774
20574,89254,0.0027146228
20575,69702,0.066196755
20576,17021,0.0033960151
20577,78003,0.0059171664
20578,7108,0.09586386
20579,45161,0.8236736
20580,35163,0.0047468394
20581,32839,0.0020691345
20582,97036,0.02329308
20583,71037,0.006046115
20584,25218,0.0014237637
20585,72891,0.088731185
20586,70614,0.5470303
20587,75216,0.69804543
20588,101566,0.76051444
20589,125,0.009150533
20590,34886,0.72160727
20591,18806,0.45156
20592,5614,0.01342264
20593,3286,0.004730365
20594,18137,0.005518041
20595,27369,0.12072263
20596,38413,0.07216779
20597,68,0.019015284
20598,73862,0.012858475
20599,108946,0.76051444
20600,87181,0.5984585
20601,111833,0.056822628
20602,41354,0.03099253
20603,74169,0.886445
20604,50076,0.0153522175
20605,79223,0.0016110429
20606,80125,0.09289784
20607,71810,0.03323246
20608,78673,0.012432675
20609,5099,0.019397164
20610,4265,0.17164132
20611,60,0.0023921554
20612,22713,0.057796117
20613,111247,0.014679965
20614,7362,0.52831906
20615,21924,0.0022223643
20616,67576,0.09587613
20617,58144,0.012002181
20618,68710,0.15818791
20619,2379,0.09586386
20620,73385,0.0455394
20621,51650,0.69804543
20622,48765,0.003074107
20623,48290,0.029510276
20624,32006,0.09494039
20625,56294,0.084281884
20626,83445,0.15818791
20627,34604,0.5564428
20628,50092,0.56254977
20629,3129,0.08089559
20630,10232,0.030582005
20631,60438,0.27065274
20632,11732,0.0010495526
20633,53108,0.0971376
20634,64926,0.02822482
20635,112910,0.097248875
20636,36391,0.34026608
20637,36462,0.53810483
20638,75707,0.10844527
20639,47048,0.63145876
20640,104666,0.8143108
20641,55083,0.6221493
20642,17442,0.0006503791
20643,96079,0.012002181
20644,80947,0.0052735815
20645,98445,0.8824114
20646,18922,0.0012870057
20647,92365,0.27749422
20648,106452,0.0055331807
20649,111816,0.0027207406
20650,75476,0.78680277
20651,93584,0.005624118
20652,87113,0.0010980405
20653,50920,0.7925452
20654,33186,0.55566055
20655,22566,0.026034497
20656,41188,0.020511726
20657,64995,0.008652129
20658,81850,0.15818791
20659,54695,0.06010308
20660,95277,0.0010664855
20661,92012,0.14053988
20662,17521,0.013939059
20663,19138,0.020526705
20664,57698,0.0038703692
20665,70649,0.011207272
20666,69098,0.0034385612
20667,68835,0.28655696
20668,54359,0.1301377
20669,102704,0.8302362
20670,80447,0.22124092
20671,78107,0.0027706402
20672,17047,0.053582605
20673,102916,0.0060327933
20674,76252,0.019603891
20675,95900,0.009535437
20676,29784,0.068540476
20677,21048,0.70096636
20678,57275,0.009589337
20679,101808,0.009388217
20680,70543,0.45156
20681,100617,0.008029135
20682,115759,0.36646742
20683,2049,0.0011448081
20684,37424,0.008003532
20685,43519,0.0012754896
20686,25027,0.38177112
20687,20521,0.7301842
20688,31488,0.03099253
20689,25243,0.0063188365
20690,31885,0.016784513
20691,2417,0.27979872
20692,39961,0.0044308067
20693,38856,0.028174058
20694,67598,0.43110844
20695,4199,0.006297778
20696,80691,0.005943083
20697,8683,0.014975166
20698,87743,0.21208319
20699,88932,0.020737888
20700,11067,0.016588837
20701,3200,0.0022440997
20702,35131,0.009914719
20703,96603,0.72105354
20704,3637,0.023296796
20705,110513,0.36090043
20706,21844,0.07216779
20707,38689,0.03099253
20708,53723,0.011154927
20709,13110,0.00876299
20710,13895,0.5199695
20711,48257,0.005428825
20712,35092,0.78245246
20713,75121,0.0017517771
20714,67056,0.04046949
20715,19573,0.021367995
20716,54445,0.051135104
20717,86694,0.07474397
20718,36163,0.0063888356
20719,25363,0.015457122
20720,12146,0.5733231
20721,15046,0.12114352
20722,59447,0.74877614
20723,40462,0.0018721644
20724,87183,0.0035168782
20725,57206,0.78680277
20726,7750,0.0377774
20727,83901,0.28651854
20728,105781,0.45156
20729,113099,0.0021700708
20730,107062,0.03240026
20731,96285,0.0066555766
20732,77544,0.27749422
20733,109635,0.7441965
20734,83130,0.56254977
20735,31220,0.03099253
20736,75974,0.0049660774
20737,71309,0.78680277
20738,27315,0.26892516
20739,99618,0.44101527
20740,42957,0.0011788382
20741,36758,0.004628167
20742,19493,0.3439754
20743,33403,0.01228579
20744,96574,0.44110775
20745,36528,0.005964554
20746,11080,0.035971805
20747,91412,0.07805162
20748,107934,0.031571876
20749,35556,0.56254977
20750,60860,0.8936748
20751,96606,0.1225767
20752,106552,0.042538892
20753,28104,0.32093638
20754,56608,0.0043165195
20755,79786,0.56254977
20756,5966,0.006396401
20757,54453,0.0021450357
20758,31417,0.084732406
20759,78426,0.06086158
20760,56414,0.55566055
20761,73594,0.009821194
20762,95156,0.8452152
20763,4591,0.021069754
20764,24773,0.031857833
20765,71089,0.001927363
20766,68338,0.0027706402
20767,56443,0.70096636
20768,78867,0.18742363
20769,95456,0.55566055
20770,60932,0.019717583
20771,32360,0.6613377
20772,39840,0.026034497
20773,11666,0.85398394
20774,4549,0.69804543
20775,88134,0.011385333
20776,55505,0.027627464
20777,54755,0.015073597
20778,53975,0.015073597
20779,76133,0.0013307654
20780,6147,0.006235409
20781,31516,0.0061151
20782,9013,0.62081116
20783,100745,0.74846315
20784,25847,0.00841985
20785,34077,0.0021450357
20786,29646,0.005206112
20787,28620,0.06756898
20788,109153,0.0024851675
20789,18623,0.70096636
20790,108867,0.005189585
20791,45323,0.45156
20792,9633,0.0036918882
20793,34334,0.3878923
20794,56900,0.0099981865
20795,32541,0.03099253
20796,78282,0.020814998
20797,62697,0.060939007
20798,101063,0.13930103
20799,65105,0.003104327
20800,72310,0.78680277
20801,43852,0.07216779
20802,60260,0.0067714406
20803,73334,0.5564428
20804,20237,0.6221493
20805,81658,0.26296425
20806,52124,0.051835634
20807,84774,0.0041690385
20808,14562,0.004732848
20809,100444,0.014453191
20810,75385,0.00800357
20811,63733,0.006436934
20812,39047,0.014554813
20813,103159,0.5133302
20814,60745,0.55566055
20815,72027,0.7957864
20816,22691,0.004628167
20817,68773,0.00091765885
20818,35264,0.013139505
20819,82776,0.44110775
20820,104068,0.009081299
20821,93535,0.45156
20822,37976,0.00226695
20823,82569,0.7174389
20824,5183,0.00659286
20825,16472,0.0010285802
20826,62165,0.008758394
20827,72524,0.044838753
20828,37980,0.003743473
20829,104899,0.0025084682
20830,66636,0.014675633
20831,71142,0.012170365
20832,80671,0.0015157575
20833,13433,0.004945695
20834,97160,0.35608795
20835,74738,0.2530429
20836,2869,0.056464992
20837,100424,0.018036209
20838,32737,0.35608795
20839,68883,0.44110775
20840,82920,0.18866682
20841,1342,0.04163311
20842,80335,0.009464335
20843,115254,0.64803004
20844,90301,0.004415468
20845,42143,0.051880933
20846,93358,0.49711153
20847,19309,0.005124738
20848,23145,0.0029406643
20849,28112,0.0052015847
20850,109065,0.42961618
20851,66494,0.0064899973
20852,39150,0.02229542
20853,106879,0.0015684651
20854,49964,0.39579847
20855,460,0.0057369363
20856,28533,0.058077905
20857,47852,0.004441212
20858,95275,0.7130009
20859,66368,0.0066457163
20860,48493,0.008786702
20861,27639,0.0019129344
20862,91902,0.008331625
20863,85978,0.74877614
20864,66737,0.021876976
20865,886,0.037774082
20866,80085,0.004411332
20867,81374,0.0012913015
20868,85400,0.27749422
20869,10551,0.0019436522
20870,87411,0.06570069
20871,97026,0.53780246
20872,52328,0.006402835
20873,72722,0.152907
20874,91218,0.42777395
20875,76914,0.031039026
20876,102585,0.027726697
20877,85106,0.012002181
20878,76355,0.70437664
20879,84960,0.00068249216
20880,11285,0.006992625
20881,94032,0.03961124
20882,60112,0.9322627
20883,80423,0.35449865
20884,42027,0.0038661798
20885,55585,0.0028617557
20886,23780,0.43110844
20887,47324,0.014422034
20888,21577,0.8396209
20889,74910,0.02808647
20890,59566,0.00491765
20891,31176,0.55566055
20892,28490,0.02157992
20893,58659,0.6405128
20894,101197,0.18387257
20895,98404,0.21208319
20896,22023,0.008405522
20897,47690,0.029510276
20898,82227,0.004513718
20899,46769,0.5199695
20900,11189,0.3993117
20901,9580,0.010212418
20902,49172,0.5564428
20903,88179,0.27749422
20904,93293,0.7130009
20905,54411,0.0035905032
20906,75563,0.017138971
20907,11104,0.018661013
20908,70084,0.74877614
20909,86066,0.56254977
20910,58534,0.021525599
20911,25173,0.26892516
20912,111241,0.014111205
20913,115932,0.039350163
20914,39719,0.35608795
20915,95387,0.008425987
20916,37483,0.0045495746
20917,19017,0.0025289129
20918,112660,0.016453668
20919,11156,0.0018414223
20920,8963,0.09586386
20921,62588,0.27065274
20922,19891,0.0012234459
20923,59705,0.06402349
20924,28473,0.0027874466
20925,53087,0.69804543
20926,47789,0.79601824
20927,14632,0.0043781567
20928,4250,0.015639825
20929,89119,0.28651854
20930,47278,0.43110844
20931,86690,0.27749422
20932,92978,0.038123
20933,14318,0.007308906
20934,23964,0.00071399944
20935,46837,0.008104812
20936,1974,0.0032568476
20937,18709,0.005295484
20938,9869,0.0061873607
20939,68729,0.004415468
20940,103146,0.64646333
20941,21177,0.003099
20942,61616,0.005412216
20943,34348,0.0028463928
20944,14943,0.46748677
20945,16947,0.0008896225
20946,108478,0.32012954
20947,81815,0.82282555
20948,79639,0.0039858427
20949,83839,0.2530429
20950,81460,0.05849908
20951,104419,0.45156
20952,104311,0.5011023
20953,54633,0.0011209704
20954,78723,0.03712462
20955,91690,0.01665654
20956,12229,0.002176957
20957,84344,0.21633714
20958,11959,0.013503331
20959,69181,0.04407504
20960,74635,0.003724965
20961,52992,0.2836866
20962,78148,0.03439601
20963,61420,0.42777395
20964,64768,0.0340878
20965,112769,0.53810483
20966,11620,0.0051806984
20967,64490,0.004039683
20968,46638,0.0020691345
20969,20116,0.078506485
20970,7655,0.0030559378
20971,65538,0.009974422
20972,47917,0.031913612
20973,109518,0.022487141
20974,90425,0.44101527
20975,106696,0.0026403302
20976,107596,0.2709118
20977,56452,0.009157335
20978,85815,0.05849908
20979,11781,0.8396209
20980,32759,0.0069092643
20981,10190,0.5889251
20982,66562,0.008425987
20983,37907,0.0072224718
20984,11452,0.012102466
20985,94098,0.016568298
20986,17935,0.0006503791
20987,31008,0.33401656
20988,108621,0.011207468
20989,42678,0.5199695
20990,115523,0.0022965884
20991,57949,0.34026608
20992,5691,0.0048712925
20993,93349,0.32304516
20994,32185,0.005457843
20995,115248,0.28550902
20996,88905,0.14961214
20997,114698,0.56768835
20998,111939,0.77919436
20999,90339,0.44101527
21000,16538,0.004251471
21001,48158,0.011207272
21002,35344,0.0022150667
21003,102929,0.5011023
21004,79045,0.78680277
21005,58333,0.55566055
21006,44644,0.0078175645
21007,37156,0.07216779
21008,36643,0.023505736
21009,43225,0.021939708
21010,76011,0.01465709
21011,65595,0.0032679527
21012,31279,0.63320017
21013,38000,0.0074599334
21014,94878,0.006115839
21015,2548,0.30745462
21016,98461,0.0042858855
21017,112007,0.44110775
21018,1300,0.63043845
21019,47548,0.6803675
21020,95445,0.011109444
21021,10489,0.049247425
21022,77086,0.0016441934
21023,83648,0.042027615
21024,106111,0.0144725265
21025,81801,0.18866682
21026,82128,0.15818791
21027,72385,0.0011325463
21028,97965,0.0017438974
21029,68152,0.5424639
21030,69761,0.015165849
21031,44454,0.0008226301
21032,24550,0.060939007
21033,14840,0.0006247563
21034,115373,0.13332808
21035,58806,0.07221661
21036,48508,0.56254977
21037,28289,0.38921523
21038,10385,0.018435312
21039,45532,0.006046115
21040,54059,0.05729674
21041,8321,0.00659286
21042,87659,0.0036912009
21043,30577,0.02235282
21044,103624,0.0183761
21045,16520,0.0013083315
21046,71353,0.020867268
21047,63935,0.05683689
21048,24227,0.24128486
21049,79946,0.76863915
21050,87501,0.03341093
21051,31678,0.0005345601
21052,36593,0.0044330666
21053,110652,0.15141213
21054,89033,0.020259436
21055,6363,0.24540088
21056,21872,0.05443167
21057,107639,0.07000204
21058,20701,0.008011415
21059,97376,0.0042354874
21060,51028,0.029865768
21061,26010,0.006804514
21062,50550,0.69804543
21063,35448,0.45156
21064,8110,0.0017629425
21065,42719,0.0011953544
21066,113283,0.28550902
21067,42051,0.058267765
21068,104179,0.72174394
21069,12231,0.010075551
21070,13021,0.56254977
21071,96853,0.013172917
21072,101735,0.013172917
21073,6614,0.7994104
21074,77376,0.28655696
21075,33454,0.0099509
21076,109870,0.5011023
21077,8637,0.006992625
21078,303,0.5733231
21079,24809,0.010161055
21080,84557,0.72870684
21081,105712,0.058919117
21082,13398,0.038042612
21083,62287,0.34026608
21084,38171,0.00841985
21085,87250,0.44101527
21086,97685,0.006191353
21087,94786,0.74877614
21088,104970,0.28763485
21089,46189,0.0024305638
21090,47253,0.0022965088
21091,12723,0.06994147
21092,73164,0.27749422
21093,6091,0.001775127
21094,57876,0.74877614
21095,7528,0.018435312
21096,1287,0.61648524
21097,10867,0.18191797
21098,22096,0.078370176
21099,64403,0.008425987
21100,114882,0.023579964
21101,59948,0.029205378
21102,110863,0.0014747882
21103,4353,0.004834032
21104,46849,0.026034497
21105,61824,0.78680277
21106,3635,0.42486593
21107,25519,0.03099253
21108,5230,0.007742158
21109,65491,0.01291229
21110,83735,0.022126755
21111,46416,0.45156
21112,110969,0.7337352
21113,31353,0.0036104273
21114,78503,0.051835634
21115,51323,0.051835634
21116,44518,0.26892516
21117,33974,0.0025193887
21118,22236,0.0022403651
21119,107672,0.016030794
21120,37984,0.000889712
21121,31650,0.006315681
21122,111271,0.018421533
21123,77481,0.084732406
21124,16548,0.09965071
21125,86686,0.088731185
21126,64965,0.013206295
21127,70811,0.0016989608
21128,10077,0.0044772895
21129,26189,0.007211874
21130,71623,0.27749422
21131,40887,0.0038501516
21132,43009,0.0058504846
21133,74977,0.690318
21134,21630,0.008039437
21135,94618,0.011123334
21136,3219,0.61648524
21137,56316,0.05531505
21138,15244,0.0060569504
21139,28173,0.011815024
21140,89347,0.0035871526
21141,58306,0.0057073142
21142,25016,0.012535143
21143,95617,0.0038593432
21144,39002,0.18923646
21145,56307,0.02001361
21146,30647,0.04448573
21147,16883,0.036907703
21148,86784,0.584463
21149,113771,0.02045655
21150,59134,0.022337878
21151,11564,0.014959398
21152,11328,0.63869727
21153,77896,0.066196755
21154,27058,0.0042529935
21155,17177,0.010055828
21156,5472,0.72396594
21157,69482,0.088731185
21158,18521,0.009717691
21159,56391,0.34026608
21160,60898,0.0016723784
21161,93949,0.006115839
21162,22646,0.0019170174
21163,113592,0.76142997
21164,14014,0.0014742686
21165,40169,0.6221493
21166,43823,0.58656245
21167,42608,0.010384128
21168,40351,0.5505905
21169,39266,0.021939708
21170,76452,0.0010258602
21171,18332,0.6221493
21172,71515,0.44110775
21173,72873,0.004421211
21174,59935,0.013729459
21175,11087,0.020802634
21176,75580,0.0049660774
21177,104682,0.04434059
21178,30238,0.006315681
21179,77480,0.15818791
21180,67894,0.0042354874
21181,31745,0.0052598515
21182,103251,0.012002181
21183,16668,0.055877678
21184,106798,0.0015441851
21185,84815,0.44110775
21186,72002,0.27749422
21187,95212,0.74846315
21188,70548,0.56254977
21189,42436,0.72870684
21190,5107,0.0051941928
21191,88511,0.0028670984
21192,72945,0.02874809
21193,17186,0.0027150617
21194,96367,0.01848904
21195,80345,0.8824114
21196,29936,0.004441212
21197,55528,0.0046847276
21198,84531,0.088731185
21199,32857,0.6280348
21200,105659,0.0032679527
21201,81138,0.014701023
21202,14873,0.0541881
21203,108430,0.029157756
21204,59206,0.82282555
21205,78730,0.005624118
21206,4125,0.0144126015
21207,36702,0.0020691345
21208,52144,0.018748952
21209,98478,0.012130583
21210,42323,0.007228502
21211,115068,0.8383819
21212,87486,0.56254977
21213,104045,0.55365103
21214,1745,0.4176834
21215,45327,0.02157992
21216,27115,0.9589323
21217,102262,0.008508391
21218,58848,0.008110986
21219,14890,0.0009733077
21220,47162,0.0025999302
21221,15823,0.21269873
21222,107682,0.012002181
21223,7901,0.0055993847
21224,108811,0.013228485
21225,80252,0.009821194
21226,40227,0.7301842
21227,110986,0.008115496
21228,7442,0.018362205
21229,105293,0.032226842
21230,59162,0.09965071
21231,12757,0.25401485
21232,36001,0.34026608
21233,16166,0.06975378
21234,75033,0.0028024404
21235,95300,0.0014949042
21236,9687,0.018435312
21237,1053,0.13030438
21238,112979,0.0149367405
21239,85772,0.0010217392
21240,35148,0.3660302
21241,93331,0.57717556
21242,57452,0.5362108
21243,45832,0.021939708
21244,90548,0.57717556
21245,26312,0.032583106
21246,101719,0.0073938603
21247,94780,0.0043525947
21248,48187,0.2502328
21249,11393,0.0055993847
21250,23575,0.0048269057
21251,107208,0.020996494
21252,17246,0.0031000315
21253,113682,0.0030181634
21254,68785,0.74877614
21255,112815,0.104770556
21256,111036,0.14733292
21257,63925,0.0065740487
21258,12250,0.0061814613
21259,110473,0.005917444
21260,96904,0.44110775
21261,18256,0.033737633
21262,55121,0.0016652255
21263,60444,0.088731185
21264,85981,0.0049119694
21265,65794,0.01117166
21266,95142,0.55566055
21267,11698,0.017363781
21268,12377,0.010917239
21269,55861,0.33401656
21270,13106,0.12884553
21271,105710,0.0088255545
21272,15014,0.0072173825
21273,42884,0.026034497
21274,115179,0.032142445
21275,43442,0.026034497
21276,5689,0.004351696
21277,23864,0.029510276
21278,41479,0.009679162
21279,88175,0.74877614
21280,115442,0.65007406
21281,19222,0.25401485
21282,10357,0.011539402
21283,55756,0.0050324877
21284,19725,0.008123929
21285,8978,0.016219283
21286,76677,0.27749422
21287,76457,0.0018670495
21288,107401,0.8313067
21289,112191,0.004060263
21290,86349,0.0063931993
21291,65243,0.0017895015
21292,37168,0.6280348
21293,113774,0.009081299
21294,15531,0.27065274
21295,25272,0.0155742
21296,1406,0.0055404874
21297,51027,0.056984637
21298,72381,0.30570352
21299,14476,0.0015385207
21300,48011,0.5484025
21301,112557,0.0014482891
21302,20666,0.0016130267
21303,53921,0.56254977
21304,66812,0.009464335
21305,55267,0.0030435899
21306,62760,0.70096636
21307,95946,0.5470555
21308,892,0.036316633
21309,110994,0.012777983
21310,79521,0.013405784
21311,115260,0.34026608
21312,89625,0.71709746
21313,107553,0.0066403705
21314,109174,0.2836866
21315,83820,0.42961618
21316,70384,0.051835634
21317,54903,0.0016635148
21318,39945,0.07216779
21319,106685,0.0033477335
21320,44043,0.009912641
21321,55115,0.53810483
21322,15293,0.11362894
21323,82002,0.003599197
21324,91648,0.088731185
21325,29614,0.35608795
21326,59920,0.74494725
21327,45517,0.060596347
21328,99868,0.19426928
21329,57184,0.0034854359
21330,102768,0.14047155
21331,65242,0.019717583
21332,47860,0.22162698
21333,90662,0.020657286
21334,48938,0.060939007
21335,80678,0.014701023
21336,106473,0.020879121
21337,64304,0.0014825701
21338,89876,0.34026608
21339,79126,0.28550902
21340,99417,0.010051714
21341,45618,0.18412575
21342,94257,0.35608795
21343,36839,0.47749493
21344,75086,0.02808647
21345,21998,0.004601814
21346,68943,0.112993374
21347,29722,0.8571322
21348,35858,0.34026608
21349,6989,0.02281438
21350,35202,0.25401485
21351,10008,0.0048408294
21352,5801,0.006717794
21353,73788,0.0027706402
21354,22555,0.012401631
21355,100386,0.013852864
21356,103007,0.86761963
21357,26962,0.018213052
21358,60495,0.014701023
21359,115694,0.0035790885
21360,53372,0.0067082397
21361,62472,0.56254977
21362,58425,0.8468055
21363,45773,0.023105735
21364,48300,0.0028737192
21365,75198,0.1361123
21366,13709,0.8015974
21367,4594,0.72396594
21368,56071,0.34026608
21369,92046,0.82282555
21370,79686,0.006982742
21371,48516,0.0034854359
21372,12378,0.0006426628
21373,82853,0.012002181
21374,106041,0.011889517
21375,40668,0.0034400912
21376,50514,0.009030413
21377,34861,0.8468055
21378,24333,0.4176834
21379,68696,0.012402157
21380,72644,0.15818791
21381,62340,0.024114339
21382,6380,0.015133301
21383,108056,0.122353606
21384,97830,0.21208319
21385,106691,0.020496821
21386,93991,0.372094
21387,71612,0.0027706402
21388,11144,0.0037870116
21389,88309,0.007863356
21390,61304,0.5992805
21391,60085,0.013969766
21392,76288,0.053353153
21393,39039,0.057796117
21394,114264,0.28550902
21395,22669,0.0094477115
21396,8478,0.023365138
21397,107771,0.0017691524
21398,78597,0.27749422
21399,49197,0.53910613
21400,9960,0.018097004
21401,106044,0.031555213
21402,72414,0.27749422
21403,81667,0.008077423
21404,10152,0.011539402
21405,94323,0.74877614
21406,72298,0.35608795
21407,18774,0.033737633
21408,113061,0.022487141
21409,105409,0.13200876
21410,106735,0.014545603
21411,48480,0.2822489
21412,80324,0.008848927
21413,8300,0.00374704
21414,107642,0.0061249263
21415,47748,0.70096636
21416,32080,0.008545999
21417,80550,0.005660244
21418,108349,0.002837822
21419,80735,0.003420309
21420,101471,0.011933848
21421,19801,0.001581964
21422,49039,0.25401485
21423,19226,0.0016130267
21424,112177,0.004339223
21425,15268,0.009995709
21426,115219,0.00548509
21427,31615,0.02329308
21428,115288,0.55566055
21429,113319,0.5323371
21430,48831,0.55566055
21431,92122,0.09289784
21432,31194,0.38217098
21433,55248,0.0025303194
21434,86531,0.017775327
21435,111584,0.022661056
21436,105388,0.35608795
21437,42150,0.013511325
21438,24423,0.0048345737
21439,67730,0.00930799
21440,108743,0.0046610264
21441,89805,0.00797546
21442,7585,0.020802634
21443,39928,0.0033864004
21444,98402,0.24151734
21445,54499,0.051835634
21446,2313,0.07446474
21447,52284,0.0016265064
21448,44886,0.50516915
21449,98236,0.0026530281
21450,100366,0.57717556
21451,98672,0.53241813
21452,85163,0.25401485
21453,2337,0.12032117
21454,24488,0.011294562
21455,24714,0.011676242
21456,88930,0.101519704
21457,106870,0.088731185
21458,58322,0.7957864
21459,67958,0.6405128
21460,63757,0.005658875
21461,71830,0.0025843114
21462,18145,0.0075845346
21463,28372,0.0011345159
21464,45281,0.0027460272
21465,15448,0.00056073803
21466,90623,0.023285335
21467,113485,0.05581152
21468,17330,0.018275376
21469,16042,0.0007445017
21470,37469,0.0014453448
21471,9405,0.37658644
21472,19659,0.04578619
21473,97078,0.8824114
21474,7458,0.041513763
21475,93162,0.15818791
21476,13637,0.06994147
21477,75725,0.008167763
21478,73961,0.0025518227
21479,55315,0.010687585
21480,5049,0.011539402
21481,66142,0.010068292
21482,111168,0.0011253924
21483,80093,0.7174389
21484,48890,0.0011852267
21485,103277,0.010051714
21486,97751,0.5011023
21487,32521,0.05463468
21488,62599,0.0031279384
21489,27510,0.0022936098
21490,67738,0.44101527
21491,50695,0.34026608
21492,10224,0.018435312
21493,83500,0.5470303
21494,95884,0.49711153
21495,24165,0.07216779
21496,102748,0.74877614
21497,26439,0.42777395
21498,16639,0.001967979
21499,90356,0.6405128
21500,53287,0.0026298272
21501,101569,0.37814116
21502,102664,0.7130009
21503,48099,0.78680277
21504,30486,0.55566055
21505,4969,0.3440735
21506,72684,0.066196755
21507,67329,0.27749422
21508,96713,0.002346441
21509,101145,0.010568897
21510,26006,0.006086559
21511,11026,0.0036918882
21512,43787,0.03099253
21513,109,0.006992625
21514,88605,0.009261133
21515,12259,0.90747184
21516,111144,0.09814842
21517,94112,0.5561449
21518,85281,0.0060343146
21519,87598,0.009261133
21520,19393,0.009045074
21521,111392,0.0073938603
21522,11304,0.0031352069
21523,8537,0.056071028
21524,42365,0.05849908
21525,12322,0.0026882119
21526,28857,0.020076614
21527,66594,0.012809258
21528,103973,0.011847252
21529,77637,0.6469486
21530,54172,0.004109769
21531,16062,0.0010958283
21532,86055,0.014859138
21533,36006,0.0020691345
21534,101622,0.024701176
21535,8032,0.014075083
21536,105475,0.0019691845
21537,112426,0.05137214
21538,105414,0.87290287
21539,53396,0.16491845
21540,40130,0.007401126
21541,77691,0.0013379501
21542,16672,0.0128399
21543,98969,0.013852864
21544,78652,0.011676242
21545,89245,0.005660244
21546,8430,0.018435312
21547,111278,0.05824659
21548,34020,0.0020691345
21549,29647,0.0050840126
21550,77394,0.34026608
21551,95110,0.0014832739
21552,96632,0.0009883534
21553,55860,0.5564428
21554,13679,0.0009888823
21555,67499,0.011264443
21556,31901,0.36112452
21557,78198,0.088731185
21558,14627,0.43110844
21559,5307,0.0016603739
21560,24628,0.029510276
21561,57964,0.013729459
21562,78599,0.031461254
21563,48206,0.690318
21564,14829,0.38806626
21565,75730,0.26296425
21566,109741,0.46357763
21567,87191,0.0021450357
21568,46965,0.0022149032
21569,99554,0.44101527
21570,44486,0.0034525143
21571,87028,0.05849908
21572,98097,0.015073597
21573,96677,0.0028203225
21574,18188,0.002275668
21575,80776,0.012002181
21576,43083,0.03099253
21577,32969,0.96616983
21578,24233,0.07560365
21579,39890,0.0032976856
21580,72863,0.28651854
21581,112884,0.72432643
21582,72703,0.27749422
21583,41672,0.78245246
21584,61488,0.4000341
21585,51456,0.0893169
21586,73907,0.01870632
21587,112189,0.66542125
21588,60067,0.02001361
21589,87439,0.44101527
21590,77348,0.35608795
21591,66729,0.016824173
21592,93660,0.009914719
21593,38974,0.078370176
21594,95138,0.014701023
21595,64421,0.019717583
21596,107679,0.5011023
21597,44601,0.74603975
21598,101448,0.012002181
21599,41829,0.0025430808
21600,17766,0.0034809785
21601,104671,0.41344064
21602,34533,0.009589337
21603,80720,0.088731185
21604,12582,0.002390084
21605,32289,0.0027460272
21606,38149,0.00091765885
21607,107889,0.28550902
21608,34693,0.53910613
21609,15213,0.006649013
21610,15479,0.13770862
21611,88186,0.088731185
21612,24986,0.014850731
21613,88497,0.0027642907
21614,109737,0.022487141
21615,102650,0.0014655216
21616,31780,0.01054033
21617,104082,0.018082641
21618,96549,0.0020786151
21619,112889,0.01665654
21620,55182,0.55566055
21621,97038,0.019717583
21622,19595,0.0014322079
21623,28559,0.6316835
21624,32522,0.018019812
21625,1024,0.008906593
21626,73765,0.27749422
21627,32336,0.0032173665
21628,105983,0.94273555
21629,59430,0.13166432
21630,114187,0.004024335
21631,20122,0.0025292207
21632,66778,0.0014773984
21633,68498,0.0036989546
21634,102153,0.28655696
21635,4750,0.09586386
21636,2612,0.72160727
21637,37149,0.0022403651
21638,89332,0.019717583
21639,85986,0.008391639
21640,58923,0.27065274
21641,88720,0.0013665218
21642,69102,0.011413163
21643,64778,0.009464335
21644,108197,0.94430715
21645,16011,0.012257257
21646,67771,0.27749422
21647,62964,0.049621135
21648,54721,0.051835634
21649,9090,0.003725181
21650,96950,0.040907037
21651,112638,0.86641574
21652,47797,0.83036745
21653,88563,0.012002181
21654,14755,0.005287254
21655,76756,0.71711034
21656,114131,0.002319004
21657,63544,0.0075836806
21658,45506,0.0030994846
21659,33711,0.6693752
21660,57305,0.25583464
21661,71306,0.006752405
21662,47261,0.00071399944
21663,64454,0.0016418368
21664,49011,0.5564428
21665,31714,0.0009920794
21666,82737,0.0016131765
21667,38474,0.008272674
21668,60229,0.049914263
21669,39402,0.0026181354
21670,87025,0.0009528134
21671,10726,0.009790082
21672,32574,0.03099253
21673,98105,0.0047571613
21674,50081,0.55566055
21675,104043,0.004299631
21676,97622,0.13271947
21677,93278,0.74846315
21678,94265,0.0006704962
21679,26252,0.0012165583
21680,17349,0.23512533
21681,54775,0.06824613
21682,22431,0.0878315
21683,83542,0.4507486
21684,61089,0.031461254
21685,12819,0.060799845
21686,32247,0.45818773
21687,91652,0.007276994
21688,79055,0.008205334
21689,114869,0.097248875
21690,58068,0.007624355
21691,24091,0.044838753
21692,85136,0.45156
21693,101372,0.8824114
21694,8011,0.006254801
21695,28213,0.03099253
21696,42956,0.024961146
21697,28218,0.26892516
21698,78837,0.012222096
21699,111007,0.012002181
21700,48995,0.53810483
21701,109709,0.002544449
21702,94168,0.74846315
21703,36324,0.53810483
21704,30366,0.0063308417
21705,49444,0.56254977
21706,5501,0.4970651
21707,5943,0.14956793
21708,85936,0.44619724
21709,57231,0.8468055
21710,42626,0.0054886523
21711,27936,0.0052598515
21712,4765,0.0025496013
21713,100622,0.002298606
21714,74824,0.8868853
21715,52067,0.30027738
21716,32126,0.05683689
21717,113593,0.46357763
21718,103360,0.008126558
21719,23400,0.14938253
21720,12255,0.8468055
21721,71325,0.0020175597
21722,28171,0.020613858
21723,29224,0.025119454
21724,113301,0.38502318
21725,75063,0.01655896
21726,38957,0.0020691345
21727,70998,0.76863915
21728,113128,0.53810483
21729,92527,0.15965116
21730,111545,0.07007005
21731,83340,0.011099343
21732,73261,0.27749422
21733,28980,0.53810483
21734,9494,0.014625275
21735,85071,0.008140248
21736,73890,0.83036745
21737,54125,0.013172917
21738,30630,0.5199695
21739,3506,0.281191
21740,91173,0.00077311305
21741,85889,0.42777395
21742,60802,0.024455195
21743,98871,0.44101527
21744,91106,0.025163257
21745,49558,0.0039659077
21746,15260,0.000703577
21747,57186,0.0014087196
21748,83863,0.008662569
21749,104148,0.64646333
21750,59842,0.45156
21751,78307,0.029944882
21752,65574,0.53578204
21753,72040,0.009914719
21754,100260,0.07262648
21755,44574,0.026034497
21756,39352,0.026034497
21757,36517,0.56254977
21758,29113,0.55566055
21759,49206,0.8396209
21760,92206,0.008123929
21761,26376,0.26892516
21762,101547,0.19420138
21763,61275,0.4000341
21764,34479,0.02549277
21765,92386,0.038123
21766,113872,0.6995444
21767,6053,0.011871811
21768,103594,0.0035117555
21769,54644,0.0012607144
21770,83623,0.009966011
21771,19416,0.01140496
21772,11310,0.00659286
21773,61395,0.036068562
21774,8910,0.9724762
21775,86893,0.5561449
21776,94969,0.10333219
21777,40863,0.64660066
21778,1553,0.0007445017
21779,53391,0.014154177
21780,12482,0.002541684
21781,47576,0.5793977
21782,1592,0.005124738
21783,104185,0.002086406
21784,45015,0.20508468
21785,99383,0.012002181
21786,96474,0.024770316
21787,9474,0.45357627
21788,91182,0.013172917
21789,91325,0.088731185
21790,10608,0.009636246
21791,74083,0.78680277
21792,81091,0.0015744466
21793,10135,0.003663437
21794,16537,0.033046506
21795,16795,0.009079012
21796,55239,0.42777395
21797,103300,0.5011023
21798,91010,0.27749422
21799,101128,0.001910256
21800,61544,0.029510276
21801,89577,0.18774374
21802,70368,0.0048022447
21803,26398,0.13088939
21804,55017,0.5199695
21805,81225,0.8396209
21806,20894,0.006524829
21807,24491,0.03099253
21808,75019,0.088731185
21809,94711,0.35608795
21810,61326,0.0008226301
21811,9253,0.011151619
21812,31875,0.03099253
21813,4152,0.0122770155
21814,79240,0.1299669
21815,48085,0.030229522
21816,54654,0.046528276
21817,58699,0.026513528
21818,76504,0.15818791
21819,10717,0.007013881
21820,63994,0.0027480794
21821,37486,0.003464836
21822,61698,0.0026414657
21823,5213,0.72396594
21824,79626,0.18866682
21825,6718,0.002541684
21826,2503,0.2026184
21827,33485,0.00071399944
21828,56376,0.00305289
21829,99679,0.72105354
21830,36748,0.008525705
21831,43003,0.0020691345
21832,30365,0.3197071
21833,108277,0.04631971
21834,29879,0.0015224926
21835,71338,0.70096636
21836,103406,0.012035305
21837,51919,0.56254977
21838,110964,0.08855862
21839,108674,0.04958626
21840,8908,0.8941861
21841,22501,0.0033338445
21842,78865,0.007361211
21843,33157,0.004675505
21844,95258,0.28651854
21845,16824,0.018275376
21846,47753,0.07560365
21847,110812,0.58310384
21848,1575,0.0016765887
21849,58727,0.70096636
21850,72590,0.11370517
21851,65507,0.0032030696
21852,11259,0.036142774
21853,115025,0.7234825
21854,41957,0.89857846
21855,20723,0.0028903463
21856,28749,0.72160727
21857,27207,0.014154177
21858,21830,0.019029466
21859,98507,0.058430072
21860,2364,0.42486593
21861,4318,0.15217422
21862,15827,0.009441671
21863,40514,0.0017101102
21864,7476,0.8461589
21865,42722,0.0020691345
21866,113016,0.27005038
21867,25906,0.0073072384
21868,22776,0.004628167
21869,99283,0.2530429
21870,83666,0.8048408
21871,101848,0.8824114
21872,111713,0.005471545
21873,94595,0.34442058
21874,78605,0.03261386
21875,25818,0.051835634
21876,80159,0.004887785
21877,89195,0.44101527
21878,100104,0.57717556
21879,10009,0.0061873607
21880,47861,0.00548509
21881,30182,0.6221493
21882,50292,0.013319068
21883,68410,0.74877614
21884,6506,0.0069522606
21885,10956,0.9593471
21886,42053,0.013882684
21887,103003,0.088731185
21888,90796,0.07418069
21889,9636,0.021991368
21890,96295,0.5072126
21891,87107,0.012271993
21892,66549,0.0017895015
21893,7963,0.004834032
21894,42407,0.013393587
21895,114666,0.004696591
21896,102661,0.0032573785
21897,87231,0.130239
21898,98012,0.87290287
21899,76379,0.71711034
21900,62188,0.0026074687
21901,85476,0.014701023
21902,44854,0.009912641
21903,106186,0.0015869326
21904,53845,0.8110953
21905,101332,0.037771273
21906,101695,0.025163257
21907,22035,0.001364926
21908,3178,0.055490583
21909,57448,0.088731185
21910,89581,0.15399295
21911,78650,0.03439601
21912,32464,0.55566055
21913,20127,0.4265207
21914,107609,0.5072126
21915,85778,0.15818791
21916,102854,0.13413408
21917,83852,0.009053582
21918,6998,0.72396594
21919,82811,0.0042354874
21920,69753,0.18412575
21921,659,0.044041578
21922,25024,0.0006825832
21923,92194,0.0059537636
21924,109894,0.009081299
21925,63750,0.005658875
21926,48901,0.04699107
21927,3387,0.011986613
21928,5987,0.006657913
21929,43153,0.27065274
21930,66904,0.24882104
21931,35980,0.13413408
21932,7945,0.008053659
21933,96439,0.87290287
21934,103860,0.028317085
21935,95124,0.011311482
21936,107588,0.003494155
21937,113428,0.14733292
21938,26808,0.26892516
21939,67965,0.44101527
21940,83048,0.58656245
21941,112260,0.009081299
21942,115676,0.022487141
21943,15425,0.5505905
21944,6338,0.011714641
21945,115513,0.53810483
21946,26593,0.036068562
21947,102460,0.022337878
21948,82366,0.011099343
21949,83918,0.019717583
21950,14964,0.4507486
21951,54995,0.72160727
21952,65683,0.015422002
21953,12301,0.7364239
21954,73448,0.0564341
21955,54273,0.21208319
21956,4059,0.040646106
21957,43932,0.029409917
21958,27245,0.72160727
21959,25299,0.0016265064
21960,45960,0.00820452
21961,16479,0.7603118
21962,28792,0.003726379
21963,51875,0.53810483
21964,73112,0.012002181
21965,111107,0.5011023
21966,95691,0.8141845
21967,110124,0.012002181
21968,63923,0.014234458
21969,54388,0.70096636
21970,4617,0.26356134
21971,113299,0.002610726
21972,83213,0.61112845
21973,39339,0.07216779
21974,29984,0.55566055
21975,104112,0.0753909
21976,17658,0.0057401443
21977,546,0.5827553
21978,93471,0.006632031
21979,49050,0.70096636
21980,10659,0.018435312
21981,38633,0.018260615
21982,46373,0.0010876869
21983,74915,0.003420309
21984,23200,0.004601814
21985,74591,0.01668662
21986,101583,0.07007005
21987,78532,0.43640235
21988,32941,0.38921523
21989,75275,0.0036165474
21990,113920,0.07262648
21991,44313,0.0022403651
21992,94732,0.06025181
21993,105500,0.00740127
21994,31513,0.02329308
21995,2340,0.062338326
21996,96391,0.4507486
21997,111502,0.022487141
21998,5818,0.362439
21999,27239,0.9280332
22000,99640,0.57717556
22001,34699,0.00548509
22002,104947,0.0054050386
22003,60448,0.15818791
22004,35206,0.34026608
22005,49657,0.0020691345
22006,2009,0.60496414
22007,30751,0.35608795
22008,27048,0.70096636
22009,93740,0.15818791
22010,88744,0.006397886
22011,47119,0.01132755
22012,99327,0.05015427
22013,50615,0.33401656
22014,86102,0.0018947283
22015,106595,0.0028203225
22016,112928,0.009675414
22017,109893,0.0043525947
22018,2674,0.059951186
22019,87151,0.009464335
22020,60238,0.35608795
22021,17575,0.03150525
22022,51769,0.69804543
22023,68289,0.2758116
22024,54504,0.003864887
22025,26618,0.0024851675
22026,5711,0.2685778
22027,46779,0.26892516
22028,16270,0.0006503791
22029,67911,0.009799146
22030,91869,0.87290287
22031,103631,0.77919436
22032,69273,0.15818791
22033,434,0.72697836
22034,67603,0.10900207
22035,83553,0.8468055
22036,44585,0.0008271332
22037,31122,0.015104119
22038,106439,0.012002181
22039,11263,0.022035038
22040,85976,0.0013072572
22041,74191,0.2530429
22042,84178,0.019717583
22043,22740,0.0014322079
22044,80672,0.74877614
22045,23336,0.07216779
22046,112625,0.022487141
22047,46472,0.0013578733
22048,26122,0.014188251
22049,29621,0.008716961
22050,59847,0.34026608
22051,80331,0.017321112
22052,1457,0.011676242
22053,100196,0.2654076
22054,3914,0.062338326
22055,103708,0.0035952693
22056,19636,0.120555714
22057,87060,0.35608795
22058,51570,0.084732406
22059,63819,0.8868853
22060,33562,0.0016421714
22061,83635,0.55050915
22062,50800,0.86950785
22063,26718,0.4679668
22064,15058,0.0023761075
22065,88735,0.009705566
22066,66598,0.0025193887
22067,63829,0.009464335
22068,30555,0.38536745
22069,90361,0.15818791
22070,106175,0.0012102638
22071,98852,0.57717556
22072,12976,0.0010935039
22073,37731,0.7947084
22074,77598,0.35608795
22075,40264,0.09165703
22076,89219,0.0016868655
22077,489,0.033737633
22078,48335,0.0008275467
22079,26175,0.00091765885
22080,45182,0.0022865096
22081,26820,0.5564428
22082,10944,0.011845538
22083,110287,0.41344064
22084,3054,0.008628758
22085,100689,0.8824114
22086,58127,0.008425987
22087,38495,0.00071399944
22088,45472,0.26892516
22089,17297,0.88430524
22090,13789,0.5564428
22091,107372,0.011084416
22092,47877,0.05849908
22093,50367,0.021185543
22094,60756,0.84017897
22095,5480,0.03570095
22096,55498,0.009117763
22097,53920,0.56254977
22098,89773,0.8452152
22099,19860,0.0051824553
22100,10776,0.018435312
22101,111685,0.53810483
22102,53133,0.003539312
22103,83774,0.066196755
22104,47329,0.023232002
22105,25661,0.4507486
22106,86884,0.015207897
22107,18620,0.055877678
22108,73337,0.023907056
22109,9964,0.019091947
22110,35151,0.44364974
22111,32071,0.00548509
22112,76938,0.008798466
22113,53587,0.024497937
22114,39075,0.0012096029
22115,56968,0.009799146
22116,57697,0.0043165195
22117,13396,0.0037684883
22118,20080,0.09965071
22119,107690,0.028317085
22120,43707,0.014682497
22121,60763,0.35608795
22122,93264,0.03835992
22123,90448,0.005323838
22124,112967,0.6767216
22125,101064,0.056591116
22126,14426,0.011844874
22127,114434,0.47749493
22128,23412,0.35608795
22129,65898,0.01117166
22130,63307,0.0011000978
22131,78759,0.0010182458
22132,87271,0.018360948
22133,111462,0.0035952693
22134,76498,0.16614494
22135,36036,0.27065274
22136,105962,0.77919436
22137,44984,0.045451988
22138,108364,0.008029135
22139,32786,0.018328903
22140,83478,0.10379723
22141,30059,0.0971376
22142,115918,0.0030531527
22143,97291,0.025163257
22144,102578,0.72432643
22145,6146,0.006235409
22146,85683,0.008029135
22147,10833,0.0046882397
22148,27138,0.0036104273
22149,63885,0.006336012
22150,67760,0.019169308
22151,46061,0.008567747
22152,86673,0.013172917
22153,41240,0.70096636
22154,64928,0.025757508
22155,95584,0.8824114
22156,55073,0.019218955
22157,11624,0.004115214
22158,16888,0.0023483033
22159,39845,0.63145876
22160,37284,0.008841077
22161,82400,0.019717583
22162,33488,0.8383819
22163,939,0.025930153
22164,31382,0.0023637714
22165,77135,0.119551316
22166,76157,0.024354452
22167,15067,0.8396209
22168,72867,0.45156
22169,99953,0.015593687
22170,29805,0.011046924
22171,82223,0.56254977
22172,22655,0.026034497
22173,114101,0.008381444
22174,94476,0.40806052
22175,38869,0.004036164
22176,15711,0.004339223
22177,65636,0.01117166
22178,31841,0.0036104273
22179,76703,0.15891084
22180,97829,0.025163257
22181,62725,0.005535409
22182,54367,0.0044330666
22183,64252,0.013133583
22184,71853,0.011207272
22185,19461,0.055210017
22186,11619,0.08916718
22187,90410,0.005964554
22188,25714,0.00841985
22189,100072,0.013430415
22190,65693,0.01668662
22191,55529,0.015522472
22192,26901,0.004536562
22193,4422,0.15217422
22194,865,0.70096636
22195,55236,0.0034854359
22196,65086,0.5470303
22197,25472,0.019832386
22198,37957,0.27065274
22199,7613,0.72396594
22200,56122,0.0029282866
22201,17925,0.006256218
22202,100425,0.5011023
22203,87507,0.008563625
22204,79753,0.014701023
22205,14004,0.01748386
22206,64738,0.009464335
22207,101553,0.0075996667
22208,22360,0.8396209
22209,108362,0.022487141
22210,110862,0.13413408
22211,104142,0.014154177
22212,96451,0.74877614
22213,86014,0.7957864
22214,112507,0.15315405
22215,84160,0.02874809
22216,32182,0.0031956013
22217,95537,0.039141163
22218,7266,0.02281438
22219,3619,0.07078054
22220,47630,0.015675483
22221,14654,0.033737633
22222,17554,0.46452016
22223,110822,0.44110775
22224,114857,0.009291485
22225,51762,0.022337878
22226,73562,0.016420258
22227,67796,0.43110844
22228,39803,0.0020691345
22229,110115,0.0018123896
22230,25115,0.07216779
22231,1922,0.08089559
22232,84994,0.28550902
22233,98183,0.0042615863
22234,41044,0.12072263
22235,34775,0.8474278
22236,111845,0.20928882
22237,65489,0.011896522
22238,81963,0.013163078
22239,48567,0.026974313
22240,77792,0.0023000326
22241,41215,0.000988345
22242,111210,0.008381444
22243,24778,0.07216779
22244,45022,0.021939708
22245,60398,0.0071157296
22246,53482,0.70096636
22247,21923,0.0349734
22248,77196,0.0046847276
22249,108256,0.04958626
22250,45969,0.0046599335
22251,109276,0.8073558
22252,36436,0.34026608
22253,77366,0.008902982
22254,71822,0.27749422
22255,105724,0.5011023
22256,69709,0.270978
22257,18630,0.051409062
22258,28001,0.6280348
22259,32184,0.006315681
22260,8036,0.006992625
22261,44596,0.30027738
22262,40378,0.0068766316
22263,101001,0.008226669
22264,17757,0.811426
22265,65360,0.0057246718
22266,41290,0.014154177
22267,105480,0.008924588
22268,7241,0.020802634
22269,49184,0.007318388
22270,24520,0.037030775
22271,31660,0.6280348
22272,97557,0.017257174
22273,61364,0.0043672123
22274,40049,0.00628069
22275,97473,0.8824114
22276,98703,0.009464335
22277,75956,0.6975435
22278,102025,0.030200059
22279,12563,0.008745405
22280,63084,0.003335049
22281,33211,0.7441965
22282,20442,0.0034959172
22283,62502,0.03099253
22284,52714,0.03712462
22285,96262,0.022302592
22286,28130,0.00627726
22287,50295,0.53810483
22288,93099,0.19214939
22289,29329,0.01731884
22290,48280,0.0072224718
22291,82664,0.0041423747
22292,82974,0.13413408
22293,10114,0.022035038
22294,1859,0.039853398
22295,8392,0.05906391
22296,58963,0.74494725
22297,29455,0.0022931537
22298,9,0.4970651
22299,102001,0.004991334
22300,21216,0.060939007
22301,23847,0.07216779
22302,103749,0.0012085411
22303,115928,0.01240773
22304,44217,0.07216779
22305,86374,0.28655696
22306,35841,0.003016383
22307,54901,0.34026608
22308,52797,0.0033465058
22309,43871,0.63145876
22310,74015,0.088731185
22311,39977,0.0020691345
22312,86824,0.06522638
22313,54803,0.21208319
22314,97548,0.15818791
22315,20041,0.0018060576
22316,113434,0.020928299
22317,100481,0.013449592
22318,24918,0.07216779
22319,111118,0.76142997
22320,32594,0.015104119
22321,84583,0.0030353365
22322,96035,0.5011023
22323,114175,0.53578204
22324,52971,0.018842274
22325,89263,0.57717556
22326,97260,0.006389559
22327,33849,0.0910583
22328,92109,0.031913612
22329,95038,0.57717556
22330,28230,0.00090449414
22331,78887,0.45156
22332,12832,0.0031573633
22333,549,0.008968482
22334,82891,0.56254977
22335,19518,0.3439754
22336,6140,0.017167076
22337,10982,0.022035038
22338,65306,0.0032679527
22339,109368,0.0030862116
22340,52970,0.37669078
22341,70689,0.018053243
22342,39800,0.026034497
22343,63484,0.016066954
22344,43619,0.43110844
22345,61670,0.088731185
22346,86650,0.27749422
22347,105620,0.002381358
22348,41040,0.0018441798
22349,115394,0.008484349
22350,96964,0.44110775
22351,78849,0.26206386
22352,66006,0.0023187483
22353,7965,0.035971805
22354,96100,0.7130009
22355,113747,0.0633146
22356,9596,0.037040874
22357,45380,0.0042377645
22358,24859,0.00091765885
22359,36319,0.6570409
22360,57129,0.56254977
22361,86346,0.25767058
22362,56298,0.060939007
22363,29333,0.6280348
22364,81312,0.35608795
22365,46863,0.0013901752
22366,77991,0.13390774
22367,18544,0.029510276
22368,109918,0.44101527
22369,89701,0.72432643
22370,40916,0.03099253
22371,31697,0.0068073417
22372,24214,0.4507486
22373,46756,0.0023640324
22374,28002,0.55566055
22375,74271,0.012002181
22376,90442,0.74877614
22377,102485,0.033618756
22378,108650,0.8313067
22379,30582,0.6280348
22380,62927,0.43110844
22381,39409,0.07216779
22382,45865,0.036992703
22383,24502,0.0012109322
22384,31657,0.0026750737
22385,98403,0.005812438
22386,94236,0.006115839
22387,82934,0.009914719
22388,96424,0.2836866
22389,109508,0.020879121
22390,3948,0.00328675
22391,62132,0.024242112
22392,115160,0.6280348
22393,80669,0.4822601
22394,46685,0.0013389853
22395,23211,0.33346093
22396,115181,0.06435522
22397,112109,0.022487141
22398,77895,0.019717583
22399,37814,0.0068603493
22400,90150,0.003919166
22401,63371,0.78680277
22402,42677,0.0015602286
22403,104231,0.0023932334
22404,26860,0.0049060876
22405,35814,0.21967717
22406,1390,0.0019519196
22407,55329,0.0030792684
22408,80213,0.0012658607
22409,105534,0.0698853
22410,24192,0.029409917
22411,86878,0.4507486
22412,65602,0.01117166
22413,8221,0.281191
22414,44955,0.0104752425
22415,53943,0.03712462
22416,24345,0.18866682
22417,111981,0.009714984
22418,86151,0.25401485
22419,104255,0.0041283965
22420,28661,0.4679668
22421,16591,0.012792537
22422,49911,0.53810483
22423,48271,0.078370176
22424,102537,0.74877614
22425,104211,0.44101527
22426,2353,0.0045473245
22427,76226,0.0036348277
22428,9190,0.69804543
22429,18871,0.033046506
22430,87306,0.005130807
22431,9127,0.002541684
22432,53159,0.8396209
22433,83576,0.41344064
22434,51439,0.55566055
22435,2848,0.0010773933
22436,5819,0.021069754
22437,80411,0.53578204
22438,24325,0.007169727
22439,51029,0.4507486
22440,110369,0.36064366
22441,104734,0.6280348
22442,51058,0.72160727
22443,34165,0.0011428725
22444,24779,0.07216779
22445,22573,0.44364974
22446,3160,0.72160727
22447,84890,0.27749422
22448,108787,0.014701023
22449,76763,0.35608795
22450,59587,0.27462173
22451,100534,0.0067403177
22452,87351,0.70096636
22453,9022,0.0021395332
22454,23822,0.7925452
22455,90466,0.15818791
22456,113824,0.0025261862
22457,65041,0.009223896
22458,40350,0.17494485
22459,25797,0.0072606807
22460,98405,0.8824114
22461,69560,0.005044945
22462,4869,0.00659286
22463,102319,0.009464335
22464,93609,0.14614342
22465,6910,0.0019436522
22466,49483,0.056531325
22467,16309,0.0031676996
22468,50685,0.4507486
22469,9145,0.0045425612
22470,49243,0.4176834
22471,16526,0.0047013923
22472,13211,0.0006426628
22473,44654,0.12218086
22474,101398,0.017696153
22475,101804,0.740201
22476,105678,0.009532165
22477,54349,0.12658794
22478,102018,0.0806475
22479,26824,0.0012418595
22480,53492,0.0034854359
22481,105098,0.022487141
22482,108222,0.011258529
22483,58522,0.04646777
22484,91148,0.27749422
22485,46150,0.00091765885
22486,17034,0.055877678
22487,98070,0.5011023
22488,43765,0.0654944
22489,60362,0.65579885
22490,97573,0.0054819384
22491,90463,0.44101527
22492,24088,0.06525753
22493,29948,0.38217098
22494,63082,0.03099253
22495,96229,0.028299214
22496,21291,0.047893856
22497,18816,0.017545506
22498,30712,0.017358584
22499,61556,0.002298606
22500,89820,0.007713719
22501,32109,0.013234199
22502,70335,0.005660244
22503,9122,0.0019457531
22504,16487,0.0008896225
22505,95684,0.5011023
22506,3106,0.0016759384
22507,64913,0.016448531
22508,42996,0.004435666
22509,16649,0.002930111
22510,21652,0.042249277
22511,30990,0.02157992
22512,108549,0.04631971
22513,18211,0.00191408
22514,32809,0.008998929
22515,26231,0.007034591
22516,33429,0.026183767
22517,17560,0.43110844
22518,18819,0.07242178
22519,115534,0.007717321
22520,115849,0.005567118
22521,25252,0.020090925
22522,35528,0.009914719
22523,105780,0.30316836
22524,108915,0.04700286
22525,38007,0.70096636
22526,23399,0.56254977
22527,55174,0.55566055
22528,57404,0.2530429
22529,64230,0.022500813
22530,67908,0.003420309
22531,94939,0.040077873
22532,101937,0.0038058301
22533,18476,0.028178746
22534,48598,0.81452924
22535,113620,0.004525037
22536,92657,0.01704384
22537,102820,0.0029362484
22538,57119,0.63145876
22539,13144,0.12884553
22540,107590,0.01240773
22541,12810,0.018331321
22542,57597,0.0022936098
22543,67835,0.008029135
22544,11991,0.0022701523
22545,88775,0.74877614
22546,76858,0.05849908
22547,62648,0.003016383
22548,18532,0.0023761075
22549,36298,0.004441212
22550,2021,0.0036918882
22551,96518,0.0044146567
22552,107032,0.55365103
22553,103002,0.74877614
22554,38220,0.7228213
22555,19195,0.009559106
22556,76153,0.0035927217
22557,24280,0.031621132
22558,77898,0.004797168
22559,11076,0.0017377505
22560,103519,0.005579039
22561,24247,0.006802887
22562,47224,0.07216779
22563,42932,0.0014733557
22564,73437,0.0027706402
22565,114707,0.002202436
22566,37122,0.026034497
22567,89967,0.37735
22568,66538,0.003239281
22569,26196,0.0044554067
22570,63109,0.76863915
22571,41042,0.01858439
22572,14874,0.9367154
22573,15740,0.033737633
22574,35906,0.55566055
22575,60818,0.009706895
22576,41026,0.026034497
22577,28713,0.058077905
22578,114896,0.0019252332
22579,64155,0.009464335
22580,70194,0.43110844
22581,103613,0.7944973
22582,75703,0.09289784
22583,43415,0.0063170134
22584,28734,0.023896458
22585,69121,0.088092454
22586,58572,0.70096636
22587,15581,0.011290847
22588,23334,0.17259738
22589,98291,0.53241813
22590,93403,0.04640792
22591,26180,0.051835634
22592,89102,0.027880123
22593,49159,0.006804514
22594,52758,0.55566055
22595,45346,0.03099253
22596,99718,0.013177567
22597,7038,0.011370003
22598,102564,0.0077998014
22599,26975,0.55566055
22600,77737,0.0019439934
22601,53191,0.34026608
22602,43219,0.059736237
22603,93190,0.07299633
22604,91938,0.27749422
22605,66232,0.07863653
22606,84907,0.2938167
22607,51135,0.013172917
22608,98803,0.03301657
22609,38410,0.4679668
22610,62396,0.013969766
22611,24864,0.35608795
22612,85190,0.0024635647
22613,84527,0.011831654
22614,2874,0.031376135
22615,110561,0.019603891
22616,48057,0.58656245
22617,107180,0.0008644401
22618,79090,0.0016025153
22619,85741,0.0019204363
22620,104273,0.12296674
22621,32820,0.0012627309
22622,43268,0.0013101863
22623,37233,0.015457122
22624,32905,0.6469486
22625,100662,0.7186213
22626,52474,0.28651854
22627,48398,0.0038279113
22628,73436,0.79416645
22629,103199,0.008609095
22630,41252,0.0014733557
22631,99638,0.020275285
22632,97198,0.0073286043
22633,16478,0.025202611
22634,82471,0.24174885
22635,109083,0.012432675
22636,76522,0.005243943
22637,55631,0.03588109
22638,13910,0.20979106
22639,44420,0.0072224718
22640,66754,0.016420258
22641,55510,0.0011893711
22642,5862,0.018435312
22643,86222,0.0012018266
22644,24133,0.03099253
22645,101707,0.1362347
22646,64937,0.008652129
22647,73037,0.0034959835
22648,94891,0.011759381
22649,50745,0.011676242
22650,50906,0.051835634
22651,42982,0.031047612
22652,39875,0.029409917
22653,100621,0.8824114
22654,87930,0.13317084
22655,61876,0.019717583
22656,33915,0.0071853194
22657,111052,0.03712462
22658,50062,0.0013868304
22659,64782,0.001532944
22660,115946,0.012424265
22661,79232,0.010525678
22662,19676,0.08793868
22663,70135,0.012549594
22664,88453,0.0028737192
22665,91915,0.27749422
22666,26461,0.00797546
22667,74869,0.012002181
22668,77980,0.32017073
22669,5619,0.004834032
22670,26301,0.0051585417
22671,91258,0.0018171681
22672,88702,0.14047155
22673,25568,0.008011415
22674,34284,0.8396209
22675,45279,0.033272497
22676,74040,0.27749422
22677,82864,0.013961827
22678,100975,0.7186213
22679,53296,0.8768206
22680,45851,0.15894817
22681,45247,0.023105735
22682,30514,0.55566055
22683,34300,0.18459778
22684,19388,0.019832386
22685,108667,0.08255154
22686,98216,0.003104327
22687,42083,0.0025814064
22688,44276,0.006046115
22689,106913,0.5011023
22690,91969,0.04640792
22691,33290,0.021415
22692,74170,0.18412575
22693,48580,0.55566055
22694,48790,0.35038942
22695,97896,0.5561449
22696,57177,0.2822489
22697,108682,0.022487141
22698,93204,0.32012954
22699,71135,0.012002181
22700,100752,0.5011023
22701,108377,0.028317085
22702,53549,0.006397886
22703,39786,0.00071399944
22704,92157,0.088731185
22705,33349,0.012477344
22706,17851,0.00458557
22707,5235,0.041290887
22708,46738,0.07216779
22709,17252,0.061477587
22710,90344,0.7957864
22711,104569,0.58310384
22712,52310,0.05535128
22713,15656,0.011676242
22714,114449,0.12777713
22715,13763,0.84199184
22716,43305,0.8468055
22717,113726,0.0035952693
22718,65494,0.008652129
22719,88933,0.5470303
22720,90216,0.008029135
22721,23196,0.003408693
22722,103527,0.0053029032
22723,110717,0.07262648
22724,47907,0.023965154
22725,79116,0.55566055
22726,2760,0.9111446
22727,95751,0.14383748
22728,76234,0.6469486
22729,78572,0.0033362457
22730,22419,0.003099
22731,51286,0.73920804
22732,57222,0.003035263
22733,59613,0.55566055
22734,12788,0.0038638043
22735,101501,0.003099171
22736,78289,0.13166432
22737,8070,0.007526974
22738,77101,0.0063282265
22739,52562,0.18459778
22740,107134,0.014659982
22741,100603,0.2758116
22742,49624,0.0020691345
22743,69446,0.03760817
22744,101939,0.44110775
22745,58053,0.03439601
22746,51025,0.56254977
22747,106710,0.28550902
22748,68957,0.0040611117
22749,76612,0.012002181
22750,87843,0.066196755
22751,112647,0.48679414
22752,108792,0.21409437
22753,97921,0.15818791
22754,23551,0.0072224718
22755,46677,0.7247277
22756,66128,0.0026976743
22757,91029,0.0015782071
22758,72929,0.005707249
22759,110950,0.77919436
22760,8446,0.030582005
22761,62970,0.035288915
22762,8783,0.00659286
22763,68420,0.27749422
22764,22543,0.120555714
22765,57204,0.56254977
22766,100056,0.01240773
22767,51288,0.0075163455
22768,57735,0.7174389
22769,54960,0.00787234
22770,107361,0.0044010133
22771,48015,0.005177455
22772,49838,0.53810483
22773,103549,0.74846315
22774,69298,0.5992805
22775,115220,0.55566055
22776,85455,0.003066736
22777,53235,0.121799074
22778,90724,0.27749422
22779,81525,0.32017073
22780,61855,0.058860738
22781,8415,0.026583944
22782,55250,0.0033864004
22783,41642,0.5199695
22784,24727,0.0008226301
22785,11976,0.0038709904
22786,96281,0.57717556
22787,108492,0.09289784
22788,65648,0.0011381584
22789,32754,0.33401656
22790,61945,0.27065274
22791,75310,0.029157756
22792,97522,0.006478453
22793,95563,0.8313067
22794,78394,0.56254977
22795,23631,0.00091765885
22796,59835,0.011676242
22797,84878,0.69804543
22798,21350,0.003099
22799,59383,0.8958806
22800,57653,0.0025193887
22801,90250,0.0065870252
22802,45064,0.008272674
22803,107683,0.0066555766
22804,67749,0.0075836806
22805,24430,0.0022403651
22806,78372,0.0026414657
22807,50396,0.019867998
22808,74383,0.06025181
22809,77272,0.44110775
22810,113398,0.008133071
22811,824,0.00082599116
22812,109501,0.0029227159
22813,102342,0.74846315
22814,7386,0.0019436522
22815,12822,0.14979403
22816,12679,0.0010060463
22817,8170,0.012792699
22818,31275,0.03099253
22819,36093,0.02822482
22820,47652,0.006046115
22821,16953,0.38806626
22822,47466,0.0032119332
22823,94199,0.72432643
22824,41616,0.030330224
22825,33859,0.01858439
22826,88844,0.74877614
22827,28508,0.26892516
22828,107461,0.35608795
22829,68619,0.003239281
22830,53663,0.0971376
22831,55025,0.005105965
22832,68670,0.014105389
22833,45859,0.03099253
22834,51620,0.72160727
22835,14642,0.45156
22836,108669,0.009261133
22837,41082,0.00623229
22838,6095,0.0045783976
22839,79900,0.025081761
22840,4079,0.018435312
22841,64712,0.026909264
22842,65751,0.10142551
22843,113195,0.020870145
22844,46574,0.0036890497
22845,36180,0.0021110182
22846,24595,0.0038948855
22847,38712,0.00071399944
22848,82677,0.011035193
22849,84510,0.74603975
22850,20928,0.1644393
22851,34652,0.024497937
22852,36687,0.040528487
22853,20959,0.0878315
22854,8756,0.0012744435
22855,29652,0.09356736
22856,110687,0.0073938603
22857,40092,0.16797575
22858,14381,0.003939385
22859,101894,0.1225767
22860,4432,0.3565283
22861,89587,0.7174389
22862,11800,0.00876299
22863,13600,0.047849633
22864,36867,0.029409917
22865,94281,0.009131154
22866,55712,0.0045658452
22867,99505,0.016507726
22868,91411,0.15913934
22869,109343,0.8073558
22870,53665,0.15818791
22871,73154,0.78680277
22872,93420,0.9162393
22873,47816,0.25401485
22874,81176,0.0021028495
22875,110548,0.009081299
22876,26357,0.0024469877
22877,79295,0.0007113161
22878,76971,0.005515323
22879,57014,0.012401631
22880,74920,0.088731185
22881,94205,0.020878317
22882,48386,0.015073597
22883,76621,0.006436934
22884,94734,0.63096803
22885,105220,0.32012954
22886,100352,0.0068213893
22887,66665,0.003104327
22888,65473,0.003233874
22889,12254,0.9367154
22890,94537,0.0016989608
22891,31549,0.0012286338
22892,85376,0.0019605379
22893,103520,0.8048408
22894,16277,0.021367995
22895,93161,0.03323246
22896,54263,0.010934924
22897,45306,0.0077621182
22898,91957,0.011304162
22899,7314,0.020368885
22900,38525,0.0023779676
22901,21407,0.0016130267
22902,95407,0.0013007115
22903,43594,0.05849908
22904,68051,0.009914719
22905,22564,0.026034497
22906,100179,0.0074862866
22907,105881,0.05340695
22908,23518,0.014973894
22909,89210,0.43110844
22910,1718,0.024374317
22911,86528,0.004345748
22912,71259,0.15818791
22913,74428,0.6975435
22914,40777,0.0073967096
22915,96334,0.42961618
22916,110645,0.012002181
22917,49193,0.009146746
22918,98714,0.05340695
22919,76455,0.055891003
22920,17624,0.00082075753
22921,8247,0.00659286
22922,29100,0.0024851675
22923,16942,0.014975166
22924,76248,0.0057275277
22925,12234,0.041528445
22926,6594,0.12782732
22927,49377,0.01169598
22928,97650,0.01240773
22929,37782,0.60496414
22930,54044,0.0016129054
22931,90809,0.0023709193
22932,49182,0.42777395
22933,47173,0.09965071
22934,7318,0.4087485
22935,56241,0.032024384
22936,56250,0.53810483
22937,2183,0.003912342
22938,54582,0.34026608
22939,112978,0.77919436
22940,35142,0.27065274
22941,59749,0.011007517
22942,4465,0.7756768
22943,60068,0.8262822
22944,110488,0.008682234
22945,44974,0.008011415
22946,60613,0.0039659077
22947,74968,0.002303894
22948,94370,0.0011082444
22949,65583,0.01117166
22950,40541,0.7148634
22951,57181,0.56254977
22952,100996,0.74846315
22953,14346,0.8297637
22954,108688,0.0047013923
22955,74192,0.0013584223
22956,10115,0.037836544
22957,97274,0.037566166
22958,81506,0.016420258
22959,43334,0.70096636
22960,112037,0.025977654
22961,67032,0.00951093
22962,80543,0.28655696
22963,101101,0.012002181
22964,111802,0.20928882
22965,98828,0.5561449
22966,104020,0.006409783
22967,34848,0.006209805
22968,67041,0.25401485
22969,26995,0.0019645856
22970,95052,0.0032926274
22971,51498,0.58656245
22972,7777,0.0035872634
22973,12712,0.56254977
22974,78368,0.0069172354
22975,30851,0.004339223
22976,47382,0.0022403651
22977,55651,0.036068562
22978,95712,0.105119556
22979,8843,0.7464647
22980,47290,0.0015959032
22981,46513,0.026034497
22982,15224,0.024741223
22983,1728,0.00050029915
22984,54737,0.55566055
22985,28782,0.38536745
22986,46230,0.07216779
22987,32555,0.03099253
22988,100320,0.0018415108
22989,29675,0.020791909
22990,76873,0.012793837
22991,89488,0.3346015
22992,41804,0.0039907503
22993,99942,0.20612341
22994,77238,0.43110844
22995,42977,0.0055979034
22996,78948,0.981851
22997,1562,0.85398394
22998,43948,0.04443042
22999,105680,0.088731185
23000,114780,0.47740188
23001,41433,0.057796117
23002,54212,0.55566055
23003,72300,0.0063047414
23004,3769,0.95072997
23005,5418,0.3565283
23006,36062,0.0052598515
23007,28021,0.008272674
23008,68238,0.032772686
23009,113124,0.72432643
23010,63410,0.015976962
23011,16282,0.43110844
23012,113276,0.46357763
23013,97900,0.0073938603
23014,109867,0.00739651
23015,35565,0.72160727
23016,84909,0.048436794
23017,97854,0.7637548
23018,42382,0.0024771448
23019,61115,0.6504956
23020,45173,0.26892516
23021,48199,0.70096636
23022,88611,0.009464335
23023,110555,0.35449865
23024,103747,0.77919436
23025,89124,0.005660244
23026,88939,0.0018505078
23027,42309,0.015104119
23028,74411,0.006046115
23029,30351,0.0070391092
23030,33641,0.86619526
23031,36708,0.008272674
23032,40246,0.12072263
23033,42902,0.06087347
23034,110646,0.06230068
23035,77490,0.009914719
23036,54376,0.0062700063
23037,6726,0.0057018828
23038,74059,0.0027706402
23039,15538,0.45156
23040,66483,0.018295318
23041,21438,0.021367995
23042,78205,0.01169598
23043,112083,0.0861634
23044,91076,0.72105354
23045,19089,0.08793868
23046,65232,0.0068213893
23047,78589,0.0016265064
23048,15710,0.0034080062
23049,16053,0.0033999502
23050,34089,0.002618549
23051,76245,0.019717583
23052,84669,0.0016989608
23053,14116,0.007876651
23054,34495,0.037868768
23055,77805,0.15818791
23056,8893,0.099618606
23057,622,0.21485509
23058,14471,0.70096636
23059,61014,0.044838753
23060,106476,0.006315681
23061,495,0.0031000315
23062,76358,0.70096636
23063,844,0.028174058
23064,57811,0.55566055
23065,114734,0.020870145
23066,92988,0.15818791
23067,60332,0.0017349552
23068,33346,0.002247767
23069,81527,0.15818791
23070,59021,0.066196755
23071,5047,0.17164132
23072,14740,0.023928288
23073,5428,0.066309094
23074,89749,0.15818791
23075,53169,0.0014928338
23076,94879,0.10492894
23077,115510,0.011488053
23078,54837,0.008273953
23079,10257,0.039853398
23080,8629,0.55343413
23081,74134,0.7957864
23082,112947,0.060719058
23083,21683,0.003099
23084,71250,0.5564428
23085,38256,0.017272659
23086,3318,0.023296796
23087,36283,0.07503338
23088,79463,0.014105375
23089,83724,0.56254977
23090,61997,0.03099253
23091,1844,0.11243939
23092,104165,0.35608795
23093,60986,0.74877614
23094,70739,0.4507486
23095,63548,0.008425987
23096,78238,0.0025522206
23097,106787,0.006315681
23098,97631,0.2836866
23099,7551,0.0035445997
23100,10889,0.2685778
23101,93547,0.5011023
23102,110310,0.5323371
23103,2497,0.056464992
23104,61829,0.008381444
23105,76334,0.009263448
23106,61918,0.017460866
23107,31094,0.63145876
23108,105478,0.033501305
23109,15589,0.022786438
23110,108655,0.006053203
23111,39260,0.74603975
23112,34811,0.06929498
23113,52876,0.0076079606
23114,40614,0.0006540583
23115,31313,0.0008517636
23116,76369,0.003239281
23117,80445,0.0020155925
23118,40250,0.0075942455
23119,45269,0.03148414
23120,110922,0.007822174
23121,12992,0.7603118
23122,102362,0.8824114
23123,26373,0.021939708
23124,10699,0.0055993847
23125,14071,0.0035117555
23126,111771,0.4507486
23127,87923,0.03341093
23128,10067,0.062338326
23129,27301,0.7343914
23130,66024,0.003720876
23131,67390,0.01858439
23132,58168,0.48679414
23133,39871,0.04448573
23134,7223,0.2198522
23135,112946,0.86641574
23136,68872,0.18089549
23137,105350,0.5011023
23138,54316,0.00305289
23139,88122,0.57717556
23140,46689,0.01312142
23141,9886,0.010991441
23142,108645,0.36090043
23143,51024,0.56254977
23144,37007,0.012023981
23145,2534,0.023296796
23146,113561,0.8313067
23147,102670,0.005374291
23148,46389,0.0012627309
23149,43930,0.009932193
23150,53736,0.040528487
23151,11655,0.0015621085
23152,51335,0.43110844
23153,52662,0.012002181
23154,9585,0.05504776
23155,27182,0.008123929
23156,34078,0.55566055
23157,5169,0.0021847133
23158,56602,0.009250844
23159,77149,0.004377943
23160,83696,0.0012260887
23161,67319,0.61112845
23162,62750,0.48679414
23163,10563,0.0055993847
23164,53694,0.054416392
23165,29562,0.04315304
23166,73909,0.047243845
23167,84474,0.0019650587
23168,75341,0.03961124
23169,83296,0.0042288275
23170,45682,0.26892516
23171,45622,0.023854906
23172,5140,0.14764303
23173,61831,0.035288915
23174,13985,0.152907
23175,109750,0.014701023
23176,68378,0.595543
23177,63734,0.019603891
23178,92552,0.07271248
23179,78773,0.4380215
23180,97330,0.0023091962
23181,40664,0.47669554
23182,30458,0.029865768
23183,81907,0.26296425
23184,39218,0.07216779
23185,55866,0.508055
23186,6384,0.0032792792
23187,22664,0.04071958
23188,55567,0.43110844
23189,16773,0.0016990142
23190,92264,0.0019869476
23191,50992,0.43110844
23192,104741,0.0065379604
23193,63474,0.0036499335
23194,80438,0.0032926274
23195,29485,0.72870684
23196,59838,0.0010619148
23197,110584,0.64646333
