index,ID,fraud_flag
0,64707,0.0015666143
1,63919,0.001337996
2,15664,0.012781196
3,6626,0.008331353
4,26766,0.045405824
5,2055,0.016157776
6,80703,0.0014975807
7,45482,0.036847826
8,91264,0.0015666143
9,1049,0.010972619
10,67644,0.014821278
11,17283,0.002787786
12,111047,0.010365535
13,6283,0.016000383
14,10932,0.007702197
15,6866,0.003950813
16,32797,0.013363381
17,87632,0.021766486
18,20830,0.006206534
19,70988,0.008178038
20,2589,0.016027553
21,76471,0.021766486
22,57026,0.040132347
23,34068,0.013363381
24,110099,0.00534391
25,44409,0.0015202472
26,98424,0.053207587
27,100327,0.009639213
28,85449,0.0117283845
29,105123,0.018226296
30,115595,0.014567456
31,34762,0.019030845
32,30440,0.013363381
33,395,0.012301545
34,34667,0.0026188802
35,87615,0.011701322
36,43712,0.01883267
37,17074,0.006053894
38,68564,0.01818908
39,91813,0.03737256
40,62080,0.0031869553
41,12050,0.0015202472
42,63426,0.002931354
43,93726,0.0034717065
44,21287,0.041144025
45,25800,0.011795676
46,33442,0.010170478
47,46493,0.019885272
48,105529,0.011701322
49,25747,0.007010156
50,105901,0.0015425641
51,53369,0.0030200463
52,80105,0.0031852394
53,93931,0.011657114
54,106790,0.075159036
55,17416,0.0031033105
56,105290,0.008349624
57,58133,0.007375175
58,81540,0.046898387
59,23236,0.0019407654
60,62711,0.004882972
61,20999,0.015885983
62,103783,0.00479339
63,17545,0.01818908
64,91278,0.011701322
65,16821,0.040132347
66,47115,0.011795676
67,101433,0.028507296
68,64042,0.002931354
69,2158,0.0151229715
70,44272,0.020939998
71,88331,0.0014975807
72,6698,0.004047941
73,69531,0.0014975807
74,30625,0.045405824
75,11877,0.0017637569
76,52353,0.01052397
77,31005,0.016434142
78,101230,0.020559303
79,60853,0.0041951244
80,56734,0.0075099985
81,53707,0.024537196
82,50265,0.00935684
83,72607,0.0502881
84,49053,0.0017637569
85,36071,0.0030200463
86,40741,0.02014425
87,56960,0.059078798
88,53425,0.0015202472
89,81012,0.0023088339
90,103397,0.010090939
91,115241,0.013363381
92,16477,0.006600803
93,106300,0.05377881
94,778,0.0126754185
95,54111,0.0078049432
96,43160,0.0028740324
97,13312,0.0201032
98,40729,0.018870499
99,29282,0.013363381
100,2486,0.007988558
101,81324,0.0025431737
102,75361,0.0033073684
103,83557,0.015237885
104,78430,0.015473654
105,58733,0.013363381
106,4100,0.005907898
107,89993,0.014821278
108,85173,0.021766486
109,100381,0.054126825
110,19324,0.021766486
111,71719,0.0014975807
112,89961,0.024088822
113,87549,0.0014975807
114,82988,0.01767445
115,22403,0.006218357
116,51891,0.018723845
117,45978,0.002705636
118,20555,0.026155245
119,55970,0.0117283845
120,47319,0.008767572
121,74241,0.039295927
122,103281,0.0030200463
123,108240,0.016592111
124,61359,0.011954552
125,71663,0.018870499
126,89413,0.05430571
127,39662,0.015019466
128,112982,0.0035765604
129,56650,0.029891824
130,8849,0.016027553
131,12567,0.002931931
132,73998,0.011701322
133,1712,0.016000383
134,112407,0.019021316
135,15075,0.011207892
136,101430,0.025448183
137,79990,0.005758769
138,52886,0.01785898
139,87463,0.05430571
140,61955,0.008974107
141,30263,0.020274134
142,85593,0.0034349244
143,103216,0.023843529
144,39612,0.014944271
145,44407,0.009220703
146,98760,0.0040260195
147,17265,0.0031869553
148,106871,0.0063741137
149,83690,0.018870499
150,107039,0.0017637569
151,57715,0.01041302
152,41191,0.0080854
153,101274,0.008028925
154,85340,0.01596527
155,42354,0.03078718
156,36079,0.0033612684
157,71215,0.0033378506
158,39362,0.006460138
159,5693,0.022783171
160,78375,0.0023281192
161,61534,0.0057954444
162,67488,0.0015202472
163,15561,0.012781196
164,16157,0.018870499
165,17,0.0030200463
166,29639,0.013363381
167,91112,0.011417337
168,104649,0.05377881
169,693,0.012781196
170,4689,0.0077202283
171,58919,0.013363381
172,36766,0.013363381
173,15077,0.012781196
174,37006,0.0023148167
175,93345,0.008974107
176,44664,0.0067291376
177,18762,0.024691269
178,22379,0.011795676
179,89724,0.020369934
180,3745,0.008251345
181,83488,0.012584653
182,108394,0.0015432577
183,8641,0.023134118
184,69466,0.0015666143
185,25047,0.0028740324
186,39695,0.02506695
187,57982,0.0034349244
188,90462,0.019863103
189,112752,0.019021316
190,117,0.02711763
191,98398,0.0084239
192,19002,0.0055117775
193,100559,0.002787786
194,11291,0.008971546
195,72304,0.0033073684
196,23250,0.032865394
197,99518,0.008477296
198,105725,0.019678786
199,55984,0.0031801066
200,97310,0.0031869553
201,39077,0.01330515
202,110918,0.02014425
203,41184,0.035395592
204,9739,0.004258279
205,6322,0.01268736
206,10936,0.005479516
207,92917,0.044313025
208,16710,0.018870499
209,113964,0.008030611
210,110281,0.0015548919
211,501,0.0073290174
212,38063,0.010826039
213,53303,0.010873586
214,75137,0.0014975807
215,31793,0.03845318
216,77822,0.0072366893
217,22821,0.0023749098
218,79560,0.020559303
219,1724,0.016000383
220,41295,0.015071701
221,114664,0.008477296
222,83239,0.035395592
223,76161,0.0015666143
224,12812,0.01422544
225,73079,0.014821278
226,33477,0.008594614
227,110911,0.002787786
228,74088,0.0034717065
229,91464,0.0014975807
230,78965,0.0028178282
231,115734,0.0147927515
232,39064,0.045405824
233,87531,0.01999765
234,21392,0.002416298
235,85410,0.0029435349
236,101374,0.0031869386
237,61893,0.015830971
238,35957,0.046898387
239,18330,0.012512674
240,25920,0.0028200543
241,29321,0.013363381
242,50864,0.0044660345
243,16324,0.002416298
244,107063,0.05377881
245,62263,0.008141885
246,38175,0.018870499
247,36909,0.00414699
248,97440,0.053899966
249,107136,0.0014102382
250,51426,0.04133766
251,62186,0.0031869553
252,57941,0.047870692
253,88610,0.03799679
254,77426,0.0031359398
255,63630,0.0012694503
256,97452,0.0014975807
257,27847,0.0031869553
258,72330,0.024537196
259,83242,0.010847788
260,99627,0.011521348
261,55561,0.007978271
262,21229,0.0074185915
263,43254,0.029891824
264,46349,0.0664333
265,32885,0.011954552
266,63211,0.0015666143
267,74017,0.0015666143
268,112309,0.0014774695
269,71080,0.006621343
270,11233,0.010408059
271,65032,0.0012318686
272,62670,0.010748306
273,34602,0.0061947335
274,113971,0.005701048
275,44728,0.008974107
276,78716,0.0014975807
277,60993,0.0031869553
278,62434,0.021541953
279,13314,0.007201352
280,9420,0.012781196
281,94502,0.014821278
282,14782,0.0061711967
283,105399,0.034341123
284,26114,0.007941915
285,94952,0.0027627202
286,63121,0.0014975807
287,17505,0.003948421
288,23853,0.0033612684
289,76294,0.0034717065
290,79180,0.001486374
291,66894,0.0015666143
292,97408,0.007768119
293,33501,0.0073181596
294,50551,0.024470285
295,80870,0.011701322
296,36561,0.012584653
297,41816,0.0022401751
298,62882,0.007458087
299,34681,0.013363381
300,114749,0.03857721
301,8606,0.004953245
302,42446,0.002931354
303,53904,0.03205202
304,22551,0.019310921
305,94510,0.018016947
306,1373,0.013113975
307,82674,0.021766486
308,40993,0.011795676
309,92014,0.008974107
310,73191,0.037406508
311,106449,0.007357651
312,58423,0.003605579
313,27731,0.0013643872
314,89611,0.0034717065
315,64260,0.002931354
316,94809,0.0029639504
317,102324,0.0061640735
318,86926,0.008974107
319,49185,0.0015202472
320,57289,0.0034717065
321,2655,0.016301729
322,2988,0.0033612684
323,545,0.010238653
324,28457,0.008095632
325,14596,0.0014532544
326,79184,0.0117283845
327,15201,0.0014532544
328,56585,0.051284876
329,6307,0.011473993
330,98730,0.036911882
331,51980,0.0017637569
332,80528,0.0014975807
333,22762,0.0070912424
334,51747,0.05189881
335,18778,0.0025933972
336,47414,0.0025954216
337,72518,0.03233501
338,13949,0.01642049
339,55661,0.013363381
340,89809,0.018990442
341,61393,0.0031772251
342,75157,0.021766486
343,49321,0.0538434
344,32608,0.0095532695
345,5749,0.0078103174
346,4497,0.006221723
347,5680,0.020199168
348,9543,0.0023314152
349,3613,0.029284986
350,74486,0.018986482
351,92762,0.006521755
352,26829,0.002416298
353,87804,0.0023749098
354,64122,0.015030524
355,6967,0.020529035
356,33595,0.0075788763
357,29196,0.013363381
358,51322,0.009379018
359,103698,0.0070373057
360,30082,0.013363381
361,45037,0.006218357
362,104501,0.016354766
363,28006,0.0012886691
364,1572,0.020769116
365,105217,0.008477296
366,48157,0.01642049
367,48353,0.0015666143
368,5189,0.0077900696
369,62531,0.011954552
370,93051,0.040500026
371,38760,0.004035909
372,51776,0.018870499
373,31602,0.009792084
374,109562,0.0063741137
375,65343,0.0019407654
376,32437,0.016434142
377,5350,0.0043650316
378,97738,0.002787786
379,83307,0.014843087
380,29927,0.02014425
381,101416,0.0014975807
382,94024,0.007450438
383,72374,0.0014975807
384,72292,0.0014975807
385,56177,0.047870692
386,9135,0.0031765336
387,78647,0.0028740324
388,59323,0.040132347
389,79453,0.0015666143
390,11380,0.017152222
391,45280,0.020939998
392,24095,0.002705636
393,90252,0.01818908
394,101354,0.0031698581
395,39613,0.010379852
396,56024,0.024537196
397,29067,0.024537196
398,72766,0.004789745
399,91040,0.016521668
400,102100,0.013363381
401,91937,0.020185387
402,33126,0.008974107
403,43785,0.001681305
404,23703,0.0130400155
405,3837,0.005907898
406,7726,0.0074254023
407,9364,0.005907898
408,111757,0.0027482088
409,9181,0.0077361893
410,87618,0.018372476
411,76250,0.003052717
412,36068,0.016434142
413,46893,0.011927929
414,114571,0.002250274
415,38291,0.007908208
416,67623,0.018986482
417,101068,0.0033073684
418,85744,0.008295178
419,53069,0.013363381
420,80582,0.0014975807
421,50799,0.013363381
422,112728,0.04090623
423,102871,0.007932247
424,20702,0.007686207
425,50019,0.03205202
426,114385,0.02014425
427,88270,0.014917249
428,87238,0.0055006435
429,80143,0.02471318
430,71196,0.0015666143
431,57365,0.015787302
432,95054,0.013653227
433,74508,0.0014975807
434,61161,0.007842914
435,26538,0.023338474
436,56029,0.03737256
437,31570,0.00640472
438,106217,0.00603191
439,12642,0.008007766
440,112036,0.03677475
441,34514,0.013363381
442,93450,0.0027956553
443,38545,0.024537196
444,107432,0.00557888
445,3722,0.013313077
446,57759,0.040132347
447,82794,0.0074430723
448,64296,0.0014532544
449,7803,0.015973266
450,45852,0.023793621
451,19727,0.011405578
452,101122,0.007684883
453,59991,0.035159584
454,15276,0.0022495086
455,21190,0.0074022436
456,57751,0.0012886691
457,48048,0.01642049
458,14201,0.003490894
459,104452,0.02014425
460,61560,0.021457676
461,13655,0.0026898894
462,111774,0.037389383
463,29079,0.02371188
464,32527,0.016434142
465,112644,0.0035765604
466,89335,0.012067438
467,106410,0.0063741137
468,88697,0.0106240595
469,68809,0.005257819
470,19408,0.0033767212
471,278,0.014395246
472,111383,0.0077883843
473,67563,0.007010156
474,112976,0.007942993
475,102347,0.013817323
476,4923,0.022744821
477,92434,0.0031852394
478,49135,0.0027627202
479,24611,0.006136059
480,104534,0.0027627202
481,67830,0.008974107
482,112269,0.0018149752
483,72199,0.0014975807
484,93470,0.0074216286
485,92290,0.03737256
486,62790,0.0017386912
487,29962,0.013363381
488,43340,0.041144025
489,95912,0.0108731445
490,2054,0.016157776
491,105031,0.011701322
492,82647,0.04322669
493,4104,0.020227611
494,32165,0.014379261
495,3485,0.008008633
496,53150,0.01767445
497,55810,0.0023281192
498,96529,0.0026188802
499,61429,0.0031359398
500,82759,0.007074831
501,98261,0.0061128824
502,73851,0.0031772251
503,96701,0.0011953977
504,108510,0.0090788705
505,4513,0.010406747
506,7989,0.012717923
507,52209,0.0033612684
508,51706,0.0018149752
509,75132,0.0031869386
510,88174,0.0015666143
511,70443,0.010847788
512,79727,0.0029435349
513,75815,0.0051986515
514,109976,0.0015548919
515,40198,0.05369818
516,56110,0.047870692
517,105614,0.03961092
518,51330,0.0070866984
519,89294,0.0015666143
520,29257,0.0017637569
521,100033,0.008477296
522,67397,0.0028178282
523,105967,0.0063741137
524,38882,0.015071701
525,63066,0.03799679
526,99436,0.046980076
527,75724,0.014593079
528,79512,0.0028740324
529,22706,0.011887859
530,2749,0.0040151565
531,31627,0.011954552
532,40317,0.0037210477
533,47068,0.010847788
534,112718,0.012667472
535,48713,0.016761128
536,39577,0.019235024
537,65495,0.002931354
538,14485,0.004381581
539,56594,0.0031869553
540,62322,0.05430571
541,69218,0.037838764
542,50698,0.008655913
543,105068,0.018986482
544,64397,0.008974107
545,92772,0.020559303
546,74760,0.0020351268
547,58341,0.0024939207
548,92893,0.028454639
549,50706,0.013363381
550,3254,0.016301729
551,87809,0.05430571
552,105595,0.0031772251
553,108347,0.0063741137
554,11053,0.0053519174
555,50097,0.0015202472
556,86132,0.0073898304
557,36263,0.0061711967
558,95855,0.0029371476
559,83201,0.0034349244
560,18947,0.0062509025
561,15456,0.014821278
562,102205,0.012189923
563,37779,0.0026377246
564,46785,0.012261894
565,76488,0.007080903
566,102027,0.011701322
567,8838,0.0043650316
568,55321,0.0021152445
569,32597,0.008483141
570,11647,0.0031765336
571,15613,0.005935825
572,80527,0.013363381
573,23335,0.021766486
574,77863,0.036231093
575,19824,0.015028957
576,38893,0.0028740324
577,34168,0.013363381
578,44081,0.011795676
579,59661,0.032247413
580,10466,0.0031765336
581,96815,0.008298903
582,44377,0.013363381
583,100864,0.011657114
584,94430,0.013363381
585,87742,0.0042377925
586,65674,0.0022793664
587,104512,0.0031919295
588,24492,0.046898387
589,49739,0.0028740324
590,80417,0.0015666143
591,99334,0.0023148167
592,112122,0.0015548919
593,101283,0.0014975807
594,21677,0.011954552
595,95083,0.0014975807
596,106571,0.0028740324
597,90303,0.01642049
598,9299,0.011544348
599,6426,0.0033832586
600,94693,0.0026103575
601,63857,0.0042853765
602,88880,0.037406508
603,1883,0.008839297
604,84356,0.0015666143
605,61747,0.013684354
606,41443,0.018870499
607,12360,0.008167693
608,78005,0.0031869553
609,94849,0.002931354
610,22284,0.011927929
611,29215,0.00557888
612,82606,0.021766486
613,104103,0.0014975807
614,36447,0.036231093
615,41050,0.003490894
616,9949,0.0070615513
617,45600,0.002416298
618,73479,0.008248453
619,46979,0.013363381
620,41784,0.0033612684
621,90034,0.053899966
622,19768,0.0077165905
623,20081,0.03297487
624,63156,0.010406747
625,50526,0.0023146889
626,33958,0.007959547
627,14261,0.0036643194
628,35991,0.0070333355
629,51997,0.011780939
630,79806,0.01055907
631,95620,0.020185387
632,34320,0.020561535
633,21679,0.010487894
634,103104,0.053207587
635,68491,0.035887517
636,79707,0.053207587
637,83363,0.0076458887
638,45483,0.015097311
639,31264,0.011954552
640,37724,0.023445837
641,93250,0.008974107
642,103271,0.0014975807
643,64938,0.002931354
644,533,0.0049254824
645,67037,0.0025348978
646,93473,0.047870692
647,31665,0.05441054
648,102196,0.0025431737
649,45224,0.008974107
650,83765,0.0028178282
651,101763,0.0014975807
652,42042,0.023743581
653,67828,0.046089802
654,59157,0.014821278
655,99616,0.053899966
656,375,0.0037946217
657,69416,0.0018149752
658,63999,0.0015666143
659,78883,0.0030200463
660,31772,0.016625142
661,67449,0.02798589
662,48837,0.013363381
663,37881,0.05441054
664,105357,0.020847462
665,57189,0.038310543
666,98878,0.018870499
667,98940,0.027325926
668,15375,0.011168242
669,99199,0.0027627202
670,57281,0.008501562
671,109732,0.006627701
672,13354,0.0036643194
673,72902,0.0014975807
674,113479,0.002891109
675,58274,0.056530494
676,104509,0.008477296
677,44498,0.011927929
678,39696,0.01818908
679,21928,0.0015903247
680,47299,0.011927929
681,112470,0.05377881
682,84809,0.0015666143
683,34971,0.018870499
684,9567,0.0039192443
685,58474,0.0014975807
686,34696,0.018870499
687,33177,0.003407841
688,30371,0.0034160416
689,111751,0.0063741137
690,58321,0.0120876925
691,14148,0.0073044477
692,15809,0.018870499
693,65457,0.0026188802
694,111372,0.05377881
695,36594,0.0030200463
696,102912,0.0015666143
697,52753,0.01452185
698,65752,0.0028740324
699,115710,0.0063741137
700,23591,0.011954552
701,17983,0.0015202472
702,45798,0.016073974
703,106725,0.004402712
704,66451,0.0031528538
705,107430,0.0031919295
706,4661,0.007988558
707,10387,0.0032021408
708,78369,0.0042377925
709,16948,0.0045424122
710,17737,0.0052623744
711,21807,0.007794044
712,111914,0.002705636
713,106711,0.012000214
714,54179,0.0031869553
715,2255,0.0063329204
716,102888,0.013363381
717,70070,0.019857846
718,13371,0.010664755
719,15328,0.0026898894
720,5326,0.028842056
721,98753,0.018171003
722,15979,0.0027627202
723,69201,0.0077619823
724,68233,0.011701322
725,43903,0.011954552
726,61446,0.021834597
727,107870,0.0028446678
728,64151,0.005745164
729,39190,0.021766486
730,60485,0.05430571
731,61360,0.0015666143
732,92658,0.03799679
733,90645,0.011701322
734,84042,0.002705636
735,99935,0.013653227
736,29513,0.02014425
737,34249,0.0012505185
738,10336,0.0053519174
739,16350,0.0015202472
740,56866,0.02054627
741,37369,0.015752148
742,16662,0.002416298
743,1938,0.0046629068
744,12555,0.024537196
745,99851,0.0077016577
746,90916,0.014821278
747,75043,0.0033073684
748,65278,0.0026188802
749,42076,0.014944271
750,91286,0.008322674
751,76276,0.0029025506
752,73158,0.024537196
753,92448,0.02133467
754,74964,0.00764234
755,55257,0.0081840465
756,108498,0.028454639
757,9208,0.008245602
758,56508,0.04322669
759,72341,0.011701322
760,65967,0.0029354065
761,31113,0.007857064
762,93318,0.005758769
763,22480,0.002931354
764,75752,0.002994164
765,16697,0.021766486
766,26579,0.0074216286
767,6534,0.023161244
768,56725,0.049661282
769,72510,0.014299235
770,22674,0.016857965
771,57898,0.0023573807
772,90026,0.002416298
773,88601,0.025044097
774,8652,0.002931354
775,7408,0.008317525
776,34244,0.0061947335
777,89968,0.010847788
778,100214,0.03779015
779,2891,0.0077361893
780,12559,0.00570988
781,49025,0.0015202472
782,33870,0.0061947335
783,69606,0.011701322
784,57042,0.021766486
785,114064,0.02014425
786,728,0.017586831
787,71654,0.003605579
788,47027,0.011795676
789,41250,0.0028740324
790,1630,0.0132680675
791,55361,0.013363381
792,63639,0.008094423
793,115273,0.00775899
794,43430,0.008007766
795,111233,0.00811993
796,93160,0.040500026
797,27887,0.023793621
798,21843,0.011927929
799,79166,0.0083208205
800,98456,0.0074216286
801,19852,0.008179263
802,16831,0.0078097014
803,103336,0.05377881
804,100769,0.0071666213
805,46063,0.011927929
806,34534,0.035395592
807,115948,0.0070774104
808,87782,0.03737256
809,87652,0.03799679
810,26365,0.040760215
811,100684,0.007430212
812,14358,0.00775404
813,18797,0.015885983
814,76235,0.018870499
815,18255,0.010267764
816,34981,0.007029507
817,885,0.009373677
818,39133,0.0056241066
819,22504,0.004888803
820,57135,0.047870692
821,96741,0.011701322
822,35895,0.021279197
823,15442,0.018870499
824,28839,0.0017637569
825,90862,0.0072666365
826,57101,0.0014975807
827,20459,0.0027627202
828,106982,0.03677475
829,89803,0.03799679
830,75674,0.0013279824
831,103938,0.0026188802
832,26549,0.03078718
833,51210,0.049661282
834,22082,0.016791772
835,99316,0.053899966
836,37683,0.03646234
837,102322,0.020512942
838,12356,0.009594565
839,2765,0.016301729
840,74343,0.0029877266
841,113233,0.006600284
842,66575,0.0015666143
843,85051,0.011701322
844,64211,0.07009805
845,106908,0.0063741137
846,91261,0.0042222347
847,63342,0.0019688143
848,10069,0.0060234964
849,73421,0.0034876661
850,69688,0.058598258
851,1916,0.0040336037
852,60627,0.002931354
853,65061,0.00924768
854,98762,0.023982788
855,110721,0.021834597
856,71075,0.027325926
857,36583,0.009595335
858,37828,0.007836486
859,31886,0.046898387
860,50401,0.03205202
861,95231,0.013653227
862,72370,0.0044304873
863,81888,0.008974107
864,91872,0.0015666143
865,69257,0.05430571
866,85541,0.014843087
867,110988,0.0015666143
868,29389,0.017860988
869,73105,0.0015666143
870,60871,0.0051986515
871,85124,0.002942954
872,66055,0.0028740324
873,79308,0.014843087
874,69138,0.047870692
875,43470,0.023793621
876,22682,0.005512316
877,71908,0.035899885
878,112624,0.05377881
879,86645,0.008211448
880,79794,0.005473551
881,93410,0.0029604395
882,18488,0.012781196
883,87727,0.0026368657
884,24604,0.008624235
885,858,0.0018411374
886,40474,0.0029025506
887,102567,0.006709899
888,26475,0.0049254824
889,39434,0.01251099
890,4280,0.029139537
891,4363,0.01613039
892,75693,0.0014975807
893,37366,0.016117455
894,45766,0.0030200463
895,95063,0.037169185
896,53878,0.0014975807
897,5385,0.005623078
898,13919,0.016761128
899,8778,0.005907898
900,43603,0.023793621
901,36953,0.00557888
902,114804,0.03857721
903,7047,0.0060310694
904,113578,0.025030723
905,61299,0.011954552
906,69762,0.007806797
907,34228,0.0023749098
908,97227,0.0028882555
909,75009,0.030849362
910,32689,0.024537196
911,114483,0.016434142
912,9028,0.004258279
913,72784,0.024537196
914,43102,0.0076703886
915,17174,0.010311438
916,108850,0.0024139371
917,93274,0.002670725
918,111350,0.0014975807
919,101529,0.0063741137
920,36379,0.0073347567
921,33392,0.013363381
922,114841,0.008161338
923,78860,0.0033225762
924,111563,0.003099047
925,54796,0.036648355
926,64079,0.0011953977
927,6668,0.0066531054
928,22115,0.00802883
929,11711,0.022744821
930,107304,0.0025348978
931,30788,0.02577714
932,100674,0.003470557
933,57164,0.040196482
934,91601,0.0058119423
935,93919,0.014982301
936,53392,0.008007766
937,110586,0.0087579265
938,7210,0.01125623
939,5815,0.0073290174
940,19593,0.0026898894
941,64384,0.0031869553
942,110494,0.009960028
943,55333,0.0538434
944,103234,0.053207587
945,88602,0.014821278
946,58152,0.0015666143
947,35486,0.0015202472
948,106966,0.021939356
949,28743,0.020071132
950,92010,0.009165465
951,68967,0.015030524
952,114683,0.0029025506
953,55680,0.008007766
954,111861,0.0027627202
955,110932,0.008141885
956,354,0.03205202
957,39998,0.0078808665
958,19200,0.010847788
959,76143,0.0026360054
960,1617,0.0023148167
961,45206,0.0060982266
962,74375,0.014843087
963,28730,0.041144025
964,51172,0.04133766
965,113597,0.012600311
966,40816,0.021766486
967,108785,0.009415221
968,92298,0.0034876661
969,6549,0.010102597
970,91511,0.0040260195
971,93581,0.009400828
972,9051,0.008317525
973,62544,0.03737256
974,64378,0.008580559
975,48466,0.0073799863
976,84038,0.047870692
977,39096,0.0026188802
978,111852,0.0014752509
979,12418,0.0060203676
980,96796,0.0044544972
981,40636,0.010880039
982,48293,0.05430571
983,4943,0.016074546
984,94920,0.002789588
985,54345,0.007950576
986,109443,0.002787786
987,23715,0.022744821
988,37474,0.046898387
989,104222,0.02014425
990,64986,0.0025348978
991,115836,0.002765996
992,52932,0.020351714
993,99150,0.018226296
994,51139,0.013363381
995,26034,0.011954552
996,25497,0.0030200463
997,53976,0.0034876661
998,85045,0.019923748
999,63763,0.011689119
1000,73927,0.032247413
1001,78763,0.005215923
1002,40524,0.00777938
1003,60080,0.0014975807
1004,38018,0.0015903247
1005,37104,0.017305464
1006,66782,0.003605579
1007,95262,0.0076714265
1008,62423,0.00622957
1009,99900,0.0087579265
1010,66071,0.0014532544
1011,68684,0.0033531983
1012,63647,0.002931354
1013,102818,0.019468281
1014,77240,0.0025348978
1015,12171,0.0201032
1016,11744,0.002931931
1017,65812,0.003125569
1018,79056,0.0024696516
1019,66526,0.0066315816
1020,113751,0.0018858586
1021,56106,0.0023195823
1022,39448,0.018813962
1023,4372,0.022744821
1024,78001,0.049661282
1025,32123,0.0071216854
1026,73152,0.036231093
1027,34136,0.024537196
1028,61539,0.0026188802
1029,36696,0.014821278
1030,45526,0.011927929
1031,56,0.008261426
1032,20686,0.011219671
1033,21765,0.0015903247
1034,99170,0.0147927515
1035,64623,0.002931354
1036,109437,0.036747385
1037,79064,0.047870692
1038,100984,0.0044645146
1039,28997,0.011954552
1040,101693,0.0063741137
1041,104025,0.011954552
1042,17388,0.002931354
1043,100747,0.0071583306
1044,110907,0.012867908
1045,80508,0.017496003
1046,14628,0.0018149752
1047,44227,0.0068760035
1048,16513,0.015885983
1049,51743,0.0015202472
1050,64927,0.00742542
1051,102125,0.0028740324
1052,98729,0.007882238
1053,32824,0.0075151213
1054,67448,0.0015666143
1055,41982,0.0018325023
1056,104531,0.018234735
1057,84893,0.0076836436
1058,27235,0.0069528073
1059,63674,0.0028239565
1060,101362,0.007075323
1061,72224,0.021834597
1062,89172,0.05430571
1063,64679,0.01930271
1064,106421,0.0063741137
1065,38230,0.007458479
1066,99629,0.037838764
1067,90571,0.016031291
1068,92202,0.055099305
1069,98812,0.0015666143
1070,2886,0.008544137
1071,4475,0.0075380565
1072,72438,0.011701322
1073,46830,0.046898387
1074,11309,0.0031765336
1075,60096,0.03799679
1076,76773,0.0031772251
1077,47830,0.027976722
1078,107459,0.013653227
1079,111236,0.0045264675
1080,102154,0.03205202
1081,65859,0.010277965
1082,20280,0.0061711967
1083,93545,0.05430571
1084,113800,0.0063741137
1085,40355,0.012596764
1086,78950,0.037406508
1087,79619,0.02343586
1088,47530,0.011795676
1089,81065,0.005202273
1090,94171,0.028106956
1091,31247,0.011954552
1092,55209,0.003950049
1093,19954,0.0031033105
1094,19819,0.012584653
1095,87990,0.0077848113
1096,30269,0.02014425
1097,41171,0.007945335
1098,71168,0.047870692
1099,9658,0.007849618
1100,40734,0.0057508377
1101,32263,0.02304451
1102,1616,0.020422867
1103,42637,0.045405824
1104,74937,0.029284986
1105,27883,0.008077732
1106,55033,0.016434142
1107,85715,0.0018149752
1108,85586,0.03078718
1109,60693,0.01818908
1110,22213,0.0059905434
1111,11864,0.01613039
1112,53100,0.013363381
1113,73228,0.018986482
1114,1925,0.016301729
1115,21479,0.0033612684
1116,22312,0.0017637569
1117,4507,0.024355432
1118,43922,0.0015903247
1119,95504,0.0031869553
1120,42621,0.0017637569
1121,72500,0.014821278
1122,107281,0.0029662917
1123,28987,0.020351714
1124,101461,0.0035997562
1125,113804,0.002531595
1126,7724,0.022975886
1127,47947,0.014821278
1128,76811,0.0074129826
1129,45423,0.008349199
1130,45359,0.001789183
1131,28778,0.007793199
1132,60952,0.0201032
1133,101849,0.018870499
1134,16514,0.012781196
1135,98234,0.0051986515
1136,71740,0.013915976
1137,59947,0.008007766
1138,27786,0.041105755
1139,13035,0.008007766
1140,114671,0.0031507832
1141,9837,0.0048785578
1142,28881,0.035395592
1143,58143,0.0018149752
1144,34,0.010406747
1145,107355,0.011657114
1146,31607,0.016625142
1147,57851,0.0014975807
1148,15377,0.0059065735
1149,114384,0.038612206
1150,49200,0.017887197
1151,54311,0.0023487369
1152,43165,0.011927929
1153,108889,0.008090511
1154,3483,0.0073290174
1155,81811,0.004837612
1156,83437,0.0029255701
1157,85147,0.008974107
1158,44221,0.003490894
1159,17742,0.015787302
1160,95774,0.010847788
1161,105010,0.0063741137
1162,61835,0.011954552
1163,64746,0.0054736333
1164,100840,0.01818908
1165,9885,0.014152761
1166,6167,0.01613039
1167,57636,0.008045451
1168,28662,0.01961196
1169,40488,0.011927929
1170,74414,0.002705636
1171,4376,0.007321496
1172,15554,0.003490894
1173,73550,0.013363381
1174,69666,0.0073538423
1175,115701,0.0146646
1176,59627,0.0031869553
1177,106212,0.0063741137
1178,32771,0.0015202472
1179,69075,0.035899885
1180,59036,0.0012505185
1181,29176,0.013363381
1182,113306,0.0031772251
1183,107175,0.0147927515
1184,101901,0.03962842
1185,59467,0.013363381
1186,38473,0.011927929
1187,10377,0.0033343947
1188,106110,0.0063741137
1189,41331,0.011795676
1190,87936,0.0034349244
1191,60400,0.0015666143
1192,78124,0.0030200463
1193,33217,0.013363381
1194,12427,0.02472495
1195,70075,0.0031698581
1196,63249,0.012781196
1197,108599,0.0069940826
1198,75415,0.0014975807
1199,101168,0.0031869553
1200,32392,0.021834597
1201,19637,0.0021860546
1202,102708,0.00796926
1203,114611,0.01858682
1204,85287,0.0015666143
1205,45764,0.033662178
1206,181,0.03854046
1207,78327,0.014727618
1208,80244,0.04090623
1209,78021,0.013363381
1210,32878,0.017126262
1211,20175,0.0030200463
1212,48863,0.010847788
1213,111485,0.040132347
1214,108217,0.0025765477
1215,107648,0.02014425
1216,97857,0.0015666143
1217,11504,0.112705365
1218,90089,0.027325926
1219,39604,0.011927929
1220,84807,0.017496003
1221,106625,0.016521668
1222,6456,0.0055644973
1223,22968,0.00701321
1224,92475,0.010682806
1225,93927,0.014821278
1226,27566,0.018870499
1227,78996,0.025804454
1228,32560,0.011954552
1229,49832,0.0318103
1230,62046,0.00853218
1231,109154,0.011657114
1232,86551,0.0034717065
1233,16617,0.008974107
1234,21015,0.025030723
1235,89597,0.020335393
1236,11084,0.005907898
1237,40579,0.008576787
1238,74513,0.0025348978
1239,17247,0.0024544029
1240,32201,0.013363381
1241,6719,0.0033343947
1242,7939,0.029109659
1243,55465,0.014801232
1244,98033,0.019021316
1245,71987,0.023705142
1246,59034,0.0028740324
1247,54016,0.013363381
1248,40253,0.016588183
1249,61684,0.0014975807
1250,38881,0.014379261
1251,99388,0.0063741137
1252,74963,0.0030200463
1253,114861,0.006398256
1254,32967,0.015273014
1255,51427,0.016031291
1256,40277,0.008514063
1257,71827,0.018870499
1258,90220,0.0033493538
1259,8951,0.01365564
1260,60385,0.03737256
1261,62776,0.011954552
1262,53996,0.011954552
1263,32446,0.023338474
1264,31365,0.0030200463
1265,2476,0.0066705295
1266,66190,0.0029354065
1267,65475,0.008553015
1268,284,0.007988558
1269,103193,0.0031023843
1270,96326,0.014148402
1271,35520,0.009380179
1272,60476,0.03799679
1273,104790,0.011657114
1274,38251,0.011992466
1275,7164,0.007237243
1276,112414,0.05377881
1277,25207,0.0031869553
1278,102156,0.014843087
1279,57237,0.019235024
1280,59244,0.01386769
1281,53411,0.007437325
1282,18093,0.0015202472
1283,16971,0.027325926
1284,46013,0.0050716954
1285,40727,0.011927929
1286,29424,0.03205202
1287,36140,0.0025348978
1288,66114,0.007678243
1289,114970,0.0023148002
1290,89907,0.020404115
1291,58803,0.009873164
1292,110153,0.020274937
1293,105739,0.01147727
1294,95655,0.053207587
1295,8167,0.008544161
1296,92330,0.0014975807
1297,111895,0.016521668
1298,92323,0.011701322
1299,6045,0.00579099
1300,78568,0.013363381
1301,75350,0.024537196
1302,24386,0.006136059
1303,42967,0.012995977
1304,94790,0.020559303
1305,3391,0.00882769
1306,96097,0.011657114
1307,48473,0.0034717065
1308,3832,0.007988558
1309,97505,0.008141885
1310,26460,0.0318103
1311,65091,0.003125569
1312,69346,0.0078090434
1313,97281,0.054126825
1314,72344,0.0033073684
1315,9382,0.016066365
1316,65977,0.003125569
1317,26854,0.0041796253
1318,10622,0.0078758085
1319,23393,0.002705636
1320,6607,0.015973266
1321,22903,0.004381581
1322,96644,0.0015666143
1323,35836,0.0015202472
1324,98743,0.011657114
1325,91116,0.0014975807
1326,94529,0.046980076
1327,114616,0.0049029086
1328,98303,0.0023904433
1329,72496,0.005342425
1330,18843,0.002787786
1331,43354,0.0015202472
1332,90002,0.015787302
1333,58219,0.0014975807
1334,74614,0.030849362
1335,15354,0.012781196
1336,103943,0.054312814
1337,88119,0.0071286713
1338,52250,0.05430571
1339,33355,0.038792774
1340,42025,0.013508356
1341,92576,0.053899966
1342,31699,0.013363381
1343,57444,0.0073875184
1344,37040,0.01818908
1345,85224,0.011701322
1346,12778,0.006335928
1347,72732,0.0025348978
1348,32704,0.011377048
1349,41160,0.011954552
1350,83491,0.004369481
1351,100278,0.011657114
1352,82218,0.0014975807
1353,109638,0.02304451
1354,38079,0.011795676
1355,94249,0.05430571
1356,49308,0.0015202472
1357,70011,0.0042377925
1358,30364,0.015355259
1359,12784,0.017318815
1360,65998,0.007311788
1361,58695,0.008141885
1362,40463,0.021766486
1363,12606,0.0015202472
1364,56419,0.0023749098
1365,12869,0.0022495086
1366,1087,0.0039830757
1367,104251,0.018870499
1368,26286,0.003528275
1369,113612,0.041039113
1370,101828,0.0020911063
1371,28409,0.0074216286
1372,99684,0.009846365
1373,77835,0.020022698
1374,49570,0.012067438
1375,98088,0.020277366
1376,65384,0.0077486304
1377,59876,0.014843087
1378,58832,0.0061711967
1379,108940,0.05377881
1380,1066,0.0057637375
1381,121,0.011024239
1382,97401,0.05430571
1383,88148,0.03646234
1384,39420,0.02471318
1385,30010,0.013363381
1386,100467,0.01386769
1387,13659,0.013011
1388,33096,0.021766486
1389,113716,0.029405383
1390,59006,0.0056218193
1391,18719,0.0065598474
1392,96988,0.0034717065
1393,24228,0.015019466
1394,101059,0.0062092873
1395,53500,0.013363381
1396,107285,0.002705636
1397,39675,0.0015202472
1398,17491,0.012781196
1399,68433,0.0015666143
1400,65906,0.0026188802
1401,84677,0.003605579
1402,72191,0.0042222347
1403,85111,0.039057832
1404,39501,0.0015903247
1405,56841,0.0030200463
1406,22280,0.0026898894
1407,4566,0.01613039
1408,58637,0.029254962
1409,34847,0.021457676
1410,35298,0.041144025
1411,33590,0.006496562
1412,48731,0.007109853
1413,77005,0.021945333
1414,17692,0.008974107
1415,66240,0.0027091918
1416,101117,0.006117587
1417,98959,0.008860368
1418,10225,0.0070421924
1419,106890,0.0028740324
1420,71355,0.0033073684
1421,22768,0.007302041
1422,79593,0.016761128
1423,109335,0.0028740324
1424,115302,0.007615983
1425,80722,0.007321933
1426,39029,0.0031878203
1427,40672,0.007834596
1428,60254,0.0076510934
1429,71424,0.0014975807
1430,89849,0.015050678
1431,80933,0.013822462
1432,58150,0.021181539
1433,20808,0.0033612684
1434,68166,0.015050678
1435,75995,0.0027901384
1436,114856,0.013363381
1437,86892,0.011701322
1438,10028,0.013169274
1439,3137,0.022860073
1440,47892,0.0015666143
1441,76113,0.007668272
1442,112597,0.005222508
1443,44291,0.0015202472
1444,34448,0.027325926
1445,75208,0.0031772251
1446,8590,0.0072690416
1447,78234,0.0058769523
1448,32396,0.021766486
1449,8156,0.008351307
1450,43528,0.0021152445
1451,19802,0.006371354
1452,3057,0.017474867
1453,56703,0.013363381
1454,8569,0.0033343947
1455,55656,0.0076013715
1456,40236,0.009514923
1457,59297,0.0028740324
1458,13578,0.0031686951
1459,56020,0.006136059
1460,11127,0.009167634
1461,86320,0.0026188802
1462,17966,0.0022495086
1463,51337,0.027976722
1464,4313,0.0060511837
1465,45021,0.015071701
1466,83472,0.0030200463
1467,40048,0.011001481
1468,97214,0.01596527
1469,7243,0.0046404405
1470,51745,0.01818908
1471,101904,0.01596527
1472,56297,0.05430571
1473,115947,0.009960028
1474,46011,0.0047584507
1475,20786,0.009402538
1476,112547,0.05377881
1477,52872,0.0015666143
1478,19187,0.0033612684
1479,74605,0.0076641385
1480,33960,0.0318103
1481,40566,0.00579099
1482,59117,0.013363381
1483,102697,0.013629513
1484,83607,0.007188327
1485,106644,0.014335945
1486,66001,0.009308412
1487,28655,0.0104013765
1488,61723,0.0015202472
1489,14741,0.011025269
1490,88008,0.020559303
1491,31747,0.012868375
1492,10436,0.02292835
1493,7713,0.0077508413
1494,74178,0.0072095525
1495,27381,0.0015432577
1496,108552,0.008445164
1497,103653,0.0063741137
1498,39144,0.0026188802
1499,22773,0.0028740324
1500,98322,0.0028178282
1501,90041,0.02343586
1502,93887,0.011701322
1503,2202,0.0043062926
1504,15219,0.012781196
1505,83899,0.012379155
1506,5286,0.0053519174
1507,58351,0.021766486
1508,39048,0.015163635
1509,48696,0.01767445
1510,13551,0.01818908
1511,112522,0.002705636
1512,35156,0.017471602
1513,37757,0.014890696
1514,82016,0.0019496081
1515,101816,0.0026705943
1516,1792,0.0070381765
1517,38658,0.0015202472
1518,21607,0.0026898894
1519,11888,0.00925807
1520,6071,0.015973266
1521,35184,0.018870499
1522,99532,0.0077577024
1523,4516,0.036173496
1524,6642,0.00845402
1525,70177,0.0117283845
1526,14696,0.010664755
1527,44332,0.011302665
1528,107112,0.0029662917
1529,75930,0.0026360054
1530,48545,0.0061711967
1531,31819,0.007357651
1532,86502,0.0046409247
1533,14908,0.005011801
1534,10325,0.01809934
1535,59655,0.040132347
1536,42023,0.0023281192
1537,32604,0.033974502
1538,112319,0.031099305
1539,109855,0.0040260195
1540,98150,0.006069396
1541,22546,0.004090394
1542,13856,0.014821278
1543,33693,0.0023300014
1544,34576,0.013320503
1545,52813,0.0015666143
1546,33012,0.02014425
1547,113354,0.0014975807
1548,22836,0.0046946607
1549,5207,0.005907898
1550,65748,0.0029354065
1551,74478,0.0057954444
1552,66337,0.0029546
1553,75300,0.007437325
1554,41751,0.0023749098
1555,96248,0.05430571
1556,3884,0.004953245
1557,70218,0.03205202
1558,85675,0.021766486
1559,32676,0.007357651
1560,2794,0.008839297
1561,90622,0.0031772251
1562,109306,0.052871034
1563,105296,0.0027627202
1564,52648,0.035395592
1565,71675,0.008974107
1566,113497,0.008477296
1567,8609,0.004795638
1568,75044,0.009685814
1569,13204,0.017348176
1570,94399,0.015787302
1571,56692,0.006136059
1572,4792,0.024718614
1573,69771,0.0055117775
1574,31656,0.008903057
1575,21348,0.027976722
1576,32642,0.0060414663
1577,12222,0.0010361396
1578,18462,0.025804454
1579,29050,0.0012505185
1580,45895,0.011927929
1581,90338,0.05430571
1582,88369,0.0014975807
1583,94707,0.01841019
1584,44256,0.011927929
1585,12767,0.00784768
1586,56439,0.047870692
1587,26262,0.013320503
1588,56607,0.04090623
1589,5056,0.0035000707
1590,82953,0.025030723
1591,34347,0.0023281192
1592,52605,0.013363381
1593,6278,0.015973266
1594,35241,0.07999561
1595,33491,0.0031023843
1596,7112,0.016087137
1597,63497,0.008330549
1598,108973,0.0015432577
1599,69734,0.010847788
1600,56574,0.011511464
1601,112694,0.015021308
1602,93525,0.006574923
1603,56150,0.0201032
1604,113125,0.05377881
1605,14821,0.002716189
1606,38923,0.005611888
1607,10890,0.0053519174
1608,84019,0.018870499
1609,91238,0.03962842
1610,527,0.004795545
1611,66535,0.0029354065
1612,41987,0.021766486
1613,32323,0.040760215
1614,74485,0.0014975807
1615,72705,0.013363381
1616,14688,0.038310543
1617,107206,0.002151975
1618,103148,0.00557888
1619,62411,0.012554966
1620,32140,0.0073102904
1621,98279,0.005460836
1622,69204,0.048510194
1623,98340,0.0025954216
1624,93528,0.008722195
1625,39847,0.021705776
1626,79321,0.017976282
1627,33714,0.016434142
1628,8185,0.022821588
1629,33287,0.0015202472
1630,71824,0.008081944
1631,110247,0.0020197462
1632,12700,0.008361961
1633,70960,0.011780939
1634,39957,0.014911945
1635,64404,0.0054736333
1636,29548,0.0073290174
1637,67866,0.0014975807
1638,8942,0.025861466
1639,8793,0.008261426
1640,1984,0.017445296
1641,54083,0.0053846547
1642,12403,0.0130400155
1643,89358,0.0117283845
1644,26051,0.00557888
1645,113947,0.0031772251
1646,19534,0.004467538
1647,8431,0.005157164
1648,80430,0.0014975807
1649,82380,0.0028734638
1650,85256,0.0014975807
1651,33280,0.029891824
1652,82210,0.0031913405
1653,28072,0.0077091716
1654,102469,0.043125764
1655,107699,0.02175944
1656,57321,0.021457676
1657,22349,0.0026898894
1658,60153,0.05430571
1659,5061,0.005623078
1660,23387,0.011795676
1661,5517,0.03824978
1662,65283,0.008104689
1663,16901,0.002705636
1664,87962,0.020982722
1665,9833,0.007299754
1666,14035,0.002787786
1667,84040,0.020603977
1668,42855,0.023034774
1669,81674,0.01386769
1670,18309,0.0041077887
1671,29220,0.016434142
1672,7715,0.007692108
1673,5539,0.008330656
1674,37552,0.0015202472
1675,52302,0.013363381
1676,68568,0.011701322
1677,38397,0.015273014
1678,66331,0.006364605
1679,70190,0.0031772251
1680,97451,0.008331353
1681,83103,0.0029435349
1682,36755,0.011927929
1683,107500,0.05377881
1684,41703,0.0028740324
1685,10429,0.0058530676
1686,104603,0.002440613
1687,4449,0.029109659
1688,12725,0.0031686951
1689,57834,0.0061947335
1690,58780,0.0020351268
1691,2133,0.016434142
1692,114796,0.0061159404
1693,26855,0.0015903247
1694,21580,0.0034868952
1695,69987,0.035899885
1696,27241,0.002416298
1697,32805,0.03205202
1698,12942,0.021663962
1699,94222,0.011657114
1700,53274,0.0028178282
1701,58909,0.0015666143
1702,91989,0.053899966
1703,78903,0.0015666143
1704,63817,0.0028239565
1705,87824,0.0014975807
1706,66221,0.008243174
1707,7958,0.0067622303
1708,16800,0.0030200463
1709,11136,0.0031765336
1710,79486,0.011701322
1711,21459,0.007774817
1712,355,0.006218357
1713,63777,0.0022495086
1714,38675,0.0073771197
1715,91824,0.011701322
1716,70740,0.021834597
1717,2020,0.004757353
1718,13667,0.0061711967
1719,72653,0.046898387
1720,106911,0.0014102382
1721,87485,0.008722195
1722,40724,0.011954552
1723,52991,0.0201032
1724,27590,0.009633798
1725,16494,0.0015202472
1726,111847,0.008045451
1727,76855,0.011701322
1728,85458,0.024537196
1729,115911,0.05377881
1730,54354,0.03205202
1731,36635,0.023793621
1732,43654,0.0017637569
1733,45006,0.03078718
1734,43523,0.008021967
1735,58853,0.03737256
1736,30509,0.0031869553
1737,14466,0.0068652313
1738,107166,0.048373956
1739,44103,0.02014425
1740,98741,0.0067485077
1741,102953,0.018962972
1742,78272,0.027325926
1743,103495,0.0071310815
1744,35789,0.013363381
1745,96531,0.011701322
1746,113386,0.0031772251
1747,69839,0.008974107
1748,101149,0.002931354
1749,35988,0.0023281192
1750,99748,0.0139362095
1751,64633,0.00784768
1752,86532,0.0055577285
1753,64094,0.003125569
1754,114755,0.006795002
1755,7168,0.008330656
1756,90819,0.0015455774
1757,45718,0.021834597
1758,20429,0.003528275
1759,34947,0.013363381
1760,14928,0.0014532544
1761,10891,0.009105761
1762,105920,0.02117258
1763,68527,0.01596527
1764,95399,0.0034876661
1765,4292,0.021880096
1766,73850,0.010467115
1767,80860,0.035395592
1768,70131,0.0015666143
1769,15511,0.0017637569
1770,33010,0.013363381
1771,45403,0.011795676
1772,46449,0.00579099
1773,33663,0.055099305
1774,113527,0.0037498057
1775,13964,0.0026188802
1776,52993,0.014821278
1777,46923,0.021457676
1778,23507,0.023743581
1779,86992,0.0014975807
1780,96366,0.0031772251
1781,17387,0.0056165894
1782,90873,0.014843087
1783,105686,0.0015666143
1784,58073,0.0201032
1785,81778,0.0014975807
1786,6472,0.016000383
1787,102875,0.011701322
1788,53876,0.0033073684
1789,36387,0.011164378
1790,25810,0.029254962
1791,44996,0.016161507
1792,80050,0.0028178282
1793,560,0.023161244
1794,102463,0.0018149752
1795,48204,0.0075372
1796,79421,0.010101133
1797,25339,0.0027627202
1798,54848,0.021834597
1799,23317,0.0117283845
1800,74234,0.003605579
1801,113327,0.028454639
1802,42063,0.011559162
1803,88450,0.0015666143
1804,75418,0.005400293
1805,100510,0.014843087
1806,103342,0.0076537365
1807,79440,0.007413277
1808,112749,0.034341123
1809,70701,0.012471828
1810,82386,0.010010801
1811,28908,0.01767445
1812,11501,0.0037338003
1813,36576,0.019976968
1814,38710,0.021766486
1815,104125,0.053207587
1816,62095,0.006621343
1817,53574,0.020351714
1818,90966,0.0015666143
1819,71970,0.008974107
1820,24668,0.0059194975
1821,75564,0.01352502
1822,5627,0.007824761
1823,81830,0.0038160111
1824,53804,0.008233068
1825,18676,0.08972726
1826,107019,0.019716498
1827,24132,0.007971775
1828,112275,0.009415221
1829,107299,0.011657114
1830,68457,0.0028686556
1831,16066,0.0017637569
1832,70353,0.01596527
1833,16532,0.0072836624
1834,82071,0.102493405
1835,72110,0.01596527
1836,90378,0.052934613
1837,43970,0.011954552
1838,100267,0.056530494
1839,83474,0.002942954
1840,69741,0.0014975807
1841,21047,0.0037211005
1842,29173,0.0047584507
1843,23608,0.024691269
1844,13079,0.015481001
1845,98290,0.0085932
1846,103442,0.0028740324
1847,41176,0.007704559
1848,38716,0.0017637569
1849,74958,0.0076775555
1850,96913,0.027535327
1851,99496,0.0063741137
1852,29143,0.040760215
1853,57810,0.0015666143
1854,46041,0.038310543
1855,14392,0.021766486
1856,71139,0.0075372
1857,72092,0.047870692
1858,31331,0.0044178898
1859,56763,0.008974107
1860,64044,0.0023148167
1861,43101,0.021705776
1862,60420,0.006253963
1863,43678,0.009971163
1864,62924,0.002931354
1865,36371,0.021766486
1866,18949,0.0023314152
1867,111922,0.0014975807
1868,3596,0.0053519174
1869,11714,0.005907898
1870,49380,0.002994164
1871,112519,0.02014425
1872,72064,0.01818908
1873,29973,0.012314894
1874,38252,0.0031342532
1875,103931,0.0070090406
1876,45509,0.03854378
1877,48802,0.013363381
1878,16175,0.007471951
1879,83451,0.012584872
1880,53553,0.046898387
1881,51019,0.0028740324
1882,68472,0.005186762
1883,91793,0.04090623
1884,41660,0.018870499
1885,4368,0.008261426
1886,20448,0.0026898894
1887,24473,0.0030200463
1888,93090,0.0019407654
1889,42878,0.03855454
1890,37313,0.0024939207
1891,98800,0.0040260195
1892,53218,0.0033073684
1893,4511,0.0073290174
1894,110041,0.018986482
1895,77048,0.013363381
1896,94858,0.005213279
1897,24203,0.015071701
1898,71044,0.011701322
1899,80359,0.0070408387
1900,51850,0.004763677
1901,37119,0.008214707
1902,32712,0.016434142
1903,53139,0.021181539
1904,74775,0.00764234
1905,36828,0.010847788
1906,69251,0.0018149752
1907,110236,0.023982788
1908,59680,0.0057014236
1909,51903,0.013363381
1910,57658,0.0031869553
1911,25120,0.0082407575
1912,26900,0.0031869553
1913,87396,0.06030179
1914,19255,0.017465774
1915,42336,0.014478669
1916,38050,0.018870499
1917,1081,0.0033343947
1918,46451,0.011927929
1919,113329,0.0023459767
1920,50348,0.003950813
1921,50075,0.021181539
1922,67370,0.03699627
1923,47568,0.035395592
1924,22477,0.0025042621
1925,39525,0.012596764
1926,111884,0.0063741137
1927,68605,0.0014975807
1928,77109,0.0022495086
1929,104009,0.0009360371
1930,63890,0.0026188802
1931,36011,0.0077636577
1932,86858,0.020185387
1933,57494,0.0119695645
1934,43799,0.003490894
1935,19721,0.0026188802
1936,84654,0.0014975807
1937,70290,0.021766486
1938,107557,0.0014102382
1939,85934,0.0033073684
1940,2561,0.016301729
1941,80215,0.0076718405
1942,2374,0.008895495
1943,13007,0.0073626186
1944,59644,0.0014975807
1945,27988,0.002931354
1946,41193,0.01717489
1947,42188,0.021181539
1948,79473,0.0077723456
1949,115486,0.0069658207
1950,16313,0.005912913
1951,86285,0.043058597
1952,80602,0.00872566
1953,88642,0.0015666143
1954,18454,0.0021860546
1955,64272,0.0031507832
1956,103269,0.02014425
1957,17261,0.013052749
1958,81505,0.0061338902
1959,110465,0.002629142
1960,24794,0.0015903247
1961,16393,0.0046325624
1962,13454,0.0015666143
1963,5730,0.008355051
1964,63782,0.0076123835
1965,48940,0.027325926
1966,56551,0.047870692
1967,31188,0.02304451
1968,95600,0.0034717065
1969,100178,0.019565145
1970,85187,0.0026274296
1971,75273,0.0014975807
1972,78051,0.011454096
1973,13439,0.002094208
1974,8586,0.02292835
1975,56341,0.008141885
1976,18102,0.002931354
1977,50284,0.0065347096
1978,42809,0.03205202
1979,111555,0.011701322
1980,21996,0.007207079
1981,82115,0.0015666143
1982,57363,0.047870692
1983,83009,0.0025431737
1984,42252,0.0065156315
1985,97422,0.054312814
1986,6259,0.0080854
1987,76777,0.002453603
1988,54386,0.011721207
1989,31880,0.018810729
1990,44853,0.0030200463
1991,99025,0.009825253
1992,52071,0.016434142
1993,157,0.012547685
1994,60004,0.0033073684
1995,45976,0.016210878
1996,47080,0.013320503
1997,16757,0.008222838
1998,31179,0.013363381
1999,45745,0.0017637569
2000,66155,0.010089768
2001,109292,0.0030200463
2002,302,0.0075813807
2003,96501,0.0027172612
2004,81103,0.0014975807
2005,48345,0.0023148167
2006,96653,0.05430571
2007,61494,0.04090623
2008,75222,0.0015666143
2009,78280,0.0022495086
2010,23672,0.005601552
2011,41067,0.007857064
2012,54155,0.013363381
2013,12892,0.0201032
2014,109945,0.008477296
2015,25108,0.011795676
2016,63053,0.05430571
2017,7659,0.017152222
2018,99917,0.007348198
2019,89490,0.0015666143
2020,98975,0.009867013
2021,56850,0.03799679
2022,33198,0.021766486
2023,94326,0.02014425
2024,62604,0.0035036982
2025,44687,0.0015202472
2026,26247,0.017887197
2027,24596,0.015981326
2028,22471,0.0026188802
2029,109546,0.011701322
2030,86555,0.0027627202
2031,114176,0.0028457916
2032,93601,0.008974107
2033,46224,0.0015202472
2034,24626,0.018870499
2035,54807,0.016434142
2036,11987,0.015097311
2037,49808,0.036231093
2038,89284,0.002789588
2039,72669,0.011701322
2040,72532,0.03745748
2041,62652,0.018870499
2042,57371,0.014220414
2043,71497,0.05430571
2044,85389,0.040132347
2045,23681,0.0053519174
2046,115368,0.0014975807
2047,86800,0.0027627202
2048,65479,0.007078456
2049,80989,0.002705636
2050,71459,0.0014975807
2051,1012,0.0080268625
2052,93177,0.054312814
2053,5660,0.010750623
2054,88966,0.0015666143
2055,61819,0.011954552
2056,113078,0.02304451
2057,8250,0.008425756
2058,50744,0.021766486
2059,65438,0.0075086304
2060,77728,0.010847788
2061,72949,0.008974107
2062,105733,0.018870499
2063,98874,0.046980076
2064,42888,0.020939998
2065,5058,0.007988558
2066,46238,0.01627759
2067,76112,0.0030200463
2068,79422,0.017887197
2069,58364,0.002705636
2070,103132,0.016521668
2071,30453,0.013363381
2072,24839,0.0049820803
2073,106520,0.013313077
2074,17376,0.0021891855
2075,103529,0.002374136
2076,57527,0.0030200463
2077,7789,0.023161244
2078,4470,0.022783171
2079,100541,0.020559303
2080,74073,0.0030200463
2081,78194,0.0027627202
2082,95070,0.027325926
2083,31883,0.008974107
2084,73918,0.008580559
2085,88812,0.002931354
2086,88058,0.011701322
2087,79973,0.024537196
2088,15050,0.002148844
2089,87898,0.001486374
2090,53266,0.008007766
2091,105488,0.020767616
2092,33053,0.0076836436
2093,62380,0.0040805438
2094,103824,0.033653982
2095,69182,0.014843087
2096,69850,0.036394216
2097,19832,0.0015202472
2098,10170,0.022975886
2099,1867,0.011362684
2100,62655,0.0031359398
2101,88004,0.047870692
2102,70672,0.0074022436
2103,59656,0.016434142
2104,4022,0.007547131
2105,87877,0.05430571
2106,27386,0.0076367846
2107,8091,0.008355051
2108,1443,0.0130400155
2109,58006,0.017834459
2110,49371,0.0015202472
2111,76643,0.011701322
2112,49817,0.021766486
2113,108537,0.0068517555
2114,64336,0.002931354
2115,31511,0.014554381
2116,11783,0.0025042621
2117,6984,0.00445851
2118,33397,0.0025765477
2119,97416,0.054312814
2120,112949,0.0014975807
2121,33271,0.024088822
2122,43688,0.023743581
2123,16905,0.0018149752
2124,73308,0.0027627202
2125,34695,0.015519908
2126,11672,0.0073290174
2127,30066,0.01818908
2128,20886,0.0028740324
2129,57423,0.016434142
2130,66527,0.007958787
2131,97271,0.028454639
2132,11563,0.014231379
2133,95709,0.0015666143
2134,930,0.0032809242
2135,80442,0.023743581
2136,30413,0.0033612684
2137,18223,0.002787786
2138,4234,0.0070764017
2139,58383,0.0029499342
2140,66593,0.009042936
2141,22741,0.009983815
2142,112243,0.043058597
2143,111177,0.014229547
2144,33624,0.02014425
2145,103358,0.0015432577
2146,48701,0.0071958215
2147,81221,0.024537196
2148,1882,0.008008633
2149,95330,0.0023195823
2150,36832,0.008974107
2151,48370,0.0027627202
2152,16422,0.0022495086
2153,36970,0.006136059
2154,26670,0.015071701
2155,62453,0.012781196
2156,27696,0.021457676
2157,59190,0.006136059
2158,96994,0.025044097
2159,75150,0.01019948
2160,52818,0.01767445
2161,95540,0.020559303
2162,62769,0.0027627202
2163,9868,0.0047567305
2164,76152,0.03205202
2165,75112,0.0026360054
2166,67588,0.0033073684
2167,30815,0.024751399
2168,42923,0.011795676
2169,71706,0.011701322
2170,8009,0.006595399
2171,36870,0.04133766
2172,98351,0.0015666143
2173,38693,0.014944271
2174,81602,0.013822462
2175,16265,0.00803825
2176,38570,0.002705636
2177,77756,0.037406508
2178,75096,0.0014975807
2179,338,0.0037338003
2180,108308,0.008558513
2181,112029,0.0014975807
2182,52982,0.055099305
2183,34188,0.025804454
2184,27565,0.002931354
2185,110748,0.041039113
2186,1405,0.0025042621
2187,2349,0.007786358
2188,82866,0.006506649
2189,18444,0.004716455
2190,63707,0.008228919
2191,97657,0.008941077
2192,92621,0.0014975807
2193,58380,0.013313077
2194,58270,0.040132347
2195,84842,0.0026188802
2196,12365,0.0015903247
2197,11124,0.0080545815
2198,29343,0.008466877
2199,112106,0.0021335313
2200,104130,0.012552477
2201,58259,0.003949993
2202,24219,0.056530494
2203,7689,0.009127009
2204,12530,0.0019496081
2205,13532,0.0025042621
2206,84528,0.011701322
2207,5803,0.013755665
2208,109419,0.0028740324
2209,109649,0.0034349244
2210,28634,0.00557888
2211,53288,0.013363381
2212,12263,0.0130400155
2213,86509,0.012923301
2214,23760,0.008464768
2215,99052,0.007150848
2216,19147,0.0013480855
2217,95004,0.22581981
2218,97053,0.018870499
2219,40793,0.040760215
2220,53059,0.03096484
2221,98564,0.002931354
2222,89700,0.016521668
2223,104846,0.0015666143
2224,10623,0.015973266
2225,75728,0.007304821
2226,54508,0.0012505185
2227,57346,0.006404292
2228,29279,0.00557888
2229,15797,0.0017302673
2230,39118,0.014379261
2231,81518,0.006602695
2232,65496,0.0026188802
2233,20854,0.0028740324
2234,89525,0.021181539
2235,102812,0.037169185
2236,89115,0.018870499
2237,13558,0.0016888018
2238,30471,0.03205202
2239,19881,0.0015202472
2240,107607,0.0031919295
2241,87400,0.021766486
2242,85549,0.0015666143
2243,113757,0.0026188802
2244,18115,0.01818908
2245,32618,0.010730712
2246,35257,0.0021152445
2247,7222,0.006339946
2248,63868,0.0075905058
2249,76847,0.015608128
2250,98309,0.019888451
2251,34796,0.007768956
2252,24285,0.011954552
2253,62115,0.020831812
2254,57267,0.0009360371
2255,68902,0.053899966
2256,29634,0.02014425
2257,9648,0.0029336698
2258,30411,0.0027627202
2259,14944,0.0016888018
2260,67951,0.018529655
2261,47045,0.002931354
2262,62458,0.023743581
2263,62789,0.0017386912
2264,17085,0.01642049
2265,94494,0.013320503
2266,44828,0.0075586005
2267,69556,0.0039401
2268,80161,0.014843087
2269,30358,0.0014975807
2270,79804,0.0034349244
2271,33670,0.03078718
2272,90744,0.03051084
2273,114362,0.0031772251
2274,98168,0.0014975807
2275,7523,0.030987885
2276,37423,0.0031869553
2277,108526,0.0033879825
2278,26729,0.011954552
2279,74565,0.0015666143
2280,48846,0.0117283845
2281,4425,0.00742132
2282,34282,0.0077352272
2283,33891,0.02304451
2284,80110,0.01818908
2285,5980,0.017152222
2286,32195,0.0076754787
2287,88598,0.05430571
2288,22443,0.014860935
2289,81236,0.008297231
2290,86908,0.04090623
2291,108086,0.005511921
2292,81584,0.013363381
2293,50817,0.0077197063
2294,46799,0.011795676
2295,60386,0.013363381
2296,1602,0.03205202
2297,78096,0.011701322
2298,82995,0.019021316
2299,100473,0.007600721
2300,21181,0.0015903247
2301,98603,0.011657114
2302,89491,0.03646234
2303,52682,0.0015666143
2304,18714,0.014821278
2305,87119,0.028312553
2306,38383,0.0025954216
2307,29444,0.0015202472
2308,104226,0.0025348978
2309,62808,0.0017806522
2310,97139,0.008141885
2311,8706,0.007033308
2312,3631,0.005907898
2313,66798,0.019720405
2314,11710,0.005595359
2315,75968,0.0318103
2316,69233,0.0031772251
2317,22547,0.0060245637
2318,19872,0.013320503
2319,102413,0.029822495
2320,76700,0.0025431737
2321,35667,0.045405824
2322,75641,0.0015666143
2323,30773,0.009968162
2324,94740,0.0022495086
2325,11742,0.0130400155
2326,72467,0.040132347
2327,106428,0.1316377
2328,80087,0.0063741137
2329,33563,0.03205202
2330,12407,0.0028457916
2331,66863,0.002931354
2332,20710,0.014879339
2333,110260,0.0014975807
2334,67431,0.0014975807
2335,71155,0.0014975807
2336,43943,0.008974107
2337,101109,0.0077992883
2338,45442,0.0076120193
2339,81646,0.018870499
2340,31037,0.023743581
2341,26366,0.018870499
2342,74630,0.007065588
2343,106069,0.007812972
2344,82843,0.00974223
2345,13395,0.01422544
2346,88639,0.001681305
2347,3664,0.008261426
2348,1190,0.03504938
2349,67788,0.01301516
2350,113303,0.0031772251
2351,81958,0.021766486
2352,108177,0.011657114
2353,15532,0.016161507
2354,109613,0.05375461
2355,7194,0.022783171
2356,74927,0.006994811
2357,72263,0.007748927
2358,7838,0.0031765336
2359,71486,0.0014975807
2360,35028,0.007773496
2361,111132,0.003099047
2362,67447,0.037406508
2363,87836,0.05430571
2364,48677,0.007855517
2365,56735,0.04090623
2366,43078,0.0120876925
2367,63305,0.008974107
2368,88183,0.020008542
2369,88984,0.037987046
2370,35873,0.003325652
2371,68185,0.03297487
2372,5937,0.0044256984
2373,9821,0.0073290174
2374,96476,0.016521668
2375,109445,0.002674079
2376,106753,0.013653227
2377,36220,0.017887197
2378,15163,0.0021152445
2379,12295,0.005935825
2380,111744,0.0062671374
2381,72828,0.0010361396
2382,45214,0.011954552
2383,33490,0.020298505
2384,45746,0.0015202472
2385,18612,0.0062353676
2386,93732,0.011701322
2387,49298,0.0057980777
2388,8785,0.049163543
2389,47252,0.022304812
2390,88138,0.021279197
2391,21159,0.0073626186
2392,2640,0.008355051
2393,66433,0.0031034003
2394,95763,0.05430571
2395,95351,0.016715154
2396,83309,0.01596527
2397,114228,0.023982788
2398,67144,0.010847788
2399,6436,0.006219462
2400,96872,0.0024939207
2401,40342,0.021766486
2402,32978,0.008974107
2403,37763,0.001681305
2404,85559,0.0014975807
2405,54442,0.015872972
2406,13461,0.0047294777
2407,101359,0.016521668
2408,66068,0.0029354065
2409,46247,0.014379261
2410,100513,0.0031073934
2411,58957,0.019998942
2412,71402,0.0050720368
2413,41699,0.036231093
2414,13227,0.002762175
2415,113766,0.009280057
2416,85595,0.011701322
2417,47175,0.0063322484
2418,60076,0.0077352272
2419,11579,0.041144025
2420,114994,0.001464212
2421,33306,0.013363381
2422,26188,0.009186551
2423,42130,0.019976968
2424,305,0.046898387
2425,18561,0.008788193
2426,16146,0.008333272
2427,94285,0.0063851257
2428,108075,0.0031772251
2429,57522,0.0014975807
2430,66843,0.0015666143
2431,87228,0.018870499
2432,71239,0.011701322
2433,71204,0.009901327
2434,104972,0.054312814
2435,85721,0.0014975807
2436,28498,0.0891648
2437,51049,0.013363381
2438,60773,0.010007522
2439,83679,0.008974107
2440,85333,0.008230297
2441,1514,0.005336618
2442,67159,0.0047175833
2443,99681,0.053899966
2444,100048,0.05430571
2445,78552,0.013363381
2446,35622,0.0100428825
2447,23973,0.0028183842
2448,51233,0.002994164
2449,38453,0.027976722
2450,5108,0.011190044
2451,5279,0.0053772307
2452,93151,0.0022401751
2453,112281,0.04090623
2454,59124,0.047870692
2455,96793,0.03737256
2456,105466,0.0061298334
2457,71262,0.0022495086
2458,712,0.0026898894
2459,87522,0.027325926
2460,79206,0.007885319
2461,23900,0.0071321004
2462,22198,0.0015202472
2463,88709,0.020559303
2464,103324,0.05377881
2465,74172,0.002931354
2466,97568,0.019832749
2467,52717,0.0019407654
2468,79529,0.029405383
2469,114695,0.014148402
2470,107384,0.046980076
2471,15704,0.014541182
2472,3614,0.034883853
2473,54375,0.0031869553
2474,104923,0.05430571
2475,108568,0.015636008
2476,108019,0.05377881
2477,114895,0.0014315847
2478,73785,0.0030200463
2479,53970,0.002453603
2480,94314,0.002453603
2481,13054,0.013011
2482,67100,0.011954552
2483,52768,0.016625142
2484,92641,0.05430571
2485,8597,0.14938419
2486,30062,0.0029025506
2487,102649,0.053207587
2488,60836,0.0022401751
2489,71249,0.011701322
2490,4895,0.006014704
2491,50060,0.013363381
2492,23903,0.0015903247
2493,84818,0.0027627202
2494,105467,0.008358798
2495,87624,0.0033073684
2496,37678,0.013555281
2497,13947,0.015058322
2498,80955,0.005955624
2499,43777,0.022246799
2500,40536,0.007927974
2501,41462,0.03205202
2502,64680,0.0089253085
2503,93271,0.011701322
2504,63535,0.022614604
2505,15018,0.020046696
2506,100075,0.056530494
2507,71661,0.011701322
2508,44139,0.007357651
2509,26665,0.020939998
2510,87097,0.008974107
2511,106339,0.022941558
2512,4570,0.0070677795
2513,102651,0.0027901384
2514,9782,0.016157776
2515,46691,0.004381581
2516,102363,0.0014975807
2517,111708,0.0014975807
2518,28128,0.0028178282
2519,72924,0.0040805438
2520,54309,0.0027627202
2521,71560,0.011701322
2522,110944,0.011701322
2523,79805,0.0027627202
2524,49620,0.029828146
2525,93058,0.0014975807
2526,4025,0.01125623
2527,31871,0.033060834
2528,33169,0.011028788
2529,85461,0.040132347
2530,36369,0.027976722
2531,57617,0.023743581
2532,51195,0.014989846
2533,23112,0.002705636
2534,106784,0.0063741137
2535,90505,0.020559303
2536,23015,0.0036643194
2537,40173,0.0015432577
2538,89870,0.0031750905
2539,108860,0.05372236
2540,59720,0.010664755
2541,98082,0.006194452
2542,23928,0.03684868
2543,23332,0.007243941
2544,78834,0.002942954
2545,87946,0.018870499
2546,67664,0.00817283
2547,88274,0.03737256
2548,1774,0.01818908
2549,105319,0.05377881
2550,88417,0.011701322
2551,23222,0.011055215
2552,49392,0.0028740324
2553,36241,0.012536324
2554,108854,0.054312814
2555,71900,0.0014975807
2556,64820,0.0026188802
2557,78241,0.021766486
2558,1531,0.005907898
2559,53654,0.0014975807
2560,41175,0.007704559
2561,94552,0.015478079
2562,10309,0.0077911196
2563,55223,0.024691269
2564,26748,0.018870499
2565,46244,0.010806224
2566,45200,0.008986996
2567,29916,0.036264043
2568,78703,0.035899885
2569,98520,0.011657114
2570,65044,0.0031869553
2571,113206,0.006396783
2572,51540,0.03096484
2573,18906,0.012781196
2574,45956,0.015097311
2575,70072,0.011701322
2576,6783,0.016103055
2577,84452,0.046898387
2578,60050,0.012895575
2579,71615,0.0022495086
2580,71498,0.0028740324
2581,95117,0.0031869553
2582,72948,0.0057761786
2583,46084,0.049851958
2584,11682,0.008355051
2585,77762,0.013363381
2586,102294,0.040132347
2587,51097,0.0073919673
2588,9136,0.0053519174
2589,25029,0.011795676
2590,2080,0.022860073
2591,62749,0.05430571
2592,8845,0.0053519174
2593,107578,0.00557888
2594,86152,0.011701322
2595,26609,0.0023148167
2596,99339,0.01818908
2597,59542,0.04130189
2598,85827,0.0019496081
2599,103743,0.019565145
2600,106328,0.05377881
2601,85755,0.0031772251
2602,33623,0.020351714
2603,33999,0.016434142
2604,88363,0.003459785
2605,77724,0.0019407654
2606,70180,0.0030200463
2607,87870,0.013363381
2608,105218,0.002451107
2609,111373,0.0063741137
2610,29261,0.007479548
2611,97371,0.0023749098
2612,100044,0.02014425
2613,43899,0.008509758
2614,57626,0.00043676386
2615,35970,0.006136059
2616,86590,0.03205202
2617,37296,0.013363381
2618,33183,0.056530494
2619,68070,0.01818908
2620,72838,0.002931354
2621,76357,0.0028178282
2622,37817,0.0030200463
2623,112488,0.007885617
2624,65053,0.0044732126
2625,61599,0.011954552
2626,101496,0.020185387
2627,106255,0.016792573
2628,31087,0.013363381
2629,13338,0.005734372
2630,33272,0.0028178282
2631,10543,0.005325525
2632,101093,0.02014425
2633,5308,0.00809538
2634,27886,0.013363381
2635,71297,0.0030200463
2636,11569,0.018870499
2637,96111,0.011701322
2638,46255,0.0015432577
2639,111218,0.034434192
2640,38245,0.0015202472
2641,4258,0.008355051
2642,6858,0.0062043993
2643,72240,0.011701322
2644,91568,0.011701322
2645,19576,0.030740034
2646,79951,0.0034349244
2647,54711,0.011701322
2648,68629,0.0034717065
2649,7946,0.019499114
2650,44979,0.0030200463
2651,42705,0.0017637569
2652,39528,0.007978271
2653,86094,0.040196482
2654,94623,0.0022273574
2655,105498,0.03857721
2656,22592,0.005325525
2657,71006,0.011701322
2658,14490,0.020059431
2659,46342,0.053899966
2660,108553,0.011657114
2661,5399,0.013755665
2662,100551,0.002904845
2663,101396,0.012136601
2664,64817,0.002931354
2665,39658,0.002931354
2666,48452,0.014478669
2667,88059,0.020185387
2668,534,0.0028740324
2669,59428,0.05430571
2670,17734,0.005656067
2671,103762,0.03899658
2672,74941,0.035395592
2673,103726,0.0074534016
2674,2086,0.007692108
2675,22240,0.007695228
2676,81442,0.0015666143
2677,12009,0.002094208
2678,77883,0.0028740324
2679,44500,0.047870692
2680,111938,0.003099047
2681,49414,0.008974107
2682,97215,0.011701322
2683,96887,0.011701322
2684,74903,0.008000223
2685,21236,0.0078579625
2686,28830,0.020939998
2687,75445,0.0028740324
2688,3905,0.0054858318
2689,102588,0.006290832
2690,33589,0.008974107
2691,58722,0.04090623
2692,98883,0.00557888
2693,44925,0.015879842
2694,110178,0.002705636
2695,85243,0.0031913405
2696,36023,0.013363381
2697,16690,0.005713281
2698,83985,0.01386769
2699,46958,0.011954552
2700,115434,0.0027560797
2701,32949,0.01767445
2702,54082,0.008178038
2703,84467,0.024691269
2704,68150,0.011648108
2705,62073,0.0054736333
2706,93464,0.021181539
2707,53685,0.0061711967
2708,33923,0.010253555
2709,65981,0.0029354065
2710,99768,0.002931354
2711,110454,0.006376775
2712,34936,0.013363381
2713,7203,0.028842056
2714,12652,0.0015903247
2715,107163,0.0033225762
2716,26585,0.05410248
2717,104578,0.015798671
2718,46693,0.040760215
2719,64512,0.0031869553
2720,12032,0.0130400155
2721,22127,0.0015666143
2722,45441,0.03909473
2723,114562,0.0020577721
2724,10129,0.0087579265
2725,102744,0.025791178
2726,49499,0.013363381
2727,95059,0.002931354
2728,11544,0.005595359
2729,75771,0.0027627202
2730,26933,0.020939998
2731,73047,0.03737256
2732,96374,0.014843087
2733,82986,0.006933751
2734,65620,0.0029354065
2735,72620,0.04090623
2736,92951,0.008742413
2737,6447,0.005623078
2738,60330,0.014821278
2739,19894,0.0060164654
2740,75297,0.005924809
2741,55845,0.008756904
2742,90551,0.018870499
2743,95263,0.027325926
2744,78126,0.0015666143
2745,98738,0.038273484
2746,8162,0.0053772307
2747,22441,0.0036643194
2748,68818,0.0022793664
2749,937,0.0048754225
2750,81094,0.0014975807
2751,14061,0.0031869553
2752,13296,0.002931354
2753,3348,0.005623078
2754,48543,0.0015202472
2755,37621,0.0029639504
2756,25973,0.0015432577
2757,98955,0.020351714
2758,66638,0.00318958
2759,32507,0.008845832
2760,96284,0.0018149752
2761,72194,0.011701322
2762,88576,0.023679096
2763,52785,0.0015903247
2764,76421,0.013822462
2765,27077,0.01767445
2766,56318,0.0075026844
2767,49316,0.0021152445
2768,78162,0.00773544
2769,47752,0.0023749098
2770,40347,0.0077848113
2771,66463,0.0031772251
2772,87910,0.0078090434
2773,18852,0.018870499
2774,55925,0.007926782
2775,85500,0.021766486
2776,110639,0.011184078
2777,2955,0.007960135
2778,42003,0.011082837
2779,76705,0.0014975807
2780,46452,0.03205202
2781,105613,0.006481821
2782,10538,0.0064310306
2783,94941,0.054126825
2784,113486,0.0087579265
2785,82209,0.019966817
2786,58561,0.049661282
2787,89858,0.0077637755
2788,31224,0.0155994715
2789,98598,0.023073608
2790,49086,0.036231093
2791,36237,0.013363381
2792,30256,0.0015903247
2793,80338,0.011154918
2794,96364,0.002931354
2795,67633,0.011701322
2796,100496,0.018084347
2797,102256,0.0019407654
2798,73339,0.032865394
2799,81048,0.0073412107
2800,27347,0.0023749098
2801,105049,0.0074109794
2802,103322,0.016521668
2803,60688,0.005370364
2804,74302,0.0015666143
2805,101411,0.002931354
2806,4042,0.003410524
2807,98289,0.0018149752
2808,33448,0.016434142
2809,70763,0.00496023
2810,46770,0.014821278
2811,100794,0.006067478
2812,90082,0.011701322
2813,63511,0.002931354
2814,115683,0.003962632
2815,89304,0.002931354
2816,98907,0.002931354
2817,78538,0.0028740324
2818,31773,0.009953837
2819,85220,0.0029900898
2820,30465,0.0023749098
2821,108515,0.041039113
2822,845,0.0032021408
2823,51494,0.010537968
2824,34584,0.01767445
2825,109698,0.006072944
2826,109339,0.0014975807
2827,25540,0.005670029
2828,77718,0.003605579
2829,110464,0.0087579265
2830,86740,0.011701322
2831,85573,0.004702347
2832,1962,0.00579099
2833,14179,0.001486374
2834,47480,0.011954552
2835,92388,0.016715154
2836,4857,0.0033832586
2837,17678,0.0068358774
2838,64751,0.0065827086
2839,95160,0.07236766
2840,44421,0.0080854
2841,48145,0.004207305
2842,113794,0.0026282843
2843,86802,0.0014975807
2844,16244,0.0014532544
2845,93114,0.016031291
2846,96392,0.02014425
2847,110406,0.015911184
2848,26925,0.0117283845
2849,34346,0.0033497228
2850,59209,0.04090623
2851,64730,0.0028740324
2852,99151,0.0059550563
2853,104437,0.013846885
2854,99110,0.009846365
2855,44672,0.007913121
2856,115986,0.007352185
2857,55577,0.013363381
2858,44271,0.00318958
2859,89111,0.011701322
2860,4530,0.0033343947
2861,32044,0.0018411374
2862,72156,0.03272445
2863,86976,0.012336449
2864,36665,0.014821278
2865,40303,0.0015202472
2866,45194,0.0014532544
2867,10236,0.040132347
2868,34739,0.03078718
2869,102728,0.013166956
2870,45043,0.014766317
2871,70991,0.011701322
2872,82159,0.018870499
2873,39846,0.008014052
2874,25980,0.0015903247
2875,61453,0.0015666143
2876,9402,0.005907898
2877,8520,0.007272899
2878,13297,0.024691269
2879,112813,0.05377881
2880,114851,0.00775899
2881,62258,0.024691269
2882,104471,0.007879457
2883,46173,0.0058175544
2884,81871,0.002942954
2885,7776,0.0033343947
2886,26162,0.0020972067
2887,100950,0.011657114
2888,93238,0.018563654
2889,964,0.011209027
2890,108972,0.0014975807
2891,72985,0.0014975807
2892,61424,0.011954552
2893,70108,0.011701322
2894,19778,0.004005561
2895,17250,0.0025042621
2896,16763,0.004005561
2897,72257,0.035899885
2898,64600,0.0032021408
2899,53206,0.021181539
2900,38042,0.021181539
2901,69262,0.011701322
2902,81981,0.026488412
2903,71525,0.0034717065
2904,62257,0.019793568
2905,9705,0.011680275
2906,35111,0.046898387
2907,4720,0.007586476
2908,2424,0.041029323
2909,6469,0.012659144
2910,17870,0.012781196
2911,92111,0.002904845
2912,56839,0.0201032
2913,21624,0.008040615
2914,78042,0.024424816
2915,18622,0.0062353676
2916,48830,0.007528602
2917,114806,0.0048538414
2918,5095,0.03684868
2919,86481,0.0014975807
2920,103297,0.0063741137
2921,86136,0.011701322
2922,114650,0.006706763
2923,77761,0.0028740324
2924,55256,0.0061711967
2925,107734,0.05377881
2926,91501,0.03473376
2927,91394,0.005264337
2928,2967,0.010883754
2929,84544,0.0021458105
2930,28658,0.0017637569
2931,33917,0.008351188
2932,49112,0.008007766
2933,20842,0.004888803
2934,64112,0.0022495086
2935,76300,0.003125569
2936,58584,0.040196482
2937,46966,0.015071701
2938,38469,0.024537196
2939,9255,0.007901005
2940,44884,0.0028457916
2941,59642,0.0034546738
2942,108189,0.011657114
2943,47793,0.03205202
2944,38811,0.029463751
2945,3336,0.013713197
2946,111116,0.0031913405
2947,17439,0.0022495086
2948,48439,0.0023281192
2949,84779,0.008974107
2950,114963,0.039069965
2951,42793,0.011075763
2952,24945,0.0055117775
2953,83722,0.008287435
2954,74762,0.0031869386
2955,100321,0.0072818734
2956,114447,0.0033073684
2957,111610,0.0015548919
2958,6561,0.050191987
2959,107231,0.0014102382
2960,78118,0.0031772251
2961,86394,0.014843087
2962,94467,0.0074939653
2963,36406,0.013977945
2964,81567,0.0020554126
2965,75408,0.0064193043
2966,103919,0.02014425
2967,61050,0.05430571
2968,30277,0.014917249
2969,95023,0.002931354
2970,70871,0.0026188802
2971,56779,0.0015666143
2972,90999,0.01596527
2973,89121,0.009031897
2974,61563,0.0031869553
2975,104492,0.015110348
2976,3081,0.016027553
2977,104892,0.009307717
2978,102199,0.034569677
2979,16677,0.0076365606
2980,1393,0.0064940355
2981,28160,0.008974107
2982,94483,0.007516441
2983,57046,0.021766486
2984,77085,0.0076965354
2985,56440,0.013313077
2986,5883,0.0073290174
2987,60234,0.0014975807
2988,46556,0.0015202472
2989,111857,0.011701322
2990,40446,0.027976722
2991,59659,0.037406508
2992,53952,0.0014975807
2993,11545,0.041029323
2994,20725,0.005935825
2995,64911,0.019188995
2996,8884,0.024088822
2997,98805,0.04212441
2998,69261,0.00784768
2999,320,0.022783171
3000,55817,0.049661282
3001,7067,0.0053519174
3002,79035,0.008017502
3003,43186,0.014944271
3004,56649,0.04131836
3005,40819,0.012039711
3006,105276,0.046980076
3007,24159,0.03205202
3008,925,0.035395592
3009,5347,0.0075520785
3010,6595,0.022975886
3011,27146,0.016805088
3012,3251,0.008261426
3013,111032,0.008303322
3014,5510,0.005907898
3015,65152,0.0011953977
3016,106849,0.0061848364
3017,33106,0.040760215
3018,49436,0.0027901384
3019,83740,0.007930408
3020,111921,0.0076836436
3021,104880,0.0049191904
3022,82228,0.0015666143
3023,110469,0.015503815
3024,100587,0.011701322
3025,70568,0.011701322
3026,48609,0.016434142
3027,12105,0.0058785095
3028,46929,0.01642049
3029,108266,0.014843087
3030,62211,0.029891824
3031,89648,0.0015666143
3032,101285,0.011893114
3033,73373,0.0025348978
3034,80446,0.017496003
3035,99041,0.0060694166
3036,87279,0.024537196
3037,35518,0.013363381
3038,63606,0.0030200463
3039,17733,0.00446677
3040,18144,0.015885983
3041,37235,0.018870499
3042,105146,0.002828979
3043,75821,0.0015666143
3044,10406,0.005907898
3045,33352,0.0015202472
3046,31097,0.003528275
3047,8102,0.011109455
3048,70847,0.0020851148
3049,35771,0.035395592
3050,40620,0.0024939207
3051,3243,0.009863179
3052,93296,0.03737256
3053,20035,0.0018325023
3054,26058,0.023793621
3055,22117,0.0025954216
3056,71257,0.03745748
3057,96049,0.0027091918
3058,14888,0.007555371
3059,94268,0.041696433
3060,63556,0.008473922
3061,110478,0.03677475
3062,115917,0.03677475
3063,10186,0.112705365
3064,42912,0.0015202472
3065,24822,0.009749694
3066,3645,0.029139537
3067,76878,0.019215297
3068,93049,0.0014975807
3069,7686,0.0033343947
3070,50693,0.0042998004
3071,16372,0.00812683
3072,77167,0.0073181596
3073,46569,0.015071701
3074,114394,0.002979701
3075,70831,0.0117283845
3076,62839,0.05430571
3077,102240,0.05430571
3078,25303,0.0015903247
3079,10632,0.0053519174
3080,87631,0.016521668
3081,104252,0.008477296
3082,23699,0.011628806
3083,112570,0.010189885
3084,56051,0.03737256
3085,6861,0.009380179
3086,84028,0.028454639
3087,108015,0.008798275
3088,90629,0.011701322
3089,80595,0.0027627202
3090,42290,0.020939998
3091,57555,0.013363381
3092,75604,0.0073538423
3093,77873,0.018226296
3094,75423,0.0052576615
3095,75490,0.0020554126
3096,29355,0.02755266
3097,49793,0.002705636
3098,33430,0.0023185594
3099,53547,0.006218357
3100,19704,0.0040854746
3101,94466,0.013363381
3102,71665,0.011362684
3103,15087,0.003125569
3104,14739,0.0015202472
3105,54419,0.020716833
3106,101358,0.011657114
3107,11229,0.0120876925
3108,46422,0.008974107
3109,43120,0.007413277
3110,37745,0.021181539
3111,4907,0.0033832586
3112,25728,0.0015202472
3113,36354,0.018870499
3114,27172,0.0015903247
3115,97124,0.009481261
3116,94491,0.05430571
3117,45253,0.03096484
3118,30952,0.0033612684
3119,21137,0.041144025
3120,111339,0.014726746
3121,93989,0.013320503
3122,73934,0.0077850726
3123,61738,0.014821278
3124,108296,0.008445164
3125,85731,0.0018149752
3126,113076,0.0063164234
3127,63015,0.04649838
3128,33120,0.0057954444
3129,18459,0.012571198
3130,11778,0.018378567
3131,46936,0.011927929
3132,39513,0.036231093
3133,2332,0.0073290174
3134,2526,0.0060740956
3135,9994,0.008245602
3136,109484,0.002787786
3137,13091,0.003490894
3138,78334,0.03777403
3139,45853,0.0015202472
3140,83080,0.00622957
3141,100306,0.0030200463
3142,1372,0.008330656
3143,57862,0.05430571
3144,111810,0.03677475
3145,32866,0.023428405
3146,44020,0.011927929
3147,62605,0.006136059
3148,75736,0.013822462
3149,38204,0.015097311
3150,2369,0.008355051
3151,69028,0.047870692
3152,49191,0.014821278
3153,113035,0.0063741137
3154,63987,0.0014532544
3155,73894,0.0015666143
3156,1083,0.00459232
3157,109939,0.011657114
3158,114754,0.0024914844
3159,58434,0.024537196
3160,96740,0.046980076
3161,99013,0.0014975807
3162,26617,0.0049254824
3163,89964,0.010847788
3164,87018,0.0017386912
3165,22859,0.008300347
3166,54563,0.003605579
3167,3582,0.03824978
3168,33866,0.01605443
3169,80465,0.021766486
3170,83300,0.0027632653
3171,75713,0.008580559
3172,95154,0.0034349244
3173,70438,0.002705636
3174,19731,0.004716455
3175,76277,0.0020554126
3176,2377,0.014695697
3177,115263,0.0013460623
3178,50690,0.021766486
3179,62217,0.10925281
3180,76671,0.04133766
3181,115459,0.006038638
3182,12661,0.007849618
3183,106147,0.0063741137
3184,75274,0.002942954
3185,34442,0.007718972
3186,88906,0.021181539
3187,115495,0.0106240595
3188,111630,0.005889985
3189,27073,0.018870499
3190,113178,0.010095841
3191,67258,0.003125569
3192,107539,0.00557888
3193,30545,0.006136059
3194,10677,0.0031765336
3195,14846,0.0016888018
3196,87043,0.0022082692
3197,93417,0.0028740324
3198,6887,0.004757353
3199,63373,0.002931354
3200,73889,0.0077619823
3201,4439,0.014483691
3202,102230,0.021766486
3203,83754,0.036264043
3204,45667,0.01879338
3205,104151,0.006654807
3206,32693,0.024537196
3207,107808,0.0027627202
3208,101395,0.038569454
3209,9858,0.017152222
3210,88064,0.008351307
3211,110356,0.007831727
3212,32275,0.0023281192
3213,34607,0.0015202472
3214,114776,0.0022973698
3215,41848,0.011795676
3216,106997,0.003431937
3217,106939,0.03677475
3218,114580,0.0020062125
3219,4126,0.020227611
3220,40149,0.053899966
3221,14088,0.037013534
3222,21939,0.0074185915
3223,79196,0.054312814
3224,21172,0.0030200463
3225,103691,0.02014425
3226,57655,0.021766486
3227,13812,0.008974107
3228,67812,0.011701322
3229,1197,0.019188995
3230,7413,0.010880039
3231,26574,0.006910576
3232,88206,0.02939892
3233,79459,0.020559303
3234,21595,0.023716362
3235,102006,0.015073434
3236,55245,0.01767445
3237,27596,0.020939998
3238,7631,0.02292835
3239,19312,0.03205202
3240,48684,0.0022495086
3241,4339,0.0073626186
3242,93902,0.03096484
3243,45178,0.011927929
3244,16930,0.027325926
3245,33770,0.013363381
3246,66940,0.0014532544
3247,113680,0.013653227
3248,83826,0.0026705943
3249,31976,0.020089213
3250,32338,0.0015202472
3251,31065,0.0060509886
3252,57576,0.008571081
3253,22538,0.018870499
3254,83602,0.016327785
3255,61504,0.043125764
3256,82552,0.05430571
3257,106467,0.009254564
3258,6924,0.0053519174
3259,59140,0.024537196
3260,41249,0.0033767212
3261,64544,0.0026188802
3262,93438,0.0014975807
3263,27160,0.011954552
3264,29860,0.016434142
3265,1002,0.012781196
3266,104921,0.029996589
3267,36788,0.013363381
3268,63000,0.0077016577
3269,26504,0.01524711
3270,105701,0.041039113
3271,75299,0.0073921042
3272,11683,0.005623078
3273,77495,0.0015666143
3274,101632,0.0076527516
3275,62673,0.0073181596
3276,1691,0.008984716
3277,98361,0.0014564819
3278,76545,0.0215593
3279,3773,0.007988558
3280,92514,0.012859909
3281,92258,0.0025656535
3282,112962,0.007568712
3283,8486,0.0077621588
3284,104687,0.01462113
3285,36871,0.014821278
3286,23168,0.011927929
3287,14092,0.0030200463
3288,112451,0.024691269
3289,99380,0.0022401751
3290,15807,0.0023347537
3291,31777,0.01818908
3292,46223,0.0015903247
3293,43736,0.0029134634
3294,80253,0.011701322
3295,96865,0.0014975807
3296,16943,0.004716455
3297,105274,0.014791633
3298,94811,0.005758769
3299,3600,0.016301729
3300,109863,0.011657114
3301,55493,0.0025348978
3302,26834,0.008330549
3303,73153,0.011701322
3304,86336,0.0015666143
3305,105604,0.02014425
3306,76251,0.002942954
3307,31775,0.024777869
3308,44319,0.004795545
3309,49262,0.008542529
3310,69137,0.008839297
3311,73635,0.018226296
3312,26616,0.013363381
3313,80071,0.002931354
3314,113832,0.014992839
3315,110118,0.0014975807
3316,46215,0.021457676
3317,111070,0.0063741137
3318,102930,0.0043549757
3319,19028,0.015885983
3320,39130,0.036231093
3321,111445,0.037987046
3322,16033,0.018870499
3323,13691,0.021766486
3324,111607,0.056530494
3325,65610,0.0026188802
3326,89067,0.0023281192
3327,28205,0.0033612684
3328,36476,0.03205202
3329,30945,0.007906128
3330,48363,0.005433407
3331,76221,0.0015666143
3332,83083,0.058749426
3333,94940,0.010905784
3334,109455,0.012547078
3335,16588,0.011954552
3336,67878,0.018226296
3337,8775,0.0161567
3338,60914,0.008580559
3339,5806,0.0043975734
3340,38376,0.020409966
3341,26654,0.020231957
3342,90160,0.0117283845
3343,9747,0.0094267735
3344,32804,0.0015202472
3345,82518,0.05430571
3346,44515,0.0030200463
3347,27323,0.00557888
3348,77663,0.010847788
3349,105199,0.014821278
3350,79654,0.0014975807
3351,24057,0.018870499
3352,31942,0.012671654
3353,69387,0.0055117775
3354,51893,0.03205202
3355,63296,0.01856461
3356,32333,0.012421643
3357,47447,0.011954552
3358,28615,0.020939998
3359,76145,0.021766486
3360,12713,0.0015202472
3361,74556,0.035395592
3362,29235,0.002994164
3363,3907,0.012210945
3364,111636,0.00309524
3365,105380,0.023150554
3366,83345,0.0031750905
3367,33340,0.003528275
3368,9406,0.010580244
3369,95093,0.02343586
3370,109913,0.011701322
3371,55012,0.013363381
3372,108089,0.0056632506
3373,3858,0.013113975
3374,41025,0.006964161
3375,47139,0.041144025
3376,78189,0.0028740324
3377,96,0.01818908
3378,69487,0.021181539
3379,11827,0.05410248
3380,33076,0.016377265
3381,9862,0.004258279
3382,60423,0.003125569
3383,5395,0.008173378
3384,78365,0.0015202472
3385,40375,0.027417682
3386,56846,0.02054627
3387,60360,0.009155912
3388,98009,0.006412766
3389,47697,0.01961196
3390,75882,0.017496003
3391,52627,0.002931354
3392,55034,0.0025348978
3393,25186,0.018870499
3394,77004,0.013363381
3395,111089,0.0014975807
3396,34299,0.0066373385
3397,6377,0.011473993
3398,53457,0.019301342
3399,17259,0.011954552
3400,5877,0.00383159
3401,23687,0.035395592
3402,51978,0.007978271
3403,42618,0.02449845
3404,1646,0.0033343947
3405,50427,0.019649133
3406,105869,0.0014975807
3407,53668,0.0014975807
3408,27913,0.017887197
3409,68884,0.011701322
3410,48474,0.019998942
3411,36840,0.015752148
3412,90710,0.011701322
3413,78601,0.010664755
3414,19198,0.008082999
3415,56858,0.007132955
3416,7754,0.022744821
3417,101964,0.01386769
3418,33022,0.0066467267
3419,4400,0.008330656
3420,14710,0.008362826
3421,42157,0.0064801136
3422,112663,0.007998029
3423,57466,0.0023281192
3424,66545,0.0031869553
3425,115004,0.0070770145
3426,36580,0.046898387
3427,29729,0.011954552
3428,42058,0.014821278
3429,102215,0.011701322
3430,58189,0.024537196
3431,32284,0.0074216286
3432,41945,0.012276657
3433,12799,0.007126167
3434,38818,0.0074234484
3435,82322,0.013675906
3436,115685,0.007361748
3437,61630,0.0201032
3438,47618,0.020939998
3439,77333,0.0013684931
3440,90982,0.0033073684
3441,48526,0.0014975807
3442,7286,0.020227611
3443,56591,0.013363381
3444,24029,0.015752148
3445,24607,0.021181539
3446,87893,0.003185474
3447,86441,0.021766486
3448,17618,0.0030200463
3449,113481,0.015066096
3450,43566,0.0030200463
3451,69055,0.01691493
3452,6838,0.0119816605
3453,55835,0.0084715495
3454,14961,0.012781196
3455,8598,0.020561006
3456,29512,0.002994164
3457,84983,0.0026188802
3458,1821,0.026229994
3459,33093,0.013882259
3460,20743,0.046898387
3461,102691,0.0027560797
3462,63644,0.001681305
3463,96496,0.02304451
3464,81383,0.059982438
3465,95672,0.011657114
3466,84767,0.0015666143
3467,103878,0.008477296
3468,80413,0.011701322
3469,21221,0.0028740324
3470,82994,0.05430571
3471,83745,0.0033073684
3472,82904,0.016616879
3473,36638,0.0077833487
3474,68537,0.011055553
3475,23855,0.008014052
3476,98228,0.0044544972
3477,105007,0.054312814
3478,95291,0.029254962
3479,51376,0.0025954216
3480,98345,0.017518304
3481,27553,0.0025954216
3482,4782,0.016000383
3483,59120,0.006136059
3484,16587,0.011954552
3485,42279,0.011927929
3486,50943,0.046898387
3487,59746,0.0023148002
3488,115859,0.00819434
3489,55231,0.0015666143
3490,5403,0.004546936
3491,1147,0.008008633
3492,57367,0.015787302
3493,79784,0.0029435349
3494,115257,0.0073745255
3495,115183,0.047870692
3496,105169,0.02014425
3497,64356,0.0061688316
3498,35417,0.0028740324
3499,115770,0.008161338
3500,40212,0.006496562
3501,86343,0.036231093
3502,77397,0.007396692
3503,18980,0.01818908
3504,4473,0.041029323
3505,44134,0.023793621
3506,25811,0.027613908
3507,115298,0.0020062125
3508,32196,0.008306707
3509,28434,0.0033612684
3510,14407,0.0021274295
3511,33712,0.016434142
3512,39672,0.029891824
3513,109465,0.012280543
3514,64903,0.008141885
3515,60676,0.0015666143
3516,104389,0.0031772251
3517,88166,0.002931354
3518,35413,0.0015202472
3519,98644,0.056530494
3520,59731,0.0201032
3521,75206,0.025892852
3522,75478,0.002931354
3523,75504,0.0034349244
3524,29311,0.023743581
3525,46534,0.011927929
3526,36600,0.0089977505
3527,58401,0.01555483
3528,115779,0.008161338
3529,102190,0.001486374
3530,68355,0.021457676
3531,69287,0.011701322
3532,26753,0.00557888
3533,1167,0.016157776
3534,4124,0.016000383
3535,108797,0.0086008655
3536,27071,0.009380179
3537,97425,0.014821278
3538,45681,0.038310543
3539,54765,0.008974107
3540,5752,0.0073290174
3541,110130,0.010883754
3542,14618,0.012781196
3543,54350,0.021834597
3544,87597,0.03798817
3545,66618,0.0078075514
3546,87082,0.0027627202
3547,15861,0.0015202472
3548,106501,0.036911882
3549,96242,0.014843087
3550,33627,0.014821278
3551,50298,0.013363381
3552,3729,0.03587113
3553,106742,0.0034437634
3554,66968,0.0018149752
3555,30575,0.0071548447
3556,64348,0.011233984
3557,76282,0.017496003
3558,22406,0.0040854746
3559,40821,0.016031291
3560,34742,0.0077361893
3561,2611,0.005623078
3562,69521,0.0028457916
3563,99863,0.011953357
3564,110746,0.0014975807
3565,52996,0.016819159
3566,37766,0.045405824
3567,12155,0.0027718882
3568,94688,0.015787302
3569,41144,0.0059505445
3570,78692,0.046898387
3571,100090,0.020559303
3572,113160,0.0031898725
3573,25293,0.040760215
3574,50988,0.01818908
3575,30764,0.023743581
3576,29960,0.040760215
3577,17333,0.0072803427
3578,14313,0.007824761
3579,95829,0.0030200463
3580,8013,0.0031765336
3581,35786,0.007818773
3582,30568,0.0077833487
3583,48362,0.007010156
3584,49720,0.036388777
3585,96789,0.008974107
3586,64218,0.011233984
3587,35665,0.0025765477
3588,34031,0.0033612684
3589,37517,0.011795676
3590,23422,0.008974107
3591,33113,0.0018411374
3592,6190,0.007988558
3593,69379,0.044476155
3594,107254,0.0074611455
3595,69752,0.0087231565
3596,111165,0.0063741137
3597,53061,0.020351714
3598,79394,0.001681305
3599,40904,0.006339934
3600,79376,0.099708416
3601,60205,0.006136059
3602,115596,0.007812972
3603,25979,0.011927929
3604,14524,0.02006926
3605,17803,0.021181539
3606,11290,0.0033343947
3607,57883,0.024537196
3608,410,0.004047941
3609,33723,0.014962462
3610,61374,0.040196482
3611,46735,0.011927929
3612,79201,0.0015425641
3613,58775,0.055099305
3614,14849,0.0032021408
3615,115352,0.005995957
3616,114095,0.007886162
3617,102802,0.037987046
3618,57396,0.016372556
3619,64645,0.008326119
3620,64167,0.0022495086
3621,71893,0.021766486
3622,17468,0.0052142804
3623,70388,0.0022793664
3624,13689,0.0015202472
3625,12726,0.013011
3626,81509,0.0073004793
3627,92581,0.055099305
3628,97601,0.020185387
3629,20059,0.003528275
3630,81800,0.018870499
3631,67919,0.04131836
3632,60121,0.0058028814
3633,14857,0.0062739444
3634,90323,0.0077361893
3635,59681,0.040132347
3636,87169,0.002885406
3637,111336,0.0055768965
3638,106234,0.002787786
3639,3977,0.010238653
3640,19861,0.008008633
3641,7572,0.0060511837
3642,63126,0.0075099985
3643,89257,0.0028457916
3644,33642,0.0024139371
3645,105170,0.056530494
3646,78287,0.0031869553
3647,61428,0.047870692
3648,3043,0.0113210045
3649,16056,0.004796471
3650,93287,0.0076272134
3651,102354,0.011701322
3652,95021,0.010562203
3653,34130,0.013363381
3654,37181,0.0015903247
3655,10333,0.008389552
3656,76337,0.0015666143
3657,51192,0.008028138
3658,58101,0.01533965
3659,74407,0.0034717065
3660,19250,0.007814724
3661,14894,0.021766486
3662,106878,0.0028740324
3663,77709,0.010811704
3664,567,0.0060751927
3665,29341,0.035395592
3666,79549,0.011657114
3667,92253,0.0028740324
3668,52233,0.018870499
3669,105109,0.02014425
3670,82922,0.011307392
3671,82787,0.018870499
3672,38947,0.036231093
3673,75819,0.027325926
3674,104301,0.012000214
3675,85363,0.0076785875
3676,19150,0.0120876925
3677,45397,0.011559162
3678,5048,0.005907898
3679,66740,0.0076510934
3680,55909,0.043058597
3681,85707,0.008361146
3682,44790,0.011795676
3683,62821,0.0054736333
3684,17315,0.014821278
3685,80613,0.0028985399
3686,105338,0.0034437634
3687,72625,0.046898387
3688,43280,0.0084028235
3689,93829,0.002979701
3690,21550,0.0015202472
3691,77090,0.0012505185
3692,34385,0.018870499
3693,9349,0.015091655
3694,56088,0.040132347
3695,39500,0.015097311
3696,5477,0.0054556355
3697,38504,0.014821278
3698,108078,0.0034437634
3699,95438,0.039058484
3700,81377,0.016031291
3701,29593,0.0030200463
3702,85286,0.0072649135
3703,98834,0.008722195
3704,37963,0.02014425
3705,24079,0.014944271
3706,48275,0.0014532544
3707,108663,0.0014975807
3708,19177,0.0026898894
3709,104806,0.010365535
3710,91003,0.003605579
3711,50084,0.013363381
3712,12348,0.0130400155
3713,39379,0.0318103
3714,47971,0.0039089746
3715,13643,0.0030200463
3716,115497,0.013363381
3717,190,0.007988558
3718,24416,0.011927929
3719,77006,0.00531901
3720,109054,0.046898387
3721,98111,0.02304451
3722,74394,0.0031772251
3723,12526,0.024537196
3724,4216,0.013755665
3725,18997,0.012858009
3726,18316,0.0029336698
3727,72566,0.0074022436
3728,69323,0.014791633
3729,20576,0.0015903247
3730,87275,0.0031023843
3731,47890,0.0069658207
3732,34750,0.0060562845
3733,104101,0.043125764
3734,85186,0.03205202
3735,86309,0.002416298
3736,111694,0.016521668
3737,63138,0.0014975807
3738,105883,0.0075200093
3739,97731,0.013738456
3740,18467,0.029891824
3741,30939,0.013363381
3742,103046,0.0031772251
3743,90433,0.05430571
3744,63761,0.0074022985
3745,110976,0.013363381
3746,56587,0.03205202
3747,50821,0.027976722
3748,66763,0.001337996
3749,35777,0.013363381
3750,95649,0.054126825
3751,42571,0.021766486
3752,96903,0.01596527
3753,87013,0.0077236993
3754,53635,0.011123046
3755,98313,0.0070186052
3756,88292,0.01596527
3757,107410,0.0023819811
3758,954,0.017152222
3759,85990,0.0015666143
3760,50195,0.03205202
3761,38844,0.01818908
3762,36744,0.0020554126
3763,34823,0.024537196
3764,102149,0.0034717065
3765,105849,0.00779321
3766,64496,0.0067146136
3767,12734,0.021766486
3768,99186,0.0063741137
3769,53084,0.0014975807
3770,101596,0.038612206
3771,110051,0.0030200463
3772,26146,0.016073974
3773,66057,0.0011953977
3774,33089,0.016434142
3775,23929,0.011927929
3776,79782,0.01386769
3777,51219,0.0017637569
3778,8957,0.0033343947
3779,115387,0.012280543
3780,41801,0.0025102312
3781,112490,0.054312814
3782,114464,0.0023539192
3783,14414,0.0015202472
3784,95289,0.012288552
3785,99558,0.016521668
3786,55336,0.0028740324
3787,93929,0.0147927515
3788,111676,0.05377881
3789,33018,0.018870499
3790,31981,0.0023148167
3791,17555,0.01818908
3792,56383,0.006368656
3793,101495,0.012000214
3794,43131,0.0055369553
3795,45587,0.011927929
3796,61480,0.0061947335
3797,11660,0.008351307
3798,104905,0.0043181353
3799,26184,0.012736922
3800,1477,0.029109659
3801,66015,0.008497319
3802,12274,0.0023749098
3803,56378,0.008007766
3804,108529,0.018226296
3805,86768,0.0071164607
3806,49085,0.013363381
3807,109264,0.009977545
3808,95693,0.00742542
3809,54002,0.0034717065
3810,68388,0.012714792
3811,52011,0.014821278
3812,91688,0.024691269
3813,108786,0.0016888018
3814,60764,0.008974107
3815,57722,0.016434142
3816,75320,0.0027627202
3817,91492,0.0022793664
3818,56861,0.014843087
3819,100923,0.0028740324
3820,25778,0.013363381
3821,5771,0.008355051
3822,82711,0.011701322
3823,33045,0.007517198
3824,92727,0.018986482
3825,345,0.007966983
3826,52000,0.013363381
3827,69929,0.01818908
3828,107997,0.0021860546
3829,27975,0.031194756
3830,3518,0.012301545
3831,73884,0.003605579
3832,80599,0.0028401762
3833,83749,0.0072622458
3834,90104,0.0015666143
3835,13004,0.00598401
3836,18282,0.043726638
3837,108583,0.02304451
3838,110877,0.010113098
3839,108462,0.019235024
3840,89759,0.011701322
3841,3003,0.003410524
3842,46050,0.036264043
3843,60016,0.021766486
3844,13201,0.0030200463
3845,72036,0.047870692
3846,94967,0.0028740324
3847,83226,0.008845992
3848,25002,0.03737838
3849,54951,0.0015666143
3850,112144,0.054312814
3851,80425,0.023796896
3852,15761,0.0026898894
3853,78890,0.0025348978
3854,85031,0.0014975807
3855,2846,0.0077512083
3856,77514,0.0074685924
3857,73812,0.0022495086
3858,83728,0.021766486
3859,49694,0.0395568
3860,10739,0.010279328
3861,22296,0.00693314
3862,60230,0.021766486
3863,87948,0.020559303
3864,85431,0.0029435349
3865,63227,0.047870692
3866,51844,0.006136059
3867,4677,0.007966105
3868,55630,0.0014975807
3869,103020,0.047870692
3870,111440,0.047870692
3871,12985,0.020021347
3872,32399,0.016434142
3873,84836,0.003605579
3874,35531,0.0070397556
3875,31059,0.0028740324
3876,110764,0.021181539
3877,87408,0.021766486
3878,59427,0.021766486
3879,48993,0.00581523
3880,105188,0.0030940482
3881,106835,0.007812972
3882,90471,0.00732283
3883,30338,0.013363381
3884,88977,0.05430571
3885,23383,0.011795676
3886,68318,0.0020351268
3887,105105,0.006928447
3888,1006,0.017152222
3889,45579,0.016210878
3890,60695,0.008330549
3891,100673,0.054126825
3892,103852,0.00679302
3893,102781,0.008477296
3894,110802,0.0147927515
3895,43304,0.029891824
3896,15009,0.0085833995
3897,98858,0.008181844
3898,8320,0.005907898
3899,107593,0.023982788
3900,55438,0.013363381
3901,7642,0.006329504
3902,74763,0.007167212
3903,25335,0.008007766
3904,36375,0.0015202472
3905,82310,0.0015666143
3906,100364,0.033567425
3907,12935,0.03476391
3908,13136,0.0201032
3909,54515,0.020351714
3910,5592,0.023161244
3911,47112,0.05467665
3912,86306,0.0034349244
3913,23729,0.0033612684
3914,52392,0.009873164
3915,79775,0.013822462
3916,68141,0.0018149752
3917,106533,0.0015548919
3918,71977,0.04090623
3919,75782,0.0015666143
3920,110784,0.005664193
3921,41049,0.0015903247
3922,50739,0.0015202472
3923,92008,0.0028457916
3924,67681,0.047870692
3925,23297,0.032247413
3926,8628,0.0064940355
3927,74703,0.019162232
3928,92906,0.020559303
3929,104189,0.0063741137
3930,101132,0.007892888
3931,72312,0.0018149752
3932,93396,0.054312814
3933,3741,0.006329504
3934,94451,0.020559303
3935,97421,0.0149119655
3936,72391,0.0014975807
3937,85910,0.013783108
3938,55159,0.006519191
3939,12592,0.005739056
3940,31183,0.007854343
3941,14539,0.0029336698
3942,100124,0.041696433
3943,99027,0.0015666143
3944,42043,0.018870499
3945,86756,0.0015666143
3946,67727,0.0020554126
3947,16241,0.012781196
3948,2060,0.022860073
3949,46099,0.0080854
3950,83526,0.013932109
3951,39623,0.011927929
3952,33104,0.008974107
3953,50649,0.016434142
3954,20493,0.004716455
3955,50835,0.0030200463
3956,92433,0.0014975807
3957,110237,0.023982788
3958,70993,0.03508661
3959,34721,0.016434142
3960,96907,0.007811068
3961,52309,0.0074364105
3962,7017,0.005907898
3963,49425,0.0040709493
3964,103910,0.002705636
3965,8428,0.024355432
3966,50026,0.006317567
3967,71771,0.014843087
3968,69117,0.047870692
3969,60117,0.090395756
3970,66428,0.0054736333
3971,58486,0.008974107
3972,94630,0.02304451
3973,87022,0.00459188
3974,115093,0.004230133
3975,101381,0.0026188802
3976,91734,0.011660866
3977,105342,0.0023749098
3978,32651,0.008974107
3979,64199,0.0031869553
3980,112607,0.013363381
3981,96564,0.011701322
3982,83379,0.0030675337
3983,51203,0.021766486
3984,58954,0.013774861
3985,80864,0.0051986515
3986,69398,0.0031772251
3987,24384,0.0026188802
3988,48252,0.01596527
3989,27101,0.011536841
3990,58060,0.0015666143
3991,52760,0.0029499342
3992,36852,0.011927929
3993,55657,0.0052952776
3994,8448,0.007988558
3995,12771,0.0018149752
3996,37435,0.011954552
3997,68554,0.022377215
3998,22727,0.010847788
3999,89144,0.0026188802
4000,48773,0.012153723
4001,42930,0.018801317
4002,35372,0.00414699
4003,87080,0.0015666143
4004,86257,0.0014975807
4005,26251,0.011954552
4006,106864,0.0063741137
4007,88722,0.016715154
4008,106640,0.040564727
4009,106509,0.011657114
4010,61317,0.05430571
4011,52943,0.014821278
4012,68573,0.020351714
4013,8129,0.009326057
4014,70913,0.012067438
4015,27184,0.012514671
4016,9314,0.034883853
4017,100346,0.021834597
4018,84089,0.03205202
4019,57541,0.03639872
4020,110370,0.0014081206
4021,49734,0.024537196
4022,108477,0.016176615
4023,7910,0.005839144
4024,17266,0.002705636
4025,38222,0.023150554
4026,28765,0.008878191
4027,34963,0.002453603
4028,48,0.0020851148
4029,47621,0.015118212
4030,46982,0.023793621
4031,31464,0.009105761
4032,25731,0.0064467466
4033,36735,0.0015432577
4034,84571,0.011701322
4035,51446,0.006218357
4036,38101,0.013363613
4037,96773,0.023150554
4038,68148,0.0064763296
4039,81131,0.0015666143
4040,25277,0.036839534
4041,63154,0.006218357
4042,109211,0.002787786
4043,31759,0.03205202
4044,69644,0.002931354
4045,93625,0.011657114
4046,60677,0.03078718
4047,37352,0.0201032
4048,94819,0.0008037071
4049,48482,0.020610994
4050,32060,0.040760215
4051,84027,0.03205202
4052,60551,0.0015666143
4053,89125,0.0031914893
4054,37521,0.041144025
4055,106498,0.05377881
4056,90839,0.011701322
4057,94678,0.0038139033
4058,112573,0.0074129826
4059,45594,0.011954552
4060,50868,0.0015202472
4061,22952,0.002416298
4062,74420,0.0027482088
4063,34612,0.025804454
4064,16110,0.0022819215
4065,57793,0.0015666143
4066,4197,0.0033343947
4067,93652,0.012379995
4068,4467,0.0076425066
4069,113975,0.043125764
4070,35443,0.024537196
4071,57432,0.0028740324
4072,94014,0.03779015
4073,65606,0.008062304
4074,113256,0.0030812097
4075,64257,0.002931354
4076,55655,0.013363381
4077,76932,0.012421643
4078,70437,0.010996652
4079,5150,0.013169274
4080,9246,0.0043650316
4081,59222,0.015825683
4082,43983,0.024691269
4083,34185,0.003296009
4084,68154,0.008330549
4085,55183,0.01767445
4086,72790,0.01818908
4087,85241,0.043058597
4088,95972,0.006004375
4089,44352,0.02010729
4090,74195,0.047870692
4091,83600,0.0021768152
4092,62377,0.03205202
4093,82161,0.026229994
4094,62550,0.012781196
4095,11224,0.03708255
4096,49366,0.014821278
4097,52044,0.02477861
4098,102659,0.021766486
4099,52964,0.004029859
4100,112908,0.01767445
4101,34509,0.0027627202
4102,27914,0.0033612684
4103,80198,0.016761128
4104,34041,0.013363381
4105,77160,0.0022401751
4106,115741,0.0014975807
4107,82329,0.0034717065
4108,6770,0.0065238345
4109,45134,0.0095395455
4110,44943,0.0015202472
4111,7604,0.0073626186
4112,65902,0.0025348978
4113,105192,0.0031869553
4114,69215,0.008185691
4115,4540,0.022975886
4116,13539,0.002094208
4117,90979,0.011701322
4118,49874,0.020342605
4119,83824,0.0025348978
4120,99592,0.008477296
4121,74953,0.03205202
4122,95222,0.013363381
4123,46853,0.0023148167
4124,74154,0.056819
4125,78674,0.0070904507
4126,81591,0.04090623
4127,17721,0.0075797304
4128,45270,0.020821696
4129,93504,0.0029371476
4130,84769,0.003605579
4131,81201,0.018986482
4132,30938,0.0201032
4133,101427,0.03677475
4134,112879,0.037361573
4135,14669,0.0026898894
4136,62706,0.021766486
4137,50537,0.013363381
4138,108373,0.016521668
4139,79168,0.0071958215
4140,16736,0.037164673
4141,91700,0.053899966
4142,42964,0.024088822
4143,89645,0.029605485
4144,28191,0.047870692
4145,6679,0.0034439529
4146,12414,0.002535725
4147,87525,0.03737256
4148,63224,0.006136059
4149,109386,0.0014975807
4150,4407,0.03504938
4151,28950,0.0036625497
4152,29680,0.03834532
4153,48351,0.0015202472
4154,101694,0.0074743526
4155,6671,0.0066836257
4156,30123,0.01767445
4157,92740,0.0067362958
4158,69437,0.010358229
4159,59523,0.006218357
4160,92165,0.039908506
4161,97047,0.0027627202
4162,16150,0.021766486
4163,82266,0.0014975807
4164,44858,0.0050341403
4165,45420,0.03078718
4166,72504,0.047870692
4167,31437,0.013363381
4168,42771,0.009950258
4169,104623,0.056530494
4170,25766,0.011795676
4171,75539,0.007174089
4172,61071,0.018870499
4173,74480,0.011701322
4174,20587,0.0015903247
4175,41803,0.0060113315
4176,1808,0.019963346
4177,9741,0.007692108
4178,104157,0.012388481
4179,48515,0.002931354
4180,76699,0.0016888018
4181,6224,0.017445296
4182,95225,0.0027846326
4183,76676,0.007170327
4184,63262,0.04090623
4185,51334,0.019030845
4186,26498,0.00557888
4187,58247,0.0041150833
4188,17819,0.055099305
4189,112965,0.0063741137
4190,8996,0.005907898
4191,113106,0.002345287
4192,14815,0.0026188802
4193,25936,0.046898387
4194,28510,0.00557888
4195,3019,0.011274081
4196,36534,0.0015202472
4197,69967,0.0031869553
4198,100512,0.0023272643
4199,110289,0.010744808
4200,82289,0.0018149752
4201,44170,0.008330549
4202,115063,0.00620564
4203,93577,0.040678173
4204,12499,0.0130400155
4205,45495,0.015507956
4206,101208,0.041274
4207,29728,0.011954552
4208,26724,0.0030200463
4209,63979,0.008580559
4210,46370,0.019976968
4211,108290,0.03908767
4212,15193,0.011610428
4213,85954,0.008995187
4214,41721,0.011795676
4215,45499,0.002931354
4216,47088,0.0014532544
4217,72560,0.0014975807
4218,46866,0.011927929
4219,103280,0.0015548919
4220,14558,0.005935825
4221,104745,0.006803947
4222,86059,0.040132347
4223,92079,0.03233501
4224,67807,0.011701322
4225,42556,0.036836985
4226,103579,0.011701322
4227,72143,0.0075372
4228,92892,0.015636008
4229,83053,0.007283159
4230,4834,0.016000383
4231,23082,0.008007766
4232,62669,0.0015666143
4233,25787,0.0017806522
4234,109961,0.02014425
4235,86543,0.011701322
4236,31846,0.024088822
4237,13149,0.021766486
4238,21022,0.046898387
4239,87614,0.05430571
4240,2252,0.0033832586
4241,67827,0.0023148167
4242,57166,0.006677608
4243,22873,0.002931354
4244,92197,0.036945425
4245,25180,0.013108435
4246,41411,0.011927929
4247,51193,0.0030200463
4248,109925,0.010317708
4249,38809,0.017313542
4250,45003,0.011927929
4251,33713,0.013363381
4252,77563,0.01818908
4253,40431,0.021766486
4254,47439,0.027325926
4255,24624,0.002931354
4256,16406,0.015885983
4257,68465,0.011701322
4258,64509,0.0014208711
4259,97969,0.054126825
4260,98414,0.037528723
4261,98681,0.027325926
4262,70524,0.00863347
4263,41736,0.03078718
4264,6810,0.012210945
4265,105294,0.0026328056
4266,98015,0.054126825
4267,24313,0.012443968
4268,42001,0.011927929
4269,48031,0.0056218193
4270,91907,0.043125764
4271,89945,0.0027350306
4272,19272,0.0077619823
4273,49051,0.016434142
4274,25212,0.01818908
4275,23682,0.0053519174
4276,63704,0.0014532544
4277,67061,0.0014532544
4278,78520,0.021766486
4279,35370,0.021766486
4280,42832,0.053899966
4281,45004,0.012348086
4282,62451,0.002787786
4283,87375,0.003185474
4284,88207,0.002661905
4285,64741,0.0025348978
4286,10025,0.006329504
4287,69948,0.036456663
4288,109919,0.012280543
4289,6713,0.022744821
4290,40332,0.021766486
4291,103045,0.014843087
4292,88704,0.05627356
4293,39230,0.0025348978
4294,47798,0.011701322
4295,77035,0.0034876661
4296,16219,0.0014532544
4297,42412,0.011927929
4298,6490,0.0073290174
4299,19538,0.005773024
4300,69508,0.011701322
4301,69528,0.008974107
4302,93905,0.016521668
4303,40948,0.011795676
4304,59076,0.002931354
4305,39017,0.0077091716
4306,60753,0.002931354
4307,69054,0.0048928643
4308,103877,0.05377881
4309,79729,0.029405383
4310,32409,0.01767445
4311,99473,0.018084347
4312,72488,0.0014975807
4313,58873,0.047870692
4314,91526,0.0030200463
4315,6762,0.016000383
4316,97858,0.0014975807
4317,28823,0.008878191
4318,35586,0.0049147108
4319,55363,0.01767445
4320,77072,0.0031869553
4321,40978,0.008529067
4322,438,0.0020351268
4323,30972,0.01767445
4324,49326,0.021766486
4325,508,0.02292835
4326,110180,0.0009172082
4327,60661,0.021766486
4328,15868,0.0127314925
4329,10308,0.013621989
4330,50032,0.018870499
4331,55381,0.03205202
4332,26154,0.009317994
4333,103935,0.0019429945
4334,64902,0.0025348978
4335,108344,0.020419702
4336,63073,0.002705636
4337,59759,0.006253963
4338,100206,0.021935197
4339,101822,0.054126825
4340,77259,0.020664765
4341,70996,0.05430571
4342,41735,0.008765716
4343,9608,0.01613039
4344,106362,0.0015666143
4345,54023,0.01767445
4346,55649,0.013363381
4347,7076,0.014231379
4348,114985,0.0048538414
4349,47151,0.011927929
4350,12633,0.015973266
4351,61338,0.0023288038
4352,66591,0.0028178282
4353,10567,0.008008633
4354,49859,0.021766486
4355,94746,0.013363381
4356,82346,0.014843087
4357,51425,0.002705636
4358,17483,0.007472984
4359,100101,0.0147927515
4360,15612,0.0061430363
4361,14834,0.0032021408
4362,34193,0.018990442
4363,92991,0.0021152445
4364,14737,0.013632906
4365,94426,0.024842558
4366,102051,0.006974722
4367,62507,0.012781196
4368,99264,0.008477296
4369,39778,0.008161338
4370,12385,0.01642049
4371,72254,0.014843087
4372,51885,0.00414699
4373,88898,0.007416762
4374,40532,0.0029394678
4375,55761,0.0030200463
4376,43658,0.0027627202
4377,84789,0.002931354
4378,16781,0.021766486
4379,36166,0.0020261304
4380,44938,0.006218357
4381,83318,0.024691269
4382,22872,0.007352519
4383,25051,0.009402538
4384,24910,0.0025348978
4385,86911,0.003605579
4386,55763,0.0028740324
4387,82245,0.011701322
4388,14400,0.006218357
4389,108519,0.0023399522
4390,32996,0.0026188802
4391,41334,0.03078718
4392,97939,0.020330336
4393,67193,0.032247413
4394,89246,0.029254962
4395,12277,0.0301571
4396,52184,0.038576093
4397,41974,0.011927929
4398,58802,0.0047193565
4399,54939,0.006834476
4400,73624,0.011701322
4401,9866,0.0037638813
4402,69238,0.0014975807
4403,31351,0.0039373776
4404,86156,0.002931354
4405,44379,0.014821278
4406,9329,0.010281157
4407,54181,0.008028138
4408,92246,0.008326264
4409,81550,0.0029255701
4410,2857,0.016301729
4411,94217,0.040500026
4412,63427,0.009685865
4413,96095,0.007968679
4414,102738,0.054312814
4415,52643,0.0015666143
4416,12376,0.0021704733
4417,106046,0.014843087
4418,76823,0.002094208
4419,61842,0.010277965
4420,93037,0.05430571
4421,96790,0.003639497
4422,91605,0.0034717065
4423,111105,0.0033073684
4424,108964,0.016521668
4425,74268,0.013318728
4426,111970,0.011701322
4427,74938,0.0028178282
4428,30069,0.0041030846
4429,52590,0.0034717065
4430,105222,0.05377881
4431,22142,0.002813379
4432,79132,0.0023281192
4433,67301,0.014165232
4434,91720,0.007754865
4435,112703,0.03051084
4436,32048,0.013363381
4437,41359,0.0015874926
4438,53902,0.0030200463
4439,74299,0.0014975807
4440,1194,0.0043883994
4441,62921,0.047870692
4442,25362,0.007361748
4443,51239,0.016761128
4444,77059,0.01767445
4445,3609,0.034978352
4446,33703,0.013313077
4447,103625,0.0029604395
4448,73848,0.0069658207
4449,90182,0.0027350306
4450,49131,0.036264043
4451,45849,0.007546506
4452,90922,0.0015666143
4453,107501,0.00557888
4454,6033,0.008193457
4455,88243,0.0015666143
4456,6012,0.0067346795
4457,75767,0.0013684931
4458,110587,0.016521668
4459,107527,0.0062437383
4460,20745,0.012781196
4461,101749,0.040500026
4462,60536,0.007917892
4463,23373,0.015097311
4464,59757,0.0026188802
4465,53527,0.008653744
4466,30131,0.0028178282
4467,113660,0.005951763
4468,12141,0.022304812
4469,34276,0.01727105
4470,29529,0.015702588
4471,45986,0.015879007
4472,80975,0.023330644
4473,1122,0.024691269
4474,90892,0.028454639
4475,90226,0.03737256
4476,95197,0.025448183
4477,115072,0.003962632
4478,32198,0.020244805
4479,108918,0.0018149752
4480,112345,0.00777768
4481,77993,0.018097768
4482,57674,0.017313542
4483,25073,0.016117455
4484,35852,0.003490894
4485,39350,0.036264043
4486,11745,0.007846225
4487,110550,0.002453603
4488,100298,0.011657114
4489,67330,0.014843087
4490,9400,0.00784212
4491,68843,0.0018149752
4492,21601,0.0068009766
4493,7384,0.0077599925
4494,94624,0.018483993
4495,46831,0.0027627202
4496,76708,0.013822462
4497,62,0.002345287
4498,32474,0.0029025506
4499,3649,0.008580559
4500,51703,0.013363381
4501,41837,0.0009360371
4502,33676,0.0029394678
4503,79353,0.054126825
4504,89078,0.0014564819
4505,96009,0.04090623
4506,675,0.0028740324
4507,108465,0.0014975807
4508,86169,0.01596527
4509,7909,0.0033343947
4510,114579,0.011055215
4511,46044,0.011927929
4512,66563,0.0015425641
4513,44571,0.008556793
4514,21347,0.012584653
4515,953,0.0033343947
4516,66702,0.0027681827
4517,15098,0.0014532544
4518,96061,0.0036753193
4519,53119,0.005920996
4520,101507,0.008349199
4521,17928,0.0014532544
4522,29608,0.037528723
4523,71558,0.005370364
4524,95497,0.054126825
4525,84033,0.011701322
4526,57909,0.0061947335
4527,101844,0.021760937
4528,47693,0.0039372523
4529,69086,0.015955565
4530,66470,0.0025348978
4531,103335,0.09837798
4532,40728,0.010847788
4533,62252,0.007788492
4534,59919,0.0031772251
4535,25944,0.011795676
4536,85736,0.0029435349
4537,101098,0.0023749098
4538,33380,0.006496562
4539,93899,0.019021316
4540,39429,0.02014425
4541,22262,0.0036643194
4542,59826,0.0026377246
4543,65787,0.005909192
4544,63266,0.006331201
4545,84142,0.0078049656
4546,68069,0.047870692
4547,41092,0.018870499
4548,10987,0.008987772
4549,114451,0.0069658207
4550,45839,0.023793621
4551,80330,0.011701322
4552,96316,0.008974107
4553,13389,0.045405824
4554,32422,0.013363381
4555,70096,0.042980473
4556,29090,0.015787302
4557,81641,0.04322669
4558,63947,0.036911882
4559,24260,0.0027627202
4560,58726,0.0030200463
4561,53777,0.045405824
4562,54049,0.008974107
4563,106194,0.0028740324
4564,107616,0.05377881
4565,65876,0.0028740324
4566,37966,0.014800454
4567,94645,0.0034349244
4568,7322,0.0072462047
4569,102277,0.0014975807
4570,110688,0.054312814
4571,49346,0.019888451
4572,68988,0.011701322
4573,12069,0.0031033105
4574,1220,0.050191987
4575,18466,0.0024544029
4576,84765,0.021766486
4577,51887,0.026155245
4578,10564,0.016000383
4579,81751,0.0027518272
4580,84216,0.0017386912
4581,85342,0.027291141
4582,110958,0.0014975807
4583,90080,0.022224454
4584,88461,0.0076717967
4585,115441,0.035395592
4586,64709,0.0023281192
4587,35221,0.013363381
4588,35735,0.018870499
4589,65436,0.0031772251
4590,80435,0.0014975807
4591,33136,0.01767445
4592,62410,0.008974107
4593,33265,0.011757015
4594,17314,0.004716455
4595,61530,0.0015666143
4596,87505,0.0015666143
4597,17892,0.0023314152
4598,21406,0.007463434
4599,84787,0.011701322
4600,102341,0.023743581
4601,6732,0.0026898894
4602,10046,0.022975886
4603,76838,0.0014975807
4604,73797,0.0015666143
4605,59978,0.015097311
4606,2973,0.0070764017
4607,4888,0.016103055
4608,114881,0.007631228
4609,64442,0.002931354
4610,102706,0.0014975807
4611,105865,0.04425115
4612,3693,0.008044203
4613,13448,0.0055941143
4614,9429,0.0060335053
4615,39241,0.018870499
4616,103242,0.053207587
4617,99187,0.0043455684
4618,40538,0.016073974
4619,43198,0.0201032
4620,93330,0.0015666143
4621,105997,0.002762175
4622,37533,0.016625142
4623,28332,0.0030200463
4624,90667,0.05430571
4625,24284,0.018870499
4626,82886,0.03078718
4627,84122,0.0076836436
4628,44175,0.03205202
4629,103750,0.040500026
4630,10093,0.016000383
4631,19526,0.0026898894
4632,84223,0.021834597
4633,58477,0.013363381
4634,60313,0.016434142
4635,49417,0.013313077
4636,4846,0.023161244
4637,28069,0.02304451
4638,62864,0.05430571
4639,45896,0.005615556
4640,83320,0.0073725577
4641,55102,0.00665044
4642,34359,0.016434142
4643,102133,0.037169185
4644,47884,0.0054736333
4645,84486,0.060069136
4646,46314,0.0077352272
4647,88946,0.007892866
4648,25479,0.0015202472
4649,111250,0.02304451
4650,30965,0.027535327
4651,108989,0.0020554126
4652,105124,0.00823969
4653,97647,0.053899966
4654,67238,0.0014532544
4655,78110,0.0015202472
4656,61931,0.024691269
4657,71670,0.016434142
4658,31355,0.011954552
4659,103044,0.0063741137
4660,76812,0.008269764
4661,96503,0.011701322
4662,10294,0.005907898
4663,35398,0.017471602
4664,58829,0.021766486
4665,64625,0.007413277
4666,39595,0.0026188802
4667,4356,0.015973266
4668,113027,0.0015548919
4669,66394,0.0031772251
4670,45146,0.008344171
4671,17548,0.014164161
4672,9891,0.010321205
4673,81175,0.011701322
4674,13565,0.008007766
4675,22037,0.01462113
4676,22972,0.0040854746
4677,52846,0.013363381
4678,61752,0.043058597
4679,82802,0.017496003
4680,86501,0.015789222
4681,22955,0.045405824
4682,54226,0.03646234
4683,34683,0.024537196
4684,95146,0.0069840476
4685,20526,0.015058986
4686,83343,0.0027627202
4687,112372,0.0065920693
4688,102696,0.028454639
4689,31093,0.005049873
4690,96459,0.041039113
4691,27956,0.020939998
4692,51087,0.006136059
4693,79693,0.020512942
4694,20780,0.0028740324
4695,21589,0.0030200463
4696,70942,0.008974107
4697,1155,0.017616639
4698,62723,0.05430571
4699,77824,0.0014975807
4700,11817,0.002094208
4701,108272,0.0078049432
4702,59611,0.0014975807
4703,108034,0.05370228
4704,91430,0.0030200463
4705,68499,0.01596527
4706,37876,0.007069835
4707,87323,0.018351968
4708,113052,0.0063741137
4709,14350,0.012781196
4710,88503,0.012584653
4711,15609,0.05369818
4712,23293,0.0017637569
4713,39586,0.010847788
4714,85470,0.0071487934
4715,25496,0.011927929
4716,112268,0.002705636
4717,19963,0.0031869386
4718,3468,0.028871667
4719,42248,0.020939998
4720,8018,0.005157164
4721,32302,0.0028178282
4722,83806,0.020512942
4723,10657,0.008614089
4724,19714,0.0078285085
4725,114995,0.0031772251
4726,115296,0.006517857
4727,44704,0.01956252
4728,70631,0.03973732
4729,47995,0.014843087
4730,18507,0.0047584507
4731,84906,0.073996514
4732,78952,0.0318103
4733,27026,0.0030200463
4734,100484,0.0077352272
4735,59147,0.005370364
4736,12881,0.0015903247
4737,18953,0.014809543
4738,90856,0.01818908
4739,113819,0.0078012818
4740,2785,0.022860073
4741,60652,0.004464139
4742,11677,0.016000383
4743,38992,0.008590162
4744,44769,0.0044914093
4745,48607,0.007854358
4746,5467,0.01613039
4747,49418,0.003547776
4748,104132,0.038612206
4749,115171,0.009228559
4750,40751,0.0029394678
4751,81364,0.0014975807
4752,44944,0.014821278
4753,73548,0.032502223
4754,27349,0.025804454
4755,97656,0.014821278
4756,3746,0.008251345
4757,24922,0.0023148167
4758,11945,0.0024864173
4759,15482,0.003490894
4760,106477,0.0025348978
4761,92712,0.0017386912
4762,94895,0.0014975807
4763,26391,0.009873998
4764,69143,0.040196482
4765,40401,0.006206534
4766,71228,0.0018149752
4767,48708,0.029891824
4768,37199,0.026514063
4769,73489,0.012245093
4770,11216,0.0071788183
4771,13430,0.005935825
4772,35687,0.013363381
4773,23567,0.011927929
4774,87088,0.0026368657
4775,8906,0.016000383
4776,51556,0.02304451
4777,74011,0.021834597
4778,17241,0.0028686556
4779,35246,0.024537196
4780,101222,0.0072713983
4781,73438,0.0033073684
4782,90246,0.0014975807
4783,115411,0.0026188802
4784,64170,0.0066114515
4785,21341,0.0028740324
4786,44847,0.029891685
4787,86556,0.005222508
4788,113739,0.027325926
4789,90429,0.008974107
4790,81571,0.0014975807
4791,86552,0.046898387
4792,56896,0.024537196
4793,39181,0.005752343
4794,103728,0.0014081206
4795,24584,0.036231093
4796,4106,0.0053519174
4797,109413,0.007037556
4798,87075,0.0030510752
4799,98176,0.041696433
4800,8627,0.007988558
4801,17469,0.03458671
4802,59828,0.0043497854
4803,108522,0.0025765477
4804,21919,0.005935825
4805,32317,0.008974107
4806,35623,0.0016337276
4807,41313,0.008974107
4808,57009,0.008046189
4809,60081,0.011954552
4810,43643,0.0077025467
4811,98576,0.054126825
4812,29189,0.008007766
4813,80309,0.0061382465
4814,31105,0.0023749098
4815,61596,0.0050720368
4816,57150,0.009717723
4817,98141,0.16746834
4818,66762,0.002931354
4819,57063,0.049661282
4820,82294,0.008580559
4821,49336,0.024537196
4822,13422,0.024537196
4823,86809,0.020453788
4824,20580,0.037141535
4825,43033,0.006147749
4826,96570,0.046980076
4827,45351,0.0538434
4828,50910,0.0073203905
4829,72125,0.0019407654
4830,47661,0.011927929
4831,3634,0.03845318
4832,111978,0.05430571
4833,3340,0.005907898
4834,62155,0.04090623
4835,35775,0.007424762
4836,75190,0.010496631
4837,26454,0.011954552
4838,105242,0.011887087
4839,79533,0.0031772251
4840,108531,0.036710914
4841,9074,0.010238653
4842,41639,0.008300347
4843,30856,0.006496562
4844,36226,0.021766486
4845,52225,0.013363381
4846,16862,0.018870499
4847,37476,0.020939998
4848,100378,0.0033073684
4849,11748,0.005792218
4850,100719,0.0080197435
4851,19600,0.021181539
4852,91837,0.01224875
4853,33439,0.009571141
4854,37944,0.0057954444
4855,14903,0.0023314152
4856,41436,0.045405824
4857,114595,0.01567399
4858,42781,0.018870499
4859,42288,0.017887197
4860,13416,0.0030200463
4861,65383,0.003125569
4862,98984,0.038961247
4863,84993,0.008722195
4864,72537,0.0034717065
4865,32761,0.014821278
4866,102598,0.0058394764
4867,114782,0.0031023843
4868,94859,0.0064197364
4869,66269,0.002787786
4870,37610,0.036836985
4871,65786,0.00784768
4872,11429,0.016000383
4873,68712,0.0014975807
4874,2648,0.036231093
4875,109379,0.0051986515
4876,83078,0.014821278
4877,102426,0.037406508
4878,32732,0.0023281192
4879,94692,0.0031869553
4880,3564,0.016301729
4881,57884,0.024537196
4882,21534,0.0023749098
4883,40705,0.031366915
4884,44205,0.05467665
4885,9759,0.010880039
4886,14726,0.0014532544
4887,27602,0.029891824
4888,104376,0.014861401
4889,51607,0.008163844
4890,83975,0.011701322
4891,83792,0.047870692
4892,94587,0.010410328
4893,55935,0.04090623
4894,66580,0.010844708
4895,33445,0.0020554126
4896,35365,0.0064652627
4897,38402,0.0074548903
4898,88398,0.053899966
4899,111360,0.033541046
4900,111791,0.002094208
4901,9333,0.02305342
4902,47786,0.008007766
4903,40137,0.008974107
4904,57407,0.023743581
4905,62540,0.008707589
4906,107855,0.018986482
4907,32291,0.017572742
4908,108393,0.046980076
4909,37069,0.023428405
4910,43695,0.0015874926
4911,69139,0.03799679
4912,20053,0.012781196
4913,78405,0.037268717
4914,62347,0.03737256
4915,92016,0.003927723
4916,73813,0.0015666143
4917,66719,0.0031869553
4918,108639,0.008596711
4919,113890,0.05375461
4920,19015,0.010124876
4921,19118,0.0015903247
4922,43779,0.011795676
4923,63759,0.007964704
4924,57349,0.013522452
4925,8209,0.0057762116
4926,103463,0.0030560032
4927,74731,0.030849362
4928,90119,0.05430571
4929,95327,0.06950505
4930,96779,0.017887197
4931,66592,0.0029296568
4932,66680,0.0031869386
4933,49064,0.040196482
4934,115696,0.0022495086
4935,23546,0.0015903247
4936,20597,0.012781196
4937,7857,0.004258279
4938,7938,0.005907898
4939,77877,0.029891824
4940,61042,0.047870692
4941,27250,0.007878153
4942,23521,0.0074022436
4943,31053,0.012895575
4944,15568,0.0024696516
4945,100787,0.0147927515
4946,111586,0.009960028
4947,26976,0.0028570541
4948,95618,0.030394072
4949,23897,0.0015202472
4950,97740,0.020185387
4951,92214,0.05430571
4952,29211,0.020939998
4953,59093,0.008007766
4954,33225,0.0015202472
4955,103999,0.04090623
4956,81640,0.0074795512
4957,74064,0.007842914
4958,84968,0.0014975807
4959,58338,0.03205567
4960,42045,0.016210878
4961,15024,0.0033612684
4962,62881,0.03799679
4963,44627,0.046898387
4964,103993,0.014936081
4965,107612,0.0126754185
4966,114615,0.020987244
4967,49957,0.00579099
4968,108739,0.0064310147
4969,80478,0.002416298
4970,41769,0.0076182215
4971,103926,0.0068066805
4972,44954,0.0015202472
4973,63600,0.0030200463
4974,1683,0.008245602
4975,50255,0.016434142
4976,35457,0.013363381
4977,13965,0.0077016577
4978,94438,0.013363381
4979,99802,0.013653227
4980,29668,0.03205202
4981,88146,0.05430571
4982,93541,0.0015666143
4983,115908,0.00782639
4984,107387,0.0014975807
4985,86804,0.0014975807
4986,41246,0.0015202472
4987,72345,0.007010156
4988,97692,0.0033531983
4989,29265,0.020939998
4990,112350,0.003099047
4991,55074,0.0015903247
4992,103694,0.0081067365
4993,85702,0.0022793664
4994,85856,0.012270877
4995,80504,0.0033073684
4996,56304,0.007406613
4997,104240,0.014843087
4998,50338,0.002453603
4999,41505,0.011954552
5000,8682,0.0078182295
5001,11712,0.005907898
5002,74894,0.047870692
5003,38249,0.011927929
5004,30264,0.013363381
5005,50703,0.031194756
5006,81247,0.043008283
5007,37317,0.008161338
5008,47564,0.0021152445
5009,52229,0.0201032
5010,92976,0.002931354
5011,11496,0.005015493
5012,13029,0.01613039
5013,46155,0.013320503
5014,114874,0.008477296
5015,89192,0.039271116
5016,77242,0.05430571
5017,42066,0.024691269
5018,20988,0.0028740324
5019,80774,0.0070359036
5020,12666,0.0130400155
5021,41670,0.01818908
5022,6236,0.022975886
5023,40013,0.018837277
5024,55632,0.04131836
5025,6459,0.0048124213
5026,77347,0.04090623
5027,28212,0.024068054
5028,38132,0.02014425
5029,95925,0.038040694
5030,99401,0.0077619823
5031,8074,0.005907898
5032,70877,0.047870692
5033,8329,0.0033343947
5034,69009,0.014821278
5035,14331,0.009103058
5036,18485,0.007500366
5037,45235,0.011927929
5038,52783,0.020409318
5039,49491,0.021766486
5040,36160,0.013363381
5041,34159,0.029891824
5042,61011,0.0015666143
5043,33463,0.018870499
5044,103081,0.011701322
5045,63119,0.053899966
5046,8493,0.0060511837
5047,66491,0.0062361336
5048,64025,0.002931354
5049,112444,0.020365153
5050,70967,0.020771477
5051,92705,0.0066401623
5052,54531,0.008514063
5053,59940,0.05430571
5054,110441,0.011539805
5055,30678,0.0114434315
5056,112000,0.04090623
5057,105427,0.05377881
5058,35912,0.013363381
5059,10851,0.025233287
5060,47233,0.0036643194
5061,114933,0.004998545
5062,57258,0.007010156
5063,94972,0.002931354
5064,57102,0.0015666143
5065,18352,0.0022495086
5066,114842,0.019987823
5067,72209,0.0075449524
5068,20507,0.014379261
5069,96257,0.0020554126
5070,74463,0.0022793664
5071,97156,0.008722195
5072,19364,0.0014564819
5073,11970,0.0030200463
5074,17516,0.01818908
5075,91897,0.009265727
5076,56498,0.04090623
5077,110574,0.008229424
5078,63310,0.0031772251
5079,114124,0.0069542495
5080,17791,0.021766486
5081,15492,0.004381581
5082,55783,0.0030200463
5083,29269,0.0023749098
5084,75272,0.036264043
5085,101973,0.037987046
5086,15496,0.012781196
5087,6378,0.008355051
5088,82055,0.0030200463
5089,61878,0.0015666143
5090,83170,0.05430571
5091,31533,0.013363381
5092,115723,0.0063741137
5093,60309,0.047870692
5094,20410,0.0064494098
5095,31964,0.0015903247
5096,42700,0.0142852785
5097,78210,0.01767445
5098,111783,0.0022495086
5099,13132,0.041105755
5100,23503,0.021834597
5101,13150,0.010806224
5102,57312,0.008423908
5103,69638,0.05430571
5104,99606,0.008255431
5105,62134,0.010634033
5106,16990,0.0318103
5107,87318,0.0027627202
5108,61602,0.002931354
5109,55736,0.013977945
5110,64117,0.002931354
5111,20163,0.012781196
5112,5415,0.011729556
5113,27206,0.010847788
5114,110120,0.012249765
5115,35566,0.007843314
5116,56096,0.03799679
5117,39902,0.0029394678
5118,76622,0.046898387
5119,69047,0.0018149752
5120,70767,0.013363381
5121,59341,0.05118904
5122,89285,0.005321059
5123,115527,0.0015548919
5124,54093,0.0030200463
5125,102794,0.002942954
5126,69962,0.0015666143
5127,104421,0.006271106
5128,59819,0.05430571
5129,37427,0.037838764
5130,9602,0.0031765336
5131,36300,0.008160469
5132,78137,0.046898387
5133,64653,0.008282577
5134,15677,0.05410248
5135,113009,0.034182947
5136,15451,0.0026898894
5137,95076,0.0074276207
5138,81530,0.0117283845
5139,44957,0.011552833
5140,27588,0.01961196
5141,58579,0.01381957
5142,6230,0.007361357
5143,35915,0.003950813
5144,103467,0.02014425
5145,103720,0.016521668
5146,53823,0.0027627202
5147,113019,0.017976282
5148,51183,0.0028570541
5149,58214,0.005370364
5150,71816,0.0014975807
5151,69570,0.006045545
5152,14360,0.0017637569
5153,14052,0.005379914
5154,78953,0.0014975807
5155,111641,0.011701322
5156,22062,0.018870499
5157,50846,0.0036643194
5158,4021,0.01613039
5159,4117,0.006236769
5160,108135,0.023073608
5161,104715,0.04425115
5162,44935,0.016324576
5163,53732,0.018870499
5164,16766,0.0031869553
5165,918,0.007414796
5166,85460,0.0054079667
5167,35714,0.01818908
5168,28313,0.008161338
5169,90758,0.018870499
5170,80829,0.002661905
5171,96020,0.0111151505
5172,92053,0.0028178282
5173,54118,0.019932967
5174,72266,0.021874467
5175,111001,0.0015548919
5176,84241,0.040308952
5177,109724,0.0076182215
5178,95108,0.010847788
5179,54558,0.013363381
5180,6119,0.003410524
5181,38688,0.011795676
5182,31849,0.0077955998
5183,104065,0.036780782
5184,83265,0.008934424
5185,26194,0.0030200463
5186,106636,0.028106956
5187,52461,0.0132696405
5188,43215,0.015071701
5189,112441,0.036747385
5190,26328,0.0074319914
5191,83315,0.0026188802
5192,47433,0.0041030846
5193,27019,0.013363381
5194,58685,0.0157908
5195,81737,0.04090623
5196,77339,0.006621343
5197,13932,0.037838764
5198,92790,0.0079178205
5199,106994,0.0031002495
5200,24532,0.0030200463
5201,113615,0.052871034
5202,30474,0.0052623744
5203,82917,0.007042533
5204,29716,0.07480565
5205,7890,0.008144285
5206,18568,0.0015903247
5207,17986,0.002705636
5208,77412,0.002931354
5209,78528,0.0117283845
5210,18135,0.004716455
5211,67836,0.020569662
5212,61720,0.008580559
5213,40041,0.035470113
5214,27412,0.008154397
5215,7153,0.008243384
5216,39003,0.111098394
5217,22396,0.006136059
5218,68534,0.0013684931
5219,44976,0.021181539
5220,96513,0.011701322
5221,108616,0.0028740324
5222,30073,0.0030200463
5223,20234,0.0023347537
5224,112494,0.02014425
5225,41368,0.040760215
5226,76601,0.0014975807
5227,62642,0.008904678
5228,3210,0.0034439529
5229,35715,0.017471602
5230,102122,0.00777938
5231,94454,0.013363381
5232,2007,0.008414489
5233,2638,0.017586831
5234,91701,0.014029109
5235,56784,0.011001481
5236,101178,0.007572545
5237,51399,0.008541007
5238,8071,0.0066531054
5239,34687,0.032258432
5240,91074,0.011701322
5241,787,0.0066531054
5242,12719,0.0073717474
5243,91298,0.023863768
5244,9679,0.029109659
5245,12011,0.0015903247
5246,84808,0.011701322
5247,133,0.0033612684
5248,69879,0.0075372
5249,64375,0.0076439963
5250,82381,0.0014975807
5251,82978,0.0031913405
5252,72762,0.021766486
5253,105564,0.0034437634
5254,74599,0.08286674
5255,110966,0.0066312016
5256,89533,0.05430571
5257,60104,0.0040805438
5258,52581,0.0014975807
5259,71576,0.0016888018
5260,44914,0.011834503
5261,42588,0.0015202472
5262,85257,0.011701322
5263,74975,0.008081841
5264,113443,0.0029604395
5265,19251,0.0019524011
5266,104248,0.014843087
5267,56147,0.016625142
5268,71934,0.005370364
5269,46729,0.011795676
5270,69222,0.0069658207
5271,82551,0.011701322
5272,110457,0.0033225762
5273,74922,0.0015666143
5274,51812,0.013363381
5275,2050,0.0054858318
5276,61575,0.002705636
5277,71261,0.01596527
5278,25863,0.02020964
5279,55328,0.008974107
5280,1361,0.0031847416
5281,86745,0.011701322
5282,95180,0.037169185
5283,55837,0.025804454
5284,21959,0.0078090434
5285,29193,0.00557888
5286,70725,0.04131836
5287,5975,0.008580559
5288,70797,0.0018149752
5289,77842,0.0034349244
5290,92474,0.018084347
5291,37661,0.008002483
5292,6155,0.022975886
5293,87969,0.007416762
5294,89915,0.021458393
5295,55964,0.05430571
5296,111352,0.037164673
5297,74780,0.0027627202
5298,10134,0.0077361893
5299,96812,0.009266691
5300,56912,0.013363381
5301,8438,0.004953245
5302,33971,0.0013643872
5303,15477,0.012781196
5304,99498,0.01386769
5305,65028,0.008535227
5306,28317,0.0030200463
5307,71164,0.008974107
5308,75305,0.0028740324
5309,105766,0.0026188802
5310,28108,0.020939998
5311,58527,0.0057014236
5312,104369,0.0067200977
5313,65590,0.0031521344
5314,101309,0.016521668
5315,49484,0.014821278
5316,10460,0.013113975
5317,25840,0.027535327
5318,114015,0.01416873
5319,40764,0.016467914
5320,5424,0.022975886
5321,37360,0.0015202472
5322,76549,0.002787786
5323,84267,0.011701322
5324,68350,0.021181539
5325,97428,0.028454639
5326,40934,0.0015202472
5327,7994,0.008124677
5328,1767,0.008874055
5329,104193,0.03961092
5330,76813,0.0074165966
5331,106705,0.008245602
5332,96358,0.013653227
5333,86486,0.010847788
5334,62616,0.015097311
5335,82351,0.0057980777
5336,91077,0.028454639
5337,47191,0.012536294
5338,23915,0.002661905
5339,96604,0.013229941
5340,59326,0.013363381
5341,96406,0.013653227
5342,95473,0.008974107
5343,57274,0.0054753344
5344,105796,0.0071583306
5345,110874,0.008477296
5346,35313,0.008974107
5347,18820,0.008110166
5348,47970,0.0020554126
5349,104346,0.012058454
5350,106011,0.0031852394
5351,52969,0.027325926
5352,3772,0.024435638
5353,102641,0.0034215685
5354,83687,0.013320503
5355,76706,0.011701322
5356,14,0.03708255
5357,31520,0.015600693
5358,92381,0.011701322
5359,98747,0.02343586
5360,70597,0.011701322
5361,42267,0.016353698
5362,68468,0.03799679
5363,66826,0.035899885
5364,64643,0.0026188802
5365,102993,0.021749977
5366,110090,0.026488168
5367,33078,0.020351714
5368,24466,0.041105755
5369,2884,0.005907898
5370,102622,0.0069658207
5371,62017,0.0019407654
5372,45229,0.011954552
5373,77599,0.006218357
5374,24720,0.0538434
5375,78816,0.024537196
5376,8961,0.005907898
5377,80151,0.008418358
5378,67704,0.016379185
5379,84446,0.036231093
5380,82493,0.0026360054
5381,107747,0.016521668
5382,74563,0.0026188802
5383,67653,0.0031772251
5384,111866,0.0063741137
5385,77827,0.0015666143
5386,43482,0.011954552
5387,85253,0.017444765
5388,31970,0.013363381
5389,74578,0.0014975807
5390,40408,0.016238391
5391,45183,0.011927929
5392,52257,0.0028740324
5393,1715,0.004888803
5394,105845,0.0027627202
5395,55859,0.03078718
5396,634,0.010277411
5397,90102,0.008974107
5398,90516,0.01596527
5399,26321,0.00557888
5400,103838,0.0015548919
5401,10990,0.022744821
5402,89305,0.015073434
5403,74750,0.0026188802
5404,5160,0.0033343947
5405,25359,0.002416298
5406,107915,0.02014425
5407,114659,0.016434142
5408,105583,0.040500026
5409,99760,0.009846365
5410,6905,0.008124677
5411,48105,0.0015666143
5412,73523,0.053899966
5413,22786,0.002094208
5414,18681,0.0021704733
5415,6889,0.008580559
5416,88132,0.0014975807
5417,110506,0.011701322
5418,108712,0.009415221
5419,89464,0.0014975807
5420,69010,0.009146037
5421,108410,0.0031073934
5422,55615,0.013363381
5423,45458,0.00318958
5424,88147,0.002931354
5425,114845,0.0043287063
5426,31980,0.0023281192
5427,63141,0.04090623
5428,89687,0.03078718
5429,97463,0.037528723
5430,35226,0.013363381
5431,52898,0.0017386912
5432,1223,0.010506512
5433,102077,0.008576378
5434,62169,0.00742542
5435,14973,0.0015202472
5436,17077,0.0026898894
5437,23039,0.008293065
5438,43260,0.0015874926
5439,107850,0.00557888
5440,55068,0.015787302
5441,101863,0.004649234
5442,32130,0.014187391
5443,65744,0.0029354065
5444,75129,0.0026274296
5445,90467,0.001486374
5446,51624,0.013363381
5447,85180,0.0029604395
5448,83266,0.012547078
5449,38703,0.013002952
5450,38369,0.018870499
5451,41424,0.03233501
5452,45827,0.0084857
5453,45640,0.046898387
5454,41521,0.012149105
5455,3322,0.007959408
5456,36886,0.019301342
5457,27675,0.047870692
5458,98488,0.016328467
5459,58647,0.02175944
5460,46816,0.010847788
5461,76154,0.021766486
5462,102576,0.0064902436
5463,45158,0.010847788
5464,63038,0.0014975807
5465,100808,0.054126825
5466,2636,0.003223094
5467,83467,0.0014975807
5468,64545,0.002931354
5469,52691,0.013684354
5470,41782,0.0015202472
5471,108533,0.011657114
5472,56919,0.013363381
5473,28448,0.007748927
5474,59407,0.007988558
5475,2767,0.005907898
5476,97379,0.0076517374
5477,50959,0.0538434
5478,115852,0.011657114
5479,94540,0.012949988
5480,40195,0.0015202472
5481,8022,0.024718614
5482,2708,0.038310543
5483,76383,0.0017386912
5484,50439,0.008032834
5485,36340,0.013363381
5486,2896,0.007405099
5487,78482,0.0016888018
5488,40443,0.046898387
5489,58983,0.006136059
5490,82609,0.05430571
5491,4380,0.016000383
5492,92791,0.0072905687
5493,63962,0.0073606605
5494,986,0.014821278
5495,27762,0.047870692
5496,86301,0.019021316
5497,68784,0.008165716
5498,44736,0.007413277
5499,88316,0.0026705943
5500,10260,0.008171113
5501,62908,0.011954552
5502,27992,0.0201032
5503,78387,0.008007766
5504,64207,0.0025348978
5505,102008,0.006571299
5506,80838,0.01767445
5507,107764,0.01596527
5508,84713,0.010375723
5509,33360,0.006496562
5510,61325,0.0018149752
5511,62948,0.0201032
5512,41458,0.015071701
5513,18138,0.017969947
5514,198,0.004953245
5515,80548,0.018870499
5516,17370,0.008362826
5517,14089,0.007842294
5518,91828,0.0014975807
5519,69321,0.008045451
5520,63390,0.02305586
5521,26147,0.0023749098
5522,52816,0.0015666143
5523,79926,0.0015666143
5524,76994,0.0014975807
5525,51428,0.013363381
5526,36149,0.018870499
5527,103053,0.011701322
5528,64107,0.007021553
5529,1623,0.0072657727
5530,30531,0.006136059
5531,104511,0.007074831
5532,41139,0.008422331
5533,31807,0.024088822
5534,43055,0.009621849
5535,24521,0.014944271
5536,77331,0.008974107
5537,85812,0.017496003
5538,78270,0.020351714
5539,71477,0.03737256
5540,65666,0.0031772251
5541,97319,0.0115261115
5542,16728,0.019393714
5543,80088,0.0031750905
5544,102209,0.003605579
5545,105476,0.018870499
5546,55908,0.002670725
5547,60464,0.0015666143
5548,39475,0.007988558
5549,46450,0.046898387
5550,34157,0.0117283845
5551,86869,0.007984973
5552,50054,0.017181467
5553,73293,0.024088822
5554,115437,0.014223949
5555,12321,0.006101785
5556,15232,0.01818908
5557,14214,0.002787786
5558,32120,0.0031869386
5559,28118,0.001681305
5560,54797,0.0061947335
5561,82114,0.04090623
5562,33351,0.018870499
5563,97677,0.040678173
5564,104214,0.011657114
5565,70359,0.0027901384
5566,39349,0.0023539192
5567,92586,0.053899966
5568,4196,0.01386769
5569,24930,0.0348847
5570,40345,0.01463652
5571,111422,0.012993256
5572,24966,0.018870499
5573,66292,0.0028480412
5574,14540,0.012781196
5575,73787,0.04090623
5576,84445,0.008974107
5577,66258,0.00890283
5578,19685,0.007321933
5579,62140,0.008571081
5580,30485,0.002705636
5581,100724,0.012000214
5582,103078,0.008974107
5583,16769,0.0043744794
5584,21559,0.005935825
5585,23118,0.007777076
5586,97704,0.053899966
5587,99268,0.02909459
5588,36885,0.0030200463
5589,25509,0.007687582
5590,87476,0.0029900898
5591,53858,0.021766486
5592,216,0.023170194
5593,30404,0.00558069
5594,73011,0.002787786
5595,20386,0.02208695
5596,28273,0.008650337
5597,49668,0.013363381
5598,97017,0.014033557
5599,93441,0.011657114
5600,86483,0.020185387
5601,76524,0.016761128
5602,1500,0.007988558
5603,105493,0.002931354
5604,103111,0.054312814
5605,1763,0.0014357215
5606,3930,0.005907898
5607,62556,0.03096484
5608,37591,0.03834532
5609,97144,0.0071979845
5610,30009,0.013363381
5611,100586,0.0016888018
5612,99742,0.0028401762
5613,62161,0.01818908
5614,23529,0.006136059
5615,4357,0.005623078
5616,39980,0.021766486
5617,96407,0.0041032284
5618,111262,0.011657114
5619,73992,0.008178038
5620,57023,0.0031869386
5621,54828,0.018870499
5622,13882,0.0127314925
5623,109950,0.02304451
5624,7095,0.004258279
5625,76697,0.002416298
5626,51896,0.002453603
5627,66049,0.0029354065
5628,30524,0.013363381
5629,2278,0.0039192443
5630,16047,0.015885983
5631,2201,0.008551382
5632,79143,0.0014975807
5633,37309,0.021457676
5634,55738,0.018870499
5635,39485,0.008974107
5636,100410,0.0063741137
5637,95940,0.004837612
5638,102178,0.005321059
5639,108752,0.0028740324
5640,93863,0.0071583306
5641,3414,0.00442373
5642,70338,0.035899885
5643,85966,0.052024383
5644,91478,0.008974107
5645,39046,0.020625178
5646,42193,0.029891824
5647,76350,0.0028178282
5648,31104,0.024777869
5649,80794,0.0016888018
5650,68827,0.007377064
5651,44136,0.009125874
5652,65857,0.0029354065
5653,21370,0.016187213
5654,61982,0.05439657
5655,55316,0.007843129
5656,25910,0.007793199
5657,55037,0.00803825
5658,5573,0.023161244
5659,71888,0.01883267
5660,10651,0.007855105
5661,17677,0.0022401751
5662,101183,0.002931354
5663,108528,0.0034349244
5664,85131,0.003605579
5665,68397,0.035395592
5666,10652,0.007988558
5667,11971,0.0033612684
5668,53731,0.0318103
5669,82157,0.021834597
5670,109858,0.002453603
5671,74155,0.003717694
5672,57464,0.013363381
5673,60070,0.0025348978
5674,88089,0.019021316
5675,24681,0.017294373
5676,65453,0.008154397
5677,19999,0.0053065284
5678,93758,0.00814641
5679,94654,0.007461555
5680,75837,0.017496003
5681,43737,0.03205202
5682,81752,0.007773592
5683,18824,0.004725942
5684,41068,0.021766486
5685,43683,0.020939998
5686,58119,0.013363381
5687,68761,0.021457676
5688,13917,0.01818908
5689,41482,0.0068227327
5690,16843,0.015885983
5691,38608,0.010519503
5692,16358,0.003796457
5693,64055,0.0054736333
5694,94115,0.0034349244
5695,50260,0.0015202472
5696,60755,0.027976722
5697,35285,0.014478669
5698,103501,0.0059327306
5699,7716,0.0029307741
5700,67223,0.0030200463
5701,103327,0.0026188802
5702,61795,0.0022495086
5703,86119,0.021834597
5704,95266,0.003052717
5705,34968,0.040760215
5706,365,0.041029323
5707,29229,0.03205202
5708,50999,0.0023780083
5709,30476,0.0015903247
5710,42357,0.016073974
5711,46386,0.0023148167
5712,73260,0.007687582
5713,28867,0.0029025506
5714,113634,0.013113993
5715,10765,0.008764217
5716,2887,0.016301729
5717,51293,0.009595335
5718,93454,0.0051986515
5719,91590,0.04090623
5720,69158,0.0022495086
5721,87636,0.021749977
5722,19215,0.013320503
5723,13426,0.0074409624
5724,20821,0.0015666143
5725,57972,0.013363381
5726,37865,0.0028245137
5727,27468,0.024691269
5728,1665,0.008330656
5729,103895,0.0028740324
5730,48499,0.0023281192
5731,74759,0.0014975807
5732,90880,0.020559303
5733,5231,0.012413867
5734,95324,0.0080197435
5735,76453,0.0029371476
5736,101714,0.0051986515
5737,3849,0.007261753
5738,91136,0.039908506
5739,81951,0.016886028
5740,113117,0.03961092
5741,42242,0.007857064
5742,64760,0.0019407654
5743,65052,0.0022793664
5744,10443,0.0083237365
5745,40758,0.011795676
5746,82758,0.011701322
5747,879,0.010880039
5748,49408,0.016031291
5749,28912,0.00557888
5750,37014,0.0012505185
5751,27140,0.01809934
5752,56515,0.05430571
5753,10798,0.005623078
5754,30071,0.014821278
5755,6736,0.0067637134
5756,41668,0.006496562
5757,23512,0.002453603
5758,91844,0.020559303
5759,413,0.008124677
5760,14668,0.0057136654
5761,57666,0.0030200463
5762,21736,0.002416298
5763,85212,0.0028172722
5764,29560,0.0031869553
5765,105807,0.0063741137
5766,34786,0.007357651
5767,89367,0.023743581
5768,77344,0.01596527
5769,4552,0.005366367
5770,17429,0.024537196
5771,46459,0.0026188802
5772,115756,0.012418358
5773,52916,0.0031772251
5774,92273,0.0015666143
5775,73219,0.046898387
5776,15225,0.043726638
5777,70056,0.0015666143
5778,113290,0.0030812097
5779,106757,0.012616653
5780,63452,0.012781196
5781,46300,0.0030200463
5782,22183,0.011927929
5783,20822,0.0026463368
5784,45833,0.015118212
5785,14451,0.046898387
5786,42010,0.011927929
5787,80380,0.007369498
5788,61295,0.05430571
5789,21937,0.015071701
5790,81986,0.008974107
5791,7618,0.01386769
5792,17923,0.05410248
5793,65881,0.007236442
5794,35508,0.0053941626
5795,76864,0.023743581
5796,34569,0.009767711
5797,88019,0.00442809
5798,89692,0.019991746
5799,31278,0.011954552
5800,3570,0.0037338003
5801,42450,0.018105786
5802,90529,0.016521668
5803,95535,0.007390964
5804,67269,0.0014975807
5805,27272,0.045405824
5806,87887,0.034040075
5807,111846,0.014843087
5808,102269,0.024537196
5809,53439,0.013363381
5810,33839,0.01019948
5811,2030,0.0073626186
5812,13502,0.006154266
5813,106740,0.008477296
5814,101747,0.0051986515
5815,46350,0.021834597
5816,65580,0.0031772251
5817,82519,0.0027681827
5818,57918,0.0031772251
5819,24594,0.011782795
5820,21688,0.019831479
5821,56012,0.018870499
5822,77214,0.05430571
5823,3126,0.016301729
5824,107453,0.0147927515
5825,24977,0.002931354
5826,87368,0.0033073684
5827,2314,0.005623078
5828,79162,0.022112342
5829,51691,0.013363381
5830,22046,0.002094208
5831,10173,0.009127009
5832,49910,0.0077848113
5833,91425,0.011701322
5834,4429,0.0053519174
5835,3672,0.0067779026
5836,107365,0.002705636
5837,102176,0.007671437
5838,3163,0.0043650316
5839,61874,0.0111305015
5840,35400,0.013363381
5841,62895,0.011954552
5842,82040,0.005473551
5843,83642,0.027291141
5844,2842,0.003223094
5845,50302,0.013363381
5846,115469,0.0014752509
5847,13968,0.014821278
5848,91169,0.0074216286
5849,1069,0.032247413
5850,68939,0.011701322
5851,66372,0.002931354
5852,13524,0.002629142
5853,40826,0.011795676
5854,1649,0.0015202472
5855,7676,0.008831626
5856,92002,0.008974107
5857,37750,0.0064100926
5858,95041,0.0015666143
5859,62176,0.0024864173
5860,104621,0.012689581
5861,24045,0.002931354
5862,4296,0.014545499
5863,68764,0.011701322
5864,114191,0.053207587
5865,98165,0.0062260116
5866,6151,0.015973266
5867,16791,0.003948421
5868,26495,0.0025348978
5869,107222,0.0071245013
5870,15027,0.02388492
5871,12419,0.018829325
5872,69274,0.0014975807
5873,29881,0.03078718
5874,109163,0.028454639
5875,81880,0.0014975807
5876,92072,0.0015666143
5877,47536,0.011927929
5878,109498,0.008477296
5879,62557,0.008007766
5880,93416,0.0023749098
5881,39247,0.0033612684
5882,27964,0.008974107
5883,51225,0.006897012
5884,45439,0.024537196
5885,11882,0.0053772307
5886,40497,0.036264043
5887,68220,0.005522001
5888,20791,0.013320503
5889,5214,0.0033832586
5890,57236,0.0046883845
5891,37760,0.008578247
5892,28110,0.008044203
5893,12002,0.0015903247
5894,115147,0.00757261
5895,8080,0.0067184973
5896,33632,0.02014425
5897,93877,0.0033073684
5898,6611,0.021003097
5899,41166,0.015071701
5900,25638,0.007942993
5901,87760,0.09623016
5902,3606,0.034978352
5903,67862,0.05430571
5904,2384,0.016301729
5905,113335,0.0031772251
5906,100825,0.0075637386
5907,9503,0.0049134353
5908,97547,0.02343586
5909,76951,0.0019496081
5910,27499,0.01818908
5911,41084,0.036264043
5912,104735,0.020845814
5913,86367,0.0034717065
5914,84886,0.014843087
5915,98720,0.0028740324
5916,72114,0.0014975807
5917,698,0.002535725
5918,30035,0.0015202472
5919,29983,0.0023749098
5920,81153,0.043058597
5921,101204,0.0073538423
5922,97129,0.054126825
5923,57300,0.006218357
5924,65102,0.016272064
5925,62614,0.006621343
5926,113589,0.016510282
5927,3364,0.013791071
5928,72474,0.0015666143
5929,100423,0.0071583306
5930,80959,0.0023148167
5931,50424,0.016316745
5932,51965,0.023743581
5933,78611,0.013363381
5934,58156,0.0015666143
5935,72907,0.0014975807
5936,101781,0.02014425
5937,53753,0.016649216
5938,54486,0.0025348978
5939,65573,0.0076510934
5940,69166,0.0067103785
5941,94207,0.016521668
5942,4951,0.005907898
5943,21545,0.008660161
5944,82241,0.0034349244
5945,11872,0.008034366
5946,71077,0.0018858586
5947,46343,0.02173341
5948,110188,0.052871034
5949,80394,0.05430571
5950,13161,0.0026898894
5951,26382,0.11008746
5952,97015,0.010847788
5953,111259,0.008477296
5954,15005,0.020046696
5955,73501,0.0014708253
5956,31636,0.01767445
5957,91402,0.010257738
5958,22310,0.0028740324
5959,18032,0.0015202472
5960,4992,0.005157164
5961,34624,0.021766486
5962,4534,0.0060511837
5963,95298,0.054126825
5964,57707,0.0050858287
5965,73024,0.043125764
5966,102730,0.0127907
5967,49674,0.016467914
5968,37045,0.03854855
5969,98490,0.046980076
5970,3546,0.016434142
5971,104330,0.005732051
5972,9839,0.029254962
5973,1023,0.012781196
5974,1341,0.020231923
5975,19397,0.012781196
5976,70448,0.0015666143
5977,65597,0.0029354065
5978,40167,0.006218357
5979,82912,0.008974107
5980,87746,0.006727448
5981,60297,0.03078718
5982,96671,0.0021643608
5983,59396,0.008908781
5984,77956,0.0014975807
5985,27173,0.007704559
5986,87551,0.025804454
5987,48517,0.05430571
5988,90267,0.011780939
5989,94724,0.008161338
5990,73218,0.002931354
5991,50751,0.0151609
5992,9691,0.03684411
5993,32303,0.0021152445
5994,25537,0.030445885
5995,95949,0.0014975807
5996,72498,0.0018149752
5997,97322,0.027325926
5998,75883,0.0016888018
5999,38946,0.036231093
6000,41168,0.0015202472
6001,61647,0.012781196
6002,16129,0.006319351
6003,61008,0.006218357
6004,40273,0.027976722
6005,64954,0.0078746425
6006,6746,0.03824978
6007,64029,0.0022495086
6008,46510,0.018870499
6009,91058,0.013320503
6010,94577,0.007461593
6011,8807,0.0031765336
6012,33146,0.013363381
6013,92231,0.017667117
6014,41872,0.0028740324
6015,102566,0.008492431
6016,7171,0.009579805
6017,113091,0.0013460623
6018,59526,0.02305586
6019,69119,0.019301342
6020,93335,0.020559303
6021,23081,0.0044849557
6022,40175,0.008259257
6023,64789,0.002345287
6024,95104,0.013320503
6025,55617,0.046898387
6026,64048,0.0027627202
6027,41687,0.021705776
6028,41533,0.01524711
6029,6055,0.007988558
6030,20436,0.002936568
6031,20801,0.0024544029
6032,94767,0.008522734
6033,10628,0.006453029
6034,43638,0.011954552
6035,4150,0.016000383
6036,50998,0.016434142
6037,66786,0.010847788
6038,84480,0.024537196
6039,61466,0.0014975807
6040,30191,0.014821278
6041,46560,0.0030200463
6042,45715,0.038310543
6043,29314,0.004249051
6044,103572,0.002661905
6045,2550,0.016301729
6046,46727,0.0017637569
6047,36465,0.0028740324
6048,107674,0.0014975807
6049,50017,0.0079178205
6050,62973,0.0014532544
6051,73187,0.018226296
6052,76260,0.0031869553
6053,84255,0.052934613
6054,34098,0.013363381
6055,5935,0.0015202472
6056,58326,0.0035198042
6057,42794,0.012584653
6058,67859,0.0015666143
6059,13428,0.013011
6060,49802,0.013363381
6061,105303,0.0014564819
6062,102816,0.0063741137
6063,51090,0.0072567435
6064,96977,0.010664755
6065,111836,0.047870692
6066,97370,0.0033073684
6067,72410,0.01818908
6068,93868,0.0031359398
6069,53690,0.02044959
6070,68332,0.01263711
6071,66732,0.0031772251
6072,113444,0.0031772251
6073,77744,0.021766486
6074,108421,0.036231093
6075,108169,0.011701322
6076,2634,0.0066531054
6077,65235,0.0028740324
6078,70721,0.0030200463
6079,70275,0.0076103266
6080,113031,0.0014975807
6081,83377,0.010397214
6082,85709,0.002705636
6083,95089,0.046980076
6084,56745,0.0020351268
6085,17109,0.017184164
6086,91428,0.021834597
6087,65099,0.0075364523
6088,50333,0.036231093
6089,43036,0.016324576
6090,23028,0.0015202472
6091,29252,0.010621158
6092,33072,0.011954552
6093,72648,0.007357651
6094,101450,0.002931354
6095,73455,0.007396692
6096,62204,0.0028178282
6097,106277,0.002931354
6098,105056,0.002931354
6099,55566,0.03646234
6100,33063,0.02014425
6101,20380,0.012781196
6102,63400,0.0026188802
6103,81854,0.0015666143
6104,92449,0.011701322
6105,53344,0.002453603
6106,95726,0.05430571
6107,114237,0.0030812097
6108,45373,0.029891824
6109,79711,0.014821278
6110,12634,0.005822002
6111,7468,0.0061890706
6112,11766,0.0033612684
6113,104599,0.007609484
6114,96897,0.013653227
6115,10075,0.008473922
6116,37539,0.0074455
6117,20892,0.012781196
6118,37537,0.06667337
6119,44161,0.0538434
6120,22437,0.0017637569
6121,100243,0.0031772251
6122,61769,0.0056931255
6123,10047,0.022975886
6124,18863,0.002094208
6125,82458,0.002885406
6126,72626,0.0014975807
6127,34764,0.007857064
6128,57588,0.007968679
6129,61215,0.027535327
6130,31245,0.0057980777
6131,59182,0.0026188802
6132,45456,0.009205015
6133,98704,0.010567557
6134,71699,0.014894718
6135,51,0.0030200463
6136,71409,0.010847788
6137,86388,0.011701322
6138,85409,0.0066042594
6139,8364,0.0063057514
6140,90405,0.0028480412
6141,46687,0.006807996
6142,38618,0.0120876925
6143,91440,0.011701322
6144,103144,0.03677475
6145,70489,0.0014975807
6146,27433,0.006400788
6147,70062,0.017313542
6148,76952,0.0012886691
6149,11284,0.010784497
6150,86791,0.002705636
6151,24862,0.04235862
6152,99506,0.053899966
6153,51345,0.03205202
6154,61766,0.021766486
6155,89856,0.0025348978
6156,66242,0.0014532544
6157,21420,0.0026898894
6158,44729,0.018870499
6159,40136,0.0029394678
6160,53562,0.024691269
6161,56611,0.0028740324
6162,97298,0.054126825
6163,88109,0.039908506
6164,47664,0.01255894
6165,29546,0.03205202
6166,27274,0.010001618
6167,67349,0.039925743
6168,34132,0.0037638813
6169,59289,0.006045545
6170,75739,0.040132347
6171,93004,0.03078718
6172,66672,0.002931354
6173,108773,0.002705636
6174,91376,0.007681426
6175,36501,0.00803825
6176,47029,0.0015903247
6177,63347,0.0050720368
6178,20097,0.002094208
6179,50305,0.012514671
6180,84305,0.03737256
6181,50742,0.019235024
6182,5353,0.008355051
6183,97302,0.017887197
6184,75156,0.0026360054
6185,48503,0.011780939
6186,95887,0.0074073
6187,100956,0.029405383
6188,42522,0.0048391502
6189,71021,0.035899885
6190,114413,0.0019972676
6191,57703,0.0033225762
6192,86143,0.0031869553
6193,70956,0.0034349244
6194,49607,0.013363381
6195,110273,0.0068344236
6196,81883,0.0026360054
6197,112642,0.0063867075
6198,83280,0.05430571
6199,7957,0.005623078
6200,10157,0.0031765336
6201,97687,0.011657114
6202,72011,0.0018149752
6203,35664,0.03205202
6204,77099,0.013363381
6205,51462,0.025804454
6206,43893,0.011795676
6207,92120,0.007034461
6208,51681,0.002453603
6209,95898,0.0034349244
6210,32169,0.02014425
6211,69944,0.03799679
6212,16644,0.012781196
6213,86434,0.014379261
6214,77260,0.024537196
6215,75972,0.03205202
6216,99677,0.0100121815
6217,10072,0.016157776
6218,90200,0.03737256
6219,28959,0.0030200463
6220,108911,0.0030200463
6221,8660,0.004757353
6222,59153,0.007935553
6223,37692,0.012261894
6224,93696,0.007903409
6225,45427,0.0030200463
6226,62867,0.0050720368
6227,2426,0.008355051
6228,103428,0.09915209
6229,58935,0.01767445
6230,114437,0.030232986
6231,102309,0.035395592
6232,79393,0.01502339
6233,6123,0.016000383
6234,92739,0.0026454735
6235,80974,0.009659929
6236,115552,0.0014975807
6237,53353,0.0028740324
6238,97901,0.0030363395
6239,1263,0.036231093
6240,44676,0.013549002
6241,6937,0.013713197
6242,99428,0.0040805438
6243,59462,0.010847788
6244,52161,0.013363381
6245,104543,0.046898387
6246,59533,0.0013279824
6247,92346,0.043125764
6248,41403,0.017887197
6249,11814,0.002931931
6250,63183,0.015885983
6251,108685,0.053207587
6252,36771,0.018870499
6253,57745,0.03205202
6254,62405,0.008129057
6255,41905,0.014821278
6256,74255,0.0014975807
6257,99147,0.0023195823
6258,34378,0.013209452
6259,95413,0.006740678
6260,71564,0.011701322
6261,42945,0.024691269
6262,115987,0.0014975807
6263,35506,0.016434142
6264,109475,0.02014425
6265,48361,0.0061711967
6266,79603,0.017996173
6267,10929,0.0031033105
6268,12190,0.023015853
6269,30385,0.02304451
6270,82100,0.04090623
6271,77234,0.013363381
6272,81966,0.021766486
6273,8391,0.007845734
6274,89632,0.0015666143
6275,62726,0.0058584167
6276,75984,0.004404692
6277,7048,0.0031765336
6278,74935,0.035395592
6279,24412,0.02471318
6280,22771,0.004888803
6281,115736,0.03677475
6282,21055,0.0023314152
6283,21940,0.010278062
6284,98425,0.054312814
6285,51739,0.013363381
6286,83540,0.04090623
6287,83853,0.0031913405
6288,98078,0.0025348978
6289,32229,0.014740444
6290,90085,0.03447624
6291,111442,0.036945425
6292,1493,0.024691269
6293,24046,0.008294786
6294,84372,0.013320503
6295,71598,0.005473551
6296,77717,0.0019496081
6297,113102,0.002421818
6298,54004,0.0034876661
6299,23786,0.015118212
6300,94196,0.0068477397
6301,26678,0.008572143
6302,100312,0.05144771
6303,109060,0.0015548919
6304,91441,0.019497646
6305,61794,0.0033073684
6306,17785,0.0014532544
6307,90597,0.002345287
6308,48719,0.045405824
6309,16303,0.0029025506
6310,11685,0.035994284
6311,26646,0.0080197435
6312,34572,0.016434142
6313,96547,0.02014425
6314,95336,0.0077016577
6315,115491,0.013363381
6316,3258,0.14938419
6317,21738,0.0077245506
6318,47822,0.05430571
6319,6344,0.0073290174
6320,26191,0.008801274
6321,107973,0.03857721
6322,77520,0.015150987
6323,101601,0.0026933197
6324,98544,0.0015666143
6325,2584,0.005623078
6326,65773,0.0029354065
6327,35368,0.008388378
6328,106079,0.012103184
6329,76307,0.0029082887
6330,19229,0.03902933
6331,75171,0.002942954
6332,3237,0.023161244
6333,30800,0.0023300014
6334,41948,0.0075317947
6335,44825,0.037164673
6336,62880,0.0076641385
6337,3747,0.0033343947
6338,95478,0.054126825
6339,111592,0.011657114
6340,20316,0.045405824
6341,16735,0.024693923
6342,108258,0.053207587
6343,73140,0.002787786
6344,43161,0.018870499
6345,60865,0.021766486
6346,73690,0.007642601
6347,95890,0.020286372
6348,30626,0.013363381
6349,4128,0.01613039
6350,115289,0.005701048
6351,110797,0.0087579265
6352,40698,0.0036643194
6353,25369,0.0041030846
6354,92864,0.0028178282
6355,20562,0.008311124
6356,19644,0.0015903247
6357,90565,0.020559303
6358,57565,0.012489306
6359,84357,0.0015666143
6360,97336,0.008351307
6361,55192,0.008586913
6362,42127,0.021766486
6363,29254,0.020360973
6364,73705,0.0018149752
6365,59066,0.013313077
6366,89063,0.019738227
6367,107815,0.005091541
6368,102554,0.0078308415
6369,75741,0.03205202
6370,83223,0.0015666143
6371,71193,0.008974107
6372,11931,0.002094208
6373,114917,0.009513028
6374,32927,0.0201032
6375,77024,0.0141508365
6376,59983,0.0031869553
6377,113500,0.0031772251
6378,109574,0.011657114
6379,62040,0.0014975807
6380,79301,0.013653227
6381,79807,0.03737256
6382,78788,0.013363381
6383,70785,0.0064672143
6384,59403,0.047870692
6385,54895,0.006172762
6386,34763,0.029891824
6387,6781,0.007435992
6388,54280,0.008028138
6389,37408,0.007259348
6390,52839,0.020519579
6391,98007,0.046980076
6392,77693,0.0015666143
6393,2001,0.007819192
6394,98686,0.025044097
6395,5513,0.005907898
6396,51177,0.0015202472
6397,44470,0.010431995
6398,70184,0.011701322
6399,52635,0.0014975807
6400,107069,0.0031772251
6401,94957,0.039058484
6402,6716,0.0040854746
6403,84645,0.0014975807
6404,89562,0.0029371476
6405,96089,0.011701322
6406,25502,0.03646234
6407,42970,0.012878094
6408,68415,0.043058597
6409,40862,0.046898387
6410,70643,0.008974107
6411,89952,0.011701322
6412,78802,0.0075655105
6413,70697,0.004029859
6414,27538,0.007867165
6415,1502,0.0067485077
6416,13759,0.00787421
6417,103389,0.052871034
6418,64465,0.0013279824
6419,62732,0.016238391
6420,38899,0.020167459
6421,282,0.008839297
6422,23155,0.0015202472
6423,110373,0.008477296
6424,81196,0.007763724
6425,92724,0.011701322
6426,92693,0.008974107
6427,91248,0.02014425
6428,85609,0.024537196
6429,70606,0.0015666143
6430,57351,0.007573617
6431,11049,0.004757353
6432,15471,0.012781196
6433,110763,0.007684113
6434,57334,0.0022401751
6435,20089,0.010250517
6436,21475,0.0015202472
6437,17885,0.016457707
6438,94950,0.008974107
6439,1870,0.0065249964
6440,85948,0.008974107
6441,2637,0.016301729
6442,113812,0.0071520945
6443,92207,0.008974107
6444,101173,0.002931354
6445,66416,0.0027091918
6446,69798,0.01596527
6447,9232,0.03708255
6448,19046,0.0067052
6449,101437,0.046980076
6450,91821,0.04090623
6451,94284,0.025044097
6452,92800,0.044313025
6453,80395,0.008722195
6454,53357,0.009813624
6455,50923,0.013363381
6456,22247,0.0040854746
6457,111192,0.0025348978
6458,82832,0.021766486
6459,92498,0.0014975807
6460,86689,0.0030200463
6461,59760,0.002931354
6462,31301,0.015313118
6463,90933,0.0015666143
6464,47538,0.0025954216
6465,10629,0.00784212
6466,104909,0.008477296
6467,44641,0.0078049432
6468,53223,0.010244839
6469,36450,0.002885406
6470,62021,0.002453603
6471,4346,0.0161567
6472,91321,0.011701322
6473,66043,0.0029354065
6474,17138,0.0031033105
6475,57895,0.0120876925
6476,99284,0.0147927515
6477,33708,0.0028178282
6478,95338,0.008974107
6479,20371,0.024691269
6480,64832,0.008580559
6481,42532,0.0061711967
6482,107985,0.05377881
6483,104594,0.0014975807
6484,85439,0.0028740324
6485,20151,0.0021860546
6486,73897,0.0014975807
6487,83759,0.011701322
6488,106866,0.009953837
6489,86974,0.0069759437
6490,67206,0.05430571
6491,110078,0.052871034
6492,65056,0.00742542
6493,1657,0.005350717
6494,96630,0.017887197
6495,15339,0.010664755
6496,40392,0.008141885
6497,12164,0.0063741137
6498,44347,0.0030200463
6499,108464,0.03686674
6500,9274,0.010372522
6501,50287,0.008296262
6502,2525,0.016301729
6503,100795,0.036911882
6504,57974,0.013363381
6505,112209,0.05377881
6506,113691,0.0014975807
6507,36344,0.0033612684
6508,69247,0.0038874962
6509,66973,0.05430571
6510,110062,0.008178038
6511,50003,0.0023749098
6512,95640,0.0031772251
6513,46820,0.0015202472
6514,28851,0.0030200463
6515,73171,0.024537196
6516,29749,0.0025348978
6517,114592,0.047870692
6518,109792,0.021869807
6519,43408,0.020939998
6520,71041,0.0117283845
6521,103936,0.013575923
6522,29146,0.03078718
6523,37764,0.007824584
6524,4567,0.01613039
6525,78937,0.012584653
6526,22599,0.0026898894
6527,85471,0.0015666143
6528,39962,0.021834597
6529,10725,0.0076782205
6530,84134,0.0026188802
6531,7770,0.01613039
6532,52591,0.0015666143
6533,53746,0.013363381
6534,87430,0.024691269
6535,29484,0.0081075495
6536,109036,0.0034043104
6537,47052,0.0021298614
6538,53783,0.0051910477
6539,41110,0.0015903247
6540,109110,0.007844205
6541,28024,0.01767445
6542,92662,0.020260625
6543,79076,0.0024864173
6544,61640,0.002931354
6545,8646,0.00793054
6546,97414,0.0026188802
6547,103678,0.003186793
6548,86323,0.05144771
6549,82220,0.0025431737
6550,88990,0.0015666143
6551,115348,0.028570965
6552,108074,0.0015548919
6553,35383,0.008637495
6554,42518,0.006147749
6555,54971,0.013363381
6556,93356,0.019998942
6557,14403,0.006555486
6558,55876,0.007010156
6559,9692,0.008401163
6560,108538,0.020185387
6561,25215,0.011927929
6562,93178,0.011453038
6563,55753,0.015825683
6564,28349,0.003490894
6565,14910,0.0025222362
6566,9393,0.009259234
6567,35544,0.0057954444
6568,19385,0.012781196
6569,77611,0.014562475
6570,109319,0.028426247
6571,37850,0.003490894
6572,3508,0.022975886
6573,52025,0.014821278
6574,26141,0.012621128
6575,79725,0.0029255701
6576,88928,0.011701322
6577,94646,0.00026271178
6578,71049,0.05430571
6579,22252,0.0025042621
6580,30185,0.0031173918
6581,91372,0.0020613188
6582,52220,0.017313542
6583,17768,0.0028178282
6584,11774,0.0022495086
6585,26491,0.0030200463
6586,91243,0.013418978
6587,6863,0.008501562
6588,101736,0.05144771
6589,60787,0.04090623
6590,91867,0.020559303
6591,67109,0.011701322
6592,92891,0.020559303
6593,58989,0.0015666143
6594,111768,0.05377881
6595,76191,0.013952889
6596,33339,0.0023281192
6597,71522,0.0028570541
6598,98584,0.011701322
6599,112465,0.0028178282
6600,1828,0.016301729
6601,83149,0.019998942
6602,37967,0.018870499
6603,29899,0.015403941
6604,17543,0.017887197
6605,31608,0.011954552
6606,50339,0.018870499
6607,4236,0.016554272
6608,75158,0.006737225
6609,8457,0.0060511837
6610,34708,0.018870499
6611,44940,0.008158965
6612,37378,0.035470113
6613,28842,0.011954552
6614,93027,0.01883267
6615,27637,0.007884244
6616,93353,0.05430571
6617,84541,0.05410248
6618,372,0.003948421
6619,87903,0.05430571
6620,90525,0.014843087
6621,75623,0.0050720368
6622,56639,0.04090623
6623,114039,0.0063741137
6624,2787,0.022975886
6625,109749,0.07594495
6626,17943,0.0028178282
6627,70842,0.008974107
6628,2880,0.008355051
6629,11844,0.008373102
6630,18743,0.004113852
6631,102981,0.013320503
6632,50538,0.009380179
6633,47796,0.0031928108
6634,50955,0.0031772251
6635,99541,0.053899966
6636,104675,0.02469319
6637,36706,0.0026188802
6638,114169,0.04090623
6639,41729,0.014821278
6640,21970,0.015071701
6641,84612,0.0015666143
6642,72428,0.010979659
6643,86525,0.023082595
6644,15622,0.04235862
6645,49715,0.003950813
6646,11240,0.0033612684
6647,67482,0.0015202472
6648,38627,0.027976722
6649,32380,0.0015903247
6650,64771,0.0021152445
6651,94065,0.0040805438
6652,93203,0.011657114
6653,86575,0.0068204105
6654,87285,0.016434142
6655,7832,0.008330656
6656,16482,0.0030200463
6657,18698,0.0067052
6658,106909,0.009733503
6659,95519,0.0038766076
6660,100059,0.040500026
6661,103493,0.006772387
6662,78776,0.0014975807
6663,4391,0.0080854
6664,4438,0.0033832586
6665,59729,0.02054627
6666,80587,0.040564727
6667,4091,0.019469082
6668,66920,0.002931354
6669,49719,0.00989513
6670,50628,0.013363381
6671,105046,0.005927146
6672,44427,0.018870499
6673,28251,0.0030200463
6674,11785,0.0130400155
6675,92438,0.03737256
6676,26217,0.015071701
6677,5731,0.004757353
6678,6067,0.0077644
6679,97748,0.010664755
6680,49963,0.0023148167
6681,14692,0.05467665
6682,56751,0.0014975807
6683,52571,0.0014975807
6684,67860,0.005473551
6685,77550,0.006468538
6686,86140,0.024777869
6687,105232,0.0028740324
6688,19014,0.0025042621
6689,82957,0.008247642
6690,52372,0.035395592
6691,96027,0.0028740324
6692,21295,0.012781196
6693,114211,0.010402717
6694,87872,0.0077352272
6695,36012,0.045405824
6696,89909,0.008587336
6697,48053,0.002705636
6698,76662,0.017496003
6699,112951,0.02014425
6700,25500,0.014821278
6701,94784,0.046980076
6702,29867,0.013363381
6703,98694,0.020559303
6704,94057,0.0033073684
6705,82501,0.002416298
6706,22942,0.0030200463
6707,52269,0.015042269
6708,10426,0.0077900696
6709,16052,0.043726638
6710,41680,0.0029307741
6711,19112,0.0031033105
6712,53238,0.021766486
6713,73971,0.0033073684
6714,80172,0.012689653
6715,31737,0.00777938
6716,17905,0.0021704733
6717,45815,0.0022401751
6718,20366,0.013617191
6719,2830,0.022975886
6720,76100,0.025454761
6721,50454,0.0068415
6722,51674,0.013363381
6723,29157,0.010736495
6724,9258,0.0031765336
6725,109634,0.023083359
6726,6701,0.008193457
6727,31114,0.016434142
6728,6371,0.022744821
6729,62375,0.0015666143
6730,41946,0.041144025
6731,111831,0.016521668
6732,5248,0.006915702
6733,18452,0.016533758
6734,87942,0.020559303
6735,20652,0.004960619
6736,3383,0.022975886
6737,49796,0.0021152445
6738,42673,0.018870499
6739,112612,0.0034595942
6740,37272,0.008974107
6741,21413,0.03872169
6742,22525,0.03845318
6743,6343,0.0015202472
6744,69853,0.0025348978
6745,75999,0.007042533
6746,49348,0.021766486
6747,77446,0.008178038
6748,3084,0.016027553
6749,78406,0.0023281192
6750,12721,0.002094208
6751,47570,0.018870499
6752,62862,0.009422745
6753,54998,0.046898387
6754,90193,0.0014975807
6755,61241,0.0014975807
6756,51088,0.0018149752
6757,77907,0.016031291
6758,97091,0.018870499
6759,24698,0.027976722
6760,1474,0.020351714
6761,90201,0.002705636
6762,95043,0.0025348978
6763,109821,0.0017139814
6764,67957,0.0017386912
6765,37345,0.01767445
6766,339,0.0089541385
6767,93650,0.008437652
6768,21570,0.008974107
6769,932,0.0031869553
6770,14751,0.0070737856
6771,11297,0.00820649
6772,30840,0.013363381
6773,88214,0.008722195
6774,45364,0.0084857
6775,91214,0.046898387
6776,69642,0.014843087
6777,39589,0.021766486
6778,54284,0.0020554126
6779,73538,0.0033073684
6780,14760,0.00442373
6781,112600,0.006330494
6782,17139,0.004682747
6783,36172,0.046898387
6784,95575,0.0031869553
6785,18770,0.024691269
6786,75993,0.0040373374
6787,114133,0.038961247
6788,40561,0.021766486
6789,58821,0.0014975807
6790,27708,0.0028178282
6791,39793,0.041105755
6792,4167,0.016000383
6793,81817,0.008974107
6794,50329,0.008178038
6795,106689,0.008477296
6796,98147,0.011657114
6797,19940,0.004716455
6798,105522,0.011657114
6799,47916,0.00816501
6800,109710,0.029098501
6801,38905,0.001681305
6802,56495,0.0015666143
6803,89635,0.018870499
6804,40005,0.014220414
6805,99950,0.011657114
6806,112852,0.0033225762
6807,107330,0.0054383334
6808,14578,0.020307083
6809,55562,0.0201032
6810,112848,0.05377881
6811,86255,0.011701322
6812,11955,0.01422544
6813,60767,0.04131836
6814,77962,0.013363381
6815,72886,0.0015666143
6816,59913,0.021766486
6817,90711,0.020559303
6818,27126,0.004733142
6819,97922,0.008839297
6820,67086,0.002931354
6821,64200,0.0027627202
6822,53927,0.01818908
6823,108629,0.0052157417
6824,63516,0.00523782
6825,10612,0.0053519174
6826,80798,0.037987046
6827,79226,0.02014425
6828,46547,0.032247413
6829,58701,0.07999561
6830,22300,0.004888803
6831,47321,0.011795676
6832,58210,0.0065566665
6833,63055,0.016238391
6834,75377,0.0026360054
6835,40769,0.0015202472
6836,42543,0.0061591156
6837,61280,0.002787786
6838,47494,0.011927929
6839,18245,0.005935825
6840,36485,0.007687582
6841,103084,0.012288552
6842,101370,0.011657114
6843,53686,0.013313077
6844,102310,0.0071583306
6845,18229,0.008007766
6846,32065,0.007758219
6847,85973,0.021766486
6848,43259,0.035395592
6849,40684,0.025804454
6850,27191,0.0030200463
6851,70741,0.013320503
6852,83996,0.00777938
6853,50761,0.021766486
6854,36521,0.016434142
6855,15769,0.01688944
6856,71949,0.008974107
6857,15695,0.0029019779
6858,14129,0.010831449
6859,44751,0.0538434
6860,46594,0.011927929
6861,8968,0.006060195
6862,72429,0.0015666143
6863,107546,0.0053976863
6864,28654,0.011345748
6865,111510,0.011657114
6866,86623,0.0015666143
6867,24398,0.018870499
6868,11301,0.004757353
6869,35191,0.006199221
6870,100126,0.016521668
6871,76657,0.0015666143
6872,20857,0.0030200463
6873,71429,0.01462113
6874,109886,0.0014975807
6875,115551,0.052871034
6876,59172,0.03205202
6877,39833,0.014996826
6878,87039,0.008974107
6879,89467,0.0019429945
6880,88221,0.0028457916
6881,85866,0.008974107
6882,48414,0.033201154
6883,49562,0.008351307
6884,111205,0.004803906
6885,83371,0.018870499
6886,111310,0.0027458563
6887,46210,0.015071701
6888,59910,0.008007766
6889,68298,0.014843087
6890,20990,0.008219875
6891,91457,0.0028740324
6892,106901,0.013331675
6893,92558,0.0014975807
6894,34956,0.0015903247
6895,39478,0.014917249
6896,63142,0.0069658207
6897,33804,0.0076510934
6898,42720,0.0071820887
6899,17396,0.012781196
6900,45217,0.020351714
6901,829,0.010232243
6902,80556,0.0029025506
6903,63039,0.008007766
6904,66274,0.0029354065
6905,80066,0.0073098917
6906,111458,0.047870692
6907,64669,0.0031869553
6908,75669,0.0028178282
6909,80184,0.0196555
6910,12117,0.007968679
6911,669,0.009097594
6912,112404,0.020127105
6913,61980,0.024537196
6914,85037,0.0029371476
6915,16760,0.0077848113
6916,84224,0.002705636
6917,93136,0.021834597
6918,112211,0.0015317097
6919,10561,0.01613039
6920,17117,0.0161567
6921,100363,0.010642058
6922,89056,0.011701322
6923,54601,0.027325926
6924,71655,0.0034717065
6925,1971,0.010310047
6926,103086,0.0014975807
6927,27737,0.0032021408
6928,83736,0.008154397
6929,112842,0.028454639
6930,98063,0.011954552
6931,88619,0.014791633
6932,28088,0.008028138
6933,106567,0.0068517555
6934,27963,0.011954552
6935,106505,0.02304451
6936,8258,0.007824761
6937,49815,0.0065153195
6938,44827,0.0017806522
6939,43646,0.011795676
6940,97418,0.038961247
6941,22057,0.008362826
6942,108857,0.03857721
6943,50498,0.021766486
6944,108945,0.0028178282
6945,112034,0.036749694
6946,22635,0.011927929
6947,93544,0.0015666143
6948,85536,0.009415221
6949,756,0.0055429894
6950,66074,0.002453603
6951,109570,0.001789183
6952,78037,0.040196482
6953,87494,0.05430571
6954,97155,0.002787786
6955,107124,0.0015548919
6956,22265,0.0018411374
6957,50211,0.0031772251
6958,21081,0.017819915
6959,65696,0.007109853
6960,100546,0.038961247
6961,46279,0.012671654
6962,65622,0.002787786
6963,29464,0.0015202472
6964,80999,0.007528602
6965,19009,0.010267764
6966,96289,0.020370513
6967,24709,0.021766486
6968,79011,0.0044325613
6969,48045,0.006136059
6970,114879,0.008477296
6971,11828,0.00701497
6972,30417,0.002931354
6973,24229,0.020939998
6974,21482,0.0018411374
6975,1914,0.008008633
6976,86204,0.008171902
6977,98344,0.0014975807
6978,77483,0.0502881
6979,110908,0.023796896
6980,109084,0.02304451
6981,90527,0.0069760205
6982,43771,0.056530494
6983,83045,0.017887197
6984,113789,0.0069658207
6985,102932,0.0067302715
6986,19456,0.012781196
6987,32984,0.018990442
6988,90256,0.008974107
6989,28162,0.007793199
6990,94544,0.03078718
6991,55106,0.0014975807
6992,69232,0.024691269
6993,49125,0.03564244
6994,92905,0.014843087
6995,35190,0.013363381
6996,31474,0.001681305
6997,44663,0.0059916023
6998,39531,0.011954552
6999,29786,0.0073181596
7000,26922,0.007824584
7001,51786,0.012584653
7002,72211,0.011701322
7003,5081,0.005182003
7004,12545,0.002705636
7005,90713,0.0034717065
7006,114415,0.023786854
7007,56240,0.011994138
7008,67897,0.011701322
7009,112208,0.056530494
7010,88855,0.020559303
7011,48658,0.022965288
7012,73033,0.0015666143
7013,30420,0.013363381
7014,64791,0.0023148167
7015,21635,0.0062463833
7016,93786,0.011657114
7017,32205,0.013363381
7018,77872,0.0028178282
7019,81106,0.021766486
7020,35305,0.0061711967
7021,18206,0.0044766217
7022,33653,0.008104689
7023,22961,0.024537196
7024,76287,0.03205202
7025,10862,0.010750623
7026,26717,0.009511603
7027,16213,0.0031772251
7028,72892,0.0030200463
7029,96593,0.0066606384
7030,64402,0.008974107
7031,115651,0.005950285
7032,69830,0.005370364
7033,92542,0.011701322
7034,6107,0.028986065
7035,41843,0.024088822
7036,97492,0.0022495086
7037,65424,0.0019407654
7038,92451,0.03629702
7039,110780,0.011657114
7040,961,0.016047297
7041,114621,0.006723623
7042,82523,0.05430571
7043,80851,0.017496003
7044,32979,0.02014425
7045,47728,0.0568965
7046,100744,0.021315135
7047,5030,0.0034717065
7048,56420,0.0077932505
7049,43914,0.02014425
7050,97583,0.054312814
7051,32665,0.006735684
7052,27027,0.008974107
7053,24175,0.00014273205
7054,55670,0.0076734377
7055,81306,0.016765073
7056,28813,0.008974107
7057,74104,0.011701322
7058,105482,0.018870499
7059,28919,0.0074216286
7060,56998,0.013363381
7061,97575,0.036945425
7062,15566,0.0028740324
7063,39563,0.008007766
7064,23076,0.002416298
7065,9599,0.005368709
7066,62617,0.024691269
7067,111129,0.0013357004
7068,5320,0.029109659
7069,65656,0.0026188802
7070,27559,0.0063377894
7071,29338,0.013363381
7072,76644,0.011701322
7073,104085,0.0052338312
7074,37255,0.011927929
7075,50552,0.04133766
7076,64651,0.008051527
7077,100810,0.0029025506
7078,33527,0.00640472
7079,26911,0.0017637569
7080,112387,0.011146615
7081,9221,0.005907898
7082,19810,0.0033612684
7083,92866,0.011701322
7084,80635,0.018870499
7085,78038,0.0025348978
7086,89911,0.01873722
7087,66363,0.0014532544
7088,21337,0.0053932904
7089,1641,0.004258279
7090,30373,0.008974107
7091,55414,0.007857064
7092,86401,0.0015666143
7093,34746,0.019441852
7094,37058,0.02014425
7095,113816,0.007832257
7096,48266,0.03799679
7097,7580,0.01905409
7098,52974,0.011190044
7099,87500,0.03841809
7100,35802,0.021766486
7101,78710,0.0028178282
7102,65189,0.0030200463
7103,2148,0.005623078
7104,30312,0.0035845716
7105,85798,0.006737927
7106,78015,0.008156399
7107,55898,0.04090623
7108,89322,0.03799679
7109,8196,0.0033343947
7110,41421,0.020769116
7111,41451,0.006512761
7112,96223,0.05430571
7113,47249,0.046898387
7114,115126,0.037987046
7115,104463,0.036619928
7116,49091,0.0012886691
7117,4770,0.008831626
7118,3520,0.008362826
7119,32645,0.016434142
7120,110207,0.053207587
7121,16434,0.0030200463
7122,25155,0.015071701
7123,99440,0.008477296
7124,84979,0.0029900898
7125,24637,0.021834597
7126,95270,0.0041262032
7127,94632,0.0015666143
7128,85602,0.046898387
7129,102021,0.007879338
7130,31521,5.8625075e-05
7131,1059,0.006022331
7132,39393,0.015071701
7133,25939,0.0015202472
7134,13754,0.002345287
7135,89529,0.0014975807
7136,114729,0.0014315847
7137,47468,0.041105755
7138,85423,0.002942954
7139,107873,0.006007945
7140,103869,0.0015548919
7141,74243,0.021766486
7142,65779,0.0027627202
7143,47016,0.01818908
7144,88404,0.010847788
7145,3478,0.022975886
7146,88151,0.05430571
7147,41061,0.011927929
7148,62942,0.008974107
7149,96642,0.0030200463
7150,4904,0.0033832586
7151,3711,0.0053519174
7152,29953,0.022763347
7153,28220,0.015097311
7154,37271,0.0030200463
7155,11217,0.016103055
7156,107085,0.0023749098
7157,35749,0.0017806522
7158,34312,0.0027627202
7159,106406,0.002097115
7160,51678,0.012421643
7161,108091,0.002705636
7162,46227,0.0019972676
7163,2038,0.005623078
7164,51695,0.0054636155
7165,91335,0.011701322
7166,100100,0.0074320263
7167,36761,0.004381581
7168,33246,0.020231957
7169,54452,0.01767445
7170,48377,0.011900306
7171,79088,0.008392782
7172,58464,0.0015666143
7173,20885,0.0018411374
7174,6968,0.012848171
7175,26965,0.0064214063
7176,38913,0.021181539
7177,85425,0.0018149752
7178,94877,0.053899966
7179,102078,0.0025348978
7180,70043,0.013320503
7181,59098,0.0069022425
7182,71197,0.011701322
7183,65867,0.0029487705
7184,21901,0.008394524
7185,33781,0.03205202
7186,109515,0.01642049
7187,36287,0.016434142
7188,114236,0.010835158
7189,40328,0.003528275
7190,109479,0.006084119
7191,102443,0.0056787245
7192,22415,0.029891824
7193,67868,0.011701322
7194,40722,0.0031878203
7195,97750,0.0028178282
7196,100229,0.020559303
7197,97056,0.0014975807
7198,105547,0.0031023843
7199,7170,0.0034439529
7200,37694,0.008219079
7201,39763,0.0071422746
7202,1628,0.0023749098
7203,39526,0.018870499
7204,46183,0.023338474
7205,106530,0.011657114
7206,57071,0.0077456427
7207,4771,0.011003275
7208,109529,0.052871034
7209,39628,0.0015202472
7210,1442,0.0021768152
7211,58968,0.021766486
7212,25628,0.0030200463
7213,47317,0.0030200463
7214,17623,0.021766486
7215,65008,0.00777938
7216,73491,0.0033073684
7217,11360,0.008171113
7218,38387,0.0022401751
7219,10106,0.007721171
7220,17048,0.002705636
7221,26343,0.016031291
7222,8904,0.016027553
7223,84343,0.014843087
7224,16978,0.0015927152
7225,40867,0.011776345
7226,115516,0.0015548919
7227,56135,0.047870692
7228,63945,0.0025348978
7229,59132,0.0012886691
7230,112964,0.013363381
7231,21588,0.0076384866
7232,9068,0.0080268625
7233,102763,0.0014975807
7234,67192,0.011701322
7235,113158,0.013673964
7236,56954,0.01128012
7237,102407,0.003459785
7238,43791,0.009901327
7239,13839,0.006051906
7240,96470,0.0030200463
7241,36216,0.007826982
7242,16950,0.012781196
7243,114078,0.008144542
7244,40776,0.01818908
7245,242,0.0033832586
7246,82620,0.05430571
7247,9268,0.008261426
7248,23,0.005325525
7249,71980,0.0015666143
7250,57654,0.0027355705
7251,36514,0.013363381
7252,96862,0.0014975807
7253,51443,0.0031869553
7254,114886,0.004594204
7255,95510,0.0022495086
7256,66867,0.01596527
7257,11234,0.005907898
7258,75283,0.0028401762
7259,96177,0.0015666143
7260,66464,0.0031772251
7261,81198,0.013822462
7262,25399,0.007942993
7263,110226,0.007925717
7264,78900,0.0015666143
7265,32285,0.016434142
7266,27405,0.0030200463
7267,8497,0.0060740956
7268,112466,0.0063741137
7269,50583,0.0015202472
7270,106760,0.0027458563
7271,88373,0.020559303
7272,94016,0.040500026
7273,110071,0.008458806
7274,70162,0.047870692
7275,71481,0.0034349244
7276,82328,0.0027627202
7277,95520,0.004122085
7278,40327,0.008974107
7279,111405,0.011657114
7280,1386,0.015030524
7281,112526,0.031099305
7282,102983,0.05430571
7283,64311,0.0026188802
7284,89794,0.018870499
7285,35559,0.016434142
7286,6271,0.016000383
7287,61377,0.0018175737
7288,97929,0.033567425
7289,5203,0.004953245
7290,3966,0.03504938
7291,15367,0.0067485077
7292,59285,0.0034717065
7293,47258,0.082968526
7294,56879,0.0028848355
7295,106974,0.011657114
7296,38215,0.003950813
7297,75056,0.0031772251
7298,107738,0.0066275503
7299,82240,0.0068168165
7300,71022,0.0015666143
7301,115760,0.0063741137
7302,15220,0.0014532544
7303,78396,0.0014975807
7304,3985,0.0053519174
7305,88168,0.02343586
7306,55142,0.0062523712
7307,37263,0.02048798
7308,80830,0.0014975807
7309,64565,0.0031913405
7310,38176,0.011954552
7311,84390,0.021766486
7312,52861,0.0014975807
7313,109921,0.010658961
7314,184,0.0015903247
7315,114684,0.020277366
7316,40229,0.018870499
7317,91279,0.011701322
7318,33181,0.021457676
7319,97970,0.02225562
7320,65542,0.0029354065
7321,70427,0.0018149752
7322,103273,0.0014975807
7323,25682,0.011927929
7324,94302,0.018587764
7325,104433,0.011701322
7326,99883,0.053207587
7327,43663,0.0077025467
7328,110416,0.041696433
7329,51588,0.013363381
7330,4832,0.016000383
7331,85436,0.014379261
7332,65134,0.0072466815
7333,79360,0.003605579
7334,2319,0.007988558
7335,88485,0.0014975807
7336,56795,0.006136059
7337,80767,0.0015666143
7338,76868,0.018870499
7339,85067,0.0015666143
7340,9278,0.008355051
7341,38485,0.008974107
7342,44750,0.047870692
7343,79491,0.0051845456
7344,110073,0.011701322
7345,64776,0.007396692
7346,87206,0.023579514
7347,36659,0.011927929
7348,13039,0.0015903247
7349,11681,0.005157164
7350,64518,0.0019496081
7351,70252,0.05430571
7352,9099,0.0031765336
7353,115213,0.0081630945
7354,92647,0.011701322
7355,84710,0.008974107
7356,108021,0.0017139814
7357,103127,0.0031772251
7358,43214,0.011795676
7359,41223,0.024537196
7360,50515,0.01828142
7361,94551,0.0044042193
7362,65408,0.0023717813
7363,106048,0.0063741137
7364,62160,0.012671654
7365,38765,0.028312553
7366,62092,0.0014975807
7367,99092,0.047870692
7368,79331,0.053899966
7369,17285,0.021766486
7370,69668,0.024691269
7371,74051,0.0014975807
7372,96551,0.038040694
7373,36137,0.018870499
7374,16987,0.0015927152
7375,1902,0.029139537
7376,66905,0.0065292264
7377,46898,0.01252013
7378,99223,0.047870692
7379,42420,0.011795676
7380,39276,0.0028457916
7381,75526,0.047870692
7382,100208,0.023073608
7383,21445,0.0051514544
7384,43383,0.0033612684
7385,115136,0.0039413366
7386,8441,0.034883853
7387,82587,0.011701322
7388,3329,0.016027553
7389,36186,0.035395592
7390,17724,0.002094208
7391,8855,0.015598233
7392,58795,0.006136059
7393,110617,0.003186793
7394,54524,0.014947775
7395,20802,0.036231093
7396,44361,0.019347832
7397,11468,0.0031765336
7398,17454,0.004716455
7399,77580,0.008974107
7400,52479,0.0030200463
7401,71274,0.0033073684
7402,42541,0.0041295653
7403,54800,0.013363381
7404,6450,0.007052811
7405,33625,0.022965288
7406,36891,0.012584653
7407,115709,0.0014975807
7408,9064,0.006984521
7409,76150,0.0015666143
7410,85811,0.014860277
7411,45819,0.011795676
7412,87931,0.0013357004
7413,50605,0.0019407654
7414,98301,0.01818908
7415,19883,0.005790787
7416,51879,0.0030265527
7417,54234,0.017294373
7418,7199,0.004387587
7419,29542,0.0023481515
7420,22576,0.013977945
7421,114460,0.0014315847
7422,70981,0.011701322
7423,74853,0.015264776
7424,43508,0.0026188802
7425,91202,0.0033073684
7426,66610,0.0031869553
7427,86359,0.002931354
7428,111191,0.0063741137
7429,104635,0.021451421
7430,27763,0.016434142
7431,76345,0.0074259853
7432,44285,0.011954552
7433,18637,0.008007766
7434,36977,0.006136059
7435,4419,0.029109659
7436,34354,0.013363381
7437,45069,0.011795676
7438,29019,0.016434142
7439,27705,0.009081453
7440,427,0.003950813
7441,58261,0.05430571
7442,103240,0.0029639504
7443,89113,0.011701322
7444,102861,0.0026705943
7445,23846,0.02371188
7446,52756,0.035159584
7447,26449,0.020274134
7448,112448,0.036747385
7449,46813,0.0058175544
7450,20531,0.0067286305
7451,20749,0.05439358
7452,18759,0.004716455
7453,98145,0.0068740216
7454,34806,0.018870499
7455,45788,0.019209404
7456,69371,0.03078718
7457,9422,0.008249085
7458,3786,0.016000383
7459,64144,0.002931354
7460,109167,0.011701322
7461,24810,0.009153382
7462,17273,0.026155245
7463,22486,0.008127145
7464,113441,0.0022495086
7465,56005,0.03737256
7466,17235,0.0021550006
7467,40510,0.03205202
7468,92708,0.0015666143
7469,7282,0.011544348
7470,62795,0.040132347
7471,65493,0.007165617
7472,105334,0.018870499
7473,114902,0.008785522
7474,43461,0.006147749
7475,76555,0.008161338
7476,93288,0.03799679
7477,88936,0.0015425641
7478,78168,0.0030592924
7479,24144,0.002931354
7480,103735,0.0014975807
7481,114216,0.04090623
7482,47003,0.010847788
7483,85542,0.011701322
7484,86228,0.008273206
7485,35744,0.002453603
7486,7141,0.0033343947
7487,37047,0.011481454
7488,55380,0.040760215
7489,100570,0.0034717065
7490,35638,0.019876167
7491,593,0.01057425
7492,103202,0.0063741137
7493,105774,0.008477296
7494,79862,0.0117283845
7495,3437,0.013713197
7496,9214,0.008330656
7497,46005,0.0025954216
7498,75646,0.013928722
7499,104541,0.007687582
7500,98378,0.0025348978
7501,104688,0.0023459767
7502,60724,0.043058597
7503,95539,0.0031772251
7504,31462,0.0014975807
7505,114692,0.0014102382
7506,102702,0.010847788
7507,385,0.006906411
7508,67601,0.0015666143
7509,87071,0.012443968
7510,115184,0.0022793664
7511,32667,0.03205202
7512,13458,0.046898387
7513,1487,0.007831068
7514,39813,0.02506695
7515,47554,0.011175517
7516,60603,0.014347224
7517,24664,0.0020972067
7518,53242,0.0061947335
7519,92407,0.0014975807
7520,100029,0.011657114
7521,112033,0.05377881
7522,111733,0.002705636
7523,100542,0.02343586
7524,28809,0.01818908
7525,31757,0.011954552
7526,104598,0.0025348978
7527,71221,0.0014975807
7528,61522,0.012781196
7529,83937,0.043058597
7530,99390,0.008038923
7531,10879,0.035994284
7532,19264,0.0051840413
7533,6817,0.00823505
7534,56616,0.02054627
7535,73844,0.008042665
7536,100110,0.011701322
7537,34539,0.0015202472
7538,58435,0.043058597
7539,36219,0.03078718
7540,82023,0.0064388015
7541,94109,0.002094208
7542,115079,0.02014425
7543,45001,0.016210878
7544,18962,0.0019496081
7545,8410,0.011927929
7546,86837,0.0027758465
7547,53239,0.01642049
7548,74913,0.013822462
7549,49994,0.01785898
7550,73746,0.0014975807
7551,79934,0.0029435349
7552,111754,0.05377881
7553,51671,0.02939892
7554,16783,0.029891824
7555,59354,0.0033073684
7556,84284,0.035395592
7557,18584,0.003948421
7558,96617,0.0023749098
7559,51360,0.011780939
7560,78459,0.0095532695
7561,48109,0.002416298
7562,9613,0.029109659
7563,56619,0.03205202
7564,91901,0.011701322
7565,65757,0.008209153
7566,58636,0.021766486
7567,107723,0.0028740324
7568,111686,0.0014081206
7569,15356,0.0067485077
7570,52896,0.0014975807
7571,33644,0.011927929
7572,95328,0.013653227
7573,11305,0.005620348
7574,70646,0.0018149752
7575,68963,0.0018149752
7576,23835,0.01698871
7577,42121,0.021766486
7578,42821,0.015071701
7579,26818,0.03205202
7580,73273,0.10414726
7581,76530,0.024537196
7582,66440,0.0029354065
7583,12098,0.002787786
7584,60151,0.05430571
7585,5769,0.0033832586
7586,74774,0.047870692
7587,82980,0.014843087
7588,7576,0.0061849044
7589,28564,0.024261633
7590,42583,0.023793621
7591,25270,0.014821278
7592,70316,0.012436083
7593,105772,0.03899658
7594,29391,0.0033612684
7595,108595,0.0147927515
7596,83334,0.0056373575
7597,91717,0.05430571
7598,19065,0.0026898894
7599,66977,0.0073300577
7600,53729,0.0015666143
7601,47397,0.012294796
7602,3026,0.016301729
7603,91105,0.0136193745
7604,15501,0.055099305
7605,62593,0.0015666143
7606,64185,0.0026188802
7607,111229,0.003099047
7608,27351,0.0026188802
7609,40486,0.007868889
7610,50362,0.040760215
7611,29041,0.013363381
7612,63803,0.002453603
7613,115046,0.008477296
7614,43080,0.014917249
7615,92761,0.0023195823
7616,30410,0.016377265
7617,83460,0.02014425
7618,27543,0.011954552
7619,23827,0.007658472
7620,31214,0.015097311
7621,40516,0.013020367
7622,51973,0.035159584
7623,63536,0.0026797059
7624,48276,0.011701322
7625,38106,0.008355051
7626,71090,0.0029604395
7627,48458,0.0014975807
7628,61499,0.0023300014
7629,58175,0.008007766
7630,66382,0.002416298
7631,47886,0.0029354065
7632,67867,0.0014975807
7633,41767,0.012499519
7634,24063,0.011927929
7635,92342,0.008443898
7636,60538,0.007391537
7637,12468,0.008161338
7638,80290,0.016521668
7639,20161,0.010079143
7640,46107,0.026229994
7641,22848,0.014917249
7642,95446,0.0014975807
7643,107407,0.00557888
7644,73680,0.0014975807
7645,49508,0.010410402
7646,36876,0.016031291
7647,9321,0.022783171
7648,48365,0.040132347
7649,37442,0.0034709398
7650,86898,0.0030200463
7651,38393,0.03205202
7652,105737,0.007907126
7653,4525,0.004953245
7654,57603,0.037406508
7655,103056,0.0058736443
7656,102825,0.0015666143
7657,9992,0.019105727
7658,85876,0.0017386912
7659,53117,0.03973732
7660,85729,0.011701322
7661,103620,0.016510282
7662,112995,0.0026188802
7663,37078,0.014151196
7664,70434,0.013253106
7665,96002,0.007457176
7666,47997,0.0015903247
7667,101442,0.0147927515
7668,102735,0.02014425
7669,13787,0.036231093
7670,58268,0.0014975807
7671,73386,0.002705636
7672,30689,0.011954552
7673,107701,0.0015666143
7674,78969,0.0026377246
7675,63507,0.0033028463
7676,113454,0.0028457916
7677,91408,0.020559303
7678,78161,0.013363381
7679,9649,0.0031911405
7680,113976,0.006563379
7681,56928,0.0025348978
7682,59336,0.01818908
7683,18563,0.0033343947
7684,81692,0.0031023843
7685,77578,0.0027172612
7686,73185,0.024537196
7687,105798,0.0063741137
7688,35237,0.029891824
7689,89796,0.020559303
7690,21160,0.0031869553
7691,64134,0.0077352272
7692,115715,0.0015548919
7693,77970,0.0034717065
7694,68377,0.01818908
7695,67524,0.0014975807
7696,56844,0.05430571
7697,72990,0.0034349244
7698,86579,0.0068694
7699,98713,0.054126825
7700,26984,0.016238391
7701,33111,0.006496562
7702,37630,0.015019466
7703,112745,0.037361573
7704,109701,0.021181539
7705,13130,0.0130400155
7706,111311,0.008557833
7707,94672,0.006180717
7708,106323,0.0076842615
7709,5219,0.008007766
7710,73804,0.021945333
7711,22814,0.0066531054
7712,39963,0.0015903247
7713,46003,0.011954552
7714,113681,0.0017386912
7715,95842,0.011657114
7716,115023,0.054312814
7717,96402,0.05430571
7718,33689,0.006496562
7719,24861,0.031516593
7720,52788,0.016377265
7721,65359,0.0077847857
7722,54946,0.0034717065
7723,55046,0.024691269
7724,77659,0.007794847
7725,6558,0.0067572673
7726,81327,0.0060508624
7727,75407,0.007779329
7728,30578,0.0104911
7729,971,0.0048419093
7730,26334,0.0027627202
7731,65196,0.008201978
7732,2519,0.004953245
7733,36492,0.036264043
7734,45527,0.011927929
7735,30599,0.013363381
7736,60059,0.003125569
7737,9752,0.0031765336
7738,78571,0.0027627202
7739,35493,0.0015202472
7740,75301,0.047870692
7741,35839,0.013363381
7742,53428,0.0061947335
7743,96219,0.01596527
7744,53177,0.016467914
7745,88419,0.0045728614
7746,106717,0.014766638
7747,10852,0.0043650316
7748,71521,0.008742714
7749,18644,0.007864092
7750,97365,0.0022793664
7751,1129,0.021181539
7752,24194,0.006035064
7753,111469,0.014166311
7754,56800,0.0014975807
7755,46024,0.026076557
7756,102115,0.05430571
7757,3358,0.012210945
7758,10858,0.007259412
7759,113214,0.0027627202
7760,7849,0.004757353
7761,67177,0.014843087
7762,69305,0.0014975807
7763,17301,0.005177794
7764,727,0.022975886
7765,104938,0.05377881
7766,103379,0.016434142
7767,20200,0.021766486
7768,52028,0.006566644
7769,65929,0.0031869553
7770,80490,0.0031772251
7771,95788,0.032247413
7772,67116,0.019235024
7773,52676,0.021766486
7774,70804,0.0030200463
7775,31625,0.03855454
7776,16819,0.0031869553
7777,26248,0.024895936
7778,36667,0.0028740324
7779,53026,0.002453603
7780,36531,0.0117283845
7781,10653,0.0080854
7782,103459,0.0027482088
7783,41204,0.01818908
7784,48220,0.0015666143
7785,60526,0.017887197
7786,53132,0.008974107
7787,4948,0.0033832586
7788,30606,0.016625142
7789,102241,0.023743581
7790,23357,0.045405824
7791,44812,0.008974107
7792,5532,0.007323891
7793,25459,0.007010156
7794,1497,0.006704943
7795,59511,0.013939492
7796,105549,0.0126754185
7797,8564,0.004258279
7798,83802,0.044313025
7799,21358,0.0026898894
7800,94028,0.014148402
7801,114644,0.0062640584
7802,104235,0.037169185
7803,10032,0.0027047533
7804,25326,0.0058438657
7805,74744,0.0028178282
7806,33994,0.01306415
7807,44605,0.014821278
7808,6354,0.0035057317
7809,34398,0.013363381
7810,69849,0.010879618
7811,32614,0.016238391
7812,60269,0.010847788
7813,80349,0.011701322
7814,45460,0.017204018
7815,109685,0.02304451
7816,103502,0.0014975807
7817,17676,0.0051694103
7818,85271,0.016761128
7819,50727,0.013035897
7820,40652,0.03777403
7821,43444,0.0026188802
7822,18984,0.046898387
7823,100031,0.04474097
7824,87342,0.0028457916
7825,98841,0.016715154
7826,69901,0.0018149752
7827,36299,0.0058272425
7828,13840,0.014379261
7829,85952,0.0015666143
7830,68676,0.006496562
7831,1594,0.008355051
7832,1707,0.0130400155
7833,75372,0.0030015907
7834,73704,0.0014975807
7835,37882,0.014821278
7836,81471,0.0034717065
7837,85691,0.014843087
7838,19665,0.0025585673
7839,100871,0.008722195
7840,63528,0.0054736333
7841,90811,0.011701322
7842,108761,0.008477296
7843,49391,0.013363381
7844,77742,0.023005722
7845,29685,0.011954552
7846,48816,0.0014975807
7847,96146,0.017484343
7848,105655,0.0015548919
7849,32395,0.016649442
7850,68174,0.04131836
7851,98331,0.012170119
7852,102010,0.02636131
7853,49514,0.011001481
7854,35338,0.009330666
7855,77688,0.0019407654
7856,35195,0.006178559
7857,14153,0.008974107
7858,35170,0.0034160416
7859,14923,0.009571141
7860,68428,0.03737256
7861,78736,0.0056271506
7862,32954,0.011954552
7863,58357,0.01818908
7864,3487,0.008008633
7865,85789,0.013320503
7866,9046,0.008351307
7867,48918,0.006136059
7868,63402,0.012781196
7869,75103,0.002942954
7870,51124,0.0061947335
7871,86979,0.013363381
7872,30899,0.003325652
7873,5528,0.01386769
7874,62227,0.011954552
7875,69016,0.006496562
7876,9171,0.006752261
7877,17561,0.004716455
7878,81544,0.03628678
7879,108318,0.0015432577
7880,37934,0.008044644
7881,22287,0.053891882
7882,103303,0.0014975807
7883,95745,0.0064701415
7884,78734,0.05430571
7885,19938,0.002094208
7886,2192,0.007848556
7887,102353,0.008325572
7888,101594,0.0034661004
7889,52288,0.029254962
7890,42380,0.021181539
7891,4684,0.003410524
7892,4690,0.016000383
7893,46968,0.009969828
7894,39313,0.011927929
7895,35341,0.0015202472
7896,42249,0.007404363
7897,38071,0.0110092135
7898,63335,0.0015666143
7899,1448,0.050191987
7900,28555,0.009867013
7901,34707,0.016434142
7902,115754,0.011701322
7903,105691,0.036231093
7904,2672,0.028871667
7905,96568,0.016521668
7906,32097,0.01818908
7907,79412,0.0029943674
7908,14108,0.012781196
7909,75002,0.002942954
7910,20384,0.009864474
7911,27855,0.007988558
7912,51796,0.016434142
7913,8326,0.008969722
7914,26322,0.011927929
7915,33887,0.007959547
7916,31139,0.013363381
7917,112084,0.007843314
7918,8319,0.005907898
7919,29781,0.0015202472
7920,76364,0.0068775867
7921,4285,0.0046629068
7922,30510,0.013363381
7923,32009,0.011954552
7924,3853,0.003223094
7925,95116,0.008231507
7926,54875,0.021766486
7927,19164,0.046898387
7928,25608,0.020939998
7929,26776,0.0119695645
7930,13963,0.012421643
7931,59152,0.007935553
7932,101394,0.019565145
7933,78989,0.0014975807
7934,2669,0.011364494
7935,17217,0.0031772251
7936,21471,0.0026463368
7937,114396,0.0031772251
7938,77848,0.011954552
7939,2408,0.008414489
7940,6795,0.013344571
7941,49000,0.002453603
7942,53748,0.007292121
7943,65521,0.0022495086
7944,57709,0.036388777
7945,39147,0.007978271
7946,83013,0.0029546
7947,87316,0.04090623
7948,10358,0.020227611
7949,10062,0.016081387
7950,37164,0.047870692
7951,67149,0.0025348978
7952,112050,0.0014975807
7953,723,0.014821278
7954,84036,0.026155245
7955,92841,0.0022495086
7956,25312,0.0119695645
7957,107793,0.0014081206
7958,82509,0.0023495986
7959,49260,0.0030200463
7960,110019,0.0071583306
7961,77201,0.01642049
7962,8888,0.0058299894
7963,111669,0.007319999
7964,36434,0.046898387
7965,8355,0.029109659
7966,91791,0.0028178282
7967,10288,0.016000383
7968,71047,0.0028480412
7969,22701,0.0017637569
7970,69027,0.011701322
7971,110531,0.010170478
7972,50165,0.025030723
7973,45141,0.0061711967
7974,76127,0.035395592
7975,107258,0.046980076
7976,13536,0.0031023843
7977,27335,0.0076367846
7978,61061,0.013363381
7979,101069,0.054126825
7980,86387,0.0031869553
7981,14416,0.0028740324
7982,6166,0.0033612684
7983,48554,0.007010156
7984,17234,0.0032021408
7985,99054,0.054126825
7986,61160,0.021766486
7987,34994,0.008974107
7988,102960,0.011701322
7989,72168,0.0014975807
7990,57764,0.010847788
7991,38787,0.007942348
7992,103350,0.011657114
7993,65587,0.007183565
7994,18818,0.0029943674
7995,45011,0.046898387
7996,32208,0.004381581
7997,45101,0.002931354
7998,56215,0.015228013
7999,21717,0.00615934
8000,113415,0.01818908
8001,7773,0.0073290174
8002,33252,0.02014425
8003,37744,0.040760215
8004,39267,0.030105015
8005,98210,0.008493776
8006,11417,0.008355051
8007,51525,0.021874467
8008,77195,0.0029088627
8009,36077,0.0117283845
8010,38932,0.0060881088
8011,23579,0.0117283845
8012,74310,0.01583514
8013,35228,0.013363381
8014,87428,0.016434142
8015,20660,0.018870499
8016,13280,0.0120876925
8017,50248,0.0015903247
8018,79306,0.0073433993
8019,74959,0.024537196
8020,19858,0.0031869553
8021,588,0.0026898894
8022,2936,0.0070396126
8023,10521,0.016103055
8024,79504,0.0034349244
8025,58678,0.0026188802
8026,13971,0.046898387
8027,41373,0.006206534
8028,31160,0.006136059
8029,115286,0.005614563
8030,22928,0.03205202
8031,47551,0.0015202472
8032,88028,0.0018149752
8033,43124,0.007763834
8034,91668,0.047870692
8035,26200,0.0015202472
8036,102223,0.020296253
8037,79044,0.047870692
8038,78207,0.0034349244
8039,27629,0.00740592
8040,65970,0.007857064
8041,108540,0.007980596
8042,53701,0.0028740324
8043,111295,0.020540219
8044,105323,0.008974107
8045,10234,0.0080854
8046,21131,0.0201032
8047,27909,0.011954552
8048,114867,0.0023281192
8049,61743,0.03799679
8050,78840,0.007724427
8051,46672,0.011927929
8052,41793,0.03205202
8053,38980,0.0015202472
8054,39647,0.011927929
8055,108039,0.05377881
8056,27198,0.024088822
8057,54877,0.008974107
8058,88998,0.05430571
8059,66621,0.050385565
8060,71128,0.014821278
8061,104888,0.0063741137
8062,69348,0.011701322
8063,47496,0.008974107
8064,8130,0.008169768
8065,98257,0.02014425
8066,111023,0.0014975807
8067,3230,0.029139537
8068,111657,0.0031023843
8069,6819,0.0080854
8070,15311,0.008311124
8071,81445,0.010847788
8072,27311,0.0031869386
8073,103387,0.006298313
8074,38914,0.012672757
8075,104478,0.0147927515
8076,61646,0.0030200463
8077,21552,0.012781196
8078,37643,0.026261536
8079,99773,0.011657114
8080,77735,0.0034349244
8081,109103,0.007401203
8082,55558,0.014917249
8083,94352,0.013363381
8084,76630,0.0022495086
8085,68590,0.021766486
8086,69494,0.026155245
8087,96530,0.0026188802
8088,91371,0.0028178282
8089,20810,0.006588773
8090,9443,0.020227611
8091,58047,0.0031772251
8092,6092,0.18091677
8093,19579,0.008072237
8094,23099,0.002416298
8095,20474,0.0025042621
8096,103863,0.02014425
8097,24702,0.03078718
8098,111180,0.0073327264
8099,66324,0.006571408
8100,109143,0.0077512083
8101,24744,0.011927929
8102,111677,0.011657114
8103,87120,0.011780939
8104,18717,0.0028740324
8105,7916,0.0033343947
8106,51064,0.023743581
8107,33955,0.013320503
8108,50824,0.013363381
8109,19705,0.0026898894
8110,75960,0.0014975807
8111,30177,0.0031869553
8112,14491,0.01818908
8113,36153,0.016434142
8114,36008,0.007763834
8115,2576,0.0161567
8116,1515,0.0044988515
8117,91225,0.026488168
8118,33973,0.006551556
8119,30015,0.0076836436
8120,115560,0.0015548919
8121,62150,0.03799679
8122,111308,0.0015432577
8123,30339,0.02014425
8124,86688,0.0034717065
8125,107773,0.03677475
8126,30749,0.0015202472
8127,39474,0.045405824
8128,39748,0.0070874463
8129,6173,0.0073290174
8130,9220,0.008124677
8131,13247,0.05467665
8132,6237,0.007840762
8133,23188,0.002416298
8134,63490,0.0015666143
8135,105887,0.001789183
8136,63009,0.011954552
8137,40399,0.01524711
8138,714,0.0031090663
8139,85255,0.007831517
8140,63591,0.0028457916
8141,40220,0.007223399
8142,21858,0.0059855934
8143,86825,0.0029476464
8144,78586,0.044313025
8145,62020,0.03737256
8146,83125,0.002297739
8147,12281,0.008007766
8148,38805,0.011927929
8149,36117,0.013779407
8150,26144,0.01818908
8151,78300,0.024537196
8152,56085,0.047870692
8153,67495,0.019570332
8154,30284,0.002931354
8155,108095,0.006094812
8156,24149,0.003528275
8157,30588,0.010847788
8158,11206,0.005907898
8159,26859,0.004957383
8160,105363,0.0015666143
8161,4312,0.010067526
8162,2091,0.010255468
8163,40687,0.007852705
8164,19747,0.0050031673
8165,30024,0.013363381
8166,48585,0.0028740324
8167,89991,0.0031869553
8168,98444,0.0069888914
8169,24310,0.008974107
8170,63631,0.00787722
8171,94173,0.020422705
8172,111063,0.009351891
8173,94679,0.020559303
8174,102841,0.0014975807
8175,105051,0.011657114
8176,63997,0.021181539
8177,4927,0.016000383
8178,35407,0.0015903247
8179,44188,0.0062741674
8180,21799,0.0066087875
8181,65923,0.0029354065
8182,25316,0.0070725866
8183,58284,0.0042377925
8184,92766,0.036945425
8185,4416,0.038310543
8186,91536,0.008014052
8187,72056,0.013363381
8188,110629,0.054312814
8189,41468,0.04883671
8190,64291,0.008055977
8191,61851,0.00764234
8192,79882,0.026682893
8193,23917,0.014821278
8194,50569,0.0028740324
8195,24053,0.0117283845
8196,57292,0.0076510934
8197,64346,0.002345287
8198,58900,0.00891335
8199,55565,0.020135997
8200,109632,0.03685604
8201,113792,0.053207587
8202,111351,0.0063741137
8203,59856,0.0031772251
8204,26009,0.008390893
8205,54123,0.004702347
8206,84866,0.008758763
8207,63854,0.002931354
8208,108052,0.0031772251
8209,40134,0.016238391
8210,56437,0.006218357
8211,43861,0.008974107
8212,48215,0.0028740324
8213,12477,0.013211751
8214,103205,0.02909459
8215,19394,0.024691269
8216,29049,0.040760215
8217,3659,0.010321205
8218,15463,0.0021704733
8219,64710,0.002787786
8220,63334,0.009978902
8221,43964,0.011927929
8222,84681,0.03205202
8223,17670,0.0072636856
8224,112439,0.0076902667
8225,34235,0.0041030846
8226,66789,0.021766486
8227,98502,0.02014425
8228,45697,0.008028138
8229,64385,0.002931354
8230,95776,0.008151077
8231,27609,0.0012886691
8232,60728,0.021766486
8233,28605,0.01982323
8234,103301,0.036619928
8235,75495,0.0062166536
8236,114795,0.004346429
8237,10940,0.011841264
8238,70198,0.010196312
8239,102005,0.0034717065
8240,89069,0.0014975807
8241,45637,0.00803825
8242,3727,0.0073290174
8243,39678,0.0061671743
8244,28593,0.0066596474
8245,113194,0.030294087
8246,61421,0.0015666143
8247,87985,0.009089507
8248,113776,0.007869392
8249,53030,0.01767445
8250,34510,0.0015202472
8251,43311,0.0028740324
8252,100032,0.053899966
8253,115353,0.0029943674
8254,49554,0.021766486
8255,101578,0.0020554126
8256,115673,0.006185722
8257,19420,0.002931354
8258,91208,0.014843087
8259,11274,0.007988558
8260,19931,0.0015903247
8261,44819,0.0015432577
8262,108099,0.017053524
8263,52587,0.008248453
8264,32253,0.013363381
8265,88856,0.016328467
8266,69292,0.021766486
8267,70594,0.0014975807
8268,30121,0.016434142
8269,2024,0.038392194
8270,81849,0.008974107
8271,31616,0.007857161
8272,65942,0.002931354
8273,98376,0.054126825
8274,49774,0.002705636
8275,113364,0.052871034
8276,71637,0.021766486
8277,35152,0.0060414663
8278,780,0.005953343
8279,82285,0.0028457916
8280,64009,0.002931354
8281,13234,0.0015202472
8282,103375,0.008017502
8283,105570,0.0031772251
8284,1374,0.0067485077
8285,113645,0.01818908
8286,82717,0.0031869386
8287,87656,0.002705636
8288,68432,0.020351714
8289,66373,0.0025348978
8290,16116,0.012781196
8291,99688,0.006248607
8292,3289,0.003410524
8293,82000,0.0019496081
8294,57971,0.0071251993
8295,97734,0.03961092
8296,40962,0.008974107
8297,54827,0.021766486
8298,22352,0.0015903247
8299,48541,0.012374655
8300,6425,0.00442373
8301,97576,0.0023195823
8302,49093,0.016434142
8303,96309,0.008165998
8304,106535,0.03677475
8305,33369,0.020274134
8306,53163,0.015541372
8307,65238,0.0026103575
8308,32035,0.0031869553
8309,112175,0.02014425
8310,104544,0.046980076
8311,72876,0.0022495086
8312,9763,0.00800413
8313,633,0.013011
8314,11557,0.010338164
8315,93376,0.012824003
8316,29174,0.013363381
8317,59972,0.021181539
8318,86484,0.0026188802
8319,4589,0.008261426
8320,13590,0.0051043155
8321,81371,0.016434142
8322,487,0.007702991
8323,346,0.011954552
8324,18973,0.0031772251
8325,58953,0.0076306653
8326,44985,0.01818908
8327,74021,0.015781725
8328,73292,0.01386769
8329,13584,0.0033612684
8330,95524,0.018735863
8331,41635,0.021766486
8332,10710,0.005623078
8333,32019,0.0030200463
8334,29526,0.0014856247
8335,86765,0.0014975807
8336,83403,0.0031913405
8337,73148,0.014073655
8338,62341,0.018870499
8339,49615,0.019888451
8340,78490,0.008109367
8341,34332,0.013363381
8342,19790,0.0201032
8343,105853,0.014821278
8344,83006,0.008911312
8345,77159,0.0028740324
8346,21441,0.002931354
8347,23977,0.035470113
8348,83733,0.002931354
8349,3694,0.016301729
8350,23173,0.0022082692
8351,24879,0.0021152445
8352,93452,0.018226296
8353,31208,0.0031693878
8354,35302,0.0017637569
8355,76014,0.021766486
8356,65386,0.0031869553
8357,40794,0.029828146
8358,103700,0.0059956275
8359,8854,0.0053519174
8360,111025,0.006271103
8361,60140,0.013363381
8362,34761,0.0028740324
8363,113405,0.002705636
8364,66290,0.0014532544
8365,94827,0.027325926
8366,70854,0.011701322
8367,35280,0.013363381
8368,65267,0.008116473
8369,32485,0.008904084
8370,45451,0.029254962
8371,46836,0.002931354
8372,83997,0.005640625
8373,108092,0.0033073684
8374,36603,0.013363381
8375,74991,0.004882972
8376,58745,0.0031772251
8377,93681,0.0014975807
8378,21058,0.0015666143
8379,20759,0.015885983
8380,94422,0.01462113
8381,17915,0.025030723
8382,114784,0.0031831297
8383,9582,0.009092694
8384,80846,0.0026360054
8385,62450,0.021457676
8386,107768,0.008477296
8387,47533,0.010316072
8388,67838,0.008974107
8389,59649,0.026229994
8390,29573,0.008239518
8391,79260,0.02054627
8392,14844,0.0023314152
8393,74445,0.002931354
8394,2839,0.02304451
8395,92259,0.011701322
8396,92781,0.00790804
8397,1095,0.016000383
8398,26947,0.011954552
8399,93415,0.03737256
8400,92479,0.0033073684
8401,38520,0.002705636
8402,68130,0.036911882
8403,9416,0.0043650316
8404,49188,0.002714043
8405,36519,0.0030200463
8406,71533,0.03799679
8407,86040,0.018870499
8408,99744,0.016003432
8409,64482,0.0074129826
8410,21325,0.016794471
8411,47827,0.0015666143
8412,3780,0.003615053
8413,87802,0.05430571
8414,22202,0.014821278
8415,2074,0.0077361893
8416,71951,0.0014708253
8417,80629,0.04090623
8418,41081,0.0073176324
8419,38361,0.013675906
8420,99633,0.0015666143
8421,63954,0.0054736333
8422,113551,0.0016388249
8423,73941,0.0018858586
8424,17642,0.053895924
8425,54213,0.013313077
8426,18768,0.0026898894
8427,15437,0.017085638
8428,43537,0.007361748
8429,78964,0.007396692
8430,115455,0.0024864173
8431,42366,0.013121383
8432,76443,0.0023556498
8433,98452,0.046980076
8434,34328,0.006136059
8435,83183,0.0029255701
8436,84072,0.018870499
8437,104443,0.018986482
8438,93351,0.011657114
8439,81868,0.008307925
8440,44126,0.0064932574
8441,15836,0.0068458063
8442,76497,0.0051358873
8443,8231,0.0055428734
8444,44166,0.011954552
8445,85105,0.014464837
8446,44532,0.020939998
8447,73221,0.03799679
8448,64534,0.0029546
8449,54266,0.013363381
8450,8862,0.00579099
8451,66833,0.05430571
8452,113511,0.0067637446
8453,35770,0.021766486
8454,38897,0.003528275
8455,109974,0.046980076
8456,85086,0.01642049
8457,41125,0.0054383334
8458,27233,0.016238391
8459,17415,0.010847788
8460,29978,0.013363381
8461,86398,0.021766486
8462,9935,0.0039192443
8463,43342,0.012274021
8464,112397,0.013563484
8465,99244,0.007978271
8466,61486,0.021766486
8467,51598,0.021766486
8468,60907,0.03799679
8469,5194,0.010188501
8470,79267,0.0027901384
8471,76052,0.0015666143
8472,14501,0.0014532544
8473,100838,0.008532293
8474,92993,0.05430571
8475,7007,0.0059259995
8476,26536,0.010668201
8477,94131,0.0034349244
8478,84753,0.0057980777
8479,87965,0.0026368657
8480,58818,0.010220789
8481,42161,0.0015432577
8482,34875,0.0015202472
8483,34216,0.016434142
8484,29551,0.002931354
8485,114954,0.0023148002
8486,35473,0.002714043
8487,5824,0.00800413
8488,62521,0.04090623
8489,34102,0.019976968
8490,7400,0.020227611
8491,3700,0.010255468
8492,58337,0.047870692
8493,111624,0.00012253979
8494,109488,0.01193441
8495,83301,0.01596527
8496,42652,0.0015903247
8497,80397,0.012835659
8498,37772,0.008028138
8499,83157,0.0031174393
8500,20798,0.0075402334
8501,12276,0.024691269
8502,38719,0.0119695645
8503,108320,0.05377881
8504,114431,0.016521668
8505,36586,0.03205202
8506,46490,0.0015202472
8507,37358,0.003528275
8508,47627,0.003528275
8509,36246,0.021766486
8510,57194,0.017969947
8511,65508,0.002931354
8512,93424,0.0064256336
8513,87671,0.008214707
8514,48347,0.0028740324
8515,63908,0.0070302887
8516,65917,0.0019407654
8517,109653,0.018986482
8518,82616,0.015760275
8519,39035,0.008106695
8520,111957,0.016434142
8521,83010,0.0073720487
8522,82401,0.0015666143
8523,84145,0.02208695
8524,61369,0.0024939207
8525,33028,0.0033612684
8526,5115,0.0033832586
8527,77675,0.021333251
8528,41747,0.0061711967
8529,33002,0.015097311
8530,102095,0.01596527
8531,56225,0.03205202
8532,32577,0.015097311
8533,79319,0.0022495086
8534,85799,0.017496003
8535,25539,0.0020554126
8536,79682,0.05430571
8537,76546,9.027454e-05
8538,23324,0.023657085
8539,44717,0.0022401751
8540,15749,0.012781196
8541,44366,0.007072172
8542,40177,0.003490894
8543,99775,0.0063741137
8544,41258,0.0015903247
8545,71286,0.008974107
8546,52385,0.0031359398
8547,5208,0.005907898
8548,86503,0.0022793664
8549,9461,0.016000383
8550,45584,0.023743581
8551,8900,0.007988558
8552,72911,0.040132347
8553,28472,0.005473551
8554,78022,0.002787786
8555,67643,0.007010156
8556,74615,0.0019496081
8557,107000,0.008580559
8558,14292,0.015157101
8559,9750,0.024718614
8560,94183,0.03857721
8561,15883,0.0033612684
8562,53319,0.006218357
8563,86089,0.004115114
8564,8245,0.005907898
8565,41502,0.006218357
8566,45940,0.026682893
8567,59890,0.0057298196
8568,10109,0.0032021408
8569,65770,0.0029354065
8570,8571,0.008326855
8571,12402,0.0052829348
8572,15405,0.014821278
8573,19951,0.017085638
8574,81273,0.002787786
8575,57827,0.05430571
8576,24152,0.0031023843
8577,77165,0.013363381
8578,84915,0.023743581
8579,80109,0.00742542
8580,55218,0.0022495086
8581,97616,0.0025348978
8582,87327,0.0070067076
8583,93996,0.021315135
8584,15673,0.0014564819
8585,47508,0.0017637569
8586,105934,0.010253555
8587,19743,0.0015666143
8588,11044,0.008044203
8589,24775,0.011795676
8590,72091,0.02039161
8591,44792,0.014944271
8592,2515,0.005623078
8593,16861,0.009458548
8594,30259,0.07934868
8595,8749,0.0037338003
8596,73778,0.011701322
8597,59191,0.013363381
8598,64803,0.0066331024
8599,52454,0.010413807
8600,61912,0.0048928643
8601,97605,0.053899966
8602,43399,0.002416298
8603,72639,0.0028740324
8604,105209,0.0014975807
8605,5224,0.007692108
8606,49598,0.0015202472
8607,49695,0.0030200463
8608,103370,0.003431937
8609,74075,0.05430571
8610,25229,0.016210878
8611,18016,0.03078718
8612,56684,0.0057014236
8613,21193,0.0069483113
8614,27528,0.0030200463
8615,33081,0.0023481515
8616,84520,0.018870499
8617,24185,0.0028660954
8618,22844,0.0029394678
8619,90887,0.039908506
8620,115129,0.037987046
8621,80847,0.0023281192
8622,46859,0.01112441
8623,80104,0.020185387
8624,112395,0.037406508
8625,10808,0.0043883994
8626,26078,0.003950813
8627,55583,0.011417337
8628,58130,0.0018149752
8629,75567,0.003714777
8630,100505,0.02014425
8631,33500,0.036264043
8632,17348,0.0027901384
8633,26836,0.012616653
8634,101336,0.040500026
8635,62962,0.029463751
8636,3398,0.005623078
8637,55232,0.0064986763
8638,29825,0.0014532544
8639,113697,0.0073181596
8640,52173,0.01288386
8641,57116,0.013313077
8642,20668,0.040760215
8643,7887,0.007988558
8644,14184,0.0407022
8645,74852,0.007226781
8646,44805,0.0027627202
8647,103810,0.029405383
8648,50466,0.01642049
8649,110885,0.021945333
8650,35973,0.018870499
8651,38528,0.0015903247
8652,55967,0.047870692
8653,36841,0.02014425
8654,109398,0.0014975807
8655,41384,0.0014532544
8656,86594,0.020382702
8657,15585,0.012781196
8658,67504,0.044313025
8659,36844,0.008390893
8660,47809,0.013617191
8661,99328,0.053899966
8662,8033,0.005623078
8663,92421,0.016521668
8664,44873,0.021457676
8665,113152,0.05377881
8666,46642,0.03205202
8667,39554,0.0015202472
8668,4504,0.016000383
8669,25413,0.011927929
8670,45786,0.0030200463
8671,55342,0.006136059
8672,1659,0.01422544
8673,2005,0.005907898
8674,64258,0.0031913405
8675,42748,0.003528275
8676,50124,0.013363381
8677,54039,0.046898387
8678,15292,0.0063747787
8679,25473,0.006206534
8680,65829,0.008334477
8681,114743,0.0028457916
8682,66308,0.0068037473
8683,100438,0.011657114
8684,102483,0.054126825
8685,78158,0.015527304
8686,98338,0.002931354
8687,3763,0.004937957
8688,31056,0.014821278
8689,9296,0.005693039
8690,111678,0.0149119655
8691,79078,0.02014425
8692,114273,0.005693644
8693,3034,0.013313077
8694,88584,0.016238391
8695,111699,0.0034437634
8696,81543,0.008256001
8697,111328,0.006974438
8698,69916,0.0040805438
8699,104401,0.0147927515
8700,28500,0.03864545
8701,114566,0.013363381
8702,108767,0.037389383
8703,25360,0.003950813
8704,27634,0.011954552
8705,110343,0.007748927
8706,54682,0.007808453
8707,44450,0.0067135766
8708,62529,0.011954552
8709,42254,0.0017637569
8710,77533,0.008614089
8711,47625,0.0033612684
8712,79920,0.0085109165
8713,36328,0.0034160416
8714,87964,0.008974107
8715,87735,0.016521668
8716,17875,0.011549404
8717,56637,0.0028740324
8718,64513,0.0026188802
8719,8005,0.0059005623
8720,13860,0.024691269
8721,63652,0.0054736333
8722,27176,0.011954552
8723,38677,0.011795676
8724,34048,0.004330807
8725,15847,0.011001481
8726,18048,0.002931354
8727,17939,0.011407606
8728,98496,0.012107428
8729,111102,0.0022495086
8730,5876,0.024355432
8731,2324,0.016301729
8732,53837,0.0030200463
8733,106006,0.0025348978
8734,114992,0.01830491
8735,66550,0.0027627202
8736,51975,0.024088822
8737,79985,0.0034717065
8738,4112,0.008728292
8739,9157,0.008362826
8740,71301,0.0014975807
8741,32872,0.011954552
8742,47918,0.0034717065
8743,69884,0.011701322
8744,89984,0.011701322
8745,69886,0.005370364
8746,57668,0.013363381
8747,84831,0.010847788
8748,95485,0.03962842
8749,97596,0.0025954216
8750,11932,0.015235524
8751,28514,0.009460125
8752,102975,0.0043455684
8753,43089,0.0026188802
8754,3947,0.007988558
8755,22157,0.003490894
8756,85321,0.0048928643
8757,13696,0.041105755
8758,41731,0.021181539
8759,88676,0.02929137
8760,49155,0.008233068
8761,46846,0.0015903247
8762,96398,0.0028740324
8763,39472,0.0015202472
8764,89163,0.0033073684
8765,14133,0.0030200463
8766,19236,0.002931354
8767,91330,0.014843087
8768,83656,0.008839297
8769,4606,0.008164079
8770,114535,0.002942954
8771,74317,0.0031023843
8772,16239,0.0021458105
8773,79743,0.01809934
8774,75194,0.0019496081
8775,18122,0.0061038653
8776,63766,0.0075447415
8777,49760,0.021766486
8778,104039,0.052871034
8779,31057,0.03205202
8780,60264,0.006136059
8781,72836,0.036264043
8782,108717,0.007080641
8783,37225,0.020514345
8784,54262,0.013363381
8785,66041,0.0025348978
8786,33195,0.0028178282
8787,24417,0.003528275
8788,12549,0.006014504
8789,79742,0.0034717065
8790,20397,0.0026898894
8791,95433,0.040500026
8792,99237,0.010566026
8793,35478,0.0077091716
8794,28524,0.020939998
8795,52035,0.013363381
8796,1207,0.0043650316
8797,57032,0.0027627202
8798,87747,0.028454639
8799,42747,0.009873164
8800,56959,0.014342462
8801,90754,0.0018149752
8802,22580,0.011780939
8803,76124,0.002931354
8804,26864,0.0019407654
8805,2256,0.022860073
8806,48902,0.036388777
8807,53790,0.025804454
8808,100335,0.0063741137
8809,84158,0.008285288
8810,47821,0.005906842
8811,40255,0.0025954216
8812,79896,0.0029140369
8813,77443,0.026501795
8814,76792,0.0029082887
8815,13602,0.00581523
8816,89108,0.020559303
8817,112410,0.02304451
8818,8301,0.0073290174
8819,99816,0.0026188802
8820,59161,0.05430571
8821,113082,0.0055530285
8822,33512,0.0030200463
8823,43517,0.0015202472
8824,32739,0.016434142
8825,5970,0.023161244
8826,53925,0.013363381
8827,23479,0.008483798
8828,2361,0.036853246
8829,21140,0.0016888018
8830,45593,0.007687582
8831,106542,0.03677475
8832,49244,0.0029639504
8833,101306,0.0031919295
8834,75717,0.0034717065
8835,12967,0.0025042621
8836,35671,0.013363381
8837,95487,0.0014975807
8838,103023,0.011483591
8839,76594,0.0033073684
8840,27874,0.0014975807
8841,67049,0.03930672
8842,34976,0.0015202472
8843,29712,0.016986854
8844,50480,0.013363381
8845,104140,0.0026188802
8846,108505,0.007524157
8847,27313,0.016434142
8848,48980,0.0028740324
8849,26774,0.023793621
8850,86882,0.002297739
8851,74960,0.0033073684
8852,28871,0.0030200463
8853,22158,0.002744771
8854,10925,0.01613039
8855,45367,0.014527952
8856,87882,0.028454639
8857,38016,0.015071701
8858,38817,0.0054383334
8859,92531,0.01498116
8860,62269,0.003296009
8861,11160,0.0060284766
8862,49732,0.01961196
8863,5530,0.0060526235
8864,83146,0.0015666143
8865,42119,0.0028740324
8866,25588,0.021181539
8867,26048,0.011927929
8868,14644,0.041105755
8869,36013,0.020130375
8870,77496,0.024537196
8871,66642,0.0027130675
8872,34520,0.003431746
8873,93425,0.05430571
8874,56601,0.008141885
8875,57492,0.0014975807
8876,15004,0.020046696
8877,81083,0.008974107
8878,106118,0.0055418746
8879,98771,0.015043003
8880,113074,0.037389383
8881,37739,0.029149076
8882,70712,0.0014975807
8883,92571,0.002416298
8884,20451,0.03205202
8885,39782,0.010880039
8886,1725,0.002345287
8887,27495,0.024691269
8888,75115,0.047870692
8889,37264,0.016073974
8890,24098,0.014821278
8891,13743,0.011034417
8892,51459,0.008049078
8893,60099,0.011689119
8894,110077,0.0063741137
8895,23883,0.040132347
8896,103557,0.011657114
8897,18970,0.006398493
8898,63308,0.016031291
8899,8400,0.008355051
8900,52089,0.0077848113
8901,87393,0.003605579
8902,36636,0.007205018
8903,7191,0.0031765336
8904,85793,0.0014975807
8905,50070,0.013363381
8906,92437,0.053899966
8907,66837,0.024895936
8908,71179,0.008141885
8909,52179,0.006136059
8910,89826,0.05430571
8911,47349,0.021834597
8912,88250,0.015873233
8913,88254,0.0022793664
8914,33261,0.016434142
8915,114209,0.015608474
8916,87739,0.024537196
8917,61467,0.0076510934
8918,4341,0.012249846
8919,89011,0.02343586
8920,11539,0.008292367
8921,89054,0.018870499
8922,20813,0.0009948754
8923,40540,0.026155245
8924,13450,0.00800413
8925,48537,0.0015666143
8926,20921,0.020603977
8927,194,0.0033832586
8928,30294,0.03628678
8929,102086,0.03078718
8930,85383,0.014800128
8931,2093,0.024235971
8932,67918,0.0030200463
8933,92883,0.03335616
8934,87579,0.05430571
8935,101038,0.008493776
8936,54671,0.008007766
8937,111321,0.01156132
8938,76542,0.008329333
8939,55628,0.007090048
8940,74210,0.008763094
8941,77798,0.007724427
8942,56399,0.019848319
8943,33200,0.02314078
8944,45820,0.007170327
8945,90358,0.04090623
8946,3449,0.016434142
8947,39849,0.040132347
8948,85803,0.011701322
8949,22268,0.0025348978
8950,101115,0.006100181
8951,79054,0.019848319
8952,45847,0.021181539
8953,4259,0.005623078
8954,75867,0.006427235
8955,54680,0.0014975807
8956,18077,0.0047184722
8957,25623,0.015787302
8958,105244,0.009415221
8959,83234,0.007748927
8960,107141,0.0029662917
8961,99010,0.03779015
8962,39025,0.011927929
8963,106629,0.014843087
8964,68945,0.014821278
8965,104238,0.012522305
8966,65596,0.0029354065
8967,43077,0.010170478
8968,12282,0.0025348978
8969,104410,0.05377881
8970,57229,0.024895936
8971,28484,0.0017806522
8972,32124,0.038310543
8973,104016,0.008305341
8974,43866,0.008045451
8975,33819,0.004356413
8976,64523,0.003125569
8977,43929,0.029822495
8978,51178,0.0015202472
8979,48787,0.016434142
8980,37840,0.024088822
8981,62553,0.0031869553
8982,27808,0.0015432577
8983,79499,0.053207587
8984,110463,0.011866839
8985,57894,0.0030200463
8986,95748,0.008328561
8987,4955,0.005907898
8988,28148,0.00795658
8989,32203,0.010835158
8990,10281,0.028986065
8991,104995,0.0034349244
8992,111017,0.0034437634
8993,51157,0.04133766
8994,4448,0.0072333217
8995,53704,0.041144025
8996,29281,0.021766486
8997,45555,0.01818908
8998,86317,0.011701322
8999,98341,0.006257137
9000,42106,0.01818908
9001,64708,0.008024768
9002,63488,0.0027627202
9003,55728,0.016434142
9004,84587,0.008974107
9005,40544,0.014821278
9006,36206,0.013363381
9007,110300,0.0014975807
9008,30816,0.0015202472
9009,40841,0.016238391
9010,108104,0.0014975807
9011,40214,0.011927929
9012,7244,0.022744821
9013,52158,0.016434142
9014,109760,0.0029371476
9015,37115,0.0023749098
9016,71785,0.05430571
9017,51034,0.0076018106
9018,54449,0.016434142
9019,72952,0.015015875
9020,61312,0.021766486
9021,68343,0.01596527
9022,15006,0.020046696
9023,85151,0.029484708
9024,62052,0.0014975807
9025,55588,0.021457676
9026,22080,0.011927929
9027,34080,0.013363381
9028,14810,0.010847788
9029,18177,0.021766486
9030,102461,0.007565217
9031,114300,0.003962632
9032,17913,0.01883267
9033,84009,0.012398
9034,69,0.037838764
9035,32365,0.03078718
9036,56429,0.05430571
9037,8882,0.0075460845
9038,60469,0.018870499
9039,45264,0.014821278
9040,48529,0.011701322
9041,107638,0.00557888
9042,50474,0.013363381
9043,56528,0.016434142
9044,64498,0.002191858
9045,77465,0.006526224
9046,7068,0.0053519174
9047,28264,0.020108996
9048,67500,0.014843087
9049,83882,0.008296901
9050,74304,0.0023749098
9051,44028,0.007773496
9052,66748,0.018226296
9053,99587,0.011657114
9054,106828,0.0147927515
9055,106123,0.002787786
9056,26207,0.0030200463
9057,16039,0.011622833
9058,76916,0.035395592
9059,74818,0.0031772251
9060,108820,0.05144771
9061,77277,0.0026188802
9062,107471,0.01263037
9063,81290,0.0044544972
9064,52321,0.024691269
9065,75505,0.0014975807
9066,28710,0.013363381
9067,103844,0.05377881
9068,71246,0.0015666143
9069,37497,0.03845318
9070,53893,0.013448764
9071,58664,0.013363381
9072,43066,0.011795676
9073,89691,0.03737256
9074,35743,0.024751399
9075,62745,0.002931354
9076,16006,0.0017637569
9077,5293,0.0073290174
9078,77882,0.0018149752
9079,13639,0.0077428836
9080,63569,0.002931354
9081,95435,0.0031869553
9082,40919,0.01524711
9083,2513,0.0031911405
9084,113321,0.016765576
9085,47277,0.046898387
9086,49160,0.03205202
9087,27891,0.005480413
9088,96303,0.0076957997
9089,107182,0.0016636264
9090,30519,0.018870499
9091,44743,0.005049873
9092,80640,0.0015666143
9093,107173,0.01642049
9094,17703,0.0026898894
9095,20797,0.0017637569
9096,44919,0.008214707
9097,35921,0.0030200463
9098,61512,0.012671654
9099,66787,0.0073070205
9100,68285,0.04090623
9101,9113,0.023161244
9102,111588,0.012160619
9103,42561,0.027325926
9104,109435,0.0072805327
9105,42311,0.008014052
9106,106960,0.054312814
9107,48886,0.021766486
9108,89656,0.0015666143
9109,63236,0.002931354
9110,51317,0.008711672
9111,9565,0.012848171
9112,61277,0.0015666143
9113,114648,0.0031772251
9114,86370,0.0019407654
9115,105542,0.014821278
9116,14107,0.0026898894
9117,83319,0.019908473
9118,87869,0.03737256
9119,82094,0.0029255701
9120,34531,0.021766486
9121,68066,0.0028740324
9122,38352,0.025030723
9123,10960,0.035994284
9124,56683,0.0028763015
9125,109267,0.0023399522
9126,33359,0.016434142
9127,16923,0.006218357
9128,48460,0.021766486
9129,69237,0.014821278
9130,57873,0.018870499
9131,40956,0.018870499
9132,2544,0.016301729
9133,29428,0.009440622
9134,66390,0.0023281192
9135,61858,0.0014975807
9136,105346,0.028426247
9137,10509,0.0034439529
9138,111620,0.0063741137
9139,1433,0.004857864
9140,37138,0.0028457916
9141,84052,0.0044544972
9142,27509,0.018870499
9143,93835,0.021148244
9144,25161,0.036231093
9145,18865,0.0077871983
9146,80780,0.029891824
9147,10278,0.022975886
9148,49924,0.016434142
9149,92980,0.019565145
9150,89313,0.00690756
9151,98001,0.0026188802
9152,39355,0.024088822
9153,15621,0.04235862
9154,33837,0.0027627202
9155,11271,0.004381581
9156,31483,0.015848909
9157,76098,0.024537196
9158,94883,0.013363381
9159,63589,0.0027627202
9160,40000,0.011927929
9161,102035,0.011453038
9162,92280,0.023833698
9163,70921,0.0025348978
9164,110840,0.0014975807
9165,92502,0.0017386912
9166,32393,0.020040913
9167,19978,0.0025042621
9168,75428,0.0031772251
9169,48303,0.01125311
9170,42581,0.008385067
9171,1419,0.0059193014
9172,51660,0.024691269
9173,87401,0.021766486
9174,19735,0.025438419
9175,77033,0.0031852394
9176,91221,0.026155245
9177,71705,0.0018149752
9178,53074,0.012895575
9179,81491,0.008327994
9180,100034,0.011701322
9181,32932,0.0021768152
9182,2464,0.010188501
9183,25453,0.012748092
9184,43012,0.0023749098
9185,41570,0.0029394678
9186,27819,0.0201032
9187,79710,0.0019496081
9188,16925,0.0030200463
9189,88854,0.008974107
9190,60486,0.014821278
9191,69022,0.007618091
9192,40690,0.0074414033
9193,98143,0.00581445
9194,109289,0.08382787
9195,69210,0.05430571
9196,68376,0.0074414033
9197,107665,0.0028200543
9198,539,0.01688177
9199,82338,0.0027627202
9200,6258,0.016000383
9201,83205,0.0038766076
9202,70625,0.021766486
9203,74458,0.034149896
9204,81756,0.017496003
9205,9207,0.0073968773
9206,285,0.008321907
9207,48077,0.0019496081
9208,74158,0.011823473
9209,109383,0.019705795
9210,43639,0.011185712
9211,78942,0.002705636
9212,99486,0.020559303
9213,93475,0.014917249
9214,115400,0.0030812097
9215,85416,0.0031275174
9216,17226,0.007550875
9217,8601,0.010880039
9218,72024,0.0064930543
9219,24213,0.03628678
9220,53063,0.0030200463
9221,34752,0.008329482
9222,32789,0.00803825
9223,43591,0.007546195
9224,56532,0.037838764
9225,73553,0.047870692
9226,39134,0.0015903247
9227,65893,0.0032459758
9228,57187,0.006206481
9229,101898,0.007227999
9230,83851,0.0014975807
9231,32367,0.02014425
9232,74803,0.0019496081
9233,93986,0.008974107
9234,109834,0.009960028
9235,12401,0.0033612684
9236,103147,0.0021207146
9237,99669,0.0015666143
9238,54001,0.0014975807
9239,15839,0.029891824
9240,85258,0.014843087
9241,11516,0.005935825
9242,26134,0.011927929
9243,14098,0.002931354
9244,15651,0.0022401751
9245,105963,0.015911184
9246,27395,0.047870692
9247,36632,0.0015202472
9248,81285,0.010876812
9249,71591,0.011701322
9250,87918,0.026488168
9251,70644,0.021766486
9252,115606,0.0027627202
9253,48785,0.036264043
9254,100227,0.041696433
9255,78440,0.0028178282
9256,34123,0.041308418
9257,32211,0.009497342
9258,24255,0.04131836
9259,9860,0.007988558
9260,22930,0.0015202472
9261,67581,0.014821278
9262,109798,0.041447874
9263,113382,0.010427811
9264,106453,0.016745418
9265,106820,0.008133201
9266,83369,0.0021768152
9267,45912,0.045405824
9268,39309,0.008974107
9269,101271,0.007984973
9270,39363,0.0201032
9271,73564,0.0015666143
9272,57670,0.0025348978
9273,9073,0.018870499
9274,60694,0.0014975807
9275,18431,0.0023314152
9276,18375,0.011521066
9277,97634,0.0015666143
9278,70485,0.0034349244
9279,16065,0.002094208
9280,73451,0.011701322
9281,61653,0.015273014
9282,79256,0.03246682
9283,79346,0.019645642
9284,41611,0.020939998
9285,59802,0.006136059
9286,27949,0.02304451
9287,23725,0.015973266
9288,27104,0.013363381
9289,53101,0.0028740324
9290,95084,0.010847788
9291,99619,0.037838764
9292,55132,0.0114434315
9293,110326,0.01581946
9294,41978,0.007667551
9295,10215,0.024355432
9296,55514,0.0031772251
9297,107441,0.00557888
9298,4831,0.004953245
9299,18677,0.054762322
9300,16136,0.0031793616
9301,10809,0.0041784584
9302,97790,0.0028740324
9303,73416,0.0076074353
9304,99061,0.0184928
9305,99764,0.011657114
9306,113416,0.00628462
9307,71773,0.011701322
9308,31932,0.024777869
9309,64686,0.002787786
9310,24518,0.03205202
9311,109713,0.0031869386
9312,8761,0.0033343947
9313,79480,0.002942954
9314,114363,0.0014975807
9315,37774,0.006136059
9316,84428,0.006067015
9317,82923,0.04090623
9318,68122,0.01301516
9319,89211,0.024691269
9320,85545,0.046898387
9321,98673,0.015846195
9322,80698,0.018870499
9323,14456,0.005011801
9324,95789,0.014821278
9325,32588,0.0015202472
9326,37705,0.007793199
9327,57332,0.008121143
9328,53590,0.008088774
9329,24633,0.01698871
9330,27029,0.0074216286
9331,79791,0.013363381
9332,7666,0.015973266
9333,68958,0.0014975807
9334,100954,0.027976722
9335,111876,0.054312814
9336,31778,0.0041030846
9337,30058,0.0030200463
9338,681,0.004888803
9339,14051,0.0201032
9340,99683,0.0014975807
9341,66901,0.0077352272
9342,40552,0.004895507
9343,65750,0.003125569
9344,80945,0.002942954
9345,104504,0.011954552
9346,99079,0.0063741137
9347,53814,0.0014975807
9348,95607,0.037169185
9349,108175,0.007078392
9350,90661,0.002297739
9351,79563,0.0026368657
9352,91108,0.011527557
9353,56262,0.04090623
9354,52759,0.013363381
9355,59969,0.027325926
9356,95754,0.020185387
9357,39599,0.010273124
9358,39249,0.0036643194
9359,51820,0.040132347
9360,11145,0.015128341
9361,65157,0.0031869553
9362,40891,0.0028457916
9363,114719,0.0029604395
9364,3368,0.0161567
9365,24663,0.015071701
9366,97461,0.011701322
9367,79667,0.046980076
9368,22192,0.00693314
9369,33601,0.008161338
9370,13653,0.0056009195
9371,393,0.00784768
9372,4094,0.01613039
9373,88420,0.05430571
9374,30400,0.013363381
9375,92380,0.028106956
9376,108966,0.036744297
9377,113371,0.036619928
9378,100721,0.0063741137
9379,40037,0.024691269
9380,16637,0.0058007776
9381,115372,0.028454639
9382,113840,0.047870692
9383,51162,0.035395592
9384,25052,0.008974107
9385,99978,0.00557888
9386,95136,0.007928938
9387,92249,0.0033073684
9388,5425,0.036231093
9389,8482,0.009380179
9390,112359,0.013363381
9391,47357,0.010871303
9392,113786,0.002003007
9393,26547,0.013363381
9394,95661,0.03799679
9395,47431,0.038310543
9396,76649,0.011701322
9397,83739,0.011701322
9398,33475,0.01354844
9399,104595,0.05377881
9400,29431,0.030105015
9401,18413,0.0023314152
9402,104780,0.03962842
9403,28226,0.006137173
9404,86007,0.019301342
9405,5762,0.0078079905
9406,74402,0.002931354
9407,96961,0.003052717
9408,64017,0.003125569
9409,55902,0.047870692
9410,75136,0.0014975807
9411,91773,0.014843087
9412,40483,0.01524711
9413,82499,0.0027632653
9414,95598,0.011657114
9415,88235,0.011701322
9416,30106,0.013363381
9417,9092,0.007988558
9418,33316,0.008903057
9419,2002,0.007819192
9420,18845,0.04131836
9421,6649,0.007004011
9422,18873,0.024691269
9423,66609,0.0050720368
9424,6553,0.0033832586
9425,11568,0.008148484
9426,60058,0.04090623
9427,67856,0.053899966
9428,58488,0.0031772251
9429,96441,0.007542606
9430,68086,0.040196482
9431,17741,0.010847788
9432,68693,0.020664765
9433,45817,0.025030723
9434,70117,0.0014975807
9435,113887,0.002942954
9436,27081,0.0023749098
9437,38771,0.015071701
9438,10950,0.00854181
9439,2360,0.012210945
9440,15611,0.0018358756
9441,8851,0.034883853
9442,82488,0.0075088856
9443,87988,0.05430571
9444,114134,0.038961247
9445,15557,0.011291618
9446,9166,0.00758222
9447,92293,0.0028740324
9448,67058,0.005370364
9449,17701,0.002416298
9450,70727,0.0015666143
9451,92701,0.043058597
9452,14518,0.004718759
9453,100309,0.028454639
9454,100057,0.03078718
9455,6079,0.0063514523
9456,23796,0.020939998
9457,115016,0.02014425
9458,101642,0.056530494
9459,55502,0.0082635945
9460,31946,0.008048648
9461,68176,0.0013684931
9462,32366,0.016434142
9463,110036,0.009837201
9464,87599,0.0014975807
9465,107456,0.011657114
9466,58833,0.021457676
9467,112154,0.0033073684
9468,88266,0.0026368657
9469,1906,0.013847654
9470,42229,0.03646234
9471,45222,0.020939998
9472,88638,0.006552074
9473,115051,0.008406261
9474,74109,0.006235713
9475,15264,0.0067485077
9476,4960,0.006790273
9477,64358,0.0117283845
9478,89319,0.013363381
9479,114379,0.02014425
9480,52029,0.05430571
9481,111600,0.008087803
9482,52919,0.009685865
9483,73472,0.0034717065
9484,51285,0.047870692
9485,75667,0.024691269
9486,18679,0.008340967
9487,68012,0.021457676
9488,8350,0.008355051
9489,82806,0.011701322
9490,81029,0.0014975807
9491,6516,0.011306698
9492,72,0.0044914093
9493,34597,0.016761128
9494,10711,0.0077320575
9495,85331,0.002931354
9496,11252,0.0073290174
9497,78533,0.007413277
9498,38502,0.027325926
9499,15987,0.0016888018
9500,20751,0.0015202472
9501,33707,0.008161338
9502,89420,0.0050858287
9503,7086,0.016103055
9504,48020,0.007413277
9505,45050,0.015097311
9506,19998,0.0031869553
9507,69513,0.011701322
9508,11610,0.008124677
9509,13311,0.0053334925
9510,95307,0.024691269
9511,71431,0.05430571
9512,71904,0.027325926
9513,81816,0.018986482
9514,41980,0.011927929
9515,10317,0.008831626
9516,19430,0.027325926
9517,77886,0.046898387
9518,64162,0.002416298
9519,5430,0.004047941
9520,32266,0.013363381
9521,3529,0.024037208
9522,105709,0.05377881
9523,85005,0.036264043
9524,43001,0.011954552
9525,5808,0.02323938
9526,17458,0.005615173
9527,101478,0.0031919295
9528,34771,0.014821278
9529,96721,0.0048813275
9530,60434,0.0028178282
9531,100631,0.010847788
9532,41560,0.011927929
9533,68394,0.05430571
9534,100318,0.0067194486
9535,42579,0.045405824
9536,32569,0.003490894
9537,4836,0.023161244
9538,107022,0.02014425
9539,37603,0.002705636
9540,100855,0.008722195
9541,56007,0.037406508
9542,31106,0.013363381
9543,7138,0.008809693
9544,12654,0.0014564819
9545,54969,0.018870499
9546,106681,0.05377881
9547,44430,0.0033612684
9548,15111,0.0026898894
9549,76921,0.0025431737
9550,47640,0.011927929
9551,57791,0.013363381
9552,21957,0.008028138
9553,30169,0.008903057
9554,3211,0.0053519174
9555,33844,0.013313077
9556,1689,0.020529035
9557,38649,0.0028178282
9558,81607,0.019215297
9559,71412,0.03737256
9560,71235,0.018986482
9561,91130,0.011701322
9562,87226,0.007235463
9563,54933,0.007687582
9564,12174,0.0028178282
9565,18146,0.009713558
9566,88661,0.014843087
9567,86390,0.018562386
9568,42196,0.003490894
9569,76482,0.0026360054
9570,86749,0.026488168
9571,50388,0.019984353
9572,102583,0.011453038
9573,2502,0.029139537
9574,80885,0.002931354
9575,68232,0.0018149752
9576,13784,0.024088822
9577,50445,0.008974107
9578,7230,0.004953245
9579,101517,0.0026933197
9580,115916,0.02304451
9581,69982,0.03205202
9582,13962,0.0033497228
9583,75379,0.026155245
9584,40711,0.040760215
9585,92732,0.053899966
9586,83998,0.0015666143
9587,55963,0.0157908
9588,84039,0.01617818
9589,39251,0.014917249
9590,95907,0.03737256
9591,8136,0.006019709
9592,64108,0.0017806522
9593,21045,0.019976968
9594,58622,0.0077352272
9595,50278,0.0031922236
9596,94140,0.0034876661
9597,102404,0.011657114
9598,82849,0.0031023843
9599,95906,0.011701322
9600,66289,0.0026188802
9601,52688,0.0034717065
9602,37576,0.0057954444
9603,13714,0.0030200463
9604,80706,0.020512942
9605,48170,0.0029082887
9606,82768,0.018801317
9607,42871,0.011927929
9608,67706,0.021676235
9609,85747,0.0014975807
9610,19828,0.055099305
9611,99446,0.011657114
9612,70589,0.03737256
9613,11192,0.016000383
9614,41627,0.05369818
9615,87878,0.0027350306
9616,1275,0.003223094
9617,55478,0.0031869553
9618,88686,0.018990442
9619,49923,0.018870499
9620,5088,0.008330656
9621,32640,0.03078718
9622,69441,0.0027482088
9623,40447,0.016047826
9624,5165,0.008044203
9625,15894,0.012781196
9626,74406,0.0014975807
9627,74582,0.002994164
9628,31217,0.0028457916
9629,68692,0.003605579
9630,72227,0.0014975807
9631,15038,0.00800413
9632,112362,0.013563484
9633,100217,0.016521668
9634,103950,0.0023749098
9635,9745,0.008355051
9636,16845,0.002345287
9637,70724,0.0014975807
9638,75714,0.008154397
9639,22173,0.0060306434
9640,99769,0.008845962
9641,23467,0.003848186
9642,53209,0.036847826
9643,114765,0.038961247
9644,103206,0.0028457916
9645,13523,0.0026898894
9646,107902,0.008477296
9647,29633,0.013363381
9648,437,0.0018411374
9649,32677,0.036231093
9650,41701,0.006136059
9651,70421,0.0040805438
9652,91039,0.011366788
9653,47423,0.011263577
9654,62137,0.0024864173
9655,54540,0.0014975807
9656,113641,0.0030812097
9657,99292,0.022001382
9658,65285,0.00777938
9659,57953,0.024088822
9660,12388,0.008035057
9661,68062,0.011701322
9662,13181,0.013793535
9663,956,0.00784768
9664,16469,0.013807801
9665,25569,0.003490894
9666,81779,0.0031869386
9667,11381,0.0073290174
9668,67870,0.005831667
9669,29044,0.021766486
9670,3133,0.005935825
9671,69231,0.025804454
9672,53885,0.0043744794
9673,48041,0.0014975807
9674,66913,0.009507799
9675,77870,0.0025348978
9676,114691,0.0014315847
9677,76480,0.0015666143
9678,96490,0.00557888
9679,98205,0.011657114
9680,10647,0.007846225
9681,114760,0.02909459
9682,26966,0.00742542
9683,26906,0.0015903247
9684,11708,0.0073626186
9685,55543,0.013363381
9686,53270,0.012716733
9687,61224,0.04084396
9688,76577,0.0050720368
9689,21136,0.041144025
9690,101526,0.011701322
9691,110401,0.01596527
9692,38965,0.04235862
9693,39581,0.0072764666
9694,24164,0.008161338
9695,42519,0.008470376
9696,106357,0.053207587
9697,67331,0.01596527
9698,34430,0.0019407654
9699,72376,0.0035036982
9700,44006,0.031037893
9701,65951,0.007005915
9702,4707,0.022744821
9703,93501,0.043125764
9704,34835,0.016434142
9705,43353,0.0026188802
9706,24484,0.011927929
9707,30701,0.0026188802
9708,77000,0.002502063
9709,77665,0.0027627202
9710,101684,0.037838764
9711,53693,0.021766486
9712,88539,0.047870692
9713,4083,0.007988558
9714,82638,0.0015666143
9715,107138,0.024777869
9716,69281,0.021181539
9717,75435,0.0014975807
9718,17183,0.014412514
9719,97804,0.021217316
9720,40467,0.016161507
9721,106980,0.0126754185
9722,101157,0.0029371476
9723,20272,0.004716455
9724,25091,0.008693991
9725,72231,0.0077619823
9726,35540,0.00782876
9727,15623,0.0057014236
9728,11459,0.008245602
9729,70010,0.04090623
9730,25561,0.011927929
9731,91024,0.0389209
9732,91671,0.021664426
9733,98916,0.0019496081
9734,165,0.012660234
9735,89912,0.039908506
9736,114744,0.0064511304
9737,28562,0.00557888
9738,86981,0.002705636
9739,54183,0.017887197
9740,81552,0.04090623
9741,105361,0.011657114
9742,18789,0.035395592
9743,111799,0.0030200463
9744,52987,0.007253628
9745,83290,0.017496003
9746,5838,0.020090409
9747,102908,0.0076434542
9748,93269,0.020405795
9749,5580,0.014347224
9750,55097,0.0201032
9751,56815,0.047870692
9752,13424,0.0031033105
9753,38572,0.027325926
9754,89341,0.01767445
9755,11804,0.021766486
9756,10258,0.0063553504
9757,10205,0.015973266
9758,63510,0.0022401751
9759,34245,0.008464111
9760,55551,0.014821278
9761,88298,0.023516668
9762,74117,0.014843087
9763,66203,0.0031772251
9764,1958,0.016301729
9765,41457,0.0026188802
9766,7390,0.022821588
9767,42786,0.0076866434
9768,52594,0.0017386912
9769,97023,0.0034876661
9770,113484,0.0031772251
9771,106579,0.05370228
9772,115355,0.0039413366
9773,88413,0.0075584683
9774,98385,0.011613136
9775,54424,0.0114434315
9776,4137,0.016792456
9777,33778,0.008903057
9778,3946,0.004862592
9779,74360,0.0031772251
9780,38491,0.008007766
9781,65797,0.0029354065
9782,22558,0.015097311
9783,77897,0.0015666143
9784,5820,0.016000383
9785,93759,0.00814641
9786,6133,0.0033832586
9787,57644,0.027976722
9788,26866,0.024068054
9789,43955,0.0348847
9790,34427,0.04133766
9791,21361,0.0015202472
9792,66060,0.0029354065
9793,35593,0.0036715146
9794,110324,0.0026188802
9795,7647,0.01613039
9796,78397,0.013822462
9797,97661,0.020288508
9798,52882,0.0014975807
9799,12687,0.053895924
9800,63981,0.0026188802
9801,79942,0.024537196
9802,29505,0.013363381
9803,25773,0.011927929
9804,82590,0.0076865093
9805,42612,0.020939998
9806,53963,0.0028734638
9807,35323,0.00624959
9808,6903,0.0031765336
9809,104795,0.011701322
9810,100315,0.004882972
9811,113379,0.0034437634
9812,58199,0.0015666143
9813,77438,0.005505197
9814,113995,0.052871034
9815,8649,0.016693663
9816,83314,0.010251297
9817,8920,0.022975886
9818,20094,0.012781196
9819,18190,0.0065380507
9820,65694,0.0031772251
9821,49521,0.021766486
9822,63852,0.0024301615
9823,11341,0.009380179
9824,16988,0.0015202472
9825,14320,0.0015903247
9826,44578,0.0033612684
9827,57093,0.021181539
9828,367,0.0019496081
9829,47137,0.0024939207
9830,68614,0.010124876
9831,56737,0.014821278
9832,1991,0.017474867
9833,112207,0.0035765604
9834,36331,0.024537196
9835,62672,0.024895936
9836,38302,0.009460125
9837,109674,0.0063498155
9838,111662,0.0034437634
9839,89450,0.05430571
9840,35794,0.03078718
9841,57514,0.021834597
9842,33615,0.013363381
9843,95715,0.019998942
9844,55458,0.019976968
9845,73839,0.004702347
9846,13067,0.0120876925
9847,40749,0.0100516
9848,40241,0.021766486
9849,63170,0.006908881
9850,11205,0.024355432
9851,49784,0.0061433744
9852,68726,0.025191117
9853,25475,0.027976722
9854,6484,0.0073290174
9855,61497,0.038310543
9856,22479,0.0015903247
9857,81924,0.0042222347
9858,70708,0.0028740324
9859,115178,0.003280743
9860,17639,0.002453603
9861,5062,0.008044203
9862,62660,0.020689048
9863,3718,0.017474867
9864,13764,0.024446119
9865,66348,0.0029354065
9866,109176,0.008161338
9867,70545,0.008228806
9868,92119,0.039908506
9869,101402,0.02304451
9870,102295,0.043058597
9871,11005,0.007846225
9872,109409,0.0034437634
9873,48876,0.006136059
9874,108869,0.008477296
9875,8994,0.0073290174
9876,51072,0.032865394
9877,92850,0.008337008
9878,109540,0.052871034
9879,51327,0.018870499
9880,85004,0.009159279
9881,7341,0.005157164
9882,52262,0.03078718
9883,74025,0.021834597
9884,90259,0.01462113
9885,21161,0.002931354
9886,91718,0.01642049
9887,25193,0.0027627202
9888,74892,0.0031869553
9889,54615,0.012849139
9890,26155,0.0071912645
9891,92981,0.013653227
9892,84505,0.03646234
9893,102084,0.002453603
9894,2008,0.0033343947
9895,54922,0.025272463
9896,102989,0.008550654
9897,40643,0.029463751
9898,6482,0.0039830757
9899,43039,0.006268907
9900,1927,0.008144285
9901,20461,0.014821278
9902,61237,0.0030200463
9903,82494,0.0029435349
9904,28860,0.018870499
9905,106171,0.0074414033
9906,83030,0.03646234
9907,51476,0.040196482
9908,28550,0.007598354
9909,25049,0.046898387
9910,72562,0.014821278
9911,41274,0.040760215
9912,49816,0.011411721
9913,56569,0.0028740324
9914,85997,0.015699996
9915,33985,0.020274134
9916,90447,0.014954923
9917,45942,0.0015202472
9918,100845,0.0063741137
9919,90518,0.05430571
9920,2083,0.0039192443
9921,91055,0.028454639
9922,23671,0.0080854
9923,51489,0.024537196
9924,12159,0.00442373
9925,92516,0.0018149752
9926,53526,0.00056313566
9927,87569,0.024691269
9928,104048,0.0028178282
9929,102243,0.007773428
9930,39473,0.011795676
9931,30896,0.018870499
9932,55827,0.0076672686
9933,109229,0.008477296
9934,1149,0.029284986
9935,32762,0.009832324
9936,84053,0.02208695
9937,8267,0.022975886
9938,86282,0.0038614648
9939,58475,0.047870692
9940,68042,0.0028686556
9941,46926,0.014944271
9942,36059,0.0031772251
9943,67931,0.03205202
9944,69769,0.011701322
9945,75048,0.021766486
9946,67544,0.021834597
9947,21301,0.0064993324
9948,55043,0.030408015
9949,72600,0.047870692
9950,7040,0.016000383
9951,52615,0.024691269
9952,48043,0.007779329
9953,6952,0.004716455
9954,101933,0.011701322
9955,52465,0.0018149752
9956,31542,0.013363381
9957,94653,0.0028734638
9958,58559,0.0015666143
9959,62977,0.0073538423
9960,5892,0.01613039
9961,5419,0.0033343947
9962,94979,0.002931354
9963,90814,0.011701322
9964,111276,0.0068345433
9965,70985,0.0034717065
9966,32523,0.0028178282
9967,18453,0.0023314152
9968,98863,0.053899966
9969,35359,0.01767445
9970,92975,0.002345287
9971,85569,0.00784212
9972,25447,0.020939998
9973,95509,0.015787302
9974,70197,0.008499509
9975,20573,0.026248712
9976,43234,0.017819915
9977,107765,0.0081075495
9978,70609,0.011701322
9979,20520,0.0043485463
9980,85937,0.0014975807
9981,94782,0.046980076
9982,106765,0.05377881
9983,58677,0.01818908
9984,12333,0.006104771
9985,109076,0.007762519
9986,43112,0.015071701
9987,84962,0.0015666143
9988,7093,0.008261426
9989,28117,0.008907064
9990,46318,0.021766486
9991,32304,0.029891824
9992,44552,0.0028457916
9993,45653,0.0027047533
9994,28636,0.037164673
9995,91724,0.04090623
9996,5723,0.038392194
9997,90937,0.014843087
9998,12070,0.025274638
9999,27280,0.020939998
10000,24818,0.011927929
10001,85033,0.014843087
10002,75261,0.0029943674
10003,104835,0.0023539192
10004,102997,0.0034717065
10005,97850,0.0015666143
10006,19857,0.005464727
10007,59399,0.043125764
10008,58164,0.05430571
10009,114628,0.002942954
10010,83713,0.005738713
10011,108689,0.0042377925
10012,53125,0.006136059
10013,56688,0.006136059
10014,80545,0.011701322
10015,13604,0.005935825
10016,62261,0.004928166
10017,41550,0.015071701
10018,40754,0.011927929
10019,13131,0.044344157
10020,98561,0.014821278
10021,84381,0.0028740324
10022,41376,0.0061711967
10023,92617,0.0019407654
10024,65067,0.008206494
10025,101928,0.0029025506
10026,54818,0.0036643194
10027,114014,0.0030812097
10028,38752,0.0070659667
10029,41830,0.017394237
10030,105074,0.0061688316
10031,2065,0.0033343947
10032,95436,0.005758769
10033,51387,0.007748927
10034,67567,0.021766486
10035,96654,0.0028178282
10036,70227,0.047870692
10037,69576,0.0023780083
10038,52126,0.016434142
10039,85061,0.0137831345
10040,17153,0.0026898894
10041,52190,0.002453603
10042,1001,0.03504938
10043,86699,0.0014975807
10044,4551,0.022975886
10045,84297,0.02014425
10046,8857,0.005907898
10047,74999,0.0031869386
10048,104579,0.004089924
10049,100134,0.0015666143
10050,31892,0.016238391
10051,9695,0.0066054515
10052,48527,0.0028734638
10053,63828,0.0026188802
10054,36526,0.008007766
10055,89126,0.0031601875
10056,49383,0.0017637569
10057,56626,0.0022019427
10058,53471,0.007968679
10059,24534,0.0030200463
10060,83113,0.0014975807
10061,29063,0.016434142
10062,77351,0.006178559
10063,40116,0.03476391
10064,66346,0.003125569
10065,57817,0.0028740324
10066,101316,0.040500026
10067,14613,0.0026898894
10068,46139,0.0067868745
10069,99193,0.0014975807
10070,24235,0.020355903
10071,47033,0.020351714
10072,16568,0.002931354
10073,49120,0.01767445
10074,38732,0.011050066
10075,50932,0.08978331
10076,61641,0.0037181035
10077,112110,0.0014975807
10078,86639,0.011701322
10079,72640,0.007546195
10080,99786,0.011657114
10081,106873,0.046980076
10082,34838,0.0015903247
10083,52979,0.01727105
10084,43624,0.007857064
10085,74710,0.0029371476
10086,16656,0.00706205
10087,16868,0.0026898894
10088,9054,0.0065752626
10089,31459,0.00764234
10090,76904,0.0031869386
10091,103881,0.0077412236
10092,88144,0.011701322
10093,23083,0.03205202
10094,34069,0.0034349244
10095,71547,0.005842345
10096,371,0.0061206487
10097,17411,0.017048137
10098,13064,0.00800413
10099,10097,0.0074993325
10100,15822,0.0030200463
10101,95268,0.024691269
10102,111084,0.02014425
10103,56056,0.024895936
10104,67616,0.021766486
10105,12095,0.0043143313
10106,97951,0.011453038
10107,19453,0.004587582
10108,36154,0.027535327
10109,12346,0.041105755
10110,44324,0.005980988
10111,71129,0.011701322
10112,110065,0.008477296
10113,97039,0.046980076
10114,48285,0.0031772251
10115,83663,0.0029435349
10116,30343,0.03855454
10117,59590,0.0059280335
10118,86764,0.04090623
10119,17638,0.002812268
10120,63079,0.0018149752
10121,46002,0.024691269
10122,49967,0.036231093
10123,67228,0.016434142
10124,47648,0.008016561
10125,108500,0.0196555
10126,84492,0.0015666143
10127,90192,0.011701322
10128,41954,0.0014564819
10129,90319,0.0057860287
10130,19237,0.041772068
10131,47182,0.0076717967
10132,112289,0.0014975807
10133,3854,0.008144285
10134,20255,0.0030200463
10135,87050,0.0033073684
10136,57100,0.038977806
10137,17995,0.0037916086
10138,95611,0.010847788
10139,25897,0.009580275
10140,3909,0.0037946217
10141,93955,0.046980076
10142,4446,0.036907304
10143,110912,0.02014425
10144,39680,0.01818908
10145,34651,0.024537196
10146,20517,0.021766486
10147,39360,0.0029604395
10148,84283,0.0015666143
10149,8638,0.004047941
10150,660,0.016103055
10151,16181,0.00012253979
10152,12554,0.0051740767
10153,23630,0.0052829348
10154,94468,0.028157359
10155,1364,0.0018411374
10156,37099,0.029891685
10157,45528,0.0015432577
10158,94052,0.0028740324
10159,95930,0.0030200463
10160,55156,0.013363381
10161,52895,0.0014975807
10162,102408,0.01413625
10163,37051,0.007824584
10164,58356,0.02549949
10165,4095,0.01613039
10166,17219,0.003948421
10167,52496,0.008634829
10168,109293,0.0030200463
10169,66153,0.009031897
10170,80544,0.020512942
10171,25564,0.0015432577
10172,88821,0.014821278
10173,22681,0.007748927
10174,23219,0.011795676
10175,56788,0.0013081783
10176,109973,0.02014425
10177,27560,0.008028138
10178,79445,0.007416762
10179,50002,0.0030200463
10180,58656,0.0030200463
10181,59075,0.0028740324
10182,8273,0.008044203
10183,111417,0.0028172722
10184,108925,0.05377881
10185,71210,0.0014975807
10186,23596,0.0015903247
10187,5212,0.008124677
10188,110283,0.0030560032
10189,29767,0.005783585
10190,26030,0.02528609
10191,76876,0.0019496081
10192,53877,0.011776345
10193,90648,0.016521668
10194,32728,0.0015202472
10195,29188,0.0023749098
10196,28697,0.0073818844
10197,38336,0.008974107
10198,75001,0.043726638
10199,52314,0.0015202472
10200,60760,0.0031772251
10201,35567,0.03445609
10202,40506,0.006121957
10203,7526,0.008323596
10204,32831,0.0079675745
10205,14410,0.0095568895
10206,75263,0.004214197
10207,24601,0.007978901
10208,73032,0.005571851
10209,34951,0.013363381
10210,42055,0.013937519
10211,57314,0.0028740324
10212,73710,0.0015666143
10213,13620,0.00800413
10214,84884,0.010810935
10215,64059,0.0031913405
10216,2249,0.005157164
10217,27580,0.0025954216
10218,89314,0.028454639
10219,47851,0.0031869553
10220,59784,0.047870692
10221,83914,0.046272997
10222,36,0.041105755
10223,49205,0.0015202472
10224,20074,0.0076510934
10225,92339,0.052934613
10226,78370,0.008974107
10227,65816,0.0024939207
10228,79610,0.0041557937
10229,7340,0.038310543
10230,58030,0.0014975807
10231,11074,0.0060176323
10232,31187,0.00414699
10233,48710,0.007372327
10234,21388,0.008371554
10235,17270,0.004716455
10236,108384,0.002705636
10237,84678,0.0019407654
10238,19760,0.0015202472
10239,67667,0.011701322
10240,9645,0.010301201
10241,38064,0.008446329
10242,88593,0.024258079
10243,30653,0.0023281192
10244,110723,0.0024971743
10245,38700,0.001681305
10246,58480,0.005370364
10247,110134,0.0019972676
10248,18335,0.012781196
10249,4284,0.029139537
10250,68416,0.0019407654
10251,109711,0.0023749098
10252,76872,0.0069741607
10253,42817,0.0040151565
10254,6,0.0053519174
10255,58472,0.012938206
10256,30956,0.0023749098
10257,81395,0.04090623
10258,103129,0.0063775973
10259,54005,0.021766486
10260,57285,0.030362803
10261,17565,0.027976722
10262,5302,0.019976968
10263,5844,0.010750623
10264,58458,0.047870692
10265,22617,0.0015202472
10266,15901,0.0033612684
10267,71902,0.008974107
10268,30733,0.008007766
10269,98200,0.011701322
10270,48374,0.027976722
10271,11688,0.0034439529
10272,57284,0.01727105
10273,55463,0.01775965
10274,71019,0.01596527
10275,82112,0.047870692
10276,50987,0.035398092
10277,80242,0.012378455
10278,45535,0.016161507
10279,1613,0.005907898
10280,18037,0.003490894
10281,86603,0.040196482
10282,77056,0.013363381
10283,73166,0.008639794
10284,89633,0.008154397
10285,8243,0.0103277685
10286,104431,0.011061003
10287,80187,0.0087579265
10288,22780,0.0029780974
10289,76897,0.011701322
10290,66511,0.0023780083
10291,61152,0.006218357
10292,76980,0.0025348978
10293,73415,0.011451289
10294,18175,0.055099305
10295,28840,0.02528609
10296,17159,0.0054991497
10297,104448,0.02014425
10298,24655,0.021181539
10299,41124,0.0019496081
10300,85880,0.0026188802
10301,45889,0.0081193615
10302,1910,0.041144025
10303,91889,0.007095569
10304,59900,0.002931354
10305,40182,0.03628678
10306,18585,0.016070716
10307,99693,0.0016888018
10308,50225,0.002714043
10309,98712,0.018870499
10310,11276,0.02305342
10311,95869,0.012283552
10312,72651,0.046898387
10313,86741,0.008974107
10314,48003,0.013363381
10315,7643,0.0062228316
10316,114008,0.0024864173
10317,7641,0.022975886
10318,62568,0.05430571
10319,32115,0.007410902
10320,6082,0.007988558
10321,94803,0.008974107
10322,50634,0.0023749098
10323,72208,0.008974107
10324,88689,0.07605203
10325,111381,0.0014975807
10326,22584,0.017887197
10327,97987,0.013229344
10328,73530,0.0018175737
10329,85301,0.035395592
10330,58564,0.01629977
10331,112485,0.0051986515
10332,52891,0.013363381
10333,5909,0.0069897054
10334,60218,0.040196482
10335,86313,0.043058597
10336,90443,0.020559303
10337,80388,0.020575136
10338,78416,0.011701322
10339,36508,0.008141885
10340,46421,0.0015903247
10341,33395,0.0030200463
10342,87056,0.002931354
10343,81510,0.002942954
10344,8328,0.017291423
10345,98779,0.0025954216
10346,73906,0.043058597
10347,61620,0.0014975807
10348,43271,0.010847788
10349,96867,0.024068143
10350,48628,0.040132347
10351,85945,0.0029140369
10352,113587,0.036747385
10353,32530,0.0079262415
10354,11603,0.003950813
10355,41602,0.0026188802
10356,50600,0.013363381
10357,36825,0.014100403
10358,95759,0.05430571
10359,36210,0.009873164
10360,64050,0.002904845
10361,7699,0.006522218
10362,46698,0.054170676
10363,70664,0.0030200463
10364,65365,0.0029354065
10365,105535,0.0147927515
10366,59149,0.016434142
10367,75098,0.0023487369
10368,28387,0.01818908
10369,60446,0.0015666143
10370,81547,0.0073361113
10371,88105,0.046898387
10372,24978,0.046898387
10373,49518,0.021766486
10374,31808,0.016434142
10375,20689,0.010847788
10376,98683,0.054312814
10377,88545,0.0033073684
10378,65016,0.002787786
10379,48369,0.007843314
10380,100087,0.040564727
10381,13948,0.026229994
10382,88223,0.0031750905
10383,53464,0.014821278
10384,111930,0.019190725
10385,31492,0.008974107
10386,41718,0.017394237
10387,4861,0.0053519174
10388,42224,0.0049820803
10389,17890,0.004716455
10390,53674,0.008167693
10391,7586,0.022744821
10392,60580,0.003605579
10393,14270,0.0048207506
10394,41105,0.036264043
10395,100334,0.034341123
10396,111248,0.005953998
10397,77262,0.0031852394
10398,25788,0.001681305
10399,105283,0.007704559
10400,104455,0.030232986
10401,92065,0.0026274296
10402,36807,0.008007766
10403,69684,0.047870692
10404,107211,0.0016888018
10405,90095,0.013363381
10406,29472,0.02014425
10407,31719,0.016434142
10408,106839,0.024777869
10409,21719,0.011927929
10410,1218,0.007748194
10411,10452,0.0062451735
10412,59902,0.015752148
10413,42351,0.011927929
10414,42060,0.021766486
10415,9326,0.007481912
10416,81766,0.01961196
10417,49574,0.024537196
10418,7471,0.013169274
10419,109956,0.0031023843
10420,21191,0.0318103
10421,82096,0.018159809
10422,48462,0.011788869
10423,62202,0.0066654156
10424,15852,0.005681999
10425,39215,0.008974107
10426,104728,0.02304451
10427,12057,0.015837131
10428,47700,0.0027627202
10429,62843,0.011954552
10430,46553,0.011954552
10431,33068,0.0033612684
10432,115143,0.0014315847
10433,61815,0.0076510934
10434,80487,0.005471638
10435,91141,0.0015666143
10436,4229,0.006252069
10437,51331,0.035470113
10438,78167,0.024537196
10439,104457,0.011701322
10440,50708,0.035088345
10441,4714,0.008173742
10442,76518,0.007848233
10443,11715,0.005907898
10444,65695,0.0077486304
10445,63642,0.0083086565
10446,80189,0.019998942
10447,73412,0.0014975807
10448,60281,0.012877033
10449,52164,0.0025598067
10450,64069,0.0077848113
10451,42208,0.007458087
10452,100493,0.053899966
10453,28694,0.020939998
10454,97884,0.0194332
10455,95174,0.0028401762
10456,98733,0.018171003
10457,39112,0.0047593904
10458,109214,0.008204511
10459,66426,0.0015666143
10460,8122,0.0073290174
10461,70532,0.0078090434
10462,24375,0.002661905
10463,115180,0.0016143927
10464,34688,0.0031772251
10465,87487,0.020027764
10466,101071,0.020559303
10467,51212,0.0031922236
10468,82774,0.006045691
10469,64666,0.0025348978
10470,115816,0.011701322
10471,54841,0.009301269
10472,76526,0.05430571
10473,70017,0.018870499
10474,8249,0.006209535
10475,102618,0.008722195
10476,108206,0.002705636
10477,17336,0.004005561
10478,89412,0.0031869553
10479,42247,0.021181539
10480,93704,0.021217316
10481,7477,0.008525314
10482,822,0.010408059
10483,10557,0.0130225
10484,64824,0.0019407654
10485,43429,0.011795676
10486,28300,0.0080197435
10487,2725,0.005806621
10488,110311,0.002787786
10489,49305,0.01215791
10490,1917,0.007988558
10491,88742,0.020664765
10492,66831,0.02305586
10493,112380,0.0014975807
10494,62086,0.002931354
10495,82752,0.0015666143
10496,65665,0.0026188802
10497,77449,0.0014975807
10498,87099,0.0015666143
10499,86290,0.0015666143
10500,53644,0.0014975807
10501,4702,0.0326039
10502,55669,0.006218357
10503,71643,0.0031869553
10504,54488,0.03205202
10505,10266,0.008580559
10506,56319,0.008839297
10507,82696,0.013363381
10508,97507,0.011701322
10509,5044,0.03824978
10510,89296,0.0028740324
10511,52685,0.006136059
10512,38479,0.014821278
10513,88365,0.0031840072
10514,101534,0.021181539
10515,65503,0.002787786
10516,111060,0.0074420194
10517,55681,0.056593176
10518,38217,0.02304451
10519,11364,0.010750623
10520,55369,0.0015202472
10521,30271,0.013320503
10522,99295,0.029068664
10523,94245,0.0033073684
10524,50953,0.027325926
10525,35484,0.0075015095
10526,70392,0.0023148167
10527,3573,0.016027553
10528,94469,0.020559303
10529,102160,0.008104689
10530,88807,0.011701322
10531,78243,0.0014975807
10532,52632,0.0033612684
10533,11898,0.0135695245
10534,90474,0.052934613
10535,51216,0.006519191
10536,52936,0.0017386912
10537,102652,0.0022495086
10538,99613,0.007529771
10539,46914,0.008974107
10540,44634,0.011954552
10541,16741,0.0031765336
10542,58759,0.047870692
10543,10462,0.008057577
10544,64115,0.003125569
10545,81610,0.010662305
10546,29676,0.013363381
10547,47425,0.014944271
10548,55440,0.02117258
10549,92808,0.0033225762
10550,78741,0.011954552
10551,23611,0.011795676
10552,37871,0.032247413
10553,2194,0.0043883994
10554,50683,0.010847788
10555,97985,0.040500026
10556,86942,0.0034349244
10557,81495,0.040132347
10558,103372,0.002705636
10559,5632,0.0073290174
10560,89622,0.011701322
10561,4084,0.003410524
10562,93956,0.0030200463
10563,76529,0.0018149752
10564,61346,0.0020554126
10565,103034,0.0029255701
10566,11147,0.00854181
10567,76663,0.0039089746
10568,92296,0.0031869553
10569,76064,0.002942954
10570,55064,0.086372
10571,115067,0.0063741137
10572,80668,0.0031869553
10573,90454,0.05430571
10574,62940,0.0026180272
10575,107169,0.06432357
10576,70618,0.01596527
10577,2575,0.0073626186
10578,62463,0.002931354
10579,72667,0.052536163
10580,112388,0.0025348978
10581,58796,0.008028138
10582,109235,0.036619928
10583,61591,0.011954552
10584,4231,0.0031869553
10585,96487,0.0027681827
10586,66170,0.007822577
10587,108486,0.02014425
10588,39274,0.011927929
10589,50915,0.008974107
10590,47727,0.0028183842
10591,113462,0.053207587
10592,46393,0.010250517
10593,92820,0.006480111
10594,66106,0.0014532544
10595,12412,0.0063942196
10596,84796,0.004099291
10597,11502,0.0033612684
10598,11578,0.016000383
10599,42388,0.0033612684
10600,54315,0.021766486
10601,70553,0.011701322
10602,34271,0.0030200463
10603,26797,0.008878191
10604,21038,0.006745066
10605,3295,0.0034439529
10606,9760,0.0033343947
10607,97580,0.0025954216
10608,8047,0.007913661
10609,83186,0.0015666143
10610,110613,0.008161338
10611,88054,0.036231093
10612,95114,0.020559303
10613,81359,0.011377048
10614,79087,0.0031359398
10615,73999,0.0015666143
10616,54494,0.010847788
10617,10601,0.007789177
10618,43543,0.011954552
10619,106470,0.0033073684
10620,38812,0.002705636
10621,93209,0.03857721
10622,55027,0.008820013
10623,4844,0.021766486
10624,51403,0.0030200463
10625,5805,0.008330656
10626,64367,0.004953664
10627,56542,0.017187852
10628,44365,0.0034160416
10629,62871,0.01818908
10630,61464,0.0028740324
10631,48094,0.0027627202
10632,93175,0.010847788
10633,42538,0.0015202472
10634,14136,0.00816647
10635,38762,0.03078718
10636,59478,0.008974107
10637,82960,0.025799531
10638,69064,0.0019407654
10639,81831,0.0014975807
10640,33579,0.006496562
10641,13145,0.002787786
10642,103551,0.0023219693
10643,25970,0.0026188802
10644,33808,0.02014425
10645,104284,0.02014425
10646,11518,0.00823505
10647,15060,0.0025042621
10648,92225,0.0029604395
10649,11658,0.0031765336
10650,108458,0.008219141
10651,108643,0.0030200463
10652,69601,0.0049113613
10653,17846,0.039104324
10654,70281,0.002151975
10655,102451,0.023150554
10656,92060,0.018870499
10657,5898,0.0080854
10658,75376,0.040132347
10659,11163,0.005623078
10660,56393,0.008028138
10661,74416,0.0112962825
10662,31895,0.024777869
10663,60316,0.021766486
10664,48546,0.0027627202
10665,64769,0.0026188802
10666,38261,0.00318958
10667,74319,0.0015666143
10668,66032,0.0029354065
10669,42869,0.0041295653
10670,105060,0.040500026
10671,95698,0.0027627202
10672,29876,0.00557888
10673,62437,0.05430571
10674,12658,0.0026898894
10675,105506,0.037389383
10676,89722,0.02343586
10677,79432,0.005469687
10678,46118,0.020351714
10679,10530,0.0031765336
10680,19914,0.013052749
10681,61642,0.047870692
10682,36651,0.011927929
10683,19972,0.0028178282
10684,34243,0.002416298
10685,84706,0.04090623
10686,18761,0.0023095752
10687,105874,0.0076385443
10688,42048,0.013617191
10689,74027,0.009522071
10690,76899,0.011701322
10691,91414,0.011701322
10692,25123,0.011927929
10693,73277,0.00822358
10694,60146,0.03737256
10695,59238,0.026501795
10696,28858,0.00742542
10697,15875,0.0040854746
10698,76203,0.0015666143
10699,83709,0.046898387
10700,51696,0.0026188802
10701,22577,0.015071701
10702,81433,0.0023281192
10703,79268,0.002765996
10704,41106,0.01386769
10705,102183,0.020559303
10706,108700,0.01818908
10707,75227,0.0014975807
10708,73768,0.024088822
10709,12465,0.0073617543
10710,76629,0.00764234
10711,98660,0.012119228
10712,73751,0.0034717065
10713,2601,0.018921904
10714,107272,0.0024696516
10715,3504,0.011044226
10716,12152,0.008007766
10717,43774,0.015097311
10718,53094,0.0014975807
10719,78978,0.0117283845
10720,25867,0.0028740324
10721,45911,0.002931354
10722,45831,0.014100403
10723,1332,0.014175977
10724,105254,0.023337279
10725,22823,0.021766486
10726,88707,0.004122085
10727,90304,0.0018149752
10728,42525,0.021705776
10729,72606,0.0014975807
10730,26202,0.008017502
10731,3549,0.016027553
10732,24962,0.0023749098
10733,39676,0.0030200463
10734,114631,0.0039413366
10735,60714,0.021766486
10736,49937,0.016434142
10737,96201,0.0031869553
10738,34153,0.002885406
10739,54748,0.013363381
10740,75193,0.0028178282
10741,38428,0.02528609
10742,43323,0.016238391
10743,113761,0.002942954
10744,79414,0.009079536
10745,2706,0.028871667
10746,44883,0.008139246
10747,60819,0.0015666143
10748,34995,0.0013480855
10749,88824,0.018870499
10750,86214,0.05430571
10751,109473,0.008477296
10752,76567,0.0022495086
10753,59267,0.024691269
10754,58952,0.0076402933
10755,81715,0.008214707
10756,40495,0.03205202
10757,59615,0.013050581
10758,110592,0.028454639
10759,97957,0.053207587
10760,66236,0.007988149
10761,56386,0.03078718
10762,26232,0.015071701
10763,101340,0.0028740324
10764,81492,0.0015666143
10765,73494,0.011701322
10766,39333,0.007748927
10767,104529,0.0034349244
10768,89535,0.024691269
10769,62010,0.01818908
10770,31732,0.011954552
10771,109477,0.0087579265
10772,114798,0.0016143927
10773,46833,0.01015038
10774,36568,0.019425618
10775,94810,0.011481914
10776,63028,0.0014975807
10777,25160,0.011927929
10778,88471,0.05430571
10779,99396,0.0014975807
10780,25528,0.016210878
10781,5902,0.007988558
10782,2595,0.005907898
10783,47040,0.0021768152
10784,52827,0.0028233994
10785,13105,0.0015202472
10786,115924,0.0014975807
10787,18765,0.009586077
10788,13912,0.025030723
10789,79543,0.018870499
10790,108514,0.0027482088
10791,9100,0.0043650316
10792,94930,0.008974107
10793,25876,0.016210878
10794,76210,0.008192686
10795,56332,0.05430571
10796,1624,0.023246348
10797,112641,0.0063867075
10798,39484,0.016238391
10799,81810,0.03646234
10800,115477,0.013363381
10801,54318,0.013783108
10802,37243,0.011927929
10803,22875,0.0029394678
10804,42564,0.020939998
10805,9698,0.038392194
10806,113933,0.008366825
10807,32501,0.017294373
10808,3008,0.01619399
10809,91790,0.0015666143
10810,43192,0.007759703
10811,41950,0.023743581
10812,23698,0.0057216138
10813,45263,0.0022401751
10814,18875,0.009329846
10815,81786,0.0014975807
10816,49799,0.0031922236
10817,42007,0.036264043
10818,775,0.0018945986
10819,71195,0.0015666143
10820,52299,0.0067857914
10821,83549,0.0072914306
10822,71332,0.05430571
10823,48805,0.018870499
10824,13716,0.008511593
10825,65731,0.0028740324
10826,14417,0.0029336698
10827,20997,0.0015666143
10828,46710,0.014821278
10829,114308,0.0033073684
10830,72841,0.018226296
10831,10919,0.011114448
10832,45232,0.006147749
10833,32416,0.02014425
10834,24077,0.010226927
10835,55287,0.01727105
10836,47049,0.015699996
10837,9551,0.013169274
10838,110766,0.008220245
10839,51408,0.007807063
10840,33412,0.02014425
10841,15236,0.0015202472
10842,22153,0.011927929
10843,66432,0.0029354065
10844,57296,0.012594699
10845,3734,0.0015202472
10846,55238,0.007036886
10847,24293,0.020338813
10848,64484,0.0028178282
10849,28044,0.0017637569
10850,44067,0.018870499
10851,6318,0.023005722
10852,26292,0.011954552
10853,85108,0.002787786
10854,22275,0.006889161
10855,8287,0.0032021408
10856,78007,0.009621849
10857,22554,0.004888803
10858,103255,0.0071453997
10859,35218,0.013801826
10860,75711,0.013822462
10861,19294,0.0044766217
10862,12052,0.0015903247
10863,114877,0.012280543
10864,58376,0.040132347
10865,54739,0.018870499
10866,4273,0.0053519174
10867,45505,0.0318103
10868,50215,0.016434142
10869,7813,0.0043650316
10870,67466,0.011701322
10871,101439,0.054312814
10872,103589,0.053207587
10873,87267,0.008605831
10874,67425,0.021874467
10875,10392,0.007845734
10876,18338,0.0018945986
10877,67781,0.010974002
10878,87175,0.0026368657
10879,58971,0.0018149752
10880,3,0.020351714
10881,66132,0.0072808424
10882,101232,0.00742542
10883,92250,0.006931486
10884,22672,0.029828146
10885,70224,0.011701322
10886,103227,0.01596527
10887,80429,0.017496003
10888,91761,0.05430571
10889,63998,0.0028740324
10890,7694,0.038392194
10891,97868,0.013121161
10892,16017,0.0040854746
10893,57318,0.014821278
10894,39893,0.015071701
10895,90715,0.014843087
10896,22329,0.024691269
10897,18896,0.021766486
10898,57309,0.0033073684
10899,16683,0.043726638
10900,68052,0.0019407654
10901,104690,0.006782402
10902,10744,0.01613039
10903,7407,0.0053519174
10904,35018,0.0066663064
10905,67756,0.02054627
10906,115706,0.008109559
10907,115414,0.0017139814
10908,26964,0.013363381
10909,104109,0.02304451
10910,73856,0.0028178282
10911,13695,0.0026898894
10912,18224,0.0023314152
10913,97407,0.016521668
10914,111965,0.010424407
10915,80743,0.008044203
10916,33413,0.02304451
10917,93668,0.020856846
10918,48694,0.0019407654
10919,100860,0.011075863
10920,100152,0.011657114
10921,91841,0.010774418
10922,53488,0.013719158
10923,3062,0.007259203
10924,67612,0.05430571
10925,69049,0.0035444936
10926,115214,0.037987046
10927,26414,0.020939998
10928,82756,0.013525569
10929,44417,0.02014425
10930,45655,0.021457676
10931,64888,0.0014532544
10932,114758,0.006245096
10933,42149,0.010876812
10934,107933,0.009415221
10935,20731,0.0025933972
10936,74796,0.016761128
10937,75188,0.018226296
10938,26950,0.04107195
10939,29133,0.008161338
10940,52355,0.024691269
10941,89575,0.011701322
10942,112348,0.007450438
10943,92916,0.03799679
10944,113611,0.0076662046
10945,68611,0.014843087
10946,2778,0.005907898
10947,96817,0.011701322
10948,39825,0.002705636
10949,11816,0.002094208
10950,85497,0.0031913405
10951,2051,0.0054858318
10952,56403,0.020288955
10953,85836,0.012584818
10954,90944,0.0014975807
10955,51380,0.013363381
10956,40245,0.041105755
10957,75866,0.0019496081
10958,4678,0.005222508
10959,70191,0.011701322
10960,112369,0.006787087
10961,60920,0.03799679
10962,51923,0.0061711967
10963,34989,0.00701497
10964,43441,0.011795676
10965,72947,0.011701322
10966,109656,0.011657114
10967,58424,0.028312553
10968,1652,0.0064480295
10969,78801,0.0031869553
10970,68606,0.011701322
10971,100292,0.009838344
10972,85711,0.0034717065
10973,28648,0.03078718
10974,87131,0.0015666143
10975,23464,0.046898387
10976,27120,0.006316343
10977,40216,0.03847047
10978,60901,0.0024864173
10979,115420,0.01767445
10980,80746,0.011701322
10981,2463,0.005623078
10982,65874,0.0019407654
10983,76285,0.0015666143
10984,44244,0.0027627202
10985,31185,0.006496562
10986,104100,0.0030379726
10987,41357,0.007836134
10988,75201,0.006045545
10989,2695,0.0033832586
10990,42362,0.012646616
10991,26821,0.024691269
10992,86482,0.034524955
10993,12078,0.020021347
10994,75850,0.0025431737
10995,22016,0.002094208
10996,59964,0.03745748
10997,65171,0.0031772251
10998,39896,0.020231957
10999,43812,0.019645642
11000,37209,0.0031869553
11001,20561,0.026682893
11002,70743,0.0015666143
11003,15145,0.008514063
11004,28190,0.02054627
11005,43357,0.013363381
11006,25457,0.0084857
11007,61412,0.015097311
11008,76117,0.0015666143
11009,36620,0.0033612684
11010,38532,0.0015903247
11011,95518,0.054126825
11012,47949,0.0015666143
11013,26448,0.0014975807
11014,70228,0.00843541
11015,15544,0.0030200463
11016,98029,0.013774861
11017,84105,0.008285288
11018,103827,0.0014102382
11019,90617,0.05430571
11020,115972,0.00538739
11021,60408,0.009244705
11022,24577,0.011954552
11023,21155,0.01961196
11024,99203,0.011657114
11025,86021,0.0033957616
11026,51791,0.021766486
11027,103815,0.008214637
11028,10577,0.0055644973
11029,60102,0.00931204
11030,9810,0.0071955486
11031,42035,0.03078718
11032,35868,0.010847788
11033,52694,0.013617191
11034,86042,0.0072191637
11035,93036,0.006740678
11036,54924,0.018870499
11037,47001,0.0058175544
11038,82617,0.05430571
11039,86128,0.01818908
11040,93129,0.015479199
11041,6651,0.016000383
11042,11476,0.0033612684
11043,83683,0.003052717
11044,22365,0.003490894
11045,84386,0.0015666143
11046,50241,0.019030845
11047,78154,0.0034717065
11048,24094,0.009970331
11049,53614,0.003528275
11050,113955,0.029405383
11051,93685,0.020856846
11052,38296,0.007773496
11053,63031,0.05430571
11054,112539,0.002416298
11055,41580,0.011927929
11056,19561,0.01818908
11057,46029,0.00784768
11058,63462,0.011694387
11059,58922,0.021766486
11060,7896,0.011927929
11061,88874,0.013363381
11062,22026,0.005935825
11063,62136,0.014821278
11064,15690,0.0024544029
11065,111419,0.0050682463
11066,107438,0.00557888
11067,49029,0.013363381
11068,37131,0.016616879
11069,45728,0.0014532544
11070,105355,0.0014975807
11071,21261,0.002416298
11072,105959,0.028454639
11073,83056,0.002416298
11074,87141,0.016521668
11075,16041,0.0023314152
11076,29696,0.013363381
11077,106351,0.011780939
11078,79171,0.005750279
11079,57390,0.009588803
11080,82793,0.007887811
11081,115054,0.0030624343
11082,26444,0.011795676
11083,81370,0.008329333
11084,32998,0.053688493
11085,115346,0.0014975807
11086,21706,0.0030200463
11087,100561,0.03857721
11088,104030,0.05377881
11089,21532,0.006978121
11090,113547,0.008222818
11091,89884,0.015163635
11092,13529,0.0028178282
11093,90660,0.01299166
11094,68830,0.002931354
11095,75906,0.023743581
11096,24370,0.011795676
11097,10130,0.0033343947
11098,13167,0.01624332
11099,71859,0.035899885
11100,10887,0.00761705
11101,31749,0.009704879
11102,79761,0.04090623
11103,85676,0.0015666143
11104,69206,0.021766486
11105,74626,0.032865394
11106,103757,0.006985311
11107,83425,0.030417496
11108,75831,0.019301342
11109,88999,0.002931354
11110,70624,0.029891824
11111,55983,0.002973039
11112,60015,0.0026188802
11113,1353,0.0077361893
11114,24058,0.016073974
11115,3371,0.02305342
11116,52837,0.046898387
11117,61899,0.04131836
11118,29578,0.0027901384
11119,65798,0.008178038
11120,105354,0.0014752509
11121,21289,0.0054284823
11122,55633,0.010847788
11123,29553,0.00557888
11124,58198,0.01767445
11125,82597,0.019215297
11126,20235,0.0020554126
11127,78048,0.021766486
11128,96982,0.011701322
11129,59540,0.03205202
11130,8602,0.005557491
11131,88129,0.0055117775
11132,51181,0.0030200463
11133,105985,0.0028740324
11134,104066,0.01767445
11135,59602,0.0124995615
11136,19402,0.012781196
11137,55326,0.029891824
11138,18919,0.0073015643
11139,92021,0.0028480412
11140,39787,0.002094208
11141,109399,0.0048850626
11142,59830,0.014304642
11143,44834,0.0023148167
11144,48334,0.019991746
11145,12615,0.025448183
11146,111790,0.0014975807
11147,89064,0.0031772251
11148,43828,0.05441054
11149,1422,0.0068125953
11150,100543,0.0078777205
11151,17290,0.0041030846
11152,47491,0.016561493
11153,35121,0.0022401751
11154,69779,0.05430571
11155,13915,0.01818908
11156,96879,0.018986482
11157,83466,0.0014975807
11158,39948,0.011795676
11159,62290,0.0025431737
11160,50917,0.008974107
11161,16321,0.0015202472
11162,25258,0.015071701
11163,45426,0.01818908
11164,45898,0.007855517
11165,46709,0.02014425
11166,36590,0.032522943
11167,18538,0.0015666143
11168,91709,0.0034717065
11169,98810,0.037186064
11170,105057,0.02014425
11171,22550,0.019310921
11172,14983,0.0025042621
11173,42020,0.016761128
11174,7279,0.005595359
11175,44246,0.002994164
11176,39617,0.011927929
11177,63095,0.044313025
11178,60632,0.0027627202
11179,113847,0.012089948
11180,87236,0.007219563
11181,101435,0.011657114
11182,106169,0.00784768
11183,101378,0.001789183
11184,55587,0.0030200463
11185,83603,0.014821278
11186,16034,0.0035494838
11187,78841,0.007943366
11188,15841,0.025515957
11189,82121,0.0034349244
11190,79527,0.008974107
11191,16260,0.0014532544
11192,7829,0.005935825
11193,39608,0.02755266
11194,105637,0.014741468
11195,97735,0.0027091918
11196,31048,0.009759635
11197,91366,0.006740678
11198,64919,0.006368656
11199,64719,0.0022495086
11200,50778,0.061023254
11201,96900,0.012234012
11202,69161,0.0039027727
11203,112925,0.0063741137
11204,70041,0.0028740324
11205,11455,0.016000383
11206,15252,0.0031023843
11207,57756,0.012561091
11208,103220,0.008836669
11209,54967,0.002705636
11210,90224,0.0015666143
11211,43045,0.006147749
11212,37308,0.0049254824
11213,47737,0.0026188802
11214,78740,0.0028457916
11215,54094,0.0023749098
11216,23861,0.018990442
11217,14497,0.0103017595
11218,6078,0.0033343947
11219,36799,0.001789183
11220,109694,0.01333694
11221,93369,0.028454639
11222,18412,0.046898387
11223,92946,0.0017386912
11224,44360,0.017887197
11225,7677,0.008330656
11226,79816,0.021766486
11227,33868,0.005906842
11228,39750,0.014821278
11229,76860,0.007756215
11230,30756,0.021721546
11231,101903,0.02403022
11232,7934,0.0043883994
11233,5404,0.008401163
11234,95807,0.016521668
11235,27717,0.01015165
11236,2919,0.016027553
11237,75803,0.013822462
11238,7328,0.011698334
11239,33300,0.014759729
11240,65363,0.0011953977
11241,70979,0.0014975807
11242,49601,0.019863103
11243,52670,0.0015666143
11244,102146,0.0015666143
11245,23557,0.010369356
11246,63635,0.010170478
11247,3228,0.006097083
11248,43514,0.021181539
11249,112670,0.02225562
11250,79520,0.010847788
11251,112338,0.0015666143
11252,31315,0.024537196
11253,62331,0.012781196
11254,92364,0.05430571
11255,79146,0.0026360054
11256,101668,0.0030200463
11257,85424,0.007093036
11258,85655,0.0015666143
11259,34942,0.016434142
11260,40914,0.05369818
11261,113880,0.02014425
11262,15460,0.0014532544
11263,45338,0.003528275
11264,26432,0.015071701
11265,106859,0.011657114
11266,111627,0.054312814
11267,65182,0.0029354065
11268,97209,0.053899966
11269,97435,0.020185387
11270,43356,0.015097311
11271,84672,0.021766486
11272,82275,0.0034349244
11273,50757,0.008974107
11274,20768,0.011607669
11275,59023,0.006253963
11276,15829,0.012781196
11277,24253,0.011795676
11278,91534,0.021834597
11279,94986,0.0014975807
11280,94959,0.007344881
11281,28916,0.036347944
11282,3273,0.038392194
11283,80607,0.021766486
11284,17364,0.0030200463
11285,23356,0.021766486
11286,80812,0.0033531983
11287,20302,0.0058863736
11288,90802,0.021874467
11289,10126,0.005595359
11290,52612,0.008974107
11291,57392,0.0028491656
11292,84245,0.011701322
11293,46012,0.0015202472
11294,16832,0.0051095607
11295,105719,0.0129041
11296,57910,0.02471318
11297,3311,0.022975886
11298,46901,0.0033612684
11299,38578,0.008589553
11300,111692,0.026488168
11301,10286,0.016000383
11302,61657,0.0029604395
11303,109250,0.018986482
11304,107989,0.0030363395
11305,29504,0.013363381
11306,7721,0.0033343947
11307,105822,0.008123694
11308,16246,0.0023314152
11309,62389,0.0015666143
11310,11457,0.0039192443
11311,102985,0.010847788
11312,59743,0.0014532544
11313,77479,0.014203352
11314,55755,0.0030200463
11315,76704,0.011701322
11316,18629,0.024424084
11317,92001,0.026155245
11318,106215,0.0028740324
11319,71852,0.05430571
11320,63974,0.002931354
11321,76466,0.03205202
11322,3539,0.016301729
11323,19711,0.0021704733
11324,74365,0.021766486
11325,100201,0.037169185
11326,18635,0.006353451
11327,46391,0.0076272497
11328,43957,0.041144025
11329,26132,0.003848186
11330,66858,0.0015202472
11331,68080,0.02175944
11332,92670,0.043058597
11333,34485,0.046898387
11334,26017,0.008042665
11335,105999,0.0014975807
11336,113780,0.0067295013
11337,38119,0.01818908
11338,77492,0.008518501
11339,111190,0.0071583306
11340,44860,0.018870499
11341,84248,0.00777938
11342,74595,0.0031869386
11343,78822,0.0028740324
11344,45187,0.011927929
11345,69312,0.0015666143
11346,57905,0.016434142
11347,25779,0.0023281192
11348,80061,0.027209202
11349,3510,0.0053519174
11350,43661,0.0015202472
11351,36945,0.015071701
11352,2836,0.016301729
11353,102306,0.0018149752
11354,11656,0.009259234
11355,37498,0.007459097
11356,8561,0.00731552
11357,75628,0.0077361166
11358,26471,0.0074216286
11359,41107,0.0117283845
11360,108798,0.047870692
11361,77522,0.040196482
11362,88953,0.016521668
11363,10113,0.0033343947
11364,88458,0.020559303
11365,33756,0.0023281192
11366,21265,0.006496562
11367,25617,0.011927929
11368,77335,0.026229994
11369,74166,0.03799679
11370,56251,0.013363381
11371,114070,0.0014975807
11372,46512,0.008242056
11373,107841,0.040564727
11374,43926,0.008575641
11375,4582,0.0077431104
11376,9717,0.0034439529
11377,50476,0.006344309
11378,47176,0.013115073
11379,42017,0.011954552
11380,72466,0.0015666143
11381,26624,0.020939998
11382,15712,0.020169556
11383,37546,0.020939998
11384,62849,0.040196482
11385,100344,0.0025348978
11386,6656,0.0034439529
11387,83219,0.010791936
11388,42662,0.008327032
11389,74918,0.0031772251
11390,40575,0.0029025506
11391,35136,0.02502202
11392,25929,0.008110725
11393,70771,0.047870692
11394,9160,0.0058722016
11395,11809,0.0015202472
11396,17958,0.0026898894
11397,15011,0.0067485077
11398,105080,0.0015666143
11399,115642,0.002705636
11400,5417,0.005907898
11401,110351,0.0030200463
11402,110965,0.0015548919
11403,69819,0.0026188802
11404,28528,0.0014532544
11405,45429,0.021766486
11406,91785,0.0015666143
11407,64001,0.002931354
11408,88237,0.013320503
11409,101216,0.012199447
11410,76493,0.008220008
11411,104113,0.0015548919
11412,67316,0.035899885
11413,61378,0.0028740324
11414,79798,0.020559303
11415,59547,0.05430571
11416,103675,0.02014425
11417,54321,0.0075835255
11418,52968,0.0046502254
11419,92040,0.037528723
11420,52572,0.0015666143
11421,39192,0.002705636
11422,70223,0.014843087
11423,55844,0.021766486
11424,10197,0.016000383
11425,23648,0.0031023843
11426,74996,0.018870499
11427,20832,0.0026898894
11428,100608,0.018476192
11429,51134,0.00784212
11430,114271,0.0015548919
11431,87450,0.007096825
11432,6268,0.0073290174
11433,40239,0.0015903247
11434,22089,0.0026898894
11435,7059,0.010238653
11436,85520,0.0015666143
11437,41305,0.0026188802
11438,2286,0.008008633
11439,14093,0.008974107
11440,63625,0.00777938
11441,111092,0.009647834
11442,110720,0.010792852
11443,65347,0.0026188802
11444,94328,0.004481061
11445,110190,0.006047238
11446,55406,0.0030200463
11447,20826,0.015787302
11448,81161,0.011701322
11449,9925,0.005158255
11450,13951,0.014821278
11451,114983,0.046898387
11452,98349,0.0028740324
11453,33387,0.021766486
11454,73411,0.0014975807
11455,3496,0.0073290174
11456,46802,0.0041295653
11457,106987,0.0014102382
11458,102811,0.0029025506
11459,16278,0.03205202
11460,43773,0.015071701
11461,21428,0.0026898894
11462,21298,0.002936568
11463,74370,0.0015666143
11464,62874,0.019235024
11465,102406,0.0028740324
11466,71119,0.021766486
11467,33315,0.0028178282
11468,59673,0.07999561
11469,69689,0.005370364
11470,25007,0.0201032
11471,49950,0.03078718
11472,97366,0.01983449
11473,77148,0.027976722
11474,41679,0.011795676
11475,5440,0.0077512083
11476,13109,0.0015202472
11477,71418,0.014791633
11478,92918,0.004702347
11479,87125,0.002250274
11480,27452,0.01767445
11481,21775,0.015071701
11482,11491,0.0073550115
11483,53666,0.0015666143
11484,86569,0.021279197
11485,58377,0.0077016577
11486,62142,0.0031869553
11487,4577,0.01613039
11488,73874,0.014843087
11489,19842,0.0017637569
11490,101887,0.001564263
11491,63696,0.0029036975
11492,66316,0.0027627202
11493,114484,0.013363381
11494,45267,0.014944271
11495,67039,0.05430571
11496,5159,0.003490894
11497,110422,0.0027442817
11498,369,0.0028740324
11499,35245,0.021766486
11500,29086,0.013363381
11501,11713,0.016000383
11502,40490,0.015071701
11503,67185,0.0025348978
11504,25689,0.006206534
11505,85759,0.00508595
11506,105265,0.0027482088
11507,94215,0.006804231
11508,91349,0.0033073684
11509,65523,0.008254073
11510,106759,0.021834597
11511,28368,0.008878191
11512,88095,0.01873722
11513,72280,0.014843087
11514,43118,0.0026188802
11515,2805,0.022975886
11516,86680,0.005865436
11517,112071,0.007708304
11518,56630,0.05430571
11519,44801,0.008974107
11520,62369,0.0018149752
11521,42866,0.016210878
11522,114649,0.0031772251
11523,77051,0.008042072
11524,107427,0.05377881
11525,21617,0.008360663
11526,111303,0.035698056
11527,29292,0.01767445
11528,102344,0.0025954216
11529,114598,0.002705636
11530,25772,0.0078049432
11531,61026,0.04090623
11532,613,0.0027627202
11533,14278,0.021766486
11534,101895,0.011184078
11535,76131,0.023024295
11536,1292,0.005157164
11537,64355,0.0022401751
11538,98734,0.0015666143
11539,11863,0.0073365974
11540,7543,0.02024892
11541,47328,0.015071701
11542,16941,0.0362064
11543,18196,0.002094208
11544,8954,0.004953245
11545,22629,0.0028178282
11546,31560,0.008007766
11547,10539,0.024355432
11548,19510,0.021766486
11549,65552,0.0077486304
11550,47412,0.020939998
11551,33702,0.003547776
11552,70473,0.016467914
11553,68630,0.05430571
11554,35759,0.024537196
11555,44835,0.0036643194
11556,111514,0.03363203
11557,25093,0.016117455
11558,5582,0.008124677
11559,114479,0.028454639
11560,89186,0.0034717065
11561,38508,0.006496562
11562,81189,0.010847788
11563,36874,0.012895575
11564,78668,0.040132347
11565,20730,0.0048741084
11566,57470,0.014821278
11567,10334,0.0064684614
11568,109093,0.007687582
11569,63140,0.021181539
11570,92277,0.0014975807
11571,26853,0.011795676
11572,110227,0.018870499
11573,53070,0.007984795
11574,80526,0.0031913405
11575,23174,0.002931354
11576,4810,0.022975886
11577,60474,0.008514063
11578,16867,0.0040854746
11579,92528,0.014843087
11580,20342,0.0348847
11581,39872,0.0015202472
11582,13703,0.01613039
11583,115906,0.0021768152
11584,69603,0.0015666143
11585,39014,0.021834597
11586,8204,0.0033343947
11587,104792,0.009960028
11588,74221,0.047870692
11589,75659,0.021766486
11590,31770,0.006136059
11591,7579,0.008044203
11592,106715,0.02014425
11593,55020,0.016434142
11594,103605,0.05377881
11595,37979,0.002453603
11596,78423,0.0026188802
11597,67737,0.0020351268
11598,96208,0.0014975807
11599,90672,0.002931354
11600,34465,0.03205202
11601,114517,0.03734712
11602,13520,0.0018411374
11603,41567,0.03837288
11604,97174,0.01386769
11605,8662,0.012406077
11606,100843,0.040132347
11607,106619,0.011234223
11608,98742,0.005473551
11609,22002,0.039670773
11610,105875,0.0028178282
11611,88346,0.012500143
11612,86968,0.026488168
11613,112667,0.031099305
11614,106572,0.006767856
11615,107398,0.00557888
11616,4653,0.007692108
11617,89017,0.031099305
11618,96256,0.011701322
11619,69546,0.01596527
11620,71620,0.012424803
11621,21351,0.008556793
11622,65563,0.0108138975
11623,85630,0.024691269
11624,2499,0.016027553
11625,63593,0.015030524
11626,24537,0.0050858287
11627,29328,0.013363381
11628,39922,0.032247413
11629,69368,0.0015666143
11630,24359,0.0030200463
11631,82097,0.015073434
11632,105771,0.028454639
11633,102265,0.007080641
11634,89415,0.03737256
11635,13085,0.017149016
11636,62784,0.01596527
11637,88247,0.011056904
11638,56373,0.012716733
11639,45195,0.022926632
11640,30048,0.018487854
11641,97337,0.008463575
11642,48124,0.0014975807
11643,26156,0.03205202
11644,65089,0.0029487705
11645,16131,0.0014532544
11646,70495,0.024691269
11647,69577,0.011780939
11648,88743,0.03737256
11649,71638,0.0033531983
11650,33805,0.013363381
11651,60203,0.014821278
11652,11819,0.008090388
11653,46014,0.041144025
11654,29351,0.021181539
11655,46294,0.004381581
11656,100135,0.02909459
11657,98069,0.014099614
11658,63676,0.00756642
11659,83139,0.010847788
11660,45754,0.011954552
11661,61739,0.008114041
11662,62800,0.047870692
11663,12694,0.0015666143
11664,112658,0.031099305
11665,86881,0.0030200463
11666,16669,0.0014532544
11667,89096,0.0029476464
11668,5599,0.006921711
11669,6864,0.022975886
11670,56702,0.056530494
11671,95657,0.020559303
11672,71151,0.0014532544
11673,17590,0.03205202
11674,47333,0.019235024
11675,66174,0.007213656
11676,24872,0.02528609
11677,79565,0.034569677
11678,111538,0.013363381
11679,113368,0.016434142
11680,45649,0.0035161602
11681,16976,0.03205202
11682,40276,0.0030200463
11683,32976,0.0031023843
11684,62221,0.021766486
11685,36475,0.0077619823
11686,50678,0.006136059
11687,68255,0.0014975807
11688,85155,0.0020322169
11689,96523,0.011701322
11690,85671,0.005321059
11691,114655,0.003052717
11692,73758,0.02304451
11693,23148,0.002416298
11694,26880,0.0028178282
11695,2245,0.0033343947
11696,34756,0.029254962
11697,17444,0.0015202472
11698,67758,0.0014975807
11699,60458,0.008344171
11700,86609,0.0062656044
11701,8046,0.00890543
11702,115979,0.014148402
11703,9993,0.0056695617
11704,58498,0.00554198
11705,6775,0.0046404405
11706,85263,0.002453603
11707,37568,0.020939998
11708,63494,0.00742542
11709,5551,0.016000383
11710,12646,0.007034461
11711,75661,0.002942954
11712,90812,0.040308952
11713,52738,0.0015666143
11714,103004,0.002416298
11715,63199,0.005370364
11716,71389,0.008974107
11717,68552,0.0015666143
11718,35212,0.006136059
11719,59092,0.016434142
11720,115857,0.0014975807
11721,2816,0.0064940355
11722,109242,0.011657114
11723,107241,0.002705636
11724,41039,0.021766486
11725,78128,0.0025348978
11726,50523,0.005618331
11727,31774,0.009402538
11728,29605,0.007582704
11729,21469,0.0028457916
11730,61871,0.0031869386
11731,28278,0.0014975807
11732,92897,0.022001382
11733,47441,0.0061228187
11734,43875,0.01515325
11735,47854,0.0028740324
11736,91613,0.0065564397
11737,72102,0.008995148
11738,7911,0.0031765336
11739,46186,0.011927929
11740,32252,0.002705636
11741,76738,0.008298659
11742,94088,0.0014975807
11743,41546,0.0028740324
11744,5613,0.0039830757
11745,10874,0.016000383
11746,114863,0.011284579
11747,22321,0.0023148167
11748,3241,0.0074793953
11749,46193,0.02354254
11750,99711,0.001486374
11751,89718,0.05430571
11752,87940,0.014843087
11753,115479,0.053207587
11754,108950,0.05372236
11755,21317,0.0014564819
11756,40484,0.00677468
11757,88176,0.011701322
11758,92987,0.020982722
11759,85493,0.038539894
11760,45711,0.046898387
11761,2067,0.034178823
11762,93087,0.007846225
11763,111258,0.018870499
11764,19846,0.024691269
11765,78683,0.0015666143
11766,1954,0.0057762116
11767,74813,0.029284986
11768,94541,0.02343586
11769,36065,0.013363381
11770,113220,0.007812972
11771,25947,0.021279197
11772,24470,0.024088822
11773,111868,0.0027091918
11774,11108,0.008053949
11775,25,0.03699121
11776,89723,0.013363381
11777,33127,0.01767445
11778,59123,0.047870692
11779,32880,0.036847826
11780,52211,0.010374783
11781,28835,0.008535812
11782,23919,0.0071183746
11783,59767,0.006253963
11784,49978,0.013363381
11785,1627,0.0033343947
11786,54457,0.008571081
11787,115637,0.0030363395
11788,26117,0.02354254
11789,2216,0.013126928
11790,49962,0.002453603
11791,70552,0.008974107
11792,2815,0.0064940355
11793,112277,0.016434142
11794,90537,0.039093245
11795,109277,0.0014975807
11796,80249,0.011701322
11797,14097,0.008974107
11798,46266,0.008007766
11799,93434,0.046980076
11800,27501,0.008017502
11801,93616,0.05430571
11802,60487,0.0015666143
11803,19086,0.028331876
11804,50870,0.010664755
11805,26828,0.018870499
11806,70222,0.035470113
11807,16859,0.012781196
11808,88659,0.020559303
11809,1350,0.034883853
11810,23969,0.003490894
11811,32965,0.007938422
11812,32066,0.013363381
11813,20196,0.0021704733
11814,106827,0.041696433
11815,104565,0.008626428
11816,45791,0.0030200463
11817,105389,0.05377881
11818,47081,0.0033497228
11819,54629,0.0034349244
11820,95515,0.0066141705
11821,95357,0.047870692
11822,69435,0.01883267
11823,92625,0.05430571
11824,3380,0.0033343947
11825,75793,0.013822462
11826,46248,0.011927929
11827,16095,0.0027047533
11828,32477,0.014379261
11829,28492,0.008974107
11830,39692,0.0021152445
11831,80960,0.0019407654
11832,35161,0.0055976254
11833,109215,0.0077081616
11834,53456,0.013363381
11835,24954,0.011379634
11836,34463,0.016434142
11837,21613,0.0028740324
11838,98024,0.011701322
11839,89394,0.020559303
11840,8048,0.015973266
11841,95166,0.0077932505
11842,7587,0.007988558
11843,87242,0.0028480412
11844,32447,0.013393334
11845,80688,0.011701322
11846,84022,0.03078718
11847,2807,0.007779258
11848,102905,0.013363381
11849,47776,0.00043676386
11850,113304,0.0014975807
11851,5593,0.0061723692
11852,93055,0.0025348978
11853,71537,0.007546195
11854,94462,0.0018149752
11855,37166,0.02014425
11856,23433,0.0077609327
11857,111307,0.0063741137
11858,111690,0.046980076
11859,4463,0.023170194
11860,26634,0.020939998
11861,45438,0.03205202
11862,78809,0.0019407654
11863,46621,0.020939998
11864,107203,0.006687721
11865,49046,0.016761128
11866,40526,0.0015202472
11867,78295,0.024691269
11868,83092,0.011701322
11869,39337,0.021766486
11870,113305,0.02304451
11871,71730,0.018870499
11872,79526,0.0069604465
11873,56740,0.0015202472
11874,104095,0.0028178282
11875,87321,0.030545773
11876,94872,0.013318629
11877,65352,0.008263911
11878,82796,0.0074430723
11879,65685,0.0026188802
11880,16535,0.004888803
11881,67720,0.008974107
11882,27711,0.006150438
11883,24241,0.011927929
11884,14128,0.002787786
11885,72276,0.011701322
11886,83654,0.007546195
11887,50378,0.055099305
11888,21565,0.0015202472
11889,38602,0.0024939207
11890,8077,0.0056496686
11891,53174,0.008214637
11892,49891,0.008142358
11893,62026,0.015097311
11894,85498,0.011701322
11895,770,0.0040854746
11896,99330,0.009024671
11897,8528,0.005907898
11898,5515,0.008144285
11899,108933,0.018171003
11900,100738,0.0026188802
11901,64197,0.002453603
11902,83767,0.044313025
11903,78876,0.0009360371
11904,23352,0.0052710907
11905,69144,0.0028740324
11906,56258,0.00769753
11907,83827,0.015787302
11908,90742,0.05430571
11909,92150,0.020185387
11910,34802,0.013363381
11911,51365,0.006642113
11912,50197,0.0077361893
11913,18541,0.0074707842
11914,80994,0.02208695
11915,105513,0.0014975807
11916,49240,0.0018149752
11917,18817,0.024691269
11918,9069,0.0039192443
11919,95339,0.0028740324
11920,82869,0.008974107
11921,66797,0.002931354
11922,57997,0.0021152445
11923,39087,0.03233501
11924,17043,0.0117283845
11925,107540,0.0027442817
11926,75403,0.009681878
11927,104058,0.006090475
11928,1640,0.0064940355
11929,83408,0.04090623
11930,21579,0.008974107
11931,115636,0.0023749098
11932,101363,0.011657114
11933,68145,0.0015666143
11934,102715,0.0026360054
11935,29262,0.046898387
11936,86927,0.046898387
11937,33116,0.00803825
11938,86615,0.021766486
11939,27531,0.00557888
11940,42675,0.029891824
11941,105326,0.05377881
11942,30359,0.013363381
11943,93486,0.014843087
11944,18023,0.0048478222
11945,2059,0.016301729
11946,69767,0.011701322
11947,92912,0.019565145
11948,53978,0.0015666143
11949,7016,0.008245602
11950,54371,0.008155222
11951,44300,0.025030723
11952,82200,0.008325104
11953,81782,0.047870692
11954,63087,0.08948608
11955,109212,0.010663049
11956,102032,0.013363381
11957,39383,0.032247413
11958,106748,0.007219567
11959,57248,0.0014975807
11960,66035,0.0029354065
11961,15548,0.0022495086
11962,74628,0.0015666143
11963,85849,0.021766486
11964,2530,0.041029323
11965,99009,0.023155913
11966,32255,0.02014425
11967,41756,0.014944271
11968,97624,0.02014425
11969,36482,0.013363381
11970,102372,0.018870499
11971,102807,0.013653227
11972,16043,0.002416298
11973,21491,0.008007766
11974,16385,0.005935825
11975,6577,0.0053519174
11976,103165,0.0032281305
11977,25393,0.0023281192
11978,84603,0.008168838
11979,42539,0.0022401751
11980,86816,0.0028740324
11981,70958,0.011701322
11982,98281,0.053899966
11983,66271,0.0031359398
11984,61702,0.0025765477
11985,111005,0.014279545
11986,31320,0.00414699
11987,55545,0.0028740324
11988,52488,0.0033073684
11989,59042,0.00671212
11990,59832,0.012500143
11991,78101,0.0022495086
11992,34782,0.031194756
11993,75712,0.021766486
11994,392,0.0060511837
11995,52885,0.013363381
11996,37755,0.011927929
11997,35414,0.016434142
11998,8774,0.0161567
11999,23859,0.025541034
12000,9453,0.005242518
12001,46071,0.011954552
12002,84596,0.014296091
12003,15762,0.0024544029
12004,108707,0.0031772251
12005,64774,0.0050512655
12006,48198,0.007358438
12007,115966,0.0034349244
12008,113318,0.006731869
12009,27954,0.0061589405
12010,55112,0.01462113
12011,59501,0.009638257
12012,100163,0.014134264
12013,88416,0.011701322
12014,80325,0.0022495086
12015,1456,0.011795676
12016,95265,0.016625142
12017,73369,0.0014975807
12018,801,0.0058655385
12019,71831,0.015030524
12020,54935,0.006218357
12021,55799,0.0076105897
12022,67413,0.011701322
12023,8173,0.0064940355
12024,90342,0.008974107
12025,57152,0.047870692
12026,78738,0.011701322
12027,50164,0.008974107
12028,79783,0.006897701
12029,77478,0.0012505185
12030,115605,0.03857721
12031,107266,0.011701322
12032,37932,0.021766486
12033,46171,0.015699996
12034,114356,0.005691803
12035,15310,0.036907304
12036,26800,0.0014532544
12037,62483,0.011954552
12038,55047,0.056530494
12039,40930,0.056593176
12040,50380,0.0030200463
12041,86146,0.037465986
12042,55092,0.002931354
12043,10409,0.009953837
12044,46956,0.0015202472
12045,106402,0.05377881
12046,78657,0.0082873255
12047,98202,0.03962842
12048,84924,0.031911682
12049,51127,0.0026188802
12050,17245,0.002094208
12051,50457,0.013363381
12052,14067,0.00784932
12053,12040,0.006787225
12054,79663,0.001564263
12055,5800,0.03504938
12056,84957,0.0059130783
12057,43642,0.004774756
12058,40150,0.0025954216
12059,70602,0.013253106
12060,15305,0.01883267
12061,23568,0.0348847
12062,17171,0.005742011
12063,48877,0.017877717
12064,24381,0.016073974
12065,109028,0.0015548919
12066,67240,0.04090623
12067,8153,0.006910609
12068,71662,0.011701322
12069,85888,0.0027627202
12070,101158,0.00605425
12071,102633,0.0014975807
12072,10383,0.008261426
12073,61991,0.0023281192
12074,46697,0.011954552
12075,107686,0.0015548919
12076,74604,0.0031869553
12077,90430,0.03078718
12078,74632,0.023743581
12079,103963,0.03893476
12080,75688,0.002931354
12081,6999,0.01613039
12082,48723,0.0014975807
12083,103898,0.011657114
12084,32441,0.021766486
12085,94362,0.0077454047
12086,17651,0.008569509
12087,43706,0.011795676
12088,83490,0.012486483
12089,83952,0.03737256
12090,49528,0.013675906
12091,114965,0.006436898
12092,50606,0.001681305
12093,21891,0.0117283845
12094,68978,0.021766486
12095,70986,0.047870692
12096,91816,0.011701322
12097,67476,0.004099291
12098,37489,0.0015202472
12099,77154,0.0050720368
12100,48996,0.025804454
12101,60908,0.05430571
12102,77204,0.0014975807
12103,96070,0.011701322
12104,11631,0.0033343947
12105,105598,0.03677475
12106,72750,0.005222508
12107,24447,0.0028740324
12108,91977,0.008974107
12109,40520,0.007943335
12110,97362,0.009258583
12111,46130,0.0015903247
12112,83510,0.0027632653
12113,12443,0.0026898894
12114,112096,0.0020197462
12115,66501,0.0023148167
12116,24981,0.0012505185
12117,20712,0.0028751667
12118,15382,0.008096222
12119,85170,0.0015666143
12120,54248,0.016434142
12121,54438,0.009498481
12122,111471,0.037838764
12123,91418,0.046898387
12124,10054,0.0083176615
12125,8384,0.007963381
12126,78250,0.008823641
12127,68911,0.021766486
12128,57908,0.0018149752
12129,55296,0.027799668
12130,38945,0.0032021408
12131,75231,0.013822462
12132,30290,0.024751399
12133,69083,0.0018149752
12134,53325,0.016434142
12135,20204,0.024691269
12136,41700,0.007984973
12137,50899,0.0026188802
12138,18498,0.0023200933
12139,21149,0.008007766
12140,70360,0.002931354
12141,83203,0.040132347
12142,66982,0.008974107
12143,15980,0.0028740324
12144,69185,0.0063631483
12145,113043,0.008161338
12146,72727,0.002705636
12147,88013,0.0068537546
12148,101857,0.008477296
12149,12796,0.007546523
12150,32788,0.008641817
12151,51827,0.010698622
12152,98823,0.011236081
12153,56271,0.04090623
12154,47179,0.039721377
12155,90012,0.0014975807
12156,114762,0.0014315847
12157,91587,0.015760325
12158,64253,0.0027627202
12159,13171,0.01946618
12160,12677,0.010806224
12161,31045,0.006496562
12162,59906,0.021766486
12163,95414,0.010847788
12164,35940,0.013363381
12165,76302,0.05430571
12166,84430,0.023330644
12167,78011,0.008217127
12168,44055,0.0022401751
12169,43428,0.01524711
12170,37441,0.0014564819
12171,32776,0.0015202472
12172,19695,0.0040854746
12173,66780,0.020172454
12174,37183,0.03205202
12175,67566,0.03734712
12176,89424,0.0015666143
12177,38665,1.4866192e-06
12178,75991,0.018870499
12179,38305,0.0028178282
12180,53842,0.0120876925
12181,44598,0.037175287
12182,77949,0.018870499
12183,57902,0.0044615655
12184,59995,0.003100714
12185,107728,0.0027560797
12186,40472,0.021766486
12187,43651,0.040760215
12188,46905,0.011954552
12189,25589,0.0031869386
12190,39823,0.014821278
12191,60723,0.0030200463
12192,83167,0.00622957
12193,22282,0.0026705943
12194,58520,0.013363381
12195,76696,0.09008236
12196,112788,0.006789099
12197,98418,0.014379261
12198,17287,0.0046701315
12199,111302,0.0030200463
12200,57381,0.010664755
12201,25801,0.0030200463
12202,46887,0.015273014
12203,49545,0.013363381
12204,47291,0.023793621
12205,55235,0.01818908
12206,24212,0.0080854
12207,81276,0.021664426
12208,10272,0.03504938
12209,82033,0.046898387
12210,109184,0.0072347326
12211,67154,0.007010156
12212,12981,0.007727359
12213,45590,0.0033497228
12214,49129,0.010847788
12215,11257,0.034883853
12216,15837,0.008245602
12217,91102,0.020559303
12218,94545,0.0025340721
12219,64846,0.007310286
12220,19471,0.012781196
12221,11392,0.010238653
12222,84947,0.03205202
12223,14166,0.0048960433
12224,43919,0.020351714
12225,5280,0.008044203
12226,73347,0.0030200463
12227,44514,0.015071701
12228,107240,0.007495284
12229,62038,0.002453603
12230,89923,0.0048967777
12231,38791,0.0015202472
12232,6495,0.028842056
12233,66352,0.008315432
12234,105877,0.002094208
12235,44460,0.0030200463
12236,9244,0.007988558
12237,87674,0.05430571
12238,51159,0.008168153
12239,56658,0.021676235
12240,39436,0.011927929
12241,90426,0.002453603
12242,87398,0.008544937
12243,90553,0.007419859
12244,55484,0.0028740324
12245,101554,0.0063741137
12246,72563,0.013363381
12247,28989,0.037164673
12248,9928,0.008124677
12249,2058,0.016434142
12250,48873,0.046898387
12251,115028,0.002994164
12252,96560,0.007524029
12253,63881,0.0030006133
12254,88006,0.0149119655
12255,84376,0.011701322
12256,72548,0.002345287
12257,86047,0.05430571
12258,105668,0.010253555
12259,3120,0.0084857
12260,86592,0.011701322
12261,29741,0.013363381
12262,84340,0.008974107
12263,113340,0.0069658207
12264,30791,0.0076221954
12265,70440,0.011701322
12266,54879,0.020763556
12267,12242,0.003490894
12268,33542,0.0027758465
12269,63966,0.016434142
12270,41173,0.015071701
12271,35005,0.009081573
12272,8517,0.01613039
12273,20033,0.0030200463
12274,34921,0.013363381
12275,99064,0.0063741137
12276,75942,0.018226296
12277,89400,0.020559303
12278,90019,0.020559303
12279,109053,0.011657114
12280,35632,0.013363381
12281,57004,0.013363381
12282,63297,0.027535327
12283,33731,0.006496562
12284,73773,0.002931354
12285,58003,0.0030200463
12286,66819,0.0031869553
12287,44545,0.018870499
12288,106172,0.011701322
12289,61891,0.0014975807
12290,79270,0.0053411224
12291,61270,0.002094208
12292,96206,0.0020554126
12293,50482,0.0015202472
12294,54936,0.003360896
12295,63931,0.0015666143
12296,98356,0.013065281
12297,109672,0.0030543606
12298,22259,0.0026898894
12299,74643,0.030849362
12300,4517,0.007865324
12301,12991,0.010806224
12302,30426,0.013157771
12303,10799,0.004857864
12304,81223,0.0057508377
12305,3863,0.016000383
12306,56853,0.0025348978
12307,29460,0.03205202
12308,52247,0.013363381
12309,20611,0.0318103
12310,27234,0.010668201
12311,69719,0.015426304
12312,72113,0.0015666143
12313,10421,0.0037338003
12314,64422,0.0076137385
12315,108438,0.0147927515
12316,57034,0.0023356583
12317,82296,0.011828773
12318,66508,0.0023148167
12319,1591,0.010847788
12320,22745,0.0078090434
12321,47738,0.0015202472
12322,83847,0.0029435349
12323,13770,0.024691269
12324,54679,0.0023563425
12325,31493,0.01818908
12326,77089,0.01818908
12327,38735,0.024088822
12328,70145,0.0030200463
12329,51490,0.01818908
12330,52216,0.0031922236
12331,4820,0.017445296
12332,3420,0.0014532544
12333,26659,0.0117283845
12334,69324,0.02264148
12335,70783,0.0033570442
12336,74661,0.0014975807
12337,100105,0.0067485077
12338,65855,0.0054736333
12339,5714,0.0073290174
12340,4620,0.004833151
12341,79009,0.0023281192
12342,574,0.004888803
12343,43778,0.0077900696
12344,101133,0.0023749098
12345,66561,0.00872575
12346,110876,0.011701322
12347,42212,0.0015432577
12348,14554,0.03205202
12349,75691,0.0023144754
12350,4027,0.0053772307
12351,91686,0.018986482
12352,42709,0.011927929
12353,66326,0.00784768
12354,112746,0.0027627202
12355,69645,0.010847788
12356,82438,0.01946618
12357,72724,0.008974107
12358,75665,0.0049779173
12359,70214,0.01579444
12360,40573,0.046898387
12361,69976,0.0014975807
12362,71583,0.020881575
12363,11152,0.024355432
12364,23602,0.0033612684
12365,48796,0.013363381
12366,54080,0.002094208
12367,32497,0.025804454
12368,13699,0.0023148002
12369,65388,0.003125569
12370,21013,0.008330151
12371,30033,0.020236775
12372,110983,0.0061819707
12373,8818,0.015988931
12374,42138,0.11567559
12375,65132,0.0029354065
12376,19663,0.012781196
12377,113652,0.008106579
12378,98930,0.00742542
12379,4192,0.0066506355
12380,61915,0.0031928108
12381,56478,0.0018858586
12382,15904,0.008974107
12383,114538,0.0029025506
12384,112509,0.020629268
12385,11670,0.009587875
12386,2356,0.0072204005
12387,97075,0.0015666143
12388,40525,0.011954552
12389,1293,0.005157164
12390,76202,0.014843087
12391,21543,0.0025042621
12392,18167,0.0028740324
12393,106769,0.030232986
12394,27165,0.023793621
12395,89981,0.03447624
12396,35320,0.013363381
12397,103154,0.0022495086
12398,58371,0.0014975807
12399,46303,0.011795676
12400,36460,0.008974107
12401,84633,0.0031772251
12402,35905,0.027928116
12403,75796,0.006802633
12404,44521,0.046898387
12405,2840,0.0043062926
12406,107655,0.0014975807
12407,91028,0.02225562
12408,90709,0.0015666143
12409,72538,0.0018858586
12410,69897,0.02716275
12411,112173,0.014732579
12412,15184,0.011701322
12413,20404,0.008031155
12414,4842,0.029109659
12415,28724,0.011954552
12416,87296,0.013653227
12417,3834,0.004779754
12418,81397,0.0031869553
12419,31042,0.015752148
12420,25146,0.011927929
12421,103341,0.0033225762
12422,101823,0.002724007
12423,3885,0.0054858318
12424,8500,0.008269172
12425,27879,0.016434142
12426,97591,0.020350901
12427,82133,0.0073886546
12428,86023,0.002942954
12429,38206,0.025099857
12430,81668,0.0530593
12431,114777,0.040132347
12432,75715,0.0020554126
12433,56895,0.009749694
12434,96888,0.017887197
12435,27907,0.008028138
12436,107586,0.0065684235
12437,31444,0.017294373
12438,114717,0.0023432204
12439,114781,0.015202708
12440,112781,0.008041833
12441,68264,0.023743581
12442,23284,0.0061824224
12443,49565,0.013363381
12444,61276,0.015885983
12445,26691,0.03205202
12446,100901,0.007361748
12447,15447,0.014821278
12448,5091,0.012210945
12449,107094,0.011701322
12450,84766,0.04090623
12451,21211,0.0023314152
12452,110678,0.0028178282
12453,84346,0.04090623
12454,53301,0.013363381
12455,91482,0.011701322
12456,42406,0.09033333
12457,64206,0.0026188802
12458,39660,0.014954923
12459,70633,0.012500143
12460,64154,0.002931354
12461,88772,0.02343586
12462,92138,0.039057832
12463,38565,0.026155245
12464,55541,0.00803825
12465,52485,0.0022495086
12466,22445,0.018870499
12467,90485,0.0030200463
12468,473,0.0117283845
12469,97810,0.046980076
12470,46392,0.009123344
12471,52423,0.046898387
12472,18721,0.021766486
12473,30744,0.013363381
12474,69791,0.0018149752
12475,96249,0.043125764
12476,62001,0.011055215
12477,74266,0.0017386912
12478,56490,0.005770354
12479,111889,0.008477296
12480,101073,0.014799884
12481,74795,0.043726638
12482,46007,0.005433407
12483,41418,0.011954552
12484,21145,0.01149556
12485,35238,0.0071160058
12486,87481,0.01596527
12487,464,0.0046325624
12488,51378,0.021116832
12489,73632,0.011701322
12490,57945,0.0015666143
12491,58317,0.03737256
12492,57485,0.047870692
12493,60008,0.0020351268
12494,18099,0.003528275
12495,115851,0.010224427
12496,88103,0.047870692
12497,101613,0.0063741137
12498,42360,0.040760215
12499,7577,0.01060635
12500,6226,0.0077621588
12501,114623,0.054312814
12502,34468,0.00803825
12503,30181,0.021766486
12504,38934,0.0029394678
12505,31701,0.0023749098
12506,54305,0.0028740324
12507,69314,0.01596527
12508,98259,0.011657114
12509,44019,5.5718687e-05
12510,30442,0.007846225
12511,71732,0.027976722
12512,40732,0.008974107
12513,48136,0.0076517374
12514,31510,0.0031869386
12515,96889,0.05430571
12516,58276,0.0015666143
12517,100497,0.011701322
12518,7921,0.004535324
12519,101481,0.037389383
12520,39753,0.012659144
12521,26302,0.03078718
12522,80499,0.0015666143
12523,65849,0.0027627202
12524,11244,0.008362826
12525,43583,0.046898387
12526,36699,0.041105755
12527,58387,0.0029499342
12528,104980,0.002931354
12529,64109,0.0075655105
12530,13833,0.014821278
12531,6562,0.014253098
12532,103288,0.008358798
12533,59038,0.0034349244
12534,39386,0.014944271
12535,94160,0.005222508
12536,63670,0.007820105
12537,111916,0.05267886
12538,26173,0.011927929
12539,32224,0.02014425
12540,96706,0.0011953977
12541,115522,0.0033073684
12542,74594,0.0026188802
12543,29806,0.0033612684
12544,637,0.008007766
12545,56776,0.020006144
12546,82047,0.0028734638
12547,52655,0.011559162
12548,77233,0.0014975807
12549,377,0.012210945
12550,96056,0.002931354
12551,92954,0.0015666143
12552,97874,0.009867013
12553,23880,0.013363381
12554,49399,0.013363381
12555,11320,0.0081308745
12556,60273,0.016434142
12557,9856,0.022975886
12558,24556,0.040760215
12559,105216,0.0015548919
12560,34306,0.013363381
12561,60397,0.012541472
12562,107992,0.0014975807
12563,109472,0.019949026
12564,16758,0.010449454
12565,70652,0.011915561
12566,83921,0.014843087
12567,46324,0.0015903247
12568,24843,0.026776971
12569,110159,0.009801261
12570,40476,0.014944271
12571,101193,0.0024914844
12572,23920,0.006403415
12573,80987,0.002942954
12574,96937,0.014821278
12575,21983,0.026682893
12576,100650,0.014741468
12577,15630,0.011559162
12578,44887,0.0027627202
12579,52180,0.013363381
12580,33286,0.012098117
12581,83208,0.014843087
12582,47356,0.016210878
12583,38434,0.011927929
12584,112786,0.0031873793
12585,62797,0.010571915
12586,89370,0.0042965147
12587,54809,0.0030200463
12588,98706,0.004620527
12589,66360,0.008283709
12590,95846,0.0147927515
12591,114871,0.0068869432
12592,79484,0.011701322
12593,39194,0.010477388
12594,15565,0.002705636
12595,100188,0.019797046
12596,28355,0.00557888
12597,76211,0.00764234
12598,95950,0.03737256
12599,89493,0.020559303
12600,5901,0.0098883305
12601,41869,0.0015202472
12602,18302,0.011795194
12603,94744,0.0077619823
12604,14390,0.008974107
12605,18086,0.006850026
12606,63114,0.05430571
12607,10483,0.0031765336
12608,90620,0.0015666143
12609,43071,0.020939998
12610,16848,0.004888803
12611,59417,0.008908781
12612,106971,0.0077584023
12613,51730,0.028181702
12614,44590,0.0028178282
12615,59779,0.006253963
12616,15215,0.002762175
12617,60216,0.00777938
12618,38557,0.007793199
12619,48799,0.025804454
12620,74136,0.025804454
12621,83015,0.027291141
12622,71222,0.0025222362
12623,36262,0.035159584
12624,114242,0.02014425
12625,98458,0.028998345
12626,42015,0.021766486
12627,79304,0.021945333
12628,74250,0.0031869553
12629,9653,0.008839297
12630,86008,0.0014975807
12631,12755,0.0014532544
12632,81754,0.022965288
12633,87243,0.02755266
12634,18712,0.0015202472
12635,18929,0.0015202472
12636,52538,0.003459785
12637,112487,0.05377881
12638,78991,0.0014564819
12639,87115,0.018870499
12640,10678,0.017152222
12641,107960,0.02304451
12642,783,0.0102474755
12643,83109,0.03096484
12644,23308,0.010880039
12645,115443,0.006528407
12646,30674,0.013363381
12647,102438,0.034341123
12648,21170,0.0017806522
12649,42142,0.009114378
12650,69030,0.0105937235
12651,34757,0.021834597
12652,32004,0.0023324003
12653,66143,0.048061807
12654,23132,0.0028740324
12655,83402,0.002705636
12656,38343,0.008056372
12657,83137,0.037406508
12658,106491,0.0023195823
12659,112331,0.0028178282
12660,40898,0.0077016577
12661,105742,0.008475564
12662,26479,0.011927929
12663,84595,0.008161338
12664,109410,0.0028740324
12665,4246,0.007274456
12666,93928,0.014821278
12667,34070,0.016434142
12668,92186,0.0028178282
12669,45145,0.03746364
12670,108051,0.008445164
12671,34473,0.0015202472
12672,87787,0.05430571
12673,19640,0.0026898894
12674,112043,0.0071583306
12675,78676,0.021945333
12676,88808,0.047870692
12677,52775,0.013363381
12678,38438,0.011927929
12679,31965,0.041144025
12680,79781,0.0055266568
12681,15312,0.008514063
12682,115419,0.029051831
12683,46584,0.020351714
12684,8656,0.0053519174
12685,8334,0.006335928
12686,31347,0.03205202
12687,46835,0.014564081
12688,98856,0.0019407654
12689,98431,0.007925717
12690,13009,0.011055215
12691,82666,0.014843087
12692,35616,0.003950813
12693,69964,0.0031090663
12694,47091,0.0027627202
12695,816,0.008300347
12696,87307,0.024537196
12697,32025,0.013363381
12698,32595,0.0030200463
12699,26639,0.0075183976
12700,58188,0.0015666143
12701,48067,0.013363381
12702,111618,0.0023144323
12703,88918,0.05430571
12704,36550,0.027976722
12705,14778,0.0072335894
12706,73110,0.0013623383
12707,13757,0.0029336698
12708,38457,0.02471318
12709,41053,0.0015903247
12710,99269,0.008477296
12711,1331,0.0031765336
12712,89594,0.010340867
12713,22760,0.025804454
12714,63941,0.0054736333
12715,48842,0.018870499
12716,69823,0.011701322
12717,33758,0.014189291
12718,100058,0.081061155
12719,77736,0.0028740324
12720,32278,0.018870499
12721,20654,0.0016888018
12722,58334,0.0066482574
12723,94664,0.0014975807
12724,113940,0.002003007
12725,86654,0.0026368657
12726,26915,0.018870499
12727,88531,0.0033073684
12728,31674,0.008974107
12729,114506,0.02014425
12730,103422,0.0031772251
12731,53129,0.018870499
12732,103105,0.052871034
12733,19292,0.012781196
12734,113034,0.008161338
12735,5360,0.013519284
12736,39684,0.01818908
12737,51673,0.02010729
12738,15789,0.00565648
12739,35439,0.0069673276
12740,93631,0.0022793664
12741,108138,0.008444009
12742,50713,0.013363381
12743,66733,0.0027130675
12744,37018,0.016051762
12745,50908,0.046898387
12746,31752,0.017294373
12747,63838,0.007997666
12748,25866,0.011927929
12749,99007,0.0065777553
12750,68459,0.011701322
12751,92921,0.05430571
12752,47751,0.020603977
12753,18084,0.012781196
12754,90499,0.015068006
12755,84876,0.0029371476
12756,109431,0.008017324
12757,21680,0.011927929
12758,25018,0.008387676
12759,79208,0.040564727
12760,91269,0.01113352
12761,27816,0.00557888
12762,42370,0.024691269
12763,10669,0.007456566
12764,88616,0.008974107
12765,64674,0.0025949702
12766,59950,0.04090623
12767,82044,0.024691269
12768,53989,0.0042222347
12769,4040,0.0033343947
12770,47747,0.006147749
12771,76413,0.01818908
12772,15129,0.002705636
12773,91002,0.01596527
12774,14260,0.0036643194
12775,110752,0.019944409
12776,45792,0.025030723
12777,48006,0.013363381
12778,114889,0.0039413366
12779,8937,0.00445851
12780,40599,0.024088822
12781,47535,0.002705636
12782,66034,0.0025348978
12783,57335,0.0026188802
12784,65811,0.008337584
12785,52344,0.016434142
12786,59349,0.016434142
12787,11668,0.0035000707
12788,88991,0.020559303
12789,99807,0.0014975807
12790,37824,0.0030200463
12791,93968,0.0034717065
12792,6308,0.029109659
12793,86381,0.0014975807
12794,15629,0.0026898894
12795,75706,0.0027901384
12796,48104,0.003773511
12797,10492,0.005907898
12798,15322,0.0057646716
12799,35843,0.0030200463
12800,97710,0.013653227
12801,49945,0.007843314
12802,24602,0.0015903247
12803,8155,0.022783171
12804,77660,0.003125569
12805,95724,0.002931354
12806,112675,0.03857721
12807,88462,0.017887197
12808,92351,0.020422893
12809,3382,0.008780786
12810,33931,0.011952435
12811,31035,0.01566456
12812,93614,0.018870499
12813,70165,0.0015666143
12814,110412,0.011701322
12815,29571,0.0016888018
12816,16093,0.015885983
12817,61334,0.012781196
12818,109381,0.036619928
12819,92459,0.013653227
12820,108185,0.02175944
12821,6596,0.015973266
12822,5692,0.015492741
12823,1696,0.0015903247
12824,94605,0.0014975807
12825,107499,0.0077351173
12826,39037,0.0078090434
12827,66164,0.008315432
12828,73611,0.0014975807
12829,109468,0.0040805438
12830,83977,0.04090623
12831,72087,0.05430571
12832,68989,0.0028740324
12833,65828,0.008330549
12834,83519,0.010847788
12835,99570,0.016524596
12836,22659,0.014060124
12837,109735,0.0034717065
12838,101179,0.00803852
12839,52516,0.0015666143
12840,8463,0.008432233
12841,106243,0.0074277115
12842,47735,0.011927929
12843,96776,0.0030200463
12844,12161,0.0057521383
12845,30318,0.007824584
12846,105905,0.0063741137
12847,109984,0.02014425
12848,27842,0.0030200463
12849,37413,0.021766486
12850,51533,0.025030723
12851,60657,0.021181539
12852,101573,0.054126825
12853,77834,0.032554187
12854,1811,0.008329333
12855,21318,0.005740639
12856,46809,0.021279197
12857,89992,0.014843087
12858,72748,0.01411715
12859,5074,0.02292835
12860,43484,0.026155245
12861,56565,0.03205202
12862,62501,0.008007766
12863,88835,0.047870692
12864,97927,0.0014752509
12865,101327,0.05377881
12866,60962,0.010879725
12867,107724,0.0014975807
12868,5913,0.0066451784
12869,29486,0.01767445
12870,63662,0.0077191438
12871,74208,0.00742542
12872,57572,0.01015165
12873,33993,0.0027627202
12874,13538,0.0015202472
12875,108622,0.007872962
12876,1509,0.011954552
12877,17864,0.010267764
12878,33058,0.0025954216
12879,7891,0.0051486646
12880,16266,0.0015202472
12881,101440,0.0033073684
12882,64088,0.0031869553
12883,100636,0.0014975807
12884,3710,0.023161244
12885,72535,0.014821278
12886,46256,0.0017637569
12887,58112,0.0028740324
12888,88925,0.0072192075
12889,113850,0.047870692
12890,54609,0.013313077
12891,10022,0.0080268625
12892,82181,0.047870692
12893,112891,0.013617191
12894,94359,0.03799679
12895,58008,0.0030200463
12896,62978,0.0030923854
12897,62509,0.012897129
12898,110215,0.02304451
12899,70166,0.008974107
12900,88724,0.028454639
12901,106141,0.011701322
12902,36253,0.024537196
12903,72031,0.0021152445
12904,94147,0.02014425
12905,38638,0.009000379
12906,6613,0.00855302
12907,97226,0.011701322
12908,102890,0.0022495086
12909,55416,0.0018149752
12910,99179,0.0014975807
12911,72188,0.011701322
12912,60967,0.005370364
12913,105027,0.040500026
12914,99342,0.024804363
12915,48652,0.007748927
12916,6954,0.029109659
12917,12628,0.0030200463
12918,18616,0.0030200463
12919,97952,0.007984973
12920,95229,0.040500026
12921,79631,0.010847788
12922,111745,0.028454639
12923,114025,0.0055117775
12924,57220,0.013363381
12925,73066,0.021766486
12926,54468,0.01767445
12927,31348,0.014821278
12928,13694,0.03205202
12929,87373,0.017033672
12930,112329,0.037361573
12931,86302,0.011701322
12932,75133,0.013822462
12933,26814,0.037308592
12934,21869,0.0040854746
12935,4982,0.004779754
12936,63753,0.0026188802
12937,62944,0.011795194
12938,25663,0.008007766
12939,59582,0.03737256
12940,67526,0.04090623
12941,19751,0.0028457916
12942,89892,0.0015666143
12943,11416,0.005828933
12944,30620,0.006496562
12945,80892,0.016761128
12946,12841,0.0021152445
12947,54146,0.016159248
12948,112053,0.018870499
12949,82102,0.021664426
12950,87764,0.0059334054
12951,15745,0.0040093353
12952,24902,0.011795676
12953,87137,0.018870499
12954,61190,0.0075372
12955,37629,0.0028178282
12956,4644,0.005907898
12957,11327,0.019889055
12958,50294,0.0015202472
12959,24893,0.021279197
12960,10783,0.015519064
12961,64411,0.002931354
12962,48769,0.02054627
12963,69417,0.0014975807
12964,97808,0.0067478046
12965,114966,0.0061464403
12966,100053,0.011170254
12967,19165,0.0029336698
12968,22518,0.0018411374
12969,60346,0.005370364
12970,40775,0.02175944
12971,107157,0.008580559
12972,98443,0.03779015
12973,67805,0.014212741
12974,67428,0.006496562
12975,59215,0.040292863
12976,24932,0.015071701
12977,99968,0.017887197
12978,14863,0.003125569
12979,89291,0.03737256
12980,24020,0.016210878
12981,9743,0.008330656
12982,95346,0.025044097
12983,10571,0.00669009
12984,57425,0.003950049
12985,32172,0.0031869553
12986,38238,0.001789183
12987,77973,0.0013480855
12988,13866,0.046898387
12989,103742,0.019565145
12990,114306,0.008079911
12991,26520,0.0046849516
12992,60831,0.086372
12993,2215,0.016027553
12994,14258,0.0026898894
12995,88748,0.002931354
12996,34316,0.021766486
12997,100824,0.016434142
12998,2950,0.022975886
12999,35682,0.025804454
13000,35576,0.006136059
13001,114589,0.009634507
13002,90023,0.0015666143
13003,18009,0.0015202472
13004,105580,0.015525184
13005,114349,0.0026188802
13006,56276,0.025017269
13007,100784,0.007075323
13008,1496,0.0033612684
13009,97367,0.0027627202
13010,102052,0.0155997705
13011,12125,0.013011
13012,9798,0.002094208
13013,48449,0.025804454
13014,56777,0.04090623
13015,72890,0.011834503
13016,6703,0.0035057317
13017,47104,0.002705636
13018,73023,0.040196482
13019,49801,0.0015202472
13020,76964,0.005765437
13021,110168,0.008161338
13022,11388,0.011114448
13023,80964,0.008329333
13024,65439,0.007042533
13025,48231,0.044313025
13026,81053,0.0014975807
13027,110878,0.011953357
13028,79063,0.006621343
13029,67600,0.030439924
13030,25169,0.020939998
13031,3638,0.005907898
13032,46194,0.008300617
13033,37004,0.010253532
13034,19253,0.0033612684
13035,71797,0.011701322
13036,43495,0.013363381
13037,61482,0.047870692
13038,22601,0.0026898894
13039,51683,0.008974107
13040,49232,0.0027901384
13041,89893,0.036911882
13042,32056,0.02304451
13043,42468,0.007857064
13044,66437,0.007560554
13045,78760,0.011701322
13046,41523,0.006723859
13047,100492,0.014839279
13048,83480,0.0042222347
13049,105510,0.05377881
13050,50345,0.0023780083
13051,28738,0.024691269
13052,75769,0.021766486
13053,22056,0.011795676
13054,102427,0.043058597
13055,85670,0.01982323
13056,80094,0.0027627202
13057,60349,0.04090623
13058,96119,0.0029140369
13059,9399,0.016157776
13060,86907,0.04090623
13061,86989,0.013313077
13062,14105,0.026682893
13063,9560,0.006956627
13064,64672,0.007338695
13065,11006,0.009529405
13066,53215,0.0371731
13067,73170,0.007396692
13068,83868,0.011701322
13069,55476,0.03973732
13070,25377,0.012126023
13071,30654,0.0014975807
13072,98988,0.028106956
13073,17490,0.002931354
13074,91338,0.014843087
13075,76564,0.03205202
13076,66365,0.008058499
13077,29991,0.055099305
13078,19273,0.0031033105
13079,74691,0.03646234
13080,60463,0.043058597
13081,49139,0.0030200463
13082,44530,0.046898387
13083,69567,0.035899885
13084,58724,0.016434142
13085,59472,0.047870692
13086,108807,0.0027901384
13087,17847,0.006206534
13088,10290,0.011114448
13089,44165,0.0017637569
13090,21460,0.0021704733
13091,115894,0.0029458588
13092,18357,0.0025954216
13093,20395,0.053895924
13094,11978,0.0025042621
13095,108556,0.008045451
13096,67977,0.02014425
13097,86534,0.007718023
13098,29908,0.013363381
13099,170,0.010491972
13100,17770,0.010267764
13101,61426,0.0013279824
13102,18754,0.027325926
13103,88251,0.0031023843
13104,57634,0.012389753
13105,105106,0.018986482
13106,83773,0.0027731077
13107,88869,0.0014975807
13108,5082,0.022783171
13109,57319,0.021457676
13110,9581,0.029109659
13111,56633,0.005370364
13112,3169,0.007988558
13113,75655,0.040292863
13114,82513,0.013363381
13115,52767,0.08997623
13116,23656,0.011927929
13117,27056,0.05410248
13118,54806,0.0061711967
13119,16252,0.0031869553
13120,100936,0.011701322
13121,37087,0.0028178282
13122,3094,0.022860073
13123,107332,0.007174989
13124,49016,0.0030200463
13125,4647,0.005907898
13126,71455,0.022036253
13127,79876,0.028454639
13128,17051,0.012781196
13129,107618,0.00557888
13130,83107,0.021766486
13131,107156,0.0015548919
13132,76261,0.0028740324
13133,58844,0.0061711967
13134,87949,0.031099305
13135,55743,0.0028740324
13136,19124,0.012096692
13137,112425,0.028106956
13138,38070,0.011001481
13139,62482,0.0014975807
13140,9331,0.008261426
13141,46496,0.0063936743
13142,69177,0.040132347
13143,64722,0.002787786
13144,21009,0.0026898894
13145,100856,0.013785332
13146,65396,0.0008896709
13147,59932,0.021766486
13148,71826,0.016031291
13149,53281,0.0078090434
13150,57803,0.008021967
13151,112553,0.007203814
13152,38048,0.045405824
13153,73766,0.002931354
13154,106337,0.0025348978
13155,24314,0.008974107
13156,95990,0.0015666143
13157,80225,0.0015666143
13158,26361,0.021766486
13159,53955,0.009914672
13160,96324,0.0030200463
13161,46616,0.011927929
13162,2175,0.016434142
13163,16337,0.005618315
13164,82480,0.0023148167
13165,84775,0.001690986
13166,72723,0.016912447
13167,11312,0.008184666
13168,85544,0.024691269
13169,30565,0.013768811
13170,89372,0.0014975807
13171,94779,0.025030723
13172,40997,0.011927929
13173,112040,0.009765852
13174,107323,0.002723709
13175,86308,0.0019407654
13176,40066,0.0026188802
13177,40083,0.025804454
13178,64909,0.00714289
13179,29903,0.009375086
13180,71790,0.05430571
13181,85277,0.008974107
13182,53780,0.013363381
13183,22109,0.011795676
13184,81722,0.002942954
13185,66305,0.0027091918
13186,72309,0.011701322
13187,43720,0.020939998
13188,49384,0.0033497228
13189,95137,0.013229344
13190,16811,0.012781196
13191,71093,0.0057014236
13192,23234,0.0015903247
13193,26364,0.020939998
13194,10300,0.007692108
13195,87374,0.018870499
13196,86897,0.0015666143
13197,89497,0.014821278
13198,39570,0.035395592
13199,77010,0.042019196
13200,41395,0.011927929
13201,108459,0.00777626
13202,114789,0.0028457916
13203,18054,0.0037945062
13204,33889,0.02014425
13205,91924,0.05430571
13206,59669,0.04090623
13207,50182,0.010847788
13208,52376,0.013363381
13209,99156,0.041274
13210,71287,0.047870692
13211,15824,0.012781196
13212,50587,0.008974107
13213,17316,0.012781196
13214,16753,0.004054486
13215,29865,0.03246682
13216,5161,0.008330656
13217,2603,0.0073800497
13218,107526,0.0030200463
13219,58807,0.003125569
13220,28360,0.013363381
13221,77494,0.002931354
13222,69812,0.025804454
13223,46021,0.0069766375
13224,84395,0.0015666143
13225,13125,0.020021347
13226,73935,0.014843087
13227,31651,0.012550274
13228,55179,0.021766486
13229,10997,0.011114448
13230,94906,0.013363381
13231,79229,0.019570332
13232,78871,0.040132347
13233,5402,0.0020972067
13234,82887,0.01961196
13235,90278,0.019565145
13236,87110,0.0015666143
13237,12585,0.008007766
13238,40903,0.006218357
13239,13010,0.0048289015
13240,56504,0.010321205
13241,35494,0.0015903247
13242,30560,0.0029025506
13243,55613,0.021766486
13244,49482,0.007912073
13245,52352,0.016434142
13246,63411,0.002416298
13247,87724,0.03447624
13248,90397,0.0074216286
13249,39857,0.0015756877
13250,20243,0.012781196
13251,31435,0.013628782
13252,86095,0.009323168
13253,33782,0.03476391
13254,88846,0.021834597
13255,23886,0.026155245
13256,72728,0.05430571
13257,110479,0.007930045
13258,90849,0.052934613
13259,26875,0.03909473
13260,113679,0.005701048
13261,61561,0.006762749
13262,46583,0.011927929
13263,17506,0.010164446
13264,24989,0.011927929
13265,76711,0.011701322
13266,4017,0.0043883994
13267,21876,0.0074185915
13268,31244,0.010124876
13269,45054,0.046898387
13270,91328,0.028106956
13271,99947,0.011657114
13272,94801,0.0034349244
13273,100296,0.00557888
13274,51754,0.09050867
13275,92805,0.0023148167
13276,66893,0.011701322
13277,11753,0.008329616
13278,6248,0.02296701
13279,49116,0.021766486
13280,45258,0.008041292
13281,86894,0.010277965
13282,50891,0.011411721
13283,73246,0.002931354
13284,53466,0.0015666143
13285,42056,0.0025382047
13286,43617,0.008057821
13287,67212,0.05430571
13288,12033,0.0130400155
13289,4800,0.02284952
13290,26830,0.013363381
13291,110204,0.052871034
13292,114402,0.017787378
13293,13864,0.036264043
13294,72509,0.016544368
13295,67018,0.0028740324
13296,16167,0.012781196
13297,78392,0.0015666143
13298,77130,0.016163463
13299,98142,0.028454639
13300,79024,0.040196482
13301,77864,0.0076510934
13302,35703,0.024895936
13303,108050,0.053207587
13304,78034,0.0060272943
13305,92895,0.010277965
13306,50470,0.0030200463
13307,2213,0.0057637375
13308,90939,0.009069964
13309,112097,0.018986482
13310,64410,0.0025348978
13311,50204,0.013363381
13312,109669,0.0028740324
13313,10662,0.005907898
13314,79661,0.0045158872
13315,41319,0.011927929
13316,2931,0.029139537
13317,26620,0.011954552
13318,93367,0.0031772251
13319,58129,0.008161338
13320,70591,0.0022401751
13321,91765,0.0022495086
13322,75612,0.002942954
13323,36284,0.0065468587
13324,15752,0.0021768152
13325,57228,0.03737256
13326,51415,0.014821278
13327,103794,0.02014425
13328,64010,0.002931354
13329,113163,0.008161338
13330,104000,0.0027627202
13331,76448,0.017496003
13332,78575,0.021863824
13333,37575,0.013363381
13334,20626,0.0015202472
13335,46773,0.0026188802
13336,74247,0.0031772251
13337,107145,0.0063741137
13338,42750,0.014821278
13339,68655,0.0015666143
13340,20170,0.021766486
13341,52855,0.036388777
13342,109380,0.008321384
13343,12016,0.013011
13344,93679,0.017787378
13345,93461,0.0147927515
13346,36038,0.0117283845
13347,65184,0.007988728
13348,43606,0.0015903247
13349,56182,0.020008542
13350,66264,0.0022082692
13351,110533,0.008178602
13352,90804,0.010847788
13353,51604,0.0033612684
13354,1432,0.008784264
13355,38478,0.004290153
13356,722,0.015973266
13357,41455,0.008974107
13358,20627,0.0015903247
13359,55507,0.013363381
13360,20946,0.023743581
13361,83956,0.014821278
13362,114403,0.01297267
13363,6946,0.007105546
13364,104001,0.0028740324
13365,100590,0.011701322
13366,77783,0.0018149752
13367,30320,0.02014425
13368,70716,0.008974107
13369,24010,0.008253768
13370,50291,0.013363381
13371,49678,0.013363381
13372,21978,0.01883267
13373,41822,0.0022401751
13374,25188,0.011927929
13375,97932,0.00742542
13376,13168,0.0053772307
13377,53009,0.011951679
13378,57173,0.0031772251
13379,61691,0.024537196
13380,102923,0.0034160416
13381,548,0.03078718
13382,28071,0.007187654
13383,43309,0.0015202472
13384,69799,0.011701322
13385,66703,0.007873235
13386,114490,0.0032543298
13387,15504,0.008477296
13388,72372,0.035395592
13389,13706,0.008185691
13390,31710,0.0058007194
13391,115235,0.018986482
13392,100998,0.0017386912
13393,104336,0.0014975807
13394,73621,0.04131836
13395,29131,0.013363381
13396,99302,0.012067438
13397,67424,0.021279197
13398,20330,0.012781196
13399,88833,0.01545716
13400,99259,0.0015666143
13401,90122,0.024691269
13402,7457,0.022744821
13403,54788,0.0054736333
13404,2189,0.008355051
13405,28102,0.011954552
13406,13533,0.0015202472
13407,106434,0.008477296
13408,66705,0.0022793664
13409,68375,0.008974107
13410,102711,0.006496562
13411,80896,0.03205202
13412,77920,0.008057821
13413,85200,0.0034349244
13414,67968,0.044313025
13415,73590,0.011701322
13416,99850,0.0073361113
13417,109658,0.035395592
13418,16622,0.018870499
13419,208,0.016000383
13420,76905,0.0015666143
13421,14601,0.055099305
13422,60841,0.005370364
13423,17621,0.006343176
13424,77491,0.03799679
13425,113186,0.013363381
13426,33650,0.03205202
13427,68483,0.0018149752
13428,35420,0.02887528
13429,108218,0.023150554
13430,12417,0.0060203676
13431,102212,0.0077021825
13432,31937,0.015097311
13433,73725,0.011701322
13434,87530,0.010847788
13435,9619,0.0076670754
13436,24469,0.0014975807
13437,30888,0.013363381
13438,36188,0.013363381
13439,92679,0.014275611
13440,99567,0.005772403
13441,57016,0.042676747
13442,65837,0.007109853
13443,92782,0.027325926
13444,79821,0.02305586
13445,75233,0.003125569
13446,50517,0.0025954216
13447,87196,0.0038952073
13448,96317,0.008974107
13449,63879,0.0029546
13450,26394,0.008974107
13451,16864,0.0014532544
13452,90196,0.013320503
13453,47116,0.0053632935
13454,81136,0.0057508377
13455,75901,0.0031869386
13456,1519,0.0040854746
13457,66359,0.008283709
13458,35369,0.0030200463
13459,103659,0.0042392896
13460,11900,0.0031869553
13461,82460,0.0033073684
13462,90371,0.020559303
13463,30928,0.006496562
13464,18315,0.004826787
13465,58771,0.04090623
13466,102571,0.02304451
13467,36066,0.002714043
13468,46903,0.011795676
13469,94984,0.0015666143
13470,22742,0.0030200463
13471,113302,0.024691269
13472,74899,0.013822462
13473,78129,0.0080197435
13474,2774,0.016027553
13475,59273,0.006136059
13476,70502,0.035899885
13477,4918,0.0033343947
13478,109270,0.0022495086
13479,12756,0.007737745
13480,97707,0.0076290006
13481,59302,0.006136059
13482,14058,0.0015202472
13483,35117,0.016434142
13484,64681,0.007038399
13485,20789,0.005420906
13486,110017,0.0014975807
13487,107343,0.015911184
13488,14663,0.021766486
13489,78031,0.006218357
13490,35660,0.013363381
13491,72794,0.046898387
13492,49752,0.0201032
13493,61192,0.0022495086
13494,91442,0.022112342
13495,6016,0.008138247
13496,96466,0.008974107
13497,15429,0.0019496081
13498,115283,0.0031507832
13499,98,0.010076393
13500,74589,0.003605579
13501,111579,0.02014425
13502,88454,0.040500026
13503,97849,0.011701322
13504,109703,0.0142852785
13505,30235,0.013106035
13506,54105,0.0084715495
13507,48929,0.008974107
13508,42154,0.011927929
13509,9351,0.0052824155
13510,92532,0.011701322
13511,49331,0.01386769
13512,51458,0.023034774
13513,107160,0.0014102382
13514,113966,0.043058597
13515,112564,0.053207587
13516,75291,0.040132347
13517,104408,0.011657114
13518,95429,0.0031869553
13519,75832,0.0025431737
13520,554,0.007310515
13521,97355,0.015787302
13522,96825,0.0028457916
13523,54884,0.0031869553
13524,88868,0.0014975807
13525,40791,0.015273014
13526,72445,0.0014975807
13527,86557,0.008154397
13528,42580,0.020939998
13529,37864,0.0028178282
13530,47161,0.02764253
13531,33257,0.02014425
13532,44558,0.011927929
13533,4375,0.016000383
13534,85942,0.04090623
13535,69488,0.032865394
13536,26309,0.00557888
13537,34195,0.013363381
13538,20650,0.0318103
13539,4725,0.023161244
13540,12243,0.004381581
13541,81670,0.01799605
13542,52692,0.0028740324
13543,74528,0.0015666143
13544,25234,0.016466321
13545,86233,0.03737256
13546,73008,0.03737256
13547,66186,0.0030461564
13548,91838,0.008974107
13549,45654,0.017969947
13550,106594,0.007456927
13551,79174,0.0085109165
13552,82726,0.03078718
13553,77732,0.013363381
13554,97237,0.0031772251
13555,301,0.016301729
13556,109496,0.052871034
13557,39346,0.032247413
13558,67074,0.008261711
13559,43721,0.0030200463
13560,68143,0.0072415895
13561,29734,0.002931354
13562,89847,0.008601019
13563,41899,0.03516892
13564,43195,0.007851727
13565,76726,0.0076510934
13566,35451,0.008542529
13567,108134,0.056530494
13568,85647,0.0035198042
13569,91138,0.024691269
13570,36856,0.006206534
13571,38971,0.0031869553
13572,85526,0.018870499
13573,109256,0.014843087
13574,46353,0.002345287
13575,91104,0.047870692
13576,21279,0.008974107
13577,9822,0.017887197
13578,77020,0.0014975807
13579,2995,0.016301729
13580,84396,0.04090623
13581,40417,0.008261653
13582,14017,0.024691269
13583,46590,0.0074834097
13584,62751,0.021181539
13585,100230,0.018870499
13586,76626,0.01386769
13587,40965,0.009571141
13588,45775,0.023793621
13589,27159,0.0027627202
13590,57357,0.05430571
13591,91115,0.054126825
13592,85790,0.021766486
13593,98518,0.019556087
13594,114681,0.002942954
13595,52789,0.004702347
13596,43969,0.011927929
13597,105886,0.0027627202
13598,43568,0.072992384
13599,76618,0.0013279824
13600,57595,0.0077833487
13601,9894,0.0042744256
13602,100639,0.013653227
13603,19205,0.004054486
13604,12202,0.020037664
13605,110973,0.008477296
13606,40633,0.016073974
13607,106914,0.011657114
13608,82875,0.011701322
13609,43972,0.011927929
13610,32091,0.00017942562
13611,34722,0.021766486
13612,108236,0.0030200463
13613,75416,0.02039161
13614,56833,0.013363381
13615,7703,0.0073290174
13616,20873,0.053891882
13617,113550,0.002891109
13618,70858,0.0014975807
13619,106920,0.0031919295
13620,62972,0.0015666143
13621,59783,0.0006233839
13622,206,0.00779519
13623,57840,0.04131836
13624,76616,0.0031869553
13625,25715,0.025372751
13626,96877,0.010847788
13627,48378,0.019218937
13628,81310,0.00442373
13629,44579,0.0033612684
13630,7794,0.027626466
13631,5348,0.003223094
13632,29463,0.0031869386
13633,26689,0.020239387
13634,15798,0.008974107
13635,66746,0.0019407654
13636,60569,0.021390537
13637,83321,0.01596527
13638,114316,0.0031528538
13639,104153,0.013672767
13640,109854,0.004572462
13641,26358,0.009495934
13642,113787,0.05375461
13643,54209,0.013363381
13644,99126,0.0063741137
13645,112753,0.007396692
13646,65767,0.007857064
13647,10199,0.005325525
13648,58840,0.0030200463
13649,47442,0.0063645295
13650,91675,0.047870692
13651,3239,0.004953245
13652,65240,0.0028740324
13653,74147,0.0077619823
13654,51969,0.0028740324
13655,107353,0.0020791404
13656,76013,0.03205202
13657,4663,0.0075928336
13658,26208,0.04464782
13659,86469,0.011701322
13660,62421,0.0014532544
13661,3294,0.022975886
13662,48161,0.0015425641
13663,112352,0.016434142
13664,44050,0.024537196
13665,95390,0.022143345
13666,7863,0.016027553
13667,66648,0.0076510934
13668,34907,0.020120325
13669,1586,0.01251099
13670,84559,0.05430571
13671,106970,0.00557888
13672,54904,0.013363381
13673,1281,0.011954552
13674,51372,0.021766486
13675,93298,0.011701322
13676,94031,0.008021967
13677,52782,0.0043058144
13678,72291,0.0033073684
13679,27421,0.020939998
13680,110070,0.0027627202
13681,69385,0.0014975807
13682,110661,0.024777869
13683,100076,0.056530494
13684,34689,0.013363381
13685,6753,0.00442373
13686,58272,0.024537196
13687,14428,0.03855454
13688,84874,0.002942954
13689,51004,0.0067103785
13690,776,0.0033832586
13691,1102,0.030105015
13692,98477,0.011657114
13693,36681,0.016434142
13694,100588,0.016472617
13695,8135,0.006019709
13696,58814,0.002094208
13697,101455,0.0043005394
13698,75023,0.013822462
13699,48647,0.04090623
13700,108422,0.028507296
13701,53451,0.01157972
13702,35690,0.0025348978
13703,66000,0.007458087
13704,109349,0.009662192
13705,107569,0.0027627202
13706,23286,0.011954552
13707,101963,0.0034717065
13708,115470,0.0034349244
13709,79817,0.002705636
13710,29909,0.02014425
13711,94915,0.0052705477
13712,67716,0.011701322
13713,32596,0.013363381
13714,85344,0.007249924
13715,10506,0.0060284766
13716,66148,0.008580559
13717,29766,0.005783585
13718,31101,0.01767445
13719,6026,0.037549436
13720,68720,0.0034717065
13721,11316,0.016000383
13722,20091,0.007709715
13723,98213,0.0069631226
13724,105337,0.0015548919
13725,21249,0.0318103
13726,92783,0.036945425
13727,106004,0.010827842
13728,7466,0.0161567
13729,17374,0.0019407654
13730,57716,0.005370364
13731,75679,0.03205202
13732,77074,0.014971988
13733,26647,0.009044645
13734,73963,0.021766486
13735,89431,0.002931354
13736,71707,0.01596527
13737,34883,0.009101063
13738,42746,0.0028740324
13739,48415,0.0031869553
13740,73591,0.011701322
13741,55547,0.02014425
13742,5739,0.01613039
13743,63275,0.006573015
13744,10624,0.015973266
13745,87982,0.011377048
13746,102560,0.021749977
13747,98101,0.04987268
13748,1105,0.015973266
13749,19194,0.017264131
13750,24074,0.011335211
13751,110905,0.008477296
13752,110724,0.024913656
13753,30685,0.02014425
13754,50984,0.021766486
13755,38822,0.0076997047
13756,112136,0.0063741137
13757,97785,0.040500026
13758,46027,0.0015202472
13759,86877,0.00792331
13760,92279,0.0014975807
13761,19944,0.038454063
13762,112385,0.05377881
13763,56086,0.05430571
13764,6684,0.022744821
13765,72338,0.002931354
13766,79537,0.031099305
13767,106580,0.0057014236
13768,113060,0.013363381
13769,69876,0.0022495086
13770,91127,0.054126825
13771,104493,0.046980076
13772,3481,0.0033612684
13773,29207,0.03682273
13774,96082,0.02014425
13775,21685,0.003528275
13776,28386,0.0022793664
13777,70314,0.018870499
13778,103396,0.05377881
13779,59833,0.002787786
13780,83387,0.007773592
13781,67404,0.0077848113
13782,58026,0.013363381
13783,94436,0.002931354
13784,103279,0.008477296
13785,114155,0.005671288
13786,36979,0.021766486
13787,86866,0.02176207
13788,27195,0.0015903247
13789,82630,0.010847788
13790,32157,0.002931354
13791,23565,0.002705636
13792,76026,0.024691269
13793,69671,0.035024807
13794,97654,0.054126825
13795,31465,0.013363381
13796,77876,0.0029534427
13797,95882,0.0028740324
13798,34801,0.0065917503
13799,27249,0.00557888
13800,53611,0.0030200463
13801,10269,0.0033612684
13802,86773,0.0015666143
13803,18684,0.002931354
13804,50202,0.007814436
13805,105034,0.018870499
13806,99884,0.0015666143
13807,20491,0.023716362
13808,72071,0.0030200463
13809,56547,0.013313077
13810,52570,0.018870499
13811,84111,0.040132347
13812,23951,0.02014425
13813,105196,0.014861401
13814,24220,0.015981326
13815,103470,0.011657114
13816,44322,0.0062900037
13817,29017,0.013363381
13818,4345,0.0042900285
13819,682,0.0037946217
13820,55295,0.013313077
13821,28994,0.016434142
13822,11434,0.008193457
13823,29239,0.013363381
13824,9404,0.010238653
13825,73179,0.0014975807
13826,44872,0.015097311
13827,102478,0.014833049
13828,73720,0.0033073684
13829,14921,0.018205428
13830,113237,0.016510282
13831,9666,0.03504938
13832,96159,0.017969947
13833,95954,0.0040260195
13834,55362,0.013363381
13835,21130,0.0027627202
13836,32607,0.011954552
13837,88100,0.036231093
13838,83544,0.0014975807
13839,64718,0.008400394
13840,17860,0.008041292
13841,112104,0.002003007
13842,66577,0.0031772251
13843,14800,0.021834597
13844,73505,0.024088822
13845,72824,0.011701322
13846,24867,0.009220703
13847,12446,0.008595423
13848,105702,0.03677475
13849,11430,0.004757353
13850,93719,0.002705636
13851,53945,0.0024139371
13852,51626,0.013363381
13853,83428,0.0023148167
13854,41633,0.020351714
13855,100095,0.015033263
13856,84892,0.002416298
13857,70982,0.002931354
13858,31069,0.021766486
13859,84227,0.0015666143
13860,97334,0.0076702
13861,15251,0.0067485077
13862,38391,0.017251126
13863,107589,0.0021768152
13864,61443,0.012781196
13865,55695,0.013363381
13866,101451,0.001564263
13867,92785,0.0015666143
13868,96559,0.004275721
13869,5422,0.023406109
13870,80516,0.0035198042
13871,18913,0.002845229
13872,66431,0.0076510934
13873,76311,0.0074165966
13874,95367,0.016434142
13875,38388,0.008974107
13876,31449,0.018870499
13877,3951,0.0043883994
13878,3039,0.00579099
13879,53868,0.008974107
13880,112491,0.002416298
13881,7389,0.0043883994
13882,29802,0.02304451
13883,21253,0.012781196
13884,69966,0.002931354
13885,104267,0.03857721
13886,40073,0.00769066
13887,45239,0.008701145
13888,100913,0.02014425
13889,8600,0.005907898
13890,32519,0.02014425
13891,49266,0.01818908
13892,29921,0.02014425
13893,50102,0.0026188802
13894,68844,0.014843087
13895,63971,0.007962808
13896,111940,0.012867908
13897,240,0.004836134
13898,51503,0.0031922236
13899,86535,0.0068162675
13900,90774,0.0013950825
13901,1879,0.004795638
13902,102296,0.043058597
13903,3787,0.07421328
13904,77600,0.0015666143
13905,34036,0.024088822
13906,110675,0.012990217
13907,64862,0.016478026
13908,29595,0.040132347
13909,59837,0.01767445
13910,38921,0.011954552
13911,49869,0.013363381
13912,31237,0.02014425
13913,21742,0.0074107754
13914,98386,0.038273484
13915,103339,0.04831333
13916,102189,0.0015666143
13917,28359,0.017888712
13918,85873,0.008016561
13919,94286,0.008814261
13920,57713,0.0030200463
13921,13303,0.0031869386
13922,99729,0.008477296
13923,69464,0.0077619823
13924,21971,0.01818908
13925,81820,0.09210471
13926,16411,0.0029336698
13927,64727,0.001681305
13928,91893,0.016328467
13929,67000,0.002931354
13930,53356,0.013363381
13931,44210,0.0015903247
13932,108325,0.014843087
13933,80336,0.008477296
13934,35382,0.013363381
13935,107652,0.011657114
13936,17965,0.0031847416
13937,88549,0.01299166
13938,71430,0.0119695645
13939,36289,0.002994164
13940,48725,0.0026188802
13941,24279,0.0022401751
13942,41,0.002931354
13943,94280,0.013251092
13944,58149,0.0014975807
13945,35925,0.005747431
13946,103883,0.0022495086
13947,81427,0.0015666143
13948,45566,0.012261894
13949,12409,0.0071729347
13950,6062,0.012616653
13951,73057,0.0033073684
13952,87729,0.014843087
13953,37632,0.046898387
13954,97971,0.0035603938
13955,66175,0.0044660345
13956,113424,0.002931354
13957,58183,0.013363381
13958,68638,0.0015666143
13959,64195,0.002787786
13960,15595,0.0029336698
13961,112478,0.0023990783
13962,91054,0.008349624
13963,94896,0.0034349244
13964,65454,0.0019407654
13965,68602,0.011701322
13966,82478,0.047870692
13967,56213,0.01818908
13968,20676,0.03205202
13969,68270,0.014279545
13970,81140,0.0017386912
13971,5880,0.010255468
13972,1510,0.011954552
13973,104337,0.046898387
13974,74023,0.007694066
13975,89731,0.039271116
13976,68737,0.011701322
13977,91674,0.037987046
13978,71770,0.011701322
13979,102540,0.0031812252
13980,29053,0.008017502
13981,82142,0.0034717065
13982,30180,0.02054627
13983,93135,0.008974107
13984,72393,0.05430571
13985,76589,0.023330644
13986,31659,0.01767445
13987,67997,0.044313025
13988,101798,0.008409883
13989,56255,0.021766486
13990,103488,0.014939883
13991,99653,0.038040694
13992,77959,0.021766486
13993,89511,0.003185474
13994,30321,0.0028178282
13995,2670,0.022860073
13996,108998,0.007641733
13997,40679,0.0025954216
13998,69135,0.0014975807
13999,64854,0.008330549
14000,108336,0.020575136
14001,48566,0.0031772251
14002,79354,0.007817227
14003,60054,0.0014975807
14004,85777,0.020169556
14005,114166,0.029405383
14006,84720,0.017572742
14007,45402,0.014944271
14008,26513,0.017887197
14009,61301,0.03205202
14010,21600,0.0026463368
14011,54628,0.021766486
14012,90090,9.264614e-05
14013,8795,0.006792508
14014,79296,0.0019496081
14015,97618,0.0015666143
14016,109567,0.008427813
14017,64581,0.009685814
14018,6605,0.007988558
14019,42834,0.0030200463
14020,31786,0.018870499
14021,35193,0.0021768152
14022,98426,0.020559303
14023,114778,0.0051696016
14024,7753,0.022744821
14025,114583,0.0025348978
14026,33520,0.0117283845
14027,36449,0.008028138
14028,110728,0.013653227
14029,98620,0.040500026
14030,76535,0.0022793664
14031,60796,0.007010156
14032,53894,0.0014975807
14033,97224,0.011701322
14034,24054,0.0015202472
14035,44740,0.008116159
14036,110518,0.0014975807
14037,20343,0.014234711
14038,9394,0.017152222
14039,59559,0.010766167
14040,98602,0.02304451
14041,77903,0.0019407654
14042,38102,0.019900411
14043,77359,0.002787786
14044,103421,0.0051986515
14045,69486,0.0014975807
14046,37511,0.008028138
14047,19780,0.005935825
14048,103440,0.0027627202
14049,46976,0.05467665
14050,110609,0.010847788
14051,2829,0.016301729
14052,36050,0.018990442
14053,84147,0.009481261
14054,84262,0.025686212
14055,15414,0.01818908
14056,55340,0.013363381
14057,20360,0.0061711967
14058,66341,0.0077043003
14059,87992,0.003185474
14060,61772,0.011041476
14061,65861,0.010340867
14062,85597,0.0102917
14063,61652,0.016070716
14064,50346,0.0028740324
14065,42424,0.00777938
14066,94019,0.046980076
14067,98781,0.037528723
14068,60917,0.0022495086
14069,33344,0.009956211
14070,41310,0.0149404025
14071,28004,0.013363381
14072,92352,0.053899966
14073,48317,9.1128516e-07
14074,34915,0.02471318
14075,108360,0.011701322
14076,74898,0.02471318
14077,45399,0.011795676
14078,44816,0.020939998
14079,87542,0.020982722
14080,38789,0.017887197
14081,115206,0.033448648
14082,45039,0.0066719926
14083,51857,0.03812891
14084,79705,0.004795638
14085,42632,0.020351714
14086,57297,0.014857304
14087,12207,0.008007766
14088,101725,0.0068860496
14089,101591,0.007687713
14090,1751,0.003223094
14091,97863,0.023609273
14092,39460,0.0086751245
14093,73094,0.035899885
14094,23189,0.011954552
14095,2302,0.016301729
14096,21083,0.00318958
14097,49072,0.016434142
14098,80718,0.08959015
14099,85433,0.0028740324
14100,49698,0.016625142
14101,101718,0.008470461
14102,85149,0.008217874
14103,114748,0.02014425
14104,12862,0.0044665793
14105,23090,0.002416298
14106,35838,0.008974107
14107,46277,0.0015432577
14108,33391,0.010124876
14109,6505,0.0033343947
14110,114436,0.046980076
14111,91155,0.020982722
14112,103618,0.046898387
14113,72399,0.01767445
14114,67769,0.014843087
14115,32386,0.025030723
14116,94263,0.020422705
14117,5034,0.0033343947
14118,28217,0.013363381
14119,54267,0.0014975807
14120,70962,0.008974107
14121,84055,0.0015666143
14122,34511,0.016434142
14123,25678,0.023793621
14124,40189,0.0017637569
14125,27458,0.013363381
14126,62189,0.035088345
14127,55078,0.0367117
14128,90659,0.0015666143
14129,41143,0.011954552
14130,106785,0.0069723637
14131,14055,0.004967578
14132,62488,0.011954552
14133,65926,0.0025348978
14134,85653,0.011701322
14135,68085,0.043125764
14136,102555,0.0060686166
14137,111481,0.002453603
14138,112229,0.05377881
14139,92760,0.0015666143
14140,13251,0.0029336698
14141,10918,0.008974107
14142,84337,0.008974107
14143,95471,0.0028178282
14144,44844,0.013617191
14145,3030,0.0053519174
14146,17170,0.015885983
14147,47610,0.016161507
14148,110564,0.0057429043
14149,58515,0.0030200463
14150,5514,0.017474867
14151,19724,0.0026898894
14152,11150,0.036173496
14153,64212,0.07009805
14154,82099,0.0014975807
14155,101998,0.0028740324
14156,36019,0.016434142
14157,89727,0.0016888018
14158,18010,0.0026898894
14159,87282,0.015050678
14160,98574,0.00829563
14161,61425,0.006218357
14162,102688,0.0075850044
14163,67746,0.006045545
14164,99599,0.011657114
14165,96896,0.0030200463
14166,10428,0.0033343947
14167,105142,0.00704402
14168,25532,0.020939998
14169,78990,0.021834597
14170,8393,0.019889055
14171,50488,0.006833243
14172,115413,0.02909459
14173,61916,0.003605579
14174,53244,0.006218357
14175,98498,0.03982171
14176,34621,0.03205202
14177,80701,0.0066487677
14178,55889,0.05430571
14179,95377,0.0015666143
14180,14158,0.005907682
14181,66048,0.0023780083
14182,101155,0.0043707076
14183,64245,0.008041292
14184,27359,0.026669918
14185,64110,0.002416298
14186,43395,0.014944271
14187,45987,0.011927929
14188,27653,0.0020261304
14189,16775,0.0023573807
14190,29736,0.049661282
14191,71750,0.0015666143
14192,63279,0.011954552
14193,76286,0.03646234
14194,61186,0.0030200463
14195,104198,0.006115897
14196,29238,0.010847788
14197,77507,0.039295927
14198,20901,0.010333808
14199,89226,0.008621186
14200,49843,0.016434142
14201,65549,0.0019407654
14202,82456,0.027535327
14203,11340,0.008508816
14204,40733,0.01818908
14205,23721,0.0030265527
14206,34396,0.014821278
14207,30113,0.024691269
14208,78354,0.0025348978
14209,108564,0.011657114
14210,82573,0.013822462
14211,61638,0.040132347
14212,4320,0.0060511837
14213,40768,0.01818908
14214,43162,0.0077950163
14215,40970,0.0015903247
14216,94092,0.0023780083
14217,52005,0.03737256
14218,73845,0.016434142
14219,35765,0.0156096965
14220,98572,0.011582166
14221,98792,0.019891202
14222,103263,0.018870499
14223,76086,0.0084561035
14224,7484,0.0073162685
14225,29990,0.016434142
14226,57914,0.023034774
14227,48966,0.019140216
14228,24120,0.002705636
14229,8813,0.006596017
14230,89286,0.0019407654
14231,87885,0.011701322
14232,83176,0.0015666143
14233,2753,0.0064940355
14234,110206,0.053207587
14235,4712,0.03824978
14236,114258,0.02180956
14237,111230,0.003099047
14238,25134,0.015699996
14239,114174,0.008441355
14240,89563,0.028454639
14241,87154,0.016521668
14242,101085,0.020559303
14243,78748,0.011745707
14244,59586,0.014821278
14245,78477,0.018870499
14246,32711,0.006218357
14247,28771,0.0074320263
14248,28556,0.004381581
14249,63301,0.0027627202
14250,59713,0.0120876925
14251,108132,0.0030200463
14252,6269,0.029109659
14253,43885,0.020939998
14254,24934,0.0061711967
14255,107348,0.0014975807
14256,91481,0.011701322
14257,54236,0.0061947335
14258,38344,0.046898387
14259,17229,0.053891882
14260,2930,0.029139537
14261,37142,0.014821278
14262,88219,0.0028457916
14263,8959,0.0033343947
14264,46157,0.003547776
14265,77125,0.002931354
14266,64297,0.0029025506
14267,67179,0.013363381
14268,93404,0.020185387
14269,2482,0.022975886
14270,103307,0.0073595145
14271,109609,0.0014975807
14272,58000,0.008045451
14273,21699,0.0061422354
14274,106341,0.008516873
14275,166,0.03834532
14276,79381,0.01775965
14277,24516,0.011795676
14278,16375,0.019966817
14279,11736,0.0077737914
14280,13206,0.0021550006
14281,99218,0.0063741137
14282,40782,0.029828146
14283,59031,0.02039161
14284,79402,0.046980076
14285,40461,0.0029394678
14286,16842,0.0026898894
14287,12926,0.0031033105
14288,104192,0.03677475
14289,49897,0.010847788
14290,68924,0.0033899958
14291,67169,0.027325926
14292,9330,0.008403496
14293,43550,0.045405824
14294,115233,0.008172381
14295,40957,0.010847788
14296,11673,0.017291423
14297,92412,0.0031772251
14298,2823,0.0044744466
14299,55934,0.013363381
14300,94310,0.007776841
14301,78667,0.013942318
14302,87844,0.0034717065
14303,31941,0.003528275
14304,68067,0.008974107
14305,37872,0.0071024317
14306,14824,0.0048928643
14307,30931,0.009457597
14308,79481,0.008696495
14309,77749,0.07999561
14310,34002,0.0031023843
14311,91235,0.010847788
14312,83282,0.011701322
14313,9234,0.007746933
14314,41134,0.016210878
14315,93411,0.014821278
14316,105828,0.0023281192
14317,2344,0.0033887331
14318,59071,0.0034349244
14319,91179,0.008974107
14320,7306,0.016103055
14321,96680,0.0027627202
14322,12191,0.002931354
14323,30913,0.008974107
14324,80699,0.018870499
14325,76463,0.0015666143
14326,73498,0.011701322
14327,92345,0.0015666143
14328,3238,0.016434142
14329,16323,0.006958707
14330,101687,0.046980076
14331,54159,0.016434142
14332,106460,0.02304451
14333,85668,0.008974107
14334,70699,0.0068782736
14335,39462,0.006318669
14336,17145,0.0049033994
14337,24218,0.011559162
14338,19855,0.00579099
14339,103425,0.02014425
14340,50094,0.0033612684
14341,67732,0.008141885
14342,46398,0.020939998
14343,72812,0.0030510752
14344,76216,0.0029662917
14345,91227,0.037169185
14346,47924,0.013363381
14347,12561,0.006103515
14348,44494,0.0084857
14349,45225,0.008974107
14350,31350,0.013529824
14351,82539,0.0048836367
14352,85223,0.0015666143
14353,112576,0.05377881
14354,83932,0.029515512
14355,19767,0.0033612684
14356,1559,0.008685518
14357,25870,0.020939998
14358,26183,0.024895936
14359,58629,0.013363381
14360,70863,0.0023148167
14361,90570,0.002931354
14362,29746,0.009688244
14363,16815,0.0060561183
14364,11651,0.034883853
14365,64034,0.0027172612
14366,14975,0.009685865
14367,77289,0.013320503
14368,36197,0.008155369
14369,46949,0.014174218
14370,97306,0.018226296
14371,91731,0.0014975807
14372,94852,0.013363381
14373,3373,0.00383159
14374,63685,0.002416298
14375,40931,0.006408918
14376,56422,0.010791936
14377,20306,0.0017637569
14378,1961,0.029139537
14379,83501,0.0025431737
14380,101745,0.0015666143
14381,3768,0.007318416
14382,41203,0.0015202472
14383,103061,0.014821278
14384,91358,0.05430571
14385,113985,0.002094208
14386,50161,0.013313077
14387,105410,0.002787786
14388,71479,0.0028740324
14389,93712,0.0028178282
14390,34042,0.0031023843
14391,102224,0.0014975807
14392,53019,0.0030200463
14393,41277,0.029891824
14394,103550,0.011657114
14395,41111,0.024693923
14396,67435,0.023209246
14397,76651,0.011701322
14398,105112,0.018986482
14399,78191,0.0027627202
14400,2196,0.016027553
14401,99680,0.0077016577
14402,15439,0.008588823
14403,31423,0.011954552
14404,41342,0.017887197
14405,43529,0.05441054
14406,100248,0.0031682057
14407,110117,0.0077282474
14408,52857,0.01767445
14409,32093,0.014821278
14410,114477,0.002453603
14411,56862,0.013363381
14412,47156,0.0015202472
14413,51733,0.006136059
14414,40228,0.008974107
14415,91495,0.019998942
14416,16579,0.002661905
14417,87057,0.0196555
14418,105093,0.05377881
14419,80390,0.047870692
14420,46867,0.007857064
14421,26850,0.011954552
14422,69597,0.0042377925
14423,77337,0.002931354
14424,38938,0.008046189
14425,109106,0.011234223
14426,99183,0.02343586
14427,71008,0.0012656986
14428,44782,0.009180217
14429,96633,0.0014975807
14430,106040,0.0031772251
14431,12858,0.004113852
14432,34232,0.014821278
14433,3056,0.0070764017
14434,37646,0.020939998
14435,7078,0.0074815196
14436,21040,0.016761128
14437,85963,0.027236046
14438,25331,0.011927929
14439,43536,0.011746437
14440,83055,0.021766486
14441,102281,0.018870499
14442,49088,0.035159584
14443,75918,0.0014975807
14444,83564,0.004971658
14445,19472,0.021766486
14446,115027,0.0021550006
14447,45740,0.01203425
14448,62163,0.0014975807
14449,1864,0.008351307
14450,73700,0.011701322
14451,72189,0.002787786
14452,73587,0.015497064
14453,59901,0.04133766
14454,74107,0.011094037
14455,11893,0.002094208
14456,98394,0.011657114
14457,113449,0.008727438
14458,43184,0.0120876925
14459,30382,0.013363381
14460,38445,0.008140414
14461,58061,0.013363381
14462,46669,0.007155515
14463,70891,0.0026188802
14464,85343,0.046898387
14465,113826,0.0028457916
14466,16564,0.0055475594
14467,65504,0.007046158
14468,62888,0.007010156
14469,31571,0.007946459
14470,71063,0.0061100763
14471,15567,0.03845318
14472,7698,0.0039192443
14473,3731,0.01125623
14474,63995,0.002705636
14475,37109,0.018870499
14476,102914,0.040500026
14477,24566,0.0018411374
14478,97640,0.037169185
14479,32244,0.020231957
14480,66073,0.002931354
14481,30390,0.013363381
14482,111505,0.01767445
14483,108825,0.007546195
14484,95150,0.0045128465
14485,23554,0.008556793
14486,40707,0.0117283845
14487,92167,0.05430571
14488,104864,0.0014752509
14489,67194,0.002787786
14490,55015,0.0076182215
14491,56513,0.013363381
14492,70523,0.008974107
14493,15952,0.01642049
14494,40429,0.008161338
14495,81030,0.01818908
14496,8868,0.008355051
14497,68852,0.011701322
14498,78333,0.053899966
14499,15490,0.003325652
14500,8159,0.0033343947
14501,90534,0.011701322
14502,22185,0.03628678
14503,86479,0.011701322
14504,97619,0.0019407654
14505,96393,0.054126825
14506,83277,0.0022495086
14507,31257,0.011689119
14508,105386,0.056530494
14509,88658,0.023733482
14510,111221,0.0034437634
14511,79720,0.008477296
14512,53529,0.018870499
14513,64542,0.0015666143
14514,33473,0.0023749098
14515,102080,0.028454639
14516,44875,0.021457676
14517,32445,0.012646616
14518,107065,0.007109853
14519,111990,0.0027627202
14520,580,0.010847788
14521,80119,0.053899966
14522,108428,0.054312814
14523,84656,0.014843087
14524,24965,0.0027627202
14525,105704,0.0014975807
14526,4681,0.0037946217
14527,79493,0.011701322
14528,63014,0.0018149752
14529,23449,0.018454231
14530,36025,0.016434142
14531,54618,0.009749694
14532,71036,0.05430571
14533,5390,0.016000383
14534,74978,0.021766486
14535,72076,0.0075372
14536,99234,0.0039942088
14537,1025,0.016000383
14538,26683,0.0023749098
14539,71123,0.007975724
14540,32832,0.011954552
14541,61542,0.002724007
14542,23535,0.016073974
14543,70457,0.035395592
14544,76182,0.0015666143
14545,63048,0.011954552
14546,50219,0.0014975807
14547,52832,0.002705636
14548,92751,0.016521668
14549,309,0.0023756837
14550,69440,0.017887197
14551,71293,0.013589211
14552,77874,0.021834597
14553,19662,0.008460474
14554,15281,0.012781196
14555,113384,0.029015819
14556,5600,0.007988558
14557,8878,0.006369652
14558,9342,0.005222508
14559,110755,0.0022495086
14560,27477,0.015097311
14561,56411,0.009188335
14562,28493,0.016161507
14563,14708,0.008329616
14564,30826,0.0077091716
14565,14794,0.0016888018
14566,92239,0.052934613
14567,83517,0.0070725866
14568,15799,0.0026898894
14569,99818,0.00784768
14570,87707,0.05430571
14571,114105,0.0067232437
14572,29205,0.03078718
14573,106861,0.003459785
14574,94763,0.008141885
14575,90733,0.014917249
14576,85351,0.0037498057
14577,48803,0.014912597
14578,38446,0.01818908
14579,11096,0.009329812
14580,55842,0.024537196
14581,67773,0.01301516
14582,37612,0.032794066
14583,66674,0.0029604395
14584,31601,0.02014425
14585,109621,0.016233936
14586,15055,0.006137804
14587,17680,0.0023563425
14588,83024,0.008800446
14589,39457,0.024088822
14590,60702,0.0015666143
14591,39023,0.0031852394
14592,30684,0.0201032
14593,41979,0.024691269
14594,34608,0.029891824
14595,38975,0.0015202472
14596,33959,0.008974107
14597,113696,0.0077352272
14598,86108,0.07388363
14599,42269,0.011927929
14600,12294,0.007105452
14601,34893,0.013130283
14602,17356,0.0014532544
14603,84130,0.011701322
14604,113360,0.0028457916
14605,94304,0.0063498155
14606,40644,0.0028178282
14607,18827,0.0044914093
14608,12761,0.0028740324
14609,31137,0.013363381
14610,24043,0.011954552
14611,98194,0.03893476
14612,78472,0.0034717065
14613,26408,0.021457676
14614,47385,0.006147749
14615,61968,0.008161338
14616,80943,0.018986482
14617,95462,0.0015666143
14618,7192,0.007840762
14619,68481,0.021834597
14620,100815,0.0025348978
14621,75251,0.002931354
14622,42136,0.019885866
14623,109782,0.008727438
14624,108241,0.011657114
14625,108487,0.046980076
14626,109725,0.0025765477
14627,77313,0.0077848113
14628,52231,0.008974107
14629,18437,0.0040854746
14630,88883,0.010847788
14631,83651,0.014821278
14632,56288,0.003363005
14633,68212,0.0048928643
14634,94925,0.0139687015
14635,101284,0.011657114
14636,95543,0.021945333
14637,88696,0.013320503
14638,89297,0.0015666143
14639,80728,0.015772594
14640,54115,0.008514063
14641,18999,0.0015202472
14642,38855,0.0015202472
14643,51499,0.016031291
14644,54535,0.016254952
14645,103170,0.030232986
14646,17496,0.0015202472
14647,53650,0.013363381
14648,74186,0.014843087
14649,7784,0.045405824
14650,75932,0.040132347
14651,11770,0.0019407654
14652,28034,0.010250517
14653,108551,0.0033073684
14654,18021,0.017085638
14655,89787,0.01596527
14656,50837,0.018870499
14657,79338,0.0062287943
14658,74841,0.0031869553
14659,49748,0.018870499
14660,110740,0.038961247
14661,10535,0.00854181
14662,8346,0.008124171
14663,62232,0.0015666143
14664,213,0.0015202472
14665,79183,0.047870692
14666,35072,0.03616294
14667,9634,0.023161244
14668,48164,0.0015903247
14669,83119,0.0055554044
14670,88091,0.011701322
14671,19424,0.012627933
14672,13978,0.017313542
14673,48709,0.010664755
14674,113437,0.0031772251
14675,91767,0.011712047
14676,92076,0.013708811
14677,104681,0.011701322
14678,112447,0.036747385
14679,26684,0.009867013
14680,18130,0.0060229166
14681,54832,0.01818908
14682,16391,0.0029336698
14683,51963,0.0058133113
14684,102293,0.043058597
14685,97938,0.018990442
14686,73984,0.04090623
14687,70651,0.0078118183
14688,94663,0.0026103575
14689,9816,0.037141535
14690,60821,0.021766486
14691,89134,0.05430571
14692,37039,0.01818908
14693,75296,0.026579162
14694,87077,0.024537196
14695,89589,0.0063612824
14696,101943,0.053207587
14697,28398,0.018870499
14698,15802,0.0046325624
14699,32578,0.006496562
14700,55171,0.021679096
14701,27712,0.01366053
14702,32341,0.002931354
14703,24270,0.011795676
14704,71141,0.011701322
14705,69634,0.011701322
14706,86678,0.003185474
14707,26137,0.015071701
14708,50978,0.013977945
14709,70265,0.004882972
14710,81881,0.0014975807
14711,70973,0.0043455684
14712,78090,0.008007766
14713,98395,0.04074354
14714,68639,0.0014975807
14715,39711,0.019976968
14716,89142,0.03799679
14717,105134,0.018226296
14718,41694,0.011954552
14719,99371,0.022001382
14720,12718,0.0026898894
14721,56216,0.013363381
14722,4561,0.0161567
14723,39453,0.02471318
14724,98296,0.015110348
14725,15297,0.008974107
14726,35741,0.016434142
14727,14584,0.0083133485
14728,38843,0.026155245
14729,47255,0.046898387
14730,9768,0.005907898
14731,30418,0.01766293
14732,83312,0.0074419426
14733,52722,0.0028740324
14734,19821,0.024537196
14735,66228,0.0028740324
14736,92920,0.01386769
14737,96960,0.0050845263
14738,73042,0.002931354
14739,28889,0.045405824
14740,115433,0.007827697
14741,44702,0.006147749
14742,7892,0.022744821
14743,7363,0.008330656
14744,70400,0.009867013
14745,2124,0.012210945
14746,6692,0.022975886
14747,68763,0.011701322
14748,105608,0.0025348978
14749,59583,0.01818908
14750,71052,0.0028178282
14751,48016,0.0057014236
14752,67733,0.026155245
14753,67539,0.0015666143
14754,65369,0.011094037
14755,30917,0.013320503
14756,12382,0.0028178282
14757,99560,0.0030200463
14758,61470,0.0022495086
14759,109459,0.0034437634
14760,77157,0.032322872
14761,44924,0.006206534
14762,34613,0.0017637569
14763,56444,0.03737256
14764,90956,0.05430571
14765,67461,0.0014975807
14766,110249,0.0030560032
14767,15491,0.0048165545
14768,89014,0.002339093
14769,115192,0.0014315847
14770,20559,0.00800413
14771,107708,0.0027627202
14772,65644,0.0029354065
14773,25911,0.007906671
14774,100252,0.02014425
14775,98304,0.0075852633
14776,8519,0.007272899
14777,24640,0.05410248
14778,43809,0.018870499
14779,91272,0.03164154
14780,115861,0.0039413366
14781,82429,0.0014975807
14782,47087,0.05441054
14783,104257,0.0087579265
14784,59816,0.0076510934
14785,77623,0.025804454
14786,6898,0.0035057317
14787,12206,0.01946618
14788,71721,0.0033073684
14789,12302,0.0058957282
14790,5932,0.005631613
14791,42104,0.015071701
14792,87740,0.011701322
14793,9779,0.008355051
14794,89149,0.0041032284
14795,13086,0.0015903247
14796,898,0.0064940355
14797,78362,0.020664765
14798,14684,0.010847788
14799,52942,0.014821278
14800,88900,0.047870692
14801,7432,0.02292835
14802,84674,0.012547078
14803,38728,0.016210878
14804,8670,0.008124677
14805,105455,0.006135547
14806,75900,0.0031869553
14807,55113,0.0076189353
14808,108408,0.0015548919
14809,54426,0.008839297
14810,72787,0.04131836
14811,63207,0.043058597
14812,69572,0.05430571
14813,27544,0.020939998
14814,39057,0.0029025506
14815,45567,0.021457676
14816,57672,0.0028457916
14817,46120,0.031272378
14818,79581,0.002384219
14819,94899,0.013653227
14820,96193,0.002791776
14821,635,0.0033343947
14822,35626,0.018870499
14823,94656,0.010847788
14824,28487,0.016434142
14825,11792,0.0031033105
14826,103627,0.0027627202
14827,99867,0.053899966
14828,1259,0.023161244
14829,25077,0.007639252
14830,96329,0.033567425
14831,49446,0.0015432577
14832,89995,0.0034717065
14833,63872,0.0025348978
14834,5359,0.013519284
14835,49666,0.0015202472
14836,63499,0.0029604395
14837,25354,0.011954552
14838,4920,0.007988558
14839,713,0.020351714
14840,55341,0.006136059
14841,112712,0.008161338
14842,51137,0.013772852
14843,72218,0.007396692
14844,49527,0.037346702
14845,85070,0.011701322
14846,65358,0.0013788122
14847,6807,0.015973266
14848,2130,0.007692108
14849,3739,0.016990341
14850,53212,0.0062722713
14851,16013,0.00788646
14852,69590,0.03737256
14853,112724,0.0015548919
14854,67669,0.0048928643
14855,12501,0.002931931
14856,59554,0.0026188802
14857,32015,0.021766486
14858,103130,0.009513028
14859,112161,0.018171003
14860,114103,0.0028740324
14861,58381,0.013313077
14862,99026,0.011453038
14863,24648,0.016238391
14864,55061,0.0030200463
14865,52931,0.021766486
14866,11634,0.016000383
14867,3644,0.023170194
14868,50709,0.003325652
14869,66644,0.007783839
14870,53249,0.013363381
14871,1238,0.0318103
14872,89837,0.0020322169
14873,78071,0.012237172
14874,67059,0.008974107
14875,110795,0.011136375
14876,28848,0.013363381
14877,73762,0.0014975807
14878,59959,0.0015225332
14879,93430,0.02343586
14880,51175,0.00803825
14881,73776,0.0034876661
14882,20657,0.01285776
14883,71372,0.0033073684
14884,104783,0.007640745
14885,3221,0.0033832586
14886,110222,0.0149119655
14887,43961,0.010847788
14888,49632,0.021766486
14889,68697,0.014843087
14890,98944,0.0018149752
14891,99951,0.020311711
14892,21097,0.037524074
14893,94816,0.013363381
14894,79390,0.0066212835
14895,17793,0.007856654
14896,88872,0.025044097
14897,80145,0.011701322
14898,40740,0.014516998
14899,36384,0.0015903247
14900,104948,0.053207587
14901,51609,0.0023780083
14902,71147,0.0502881
14903,90577,0.01818908
14904,40009,0.017184164
14905,85883,0.0027632653
14906,26425,0.056530494
14907,106423,0.054312814
14908,29339,0.013273125
14909,50253,0.006218357
14910,92081,0.018986482
14911,43936,0.024691269
14912,17857,0.0057637375
14913,82525,0.05430571
14914,52015,0.0015202472
14915,52149,0.018870499
14916,50994,0.013313077
14917,102031,0.021945333
14918,68895,0.02033525
14919,31954,0.013363381
14920,55956,0.073996514
14921,103208,0.052871034
14922,50440,0.03205202
14923,15881,0.018870499
14924,102531,0.0023694963
14925,35150,0.013363381
14926,12673,0.0015903247
14927,2900,0.016027553
14928,52867,0.0028740324
14929,17200,0.0072145304
14930,105761,0.053207587
14931,21648,0.002936568
14932,24022,0.008974107
14933,45634,0.01015165
14934,105441,0.002297739
14935,115363,0.012223501
14936,47609,0.0024696516
14937,10575,0.010750623
14938,12674,0.03078718
14939,9172,0.004258279
14940,86514,0.0022793664
14941,37829,0.01818908
14942,63578,0.0031869553
14943,58087,0.049661282
14944,21210,0.034084063
14945,87979,0.019021316
14946,69169,0.03205202
14947,88688,0.041803673
14948,31878,0.012159497
14949,71356,0.0033073684
14950,79008,0.0030200463
14951,13292,0.01961196
14952,98382,0.009046236
14953,70287,0.018870499
14954,101918,0.020585008
14955,3587,0.004757353
14956,34821,0.021766486
14957,76181,0.0031772251
14958,82015,0.015452427
14959,44703,0.0026188802
14960,22388,0.0026898894
14961,104885,0.012023789
14962,113365,0.052871034
14963,77796,0.0027627202
14964,52874,0.0015666143
14965,88489,0.020559303
14966,11356,0.011954552
14967,106227,0.0014975807
14968,89936,0.0031869553
14969,15575,0.008514063
14970,3709,0.03708255
14971,90528,0.021018352
14972,23331,0.035395592
14973,41120,0.021705776
14974,32500,0.008402292
14975,47757,0.0033612684
14976,96094,0.0073538423
14977,58385,0.047870692
14978,113531,0.0027627202
14979,51231,0.002931354
14980,76691,0.017496003
14981,68691,0.0718253
14982,18031,0.004716455
14983,112130,0.013345123
14984,108756,0.011701322
14985,36452,0.007712305
14986,12753,0.0132248
14987,96076,0.007942993
14988,109910,0.00800279
14989,42814,0.018870499
14990,27569,0.020939998
14991,5701,0.022975886
14992,36409,0.017887197
14993,40649,0.021834597
14994,38579,0.014821278
14995,96781,0.011701322
14996,58961,0.007849618
14997,49454,0.037141535
14998,86463,0.023836982
14999,60077,0.0030675337
15000,44005,0.031037893
15001,72250,0.0051986515
15002,98917,0.0030200463
15003,69255,0.047870692
15004,37972,0.008878191
15005,44337,0.0026188802
15006,33982,0.013363381
15007,49572,0.021766486
15008,80131,0.0034717065
15009,56627,0.0023749098
15010,91637,0.008293065
15011,99976,0.008543523
15012,58335,0.043125764
15013,3005,0.016176615
15014,81109,0.013320503
15015,8535,0.0057146354
15016,69866,0.011776345
15017,7903,0.0039192443
15018,109414,0.011701322
15019,110152,0.006904299
15020,80053,0.007848233
15021,85841,0.0027956553
15022,47128,0.02528609
15023,112237,0.013363381
15024,42865,0.006471244
15025,23949,0.012162932
15026,70175,0.0014975807
15027,80907,0.0034717065
15028,55990,0.013363381
15029,83881,0.0145779615
15030,48138,0.029712971
15031,3459,0.036173496
15032,26091,0.011927929
15033,82939,0.0022495086
15034,31251,0.008974107
15035,56947,0.006519191
15036,58599,0.05430571
15037,27010,0.027535327
15038,7864,0.0034439529
15039,97669,0.011701322
15040,72506,0.0015666143
15041,25672,0.012514671
15042,87839,0.024691269
15043,84644,0.0015666143
15044,104057,0.0063741137
15045,81570,0.029098356
15046,82221,0.011701322
15047,44029,0.016857965
15048,7993,0.0080854
15049,78699,0.0076510934
15050,55189,0.0023749098
15051,110731,0.011184078
15052,85929,0.01767445
15053,15678,0.016031291
15054,83118,0.0029255701
15055,83229,0.008974107
15056,71782,0.017887197
15057,106596,0.0075862105
15058,33192,0.03205202
15059,28298,0.02528609
15060,58984,0.0029604395
15061,63391,0.0022495086
15062,15390,0.0033612684
15063,7397,0.014231379
15064,70997,0.0014975807
15065,12893,0.00481012
15066,73463,0.0013684931
15067,106860,0.00779321
15068,107298,0.012685616
15069,57669,0.0030200463
15070,25985,0.011795676
15071,103769,0.0048634973
15072,90588,0.018870499
15073,108602,0.015110348
15074,77562,0.047870692
15075,84318,0.010847788
15076,78654,0.02417183
15077,102065,0.020351714
15078,60101,0.002931354
15079,71345,0.006253963
15080,39869,0.018870499
15081,6038,0.0059849666
15082,54192,0.036945425
15083,52508,0.0014975807
15084,61465,0.0014975807
15085,115230,0.024691269
15086,109593,0.006977199
15087,86075,0.008974107
15088,12291,0.029891824
15089,57290,0.0025348978
15090,18785,0.015885983
15091,32183,0.013363381
15092,110984,0.011701322
15093,72070,0.03675735
15094,65850,0.008492137
15095,41056,0.030232986
15096,19443,0.0021836967
15097,17459,0.0014532544
15098,66820,0.05144771
15099,55388,0.002931354
15100,87871,0.016434142
15101,97609,0.020603977
15102,77741,0.011954552
15103,59395,0.04090623
15104,32468,0.016434142
15105,115383,0.010682806
15106,2850,0.017445296
15107,7263,0.034883853
15108,109934,0.002416298
15109,52368,0.0082873255
15110,6846,0.008362826
15111,40109,0.020368582
15112,23117,0.010335173
15113,114241,0.019888451
15114,100961,0.015755067
15115,92097,0.024691269
15116,90826,0.05430571
15117,41261,0.011954552
15118,71308,0.015699996
15119,112517,0.03922074
15120,10101,0.112705365
15121,25851,0.02528609
15122,95668,0.02148214
15123,2814,0.016301729
15124,47961,0.008017502
15125,108724,0.0031772251
15126,62917,0.05430571
15127,33343,0.016434142
15128,18495,0.02014425
15129,87000,0.003185474
15130,62809,0.0057954444
15131,35030,0.021766486
15132,49503,0.021766486
15133,111428,0.0069347653
15134,107171,0.002705636
15135,2181,0.006019106
15136,45312,0.0027627202
15137,51161,0.0025954216
15138,1336,0.0026898894
15139,105988,0.0029662917
15140,74030,0.0014975807
15141,52949,0.05423602
15142,51149,0.046898387
15143,67521,0.024088822
15144,87670,0.037406508
15145,82682,0.046898387
15146,114547,0.0009848188
15147,19529,0.002094208
15148,84025,0.023330644
15149,79141,0.010847788
15150,101771,0.011315519
15151,99778,0.0022495086
15152,47686,0.011954552
15153,55040,0.0201032
15154,19675,0.0028457916
15155,13305,0.0130400155
15156,1516,0.0043792124
15157,24980,0.0031869386
15158,91223,0.0028740324
15159,61919,0.0082523
15160,52748,0.0031772251
15161,12550,0.002094208
15162,67590,0.01818908
15163,18461,0.002094208
15164,86889,0.007010534
15165,79,0.004888803
15166,11294,0.008605258
15167,56076,0.008760319
15168,82816,0.016886028
15169,109715,0.038961247
15170,26407,0.020939998
15171,48962,0.011536841
15172,15072,0.015885983
15173,113252,0.0028233994
15174,100880,0.009817987
15175,84063,0.029891824
15176,67253,0.0502881
15177,92958,0.011701322
15178,114269,0.020460416
15179,110793,0.0063171326
15180,86621,0.011701322
15181,9298,0.008351307
15182,89162,0.0016888018
15183,108716,0.0071583306
15184,49880,0.0033612684
15185,46252,0.0058175544
15186,105684,0.007259245
15187,61589,0.002931354
15188,66321,0.008580559
15189,64541,0.0061831665
15190,16955,0.0015202472
15191,80135,0.011701322
15192,58390,0.0074414033
15193,21935,0.0026898894
15194,40832,0.021766486
15195,9045,0.009168397
15196,35650,0.0028740324
15197,8390,0.008580559
15198,1005,0.0026898894
15199,70587,0.0025348978
15200,89996,0.0074216286
15201,75440,0.0033073684
15202,15759,0.0028178282
15203,71385,0.011701322
15204,69462,0.015015875
15205,19936,0.00737639
15206,2962,0.003249072
15207,90547,0.011701322
15208,15572,0.0025765477
15209,30112,0.007902651
15210,46658,0.046898387
15211,72545,0.0022495086
15212,41137,0.006929858
15213,105132,0.021834597
15214,52799,0.014279545
15215,22917,0.002416298
15216,58209,0.0018149752
15217,58113,0.0072562317
15218,60401,0.007144733
15219,100530,0.014536945
15220,99122,0.0063741137
15221,51480,0.025698772
15222,110189,0.052871034
15223,36108,0.0027627202
15224,21231,0.018870499
15225,83323,0.015511241
15226,61774,0.02438316
15227,53143,0.0077361893
15228,78685,0.0029354065
15229,85267,0.0014975807
15230,36118,0.035159584
15231,59929,0.008974107
15232,65715,0.00818961
15233,12724,0.01422544
15234,52433,0.020763556
15235,95337,0.054126825
15236,95919,0.011453038
15237,93072,0.0015455774
15238,58769,0.0028740324
15239,35490,0.014460426
15240,62771,0.010664755
15241,23045,0.002094208
15242,52384,0.03628678
15243,60152,0.024537196
15244,113241,0.0014975807
15245,28151,0.0078090434
15246,48411,0.0030200463
15247,14238,0.0031765336
15248,34247,0.013363381
15249,72541,0.006045545
15250,108710,0.040500026
15251,109957,0.0030560032
15252,6470,0.03025445
15253,67637,0.015571481
15254,104542,0.05377881
15255,56191,0.013363381
15256,62664,0.011954552
15257,36240,0.024537196
15258,40989,0.0028178282
15259,63545,0.004928166
15260,17589,0.012781196
15261,1504,0.010238653
15262,39624,0.03149193
15263,31790,0.013363381
15264,107218,0.0028457916
15265,46624,0.0015202472
15266,100987,0.014861401
15267,38322,0.010847788
15268,57656,0.021766486
15269,18119,0.03205202
15270,55412,0.007010156
15271,59858,0.012584653
15272,85421,0.0057508377
15273,100503,0.02014425
15274,91651,0.0078049432
15275,92596,0.05430571
15276,66313,0.002787786
15277,20502,0.0026898894
15278,12068,0.0130400155
15279,7913,0.015973266
15280,93834,0.0014975807
15281,58760,0.0015666143
15282,114344,0.010736495
15283,55884,0.043058597
15284,12172,0.005350717
15285,7456,0.0073290174
15286,84897,0.03799679
15287,4751,0.023081627
15288,88070,0.0057014236
15289,64745,0.0025348978
15290,53232,0.0031342532
15291,99765,0.009422211
15292,95764,0.0031869553
15293,13535,0.013011
15294,5609,0.0022495086
15295,105800,0.011701322
15296,96694,0.02423361
15297,65691,0.0031772251
15298,108849,0.0024139371
15299,15241,0.046898387
15300,39240,0.046898387
15301,109807,0.0024139371
15302,61537,0.0048018596
15303,70989,0.0014975807
15304,110280,0.020580254
15305,27795,0.00557888
15306,44918,0.011954552
15307,11548,0.027398322
15308,34336,0.03205202
15309,59598,0.0054691965
15310,3341,0.004757353
15311,4321,0.008044203
15312,45245,0.003490894
15313,80788,0.013822462
15314,55303,0.006136059
15315,33147,0.01767445
15316,109633,0.007462844
15317,15722,0.005068737
15318,58936,0.013363381
15319,57417,0.0023195823
15320,63818,0.0022495086
15321,53438,0.0012505185
15322,109942,0.0027627202
15323,37356,0.008767572
15324,66628,0.010880039
15325,1647,0.010750623
15326,65819,0.0026188802
15327,86677,0.015787302
15328,33765,0.015752148
15329,2661,0.036853246
15330,29093,0.0025765477
15331,51972,0.0020197462
15332,84508,0.0022495086
15333,106854,0.004156974
15334,71742,0.0030265527
15335,102142,0.0027627202
15336,61870,0.004835301
15337,68634,0.053899966
15338,31357,0.047870692
15339,40425,0.016238391
15340,97400,0.023796896
15341,84103,0.014843087
15342,16961,0.005992579
15343,37811,0.007671144
15344,108683,0.0062755197
15345,95193,0.013653227
15346,115871,0.02014425
15347,57344,0.0030200463
15348,56155,0.0014975807
15349,56067,0.013363381
15350,39537,0.015071701
15351,102061,0.0015666143
15352,101932,0.0023148167
15353,44527,0.0027627202
15354,79575,0.046898387
15355,2554,0.019251574
15356,34564,0.008017502
15357,38734,0.045405824
15358,43190,0.05441054
15359,79674,0.010847788
15360,92405,0.04008431
15361,11849,0.0072145644
15362,50521,0.0055105677
15363,9010,0.008831626
15364,83316,0.003605579
15365,45492,0.008021967
15366,54821,0.0114434315
15367,6813,0.0033343947
15368,12162,0.0015903247
15369,3482,0.0073290174
15370,79367,0.0033073684
15371,33471,0.013363381
15372,52705,0.002094208
15373,35416,0.03205202
15374,85492,0.0031772251
15375,64338,0.0074414033
15376,18469,0.0015202472
15377,63115,0.008974107
15378,69053,0.047870692
15379,90962,0.047870692
15380,112214,0.008028138
15381,85868,0.021766486
15382,112822,0.0044081435
15383,3473,0.014231379
15384,63447,0.021766486
15385,3066,0.004757353
15386,42838,0.004457374
15387,110725,0.023982788
15388,42635,0.018870499
15389,94029,0.015787302
15390,40280,0.012421643
15391,26886,0.021766486
15392,79202,0.013787179
15393,60884,0.05430571
15394,98789,0.015911184
15395,87717,0.008722195
15396,12993,0.0073626186
15397,102390,0.007748927
15398,62264,0.0018149752
15399,59803,0.0120876925
15400,88992,0.007846225
15401,45452,0.019301342
15402,13946,0.020234914
15403,6697,0.0035057317
15404,63918,0.0026188802
15405,32727,0.01818908
15406,2328,0.005623078
15407,39564,0.011927929
15408,87938,0.0031090663
15409,94485,0.02014425
15410,93760,0.011657114
15411,36164,0.006136059
15412,89340,0.040132347
15413,91090,0.01183258
15414,57401,0.0031772251
15415,12492,0.0055895145
15416,97629,0.0013892085
15417,103727,0.020636126
15418,36003,0.024537196
15419,91853,0.037528723
15420,23405,0.006136059
15421,74204,0.00777938
15422,83948,0.011701322
15423,71538,0.011701322
15424,35699,0.0015202472
15425,39790,0.0076510934
15426,14563,0.0026898894
15427,56079,0.047870692
15428,55136,0.016434142
15429,44225,0.018801317
15430,56681,0.002931354
15431,47031,0.010703084
15432,52708,0.008974107
15433,80827,0.0022495086
15434,56922,0.006218357
15435,90987,0.008608912
15436,22391,0.0025042621
15437,75798,0.047870692
15438,15632,0.00486756
15439,110434,0.011701322
15440,10766,0.007988558
15441,111835,0.02014425
15442,41253,0.029254962
15443,49834,0.0085591115
15444,68305,0.0014975807
15445,73176,0.0015903247
15446,1399,0.022975886
15447,96163,0.011701322
15448,26161,0.010668201
15449,12816,0.00855217
15450,69851,0.09051996
15451,75383,0.047870692
15452,109816,0.02092594
15453,71199,0.0019407654
15454,67480,0.0014532544
15455,2359,0.009788635
15456,47043,0.011795676
15457,31381,0.006999502
15458,53856,0.04133766
15459,92132,0.020185387
15460,11158,0.024355432
15461,84946,0.0047322684
15462,55001,0.024537196
15463,38695,0.007010156
15464,64921,0.008209153
15465,6474,0.016674014
15466,82612,0.05430571
15467,57829,0.0030200463
15468,87721,0.05430571
15469,7742,0.017291423
15470,100477,0.046980076
15471,45557,0.015752148
15472,113395,0.01767445
15473,83652,0.00756642
15474,95411,0.007857015
15475,73319,0.0014975807
15476,73953,0.012721857
15477,67102,0.010847788
15478,57324,0.019998942
15479,61449,0.0021768152
15480,56320,0.002351672
15481,35672,0.0022267192
15482,102384,0.04090623
15483,26537,0.008044203
15484,104731,0.011701322
15485,51843,0.016625142
15486,110618,0.026137162
15487,95348,0.047870692
15488,29141,0.005919049
15489,103562,0.0031884052
15490,98767,0.0015666143
15491,17001,0.0015666143
15492,50169,0.014821278
15493,71837,0.0028740324
15494,3438,0.019874498
15495,46766,0.020939998
15496,5524,0.0077723125
15497,30898,0.0538434
15498,82198,0.0014576273
15499,91306,0.011954552
15500,56083,0.01788284
15501,41856,0.012890495
15502,98068,0.0025348978
15503,65647,0.0072718523
15504,17858,0.0015202472
15505,70058,0.01818908
15506,52602,0.0033073684
15507,65913,0.003052717
15508,68180,0.0018858586
15509,107205,0.00557888
15510,81449,0.0071855984
15511,106017,0.0079709105
15512,115801,0.010920344
15513,45128,0.01386769
15514,20150,0.012781196
15515,12806,0.002416298
15516,86541,0.0022793664
15517,83178,0.007933369
15518,94162,0.0015666143
15519,32686,0.024777869
15520,59353,0.013363381
15521,74772,0.002931354
15522,71413,0.0014975807
15523,27962,0.0015202472
15524,42739,0.014821278
15525,31950,0.011954552
15526,103775,0.0014975807
15527,27713,0.020939998
15528,57571,0.013363381
15529,87218,0.007847531
15530,93892,0.011657114
15531,24762,0.003528275
15532,50419,0.008974107
15533,94045,0.0028178282
15534,14244,0.055099305
15535,51482,0.006136059
15536,54204,0.04133766
15537,16963,0.0031869553
15538,108322,0.029015819
15539,59298,0.00784768
15540,20455,0.002705636
15541,28518,0.03205202
15542,78914,0.011377048
15543,58763,0.016377265
15544,37088,0.003490894
15545,52,0.0077361893
15546,70003,0.0069658207
15547,11258,0.005325525
15548,78548,0.0042377925
15549,89685,0.015787302
15550,81714,0.007705106
15551,35888,0.03205202
15552,95209,0.007844261
15553,76066,0.0100675635
15554,4414,0.0024696516
15555,113952,0.0028457916
15556,74564,0.0031869553
15557,42785,0.011954552
15558,39605,0.05369818
15559,83399,0.008088522
15560,72933,0.0015666143
15561,15697,0.018870499
15562,86378,0.011701322
15563,54704,0.0031772251
15564,17840,0.002787786
15565,114028,0.0056725
15566,59358,0.04090623
15567,81116,0.0084764855
15568,79614,0.046898387
15569,84015,0.0077754203
15570,84086,0.0015666143
15571,64481,0.007802618
15572,54872,0.01052995
15573,27144,0.017887197
15574,115309,0.007819114
15575,3074,0.0033887331
15576,38061,0.0039364356
15577,66042,0.007139766
15578,28136,0.00557888
15579,71761,0.0132368645
15580,20014,0.0054912562
15581,114067,0.02304451
15582,41352,0.011804562
15583,65125,0.0077016577
15584,97739,0.054126825
15585,98832,0.018986482
15586,109951,0.02304451
15587,31133,0.002416298
15588,90984,0.007748927
15589,54108,0.013363381
15590,111608,0.0063741137
15591,76907,0.002345287
15592,87193,0.008409351
15593,64417,0.0031869553
15594,13587,0.01051989
15595,29319,0.004249051
15596,219,0.007720988
15597,26677,0.020939998
15598,12779,0.047870692
15599,111395,0.011701322
15600,77752,0.0019407654
15601,112137,0.006475121
15602,82856,0.0014975807
15603,29184,0.00557888
15604,93494,0.007910266
15605,106136,0.009960028
15606,55595,0.013363381
15607,58774,0.0015202472
15608,15647,0.007325992
15609,20500,0.026229994
15610,49390,0.008161338
15611,3595,0.013126928
15612,1319,0.003223094
15613,25132,0.001681305
15614,60601,0.008045451
15615,73360,0.012547078
15616,51357,0.018990442
15617,44570,0.036231093
15618,47577,0.0015202472
15619,50623,0.0067919972
15620,21733,0.021766486
15621,63747,0.0023281192
15622,29222,0.040760215
15623,97481,0.037169185
15624,59135,0.01698871
15625,84987,0.0019496081
15626,23364,0.008452178
15627,27424,0.008974107
15628,2786,0.005623078
15629,13996,0.0032021408
15630,54257,0.024751399
15631,58684,0.029822495
15632,63043,0.0031023843
15633,68961,0.021766486
15634,46535,0.0015903247
15635,9484,0.008005422
15636,109594,0.0063741137
15637,18595,0.01818908
15638,25822,0.011954552
15639,58176,0.0015666143
15640,16743,0.025804454
15641,50845,0.0015202472
15642,22085,0.050191987
15643,30412,0.0076657548
15644,42777,0.008974107
15645,107608,0.02304451
15646,56687,0.01818908
15647,72604,0.0015666143
15648,26823,0.02528609
15649,97527,0.011453038
15650,18056,0.003948421
15651,104075,0.0033073684
15652,91729,0.047870692
15653,115358,0.013363381
15654,44127,0.0030200463
15655,61195,0.012977159
15656,87644,0.002297739
15657,80015,0.025804454
15658,101949,0.054126825
15659,63628,0.0073182806
15660,16646,0.0022495086
15661,12704,0.008007766
15662,102361,0.0034717065
15663,113274,0.0063741137
15664,85244,0.019976968
15665,53290,0.013320503
15666,22884,0.0059331497
15667,57659,0.007987504
15668,87908,0.028106956
15669,65605,0.0031772251
15670,38167,0.0030200463
15671,30200,0.022965288
15672,43547,0.011927929
15673,97982,0.014843087
15674,28029,0.029891824
15675,26758,0.037838764
15676,33191,0.011780939
15677,37912,0.011795676
15678,85961,0.023330644
15679,151,0.008193457
15680,43226,0.0025348978
15681,37582,0.015071701
15682,104863,0.0033531983
15683,60002,0.002787786
15684,71877,0.0028457916
15685,41185,0.01865549
15686,69956,0.01596527
15687,59750,0.020255616
15688,5449,0.008501562
15689,95132,0.054126825
15690,6559,0.0067572673
15691,28988,0.053899966
15692,65,0.010255468
15693,40162,0.008082999
15694,38868,0.016210878
15695,26,0.012421643
15696,11128,0.008059757
15697,84794,0.0031750905
15698,114654,0.0027409797
15699,35758,0.0030200463
15700,47601,0.02014425
15701,110122,0.010967818
15702,58362,0.013363381
15703,64638,0.002453603
15704,46108,0.036231093
15705,77900,0.021766486
15706,53245,0.023743581
15707,26540,0.018870499
15708,89510,0.0014975807
15709,91698,0.0014975807
15710,113926,0.007631228
15711,79357,0.0147927515
15712,79956,0.008974107
15713,85947,0.0014975807
15714,20105,0.0023314152
15715,49706,0.0034160416
15716,61658,0.047870692
15717,54295,0.002705636
15718,47375,0.008974107
15719,115669,0.0034349244
15720,18353,0.0030200463
15721,89819,0.03799679
15722,105393,0.003079106
15723,13006,0.002845229
15724,63853,0.014843087
15725,73703,0.024537196
15726,10029,0.016000383
15727,28702,0.0015903247
15728,73608,0.0014975807
15729,83766,0.0026368657
15730,101013,0.02304451
15731,103112,0.0027627202
15732,62974,0.0028740324
15733,14433,0.0127314925
15734,96384,0.02225562
15735,100220,0.054312814
15736,104805,0.0091005815
15737,75232,0.0019496081
15738,84686,0.011701322
15739,29885,0.018870499
15740,114261,0.008542121
15741,66334,0.0029025506
15742,11512,0.005911195
15743,48434,0.0031869553
15744,4655,0.0069829463
15745,76890,0.0023780083
15746,78742,0.0023749098
15747,61170,0.004804964
15748,22649,0.0040854746
15749,50109,0.0078049432
15750,95901,0.0008037071
15751,10124,0.007988558
15752,22602,0.0030200463
15753,96970,0.020559303
15754,27467,0.013363381
15755,60043,0.0061947335
15756,35066,0.003848186
15757,17092,0.006977404
15758,35435,0.035395592
15759,69737,0.0014975807
15760,115747,0.0014975807
15761,2034,0.004381581
15762,4801,0.00414699
15763,415,0.027976722
15764,108563,0.0023749098
15765,26628,0.018870499
15766,63149,0.0015666143
15767,65835,0.0029354065
15768,68171,0.0061947335
15769,69319,0.011701322
15770,15422,0.006136059
15771,64735,0.002931354
15772,29661,0.0029025506
15773,24034,0.006147749
15774,5439,0.008401163
15775,57747,0.010822246
15776,19633,0.0030200463
15777,81472,0.0015666143
15778,63580,0.0071114893
15779,57777,0.005906842
15780,64857,0.0012318686
15781,58347,0.0014975807
15782,30246,0.013363381
15783,95653,0.011701322
15784,113215,0.014956512
15785,60322,0.027325926
15786,50453,0.0055006435
15787,8235,0.016000383
15788,39714,0.017394237
15789,59065,0.007768956
15790,11484,0.008708971
15791,5954,0.016000383
15792,107300,0.006701326
15793,96351,0.02909459
15794,105645,0.0070584426
15795,25634,0.003547776
15796,14715,0.005438867
15797,76977,0.002705636
15798,44363,0.0033612684
15799,31151,0.012902425
15800,99878,0.0034717065
15801,91553,0.011701322
15802,10000,0.04501096
15803,16530,0.0023314152
15804,101139,0.002762175
15805,42936,0.018454231
15806,81104,0.04090623
15807,74393,0.0019407654
15808,84988,0.016521668
15809,53211,0.013363381
15810,67879,0.0042377925
15811,4761,0.004953245
15812,26682,0.0078049432
15813,84405,0.0017386912
15814,34008,0.02014425
15815,48440,0.017887197
15816,725,0.0031033105
15817,108791,0.0063741137
15818,24134,0.0033497228
15819,37118,0.03078718
15820,31966,0.002416298
15821,27564,0.013363381
15822,13443,0.0026898894
15823,84629,0.011701322
15824,55249,0.021766486
15825,101267,0.0031869553
15826,93105,0.0018149752
15827,243,0.015885983
15828,22832,0.006496562
15829,87298,0.0014975807
15830,68791,0.01596527
15831,83907,0.046898387
15832,58173,0.004882972
15833,80117,0.035395592
15834,12428,0.01613039
15835,46086,0.06178913
15836,52549,0.0015666143
15837,86771,0.0074163936
15838,7886,0.043177966
15839,102162,0.011701322
15840,51109,0.008349624
15841,20637,0.0026898894
15842,99356,0.02014425
15843,9486,0.016000383
15844,52955,0.013363381
15845,96803,0.012716733
15846,65729,0.0027627202
15847,55672,0.017887197
15848,1057,0.005907898
15849,103741,0.013653227
15850,71879,0.011701322
15851,58526,0.002705636
15852,37704,0.0028740324
15853,60314,0.016434142
15854,113355,0.022304812
15855,6645,0.007988558
15856,60078,0.013363381
15857,94388,0.03737256
15858,25483,0.036231093
15859,104164,0.011657114
15860,57836,0.007132955
15861,18397,0.004716455
15862,57542,0.047870692
15863,52059,0.027325926
15864,25640,0.0023749098
15865,54647,0.006886161
15866,98641,0.0078330645
15867,45059,0.008974107
15868,11607,0.024470285
15869,70824,0.0022495086
15870,32502,0.013363381
15871,102895,0.016057827
15872,64148,0.008161338
15873,13641,0.016103055
15874,74709,0.030849362
15875,19929,0.0076505174
15876,84057,0.024691269
15877,29495,0.0031023843
15878,52001,0.035395592
15879,91085,0.023833698
15880,2784,0.005907898
15881,26912,0.0092315385
15882,64209,0.0029082887
15883,10166,0.0033343947
15884,51940,0.013363381
15885,56548,0.020018145
15886,33118,0.013363381
15887,5423,0.004740487
15888,22967,0.0061705154
15889,13401,0.0073626186
15890,46463,0.036264043
15891,75237,0.0033073684
15892,34787,0.024470285
15893,22220,0.007968178
15894,13041,0.02000984
15895,226,0.005530177
15896,69618,0.0018149752
15897,36159,0.013363381
15898,51901,0.021766486
15899,76043,0.013830388
15900,1503,0.002787786
15901,73139,0.00766301
15902,28185,0.021834597
15903,73316,0.0034836694
15904,25992,0.03369118
15905,106366,0.0027350306
15906,11996,0.007804179
15907,28158,0.0023749098
15908,51983,0.002803776
15909,109364,0.01053318
15910,411,0.0033612684
15911,79625,0.0063741137
15912,52903,0.020842709
15913,16097,0.0026898894
15914,98847,0.012209857
15915,42107,0.016210878
15916,111711,0.011701322
15917,73951,0.0015666143
15918,31890,0.0015903247
15919,102041,0.054126825
15920,66064,0.003125569
15921,40099,0.013320503
15922,39933,0.0015903247
15923,101766,0.009415221
15924,75745,0.017496003
15925,31912,0.008589553
15926,6219,0.0053519174
15927,89216,0.0015666143
15928,96830,0.05430571
15929,73279,0.036264043
15930,59301,0.03205202
15931,65207,0.008245381
15932,19870,0.021766486
15933,28866,0.02528609
15934,70126,0.0040805438
15935,12948,0.022975886
15936,71575,0.03737256
15937,72938,0.036231093
15938,46098,0.020939998
15939,18682,0.017887197
15940,86244,0.0014975807
15941,104797,0.02014425
15942,80065,0.014821278
15943,32973,0.008481333
15944,19442,0.010740217
15945,82673,0.007978271
15946,49219,0.002453603
15947,68252,0.0025348978
15948,67239,0.0014532544
15949,5709,0.03504938
15950,15493,0.0044754106
15951,29823,0.03078718
15952,26325,0.011927929
15953,32506,0.0073626186
15954,35307,0.016434142
15955,9961,0.023161244
15956,2099,0.008349885
15957,12977,0.0046217567
15958,108516,0.05372236
15959,61523,0.03205202
15960,6015,0.005623078
15961,42189,0.002453603
15962,4141,0.007221484
15963,89312,0.046898387
15964,64004,0.008052464
15965,531,0.0037638813
15966,73043,0.004702347
15967,9509,0.009873164
15968,91604,0.016792573
15969,39069,0.011795676
15970,106852,0.008477296
15971,6073,0.019236935
15972,52152,0.0076182215
15973,107563,0.028426247
15974,89104,0.0015666143
15975,114061,0.013363381
15976,78443,0.016625142
15977,25310,0.027535327
15978,74928,0.0014975807
15979,16144,0.002705636
15980,67147,0.05430571
15981,103614,0.011184078
15982,30954,0.009247029
15983,75619,0.0014975807
15984,74386,0.0027627202
15985,90113,0.0076977406
15986,67700,0.0077095255
15987,11609,0.0130225
15988,17175,0.046898387
15989,47540,0.018870499
15990,26791,0.013363381
15991,12308,0.0015927152
15992,78770,0.0027583595
15993,84912,0.02305586
15994,56647,0.013363381
15995,86013,0.04090623
15996,17686,0.015885983
15997,38837,0.019030845
15998,77723,0.0033073684
15999,110314,0.0063741137
16000,80633,0.021413427
16001,95772,0.0066068373
16002,115065,0.0014975807
16003,75409,0.0014975807
16004,18061,0.012781196
16005,49229,0.0028740324
16006,98953,0.0014975807
16007,85178,0.0051519116
16008,26075,0.003950813
16009,51215,0.021766486
16010,80609,0.015139584
16011,2171,0.004953245
16012,114255,0.047870692
16013,30757,0.0031869553
16014,76430,0.0012886691
16015,60822,0.0015666143
16016,95616,0.014843087
16017,44726,0.008400394
16018,20497,0.021766486
16019,88832,0.0014975807
16020,93053,0.034341123
16021,18936,0.0028178282
16022,45630,0.015071701
16023,68133,0.05430571
16024,13444,0.013011
16025,60833,0.0015666143
16026,27595,0.0048302626
16027,80738,0.007785581
16028,35297,0.006644442
16029,76783,0.0020322169
16030,105811,0.011701322
16031,87581,0.010812413
16032,5128,0.0054858318
16033,78926,0.009105761
16034,69142,0.0018149752
16035,87158,0.007569772
16036,37566,0.014821278
16037,51047,0.0028734638
16038,12496,0.001681305
16039,59532,0.03205202
16040,90951,0.016481712
16041,44097,0.020506773
16042,90479,0.015015875
16043,114769,0.0074534016
16044,57927,0.0031772251
16045,109517,0.006952682
16046,114638,0.016435044
16047,14872,0.017335005
16048,105708,0.0035192205
16049,97679,0.011701322
16050,4545,0.0053519174
16051,67610,0.002338234
16052,13797,0.021766486
16053,76045,0.0014975807
16054,28129,0.008974107
16055,8715,0.013519284
16056,30055,0.011001481
16057,105758,0.0027627202
16058,85714,0.012584872
16059,106464,0.008477296
16060,94037,0.0029604395
16061,68671,0.0015666143
16062,102927,0.007388543
16063,73730,0.014821278
16064,103152,0.003717694
16065,109033,0.002705636
16066,36381,0.0025954216
16067,22269,0.0072145304
16068,47107,0.011795676
16069,40582,0.0033612684
16070,41653,0.021766486
16071,97021,0.054312814
16072,114425,0.013401382
16073,108048,0.0110880025
16074,85913,0.0031913405
16075,33358,0.02304451
16076,105332,0.0062938672
16077,96590,0.0026188802
16078,99897,0.03962842
16079,94176,0.0015666143
16080,109228,0.0063741137
16081,63760,0.008057821
16082,80211,0.0033073684
16083,382,0.0056294566
16084,9285,0.008355051
16085,17050,0.017085638
16086,41772,0.017887197
16087,66995,0.05144771
16088,84011,0.0019407654
16089,81866,0.0074165966
16090,6693,0.016000383
16091,115018,0.0063741137
16092,24733,0.006136059
16093,97510,0.040500026
16094,64974,0.0032021408
16095,66869,0.0031869553
16096,48974,0.014821278
16097,28470,0.013363381
16098,92665,0.052934613
16099,41135,0.008974107
16100,91490,0.011701322
16101,50199,0.001681305
16102,25116,0.0014532544
16103,68653,0.021834597
16104,54496,0.024537196
16105,104574,0.0030200463
16106,9673,0.0077320575
16107,50337,0.020845557
16108,59641,0.024537196
16109,51416,0.021766486
16110,58902,0.013363381
16111,59398,0.0084715495
16112,104658,0.008569387
16113,31068,0.00841178
16114,51531,0.009216282
16115,44652,0.007181548
16116,82536,0.023330644
16117,74554,0.003605579
16118,10763,0.0053519174
16119,70754,0.0077191438
16120,29307,0.007687582
16121,64568,0.0013950825
16122,73902,0.0044702874
16123,104546,0.014877489
16124,57007,0.006190062
16125,102881,0.0023349717
16126,3921,0.008841687
16127,40031,0.0318103
16128,108372,0.0063741137
16129,27570,0.011954552
16130,13175,0.002931354
16131,16717,0.0025348978
16132,84843,0.003735099
16133,50469,0.003142694
16134,79279,0.0077645313
16135,102227,0.054126825
16136,33194,0.01818908
16137,70470,0.008903057
16138,95472,0.0034717065
16139,9114,0.028842056
16140,34716,0.013363381
16141,104233,0.013299667
16142,33700,0.018870499
16143,106559,0.04298473
16144,40570,0.00980003
16145,112943,0.02014425
16146,18657,0.012655979
16147,43025,0.0054186517
16148,53762,0.0018149752
16149,32606,0.008951489
16150,15081,0.0067485077
16151,86455,0.0014975807
16152,114696,0.002705636
16153,67999,0.0117283845
16154,35984,0.010698622
16155,59928,0.013363381
16156,65702,0.0063039465
16157,96714,0.014843087
16158,82574,0.002705636
16159,33647,0.0030200463
16160,9219,0.008261426
16161,33952,0.029254962
16162,107918,0.007770328
16163,102453,0.0081765875
16164,59265,0.006218357
16165,962,0.0019496081
16166,75128,0.003125569
16167,11957,0.0130400155
16168,110477,0.0028178282
16169,23547,0.0026188802
16170,39745,0.010847788
16171,13518,0.002931354
16172,114326,0.029405383
16173,72065,0.009047382
16174,64706,0.008269303
16175,29660,0.007988558
16176,61967,0.024895936
16177,18795,0.018485017
16178,86598,0.0040665404
16179,88845,0.05430571
16180,60403,0.0014975807
16181,47537,0.020939998
16182,100962,0.013727698
16183,98806,0.036911882
16184,44240,0.013363381
16185,57790,0.013363381
16186,66474,0.0025348978
16187,6185,0.010610585
16188,39305,0.0351214
16189,110832,0.046898387
16190,71463,0.012584653
16191,99158,0.001486374
16192,104003,0.007812972
16193,25191,0.0023749098
16194,37244,0.013363381
16195,57870,0.03790209
16196,19669,0.014821278
16197,6387,0.0047567305
16198,101399,0.003431746
16199,114266,0.0031023843
16200,87867,0.03447624
16201,15985,0.011123046
16202,9176,0.036853246
16203,75927,0.011701322
16204,11159,0.020286594
16205,38640,0.03205202
16206,72480,0.0015666143
16207,104064,0.007417401
16208,74798,0.018226296
16209,20513,0.013450554
16210,4064,0.008138247
16211,104212,0.036231093
16212,42466,0.011954552
16213,19444,0.0077165905
16214,26315,0.008017502
16215,113894,0.02304451
16216,79843,0.047870692
16217,95770,0.015155541
16218,50940,0.021766486
16219,58304,0.038771395
16220,26041,0.0074774274
16221,57217,0.04131836
16222,24968,0.0059657493
16223,45469,0.0058175544
16224,71035,0.021766486
16225,66997,0.011701322
16226,93921,0.0034717065
16227,96664,0.0078012818
16228,50299,0.013363381
16229,23465,0.010881943
16230,91362,0.021834597
16231,47717,0.029891824
16232,85782,0.021766486
16233,32952,0.018870499
16234,1675,0.007772416
16235,92115,0.0043455684
16236,54116,0.013363381
16237,94259,0.002416298
16238,59650,0.0031802016
16239,64019,0.008297987
16240,81452,0.0019496081
16241,29756,0.02014425
16242,84577,0.024691269
16243,48501,0.0015666143
16244,35294,0.021766486
16245,79660,0.0014975807
16246,8722,0.007988558
16247,72937,0.01386769
16248,22145,0.0017637569
16249,14026,0.024691269
16250,75425,0.013822462
16251,36413,0.002453603
16252,89746,0.023355328
16253,103942,0.008477296
16254,30957,0.013363381
16255,21585,0.007513575
16256,35722,0.013363381
16257,4490,0.0044690776
16258,50710,0.035088345
16259,58934,0.00817622
16260,10687,0.008590162
16261,104977,0.0087579265
16262,4241,0.0057886955
16263,31205,0.011954552
16264,82966,0.0014975807
16265,67585,0.008639794
16266,107449,0.008477296
16267,104380,0.046980076
16268,111565,0.014843087
16269,53007,0.013592932
16270,3161,0.007349172
16271,25098,0.011927929
16272,74590,0.0014975807
16273,20794,0.0030200463
16274,52925,0.031656634
16275,4355,0.0077512083
16276,101677,0.011701322
16277,33410,0.0019407654
16278,102490,0.022801148
16279,15660,0.013177877
16280,25545,0.0120876925
16281,106066,0.02014425
16282,80021,0.055099305
16283,84125,0.014843087
16284,53388,0.007437523
16285,79571,0.011701322
16286,2727,0.0064940355
16287,71074,0.013657381
16288,25283,0.0027627202
16289,105264,0.0063741137
16290,12028,0.005336618
16291,53240,0.021766486
16292,66016,0.0076510934
16293,114939,0.001486374
16294,48832,0.0015202472
16295,20499,0.0015666143
16296,100877,0.0063741137
16297,93139,0.0025348978
16298,25055,0.013617191
16299,85925,0.0015666143
16300,78483,0.002705636
16301,31515,0.0028178282
16302,32669,0.03205202
16303,88053,0.020404115
16304,114422,0.013313077
16305,59752,0.0023148002
16306,56167,0.0030200463
16307,52585,0.0015666143
16308,80164,0.007971326
16309,94187,0.014741468
16310,111775,0.011701322
16311,14699,0.005772967
16312,22941,0.0027627202
16313,32807,0.007857064
16314,72706,0.010847788
16315,9174,0.014666273
16316,14227,0.0030200463
16317,47323,0.0083885295
16318,51238,0.0084763095
16319,49770,0.008178038
16320,27141,0.011954552
16321,92675,0.0034717065
16322,65088,0.0029025506
16323,1934,0.008130244
16324,63566,0.0023148167
16325,90372,0.011701322
16326,4640,0.021686612
16327,79733,0.010847788
16328,1796,0.0026898894
16329,94053,0.05430571
16330,114463,0.035239466
16331,11506,0.0037338003
16332,69048,0.014821278
16333,98964,0.040564727
16334,42953,0.0027627202
16335,64016,0.0025348978
16336,32194,0.006572289
16337,62456,0.047870692
16338,10214,0.024355432
16339,99177,0.046980076
16340,49192,0.0023148167
16341,42199,0.006222313
16342,8619,0.024537196
16343,86805,0.003100714
16344,106995,0.019868523
16345,1074,0.0076456103
16346,81605,0.0014975807
16347,70825,0.009460125
16348,66202,0.03734712
16349,66624,0.007595712
16350,110145,0.007075323
16351,60381,0.01818908
16352,23101,0.0040854746
16353,65199,0.003125569
16354,101489,0.053207587
16355,4953,0.02022895
16356,86492,0.015933964
16357,10913,0.005154549
16358,63893,0.011919643
16359,97684,0.008331353
16360,93800,0.0040260195
16361,87145,0.03205202
16362,99196,0.0015666143
16363,24852,0.037838764
16364,16562,0.0020851148
16365,87955,0.05430571
16366,12332,0.000103664235
16367,43448,0.018870499
16368,65209,0.0029354065
16369,92377,0.025044097
16370,76973,0.0012599492
16371,53652,0.0014975807
16372,87222,0.03205202
16373,64487,0.007413277
16374,86473,0.0031750905
16375,80878,0.0020554126
16376,93091,0.105815366
16377,43554,0.011795676
16378,99615,0.011657114
16379,12972,0.023246348
16380,95001,0.0027956553
16381,29285,0.016434142
16382,20538,0.0040854746
16383,17914,0.023034774
16384,75509,0.0031869386
16385,34156,0.016434142
16386,63150,0.0028457916
16387,11440,0.0080854
16388,104912,0.0015548919
16389,89651,0.014821278
16390,40415,0.013320503
16391,95047,0.003605579
16392,95439,0.0034349244
16393,4541,0.022975886
16394,49713,0.013363381
16395,17167,0.029628558
16396,74060,0.029254962
16397,11811,0.0015202472
16398,3108,0.0064940355
16399,27864,0.0018325023
16400,13263,0.0027480272
16401,58131,0.009498481
16402,6113,0.0069886595
16403,11469,0.0033343947
16404,74849,0.040196482
16405,82067,0.018870499
16406,41538,0.014944271
16407,72953,0.0014975807
16408,29227,0.020351714
16409,101888,0.011954552
16410,3942,0.01613039
16411,37048,0.0025348978
16412,11177,0.008355051
16413,112151,0.0078083337
16414,48073,0.014843087
16415,94456,0.014821278
16416,7338,0.034883853
16417,59541,0.0021152445
16418,57665,0.05430571
16419,108440,0.0014975807
16420,37746,0.0015202472
16421,9640,0.0053519174
16422,10816,0.007988558
16423,19070,0.0157908
16424,26012,0.015629191
16425,69686,0.0077619823
16426,5976,0.010083735
16427,94349,0.02343586
16428,103317,0.011657114
16429,21979,0.004888803
16430,62528,0.00777938
16431,77832,0.0013684931
16432,114801,0.005922664
16433,55785,0.013363381
16434,89481,0.013363381
16435,103471,0.012567587
16436,28841,0.03205202
16437,9343,0.010910903
16438,47082,0.0015202472
16439,105286,0.05377881
16440,5029,0.017152222
16441,74260,0.036231093
16442,25957,0.0074216286
16443,70318,0.0014975807
16444,25471,0.020939998
16445,26999,0.007988558
16446,67183,0.01596527
16447,3261,0.003223094
16448,103448,0.009570707
16449,45091,0.020939998
16450,52854,0.016434142
16451,19532,0.02502202
16452,58603,0.027976722
16453,55855,0.013363381
16454,75978,0.0017386912
16455,50410,0.024537196
16456,27613,0.007843314
16457,109487,0.038961247
16458,42287,0.0029394678
16459,10835,0.0031911405
16460,40075,0.011927929
16461,88359,0.0026368657
16462,60394,0.013320503
16463,96782,0.016521668
16464,56017,0.047870692
16465,20979,0.021766486
16466,80574,0.008293065
16467,93961,0.0071151475
16468,113715,0.0039413366
16469,25045,0.001681305
16470,26515,0.013137044
16471,115261,0.0048287
16472,57838,0.042019196
16473,28943,0.04131836
16474,52475,0.026155245
16475,12952,0.0130400155
16476,103443,0.0022146136
16477,19512,0.023034774
16478,96157,0.01642049
16479,48451,0.046898387
16480,20190,0.024537196
16481,21209,0.015629793
16482,81519,0.0031772251
16483,42347,0.014944271
16484,96191,0.010748601
16485,42515,0.01818908
16486,77641,0.01157972
16487,44538,0.007377064
16488,102067,0.011701322
16489,46334,0.0015202472
16490,26927,0.0029019779
16491,26660,0.0029025506
16492,43907,0.002705636
16493,103006,0.0023749098
16494,108574,0.011657114
16495,40184,0.0057508377
16496,115963,0.0018149752
16497,40232,0.00784074
16498,88647,0.0015666143
16499,10698,0.006039505
16500,81980,0.058598258
16501,71062,0.008974107
16502,71026,0.014821278
16503,26022,0.035470113
16504,20815,0.0074185915
16505,112472,0.021664426
16506,66167,0.009460125
16507,107685,0.007793199
16508,51406,0.0025598067
16509,42728,0.009749694
16510,61694,0.05430571
16511,72195,0.047870692
16512,33468,0.010124876
16513,87174,0.021766486
16514,37177,0.01767445
16515,24206,0.002705636
16516,67226,0.008974107
16517,44622,0.046898387
16518,15459,0.0031033105
16519,10758,0.0031765336
16520,106373,0.010037897
16521,77613,0.0085672
16522,17970,0.0023148002
16523,63359,0.05430571
16524,83104,0.0077523743
16525,84484,0.011701322
16526,107556,0.006480614
16527,92440,0.0028457916
16528,103546,0.02014425
16529,65275,0.0029354065
16530,84933,0.0023148167
16531,95904,0.0074939653
16532,22461,0.0015903247
16533,68094,0.0074009434
16534,90651,0.0014975807
16535,13849,0.002094208
16536,82139,0.007283159
16537,38926,0.034040075
16538,108620,0.0073818844
16539,13592,0.056673057
16540,31673,0.008974107
16541,100240,0.011701322
16542,56654,0.0077848113
16543,86757,0.011701322
16544,92121,0.0015666143
16545,108762,0.011657114
16546,12020,0.02014425
16547,82489,0.0014975807
16548,25611,0.026872698
16549,79800,0.010847788
16550,105287,0.02014425
16551,44046,0.011927929
16552,51774,0.025804454
16553,115243,0.0014315847
16554,39270,0.0015903247
16555,18354,0.0025042621
16556,33566,0.008293355
16557,102705,0.03737256
16558,105759,0.0087579265
16559,33820,0.018729255
16560,12919,0.0022495086
16561,68022,0.015050678
16562,9881,0.008605831
16563,29201,0.013170636
16564,113197,0.05377881
16565,104743,0.008477296
16566,69558,0.024691269
16567,9971,0.03824978
16568,61676,0.040325046
16569,71329,0.021834597
16570,61988,0.0015666143
16571,38221,0.027613908
16572,85316,0.0073180273
16573,39530,0.01818908
16574,14786,0.0023281192
16575,41795,0.053895924
16576,96932,0.011701322
16577,49723,0.016434142
16578,48079,0.0031359398
16579,4162,0.014231379
16580,50129,0.035470113
16581,80488,0.0318103
16582,26815,0.040292863
16583,67946,0.028312553
16584,33581,0.007391537
16585,28704,0.008974107
16586,94684,0.010847788
16587,82900,0.021217316
16588,19923,0.012781196
16589,33203,0.013363381
16590,866,0.013475272
16591,50531,0.013363381
16592,115557,0.02304451
16593,114604,0.0031023843
16594,25993,0.0038630185
16595,36510,0.0080315955
16596,80022,0.0014975807
16597,7368,0.004740487
16598,82449,0.0077655823
16599,49663,0.0078012818
16600,39026,0.0022793664
16601,29829,0.017572742
16602,48681,0.0026188802
16603,71172,0.05430571
16604,102054,0.0033073684
16605,99628,0.0059918636
16606,32250,0.0028178282
16607,12987,0.017149016
16608,84079,0.0022793664
16609,48119,0.002670725
16610,58367,0.0018149752
16611,91377,0.002453603
16612,7346,0.0053519174
16613,52894,0.013363381
16614,90215,0.020982722
16615,37718,0.011927929
16616,69498,0.01596527
16617,22409,0.008476658
16618,26673,0.012659144
16619,8373,0.0033343947
16620,34649,0.031923108
16621,108664,0.0015666143
16622,94700,0.01301516
16623,22325,0.0040854746
16624,28673,0.0073613226
16625,42791,0.012584653
16626,46506,0.008007766
16627,114170,0.027325926
16628,53860,0.0033073684
16629,83261,0.037406508
16630,63219,0.007580856
16631,37349,0.003080762
16632,78301,0.018986482
16633,44054,0.0015903247
16634,60350,0.008007766
16635,5190,0.0015202472
16636,95056,0.0026188802
16637,100440,0.0052483524
16638,32326,0.056530494
16639,34012,0.023034774
16640,50415,0.03233501
16641,8936,0.0034439529
16642,73249,0.0033225762
16643,68806,0.0033073684
16644,57925,0.015163635
16645,115507,0.011657114
16646,69270,0.00838893
16647,35432,0.021834597
16648,112176,0.009513028
16649,6543,0.016027553
16650,31050,0.01883267
16651,24191,0.03205202
16652,4305,0.0060511837
16653,60201,0.036995806
16654,29084,0.013363381
16655,104535,0.0034595942
16656,6383,0.017152222
16657,14448,0.008014052
16658,71727,0.021766486
16659,16345,0.0025222362
16660,8085,0.0066531054
16661,11530,0.004258279
16662,83785,0.010969474
16663,104562,0.05377881
16664,89301,0.0055639935
16665,66229,0.0027091918
16666,42064,0.02014425
16667,22755,0.004888803
16668,87472,0.05430571
16669,8634,0.0078973705
16670,81074,0.0015666143
16671,4268,0.02134
16672,5116,0.007470827
16673,88062,0.02337661
16674,22781,0.016761128
16675,13718,0.0043862746
16676,53857,0.027799668
16677,104280,0.0120366085
16678,76367,0.005978641
16679,35403,0.01818908
16680,70330,0.026155245
16681,105974,0.0079155555
16682,72780,0.05430571
16683,79092,0.0051986515
16684,58233,0.0201032
16685,16276,0.015885983
16686,28849,0.01818908
16687,32095,0.008507376
16688,99598,0.0014975807
16689,3890,0.01296061
16690,23598,0.008974107
16691,17810,0.0036660903
16692,10544,0.007360361
16693,87566,0.010847788
16694,56464,0.043058597
16695,72778,0.0051986515
16696,60591,0.0031090663
16697,46205,0.0020972067
16698,50900,0.00318958
16699,109385,0.013653227
16700,53272,0.035159584
16701,98128,0.0034349244
16702,31344,0.011834503
16703,38790,0.008141885
16704,73237,0.01767445
16705,68479,0.024537196
16706,52068,0.0064297207
16707,108601,0.046980076
16708,106979,0.0027627202
16709,105925,0.02014425
16710,82561,0.013363381
16711,50206,0.013363381
16712,24467,0.041105755
16713,112542,0.0028740324
16714,22992,0.0058584167
16715,31324,0.013363381
16716,95374,0.007482252
16717,17179,0.02304451
16718,99941,0.015911184
16719,73740,0.0033073684
16720,65350,0.008503242
16721,32886,0.02014425
16722,113140,0.0083239935
16723,17776,0.012421643
16724,23510,0.027535327
16725,73097,0.002931354
16726,56402,0.0030200463
16727,66478,0.0077486304
16728,18398,0.0026188802
16729,99272,0.0028740324
16730,108287,0.002416298
16731,107056,0.01581946
16732,3462,0.007600832
16733,80016,0.0007297432
16734,55427,0.010835158
16735,9164,0.009105761
16736,99994,0.020559303
16737,14641,0.011919643
16738,53796,0.03096484
16739,59782,0.0017806522
16740,29357,0.007195814
16741,66783,0.0051986515
16742,59133,0.0034876661
16743,113093,0.043058597
16744,24061,0.0015202472
16745,59173,0.005370364
16746,39083,0.046898387
16747,69667,0.012584653
16748,25454,0.041105755
16749,54167,0.0030200463
16750,21490,0.0028740324
16751,55176,0.008974107
16752,67501,0.05430571
16753,65498,0.0028740324
16754,2438,0.003223094
16755,99347,0.053899966
16756,77368,0.021834597
16757,59704,0.0026188802
16758,65782,0.0020554126
16759,90693,0.011701322
16760,56465,0.03078718
16761,30734,0.021181539
16762,28410,0.011783006
16763,93730,0.011701322
16764,50664,0.0023148167
16765,860,0.008414489
16766,35453,0.008974107
16767,34589,0.016434142
16768,101196,0.01818908
16769,101611,0.053207587
16770,75065,0.020379383
16771,98460,0.054126825
16772,6051,0.0066531054
16773,88976,0.008974107
16774,59432,0.0025348978
16775,100138,0.020008687
16776,10390,0.007988558
16777,82277,0.0061740284
16778,92507,0.034527514
16779,107811,0.0071583306
16780,82491,0.013822462
16781,16002,0.0024544029
16782,2946,0.0015903247
16783,9322,0.0076702
16784,39693,0.011927929
16785,53573,0.0061711967
16786,1481,0.008007766
16787,77129,0.024537196
16788,80702,0.03205202
16789,55007,0.0025348978
16790,60426,0.0040805438
16791,46400,0.0015202472
16792,54572,0.013363381
16793,60328,0.053899966
16794,53575,0.0068517555
16795,16027,0.0014532544
16796,112201,0.037987046
16797,32213,0.02014425
16798,115600,0.0027355705
16799,29561,0.013363381
16800,82079,0.011392414
16801,52203,0.008046189
16802,21926,0.011795676
16803,7136,0.005157164
16804,107754,0.0015548919
16805,36740,0.023743581
16806,40637,0.010880039
16807,25263,0.018870499
16808,107779,0.0126754185
16809,70376,0.011701322
16810,83556,0.0014975807
16811,112936,0.013363381
16812,40360,0.011927929
16813,65305,0.0015666143
16814,25026,0.011795676
16815,57098,0.05430571
16816,16737,0.0077428836
16817,92704,0.053899966
16818,41248,0.0019407654
16819,97077,0.092472
16820,67419,0.013094722
16821,67369,0.0018149752
16822,187,0.0044053276
16823,39659,0.014821278
16824,104077,0.0023470123
16825,41114,0.011927929
16826,112537,0.03922074
16827,17922,0.012781196
16828,72140,0.013363381
16829,77793,0.0014017879
16830,54189,0.018870499
16831,13756,0.0030200463
16832,107386,0.05377881
16833,71024,0.008045451
16834,22889,0.040760215
16835,67953,0.016761128
16836,53792,0.0015666143
16837,17607,0.004262665
16838,62576,0.0062814793
16839,38450,0.006952682
16840,104789,0.03677475
16841,47130,0.017887197
16842,54402,0.016434142
16843,101367,0.001564263
16844,50820,0.013363381
16845,47899,0.026682893
16846,18916,0.05467665
16847,51280,0.0013950825
16848,18588,0.019705785
16849,106764,0.012867908
16850,30937,0.0348847
16851,106082,0.0031852394
16852,54987,0.027325926
16853,103787,0.0037706494
16854,25543,0.008974107
16855,11761,0.008477296
16856,108117,0.008432212
16857,13226,0.002535725
16858,57991,0.0015666143
16859,23871,0.011927929
16860,6973,0.008047681
16861,90164,0.016434142
16862,4405,0.0033343947
16863,21569,0.012781196
16864,84313,0.0031772251
16865,17463,0.0023573807
16866,6517,0.003223094
16867,80507,0.023833698
16868,69179,0.018870499
16869,110286,0.008161338
16870,38272,0.0028457916
16871,44896,0.008007766
16872,58310,0.009537275
16873,14056,0.016176615
16874,28930,0.013363381
16875,18421,0.008178038
16876,37926,0.0015202472
16877,98491,0.0031023843
16878,83757,0.018454231
16879,28437,0.008770175
16880,44981,0.026229994
16881,66446,0.002787786
16882,56937,0.047870692
16883,19880,0.024691269
16884,79823,0.04090623
16885,96277,0.047870692
16886,107265,0.00557888
16887,43992,0.002716189
16888,42801,0.05441054
16889,26905,0.012671654
16890,59239,0.0034349244
16891,3378,0.005623078
16892,33983,0.013363381
16893,28061,0.013363381
16894,85302,0.0030184241
16895,26198,0.0030200463
16896,22966,0.0022495086
16897,12941,0.0031023843
16898,13986,0.026155245
16899,67715,0.011954552
16900,109328,0.036231093
16901,103543,0.008798275
16902,61762,0.0017386912
16903,27611,0.007824584
16904,38793,0.015071701
16905,76072,0.004795638
16906,44781,0.003325652
16907,10080,0.022975886
16908,8336,0.0053519174
16909,100099,0.002416298
16910,24964,0.023793621
16911,52709,0.0015666143
16912,79361,0.0015666143
16913,100005,0.020201556
16914,34358,0.0015202472
16915,108749,0.007910266
16916,57630,0.012927152
16917,46087,0.0085109165
16918,34663,0.008974107
16919,94783,0.0015666143
16920,47279,0.007748927
16921,99905,0.020559303
16922,47079,0.011954552
16923,18547,0.0026188802
16924,85547,0.0014975807
16925,18208,0.0076741423
16926,68581,0.014843087
16927,934,0.036907304
16928,108660,0.0063741137
16929,59574,0.013363381
16930,61621,0.007573617
16931,72058,0.0039089746
16932,33275,0.013363381
16933,747,0.020742722
16934,114481,0.013363381
16935,37909,0.021766486
16936,103917,0.0026328056
16937,93307,0.047870692
16938,31508,0.01818908
16939,90381,0.00741659
16940,54450,0.013363381
16941,75924,0.05430571
16942,40007,0.024537196
16943,90901,0.0028740324
16944,105256,0.016715154
16945,78160,0.00783962
16946,41128,0.023743581
16947,804,0.016000383
16948,87768,0.007371497
16949,107074,0.0031919295
16950,64467,0.008974107
16951,106400,0.0034349244
16952,99945,0.0031869386
16953,46529,0.003547776
16954,14882,0.010847788
16955,14870,0.0026898894
16956,8476,0.0065690456
16957,89561,0.011701322
16958,107684,0.00226732
16959,77635,0.011701322
16960,57933,0.016747098
16961,15560,0.005559631
16962,90345,0.002297739
16963,13390,0.013011
16964,61178,0.0024864173
16965,69012,0.0015666143
16966,8771,0.00912806
16967,33134,0.013363381
16968,97520,0.02014425
16969,2937,0.013126928
16970,41394,0.002345461
16971,44218,0.013363381
16972,68551,0.0014975807
16973,35537,0.001681305
16974,49575,0.0027627202
16975,102980,0.006516755
16976,64694,0.0031869553
16977,56884,0.02054627
16978,108555,0.008257075
16979,54688,0.011954552
16980,57730,0.0031869553
16981,66888,0.011701322
16982,21753,0.0015666143
16983,12064,0.0023314152
16984,68313,0.008974107
16985,63083,0.0015666143
16986,77324,0.021766486
16987,89807,0.0034717065
16988,50458,0.021766486
16989,50780,0.0015202472
16990,96447,0.00803825
16991,6196,0.004953245
16992,100725,0.038961247
16993,11207,0.0037338003
16994,22648,0.0030200463
16995,42021,0.0023281192
16996,196,0.0040151565
16997,98231,0.0015666143
16998,73340,0.047870692
16999,60978,0.022304812
17000,10461,0.022975886
17001,95822,0.014843087
17002,59051,0.0033667034
17003,52935,0.0030200463
17004,23933,0.05158076
17005,21509,0.009993879
17006,42773,0.018870499
17007,6122,0.0043975734
17008,68622,0.014843087
17009,109340,0.008370386
17010,63454,0.02305586
17011,3265,0.041029323
17012,12774,0.0017637569
17013,113539,0.010847788
17014,110089,0.006207649
17015,30201,0.022965288
17016,32134,0.013363381
17017,36948,0.015071701
17018,80398,0.002416298
17019,7371,0.022744821
17020,110135,0.009742975
17021,33361,0.0076662297
17022,94526,0.0062983907
17023,16379,0.0015202472
17024,71087,0.0027627202
17025,115877,0.003962632
17026,25699,0.020939998
17027,104877,0.008477296
17028,77143,0.0030200463
17029,32682,0.036264043
17030,7441,0.0032021408
17031,38207,0.0366836
17032,56166,0.0074330783
17033,40406,0.01818908
17034,63732,0.008069163
17035,71219,0.03737256
17036,65629,0.008164971
17037,97241,0.0015666143
17038,43856,0.0114434315
17039,108954,0.002705636
17040,22730,0.006214984
17041,90767,0.011701322
17042,59584,0.040132347
17043,2115,0.013313077
17044,99757,0.012918004
17045,68408,0.011701322
17046,33482,0.018870499
17047,52967,0.016434142
17048,15307,0.0067485077
17049,30981,0.0131393755
17050,103113,0.0032543298
17051,37381,0.03854046
17052,13386,0.0029336698
17053,64556,0.0074075144
17054,3297,0.014975503
17055,61736,0.05430571
17056,56951,0.0030200463
17057,76341,0.019215297
17058,35465,0.0057954444
17059,52619,0.0018149752
17060,90218,0.007396692
17061,20086,0.010322988
17062,100139,0.0034349244
17063,46366,0.029004281
17064,19741,0.012862621
17065,19079,0.012781196
17066,103064,0.0034717065
17067,25006,0.026514063
17068,83461,0.024691269
17069,41268,0.0027583595
17070,35462,0.0201032
17071,64012,0.0026188802
17072,12420,0.0068086535
17073,92356,0.036911882
17074,31824,0.0027355705
17075,2079,0.016027553
17076,48758,0.038576093
17077,104679,0.01673541
17078,51740,0.0061947335
17079,70762,0.01788177
17080,18049,0.0030200463
17081,15192,0.0021704733
17082,115980,0.05377881
17083,47820,0.01767445
17084,30861,0.013363381
17085,34248,0.0095532695
17086,31189,0.007988558
17087,108174,0.018986482
17088,41953,0.045405824
17089,112998,0.0015548919
17090,52206,0.013363381
17091,62152,0.011954552
17092,103715,0.05377881
17093,28891,0.015699996
17094,40940,0.018870499
17095,6945,0.016693663
17096,76547,0.0027901384
17097,68393,0.011701322
17098,77927,0.0031869386
17099,81819,0.0014975807
17100,55261,0.016434142
17101,110048,0.0015548919
17102,5112,0.0073626186
17103,72289,0.008214707
17104,88258,0.0042377925
17105,35953,0.007978271
17106,51211,0.007620435
17107,88541,0.0026368657
17108,51142,0.008974107
17109,33043,0.0020554126
17110,99392,0.0072831623
17111,23001,0.0090041645
17112,65885,0.0019407654
17113,21691,0.0019496081
17114,62328,0.002931354
17115,82242,0.007442734
17116,53367,0.016434142
17117,104799,0.011184078
17118,23285,0.021766486
17119,58267,0.0014975807
17120,19068,0.0015202472
17121,97447,0.03962842
17122,16099,0.0052592754
17123,101152,0.0031869553
17124,111430,0.007898749
17125,75303,0.029254962
17126,56741,0.0014975807
17127,3563,0.006888339
17128,61308,0.04090623
17129,38076,0.0028740324
17130,17761,0.006045545
17131,27091,0.011189199
17132,35421,0.005012129
17133,6570,0.0055557154
17134,328,0.0033612684
17135,63726,0.002705636
17136,74872,0.0031869553
17137,49338,0.019957107
17138,91446,0.009828372
17139,72662,0.046898387
17140,84285,0.0015666143
17141,15306,0.01883267
17142,40104,0.0028457916
17143,42402,0.015699996
17144,69134,0.017825382
17145,80201,0.03737256
17146,111873,0.015184001
17147,10226,0.0058688708
17148,42862,0.0027736549
17149,70903,0.0014975807
17150,71083,0.05430571
17151,84353,0.0015666143
17152,70339,0.03737256
17153,30880,0.016434142
17154,47739,0.015071701
17155,85770,0.007413277
17156,103725,0.007165617
17157,7259,0.004993103
17158,75268,0.0028178282
17159,73106,0.002705636
17160,13571,0.0130400155
17161,87920,0.05430571
17162,24748,0.0015202472
17163,20603,0.0027638122
17164,6149,0.022975886
17165,32834,0.0029604395
17166,3049,0.0073298737
17167,99529,0.0147927515
17168,83503,0.011701322
17169,32702,0.040760215
17170,36751,0.010272824
17171,49966,0.02314078
17172,9370,0.0034439529
17173,95849,0.0063019427
17174,7817,0.023161244
17175,61857,0.013320503
17176,34987,0.013363381
17177,27738,0.002705636
17178,65652,0.0029354065
17179,10363,0.008261426
17180,87173,0.0018149752
17181,87638,0.011701322
17182,39518,0.007773496
17183,8141,0.00733906
17184,16155,0.0021152445
17185,53467,0.025804454
17186,64606,0.002931354
17187,71986,0.020026332
17188,61618,0.011954552
17189,91290,0.011701322
17190,64521,0.0027627202
17191,59825,0.008450328
17192,61442,0.023403002
17193,81093,0.015787302
17194,94371,0.013363381
17195,75338,0.008382189
17196,75084,0.008326064
17197,71604,0.0022495086
17198,48634,0.0052136574
17199,26002,0.01818908
17200,54880,0.024537196
17201,77393,0.0073626465
17202,21950,0.003528275
17203,50184,0.046898387
17204,61380,0.008974107
17205,10995,0.0074084643
17206,57661,0.013363381
17207,41366,0.0066695474
17208,25426,0.008154397
17209,112666,0.0033531983
17210,106174,0.0047437316
17211,6853,0.011599346
17212,47293,0.011927929
17213,43858,0.002931354
17214,12379,0.0026898894
17215,91047,0.010847788
17216,54476,0.013363381
17217,114701,0.036887366
17218,75319,0.002942954
17219,62175,0.021766486
17220,78755,0.013363381
17221,20152,0.008203639
17222,68494,0.011701322
17223,8049,0.0069829463
17224,32212,0.0028178282
17225,69265,0.01596527
17226,86373,0.023189573
17227,72039,0.040132347
17228,45365,0.0084857
17229,40685,0.020351714
17230,24845,0.0022401751
17231,51552,0.0016337276
17232,101464,0.0014975807
17233,63036,0.011954552
17234,59726,0.03737256
17235,89513,0.05430571
17236,22285,0.0015202472
17237,12210,0.0080197435
17238,16128,0.008326855
17239,31825,0.01818908
17240,106340,0.011657114
17241,40027,0.040760215
17242,96696,0.011701322
17243,58737,0.0034349244
17244,58004,0.005370364
17245,40596,0.0055117775
17246,42611,0.025804454
17247,100726,0.0014975807
17248,97745,0.037202954
17249,30288,0.024777869
17250,63741,0.0015666143
17251,53791,0.0014975807
17252,73211,0.014843087
17253,19189,0.003490894
17254,1560,0.016027553
17255,29036,0.01767445
17256,44216,0.013363381
17257,70167,0.013320503
17258,80926,0.0026360054
17259,23079,0.002416298
17260,82364,0.022801148
17261,50939,0.0030200463
17262,26738,0.018837277
17263,53152,0.0027627202
17264,31877,0.0036643194
17265,106522,0.008363
17266,108053,0.014136363
17267,19425,0.006480231
17268,49475,0.008028138
17269,4347,0.0060511837
17270,78771,0.0022495086
17271,64030,0.0030216735
17272,13410,0.0018945986
17273,38918,0.011795676
17274,25344,0.0023281192
17275,52928,0.0014975807
17276,53323,0.0023281192
17277,103195,0.0076951077
17278,111340,0.0147927515
17279,93858,0.007038799
17280,95643,0.013320503
17281,30715,0.011204922
17282,30651,0.013363381
17283,100952,0.009565369
17284,23858,0.011927929
17285,66657,0.0017806522
17286,62560,0.012781196
17287,88438,0.0061298334
17288,96556,0.0069658207
17289,23316,0.035395592
17290,32582,0.02014425
17291,108914,0.0028740324
17292,111209,0.008161338
17293,9006,0.0077361893
17294,4738,0.022975886
17295,115919,0.023150554
17296,30322,0.007449719
17297,89741,0.05430571
17298,13487,0.0017637569
17299,45210,0.012261894
17300,98098,0.011701322
17301,57771,0.021766486
17302,43908,0.015071701
17303,28018,0.025030723
17304,46784,0.011795676
17305,5717,0.022783171
17306,86355,0.021766486
17307,65499,0.0030200463
17308,87848,0.002453603
17309,72021,0.0027627202
17310,38810,0.008116159
17311,12436,0.03205202
17312,86041,0.047870692
17313,33602,0.0030200463
17314,97709,0.02053211
17315,19154,0.027325926
17316,51680,0.0029639504
17317,33243,0.006136059
17318,107301,0.029405383
17319,94458,0.013363381
17320,18733,0.006519012
17321,83859,0.0074129826
17322,51396,0.027976722
17323,113503,0.0028457916
17324,25599,0.0014532544
17325,106934,0.018171003
17326,43156,0.0028178282
17327,54458,0.0050858287
17328,32067,0.013363381
17329,64601,0.0100675635
17330,78810,0.013363381
17331,26172,0.029891824
17332,101947,0.0082718795
17333,21766,0.011927929
17334,74288,0.006741789
17335,114143,0.0014975807
17336,99406,0.011657114
17337,33963,0.01767445
17338,96868,0.02014425
17339,31756,0.011954552
17340,5611,0.010238653
17341,63341,0.012781196
17342,102502,0.01664436
17343,94264,0.064057596
17344,5398,0.0065194503
17345,63521,0.0050720368
17346,20297,0.024691269
17347,66066,0.007396692
17348,26569,0.021457676
17349,15446,0.0042621386
17350,78455,0.03078718
17351,100175,0.012835659
17352,80546,0.01995161
17353,18725,0.0015202472
17354,105885,0.002416298
17355,48224,0.021766486
17356,6143,0.0061350474
17357,49291,0.036388777
17358,41303,0.011652995
17359,113251,0.021760937
17360,64216,0.0023281192
17361,62218,0.0028457916
17362,58411,0.024537196
17363,52791,0.0028233994
17364,14143,0.0084715495
17365,49122,0.002661905
17366,100441,0.0026188802
17367,10606,0.002094208
17368,91694,0.05430571
17369,78769,0.008045451
17370,16286,0.045405824
17371,98285,0.002828979
17372,87297,0.0014975807
17373,5908,0.016066365
17374,4334,0.016000383
17375,106014,0.002416298
17376,24450,0.0041660424
17377,47073,0.0031840072
17378,77155,0.0035238955
17379,91854,0.011701322
17380,113146,0.016434142
17381,89217,0.05430571
17382,47184,0.011795676
17383,43261,0.007935031
17384,48432,0.014843087
17385,73573,0.0060665635
17386,47662,0.008009447
17387,3593,0.034883853
17388,66663,0.002931354
17389,25080,0.008424656
17390,96315,0.0080197435
17391,104812,0.0027442817
17392,81870,0.04131836
17393,6835,0.0119816605
17394,18073,0.0026898894
17395,19658,0.0029336698
17396,62164,0.0014975807
17397,4127,0.016000383
17398,85663,0.010835158
17399,37666,0.011672782
17400,57743,0.089350276
17401,64236,0.008974107
17402,50386,0.019984353
17403,81321,0.0026360054
17404,18440,0.006136059
17405,90007,0.0063036988
17406,54158,0.049661282
17407,23817,0.0014975807
17408,9675,0.0033343947
17409,21156,0.006218357
17410,61866,0.025804454
17411,46984,0.018870499
17412,39439,0.011927929
17413,97361,0.008940108
17414,11743,0.002931354
17415,103174,0.0107942885
17416,98190,0.037987046
17417,26998,0.014379261
17418,90579,0.020559303
17419,91827,0.012138688
17420,81695,0.0015666143
17421,2867,0.034883853
17422,35250,0.013363381
17423,11547,0.009499042
17424,33390,0.0068200394
17425,68583,0.05430571
17426,48488,0.0034717065
17427,93040,0.0014975807
17428,35020,0.021766486
17429,68184,0.0044544972
17430,16004,0.0029025506
17431,99571,0.024574824
17432,46273,0.015071701
17433,3116,0.024435638
17434,20224,0.004005561
17435,38440,0.004903595
17436,28449,0.013363381
17437,101292,0.006723333
17438,6680,0.0073290174
17439,54443,0.0015666143
17440,18168,0.006622999
17441,38004,0.023607789
17442,80660,0.0014975807
17443,7303,0.0053772307
17444,19932,0.019735238
17445,4279,0.004953245
17446,109917,0.013251092
17447,28225,0.015690934
17448,11046,0.007873793
17449,108454,0.0147927515
17450,96641,0.011701322
17451,21076,0.002931354
17452,14020,0.0026898894
17453,72747,0.0016888018
17454,84393,0.013363381
17455,114383,0.02014425
17456,109808,0.0022973698
17457,106294,0.0027627202
17458,51964,0.020360973
17459,95551,0.015097311
17460,36653,0.00557888
17461,73723,0.03631352
17462,102783,0.04090623
17463,104856,0.006480614
17464,81204,0.0031869386
17465,111061,0.009948078
17466,99125,0.011657114
17467,63429,0.013693406
17468,2686,0.0095204525
17469,91566,0.0031772251
17470,11009,0.0077361893
17471,90293,0.047870692
17472,86070,0.023083359
17473,59517,0.002931354
17474,9391,0.022975886
17475,49564,0.013363381
17476,74489,0.024537196
17477,70361,0.0066485284
17478,96707,0.0014975807
17479,82983,0.0078012818
17480,60929,0.016434142
17481,18866,0.0120876925
17482,15130,0.0061711967
17483,28477,0.023793621
17484,104965,0.007055743
17485,73653,0.018986482
17486,5336,0.007872325
17487,85401,0.008206467
17488,100468,0.004250101
17489,46440,0.0015202472
17490,103114,0.006592459
17491,92961,0.0031772251
17492,63486,0.009685814
17493,102699,0.02014425
17494,84260,0.05430571
17495,30611,0.01179412
17496,33337,0.0061711967
17497,17584,0.00800413
17498,73101,0.029891824
17499,67256,0.039271116
17500,97777,0.023083359
17501,67188,0.011701322
17502,38476,0.020716833
17503,90470,0.03799679
17504,103857,0.05377881
17505,106471,0.008477296
17506,6103,0.0127026355
17507,56553,0.006136059
17508,40795,0.011364515
17509,97673,0.0014975807
17510,56346,0.047870692
17511,33220,0.016434142
17512,64958,0.003079106
17513,271,0.038310543
17514,43175,0.013617191
17515,17828,0.02354254
17516,5807,0.0037338003
17517,76239,0.021766486
17518,84728,0.0014975807
17519,75700,0.047870692
17520,59581,0.008007766
17521,28982,0.008974107
17522,50541,0.008542529
17523,59322,0.0143879205
17524,88672,0.0076836436
17525,91906,0.0015666143
17526,99074,0.0063741137
17527,99427,0.053207587
17528,9407,0.010340808
17529,58681,0.0023148002
17530,14689,0.007555371
17531,38854,0.0014532544
17532,20658,0.002931354
17533,109665,0.053207587
17534,54154,0.036231093
17535,55792,0.006136059
17536,113908,0.012280543
17537,67538,0.006496562
17538,1307,0.016000383
17539,102456,0.014843087
17540,68815,0.03205202
17541,62526,0.011954552
17542,79157,0.0014975807
17543,46828,0.0015903247
17544,27490,0.0031023843
17545,63892,0.008974107
17546,36204,0.005694308
17547,78113,0.0063298605
17548,13372,0.039511688
17549,19153,0.006496562
17550,20777,0.008125512
17551,13474,0.002931354
17552,96596,0.01019948
17553,77531,0.0054736333
17554,16221,0.0025954216
17555,90488,0.014843087
17556,86391,0.03078718
17557,13549,0.01386769
17558,39627,0.01386769
17559,3427,0.0161567
17560,3591,0.007988558
17561,80274,0.021766486
17562,35548,0.013857861
17563,49504,0.012445562
17564,22910,0.014502312
17565,113886,0.007159086
17566,27878,0.0030200463
17567,113363,0.03297487
17568,61239,0.021766486
17569,62923,0.05430571
17570,113315,0.0015548919
17571,19227,0.006540919
17572,105821,0.03677475
17573,64867,0.0046829134
17574,61790,0.002416298
17575,81745,0.007714652
17576,64161,0.0019407654
17577,65121,0.00777938
17578,70404,0.011701322
17579,91311,0.03447624
17580,40737,0.0015202472
17581,33165,0.008355723
17582,65501,0.0025348978
17583,67273,0.011701322
17584,24221,0.0015432577
17585,34066,0.009184581
17586,18907,0.0030200463
17587,69492,0.024691269
17588,59030,0.008514063
17589,28926,0.0014774695
17590,111049,0.012279364
17591,20629,0.00786086
17592,69920,0.0029604395
17593,62050,0.021766486
17594,100571,0.01665732
17595,583,0.0034439529
17596,4276,0.008245602
17597,31876,0.02304451
17598,64331,0.0031869553
17599,73163,0.014613198
17600,26730,0.011954552
17601,43512,0.014944271
17602,110177,0.0100292675
17603,7851,0.011544348
17604,23355,0.040760215
17605,63749,0.001337996
17606,98433,0.036911882
17607,56782,0.010791936
17608,86915,0.0019407654
17609,105185,0.012552477
17610,33933,0.0021458105
17611,56333,0.021834597
17612,3070,0.0053519174
17613,27228,0.013708811
17614,60483,0.05430571
17615,96320,0.008722195
17616,57749,0.007926782
17617,101056,0.0033073684
17618,10625,0.015973266
17619,72111,0.0015666143
17620,107144,0.012169654
17621,37862,0.00633395
17622,1231,0.0031765336
17623,8154,0.0033612684
17624,13049,0.003528275
17625,49904,0.00776473
17626,28211,0.055099305
17627,53092,0.0114434315
17628,102694,0.013253106
17629,107763,0.0014975807
17630,82152,0.012088961
17631,113754,0.0014081206
17632,66993,0.04090623
17633,13615,0.03205202
17634,24267,0.018870499
17635,69148,0.0012505185
17636,73510,0.0082459655
17637,32374,0.037164673
17638,90936,0.026155245
17639,86852,0.01596527
17640,89249,0.0026368657
17641,93828,0.0106240595
17642,87723,0.005154319
17643,102287,0.014821278
17644,98430,0.011657114
17645,112030,0.016521668
17646,51575,0.011780939
17647,89406,0.011924343
17648,88666,0.008212185
17649,72053,0.0028740324
17650,112808,0.008326855
17651,106930,0.0147927515
17652,67104,0.0014208711
17653,93711,0.020559303
17654,38845,0.0031869553
17655,97821,0.006159259
17656,15537,0.002787786
17657,8224,0.022975886
17658,98454,0.011657114
17659,15071,0.021766486
17660,36802,0.0015903247
17661,49584,0.002705636
17662,105100,0.0063741137
17663,102506,0.019976968
17664,40170,0.024537196
17665,59249,0.0026188802
17666,99409,0.054312814
17667,76001,0.017496003
17668,71317,0.05430571
17669,42944,0.007130329
17670,29677,0.013363381
17671,73901,0.014821278
17672,7402,0.008081769
17673,83693,0.015787302
17674,11623,0.0033612684
17675,72450,0.021766486
17676,56758,0.010847788
17677,30327,0.005839532
17678,53097,0.009457597
17679,15291,0.0015202472
17680,93402,0.014843087
17681,58620,0.0073181596
17682,69902,0.0015666143
17683,74549,0.0054736333
17684,22277,0.01524711
17685,77229,0.0015666143
17686,71967,0.0034717065
17687,43228,0.020939998
17688,14999,0.0015903247
17689,36712,0.024895936
17690,107216,0.0015548919
17691,5685,0.023161244
17692,95196,0.0015666143
17693,27496,0.008021967
17694,98123,0.035395592
17695,58898,0.05430571
17696,75127,0.002931354
17697,16911,0.0046887556
17698,98028,0.007831171
17699,76164,0.017496003
17700,33377,0.010847788
17701,114527,0.0072324015
17702,34462,0.009444062
17703,76717,0.011701322
17704,86950,0.0015666143
17705,86910,0.011701322
17706,112549,0.05377881
17707,64809,0.00808228
17708,45772,0.007931755
17709,108996,0.0080629485
17710,56169,0.021664426
17711,76041,0.0026360054
17712,62861,0.0054736333
17713,12265,0.0016888018
17714,65029,0.0014532544
17715,69409,0.05430571
17716,106806,0.054312814
17717,75197,0.0050006043
17718,17220,0.002094208
17719,28686,0.007793199
17720,89205,0.007936672
17721,70805,0.05430571
17722,73990,0.024537196
17723,92931,0.0030200463
17724,115858,0.003280743
17725,23301,0.020070944
17726,32991,0.008903057
17727,5389,0.050191987
17728,55807,0.008161338
17729,47562,0.021766486
17730,102731,0.0030200463
17731,95694,0.0029371476
17732,21853,0.00777938
17733,54243,0.027535327
17734,113803,0.029405383
17735,42666,0.0030200463
17736,60887,0.021834597
17737,52578,0.0015666143
17738,36250,0.001681305
17739,33087,0.011057571
17740,97368,0.006136059
17741,17931,0.003185474
17742,88072,0.03799679
17743,41325,0.024537196
17744,45620,0.03205202
17745,15159,0.00800413
17746,679,0.013169274
17747,42609,0.00489439
17748,103374,0.0033073684
17749,70068,0.047870692
17750,56507,0.03799679
17751,74888,0.021766486
17752,766,0.003948421
17753,30748,0.0033073684
17754,100613,0.046980076
17755,77945,0.007900255
17756,31522,0.040760215
17757,72906,0.014843087
17758,28089,0.015787302
17759,57282,0.014766317
17760,95864,0.015911184
17761,19638,0.031621885
17762,2442,0.016301729
17763,34684,0.0055427453
17764,75481,0.019215297
17765,46739,0.0018411374
17766,98794,0.035395592
17767,62414,0.012781196
17768,33975,0.013363381
17769,54485,0.013832904
17770,88678,0.043053225
17771,70784,0.011701322
17772,63104,0.015044988
17773,77301,0.01071806
17774,113914,0.017225172
17775,62093,0.0015666143
17776,97715,0.0031275174
17777,84872,0.0014975807
17778,106080,0.0025348978
17779,23689,0.009032248
17780,60878,0.0026188802
17781,74712,0.043726638
17782,91016,0.011701322
17783,57567,0.007668215
17784,11115,0.0033343947
17785,54270,0.0074293604
17786,98269,0.015876831
17787,89523,0.047870692
17788,99459,0.0074939653
17789,112602,0.007127682
17790,90885,0.023743581
17791,37299,0.016434142
17792,86930,0.0015666143
17793,62000,0.05430571
17794,107843,0.008161338
17795,110823,0.011657114
17796,25821,0.0034160416
17797,34184,0.0015903247
17798,63802,0.0020351268
17799,82967,0.05430571
17800,3247,0.018921904
17801,107869,0.0014975807
17802,44482,0.0071685896
17803,49819,0.0015202472
17804,25043,0.0063071107
17805,99798,0.012259774
17806,40305,0.015071701
17807,2883,0.016176615
17808,85764,0.0031750905
17809,96270,0.0014975807
17810,24971,0.011927929
17811,67243,0.0077972338
17812,93646,0.008007424
17813,102062,0.01767445
17814,101156,0.0043707076
17815,67861,0.008974107
17816,51471,0.014821278
17817,9096,0.016000383
17818,55028,0.013363381
17819,70094,0.004702347
17820,30098,0.014056013
17821,73368,0.027771736
17822,35155,0.013313077
17823,99591,0.008168989
17824,35027,0.0028740324
17825,8461,0.011449005
17826,65164,0.0035584252
17827,27876,0.011954552
17828,9981,0.023161244
17829,6682,0.0033343947
17830,111000,0.046898387
17831,73817,0.021766486
17832,109815,0.007177432
17833,11055,0.008351307
17834,46695,0.024088822
17835,75746,0.021766486
17836,18813,0.005767515
17837,55616,0.011954552
17838,19700,0.0030200463
17839,20930,0.012781196
17840,55404,0.0027627202
17841,70355,0.047870692
17842,51822,0.01767445
17843,58947,0.008974107
17844,45671,0.011954552
17845,15676,0.0031852394
17846,28203,0.007882656
17847,31617,0.0073626186
17848,59753,0.002931354
17849,28608,0.0061582867
17850,93936,0.0028401762
17851,101224,0.0031869553
17852,35657,0.008141885
17853,77998,0.008974107
17854,88635,0.02051919
17855,45401,0.036347944
17856,43050,0.0078012818
17857,39065,0.03078718
17858,12056,0.01613039
17859,41771,0.02506695
17860,12,0.0014532544
17861,27815,0.021766486
17862,64457,0.0079815285
17863,16115,0.0014532544
17864,87425,0.0014975807
17865,81286,0.0015666143
17866,8697,0.0071229124
17867,83871,0.008160894
17868,70274,0.021766486
17869,56445,0.0201032
17870,109057,0.0081640445
17871,61683,0.0014975807
17872,18893,0.0024544029
17873,68842,0.011701322
17874,8834,0.0073290174
17875,19152,0.004594609
17876,91302,0.016521668
17877,77569,0.012895575
17878,85705,0.0034349244
17879,99420,0.016521668
17880,102684,0.014821278
17881,90391,0.011701322
17882,71781,0.05430571
17883,43281,0.025030723
17884,24711,0.036231093
17885,75180,0.0031869553
17886,11196,0.0067831436
17887,99047,0.0018149752
17888,83571,0.025541034
17889,70091,0.026155245
17890,95208,0.0077352272
17891,50806,0.0017386912
17892,35078,0.016434142
17893,56028,0.013363381
17894,105108,0.0029662917
17895,5379,0.005907898
17896,83023,0.011701322
17897,97995,0.0060203676
17898,99497,0.0031772251
17899,108733,0.002705636
17900,51907,0.002453603
17901,5930,0.0073290174
17902,6832,0.008149544
17903,58409,0.01818908
17904,6434,0.00784768
17905,34562,0.0022401751
17906,110278,0.011701322
17907,11003,0.015973266
17908,1735,0.0073361113
17909,58116,0.0082407575
17910,30995,0.008028138
17911,19095,0.012781196
17912,37887,0.01157972
17913,12650,0.002931931
17914,63020,0.0030200463
17915,26278,0.011927929
17916,107286,0.021181539
17917,60600,0.0023148002
17918,36205,0.013708811
17919,48009,0.0029604395
17920,105601,0.011657114
17921,60896,0.0028239565
17922,24353,0.0018411374
17923,33878,0.0028178282
17924,12708,0.005907898
17925,20057,0.0026898894
17926,38467,0.0015202472
17927,8534,0.0073290174
17928,77548,0.0012505185
17929,73570,0.0051986515
17930,19362,0.02020628
17931,49551,0.021766486
17932,53948,0.013253106
17933,56978,0.0015202472
17934,47057,0.011954552
17935,47974,0.007945884
17936,9301,0.007822569
17937,100045,0.009639213
17938,16982,0.027535327
17939,36037,0.0026188802
17940,17809,0.016599279
17941,27005,0.013363381
17942,111687,0.011657114
17943,49776,0.0018411374
17944,15801,0.0029336698
17945,77045,0.020744996
17946,11752,0.002931354
17947,3743,0.016301729
17948,58468,0.004099291
17949,50967,0.025804454
17950,15300,0.015885983
17951,14000,0.036231093
17952,83498,0.0034717065
17953,115155,0.02304451
17954,99981,0.008477296
17955,5616,0.03824978
17956,14756,0.0076456103
17957,37680,0.016161507
17958,19268,0.022304812
17959,26384,0.008016561
17960,93076,0.0147927515
17961,79967,0.0015666143
17962,90211,0.020559303
17963,91642,0.0018149752
17964,103287,0.011550994
17965,34439,0.007857064
17966,110375,0.021630505
17967,106033,0.0015666143
17968,100790,0.037169185
17969,113997,0.01640818
17970,39752,0.011954552
17971,39720,0.011954552
17972,214,0.005158255
17973,55373,0.0031772251
17974,100524,0.020559303
17975,8337,0.0031765336
17976,40529,0.011954552
17977,43431,0.014944271
17978,96663,0.03799679
17979,24591,0.021528417
17980,11941,0.011954552
17981,57887,0.018870499
17982,44679,0.0033497228
17983,10778,0.0031765336
17984,77370,0.04322669
17985,36145,0.021766486
17986,47046,0.0015202472
17987,91995,0.026488168
17988,12792,0.017267035
17989,3046,0.008355051
17990,47926,0.055099305
17991,55259,0.008974107
17992,11226,0.016000383
17993,41596,0.008836669
17994,12166,0.011954552
17995,64788,0.0029025506
17996,83060,0.01848954
17997,59284,0.007842914
17998,7289,0.005922478
17999,49611,0.03205202
18000,20566,0.040132347
18001,57049,0.013363381
18002,81217,0.007957649
18003,33504,0.02014425
18004,20616,0.015830971
18005,76057,0.02208695
18006,62122,0.04435491
18007,54190,0.00963702
18008,46331,0.011917329
18009,81717,0.016434142
18010,8844,0.0033343947
18011,92847,0.0149958115
18012,85801,0.014843087
18013,21416,0.0030200463
18014,26040,0.017274335
18015,92530,0.036264043
18016,57938,0.040132347
18017,99298,0.0107942885
18018,65488,0.0070487508
18019,93360,0.047870692
18020,43100,0.0070755444
18021,47067,0.0129255345
18022,1003,0.006221782
18023,32623,0.007602235
18024,29789,0.00557888
18025,111645,0.047870692
18026,34044,0.047070526
18027,89630,0.05430571
18028,99019,0.011167406
18029,19799,0.008310794
18030,101605,0.054126825
18031,105053,0.0067558535
18032,65247,0.0069388417
18033,78010,0.0029025506
18034,52336,0.008981251
18035,46090,0.011927929
18036,19530,0.004990039
18037,60319,0.016434142
18038,25951,0.011927929
18039,81742,0.0033073684
18040,67095,0.0018149752
18041,105569,0.0034595942
18042,48593,0.008845005
18043,57797,0.021766486
18044,94448,0.047870692
18045,40179,0.011795676
18046,46351,0.011927929
18047,31573,0.0015202472
18048,5578,0.0066531054
18049,86462,0.00764234
18050,82880,0.0029371476
18051,63503,0.0031772251
18052,6204,0.014203352
18053,30502,0.008365081
18054,34873,0.00784212
18055,24878,0.011954552
18056,91959,0.0028740324
18057,96843,0.018986482
18058,54312,0.0027627202
18059,55512,0.007319504
18060,30086,0.013363381
18061,101009,0.040500026
18062,44508,0.018870499
18063,106518,0.028507296
18064,19509,0.0015202472
18065,91676,0.003459785
18066,97713,0.0061179083
18067,88042,0.0026368657
18068,105360,0.007638273
18069,75522,0.0028178282
18070,47741,0.055099305
18071,114474,0.002453603
18072,1466,0.0015202472
18073,78299,0.047870692
18074,58532,0.020351714
18075,6503,0.006192342
18076,43502,0.036231093
18077,44340,0.023793621
18078,114125,0.007355109
18079,4727,0.028986065
18080,17530,0.005082809
18081,57465,0.0028740324
18082,27169,0.0033612684
18083,23327,0.012126023
18084,86861,0.0029371476
18085,48034,0.013363381
18086,1530,0.004853319
18087,99301,0.0028740324
18088,84799,0.014843087
18089,108282,0.0015666143
18090,105460,0.0015548919
18091,39580,0.0026188802
18092,21806,0.0058516804
18093,52039,0.0018411374
18094,59942,0.0018149752
18095,14850,0.004764448
18096,66078,0.0074001797
18097,48654,0.0047129267
18098,12955,0.0030200463
18099,13407,0.0061100763
18100,114375,0.0063741137
18101,55899,0.047870692
18102,42599,0.025442297
18103,13138,0.016146418
18104,73932,0.0015666143
18105,60892,0.05430571
18106,42950,0.020939998
18107,59229,0.043058597
18108,101260,5.431992e-05
18109,54331,0.008028138
18110,43460,0.011954552
18111,85122,0.043058597
18112,64883,0.007074831
18113,78564,0.011672782
18114,62889,0.0057954444
18115,112630,0.018171003
18116,79974,0.012794813
18117,6232,0.013514059
18118,103380,0.010334203
18119,97206,0.0015666143
18120,40554,0.002931354
18121,67711,0.040132347
18122,102360,0.0014975807
18123,16432,0.013005755
18124,78686,0.013363381
18125,84328,0.036231093
18126,34399,0.009380179
18127,79561,0.0014975807
18128,29995,0.0201032
18129,78870,0.002787786
18130,41069,0.023005722
18131,23454,0.0015202472
18132,57761,0.007546195
18133,96718,0.0033073684
18134,28314,0.020939998
18135,61253,0.04090623
18136,11627,0.008386114
18137,76083,0.02208695
18138,56328,0.005906842
18139,91647,0.014843087
18140,7740,0.007857015
18141,81088,0.002942954
18142,99982,0.007080966
18143,66814,0.0033612684
18144,41328,0.0201032
18145,78819,0.02014425
18146,67441,0.009402538
18147,94978,0.053207587
18148,71702,0.008639794
18149,68363,0.02182145
18150,107767,0.0014975807
18151,74821,0.0031772251
18152,55472,0.008007766
18153,67561,0.007010156
18154,18219,0.005261314
18155,87251,0.011701322
18156,15889,0.004505
18157,108209,0.05377881
18158,3432,0.008261426
18159,48455,0.0077776397
18160,30492,0.02014425
18161,54521,0.03834532
18162,46890,0.011954552
18163,32389,0.013363381
18164,114787,0.012121506
18165,83067,0.011701322
18166,82378,0.021766486
18167,107507,0.001789183
18168,97264,0.054126825
18169,33526,0.006496562
18170,41392,0.0061711967
18171,44318,0.013320503
18172,48522,0.0031922236
18173,20169,0.014203311
18174,80401,0.011701322
18175,86718,0.029891824
18176,33981,0.018870499
18177,52189,0.008141885
18178,9876,0.007855105
18179,8308,0.0060039083
18180,53398,0.008044203
18181,15813,0.005125161
18182,24617,0.027325926
18183,101782,0.0028734638
18184,33207,0.020351714
18185,102489,0.0033073684
18186,60599,0.035395592
18187,43287,0.005837248
18188,82584,0.015015875
18189,91752,0.024691269
18190,69660,0.012716733
18191,36127,0.020551099
18192,38268,0.0015903247
18193,37405,0.0031869553
18194,71121,0.032247413
18195,93246,0.006178559
18196,16051,0.0014532544
18197,25693,0.016238391
18198,97877,0.0031869553
18199,73677,0.0051986515
18200,14664,0.030105015
18201,102758,0.035395592
18202,22840,0.005711033
18203,109898,0.029822495
18204,55029,0.0025348978
18205,115839,0.001681305
18206,106703,0.032564446
18207,84170,0.0014975807
18208,93487,0.011453038
18209,75459,0.0014975807
18210,81534,0.024537196
18211,75592,0.0032295128
18212,4156,0.022783171
18213,72834,0.0015666143
18214,66773,0.010847788
18215,67046,0.035899885
18216,68550,0.0077361893
18217,27373,0.011954552
18218,1412,0.014231379
18219,30753,0.0015903247
18220,84323,0.002931354
18221,69241,0.0015927152
18222,100489,0.0018149752
18223,6848,0.013755665
18224,99854,0.011701322
18225,66398,0.0029354065
18226,27603,0.047870692
18227,48614,0.008974107
18228,46097,0.012748092
18229,44656,0.011689119
18230,99117,0.0063741137
18231,99521,0.016715154
18232,23420,0.003528275
18233,14932,0.0015202472
18234,44443,0.013470106
18235,78892,0.0034717065
18236,80382,0.00742542
18237,54600,0.03205202
18238,27776,0.019726442
18239,88644,0.002931354
18240,112599,0.0076836436
18241,87841,0.047870692
18242,50747,0.006624904
18243,67527,0.0019407654
18244,33904,0.013363381
18245,44690,0.05410248
18246,66765,0.007010156
18247,40206,0.0067938757
18248,22350,0.008462563
18249,76258,0.008357012
18250,36442,0.0015202472
18251,6063,0.0064940355
18252,107053,0.011657114
18253,29636,0.0031869553
18254,30789,0.009867013
18255,101755,0.0028740324
18256,764,0.002787786
18257,17488,0.0154465595
18258,51549,0.0076258704
18259,3870,0.008355051
18260,68205,0.0025348978
18261,4200,0.0071231625
18262,61387,0.01818908
18263,7006,0.012717923
18264,27388,0.046898387
18265,44636,0.0062138643
18266,68860,0.008351307
18267,54068,0.0015666143
18268,12758,0.002332742
18269,33159,0.029891824
18270,16847,0.0046325624
18271,3343,0.023161244
18272,37077,0.015097311
18273,841,0.005242518
18274,89092,0.004882972
18275,100781,0.046980076
18276,95778,0.0015666143
18277,87261,0.023083359
18278,52653,0.011559162
18279,103780,0.002421818
18280,13119,0.0132248
18281,83475,0.011701322
18282,55456,0.0031928108
18283,36002,0.008974107
18284,60315,0.04090623
18285,10692,0.0033343947
18286,79564,0.0015666143
18287,46720,0.053899966
18288,45024,0.015097311
18289,35094,0.013363381
18290,33382,0.01961196
18291,29210,0.013363381
18292,43977,0.018990442
18293,71383,0.011701322
18294,102101,0.0034717065
18295,38415,0.046898387
18296,37712,0.013363381
18297,98745,0.05430571
18298,20400,0.041144025
18299,4188,0.0066952663
18300,80357,0.016521668
18301,104345,0.027543984
18302,5737,0.00811358
18303,110616,0.0031793616
18304,54475,0.0062287943
18305,17874,0.0046325624
18306,104128,0.046980076
18307,22401,0.007819928
18308,74983,0.018226296
18309,47032,0.0027627202
18310,28549,0.008974107
18311,21547,0.0015202472
18312,43435,0.0117283845
18313,57881,0.0034876661
18314,7473,0.007833347
18315,80219,0.023410017
18316,72324,0.03675735
18317,94261,0.014558698
18318,84857,0.0028401762
18319,16685,0.0201032
18320,16814,0.002094208
18321,35597,0.002453603
18322,5757,0.005907898
18323,63181,0.0077429167
18324,74396,0.0015666143
18325,49456,0.037141535
18326,57822,0.03205202
18327,35846,0.016434142
18328,90899,0.0054679024
18329,71223,0.011701322
18330,102559,0.047870692
18331,34635,0.021766486
18332,69448,0.0031869553
18333,13892,0.018485017
18334,23520,0.0066001276
18335,84098,0.036231093
18336,84534,0.029515512
18337,78414,0.007390201
18338,104344,0.05430571
18339,71157,0.0015666143
18340,104610,0.046980076
18341,2276,0.016301729
18342,62075,0.03737256
18343,112353,0.0063741137
18344,74876,0.0029025506
18345,64576,0.0025348978
18346,108744,0.0014975807
18347,99045,0.013253106
18348,58543,0.013363381
18349,69004,0.029891824
18350,9920,0.0043650316
18351,52047,0.008237679
18352,96519,0.0026188802
18353,97184,0.054126825
18354,12790,0.007983001
18355,79643,0.024691269
18356,103610,0.00779321
18357,40397,0.002705636
18358,4394,0.0063864263
18359,794,0.0025042621
18360,4140,0.0072598183
18361,24653,0.011927929
18362,76426,0.00674853
18363,6069,0.004329154
18364,83615,0.0037634685
18365,39188,0.029254962
18366,24303,0.019888451
18367,17052,0.037987046
18368,89926,0.00539036
18369,44569,0.003528275
18370,89110,0.01596527
18371,48595,0.027325926
18372,87180,0.0023281192
18373,56389,0.013004591
18374,37640,0.032247413
18375,12968,0.008007766
18376,98879,0.0024528038
18377,10594,0.008245602
18378,4472,0.005307302
18379,106216,0.054312814
18380,87959,0.013653227
18381,16435,0.002787786
18382,89308,0.0033225762
18383,28767,0.02528609
18384,26765,0.0017637569
18385,79482,0.017496003
18386,24846,0.01524711
18387,105255,0.014821278
18388,70085,0.0117677795
18389,106888,0.027325926
18390,81827,0.014843087
18391,59834,0.008007766
18392,60634,0.013363381
18393,114512,0.01873722
18394,30571,0.00634694
18395,94241,0.010531938
18396,41563,0.0028740324
18397,109695,0.011657114
18398,109608,0.046898387
18399,67180,0.035899885
18400,99783,0.0033073684
18401,77163,0.002931354
18402,114360,0.0031772251
18403,28150,0.007843314
18404,20663,0.0015202472
18405,72126,0.0033073684
18406,113464,0.013363381
18407,81070,0.002416298
18408,112126,0.08820063
18409,48700,0.0034349244
18410,107322,0.012009716
18411,72473,0.0015666143
18412,72179,0.0031869553
18413,41600,0.0028740324
18414,7367,0.005907898
18415,95065,0.0033073684
18416,9610,0.005157164
18417,3740,0.020625178
18418,72593,0.011701322
18419,32602,0.0012505185
18420,36203,0.024537196
18421,34402,0.004795545
18422,16096,0.002416298
18423,45823,0.0117283845
18424,36131,0.016761128
18425,26877,0.0028740324
18426,51988,0.021766486
18427,12221,0.0021704733
18428,80029,0.0063741137
18429,13394,0.002094208
18430,82808,0.024537196
18431,94358,0.020559303
18432,77198,0.0030200463
18433,26013,0.002705636
18434,53046,0.00597676
18435,100711,0.0031869553
18436,63842,0.0031869553
18437,108659,0.015149891
18438,105377,0.00010520401
18439,92971,0.011701322
18440,52510,0.0015666143
18441,64985,0.0029354065
18442,60576,0.0061947335
18443,32013,0.041144025
18444,103189,0.015235524
18445,8289,0.004047941
18446,223,0.0027627202
18447,28969,0.0078090434
18448,29465,0.020274134
18449,20095,0.014821278
18450,104711,0.046980076
18451,36973,0.008878191
18452,99998,0.011445893
18453,32232,0.006496562
18454,105421,0.028043397
18455,55788,0.0047378056
18456,104858,0.0126754185
18457,91231,0.0034717065
18458,26446,0.0030200463
18459,106246,0.008477296
18460,21786,0.0030200463
18461,60519,0.0015666143
18462,22667,0.0027627202
18463,37620,0.0017637569
18464,13752,0.0029336698
18465,34145,0.0015202472
18466,82340,0.0029435349
18467,85077,0.011701322
18468,21109,0.0031033105
18469,67364,0.0014532544
18470,102449,0.010847788
18471,43488,0.016210878
18472,34352,0.014821278
18473,32624,0.007994617
18474,53678,0.03205202
18475,106249,0.056530494
18476,28701,0.00557888
18477,90825,0.0062681497
18478,11169,0.005907898
18479,93543,0.0015666143
18480,34953,0.017471602
18481,110906,0.019885225
18482,19060,0.014821278
18483,50570,0.04133766
18484,1755,0.0015903247
18485,70531,0.011701322
18486,47314,0.0058175544
18487,103673,0.010835158
18488,107844,0.05377881
18489,83670,0.021181539
18490,96799,0.007718023
18491,113563,0.0026018645
18492,28055,0.00557888
18493,14192,0.008974107
18494,65330,0.0076510934
18495,104602,0.0015548919
18496,26330,0.0017637569
18497,73425,0.047870692
18498,40426,0.019465903
18499,67943,0.05430571
18500,36616,0.008155369
18501,30489,0.016434142
18502,65941,0.0062228255
18503,104469,0.0031840072
18504,43560,0.015843257
18505,26560,0.0028200543
18506,104674,0.002787786
18507,36782,0.0064083766
18508,101946,0.001789183
18509,94556,0.014821278
18510,111497,0.0028457916
18511,15112,0.0026898894
18512,24678,0.0015903247
18513,23618,0.0015903247
18514,102473,0.01997256
18515,8948,0.005907898
18516,114499,0.008220008
18517,49651,0.0017637569
18518,59139,0.013313077
18519,61934,0.011954552
18520,42924,0.011795676
18521,107313,0.053207587
18522,25406,0.008974107
18523,30569,0.008974107
18524,47284,0.041105755
18525,50344,0.0025348978
18526,77193,0.0024736794
18527,107719,0.01028682
18528,4642,0.022783171
18529,1969,0.022975886
18530,22678,0.021705776
18531,39769,0.0077620596
18532,107676,0.002705636
18533,6947,0.013755665
18534,78539,0.008330549
18535,37146,0.011927929
18536,109989,0.0068355794
18537,74049,0.0022495086
18538,64876,0.008889322
18539,23569,0.008178038
18540,98535,0.054126825
18541,59741,0.013363381
18542,66085,0.008234158
18543,82252,0.0031913405
18544,52166,0.035398092
18545,19628,0.021766486
18546,70565,0.0050129327
18547,78541,0.01487665
18548,21113,0.021766486
18549,17331,0.0076679136
18550,61911,0.011204008
18551,114714,0.0069658207
18552,50232,0.0127021745
18553,104670,0.021834597
18554,111073,0.006480614
18555,43900,0.007428447
18556,55067,0.036415964
18557,7172,0.005907898
18558,43497,0.009330666
18559,17216,0.003325652
18560,29021,0.0033612684
18561,7895,0.007824761
18562,83784,0.0033225762
18563,42895,0.007874251
18564,8309,0.029109659
18565,7723,0.010581641
18566,20394,0.03205202
18567,50954,0.03746364
18568,81892,0.017887197
18569,20596,0.006101785
18570,76806,0.03231308
18571,60858,0.0015666143
18572,77715,0.023743581
18573,71227,0.0015666143
18574,35342,0.008007766
18575,11441,0.0031765336
18576,26497,0.013932109
18577,79936,0.002094208
18578,56091,0.002453603
18579,92694,0.05430571
18580,84695,0.008154397
18581,2649,0.003223094
18582,113419,0.0076561375
18583,63393,0.02305586
18584,50585,0.021181539
18585,44182,0.012584653
18586,72454,0.032247413
18587,79439,0.0015666143
18588,52130,0.008141885
18589,64237,0.007596708
18590,56211,0.03737256
18591,73537,0.0058232713
18592,100898,0.0026188802
18593,56300,0.03734712
18594,2105,0.004993103
18595,106955,0.03938716
18596,55190,0.0074629467
18597,77058,0.0067636585
18598,110543,0.0030560032
18599,75650,0.0073263044
18600,15342,0.015885983
18601,22387,0.011927929
18602,59606,0.002931354
18603,108278,0.010365535
18604,38307,0.01818908
18605,86630,0.012547078
18606,74031,0.038699724
18607,99212,0.007610439
18608,38421,0.03205202
18609,59694,0.0027627202
18610,13800,0.01642049
18611,22908,0.0050713364
18612,108880,0.05372236
18613,78907,0.008167693
18614,114746,0.010365535
18615,99437,0.007849246
18616,22139,0.0030200463
18617,94756,0.05430571
18618,92882,0.047870692
18619,61528,0.0014975807
18620,78882,0.0015903247
18621,1124,0.007882212
18622,16201,0.0023314152
18623,59640,0.0031772251
18624,92338,0.0021390477
18625,39751,0.011927929
18626,4421,0.016000383
18627,93573,0.0069489465
18628,54616,0.007661549
18629,7818,0.023161244
18630,2628,0.008142273
18631,2076,0.02304451
18632,82679,0.011701322
18633,1599,0.016027553
18634,91448,0.006734159
18635,59303,0.021766486
18636,4626,0.008144285
18637,87068,0.013329092
18638,45336,0.003528275
18639,37715,0.012283552
18640,35847,0.013363381
18641,13475,0.0057815094
18642,81174,0.015781725
18643,692,0.04235862
18644,55862,0.0031869553
18645,70872,0.012584653
18646,7020,0.0039192443
18647,97991,0.013653227
18648,44820,0.0015432577
18649,10440,0.007846225
18650,83855,0.0037634685
18651,64068,0.003125569
18652,31580,0.0015202472
18653,56726,0.009146037
18654,17595,0.0056993826
18655,51300,0.0028740324
18656,11951,0.0015903247
18657,51783,0.04133766
18658,59604,0.01767445
18659,31999,0.011954552
18660,68353,0.0040805438
18661,73201,0.017313542
18662,6487,0.0033343947
18663,56831,0.0014975807
18664,50838,0.021279197
18665,113445,0.0028740324
18666,86242,0.019998942
18667,71167,0.011701322
18668,67265,0.039271116
18669,69885,0.021766486
18670,7496,0.0073290174
18671,15945,0.0073722433
18672,78401,0.0026188802
18673,60466,0.006218357
18674,102527,0.011701322
18675,85760,0.008154397
18676,14444,0.018870499
18677,83810,0.013158637
18678,72426,0.0014975807
18679,86934,0.047870692
18680,101929,0.0126754185
18681,115418,0.001486374
18682,103462,0.036710914
18683,88877,0.028454639
18684,114689,0.0027627202
18685,25087,0.011954552
18686,13348,0.02284952
18687,75384,0.0014975807
18688,57917,0.006136059
18689,114646,0.0027355705
18690,91756,0.03855454
18691,112693,0.008197119
18692,101215,0.008243209
18693,78344,0.016238391
18694,80693,0.003605579
18695,85499,0.0016888018
18696,84576,0.0014975807
18697,114555,0.047870692
18698,23639,0.0026188802
18699,1312,0.010880039
18700,57257,0.0061947335
18701,4894,0.006014704
18702,39703,0.0015202472
18703,27633,0.0074216286
18704,2176,0.010835158
18705,78855,0.010567557
18706,111680,1.0554595e-05
18707,60707,0.006172762
18708,21463,0.0015202472
18709,50162,0.0030200463
18710,61872,0.015097311
18711,84702,0.0014975807
18712,94050,0.0037638813
18713,5013,0.0037946217
18714,71466,0.021766486
18715,108030,0.046980076
18716,86069,0.011701322
18717,24920,0.02304451
18718,81635,0.0026360054
18719,46525,0.011927929
18720,94239,0.0015666143
18721,88963,0.028106956
18722,59356,0.04090623
18723,56222,0.044295423
18724,58728,0.010369356
18725,658,0.0058885254
18726,64756,0.001867677
18727,82362,0.010847788
18728,6329,0.0043975734
18729,102601,0.007468204
18730,103848,0.0027627202
18731,67780,0.0015689692
18732,85174,0.0015666143
18733,69459,0.025804454
18734,99992,0.053899966
18735,22945,0.00442373
18736,35460,0.0015202472
18737,96514,0.014131685
18738,62686,0.04090623
18739,89445,0.0027627202
18740,89179,0.015787302
18741,34560,0.008156542
18742,9555,0.029109659
18743,67698,0.035899885
18744,48270,0.021707047
18745,70415,0.011701322
18746,45996,0.02020628
18747,707,0.023005722
18748,29516,0.021766486
18749,92224,0.011586784
18750,106897,0.0014081206
18751,85708,0.021766486
18752,97905,0.01237638
18753,15309,0.008571081
18754,88787,0.0034717065
18755,9807,0.005907898
18756,8423,0.024355432
18757,735,0.02305342
18758,89521,0.05430571
18759,67195,0.035395592
18760,45967,0.0015202472
18761,11412,0.0053519174
18762,100997,0.014861401
18763,19023,0.015437984
18764,15663,0.0024131497
18765,3004,0.005907898
18766,102392,0.015562961
18767,44544,0.016031291
18768,6429,0.017152222
18769,72299,0.023330644
18770,31446,0.0027901384
18771,21997,0.0025954216
18772,7460,0.0064940355
18773,50495,0.013363381
18774,98582,0.040500026
18775,53187,0.021766486
18776,75584,0.017496003
18777,10590,0.022744821
18778,75606,0.03205202
18779,115168,0.0023148002
18780,66947,0.03205202
18781,49884,0.01767445
18782,3171,0.005387564
18783,18833,0.007848556
18784,51457,0.0028740324
18785,9767,0.00688938
18786,43015,0.002744771
18787,104086,0.008009326
18788,58372,0.013363381
18789,107950,0.002828979
18790,29246,0.016434142
18791,113807,0.0014975807
18792,51952,0.037510764
18793,20845,0.0023314152
18794,104229,0.054126825
18795,86618,0.01381957
18796,24259,0.018870499
18797,98204,0.020185387
18798,41835,0.19905369
18799,60924,0.002931354
18800,111900,0.0040151565
18801,80790,0.0014975807
18802,14018,0.024691269
18803,97964,0.013846885
18804,25418,0.020939998
18805,50133,0.0041030846
18806,41864,0.045405824
18807,23487,0.011927929
18808,45693,0.017969947
18809,65603,0.002787786
18810,53217,0.0026188802
18811,72997,0.01818908
18812,53612,0.029891824
18813,113991,0.04090623
18814,63292,0.017294373
18815,51803,0.013932109
18816,79290,0.0026188802
18817,59327,0.007694955
18818,22400,0.045405824
18819,7189,0.013113975
18820,99476,0.011167242
18821,105364,0.047870692
18822,74223,0.0031869553
18823,50990,0.006136059
18824,28606,0.002931354
18825,111498,0.0023281192
18826,39916,0.025541034
18827,42697,0.0064236186
18828,79452,0.029608713
18829,114839,0.027325926
18830,30725,0.013363381
18831,95610,0.010847788
18832,22246,0.006095129
18833,93907,0.0029604395
18834,58870,0.0034717065
18835,93841,0.013121161
18836,100249,0.0021458105
18837,59026,0.019914081
18838,42216,0.002453603
18839,14003,0.006136059
18840,99076,0.023543663
18841,2116,0.008060558
18842,93111,0.0023749098
18843,42318,0.008082999
18844,38500,0.020996885
18845,21551,0.004332121
18846,38259,0.008974107
18847,92116,0.0014975807
18848,86382,0.0018149752
18849,107140,0.0075422674
18850,98551,0.0025348978
18851,31296,0.040132347
18852,94929,0.053207587
18853,115594,0.016926574
18854,13301,0.0015202472
18855,45468,0.002762175
18856,14521,0.016233936
18857,54149,0.0030200463
18858,72837,0.0022793664
18859,83063,0.0031023843
18860,1813,0.0028457916
18861,81784,0.031928305
18862,37314,0.016434142
18863,21721,0.0030200463
18864,88662,0.0055332514
18865,17912,0.014821278
18866,45162,0.0058175544
18867,85324,0.0029435349
18868,99346,0.023543663
18869,88504,0.014843087
18870,60212,0.05430571
18871,91303,0.008851328
18872,112342,0.013363381
18873,89466,0.0021390477
18874,93431,0.0014975807
18875,1192,0.007988558
18876,10391,0.022744821
18877,70583,0.0033073684
18878,25524,0.008578008
18879,66219,0.004521327
18880,45595,0.015071701
18881,101467,0.011657114
18882,77938,0.010847788
18883,45138,0.03919163
18884,191,0.020529035
18885,68453,0.014843087
18886,47476,0.011927929
18887,75430,0.0015666143
18888,104129,0.007812972
18889,104685,0.011657114
18890,48972,0.0027627202
18891,441,0.0051070717
18892,107837,0.0035765604
18893,25783,0.0028178282
18894,788,0.002705636
18895,57136,0.011446087
18896,12399,0.0060203676
18897,25842,0.020831462
18898,109583,0.018226296
18899,33860,0.0061947335
18900,58399,0.0015202472
18901,90064,0.05430571
18902,2322,0.0064940355
18903,113764,0.002942954
18904,94278,0.013320503
18905,68880,0.011701322
18906,94058,0.00554198
18907,18632,0.0021704733
18908,30897,0.0078689335
18909,23640,0.0077619823
18910,17861,0.014821278
18911,85414,0.03205202
18912,34957,0.013363381
18913,20430,0.013052749
18914,38888,0.002705636
18915,68444,0.007975724
18916,65687,0.0057136226
18917,113882,0.0064966297
18918,87376,0.018870499
18919,83231,0.03646234
18920,64878,0.0014532544
18921,45962,0.008974107
18922,73750,0.01596527
18923,48399,0.0061664023
18924,31495,0.0015202472
18925,100270,0.0063741137
18926,104250,0.018986482
18927,110364,0.011701322
18928,42061,0.0019407654
18929,44824,0.0076033575
18930,70340,0.011701322
18931,22021,0.025804454
18932,10176,0.0015202472
18933,86874,0.02014425
18934,50878,0.03078718
18935,114430,0.016434142
18936,77818,0.018870499
18937,25518,0.055099305
18938,9441,0.022975886
18939,52146,0.016434142
18940,5442,0.0033343947
18941,16713,0.002931354
18942,43927,0.020939998
18943,58363,0.006740678
18944,107965,0.053207587
18945,48936,0.0015903247
18946,47794,0.013363381
18947,76502,0.017496003
18948,47455,0.015071701
18949,75015,0.00645494
18950,85261,0.011001481
18951,67668,0.002705636
18952,53222,0.03078718
18953,98845,0.037202954
18954,52710,0.008471386
18955,71478,0.047870692
18956,21949,0.003528275
18957,12472,0.005994343
18958,9084,0.013254977
18959,48183,0.01818908
18960,91271,0.001486374
18961,108243,0.0028627014
18962,32460,0.007065919
18963,42451,0.0022401751
18964,43906,0.011795676
18965,51931,0.011954552
18966,98153,0.010847788
18967,11029,0.012116014
18968,75847,0.0023148167
18969,93460,0.0111305015
18970,45800,0.0026188802
18971,94558,0.0040805438
18972,76926,0.011701322
18973,61209,0.0024139371
18974,1340,0.024537196
18975,108617,0.0063741137
18976,8408,0.03504938
18977,115544,0.0028178282
18978,90387,0.05430571
18979,89287,0.019998942
18980,91797,0.014791633
18981,22077,0.0015202472
18982,102971,0.002416298
18983,63046,0.011701322
18984,13074,0.013620624
18985,75839,0.002705636
18986,33264,0.013363381
18987,732,0.005912246
18988,57362,0.040196482
18989,43578,0.01883267
18990,20495,0.0017637569
18991,115259,0.002979701
18992,109151,0.0028740324
18993,28361,0.020939998
18994,48688,0.0076510934
18995,69760,0.013320503
18996,25445,0.021766486
18997,74994,0.007391537
18998,76892,0.036264043
18999,5812,0.016000383
19000,104243,0.011701322
19001,36309,0.0037016
19002,38234,0.0026188802
19003,26780,0.0015202472
19004,6296,0.007988558
19005,110184,0.0022495086
19006,52008,0.009055889
19007,37938,0.0029943674
19008,42026,0.011927929
19009,25097,0.003528275
19010,35153,0.008974107
19011,46104,0.0201032
19012,63532,0.0023148002
19013,62831,0.011954552
19014,49690,0.029891824
19015,27161,0.011954552
19016,91387,0.011377048
19017,50354,0.013363381
19018,17597,0.01818908
19019,66250,0.002787786
19020,32496,0.01767445
19021,92143,0.008768136
19022,44733,0.011954552
19023,21185,0.0026898894
19024,1286,0.010321205
19025,39151,0.0028627014
19026,49282,0.014821278
19027,89943,0.008012205
19028,47276,0.011927929
19029,47493,0.03051373
19030,54400,0.008974107
19031,85298,0.012716733
19032,113723,0.013363381
19033,39689,0.0015202472
19034,2783,0.016027553
19035,11097,0.0056496686
19036,3131,0.00800413
19037,60524,0.0014975807
19038,25722,0.008007766
19039,86655,0.013977945
19040,67865,0.0012505185
19041,114062,0.0031090663
19042,73184,0.014888253
19043,112481,0.0028178282
19044,99563,0.011701322
19045,113555,0.008161338
19046,17262,0.004716455
19047,55740,0.0027627202
19048,68808,0.016231606
19049,111055,0.002787786
19050,2358,0.02304451
19051,83694,0.029515512
19052,104158,0.002931931
19053,42243,0.0015874926
19054,83338,0.006547327
19055,15635,0.0031033105
19056,72845,0.0065898686
19057,38032,0.013320503
19058,24096,0.011795676
19059,86973,0.010790556
19060,62674,0.0054736333
19061,112303,0.008477296
19062,37318,0.005372247
19063,27512,0.0015202472
19064,79083,0.047870692
19065,49729,0.0015202472
19066,110330,0.0028627014
19067,55875,0.008007766
19068,89811,0.02225562
19069,55163,0.017294373
19070,76130,0.0014975807
19071,30326,0.01767445
19072,98786,0.018226296
19073,3152,0.0035000707
19074,22804,0.0072437217
19075,112649,0.007776871
19076,44415,0.01462113
19077,26543,0.011927929
19078,65259,0.0030200463
19079,110928,0.0014975807
19080,66700,0.007316836
19081,85380,0.0030200463
19082,56301,0.008141885
19083,2283,0.0083481725
19084,38358,0.0015202472
19085,93303,0.018986482
19086,22698,0.006893097
19087,27659,0.00557888
19088,92450,0.008358798
19089,67213,0.039244436
19090,109412,0.0147927515
19091,74263,0.024691269
19092,91027,0.0014975807
19093,45197,0.015044988
19094,107935,0.05377881
19095,30986,0.010619329
19096,15044,0.013177877
19097,17780,0.0053772307
19098,87040,0.020982722
19099,46910,0.013639562
19100,75108,0.0015666143
19101,6245,0.0039830757
19102,82614,0.03745748
19103,52253,0.0031023843
19104,62532,0.007391537
19105,60976,0.0028740324
19106,95682,0.0028740324
19107,51451,0.03205202
19108,33494,0.0040151565
19109,57652,0.0077619823
19110,41591,0.0025954216
19111,4468,0.013156272
19112,2491,0.0039830757
19113,24568,0.011795676
19114,94372,0.0033111635
19115,103875,0.0072882148
19116,1343,0.008556793
19117,30282,0.021834597
19118,75676,0.0076830545
19119,87593,0.0071729347
19120,65336,0.00777938
19121,16306,0.006861763
19122,10630,0.007945335
19123,105958,0.0077619823
19124,61041,0.002931354
19125,20591,0.0026898894
19126,46045,0.018870499
19127,108181,0.002416298
19128,16844,0.0046325624
19129,102020,0.0015666143
19130,94428,0.013363381
19131,78968,0.0015666143
19132,85368,0.024537196
19133,3242,0.017445296
19134,84991,0.05410248
19135,91667,0.016521668
19136,115466,0.001486374
19137,100192,0.01386769
19138,33771,0.0015202472
19139,82372,0.011701322
19140,88713,0.00784212
19141,76646,0.0039089746
19142,87052,0.014843087
19143,70163,0.026682893
19144,35463,0.0201032
19145,88203,0.006083727
19146,97706,0.015615097
19147,100390,0.11266782
19148,115798,0.016715154
19149,99350,0.037528723
19150,84607,0.04090623
19151,15103,0.0067485077
19152,66350,0.007458087
19153,21934,0.018870499
19154,25971,0.021766486
19155,8296,0.008329333
19156,27030,0.0318103
19157,36129,0.013363381
19158,81044,0.009685814
19159,79050,0.013363381
19160,66018,0.0030200463
19161,71798,0.0015666143
19162,58086,0.008260535
19163,65954,0.007954624
19164,57825,0.0025348978
19165,27039,0.010344615
19166,74179,0.0020554126
19167,3024,0.006529953
19168,75282,0.013960948
19169,63728,0.0031630457
19170,41094,0.0117283845
19171,70379,0.014821278
19172,30450,0.013363381
19173,46825,0.0015202472
19174,72175,0.040132347
19175,12984,0.0130400155
19176,28256,0.007843314
19177,59892,0.013363381
19178,72182,0.047870692
19179,67491,0.018226296
19180,61281,0.0015225332
19181,73173,0.011024186
19182,69764,0.011701322
19183,17017,0.0029394678
19184,27937,0.007348198
19185,58245,0.0061711967
19186,31292,0.013841311
19187,19092,0.021181539
19188,107821,0.0038509343
19189,87654,0.008442026
19190,113406,0.0029458588
19191,93100,0.038310543
19192,72844,0.035395592
19193,54891,0.0031922236
19194,5646,0.03824978
19195,36358,0.008974107
19196,22006,0.010060923
19197,102810,0.0031840072
19198,37141,0.011927929
19199,20296,0.0031869553
19200,54624,0.013363381
19201,60372,0.05430571
19202,84032,0.05430571
19203,38315,0.011927929
19204,97258,0.0022793664
19205,86018,0.0068446137
19206,72765,0.003528275
19207,45152,0.0023749098
19208,110223,0.006177909
19209,16875,0.056530494
19210,863,0.015885983
19211,28326,0.00557888
19212,51868,0.016434142
19213,62043,0.006136059
19214,9465,0.008245602
19215,38820,0.007687582
19216,17039,0.002931354
19217,13045,0.0055693677
19218,23740,0.006136059
19219,72237,0.0014975807
19220,64283,0.0080143735
19221,26902,0.0078090434
19222,14424,0.0056748325
19223,14572,0.0039401
19224,51340,0.0065347096
19225,55172,0.007819994
19226,115003,0.0028457916
19227,68543,0.04090623
19228,45226,0.014821278
19229,40204,0.03205202
19230,14257,0.021834597
19231,46475,0.002416298
19232,74550,0.0033073684
19233,97065,0.0031772251
19234,73554,0.0015666143
19235,28096,0.002931354
19236,63351,0.0051986515
19237,66216,0.0015666143
19238,115757,0.002453603
19239,77661,0.011701322
19240,24170,0.03096484
19241,68317,0.008839297
19242,67063,0.0021768152
19243,27516,0.0033073684
19244,1309,0.01613039
19245,33041,0.018870499
19246,79618,0.021834597
19247,99870,0.023083359
19248,62986,0.002787786
19249,53461,0.049661282
19250,17412,0.03476391
19251,67839,0.011701322
19252,23746,0.016533526
19253,2281,0.0053519174
19254,8382,0.007963381
19255,109162,0.0027482088
19256,36181,0.032522943
19257,93000,0.0015455774
19258,39895,0.00764234
19259,113200,0.014726746
19260,27187,0.026261536
19261,101493,0.008141885
19262,33978,0.018870499
19263,28984,0.0081075495
19264,112914,0.05375461
19265,97186,0.014843087
19266,13916,0.0015202472
19267,62960,0.0013480855
19268,88498,0.0018149752
19269,18662,0.004716455
19270,27646,0.024751399
19271,25647,0.012584653
19272,61101,0.0051696016
19273,65272,0.0029025506
19274,46313,0.008007766
19275,84012,0.008381801
19276,47305,0.006588461
19277,13277,0.004457374
19278,35527,0.013363381
19279,69436,0.021181539
19280,15261,0.0026898894
19281,17510,0.0021152445
19282,63636,0.002931354
19283,112715,0.0014975807
19284,115035,0.001486374
19285,100132,0.0014975807
19286,82445,0.008285288
19287,62171,0.00798433
19288,96052,0.0028480412
19289,86133,0.0014975807
19290,114221,0.002416298
19291,14429,0.008172632
19292,59811,0.05430571
19293,92019,0.043058597
19294,14630,0.007515762
19295,107883,0.0023459767
19296,72975,0.0030200463
19297,94884,0.0033073684
19298,15610,0.021766486
19299,29714,0.0015903247
19300,80787,0.014843087
19301,115208,0.011184078
19302,7256,0.0060511837
19303,8158,0.007828323
19304,83527,0.007848556
19305,73596,0.01596527
19306,23255,0.040760215
19307,112613,0.05375461
19308,51816,0.045405824
19309,45167,0.011927929
19310,44014,0.012647842
19311,28590,0.002345287
19312,89472,0.018870499
19313,13153,0.002931354
19314,107505,0.0031772251
19315,2545,0.0037338003
19316,85843,0.007034461
19317,105688,0.038961247
19318,18182,0.0015202472
19319,60478,0.011622833
19320,37532,0.049661282
19321,110396,0.011657114
19322,91896,0.022001382
19323,98539,0.03962842
19324,110545,0.011809508
19325,80910,0.002942954
19326,88889,0.014296091
19327,58516,0.005370364
19328,75286,0.0031772251
19329,95592,0.0027627202
19330,12471,0.036907304
19331,67200,0.011701322
19332,15203,0.02755266
19333,87136,0.011701322
19334,90716,0.05430571
19335,62941,0.0077081616
19336,82615,0.020008542
19337,44199,0.0015202472
19338,73702,0.004702347
19339,24969,0.02010729
19340,14626,0.008974107
19341,31504,0.011954552
19342,70002,0.011701322
19343,39307,0.015071701
19344,46682,0.0023281192
19345,87284,0.0033073684
19346,1434,0.025030723
19347,43910,0.0015202472
19348,7569,0.016000383
19349,96438,0.00216374
19350,100632,0.010847788
19351,104272,0.008575758
19352,53994,0.0031922236
19353,91283,0.0018149752
19354,54777,0.086372
19355,20884,0.019235024
19356,82085,0.004099291
19357,43944,0.0030200463
19358,57276,0.0067011295
19359,73420,0.0071241194
19360,80482,0.0014975807
19361,42529,0.010791936
19362,56309,0.005370364
19363,41814,0.015106617
19364,11473,0.016000383
19365,68492,0.007010156
19366,92551,0.053899966
19367,68274,0.008974107
19368,35691,0.002453603
19369,8453,0.0031765336
19370,6785,0.024355432
19371,19291,0.0028740324
19372,108722,0.0073551266
19373,68175,0.05430571
19374,15486,0.024537196
19375,45641,0.0051808334
19376,73383,0.0019407654
19377,64031,0.007760088
19378,15873,0.0015202472
19379,66784,0.019720405
19380,51787,0.021766486
19381,27364,0.008088498
19382,51021,0.0028740324
19383,91962,0.010847788
19384,62896,0.05430571
19385,11333,0.0073290174
19386,86775,0.0061894837
19387,47013,0.0040766564
19388,33816,0.0075640436
19389,42863,0.035470113
19390,26755,0.030275242
19391,20533,0.006977404
19392,40890,0.015699996
19393,99152,0.009846365
19394,44163,0.055099305
19395,106905,0.02014425
19396,11740,0.0026898894
19397,21822,0.015071701
19398,82271,0.0015666143
19399,83555,0.00919468
19400,4837,0.008044203
19401,43971,0.011795676
19402,1944,0.007988558
19403,5237,0.00840412
19404,37286,0.047870692
19405,655,0.006933909
19406,20498,0.008877579
19407,3981,0.008234283
19408,84121,0.008156743
19409,60778,0.020900864
19410,1529,0.0033343947
19411,75529,0.0015666143
19412,96584,0.002094208
19413,31856,0.007960864
19414,45164,0.03628678
19415,115060,0.047870692
19416,108010,0.0014081206
19417,58712,0.005906842
19418,28175,0.023743581
19419,94799,0.020559303
19420,8166,0.008355051
19421,45554,0.015097311
19422,79465,0.046980076
19423,23294,0.008974107
19424,83829,0.0025348978
19425,105257,0.0014953327
19426,20688,0.014917249
19427,115336,0.0014752509
19428,73867,0.007748927
19429,19599,0.004649643
19430,13055,0.0073722987
19431,106882,0.002151975
19432,41947,0.041144025
19433,7126,0.008406897
19434,104207,0.0014975807
19435,57585,0.0073181596
19436,96751,0.0019407654
19437,90788,0.0074991942
19438,5886,0.0073290174
19439,52120,0.013393334
19440,106797,0.007031377
19441,52407,0.0117283845
19442,45243,0.003950813
19443,82325,0.029515512
19444,47844,0.0028740324
19445,100783,0.041039113
19446,29244,0.0027627202
19447,47102,0.011795676
19448,27663,0.009853099
19449,11771,0.0130400155
19450,84457,0.0031869553
19451,70761,0.0071958215
19452,20336,0.0023281192
19453,715,0.007843389
19454,62738,0.002931354
19455,51271,0.013363381
19456,104162,0.009415221
19457,37550,0.0060414663
19458,76845,0.032247413
19459,51242,0.0030200463
19460,25057,0.025099857
19461,64646,0.0021427039
19462,51385,0.0028740324
19463,53811,0.013363381
19464,105135,0.0075532543
19465,108711,0.035470113
19466,58121,0.013363381
19467,90907,0.028454639
19468,20827,0.0015202472
19469,104224,0.008477296
19470,111444,0.0023148167
19471,64383,0.008349624
19472,56476,0.0030200463
19473,24524,0.011927929
19474,27845,0.0029639504
19475,40163,0.055099305
19476,90830,0.052934613
19477,87232,0.0068212147
19478,23574,0.008033085
19479,46115,0.011954552
19480,94188,0.0031772251
19481,63317,0.00979991
19482,74534,0.0014975807
19483,35291,0.008160469
19484,39596,0.007458087
19485,23486,0.021766486
19486,81047,0.018870499
19487,93399,0.0028968249
19488,83380,0.011701322
19489,112686,0.0014975807
19490,65446,0.0067204135
19491,86247,0.021766486
19492,46955,0.0015903247
19493,87319,0.02725972
19494,24597,0.015981326
19495,62935,0.016142873
19496,29392,0.008372535
19497,102824,0.040132347
19498,50802,0.07363435
19499,89526,0.018870499
19500,30994,0.010847788
19501,76470,0.006709899
19502,92564,0.047870692
19503,21399,0.006740911
19504,49224,0.00017842485
19505,29115,0.013363381
19506,59022,0.04090623
19507,3877,0.004054486
19508,107838,0.0049575525
19509,84546,0.008330549
19510,109011,0.019565145
19511,36221,0.0015202472
19512,46666,0.007748927
19513,92721,0.05430571
19514,19285,0.015885983
19515,110957,0.015911184
19516,32568,0.02014425
19517,50895,0.013363381
19518,3401,0.011044226
19519,19144,0.035395592
19520,12803,0.002931931
19521,27979,0.0013279824
19522,42619,0.00777938
19523,45769,0.0015202472
19524,92145,0.01590963
19525,40953,0.007658472
19526,81404,0.0031869553
19527,27297,0.008330215
19528,24796,0.0017637569
19529,67274,0.020286372
19530,3259,0.0034439529
19531,103024,0.008023568
19532,115925,0.03677475
19533,65145,0.0022793664
19534,45656,0.006147749
19535,39611,0.011401993
19536,86366,0.0033073684
19537,49094,0.008977416
19538,103841,0.0027627202
19539,113878,0.0077420706
19540,79972,0.0015666143
19541,107901,0.0029662917
19542,14165,0.0117283845
19543,108544,0.055076644
19544,15388,0.0025042621
19545,64024,0.0019407654
19546,63017,0.0022495086
19547,114339,0.002705636
19548,69477,0.011701322
19549,83102,0.05430571
19550,92765,0.053899966
19551,85825,0.021766486
19552,83026,0.05442171
19553,66109,0.0050720368
19554,92942,0.002416298
19555,27404,0.013363381
19556,43249,0.008028138
19557,72228,0.03675735
19558,14492,0.002332742
19559,66488,0.014593079
19560,22058,0.011927929
19561,37892,0.015097311
19562,53361,0.020351714
19563,77095,0.0046993284
19564,43307,0.014821278
19565,92913,0.0029025506
19566,59384,0.0023148167
19567,35998,0.021766486
19568,54787,0.006136059
19569,77380,0.0014975807
19570,63742,0.009873164
19571,55668,0.0031002495
19572,15670,0.002345287
19573,62802,0.029891824
19574,36645,0.018870499
19575,63321,0.014152555
19576,19104,0.0025954216
19577,91919,0.0044042193
19578,31862,0.0030200463
19579,10252,0.007824761
19580,98915,0.010847788
19581,63575,0.007387089
19582,71664,0.047870692
19583,14968,0.0029336698
19584,10837,0.008261426
19585,79621,0.035377007
19586,110718,0.021834597
19587,88560,0.03737256
19588,26737,0.0099878935
19589,64126,0.0076517374
19590,72177,0.009524131
19591,14911,0.0051249056
19592,17140,0.0031869553
19593,74681,0.018870499
19594,75966,0.0015202472
19595,34596,0.03746364
19596,63539,0.03205202
19597,87668,0.028454639
19598,36393,0.0030200463
19599,38233,0.008479324
19600,80276,0.01300026
19601,54229,0.0030200463
19602,88354,0.014843087
19603,108176,0.01596527
19604,62281,0.015097311
19605,107923,0.01818908
19606,26889,0.008390893
19607,38,0.026229994
19608,49617,0.011204008
19609,50522,0.0022495086
19610,7764,0.006339946
19611,60727,0.0012886691
19612,37020,0.016649216
19613,5988,0.009105761
19614,88887,0.05430571
19615,77115,0.010847788
19616,22468,0.053899966
19617,15551,0.0029336698
19618,13365,0.0030200463
19619,53286,0.008974107
19620,42574,0.001681305
19621,22304,0.026155245
19622,24710,0.0019407654
19623,19075,0.0018149752
19624,75507,0.0014975807
19625,93081,0.03737256
19626,69354,0.02755266
19627,111490,0.0066754855
19628,111040,0.0022401751
19629,55994,0.04090623
19630,46703,0.0015202472
19631,70423,0.0007260449
19632,104399,0.008044203
19633,36401,0.007391537
19634,115684,0.009801163
19635,1212,0.0015202472
19636,42030,0.011927929
19637,70759,0.0076454766
19638,98241,0.002453603
19639,112970,0.04090623
19640,81089,0.012584653
19641,39566,0.015097311
19642,108306,0.039058484
19643,35165,0.012514671
19644,52261,0.026155245
19645,104936,0.004720622
19646,66158,0.008580559
19647,88313,0.008974107
19648,62361,0.006519191
19649,89397,0.027928116
19650,113404,0.013363381
19651,44403,0.0051064664
19652,65357,0.0029354065
19653,25001,0.0028740324
19654,39196,0.0059503526
19655,55169,0.0028740324
19656,101925,0.0029025506
19657,37433,0.0014532544
19658,87332,0.016521668
19659,105297,0.00784768
19660,64247,0.0077246428
19661,95334,0.0067904172
19662,7427,0.015030524
19663,89289,0.01386769
19664,91542,0.0074414033
19665,90493,0.011701322
19666,86195,0.021766486
19667,115123,0.0014752509
19668,59287,0.027476527
19669,114911,0.0033073684
19670,28663,0.03205202
19671,81118,0.029515512
19672,24912,0.015071701
19673,2666,0.020231923
19674,65871,0.002787786
19675,63464,0.0023148167
19676,75838,0.003754843
19677,65469,0.0028740324
19678,103855,0.0062543624
19679,108567,0.028454639
19680,99832,0.011657114
19681,23280,0.032949008
19682,46644,0.016406218
19683,18247,0.008007766
19684,85649,0.014843087
19685,9385,0.009662794
19686,63515,0.0061692055
19687,85227,0.0029435349
19688,37134,0.014944271
19689,16991,0.0056496686
19690,74500,0.035899885
19691,61361,0.0024864173
19692,96395,0.0023749098
19693,38619,0.0085109165
19694,77040,0.008974107
19695,4791,0.007486212
19696,66676,0.003052717
19697,100122,0.02304451
19698,26111,0.0030200463
19699,85249,0.0014975807
19700,91512,0.044313025
19701,91892,0.008077068
19702,29490,0.013363381
19703,73736,0.0015666143
19704,96225,0.011701322
19705,20600,0.0015202472
19706,46200,0.0020972067
19707,90386,0.0031511593
19708,63754,0.007862633
19709,53135,0.006089225
19710,78244,0.005370364
19711,81357,0.03078718
19712,54696,0.016434142
19713,99224,0.0018149752
19714,113863,0.007982435
19715,112877,0.03961092
19716,49915,0.049661282
19717,4780,0.0073290174
19718,82699,0.011701322
19719,997,0.0054944805
19720,97789,0.0078156665
19721,91310,0.020559303
19722,72479,0.0035036982
19723,115936,0.03677475
19724,100544,0.011657114
19725,77080,0.005370364
19726,105343,0.017770043
19727,48574,0.025804454
19728,51839,0.024088822
19729,13970,0.011377048
19730,99468,0.0063741137
19731,77298,0.014821278
19732,11591,0.008355051
19733,26204,0.0015432577
19734,96895,0.026488168
19735,9435,0.040132347
19736,18494,0.0026898894
19737,3509,0.007988558
19738,38435,0.017294373
19739,70351,0.011701322
19740,41155,0.011795676
19741,68894,0.009507799
19742,88916,0.047870692
19743,106108,0.007841229
19744,25629,0.01818908
19745,102974,0.0015666143
19746,50443,0.0015666143
19747,14716,0.012781196
19748,81269,0.0014975807
19749,12124,0.0023314152
19750,55139,0.001681305
19751,88024,0.0014975807
19752,66105,0.0025348978
19753,97068,0.0016888018
19754,78640,0.002931354
19755,82603,0.029515512
19756,12598,0.0015666143
19757,21696,0.011927929
19758,66582,0.010770022
19759,30515,0.00784212
19760,50564,0.021766486
19761,62534,0.0061711967
19762,65553,0.008260738
19763,45356,0.016073974
19764,102710,0.0015666143
19765,1413,0.041144025
19766,22195,0.006962048
19767,110116,0.007767479
19768,105215,0.021945333
19769,113841,0.00486756
19770,33238,0.02755266
19771,88955,0.014708754
19772,77307,0.010847788
19773,71163,0.0181697
19774,14738,0.015885983
19775,65637,0.024691269
19776,104435,0.0014975807
19777,49725,0.017819915
19778,4119,0.016000383
19779,93148,0.0031772251
19780,11867,0.002931931
19781,60740,0.01818908
19782,105301,0.011657114
19783,114607,0.0030812097
19784,7532,0.007945335
19785,106599,0.0063741137
19786,12943,0.011185712
19787,23515,0.020351714
19788,90552,0.05430571
19789,70632,0.0027482088
19790,80808,0.021766486
19791,104984,0.008477296
19792,74340,0.01818908
19793,106786,0.0033073684
19794,63025,0.0028740324
19795,51188,0.0031869386
19796,74678,0.023073608
19797,83786,0.011701322
19798,41239,0.01818908
19799,52497,0.0018149752
19800,64373,0.0062735667
19801,1670,0.03504938
19802,28167,0.017572742
19803,31242,0.027325926
19804,33724,0.0023148167
19805,16329,0.0014532544
19806,72592,0.002931354
19807,12868,0.0015202472
19808,40616,0.006396871
19809,111153,0.008477296
19810,9291,0.006352861
19811,71613,0.014821278
19812,32459,0.008571081
19813,106540,0.0027627202
19814,21592,0.0061705154
19815,12789,0.002931931
19816,39446,0.023705142
19817,71532,0.014911945
19818,83856,0.016031291
19819,92902,0.008227735
19820,11524,0.007913923
19821,23811,0.007604944
19822,31991,0.008138877
19823,33568,0.03476391
19824,2153,0.022860073
19825,23160,0.002931354
19826,2033,0.0033832586
19827,78923,0.0029354065
19828,5668,0.016000383
19829,92887,0.011701322
19830,11363,0.0037338003
19831,75933,0.0015666143
19832,88621,0.0022401751
19833,68960,0.0015666143
19834,110558,0.008477296
19835,65964,0.008307077
19836,19514,0.0056895586
19837,40853,0.008007766
19838,45288,0.0077489675
19839,95352,0.002931354
19840,59436,0.0015225332
19841,87194,0.01456279
19842,46865,0.006147749
19843,84465,0.01818908
19844,64018,0.0028239565
19845,8113,0.008124677
19846,59212,0.0120876925
19847,65234,0.0029354065
19848,23936,0.031194387
19849,57891,0.0046450086
19850,63008,0.01856461
19851,82092,0.008974107
19852,34555,0.01883267
19853,53900,0.089980796
19854,109378,0.046980076
19855,23987,0.012126023
19856,109500,0.0063741137
19857,102569,0.020559303
19858,111617,0.0025681634
19859,26505,0.0028178282
19860,74891,0.008076624
19861,22342,0.0015202472
19862,28316,0.01818908
19863,97245,0.011701322
19864,112056,0.00689631
19865,18924,0.0070320163
19866,39456,0.011795676
19867,44104,0.010020598
19868,32658,0.011954552
19869,42829,0.009750569
19870,79091,0.0031869553
19871,25308,0.0348847
19872,32147,0.003950813
19873,59563,0.0027627202
19874,96650,0.011701322
19875,110224,0.006918044
19876,23980,0.007533813
19877,99576,0.0031772251
19878,9098,0.0033343947
19879,65883,0.008290524
19880,64627,0.0025348978
19881,100765,0.002931354
19882,58091,0.0075372
19883,94918,0.03646234
19884,66480,0.0027627202
19885,20679,0.004289735
19886,83838,0.002942954
19887,45802,0.020939998
19888,24757,0.035159584
19889,44497,0.024691269
19890,88866,0.006972156
19891,73968,0.0014564819
19892,45025,0.004745612
19893,8357,0.005773276
19894,84586,0.029515512
19895,38501,0.011927929
19896,65205,0.002453603
19897,31378,0.016434142
19898,76889,0.011701322
19899,916,0.008308333
19900,54319,0.0028178282
19901,8750,0.022783171
19902,94060,0.014843087
19903,76954,0.03205202
19904,6020,0.016000383
19905,95762,0.02909459
19906,56949,0.011024186
19907,93493,0.018226296
19908,89022,0.008161338
19909,61430,0.0028740324
19910,58328,0.027325926
19911,16886,0.0028740324
19912,86518,0.004099291
19913,35244,0.02921471
19914,14275,0.0025681634
19915,19307,0.04219024
19916,35196,0.002803776
19917,106224,0.040564727
19918,45900,0.021457676
19919,9841,0.022975886
19920,13575,0.01613039
19921,33604,0.006496562
19922,80051,0.0017386912
19923,101770,0.024777869
19924,79906,0.008330549
19925,77757,0.0030200463
19926,64922,0.007857015
19927,52412,0.013363381
19928,31354,0.011165673
19929,86238,0.03799679
19930,45645,0.011954552
19931,46257,0.014010436
19932,51662,0.006916597
19933,84899,0.002942954
19934,20936,0.027325926
19935,7465,0.029109659
19936,93824,0.011657114
19937,56116,0.013363381
19938,97916,0.010847788
19939,35366,0.0015202472
19940,22519,0.008584568
19941,2532,0.005623078
19942,105472,0.0063741137
19943,73103,0.012584653
19944,31409,0.01611499
19945,75952,0.03205202
19946,38044,0.017887197
19947,54605,0.0014975807
19948,69006,0.011701322
19949,81230,0.0117283845
19950,59156,0.0048928643
19951,71408,0.04090623
19952,80393,0.043058597
19953,10060,0.0061132624
19954,15674,0.029891824
19955,70390,0.0018325023
19956,4851,0.016000383
19957,66318,0.0028740324
19958,1784,0.014379261
19959,89666,0.0015666143
19960,65565,0.0023148167
19961,64812,0.008490969
19962,23597,0.010342439
19963,55170,0.013363381
19964,112668,0.02304451
19965,59089,0.02562855
19966,57782,0.007926782
19967,24305,0.0201032
19968,13302,0.0028740324
19969,35663,0.002416298
19970,41046,0.03078718
19971,46153,0.023793621
19972,1007,0.029891824
19973,114284,0.0039413366
19974,51386,0.016434142
19975,102261,0.01579911
19976,9018,0.0042467844
19977,73622,0.0033073684
19978,71616,0.0022495086
19979,109721,0.0030200463
19980,47677,0.02528609
19981,58946,0.0012983877
19982,32354,0.0015903247
19983,81224,0.0033073684
19984,22078,0.007851561
19985,78193,0.0020554126
19986,51035,0.0024139371
19987,29501,0.008775587
19988,59849,0.006136059
19989,100372,0.0063741137
19990,77302,0.0016888018
19991,8713,0.015091655
19992,10370,0.005993363
19993,70456,0.008974107
19994,31147,0.02014425
19995,79352,0.016521668
19996,87188,0.044313025
19997,107591,0.0015432577
19998,92592,0.014791633
19999,54554,0.023034774
20000,14892,0.006101785
20001,57208,0.0031772251
20002,34311,0.01806734
20003,83003,0.0014975807
20004,18113,0.006000253
20005,35519,0.008154397
20006,41833,0.00749445
20007,47509,0.012596764
20008,109392,0.0147927515
20009,76870,0.011701322
20010,103805,0.018986482
20011,85264,0.0040805438
20012,56523,0.046898387
20013,2770,0.0033832586
20014,79924,0.011066669
20015,39515,0.01019948
20016,98485,0.0246351
20017,40725,0.0023148167
20018,36826,0.018870499
20019,49787,0.027976722
20020,60113,0.009977436
20021,105085,0.05377881
20022,28974,0.020939998
20023,59013,0.016434142
20024,89465,0.007591393
20025,1269,0.017085638
20026,6801,0.0033343947
20027,90549,0.02014425
20028,93776,0.0014975807
20029,76751,0.0014975807
20030,14765,0.0015202472
20031,29010,0.0060419496
20032,94423,0.013253106
20033,115558,0.008090511
20034,55768,0.0027365384
20035,107555,0.040500026
20036,58642,0.047870692
20037,35653,0.016434142
20038,102984,0.033567425
20039,80882,0.025804454
20040,91293,0.016521668
20041,46630,0.002416298
20042,27679,0.0031023843
20043,58393,0.0028178282
20044,111283,0.0024939207
20045,97308,0.0015666143
20046,78558,0.010733791
20047,84998,0.007483162
20048,11734,0.008362826
20049,78078,0.025804454
20050,68300,0.0014975807
20051,98237,0.006136059
20052,92759,0.028454639
20053,43432,0.008974107
20054,93628,0.010847788
20055,21966,0.0026463368
20056,35144,0.0033612684
20057,64340,0.0011953977
20058,27806,0.0080854
20059,8363,0.006295553
20060,10988,0.008184666
20061,98693,0.0026360054
20062,91000,0.0014975807
20063,101017,0.0034349244
20064,20705,0.008247642
20065,32358,0.013363381
20066,81687,0.0014975807
20067,54575,0.009773229
20068,11511,0.008326855
20069,31261,0.0080197435
20070,25204,0.0023749098
20071,31044,0.006136059
20072,21154,0.020538788
20073,108887,0.0015548919
20074,31654,0.02014425
20075,72018,0.021766486
20076,114530,0.0074216286
20077,31857,0.006136059
20078,8272,0.0060457597
20079,21890,0.0015202472
20080,73972,0.002994164
20081,88230,0.011701322
20082,84547,0.0014975807
20083,78377,0.0026188802
20084,56820,0.0033073684
20085,48550,0.0078006973
20086,92828,0.0027355705
20087,78218,0.0027091918
20088,58566,0.04090623
20089,70221,0.020244025
20090,25573,0.0014532544
20091,103102,0.0016888018
20092,43326,0.0048508616
20093,86722,0.004882972
20094,40030,0.0015903247
20095,67458,0.03799679
20096,49595,0.03847047
20097,111910,0.018986482
20098,83865,0.0014975807
20099,14802,0.0049784845
20100,100602,0.0026188802
20101,40012,0.015097311
20102,101893,0.0063741137
20103,61300,0.04158208
20104,88615,0.0029371476
20105,54649,0.0029569326
20106,7133,0.008564349
20107,87161,0.0018149752
20108,113105,0.043058597
20109,46975,0.05441054
20110,15495,0.0045752884
20111,47206,0.015789222
20112,4215,0.007976754
20113,56173,0.024537196
20114,91018,0.016678924
20115,10555,0.004757353
20116,102110,0.03737256
20117,22514,0.004888803
20118,12384,0.0015202472
20119,47855,0.0028740324
20120,59320,0.05430571
20121,111343,0.006292722
20122,31748,0.0057954444
20123,79095,0.0029604395
20124,31832,0.013363381
20125,6302,0.0055117775
20126,70264,0.05430571
20127,110500,0.0031913405
20128,16922,0.01463652
20129,84632,0.021766486
20130,100887,0.020585008
20131,68875,0.0012505185
20132,96113,0.015033653
20133,51290,0.03205202
20134,107376,0.0025348978
20135,104072,0.008140709
20136,16342,0.0017637569
20137,57635,0.0067013293
20138,88941,0.011701322
20139,67950,0.01301516
20140,83127,0.0025431737
20141,71194,0.008481333
20142,73605,0.0018149752
20143,19910,0.0027627202
20144,31043,0.0044178898
20145,19467,0.026155245
20146,23690,0.007934082
20147,67578,0.04090623
20148,66370,0.0025348978
20149,50819,0.013363381
20150,445,0.0040854746
20151,21068,0.023743581
20152,18647,0.021766486
20153,40217,0.008483374
20154,62112,0.0023288038
20155,94973,0.054126825
20156,41341,0.053899966
20157,62785,0.008161338
20158,53931,0.009899906
20159,109811,0.002705636
20160,21932,0.014122427
20161,42491,0.0070434464
20162,51046,0.007546195
20163,88802,0.0031869553
20164,84236,0.013253106
20165,82305,0.008161338
20166,84172,0.018990442
20167,114048,0.016521668
20168,7854,0.03920889
20169,31408,0.011592488
20170,109850,0.0024931084
20171,81482,0.0014975807
20172,63449,0.07594495
20173,80936,0.0027627202
20174,100703,0.011657114
20175,66722,0.0027130675
20176,94716,0.013363381
20177,43872,0.0351214
20178,106148,0.0015548919
20179,83710,0.024537196
20180,62084,0.0030200463
20181,59706,0.0032021408
20182,29199,0.013363381
20183,93149,0.0015666143
20184,109935,0.010656844
20185,115057,0.02304451
20186,119,0.016000383
20187,109575,0.011657114
20188,63379,0.0031772251
20189,37347,0.013363381
20190,6518,0.007987012
20191,81628,0.0073004793
20192,248,0.0020972067
20193,16123,0.0015202472
20194,72830,0.020570928
20195,48097,0.008007766
20196,104445,0.03866476
20197,102474,0.03779015
20198,100304,0.007237765
20199,106063,0.002151975
20200,82566,0.021766486
20201,51888,0.0028740324
20202,64905,0.0067851776
20203,83524,0.026159802
20204,61365,0.011954552
20205,26387,0.0015202472
20206,4099,0.022821588
20207,7983,0.005623078
20208,46010,0.026155245
20209,31667,0.006136059
20210,53727,0.0014975807
20211,96403,0.0028178282
20212,10514,0.005595359
20213,72717,0.005842345
20214,85483,0.011701322
20215,31250,0.014821278
20216,103788,0.002705636
20217,110998,0.0025348978
20218,6427,0.015008078
20219,75066,0.0031869553
20220,38319,0.002453603
20221,106270,0.03857721
20222,110902,0.05430571
20223,100627,0.036231093
20224,4214,0.010255468
20225,985,0.008839297
20226,31907,0.0020851148
20227,80650,0.018870499
20228,22107,0.0050267037
20229,92139,0.013166956
20230,59087,0.0027627202
20231,1787,0.003325652
20232,110554,0.020544214
20233,103507,0.0147927515
20234,74377,0.026342511
20235,50722,0.035395592
20236,41901,0.010847788
20237,59896,0.036911882
20238,104859,0.02014425
20239,80360,0.0117283845
20240,15830,0.015885983
20241,101091,0.0014975807
20242,112997,0.037389383
20243,61079,0.0027627202
20244,91610,0.0014975807
20245,55650,0.0023281192
20246,8127,0.0034439529
20247,9381,0.004570258
20248,1897,0.003223094
20249,50090,0.0028740324
20250,93156,0.008974107
20251,39320,0.002705636
20252,11534,0.012633922
20253,880,0.006794754
20254,48586,0.05430571
20255,97309,0.0061298334
20256,2312,0.0037946217
20257,31996,0.006475121
20258,43727,0.0015432577
20259,63080,0.011954552
20260,53184,0.0061947335
20261,100223,0.0216423
20262,63214,0.0014975807
20263,39338,0.015118212
20264,55784,0.017776735
20265,106436,0.011657114
20266,91852,0.008974107
20267,35249,0.0028740324
20268,75420,0.0035036982
20269,87939,0.03513539
20270,93057,0.014392573
20271,58379,0.005350717
20272,66710,0.002931354
20273,109296,0.002329659
20274,83347,0.0019496081
20275,17775,0.012421643
20276,54110,0.03919797
20277,54498,0.016434142
20278,16731,0.0015202472
20279,42636,0.0028740324
20280,62508,0.002931354
20281,90813,0.011954552
20282,41148,0.008007766
20283,91873,0.053899966
20284,90738,0.0043549757
20285,50946,0.036264043
20286,70142,0.0014975807
20287,97000,0.006351976
20288,101154,0.008358798
20289,29694,0.019472042
20290,49358,0.01818908
20291,73863,0.014821278
20292,17248,0.0030200463
20293,55426,0.016434142
20294,47298,0.0035161602
20295,104837,0.007690743
20296,14115,0.03847047
20297,9236,0.012705362
20298,69802,0.0013623383
20299,56090,0.002453603
20300,35680,0.0031869553
20301,58033,0.05430571
20302,11215,0.0055644973
20303,115933,0.007687582
20304,34532,0.0029598554
20305,100517,0.054312814
20306,23154,0.012971351
20307,97814,0.014861401
20308,11721,0.0033343947
20309,58604,0.005370364
20310,115052,0.0048538414
20311,77188,0.019215297
20312,96437,0.05430571
20313,18101,0.012781196
20314,40165,0.013340578
20315,53450,0.009110894
20316,53568,0.007843314
20317,57504,0.0014975807
20318,61933,0.005370364
20319,1842,0.004953245
20320,19306,0.05410248
20321,107658,0.0048538414
20322,74403,0.0009360371
20323,46498,0.011377048
20324,62479,0.0061711967
20325,40056,0.00694613
20326,34940,0.0015202472
20327,89098,0.031099305
20328,98095,0.02014425
20329,10916,0.035994284
20330,65497,0.0028740324
20331,76415,0.047870692
20332,57106,0.01818908
20333,1985,0.008342734
20334,8856,0.005907898
20335,26847,0.0015903247
20336,4240,0.004757353
20337,112620,0.03677475
20338,45944,0.0095532695
20339,92718,0.0022495086
20340,78138,0.0020554126
20341,18477,0.005912913
20342,44434,0.011927929
20343,73910,0.014821278
20344,105671,0.014936922
20345,98642,0.011377048
20346,74997,0.024691269
20347,84640,0.0028172722
20348,27991,0.008878191
20349,26234,0.05410248
20350,38346,0.0023749098
20351,76998,0.034149896
20352,112850,0.013363381
20353,93077,0.0029025506
20354,24753,0.012387949
20355,100888,0.015911184
20356,38683,0.008014397
20357,12184,0.002931931
20358,41096,0.0089039495
20359,106904,0.0034437634
20360,10181,0.0033612684
20361,107428,0.00557888
20362,115752,0.011657114
20363,52764,0.0025757083
20364,37163,0.047870692
20365,90153,0.02343586
20366,80205,0.0014975807
20367,70401,0.0020351268
20368,61611,0.015097311
20369,73090,0.03745748
20370,69989,0.0015666143
20371,31359,0.014379261
20372,62833,0.014478669
20373,76227,0.007458307
20374,18859,0.0015903247
20375,34016,0.016625142
20376,41281,0.023034774
20377,81363,0.014821278
20378,111197,0.007899327
20379,34435,0.021294387
20380,81548,0.006290832
20381,62400,0.015097311
20382,113463,0.02948915
20383,111183,0.011146615
20384,12397,0.0025042621
20385,101485,0.016715154
20386,60166,0.002931354
20387,57273,0.020022955
20388,105523,0.008477296
20389,65711,0.0029354065
20390,16026,0.023005722
20391,41093,0.011927929
20392,32844,0.019347832
20393,112869,0.0015317097
20394,3423,0.003410524
20395,34646,0.013363381
20396,94277,0.0068517555
20397,29618,0.024537196
20398,45926,0.020502472
20399,24089,0.011709817
20400,91968,0.020118779
20401,47054,0.03631352
20402,4043,0.022821588
20403,91120,0.019565145
20404,14965,0.0117283845
20405,16929,0.01818908
20406,2481,0.005907898
20407,47896,0.016320672
20408,111730,0.0087579265
20409,53131,0.0027627202
20410,3455,0.016301729
20411,61212,0.013363381
20412,19051,0.0022495086
20413,48622,0.011401993
20414,38059,0.0043981913
20415,46323,0.002416298
20416,37339,0.007345236
20417,102926,0.003100714
20418,98528,0.0147927515
20419,91670,0.028106956
20420,100740,0.011701322
20421,795,0.021766486
20422,101190,0.002931354
20423,24182,0.008120091
20424,115666,0.0034595942
20425,43561,0.0015432577
20426,88271,0.011701322
20427,86709,0.0015666143
20428,68874,0.0030200463
20429,7755,0.020858208
20430,13572,0.016761128
20431,14801,0.002094208
20432,19372,0.015562961
20433,70110,0.03799679
20434,73126,0.036456663
20435,8268,0.016027553
20436,1806,0.005907898
20437,45810,0.040760215
20438,31724,0.001789183
20439,14380,0.021766486
20440,98366,0.02343586
20441,79379,0.011001481
20442,49126,0.021766486
20443,35809,0.025030723
20444,112571,0.02014425
20445,44737,0.014821278
20446,2854,0.03708255
20447,39497,0.0036643194
20448,27877,0.046898387
20449,91498,0.010170478
20450,72950,0.05430571
20451,75402,0.0014975807
20452,23971,0.0030200463
20453,26584,0.020939998
20454,83336,0.014843087
20455,79808,0.002416298
20456,38823,0.021766486
20457,107185,0.0026188802
20458,38246,0.002744771
20459,38714,0.002705636
20460,101843,0.02014425
20461,55093,0.013363381
20462,35271,0.016434142
20463,12766,0.002931931
20464,36353,0.002705636
20465,22545,0.026155245
20466,6916,0.0046245945
20467,6314,0.0037946217
20468,66838,0.002787786
20469,10099,0.008540026
20470,58029,0.0014975807
20471,21242,0.005935825
20472,109687,0.011657114
20473,16935,0.027325926
20474,25476,0.016210878
20475,69824,0.03205202
20476,66325,0.002931354
20477,74092,0.0015666143
20478,87799,0.05430571
20479,57172,0.021766486
20480,51328,0.002705636
20481,105136,0.047870692
20482,72769,0.0030200463
20483,72616,0.019235024
20484,55571,0.002762175
20485,84425,0.006074473
20486,19545,0.005935825
20487,82331,0.014843087
20488,92928,0.019565145
20489,98601,0.054126825
20490,14841,0.011377048
20491,112798,0.01818908
20492,78922,0.0028135665
20493,105776,0.011657114
20494,67532,0.043058597
20495,10708,0.0031765336
20496,52588,0.014821278
20497,114418,0.046980076
20498,84579,0.0014975807
20499,87198,0.0071958215
20500,689,0.002094208
20501,12670,0.01613039
20502,85531,0.006939236
20503,38865,0.024691269
20504,98083,0.027325926
20505,59106,0.011780939
20506,59437,0.018990442
20507,95673,0.0069318926
20508,11980,0.0023314152
20509,79684,0.016761128
20510,11686,0.008217998
20511,48887,0.03205202
20512,103957,0.005764388
20513,63692,0.008310794
20514,107587,0.002787786
20515,72539,0.0014975807
20516,5155,0.017152222
20517,4088,0.016000383
20518,82374,0.0034717065
20519,12096,0.021766486
20520,96683,0.0015666143
20521,17989,0.0029336698
20522,85196,0.011701322
20523,86495,0.013363381
20524,31837,0.0031869553
20525,30292,0.0015202472
20526,25309,0.011954552
20527,52507,0.0015666143
20528,27801,0.011954552
20529,12971,0.0017806522
20530,9913,0.00702125
20531,79731,0.0022495086
20532,51708,0.013320503
20533,100317,0.015636008
20534,100197,0.03899658
20535,51463,0.0538434
20536,83202,0.046898387
20537,8990,0.007988558
20538,73447,0.0014975807
20539,76177,0.018986482
20540,31400,0.0028178282
20541,83389,0.021766486
20542,58790,0.055099305
20543,47369,0.035395592
20544,88191,0.025044097
20545,67246,0.01642049
20546,8317,0.008535227
20547,84082,0.028454639
20548,68628,0.012097046
20549,111039,0.011184078
20550,37310,0.011795676
20551,86087,0.046898387
20552,65740,0.0029354065
20553,44181,0.012159032
20554,63325,0.016238391
20555,62009,0.043058597
20556,8174,0.0033343947
20557,51281,0.0027627202
20558,54114,0.021834597
20559,10685,0.00854181
20560,100694,0.0147927515
20561,94549,0.047870692
20562,7949,0.0080854
20563,33379,0.02014425
20564,113836,0.0184928
20565,61734,0.0061711967
20566,11650,0.0031765336
20567,96357,0.04090623
20568,115934,0.0063741137
20569,105895,0.0033073684
20570,77133,0.0076510934
20571,43887,0.008134428
20572,21285,0.0075425026
20573,80492,0.0019496081
20574,89254,0.00817228
20575,69702,0.0033073684
20576,17021,0.0015927152
20577,78003,0.018990442
20578,7108,0.022975886
20579,45161,0.0348847
20580,35163,0.008479324
20581,32839,0.0015903247
20582,97036,0.0023780083
20583,71037,0.020351714
20584,25218,0.008721173
20585,72891,0.0014975807
20586,70614,0.0023281192
20587,75216,0.024537196
20588,101566,0.05377881
20589,125,0.0033612684
20590,34886,0.016434142
20591,18806,0.010847788
20592,5614,0.0060511837
20593,3286,0.0060584634
20594,18137,0.014131121
20595,27369,0.036231093
20596,38413,0.011927929
20597,68,0.012781196
20598,73862,0.0074323886
20599,108946,0.05377881
20600,87181,0.035395592
20601,111833,0.03152146
20602,41354,0.011954552
20603,74169,0.035395592
20604,50076,0.0143126575
20605,79223,0.002421818
20606,80125,0.018226296
20607,71810,0.04131836
20608,78673,0.0027627202
20609,5099,0.0019496081
20610,4265,0.041029323
20611,60,0.00784768
20612,22713,0.008903057
20613,111247,0.0028200543
20614,7362,0.011362684
20615,21924,0.0073181596
20616,67576,0.0031852394
20617,58144,0.0014975807
20618,68710,0.0015666143
20619,2379,0.022975886
20620,73385,0.015287622
20621,51650,0.024537196
20622,48765,0.014911945
20623,48290,0.006136059
20624,32006,0.0033073684
20625,56294,0.008551568
20626,83445,0.0015666143
20627,34604,0.01818908
20628,50092,0.021766486
20629,3129,0.01500096
20630,10232,0.004953245
20631,60438,0.006218357
20632,11732,0.0054834518
20633,53108,0.024691269
20634,64926,0.0054736333
20635,112910,0.0023281192
20636,36391,0.013363381
20637,36462,0.013363381
20638,75707,0.003296009
20639,47048,0.017887197
20640,104666,0.008727438
20641,55083,0.055099305
20642,17442,0.0015202472
20643,96079,0.0014975807
20644,80947,0.0035198042
20645,98445,0.054126825
20646,18922,0.0023756837
20647,92365,0.011701322
20648,106452,0.012353756
20649,111816,0.00865622
20650,75476,0.047870692
20651,93584,0.0028457916
20652,87113,0.0075601493
20653,50920,0.04133766
20654,33186,0.013363381
20655,22566,0.011795676
20656,41188,0.018801317
20657,64995,0.0029025506
20658,81850,0.0015666143
20659,54695,0.0077214963
20660,95277,0.0074834563
20661,92012,0.016639257
20662,17521,0.0031023843
20663,19138,0.007851561
20664,57698,0.02544525
20665,70649,0.0027627202
20666,69098,0.016467914
20667,68835,0.014843087
20668,54359,0.022913784
20669,102704,0.007768956
20670,80447,0.028426247
20671,78107,0.0015666143
20672,17047,0.0033612684
20673,102916,0.012547078
20674,76252,0.008580559
20675,95900,0.024088822
20676,29784,0.037308592
20677,21048,0.03205202
20678,57275,0.017313542
20679,101808,0.030609194
20680,70543,0.010847788
20681,100617,0.01596527
20682,115759,0.027414279
20683,2049,0.008580559
20684,37424,0.015466741
20685,43519,0.0057809725
20686,25027,0.036911882
20687,20521,0.00579099
20688,31488,0.011954552
20689,25243,0.009006833
20690,31885,0.011834503
20691,2417,0.029139537
20692,39961,0.0043603135
20693,38856,0.006496562
20694,67598,0.008974107
20695,4199,0.0071231625
20696,80691,0.024088822
20697,8683,0.0037638813
20698,87743,0.021181539
20699,88932,0.0028178282
20700,11067,0.010253555
20701,3200,0.0077512083
20702,35131,0.0028740324
20703,96603,0.02343586
20704,3637,0.012210945
20705,110513,0.008477296
20706,21844,0.011927929
20707,38689,0.011954552
20708,53723,0.0028570541
20709,13110,0.002931931
20710,13895,0.014821278
20711,48257,0.008017502
20712,35092,0.045405824
20713,75121,0.007396692
20714,67056,0.008349624
20715,19573,0.012781196
20716,54445,0.0098987
20717,86694,0.0077619823
20718,36163,0.0028740324
20719,25363,0.0028178282
20720,12146,0.0026898894
20721,15046,0.009200507
20722,59447,0.05430571
20723,40462,0.003848186
20724,87183,0.004562955
20725,57206,0.047870692
20726,7750,0.0073290174
20727,83901,0.0018149752
20728,105781,0.010847788
20729,113099,0.006610215
20730,107062,0.0031090663
20731,96285,0.0031772251
20732,77544,0.011701322
20733,109635,0.02304451
20734,83130,0.021766486
20735,31220,0.011954552
20736,75974,0.0019496081
20737,71309,0.047870692
20738,27315,0.020939998
20739,99618,0.011701322
20740,42957,0.011919643
20741,36758,0.0026188802
20742,19493,0.0132003175
20743,33403,0.020664765
20744,96574,0.011701322
20745,36528,0.0031772251
20746,11080,0.005907898
20747,91412,0.039775252
20748,107934,0.007812972
20749,35556,0.021766486
20750,60860,0.035159584
20751,96606,0.014821278
20752,106552,0.014982301
20753,28104,0.008483141
20754,56608,0.0031869553
20755,79786,0.021766486
20756,5966,0.008362692
20757,54453,0.01767445
20758,31417,0.0084715495
20759,78426,0.015167353
20760,56414,0.013363381
20761,73594,0.0034717065
20762,95156,0.047870692
20763,4591,0.036173496
20764,24773,0.01883267
20765,71089,0.0026188802
20766,68338,0.0015666143
20767,56443,0.03205202
20768,78867,0.035395592
20769,95456,0.013363381
20770,60932,0.0031869553
20771,32360,0.053688493
20772,39840,0.011795676
20773,11666,0.008362826
20774,4549,0.024537196
20775,88134,0.0026188802
20776,55505,0.008839297
20777,54755,0.0015666143
20778,53975,0.0015666143
20779,76133,0.007773592
20780,6147,0.017082796
20781,31516,0.016031291
20782,9013,0.02120901
20783,100745,0.046980076
20784,25847,0.0012505185
20785,34077,0.01767445
20786,29646,0.007816691
20787,28620,0.015350733
20788,109153,0.0078049432
20789,18623,0.03205202
20790,108867,0.0028457916
20791,45323,0.010847788
20792,9633,0.004757353
20793,34334,0.09227485
20794,56900,0.008028138
20795,32541,0.011954552
20796,78282,0.044313025
20797,62697,0.00803825
20798,101063,0.035470113
20799,65105,0.0076510934
20800,72310,0.047870692
20801,43852,0.011927929
20802,60260,0.008260738
20803,73334,0.01818908
20804,20237,0.055099305
20805,81658,0.013822462
20806,52124,0.0030200463
20807,84774,0.020423431
20808,14562,0.0076382044
20809,100444,0.023796896
20810,75385,0.008372697
20811,63733,0.0031772251
20812,39047,0.011559162
20813,103159,0.008477296
20814,60745,0.013363381
20815,72027,0.04090623
20816,22691,0.0026188802
20817,68773,0.0015202472
20818,35264,0.024895936
20819,82776,0.011701322
20820,104068,0.0063741137
20821,93535,0.010847788
20822,37976,0.00819472
20823,82569,0.05430571
20824,5183,0.005907898
20825,16472,0.0047584507
20826,62165,0.007824584
20827,72524,0.023034774
20828,37980,0.002931354
20829,104899,0.0029662917
20830,66636,0.0066973534
20831,71142,0.0022401751
20832,80671,0.011887859
20833,13433,0.002535725
20834,97160,0.018870499
20835,74738,0.0015666143
20836,2869,0.016027553
20837,100424,0.01253464
20838,32737,0.018870499
20839,68883,0.011701322
20840,82920,0.046898387
20841,1342,0.0072689136
20842,80335,0.002931354
20843,115254,0.0039413366
20844,90301,0.012547078
20845,42143,0.030147836
20846,93358,0.038040694
20847,19309,0.0015666143
20848,23145,0.002094208
20849,28112,0.01075601
20850,109065,0.014843087
20851,66494,0.007822577
20852,39150,0.0028627014
20853,106879,0.0074903234
20854,49964,0.0029943674
20855,460,0.0074948585
20856,28533,0.00557888
20857,47852,0.0012886691
20858,95275,0.013653227
20859,66368,0.0074414033
20860,48493,0.007842914
20861,27639,0.0019407654
20862,91902,0.01577033
20863,85978,0.05430571
20864,66737,0.008400394
20865,886,0.0067052
20866,80085,0.0056478344
20867,81374,0.0024939207
20868,85400,0.011701322
20869,10551,0.0031765336
20870,87411,0.011629387
20871,97026,0.023543663
20872,52328,0.007843314
20873,72722,0.026155245
20874,91218,0.01818908
20875,76914,0.00442373
20876,102585,0.0099878935
20877,85106,0.0014975807
20878,76355,0.0028686556
20879,84960,0.002705636
20880,11285,0.004757353
20881,94032,0.018986482
20882,60112,0.011689119
20883,80423,0.023083359
20884,42027,0.0019407654
20885,55585,0.0066312742
20886,23780,0.008974107
20887,47324,0.005970383
20888,21577,0.024537196
20889,74910,0.036609143
20890,59566,0.008045451
20891,31176,0.013363381
20892,28490,0.003950813
20893,58659,0.03737256
20894,101197,0.021181539
20895,98404,0.021181539
20896,22023,0.006101785
20897,47690,0.006136059
20898,82227,0.007074831
20899,46769,0.014821278
20900,11189,0.029743452
20901,9580,0.0033612684
20902,49172,0.01818908
20903,88179,0.011701322
20904,93293,0.013653227
20905,54411,0.0018411374
20906,75563,0.007357651
20907,11104,0.00594976
20908,70084,0.05430571
20909,86066,0.021766486
20910,58534,0.009962497
20911,25173,0.020939998
20912,111241,0.011897469
20913,115932,0.003269293
20914,39719,0.018870499
20915,95387,0.0026188802
20916,37483,0.0012066925
20917,19017,0.003950049
20918,112660,0.0078083337
20919,11156,0.007868866
20920,8963,0.022975886
20921,62588,0.006218357
20922,19891,0.017305464
20923,59705,0.018702267
20924,28473,0.011086512
20925,53087,0.024537196
20926,47789,0.01642049
20927,14632,0.0059418944
20928,4250,0.0060801036
20929,89119,0.0018149752
20930,47278,0.008974107
20931,86690,0.011701322
20932,92978,0.037528723
20933,14318,0.002787786
20934,23964,0.0015202472
20935,46837,0.001789183
20936,1974,0.019184284
20937,18709,0.00598401
20938,9869,0.0031765336
20939,68729,0.012547078
20940,103146,0.03677475
20941,21177,0.0040854746
20942,61616,0.011233984
20943,34348,0.012514671
20944,14943,0.01386769
20945,16947,0.0014532544
20946,108478,0.014843087
20947,81815,0.047870692
20948,79639,0.009103058
20949,83839,0.0015666143
20950,81460,0.03078718
20951,104419,0.010847788
20952,104311,0.011657114
20953,54633,0.007848556
20954,78723,0.0014975807
20955,91690,0.0034717065
20956,12229,0.0020554126
20957,84344,0.043125764
20958,11959,0.0077091716
20959,69181,0.04941299
20960,74635,0.004447282
20961,52992,0.0033073684
20962,78148,0.007010156
20963,61420,0.01818908
20964,64768,0.0083086565
20965,112769,0.013363381
20966,11620,0.008389552
20967,64490,0.0073181596
20968,46638,0.0015903247
20969,20116,0.0023148167
20970,7655,0.006247
20971,65538,0.002345287
20972,47917,0.0018149752
20973,109518,0.0015548919
20974,90425,0.011701322
20975,106696,0.015762271
20976,107596,0.0032543298
20977,56452,0.008028138
20978,85815,0.03078718
20979,11781,0.024537196
20980,32759,0.0070858663
20981,10190,0.007988558
20982,66562,0.0026188802
20983,37907,0.0017637569
20984,11452,0.0032021408
20985,94098,0.0027643575
20986,17935,0.0015202472
20987,31008,0.016434142
20988,108621,0.0014975807
20989,42678,0.014821278
20990,115523,0.0076396503
20991,57949,0.013363381
20992,5691,0.0043883994
20993,93349,0.02304451
20994,32185,0.007437325
20995,115248,0.0063741137
20996,88905,0.03447624
20997,114698,0.054312814
20998,111939,0.05377881
20999,90339,0.011701322
21000,16538,0.0046325624
21001,48158,0.0027627202
21002,35344,0.008701795
21003,102929,0.011657114
21004,79045,0.047870692
21005,58333,0.013363381
21006,44644,0.010287321
21007,37156,0.011927929
21008,36643,0.012947666
21009,43225,0.015097311
21010,76011,0.0022571501
21011,65595,0.0025348978
21012,31279,0.02010729
21013,38000,0.010420138
21014,94878,0.01460665
21015,2548,0.037116244
21016,98461,0.01876209
21017,112007,0.011701322
21018,1300,0.007988558
21019,47548,0.023793621
21020,95445,0.013445156
21021,10489,0.012633922
21022,77086,0.006467297
21023,83648,0.021257678
21024,106111,0.008133201
21025,81801,0.046898387
21026,82128,0.0015666143
21027,72385,0.008045874
21028,97965,0.005241954
21029,68152,0.037406508
21030,69761,0.002151975
21031,44454,0.016238391
21032,24550,0.00803825
21033,14840,0.005017792
21034,115373,0.0074153505
21035,58806,0.0015666143
21036,48508,0.021766486
21037,28289,0.0023281192
21038,10385,0.016000383
21039,45532,0.020351714
21040,54059,0.0084715495
21041,8321,0.005907898
21042,87659,0.012347283
21043,30577,0.013273125
21044,103624,0.0057136226
21045,16520,0.004521327
21046,71353,0.04131836
21047,63935,0.008974107
21048,24227,0.05467665
21049,79946,0.047870692
21050,87501,0.003185474
21051,31678,0.004381581
21052,36593,0.0027627202
21053,110652,0.00309524
21054,89033,0.0133888805
21055,6363,0.004993103
21056,21872,0.030105015
21057,107639,0.014148402
21058,20701,0.002416298
21059,97376,0.01596527
21060,51028,0.016625142
21061,26010,0.011075763
21062,50550,0.024537196
21063,35448,0.010847788
21064,8110,0.008329333
21065,42719,0.004990039
21066,113283,0.0063741137
21067,42051,0.013740621
21068,104179,0.036747385
21069,12231,0.002345461
21070,13021,0.021766486
21071,96853,0.023743581
21072,101735,0.023743581
21073,6614,0.023161244
21074,77376,0.014843087
21075,33454,0.024777869
21076,109870,0.011657114
21077,8637,0.004757353
21078,303,0.0026898894
21079,24809,0.014107065
21080,84557,0.046898387
21081,105712,0.022941558
21082,13398,0.006062514
21083,62287,0.013363381
21084,38171,0.0012505185
21085,87250,0.011701322
21086,97685,0.005355655
21087,94786,0.05430571
21088,104970,0.02304451
21089,46189,0.0014532544
21090,47253,0.017294373
21091,12723,0.00966524
21092,73164,0.011701322
21093,6091,0.011512099
21094,57876,0.05430571
21095,7528,0.016000383
21096,1287,0.0073290174
21097,10867,0.024718614
21098,22096,0.0028457916
21099,64403,0.0026188802
21100,114882,0.0014315847
21101,59948,0.011757015
21102,110863,0.00862988
21103,4353,0.005157164
21104,46849,0.011795676
21105,61824,0.047870692
21106,3635,0.017445296
21107,25519,0.011954552
21108,5230,0.007692108
21109,65491,0.008193433
21110,83735,0.007249924
21111,46416,0.010847788
21112,110969,0.016510282
21113,31353,0.015273014
21114,78503,0.0030200463
21115,51323,0.0030200463
21116,44518,0.020939998
21117,33974,0.0020554126
21118,22236,0.016210878
21119,107672,0.002787786
21120,37984,0.0061591156
21121,31650,0.002931354
21122,111271,0.0023749098
21123,77481,0.0084715495
21124,16548,0.018870499
21125,86686,0.0014975807
21126,64965,0.0093041165
21127,70811,0.003605579
21128,10077,0.007886599
21129,26189,0.011032467
21130,71623,0.011701322
21131,40887,0.012612923
21132,43009,0.004795545
21133,74977,0.016886028
21134,21630,0.002936568
21135,94618,0.012364124
21136,3219,0.0073290174
21137,56316,0.0077619823
21138,15244,0.0067485077
21139,28173,0.0074216286
21140,89347,0.0023539192
21141,58306,0.002931354
21142,25016,0.0065594716
21143,95617,0.0077294577
21144,39002,0.004132759
21145,56307,0.027976722
21146,30647,0.0033612684
21147,16883,0.022143345
21148,86784,0.023189573
21149,113771,0.0033225762
21150,59134,0.0030200463
21151,11564,0.007812736
21152,11328,0.024355432
21153,77896,0.0033073684
21154,27058,0.0027627202
21155,17177,0.005506654
21156,5472,0.01613039
21157,69482,0.0014975807
21158,18521,0.0064940355
21159,56391,0.013363381
21160,60898,0.0034349244
21161,93949,0.01460665
21162,22646,0.005342194
21163,113592,0.0087579265
21164,14014,0.008164886
21165,40169,0.055099305
21166,43823,0.046898387
21167,42608,0.0028740324
21168,40351,0.014821278
21169,39266,0.015097311
21170,76452,0.0073274565
21171,18332,0.055099305
21172,71515,0.011701322
21173,72873,0.01982323
21174,59935,0.03799679
21175,11087,0.022744821
21176,75580,0.0019496081
21177,104682,0.020585008
21178,30238,0.002931354
21179,77480,0.0015666143
21180,67894,0.01596527
21181,31745,0.0012505185
21182,103251,0.0014975807
21183,16668,0.015885983
21184,106798,0.001946343
21185,84815,0.011701322
21186,72002,0.011701322
21187,95212,0.046980076
21188,70548,0.021766486
21189,42436,0.046898387
21190,5107,0.0059455372
21191,88511,0.007361748
21192,72945,0.0015666143
21193,17186,0.0038375806
21194,96367,0.002787786
21195,80345,0.054126825
21196,29936,0.0012886691
21197,55528,0.002705636
21198,84531,0.0014975807
21199,32857,0.02014425
21200,105659,0.0025348978
21201,81138,0.0015666143
21202,14873,0.020286286
21203,108430,0.040196482
21204,59206,0.047870692
21205,78730,0.0028457916
21206,4125,0.012301545
21207,36702,0.0015903247
21208,52144,0.006519191
21209,98478,0.0022793664
21210,42323,0.018485017
21211,115068,0.046898387
21212,87486,0.021766486
21213,104045,0.03857721
21214,1745,0.008007766
21215,45327,0.003950813
21216,27115,0.040132347
21217,102262,0.009685814
21218,58848,0.005906842
21219,14890,0.007731638
21220,47162,0.0071693836
21221,15823,0.0023195823
21222,107682,0.0014975807
21223,7901,0.0033343947
21224,108811,0.018234735
21225,80252,0.0034717065
21226,40227,0.00579099
21227,110986,0.019858988
21228,7442,0.007822569
21229,105293,0.07594495
21230,59162,0.018870499
21231,12757,0.021766486
21232,36001,0.013363381
21233,16166,0.011954552
21234,75033,0.002705636
21235,95300,0.0068634497
21236,9687,0.016000383
21237,1053,0.007988558
21238,112979,0.0051986515
21239,85772,0.006957543
21240,35148,0.041149333
21241,93331,0.020559303
21242,57452,0.03798817
21243,45832,0.015097311
21244,90548,0.020559303
21245,26312,0.0080197435
21246,101719,0.015911184
21247,94780,0.0028740324
21248,48187,0.006072944
21249,11393,0.0033343947
21250,23575,0.00688073
21251,107208,0.002661905
21252,17246,0.002094208
21253,113682,0.010370672
21254,68785,0.05430571
21255,112815,0.03787312
21256,111036,0.020185387
21257,63925,0.003125569
21258,12250,0.0015666143
21259,110473,0.007458479
21260,96904,0.011701322
21261,18256,0.012781196
21262,55121,0.0026360054
21263,60444,0.0014975807
21264,85981,0.0035481988
21265,65794,0.0029354065
21266,95142,0.013363381
21267,11698,0.008159613
21268,12377,0.018595207
21269,55861,0.016434142
21270,13106,0.0030200463
21271,105710,0.006241401
21272,15014,0.020664765
21273,42884,0.011795676
21274,115179,0.0059675006
21275,43442,0.011795676
21276,5689,0.0039192443
21277,23864,0.006136059
21278,41479,0.017819915
21279,88175,0.05430571
21280,115442,0.016510282
21281,19222,0.021766486
21282,10357,0.015973266
21283,55756,0.013774861
21284,19725,0.016031291
21285,8978,0.008351307
21286,76677,0.011701322
21287,76457,0.0073004793
21288,107401,0.041039113
21289,112191,0.0021860546
21290,86349,0.0030200463
21291,65243,0.010277965
21292,37168,0.02014425
21293,113774,0.0063741137
21294,15531,0.006218357
21295,25272,0.023743581
21296,1406,0.009953837
21297,51027,0.02843687
21298,72381,0.019678786
21299,14476,0.0014532544
21300,48011,0.0075372
21301,112557,0.008210613
21302,20666,0.0015903247
21303,53921,0.021766486
21304,66812,0.002931354
21305,55267,0.012119902
21306,62760,0.03205202
21307,95946,0.001486374
21308,892,0.004953245
21309,110994,0.008921223
21310,79521,0.002909964
21311,115260,0.013363381
21312,89625,0.04042292
21313,107553,0.005825922
21314,109174,0.0033073684
21315,83820,0.014843087
21316,70384,0.0030200463
21317,54903,0.0026188802
21318,39945,0.011927929
21319,106685,0.002501247
21320,44043,0.002931354
21321,55115,0.013363381
21322,15293,0.013177877
21323,82002,0.0077482676
21324,91648,0.0014975807
21325,29614,0.018870499
21326,59920,0.008974107
21327,45517,0.046898387
21328,99868,0.022304812
21329,57184,0.0028740324
21330,102768,0.016434142
21331,65242,0.0031869553
21332,47860,0.03855454
21333,90662,0.002297739
21334,48938,0.00803825
21335,80678,0.0015666143
21336,106473,0.0017139814
21337,64304,0.01299166
21338,89876,0.013363381
21339,79126,0.0063741137
21340,99417,0.0023749098
21341,45618,0.024691269
21342,94257,0.018870499
21343,36839,0.017887197
21344,75086,0.036609143
21345,21998,0.004888803
21346,68943,0.040196482
21347,29722,0.0538434
21348,35858,0.013363381
21349,6989,0.0034439529
21350,35202,0.021766486
21351,10008,0.015942901
21352,5801,0.008970189
21353,73788,0.0015666143
21354,22555,0.013320503
21355,100386,0.0016888018
21356,103007,0.03297487
21357,26962,0.013253106
21358,60495,0.0015666143
21359,115694,0.005599202
21360,53372,0.007413277
21361,62472,0.021766486
21362,58425,0.029891824
21363,45773,0.0058175544
21364,48300,0.0019407654
21365,75198,0.030849362
21366,13709,0.002931354
21367,4594,0.01613039
21368,56071,0.013363381
21369,92046,0.047870692
21370,79686,0.007354656
21371,48516,0.0028740324
21372,12378,0.0015202472
21373,82853,0.0014975807
21374,106041,0.0021152445
21375,40668,0.002453603
21376,50514,0.019121943
21377,34861,0.029891824
21378,24333,0.008007766
21379,68696,0.007391537
21380,72644,0.0015666143
21381,62340,0.0054736333
21382,6380,0.0056331996
21383,108056,0.01684328
21384,97830,0.021181539
21385,106691,0.021760937
21386,93991,0.021945333
21387,71612,0.0015666143
21388,11144,0.008171113
21389,88309,0.0026368657
21390,61304,0.005370364
21391,60085,0.0061947335
21392,76288,0.032216363
21393,39039,0.008903057
21394,114264,0.0063741137
21395,22669,0.00595721
21396,8478,0.007849618
21397,107771,0.0077371374
21398,78597,0.011701322
21399,49197,0.036231093
21400,9960,0.0037338003
21401,106044,0.039058484
21402,72414,0.011701322
21403,81667,0.0031772251
21404,10152,0.015973266
21405,94323,0.05430571
21406,72298,0.018870499
21407,18774,0.012781196
21408,113061,0.0015548919
21409,105409,0.040678173
21410,106735,0.0063757664
21411,48480,0.006136059
21412,80324,0.019215297
21413,8300,0.0073290174
21414,107642,0.015266503
21415,47748,0.03205202
21416,32080,0.002931354
21417,80550,0.01596527
21418,108349,0.009871986
21419,80735,0.0025431737
21420,101471,0.0031869553
21421,19801,0.0070851315
21422,49039,0.021766486
21423,19226,0.0015903247
21424,112177,0.015699996
21425,15268,0.01743621
21426,115219,0.01767445
21427,31615,0.0023780083
21428,115288,0.013363381
21429,113319,0.036619928
21430,48831,0.013363381
21431,92122,0.018226296
21432,31194,0.040760215
21433,55248,0.0069587193
21434,86531,0.012093883
21435,111584,0.0053968774
21436,105388,0.018870499
21437,42150,0.020017613
21438,24423,0.0022401751
21439,67730,0.014214103
21440,108743,0.0126754185
21441,89805,0.015787302
21442,7585,0.022744821
21443,39928,0.015843257
21444,98402,0.009681119
21445,54499,0.0030200463
21446,2313,0.017474867
21447,52284,0.0027627202
21448,44886,0.036264043
21449,98236,0.016695557
21450,100366,0.020559303
21451,98672,0.053899966
21452,85163,0.021766486
21453,2337,0.037141535
21454,24488,0.0023749098
21455,24714,0.0061711967
21456,88930,0.021057533
21457,106870,0.0014975807
21458,58322,0.04090623
21459,67958,0.03737256
21460,63757,0.0028740324
21461,71830,0.010277965
21462,18145,0.012915172
21463,28372,0.004588289
21464,45281,0.003490894
21465,15448,0.0015202472
21466,90623,0.007742283
21467,113485,0.028327957
21468,17330,0.003948421
21469,16042,0.0015202472
21470,37469,0.0015432577
21471,9405,0.012310545
21472,19659,0.002931354
21473,97078,0.054126825
21474,7458,0.0058655385
21475,93162,0.0015666143
21476,13637,0.00966524
21477,75725,0.0026188802
21478,73961,0.0071288436
21479,55315,0.014970244
21480,5049,0.015973266
21481,66142,0.0054186517
21482,111168,0.0077043003
21483,80093,0.05430571
21484,48890,0.0102474755
21485,103277,0.0023749098
21486,97751,0.011657114
21487,32521,0.024524655
21488,62599,0.0019407654
21489,27510,0.013313077
21490,67738,0.011701322
21491,50695,0.013363381
21492,10224,0.016000383
21493,83500,0.0023281192
21494,95884,0.038040694
21495,24165,0.011927929
21496,102748,0.05430571
21497,26439,0.01818908
21498,16639,0.0028734638
21499,90356,0.03737256
21500,53287,0.0055105677
21501,101569,0.038612206
21502,102664,0.013653227
21503,48099,0.047870692
21504,30486,0.013363381
21505,4969,0.007819192
21506,72684,0.0033073684
21507,67329,0.011701322
21508,96713,0.0019407654
21509,101145,0.002828979
21510,26006,0.01048629
21511,11026,0.004757353
21512,43787,0.011954552
21513,109,0.004757353
21514,88605,0.002416298
21515,12259,0.005935825
21516,111144,0.0014752509
21517,94112,0.0147927515
21518,85281,0.0031840072
21519,87598,0.002416298
21520,19393,0.008087668
21521,111392,0.015911184
21522,11304,0.007779258
21523,8537,0.0065150415
21524,42365,0.03078718
21525,12322,0.009638503
21526,28857,0.029463751
21527,66594,0.0027681827
21528,103973,0.0047091655
21529,77637,0.01818908
21530,54172,0.0075512673
21531,16062,0.0014532544
21532,86055,0.022309013
21533,36006,0.0015903247
21534,101622,0.008355051
21535,8032,0.005623078
21536,105475,0.005983897
21537,112426,0.002297739
21538,105414,0.028454639
21539,53396,0.0077848113
21540,40130,0.01629977
21541,77691,0.007331182
21542,16672,0.007561201
21543,98969,0.0016888018
21544,78652,0.0061711967
21545,89245,0.01596527
21546,8430,0.016000383
21547,111278,0.0030200463
21548,34020,0.0015903247
21549,29647,0.0029025506
21550,77394,0.013363381
21551,95110,0.002453603
21552,96632,0.009151466
21553,55860,0.01818908
21554,13679,0.004111419
21555,67499,0.006496562
21556,31901,0.015044988
21557,78198,0.0014975807
21558,14627,0.008974107
21559,5307,0.009953837
21560,24628,0.006136059
21561,57964,0.03799679
21562,78599,0.0031772251
21563,48206,0.016886028
21564,14829,0.043726638
21565,75730,0.013822462
21566,109741,0.0087579265
21567,87191,0.01767445
21568,46965,0.009429713
21569,99554,0.011701322
21570,44486,0.015313118
21571,87028,0.03078718
21572,98097,0.0015666143
21573,96677,0.0008037071
21574,18188,0.0053201527
21575,80776,0.0014975807
21576,43083,0.011954552
21577,32969,0.036847826
21578,24233,0.011266568
21579,39890,0.011017981
21580,72863,0.0018149752
21581,112884,0.016521668
21582,72703,0.011701322
21583,41672,0.045405824
21584,61488,0.005370364
21585,51456,0.012782808
21586,73907,0.008767572
21587,112189,0.0030200463
21588,60067,0.027976722
21589,87439,0.011701322
21590,77348,0.018870499
21591,66729,0.0031869553
21592,93660,0.0028740324
21593,38974,0.0028457916
21594,95138,0.0015666143
21595,64421,0.0031869553
21596,107679,0.011657114
21597,44601,0.0117283845
21598,101448,0.0014975807
21599,41829,0.0020851148
21600,17766,0.0016888018
21601,104671,0.0031919295
21602,34533,0.017313542
21603,80720,0.0014975807
21604,12582,0.0077371374
21605,32289,0.003490894
21606,38149,0.0015202472
21607,107889,0.0063741137
21608,34693,0.036231093
21609,15213,0.007706374
21610,15479,0.04131836
21611,88186,0.0014975807
21612,24986,0.0043143313
21613,88497,0.00612697
21614,109737,0.0015548919
21615,102650,0.031250797
21616,31780,0.0026188802
21617,104082,0.0030200463
21618,96549,0.0061664023
21619,112889,0.0034717065
21620,55182,0.013363381
21621,97038,0.0031869553
21622,19595,0.0018325023
21623,28559,0.031194756
21624,32522,0.0033497228
21625,1024,0.008289587
21626,73765,0.011701322
21627,32336,0.0023481515
21628,105983,0.011146615
21629,59430,0.008007766
21630,114187,0.0022495086
21631,20122,0.0022495086
21632,66778,0.0049204975
21633,68498,0.006302462
21634,102153,0.014843087
21635,4750,0.022975886
21636,2612,0.016434142
21637,37149,0.016210878
21638,89332,0.0031869553
21639,85986,0.013320503
21640,58923,0.006218357
21641,88720,0.0043455684
21642,69102,0.020543123
21643,64778,0.002931354
21644,108197,0.011146615
21645,16011,0.0023749098
21646,67771,0.011701322
21647,62964,0.011954552
21648,54721,0.0030200463
21649,9090,0.0071281814
21650,96950,0.018629786
21651,112638,0.05375461
21652,47797,0.0502881
21653,88563,0.0014975807
21654,14755,0.005350717
21655,76756,0.017496003
21656,114131,0.0025765477
21657,63544,0.0028740324
21658,45506,0.009689465
21659,33711,0.018804656
21660,57305,0.007573617
21661,71306,0.003605579
21662,47261,0.0015202472
21663,64454,0.004819698
21664,49011,0.01818908
21665,31714,0.0078049432
21666,82737,0.006269323
21667,38474,0.0033612684
21668,60229,0.0078012818
21669,39402,0.001681305
21670,87025,0.008719788
21671,10726,0.0078047444
21672,32574,0.011954552
21673,98105,0.014125454
21674,50081,0.013363381
21675,104043,0.0072446335
21676,97622,0.006016577
21677,93278,0.046980076
21678,94265,0.0078681335
21679,26252,0.009103058
21680,17349,0.011701322
21681,54775,0.037924703
21682,22431,0.024691269
21683,83542,0.021834597
21684,61089,0.0031772251
21685,12819,0.0071219136
21686,32247,0.029254962
21687,91652,0.0025348978
21688,79055,0.02039161
21689,114869,0.0023281192
21690,58068,0.0023749098
21691,24091,0.023034774
21692,85136,0.010847788
21693,101372,0.054126825
21694,8011,0.004047941
21695,28213,0.011954552
21696,42956,0.010426856
21697,28218,0.020939998
21698,78837,0.0028480412
21699,111007,0.0014975807
21700,48995,0.013363381
21701,109709,0.015798671
21702,94168,0.046980076
21703,36324,0.013363381
21704,30366,0.0028763015
21705,49444,0.021766486
21706,5501,0.016103055
21707,5943,0.03824978
21708,85936,0.011055215
21709,57231,0.029891824
21710,42626,0.011713096
21711,27936,0.0012505185
21712,4765,0.005157164
21713,100622,0.0077352272
21714,74824,0.002705636
21715,52067,0.017969947
21716,32126,0.008974107
21717,113593,0.0087579265
21718,103360,0.004122966
21719,23400,0.051103532
21720,12255,0.029891824
21721,71325,0.0069738794
21722,28171,0.0030265527
21723,29224,0.029822495
21724,113301,0.038961247
21725,75063,0.007990458
21726,38957,0.0015903247
21727,70998,0.047870692
21728,113128,0.013363381
21729,92527,0.033541046
21730,111545,0.056530494
21731,83340,0.0029435349
21732,73261,0.011701322
21733,28980,0.013363381
21734,9494,0.008124677
21735,85071,0.015036611
21736,73890,0.0502881
21737,54125,0.023743581
21738,30630,0.014821278
21739,3506,0.0073290174
21740,91173,0.008326855
21741,85889,0.01818908
21742,60802,0.0023288038
21743,98871,0.011701322
21744,91106,0.03779015
21745,49558,0.002705636
21746,15260,0.0014532544
21747,57186,0.008509975
21748,83863,0.007847772
21749,104148,0.03677475
21750,59842,0.010847788
21751,78307,0.011795194
21752,65574,0.00784768
21753,72040,0.0028740324
21754,100260,0.008477296
21755,44574,0.011795676
21756,39352,0.011795676
21757,36517,0.021766486
21758,29113,0.013363381
21759,49206,0.024537196
21760,92206,0.016031291
21761,26376,0.020939998
21762,101547,0.007748927
21763,61275,0.005370364
21764,34479,0.017471602
21765,92386,0.037528723
21766,113872,0.0028457916
21767,6053,0.01268736
21768,103594,0.0028178282
21769,54644,0.009214506
21770,83623,0.020244025
21771,19416,0.012913603
21772,11310,0.005907898
21773,61395,0.0201032
21774,8910,0.016074546
21775,86893,0.0147927515
21776,94969,0.0023148167
21777,40863,0.03205202
21778,1553,0.0015202472
21779,53391,0.013320503
21780,12482,0.0033343947
21781,47576,0.002705636
21782,1592,0.0015666143
21783,104185,0.00800494
21784,45015,0.010664755
21785,99383,0.0014975807
21786,96474,0.02225562
21787,9474,0.008261426
21788,91182,0.023743581
21789,91325,0.0014975807
21790,10608,0.012067243
21791,74083,0.047870692
21792,81091,0.0040373374
21793,10135,0.0064658173
21794,16537,0.015885983
21795,16795,0.006439561
21796,55239,0.01818908
21797,103300,0.011657114
21798,91010,0.011701322
21799,101128,0.0028401762
21800,61544,0.006136059
21801,89577,0.07380404
21802,70368,0.0028740324
21803,26398,0.007942993
21804,55017,0.014821278
21805,81225,0.024537196
21806,20894,0.0025348978
21807,24491,0.011954552
21808,75019,0.0014975807
21809,94711,0.018870499
21810,61326,0.016238391
21811,9253,0.0053519174
21812,31875,0.011954552
21813,4152,0.0060511837
21814,79240,0.007748927
21815,48085,0.0021768152
21816,54654,0.016912447
21817,58699,0.009457597
21818,76504,0.0015666143
21819,10717,0.01961196
21820,63994,0.0021152445
21821,37486,0.004249051
21822,61698,0.0031869386
21823,5213,0.01613039
21824,79626,0.046898387
21825,6718,0.0033343947
21826,2503,0.024435638
21827,33485,0.0015202472
21828,56376,0.0031869386
21829,99679,0.02343586
21830,36748,0.01524711
21831,43003,0.0015903247
21832,30365,0.04131836
21833,108277,0.0063741137
21834,29879,0.0068981126
21835,71338,0.03205202
21836,103406,0.012439334
21837,51919,0.021766486
21838,110964,0.02014425
21839,108674,0.0030200463
21840,8908,0.008044203
21841,22501,0.007722976
21842,78865,0.0018858586
21843,33157,0.015752148
21844,95258,0.0018149752
21845,16824,0.003948421
21846,47753,0.011266568
21847,110812,0.014861401
21848,1575,0.0018411374
21849,58727,0.03205202
21850,72590,0.0031023843
21851,65507,0.0077486304
21852,11259,0.0110068675
21853,115025,0.010365535
21854,41957,0.02014425
21855,20723,0.0026463368
21856,28749,0.016434142
21857,27207,0.013320503
21858,21830,0.002288168
21859,98507,0.015097311
21860,2364,0.017445296
21861,4318,0.041029323
21862,15827,0.0031869386
21863,40514,0.009621849
21864,7476,0.006511049
21865,42722,0.0015903247
21866,113016,0.037987046
21867,25906,0.011100055
21868,22776,0.0026188802
21869,99283,0.0015666143
21870,83666,0.027325926
21871,101848,0.054126825
21872,111713,0.010472184
21873,94595,0.03962842
21874,78605,0.047051888
21875,25818,0.0030200463
21876,80159,0.002453603
21877,89195,0.011701322
21878,100104,0.020559303
21879,10009,0.0031765336
21880,47861,0.01767445
21881,30182,0.055099305
21882,50292,0.0090932315
21883,68410,0.05430571
21884,6506,0.0033832586
21885,10956,0.007727359
21886,42053,0.009460125
21887,103003,0.0014975807
21888,90796,0.0016888018
21889,9636,0.005595359
21890,96295,0.02304451
21891,87107,0.007017136
21892,66549,0.010277965
21893,7963,0.005157164
21894,42407,0.04535365
21895,114666,0.0014315847
21896,102661,0.0027627202
21897,87231,0.014821278
21898,98012,0.028454639
21899,76379,0.017496003
21900,62188,0.00743145
21901,85476,0.0015666143
21902,44854,0.002931354
21903,106186,0.007546195
21904,53845,0.009498481
21905,101332,0.0014975807
21906,101695,0.03779015
21907,22035,0.0025348978
21908,3178,0.022860073
21909,57448,0.0014975807
21910,89581,0.015097311
21911,78650,0.007010156
21912,32464,0.013363381
21913,20127,0.024691269
21914,107609,0.02304451
21915,85778,0.0015666143
21916,102854,0.035395592
21917,83852,0.0066685397
21918,6998,0.01613039
21919,82811,0.01596527
21920,69753,0.024691269
21921,659,0.011114448
21922,25024,0.0044178898
21923,92194,0.0025348978
21924,109894,0.0063741137
21925,63750,0.0028740324
21926,48901,0.0014532544
21927,3387,0.003223094
21928,5987,0.0033343947
21929,43153,0.006218357
21930,66904,0.039271116
21931,35980,0.035395592
21932,7945,0.006008751
21933,96439,0.028454639
21934,103860,0.0034437634
21935,95124,0.016649216
21936,107588,0.0020554126
21937,113428,0.02014425
21938,26808,0.020939998
21939,67965,0.011701322
21940,83048,0.046898387
21941,112260,0.0063741137
21942,115676,0.0015548919
21943,15425,0.014821278
21944,6338,0.010238653
21945,115513,0.013363381
21946,26593,0.0201032
21947,102460,0.0030200463
21948,82366,0.0029435349
21949,83918,0.0031869553
21950,14964,0.021834597
21951,54995,0.016434142
21952,65683,0.007839572
21953,12301,0.002931354
21954,73448,0.0082797725
21955,54273,0.021181539
21956,4059,0.004795638
21957,43932,0.015071701
21958,27245,0.016434142
21959,25299,0.0027627202
21960,45960,0.018990442
21961,16479,0.0031869553
21962,28792,0.02208695
21963,51875,0.013363381
21964,73112,0.0014975807
21965,111107,0.011657114
21966,95691,0.008722195
21967,110124,0.0014975807
21968,63923,0.0055340333
21969,54388,0.03205202
21970,4617,0.02292835
21971,113299,0.0074387686
21972,83213,0.043058597
21973,39339,0.011927929
21974,29984,0.013363381
21975,104112,0.0026188802
21976,17658,0.0074025337
21977,546,0.01818908
21978,93471,0.0074216286
21979,49050,0.03205202
21980,10659,0.016000383
21981,38633,0.0030200463
21982,46373,0.006003126
21983,74915,0.0025431737
21984,23200,0.004888803
21985,74591,0.0030200463
21986,101583,0.056530494
21987,78532,0.0075372
21988,32941,0.0023281192
21989,75275,0.008229366
21990,113920,0.008477296
21991,44313,0.016210878
21992,94732,0.0017386912
21993,105500,0.0031023843
21994,31513,0.0023780083
21995,2340,0.005907898
21996,96391,0.021834597
21997,111502,0.0015548919
21998,5818,0.007988558
21999,27239,0.0026188802
22000,99640,0.020559303
22001,34699,0.01767445
22002,104947,0.002705636
22003,60448,0.0015666143
22004,35206,0.013363381
22005,49657,0.0015903247
22006,2009,0.038310543
22007,30751,0.018870499
22008,27048,0.03205202
22009,93740,0.0015666143
22010,88744,0.0022401751
22011,47119,0.015135725
22012,99327,0.014913101
22013,50615,0.016434142
22014,86102,0.01617818
22015,106595,0.0012066925
22016,112928,0.029605485
22017,109893,0.0028740324
22018,2674,0.003223094
22019,87151,0.002931354
22020,60238,0.018870499
22021,17575,0.0021704733
22022,51769,0.024537196
22023,68289,0.021217316
22024,54504,0.018485017
22025,26618,0.0078049432
22026,5711,0.024355432
22027,46779,0.020939998
22028,16270,0.0015202472
22029,67911,0.024895936
22030,91869,0.028454639
22031,103631,0.05377881
22032,69273,0.0015666143
22033,434,0.008355051
22034,67603,0.040180445
22035,83553,0.029891824
22036,44585,0.0015202472
22037,31122,0.0023749098
22038,106439,0.0014975807
22039,11263,0.017152222
22040,85976,0.008384837
22041,74191,0.0015666143
22042,84178,0.0031869553
22043,22740,0.0018325023
22044,80672,0.05430571
22045,23336,0.011927929
22046,112625,0.0015548919
22047,46472,0.0073283087
22048,26122,0.015187729
22049,29621,0.008479324
22050,59847,0.013363381
22051,80331,0.014386567
22052,1457,0.0061711967
22053,100196,0.03899658
22054,3914,0.005907898
22055,103708,0.0024864173
22056,19636,0.0057521383
22057,87060,0.018870499
22058,51570,0.0084715495
22059,63819,0.002705636
22060,33562,0.0074775796
22061,83635,0.014821278
22062,50800,0.061023254
22063,26718,0.00557888
22064,15058,0.016070716
22065,88735,0.002731251
22066,66598,0.0020554126
22067,63829,0.002931354
22068,30555,0.0030200463
22069,90361,0.0015666143
22070,106175,0.006710468
22071,98852,0.020559303
22072,12976,0.002094208
22073,37731,0.04235862
22074,77598,0.018870499
22075,40264,0.0031869553
22076,89219,0.008247642
22077,489,0.012781196
22078,48335,0.002661905
22079,26175,0.0015202472
22080,45182,0.0015903247
22081,26820,0.01818908
22082,10944,0.006263233
22083,110287,0.0031913405
22084,3054,0.005907898
22085,100689,0.054126825
22086,58127,0.0026188802
22087,38495,0.0015202472
22088,45472,0.020939998
22089,17297,0.00800413
22090,13789,0.01818908
22091,107372,0.015315342
22092,47877,0.03078718
22093,50367,0.014259596
22094,60756,0.09412205
22095,5480,0.005907898
22096,55498,0.007458087
22097,53920,0.021766486
22098,89773,0.047870692
22099,19860,0.0076006884
22100,10776,0.016000383
22101,111685,0.013363381
22102,53133,0.015163635
22103,83774,0.0033073684
22104,47329,0.008330549
22105,25661,0.021834597
22106,86884,0.0055266568
22107,18620,0.015885983
22108,73337,0.021759877
22109,9964,0.005325525
22110,35151,0.023005722
22111,32071,0.01767445
22112,76938,0.008329333
22113,53587,0.0077361893
22114,39075,0.0082668625
22115,56968,0.024895936
22116,57697,0.0031869553
22117,13396,0.0069173994
22118,20080,0.018870499
22119,107690,0.0034437634
22120,43707,0.016324576
22121,60763,0.018870499
22122,93264,0.013166956
22123,90448,0.01424356
22124,112967,0.023150554
22125,101064,0.008141885
22126,14426,0.005652308
22127,114434,0.017887197
22128,23412,0.018870499
22129,65898,0.0029354065
22130,63307,0.0054937406
22131,78759,0.0070373057
22132,87271,0.0081219
22133,111462,0.0024864173
22134,76498,0.0023281192
22135,36036,0.006218357
22136,105962,0.05377881
22137,44984,0.0207318
22138,108364,0.01596527
22139,32786,0.016591249
22140,83478,0.0077619823
22141,30059,0.024691269
22142,115918,0.007006843
22143,97291,0.03779015
22144,102578,0.016521668
22145,6146,0.017082796
22146,85683,0.01596527
22147,10833,0.008206494
22148,27138,0.015273014
22149,63885,0.008214707
22150,67760,0.0055117775
22151,46061,0.014660548
22152,86673,0.023743581
22153,41240,0.03205202
22154,64928,0.0028962519
22155,95584,0.054126825
22156,55073,0.008181883
22157,11624,0.0031765336
22158,16888,0.003490894
22159,39845,0.017887197
22160,37284,0.02528609
22161,82400,0.0031869553
22162,33488,0.046898387
22163,939,0.0031772251
22164,31382,0.0070518493
22165,77135,0.0030675337
22166,76157,0.0031869386
22167,15067,0.024537196
22168,72867,0.010847788
22169,99953,0.026488168
22170,29805,0.0029336698
22171,82223,0.021766486
22172,22655,0.011795676
22173,114101,0.0014975807
22174,94476,0.043058597
22175,38869,0.0029540155
22176,15711,0.015699996
22177,65636,0.0029354065
22178,31841,0.015273014
22179,76703,0.025541034
22180,97829,0.03779015
22181,62725,0.0077786227
22182,54367,0.0027627202
22183,64252,0.010406747
22184,71853,0.0027627202
22185,19461,0.0026898894
22186,11619,0.008476658
22187,90410,0.0031772251
22188,25714,0.0012505185
22189,100072,0.0031023843
22190,65693,0.0030200463
22191,55529,0.007715809
22192,26901,0.007843314
22193,4422,0.041029323
22194,865,0.03205202
22195,55236,0.0028740324
22196,65086,0.0023281192
22197,25472,0.006206534
22198,37957,0.006218357
22199,7613,0.01613039
22200,56122,0.0029569326
22201,17925,0.004635109
22202,100425,0.011657114
22203,87507,0.008326119
22204,79753,0.0015666143
22205,14004,0.003125569
22206,64738,0.002931354
22207,101553,0.01698871
22208,22360,0.024537196
22209,108362,0.0015548919
22210,110862,0.035395592
22211,104142,0.013320503
22212,96451,0.05430571
22213,86014,0.04090623
22214,112507,0.0037638813
22215,84160,0.0015666143
22216,32182,0.0068276725
22217,95537,0.008308967
22218,7266,0.0034439529
22219,3619,0.022860073
22220,47630,0.0077512083
22221,14654,0.012781196
22222,17554,0.0026898894
22223,110822,0.011701322
22224,114857,0.01753222
22225,51762,0.0030200463
22226,73562,0.002787786
22227,67796,0.008974107
22228,39803,0.0015903247
22229,110115,0.006438679
22230,25115,0.011927929
22231,1922,0.01500096
22232,84994,0.0063741137
22233,98183,0.015081083
22234,41044,0.036231093
22235,34775,0.041144025
22236,111845,0.040132347
22237,65489,0.009628491
22238,81963,0.06041493
22239,48567,0.0036085546
22240,77792,0.015517488
22241,41215,0.0014532544
22242,111210,0.0014975807
22243,24778,0.011927929
22244,45022,0.015097311
22245,60398,0.006740678
22246,53482,0.03205202
22247,21923,0.0025042621
22248,77196,0.002705636
22249,108256,0.0030200463
22250,45969,0.009640343
22251,109276,0.052871034
22252,36436,0.013363381
22253,77366,0.002453603
22254,71822,0.011701322
22255,105724,0.011657114
22256,69709,0.03335616
22257,18630,0.030056085
22258,28001,0.02014425
22259,32184,0.002931354
22260,8036,0.004757353
22261,44596,0.017969947
22262,40378,0.01462113
22263,101001,0.007308885
22264,17757,0.03504938
22265,65360,0.0069796974
22266,41290,0.013320503
22267,105480,0.009437783
22268,7241,0.022744821
22269,49184,0.0017637569
22270,24520,0.008839297
22271,31660,0.02014425
22272,97557,0.0022495086
22273,61364,0.0034876661
22274,40049,0.0081422385
22275,97473,0.054126825
22276,98703,0.002931354
22277,75956,0.023073608
22278,102025,0.008141885
22279,12563,0.011565702
22280,63084,0.019998942
22281,33211,0.02304451
22282,20442,0.0022495086
22283,62502,0.011954552
22284,52714,0.0014975807
22285,96262,0.0031869553
22286,28130,0.0024197567
22287,50295,0.013363381
22288,93099,0.018543651
22289,29329,0.0028457916
22290,48280,0.0017637569
22291,82664,0.015789222
22292,82974,0.035395592
22293,10114,0.017152222
22294,1859,0.004953245
22295,8392,0.02024892
22296,58963,0.008974107
22297,29455,0.0028457916
22298,9,0.016103055
22299,102001,0.013026349
22300,21216,0.00803825
22301,23847,0.011927929
22302,103749,0.0020851148
22303,115928,0.012522305
22304,44217,0.011927929
22305,86374,0.014843087
22306,35841,0.006496562
22307,54901,0.013363381
22308,52797,0.008028138
22309,43871,0.017887197
22310,74015,0.0014975807
22311,39977,0.0015903247
22312,86824,0.03936068
22313,54803,0.021181539
22314,97548,0.0015666143
22315,20041,0.0023749098
22316,113434,0.0031772251
22317,100481,0.011920463
22318,24918,0.011927929
22319,111118,0.0087579265
22320,32594,0.0023749098
22321,84583,0.021673284
22322,96035,0.011657114
22323,114175,0.00784768
22324,52971,0.02921471
22325,89263,0.020559303
22326,97260,0.03922074
22327,33849,0.05410248
22328,92109,0.0018149752
22329,95038,0.020559303
22330,28230,0.00572847
22331,78887,0.010847788
22332,12832,0.003490894
22333,549,0.0053519174
22334,82891,0.021766486
22335,19518,0.0132003175
22336,6140,0.007994617
22337,10982,0.017152222
22338,65306,0.0025348978
22339,109368,0.0073181596
22340,52970,0.005202273
22341,70689,0.019848319
22342,39800,0.011795676
22343,63484,0.0031359398
22344,43619,0.008974107
22345,61670,0.0014975807
22346,86650,0.011701322
22347,105620,0.0067752544
22348,41040,0.012283552
22349,115394,0.0066324235
22350,96964,0.011701322
22351,78849,0.020524736
22352,66006,0.007438132
22353,7965,0.005907898
22354,96100,0.013653227
22355,113747,0.008102972
22356,9596,0.0064940355
22357,45380,0.0017806522
22358,24859,0.0015202472
22359,36319,0.027613908
22360,57129,0.021766486
22361,86346,0.020316558
22362,56298,0.00803825
22363,29333,0.02014425
22364,81312,0.018870499
22365,46863,0.0041698976
22366,77991,0.025786815
22367,18544,0.006136059
22368,109918,0.011701322
22369,89701,0.016521668
22370,40916,0.011954552
22371,31697,0.00704402
22372,24214,0.021834597
22373,46756,0.007033758
22374,28002,0.013363381
22375,74271,0.0014975807
22376,90442,0.05430571
22377,102485,0.012139608
22378,108650,0.041039113
22379,30582,0.02014425
22380,62927,0.008974107
22381,39409,0.011927929
22382,45865,0.025027819
22383,24502,0.007131004
22384,31657,0.01183346
22385,98403,0.0033531983
22386,94236,0.01460665
22387,82934,0.0028740324
22388,96424,0.0033073684
22389,109508,0.0017139814
22390,3948,0.016096417
22391,62132,0.014954923
22392,115160,0.02014425
22393,80669,0.005321059
22394,46685,0.004381581
22395,23211,0.015019466
22396,115181,0.013363381
22397,112109,0.0015548919
22398,77895,0.0031869553
22399,37814,0.0048473645
22400,90150,0.011204008
22401,63371,0.047870692
22402,42677,0.007328559
22403,104231,0.0034349244
22404,26860,0.017572742
22405,35814,0.021279197
22406,1390,0.008183636
22407,55329,0.008248453
22408,80213,0.0026188802
22409,105534,0.037389383
22410,24192,0.015071701
22411,86878,0.021834597
22412,65602,0.0029354065
22413,8221,0.0073290174
22414,44955,0.016008554
22415,53943,0.0014975807
22416,24345,0.046898387
22417,111981,0.007582596
22418,86151,0.021766486
22419,104255,0.0067679267
22420,28661,0.00557888
22421,16591,0.006907429
22422,49911,0.013363381
22423,48271,0.0028457916
22424,102537,0.05430571
22425,104211,0.011701322
22426,2353,0.007591368
22427,76226,0.0068873023
22428,9190,0.024537196
22429,18871,0.015885983
22430,87306,0.04491583
22431,9127,0.0033343947
22432,53159,0.024537196
22433,83576,0.0031913405
22434,51439,0.013363381
22435,2848,0.004957383
22436,5819,0.036173496
22437,80411,0.00784768
22438,24325,0.0060171103
22439,51029,0.021834597
22440,110369,0.010883754
22441,104734,0.02014425
22442,51058,0.016434142
22443,34165,0.015663369
22444,24779,0.011927929
22445,22573,0.023005722
22446,3160,0.016434142
22447,84890,0.011701322
22448,108787,0.0015666143
22449,76763,0.018870499
22450,59587,0.02921471
22451,100534,0.016583089
22452,87351,0.03205202
22453,9022,0.007124967
22454,23822,0.04133766
22455,90466,0.0015666143
22456,113824,0.0057469457
22457,65041,0.0022793664
22458,40350,0.035395592
22459,25797,0.014917249
22460,98405,0.054126825
22461,69560,0.0038182775
22462,4869,0.005907898
22463,102319,0.002931354
22464,93609,0.0103399055
22465,6910,0.0031765336
22466,49483,0.008514063
22467,16309,0.009638257
22468,50685,0.021834597
22469,9145,0.007903522
22470,49243,0.008007766
22471,16526,0.0021458105
22472,13211,0.0015202472
22473,44654,0.020242833
22474,101398,0.012000214
22475,101804,0.040500026
22476,105678,0.007445951
22477,54349,0.011366991
22478,102018,0.00777938
22479,26824,0.0068873023
22480,53492,0.0028740324
22481,105098,0.0015548919
22482,108222,0.0015317097
22483,58522,0.0077150217
22484,91148,0.011701322
22485,46150,0.0015202472
22486,17034,0.015885983
22487,98070,0.011657114
22488,43765,0.020208022
22489,60362,0.0023148167
22490,97573,0.009927641
22491,90463,0.011701322
22492,24088,0.015789222
22493,29948,0.040760215
22494,63082,0.011954552
22495,96229,0.020535886
22496,21291,0.00414699
22497,18816,0.024777869
22498,30712,0.028312553
22499,61556,0.0077352272
22500,89820,0.020184526
22501,32109,0.013622688
22502,70335,0.01596527
22503,9122,0.005488723
22504,16487,0.0014532544
22505,95684,0.011657114
22506,3106,0.007222571
22507,64913,0.0020554126
22508,42996,0.017313542
22509,16649,0.0065341555
22510,21652,0.0025954216
22511,30990,0.003950813
22512,108549,0.0063741137
22513,18211,0.0022793664
22514,32809,0.020234914
22515,26231,0.007010156
22516,33429,0.006496562
22517,17560,0.008974107
22518,18819,0.0025042621
22519,115534,0.0030184241
22520,115849,0.008287435
22521,25252,0.007824584
22522,35528,0.0028740324
22523,105780,0.033567425
22524,108915,0.006252768
22525,38007,0.03205202
22526,23399,0.021766486
22527,55174,0.013363381
22528,57404,0.0015666143
22529,64230,0.0031913405
22530,67908,0.0025431737
22531,94939,0.020575136
22532,101937,0.007982514
22533,18476,0.002787786
22534,48598,0.027325926
22535,113620,0.011454323
22536,92657,0.019853082
22537,102820,0.006276344
22538,57119,0.017887197
22539,13144,0.0030200463
22540,107590,0.012522305
22541,12810,0.0129255345
22542,57597,0.013313077
22543,67835,0.01596527
22544,11991,0.0047294777
22545,88775,0.05430571
22546,76858,0.03078718
22547,62648,0.006621343
22548,18532,0.016070716
22549,36298,0.0012886691
22550,2021,0.004757353
22551,96518,0.00808678
22552,107032,0.03857721
22553,103002,0.05430571
22554,38220,0.026229994
22555,19195,0.016599279
22556,76153,0.0066607334
22557,24280,0.019837582
22558,77898,0.0031772251
22559,11076,0.00706889
22560,103519,0.006076825
22561,24247,0.008028138
22562,47224,0.011927929
22563,42932,0.012659144
22564,73437,0.0015666143
22565,114707,0.0026188802
22566,37122,0.011795676
22567,89967,0.034467313
22568,66538,0.002931354
22569,26196,0.014550013
22570,63109,0.047870692
22571,41042,0.0318103
22572,14874,0.008362826
22573,15740,0.012781196
22574,35906,0.013363381
22575,60818,0.015667722
22576,41026,0.011795676
22577,28713,0.00557888
22578,114896,0.0034072758
22579,64155,0.002931354
22580,70194,0.008974107
22581,103613,0.053207587
22582,75703,0.018226296
22583,43415,0.0049561975
22584,28734,0.03628678
22585,69121,0.03675735
22586,58572,0.03205202
22587,15581,0.0029025506
22588,23334,0.035395592
22589,98291,0.053899966
22590,93403,0.020185387
22591,26180,0.0030200463
22592,89102,0.008946449
22593,49159,0.011075763
22594,52758,0.013363381
22595,45346,0.011954552
22596,99718,0.007812935
22597,7038,0.0060511837
22598,102564,0.0028178282
22599,26975,0.013363381
22600,77737,0.007396692
22601,53191,0.013363381
22602,43219,0.006147749
22603,93190,0.0048898957
22604,91938,0.011701322
22605,66232,0.0030461564
22606,84907,0.07388498
22607,51135,0.023743581
22608,98803,0.008464563
22609,38410,0.00557888
22610,62396,0.0061947335
22611,24864,0.018870499
22612,85190,0.0066253594
22613,84527,0.0073620686
22614,2874,0.010255468
22615,110561,0.008580559
22616,48057,0.046898387
22617,107180,0.0044361567
22618,79090,0.0030426914
22619,85741,0.0022793664
22620,104273,0.001789183
22621,32820,0.0015432577
22622,43268,0.00883854
22623,37233,0.0028178282
22624,32905,0.01818908
22625,100662,0.008722195
22626,52474,0.0018149752
22627,48398,0.0074275113
22628,73436,0.0028686556
22629,103199,0.007458087
22630,41252,0.012659144
22631,99638,0.015452427
22632,97198,0.0027627202
22633,16478,0.0030200463
22634,82471,0.024691269
22635,109083,0.0027627202
22636,76522,0.007377064
22637,55631,0.10894671
22638,13910,0.0026898894
22639,44420,0.0017637569
22640,66754,0.002787786
22641,55510,0.006523636
22642,5862,0.016000383
22643,86222,0.0029861191
22644,24133,0.011954552
22645,101707,0.0060672825
22646,64937,0.0029025506
22647,73037,0.007051745
22648,94891,0.0023281192
22649,50745,0.0061711967
22650,50906,0.0030200463
22651,42982,0.0022401751
22652,39875,0.015071701
22653,100621,0.054126825
22654,87930,0.039908506
22655,61876,0.0031869553
22656,33915,0.009745125
22657,111052,0.0014975807
22658,50062,0.0055660517
22659,64782,0.008658449
22660,115946,0.01886113
22661,79232,0.0029900898
22662,19676,0.0031033105
22663,70135,0.0015927152
22664,88453,0.0018967143
22665,91915,0.011701322
22666,26461,0.015787302
22667,74869,0.0014975807
22668,77980,0.010847788
22669,5619,0.005157164
22670,26301,0.015292389
22671,91258,0.008134067
22672,88702,0.016434142
22673,25568,0.002416298
22674,34284,0.024537196
22675,45279,0.009330666
22676,74040,0.011701322
22677,82864,0.025030723
22678,100975,0.008722195
22679,53296,0.01642049
22680,45851,0.0023148167
22681,45247,0.0058175544
22682,30514,0.013363381
22683,34300,0.021834597
22684,19388,0.006206534
22685,108667,0.0027442817
22686,98216,0.0076510934
22687,42083,0.013318547
22688,44276,0.020351714
22689,106913,0.011657114
22690,91969,0.020185387
22691,33290,0.030730873
22692,74170,0.024691269
22693,48580,0.013363381
22694,48790,0.039271116
22695,97896,0.0147927515
22696,57177,0.006136059
22697,108682,0.0015548919
22698,93204,0.014843087
22699,71135,0.0014975807
22700,100752,0.011657114
22701,108377,0.0034437634
22702,53549,0.0022401751
22703,39786,0.0015202472
22704,92157,0.0014975807
22705,33349,0.002345287
22706,17851,0.009745119
22707,5235,0.01125623
22708,46738,0.011927929
22709,17252,0.0078595765
22710,90344,0.04090623
22711,104569,0.014861401
22712,52310,0.008542529
22713,15656,0.0061711967
22714,114449,0.006218628
22715,13763,0.007162178
22716,43305,0.029891824
22717,113726,0.0024864173
22718,65494,0.0029025506
22719,88933,0.0023281192
22720,90216,0.01596527
22721,23196,0.007437325
22722,103527,0.007528602
22723,110717,0.008477296
22724,47907,0.020838331
22725,79116,0.013363381
22726,2760,0.008355051
22727,95751,0.0028178282
22728,76234,0.01818908
22729,78572,0.0022495086
22730,22419,0.0040854746
22731,51286,0.03746364
22732,57222,0.002297739
22733,59613,0.013363381
22734,12788,0.010325336
22735,101501,0.007143608
22736,78289,0.008007766
22737,8070,0.011473993
22738,77101,0.00887935
22739,52562,0.021834597
22740,107134,0.023982788
22741,100603,0.021217316
22742,49624,0.0015903247
22743,69446,0.03872169
22744,101939,0.011701322
22745,58053,0.007010156
22746,51025,0.021766486
22747,106710,0.0063741137
22748,68957,0.005384315
22749,76612,0.0014975807
22750,87843,0.0033073684
22751,112647,0.04090623
22752,108792,0.0149119655
22753,97921,0.0015666143
22754,23551,0.0017637569
22755,46677,0.019556087
22756,66128,0.007440459
22757,91029,0.0019407654
22758,72929,0.008902072
22759,110950,0.05377881
22760,8446,0.004953245
22761,62970,0.011954552
22762,8783,0.005907898
22763,68420,0.011701322
22764,22543,0.0057521383
22765,57204,0.021766486
22766,100056,0.012522305
22767,51288,0.0034717065
22768,57735,0.05430571
22769,54960,0.016163463
22770,107361,0.007539484
22771,48015,0.002931354
22772,49838,0.013363381
22773,103549,0.046980076
22774,69298,0.005370364
22775,115220,0.013363381
22776,85455,0.0083953105
22777,53235,0.0079626655
22778,90724,0.011701322
22779,81525,0.010847788
22780,61855,0.02473084
22781,8415,0.00784212
22782,55250,0.015752148
22783,41642,0.014821278
22784,24727,0.016238391
22785,11976,0.006172762
22786,96281,0.020559303
22787,108492,0.018226296
22788,65648,0.0041150833
22789,32754,0.016434142
22790,61945,0.006218357
22791,75310,0.040196482
22792,97522,0.0025954216
22793,95563,0.041039113
22794,78394,0.021766486
22795,23631,0.0015202472
22796,59835,0.0061711967
22797,84878,0.024537196
22798,21350,0.0040854746
22799,59383,0.017825382
22800,57653,0.0020554126
22801,90250,0.0025348978
22802,45064,0.0033612684
22803,107683,0.0031772251
22804,67749,0.0028740324
22805,24430,0.016210878
22806,78372,0.0031869386
22807,50396,0.009003474
22808,74383,0.0017386912
22809,77272,0.011701322
22810,113398,0.0028968249
22811,824,0.0015202472
22812,109501,0.008248453
22813,102342,0.046980076
22814,7386,0.0031765336
22815,12822,0.0026898894
22816,12679,0.0057533686
22817,8170,0.022783171
22818,31275,0.011954552
22819,36093,0.0054736333
22820,47652,0.020351714
22821,16953,0.043726638
22822,47466,0.008030752
22823,94199,0.016521668
22824,41616,0.014944271
22825,33859,0.0318103
22826,88844,0.05430571
22827,28508,0.020939998
22828,107461,0.018870499
22829,68619,0.002931354
22830,53663,0.024691269
22831,55025,0.002453603
22832,68670,0.02463364
22833,45859,0.011954552
22834,51620,0.016434142
22835,14642,0.010847788
22836,108669,0.002416298
22837,41082,0.0029394678
22838,6095,0.0047567305
22839,79900,0.00792653
22840,4079,0.016000383
22841,64712,0.008522928
22842,65751,0.008315432
22843,113195,0.0030812097
22844,46574,0.025804454
22845,36180,0.0076687336
22846,24595,0.012636319
22847,38712,0.0015202472
22848,82677,0.008424656
22849,84510,0.0117283845
22850,20928,0.038977806
22851,34652,0.0077361893
22852,36687,0.0023300014
22853,20959,0.024691269
22854,8756,0.008732245
22855,29652,0.033201154
22856,110687,0.015911184
22857,40092,0.020140044
22858,14381,0.0077960826
22859,101894,0.014821278
22860,4432,0.013755665
22861,89587,0.05430571
22862,11800,0.002931931
22863,13600,0.0025042621
22864,36867,0.015071701
22865,94281,0.0101186745
22866,55712,0.0067901155
22867,99505,0.013175149
22868,91411,0.017969947
22869,109343,0.052871034
22870,53665,0.0015666143
22871,73154,0.047870692
22872,93420,0.024842558
22873,47816,0.021766486
22874,81176,0.0050858287
22875,110548,0.0063741137
22876,26357,0.013375194
22877,79295,0.008441095
22878,76971,0.009402538
22879,57014,0.013320503
22880,74920,0.0014975807
22881,94205,0.025102252
22882,48386,0.0015666143
22883,76621,0.0031772251
22884,94734,0.040564727
22885,105220,0.014843087
22886,100352,0.007413277
22887,66665,0.0076510934
22888,65473,0.007975724
22889,12254,0.008362826
22890,94537,0.003605579
22891,31549,0.008073058
22892,85376,0.007346633
22893,103520,0.027325926
22894,16277,0.012781196
22895,93161,0.04131836
22896,54263,0.017313542
22897,45306,0.0055319397
22898,91957,0.014536945
22899,7314,0.007814746
22900,38525,0.0028178282
22901,21407,0.0015903247
22902,95407,0.005898289
22903,43594,0.03078718
22904,68051,0.0028740324
22905,22564,0.011795676
22906,100179,0.016940458
22907,105881,0.041274
22908,23518,0.021705776
22909,89210,0.008974107
22910,1718,0.015885983
22911,86528,0.0015425641
22912,71259,0.0015666143
22913,74428,0.023073608
22914,40777,0.001681305
22915,96334,0.014843087
22916,110645,0.0014975807
22917,49193,0.01366263
22918,98714,0.041274
22919,76455,0.0034717065
22920,17624,0.004381581
22921,8247,0.005907898
22922,29100,0.0078049432
22923,16942,0.0037638813
22924,76248,0.005006311
22925,12234,0.013011
22926,6594,0.008330656
22927,49377,0.002453603
22928,97650,0.012522305
22929,37782,0.038310543
22930,54044,0.016761128
22931,90809,0.0069657443
22932,49182,0.01818908
22933,47173,0.018870499
22934,7318,0.029109659
22935,56241,0.044313025
22936,56250,0.013363381
22937,2183,0.0061477893
22938,54582,0.013363381
22939,112978,0.05377881
22940,35142,0.006218357
22941,59749,0.0015225332
22942,4465,0.07002604
22943,60068,0.015044988
22944,110488,0.002094208
22945,44974,0.002416298
22946,60613,0.002705636
22947,74968,0.0076272497
22948,94370,0.0065583005
22949,65583,0.0029354065
22950,40541,0.046898387
22951,57181,0.021766486
22952,100996,0.046980076
22953,14346,0.008362826
22954,108688,0.0021458105
22955,74192,0.008080132
22956,10115,0.008389552
22957,97274,0.006136059
22958,81506,0.002787786
22959,43334,0.03205202
22960,112037,0.003099047
22961,67032,0.002931354
22962,80543,0.014843087
22963,101101,0.0014975807
22964,111802,0.040132347
22965,98828,0.0147927515
22966,104020,0.0031772251
22967,34848,0.007915552
22968,67041,0.021766486
22969,26995,0.0021768152
22970,95052,0.0029371476
22971,51498,0.046898387
22972,7777,0.012413867
22973,12712,0.021766486
22974,78368,0.008154397
22975,30851,0.015699996
22976,47382,0.016210878
22977,55651,0.0201032
22978,95712,0.02014425
22979,8843,0.007988558
22980,47290,0.0023148167
22981,46513,0.011795676
22982,15224,0.011954552
22983,1728,0.0041030846
22984,54737,0.013363381
22985,28782,0.0030200463
22986,46230,0.011927929
22987,32555,0.011954552
22988,100320,0.0044544972
22989,29675,0.012716733
22990,76873,0.002416298
22991,89488,0.023833698
22992,41804,0.006377839
22993,99942,0.056530494
22994,77238,0.008974107
22995,42977,0.008217707
22996,78948,0.038576093
22997,1562,0.008362826
22998,43948,0.0093041165
22999,105680,0.0014975807
23000,114780,0.0069202436
23001,41433,0.008903057
23002,54212,0.013363381
23003,72300,0.012119228
23004,3769,0.008245602
23005,5418,0.013755665
23006,36062,0.0012505185
23007,28021,0.0033612684
23008,68238,0.019784067
23009,113124,0.016521668
23010,63410,0.002416298
23011,16282,0.008974107
23012,113276,0.0087579265
23013,97900,0.015911184
23014,109867,0.013722506
23015,35565,0.016434142
23016,84909,0.02305586
23017,97854,0.008331353
23018,42382,0.002931354
23019,61115,0.011954552
23020,45173,0.020939998
23021,48199,0.03205202
23022,88611,0.002931354
23023,110555,0.023083359
23024,103747,0.05377881
23025,89124,0.01596527
23026,88939,0.0029780974
23027,42309,0.0023749098
23028,74411,0.020351714
23029,30351,0.0014975807
23030,33641,0.036836985
23031,36708,0.0033612684
23032,40246,0.036231093
23033,42902,0.013522452
23034,110646,0.0031852394
23035,77490,0.0028740324
23036,54376,0.008045451
23037,6726,0.009102065
23038,74059,0.0015666143
23039,15538,0.010847788
23040,66483,0.0027091918
23041,21438,0.012781196
23042,78205,0.002453603
23043,112083,0.008181283
23044,91076,0.02343586
23045,19089,0.0031033105
23046,65232,0.007413277
23047,78589,0.0027627202
23048,15710,0.0052335383
23049,16053,0.0026463368
23050,34089,0.0020554126
23051,76245,0.0031869553
23052,84669,0.003605579
23053,14116,0.013253106
23054,34495,0.00318958
23055,77805,0.0015666143
23056,8893,0.007845734
23057,622,0.0053772307
23058,14471,0.03205202
23059,61014,0.023034774
23060,106476,0.002931354
23061,495,0.002094208
23062,76358,0.03205202
23063,844,0.006496562
23064,57811,0.013363381
23065,114734,0.0030812097
23066,92988,0.0015666143
23067,60332,0.008522734
23068,33346,0.015174926
23069,81527,0.0015666143
23070,59021,0.0033073684
23071,5047,0.041029323
23072,14740,0.0031911405
23073,5428,0.029926993
23074,89749,0.0015666143
23075,53169,0.003605579
23076,94879,0.0029604395
23077,115510,0.0110880025
23078,54837,0.0027627202
23079,10257,0.004953245
23080,8629,0.0065238345
23081,74134,0.04090623
23082,112947,0.040132347
23083,21683,0.0040854746
23084,71250,0.01818908
23085,38256,0.00781826
23086,3318,0.012210945
23087,36283,0.020744996
23088,79463,0.002453603
23089,83724,0.021766486
23090,61997,0.011954552
23091,1844,0.0030200463
23092,104165,0.018870499
23093,60986,0.05430571
23094,70739,0.021834597
23095,63548,0.0026188802
23096,78238,0.0014208711
23097,106787,0.002931354
23098,97631,0.0033073684
23099,7551,0.005039467
23100,10889,0.024355432
23101,93547,0.011657114
23102,110310,0.036619928
23103,2497,0.016027553
23104,61829,0.0014975807
23105,76334,0.0013684931
23106,61918,0.00931204
23107,31094,0.017887197
23108,105478,0.0111305015
23109,15589,0.011118316
23110,108655,0.0126754185
23111,39260,0.0117283845
23112,34811,0.048361234
23113,52876,0.0033225762
23114,40614,0.003490894
23115,31313,0.012610703
23116,76369,0.002931354
23117,80445,0.0029780974
23118,40250,0.01883267
23119,45269,0.0028740324
23120,110922,0.019885225
23121,12992,0.0031869553
23122,102362,0.054126825
23123,26373,0.015097311
23124,10699,0.0033343947
23125,14071,0.0028178282
23126,111771,0.021834597
23127,87923,0.003185474
23128,10067,0.005907898
23129,27301,0.024691269
23130,66024,0.0072043496
23131,67390,0.0318103
23132,58168,0.04090623
23133,39871,0.0033612684
23134,7223,0.008169768
23135,112946,0.05375461
23136,68872,0.036945425
23137,105350,0.011657114
23138,54316,0.0031869386
23139,88122,0.020559303
23140,46689,0.015879007
23141,9886,0.0072205267
23142,108645,0.008477296
23143,51024,0.021766486
23144,37007,0.007857064
23145,2534,0.012210945
23146,113561,0.041039113
23147,102670,0.018773058
23148,46389,0.0015432577
23149,43930,0.010028273
23150,53736,0.0023300014
23151,11655,0.018069195
23152,51335,0.008974107
23153,52662,0.0014975807
23154,9585,0.008193457
23155,27182,0.016031291
23156,34078,0.013363381
23157,5169,0.009176792
23158,56602,0.0014975807
23159,77149,0.004262665
23160,83696,0.0075141788
23161,67319,0.043058597
23162,62750,0.04090623
23163,10563,0.0033343947
23164,53694,0.011954552
23165,29562,0.0034160416
23166,73909,0.043159384
23167,84474,0.0050233514
23168,75341,0.018986482
23169,83296,0.0031750905
23170,45682,0.020939998
23171,45622,0.007812972
23172,5140,0.010580244
23173,61831,0.011954552
23174,13985,0.026155245
23175,109750,0.0015666143
23176,68378,0.036456663
23177,63734,0.008580559
23178,92552,0.016534418
23179,78773,0.009665961
23180,97330,0.002094208
23181,40664,0.036231093
23182,30458,0.016625142
23183,81907,0.013822462
23184,39218,0.011927929
23185,55866,0.0027146458
23186,6384,0.0051986515
23187,22664,0.0021704733
23188,55567,0.008974107
23189,16773,0.008125877
23190,92264,0.0015425641
23191,50992,0.008974107
23192,104741,0.0068052844
23193,63474,0.0041275714
23194,80438,0.0029371476
23195,29485,0.046898387
23196,59838,0.0034349244
23197,110584,0.03677475
