index,ID,fraud_flag
0,64707,3.9626793e-06
1,63919,5.1345225e-05
2,15664,0.02169822
3,6626,0.036695685
4,26766,0.09053307
5,2055,0.03767383
6,80703,0.002712891
7,45482,0.18275708
8,91264,0.006100282
9,1049,1.6468288e-08
10,67644,0.04539426
11,17283,0.00025070587
12,111047,0.026942547
13,6283,0.049447946
14,10932,8.9247915e-05
15,6866,0.0016855162
16,32797,0.023820162
17,87632,0.049336616
18,20830,1.9765184e-05
19,70988,0.010059811
20,2589,0.03274969
21,76471,0.049336616
22,57026,0.08238045
23,34068,0.021710591
24,110099,2.7821147e-06
25,44409,5.3758577e-05
26,98424,0.07408704
27,100327,0.0004792374
28,85449,0.10504658
29,105123,0.017265417
30,115595,1.9032628e-06
31,34762,0.02007644
32,30440,0.026181428
33,395,0.00013818806
34,34667,0.29680595
35,87615,0.026135925
36,43712,0.00017246579
37,17074,1.0596077e-05
38,68564,0.05803009
39,91813,0.09422598
40,62080,0.005937719
41,12050,7.866996e-05
42,63426,0.0022984236
43,93726,0.021065777
44,21287,0.1712346
45,25800,0.023781514
46,33442,0.05155389
47,46493,6.9096316e-08
48,105529,0.021672681
49,25747,0.0014557933
50,105901,0.00014869124
51,53369,0.0069630705
52,80105,0.001090296
53,93931,0.02613434
54,106790,0.16492757
55,17416,0.00026940415
56,105290,0.00015979563
57,58133,7.673749e-06
58,81540,0.013495838
59,23236,0.015705625
60,62711,6.409734e-05
61,20999,0.056731988
62,103783,1.7136976e-07
63,17545,0.05803009
64,91278,0.021672681
65,16821,0.15710871
66,47115,0.023781514
67,101433,0.00044933107
68,64042,0.0022984236
69,2158,0.00047679056
70,44272,0.049310457
71,88331,0.002712891
72,6698,0.0004989771
73,69531,0.002712891
74,30625,0.09053307
75,11877,1.3283897e-05
76,52353,2.2371258e-05
77,31005,0.056739822
78,101230,0.04929791
79,60853,3.0093966e-06
80,56734,0.13643585
81,53707,0.09962154
82,50265,1.7573759e-05
83,72607,0.17672649
84,49053,2.291083e-05
85,36071,0.0059590633
86,40741,0.17700514
87,56960,0.0004961376
88,53425,1.5630798e-05
89,81012,4.2357584e-05
90,103397,2.6609237e-05
91,115241,0.023820162
92,16477,6.477143e-06
93,106300,0.08121795
94,778,1.1077794e-06
95,54111,3.4189454e-06
96,43160,0.00599666
97,13312,0.011097109
98,40729,0.019746112
99,29282,0.026181428
100,2486,0.09413357
101,81324,0.0058729476
102,75361,0.011679627
103,83557,0.002428436
104,78430,0.034447663
105,58733,0.026181428
106,4100,4.9152102e-05
107,89993,0.02927802
108,85173,0.049336616
109,100381,0.08737103
110,19324,0.020493431
111,71719,0.002712891
112,89961,0.00898784
113,87549,0.009386319
114,82988,3.2671949e-06
115,22403,0.012290965
116,51891,6.3179476e-05
117,45978,1.0962945e-05
118,20555,0.023172531
119,55970,0.085608646
120,47319,0.026800575
121,74241,0.37008184
122,103281,0.002290271
123,108240,8.40955e-05
124,61359,0.023785751
125,71663,0.029797807
126,89413,0.08738392
127,39662,0.054988895
128,112982,1.5790516e-06
129,56650,0.1162526
130,8849,0.00027192716
131,12567,6.062924e-06
132,73998,0.02377865
133,1712,0.049447946
134,112407,0.0072950013
135,15075,1.449366e-07
136,101430,0.057878576
137,79990,5.947926e-07
138,52886,0.022495795
139,87463,0.08738392
140,61955,0.04393397
141,30263,8.701713e-05
142,85593,1.3199552e-06
143,103216,2.668372e-05
144,39612,0.037661344
145,44407,2.1745186e-06
146,98760,0.0058965837
147,17265,0.032461915
148,106871,0.023801154
149,83690,0.029797807
150,107039,0.012017078
151,57715,3.609049e-07
152,41191,0.021373536
153,101274,1.03755134e-07
154,85340,2.6174441e-06
155,42354,0.021830883
156,36079,3.630415e-05
157,71215,4.503798e-05
158,39362,0.00018070148
159,5693,0.040336393
160,78375,0.0059187314
161,61534,0.0007291099
162,67488,0.005345545
163,15561,0.02616657
164,16157,0.029797807
165,17,0.012584036
166,29639,0.026181428
167,91112,4.303543e-06
168,104649,0.08734493
169,693,0.023806605
170,4689,0.00011942581
171,58919,0.026181428
172,36766,0.026181428
173,15077,0.023806605
174,37006,0.005341019
175,93345,0.04393397
176,44664,0.00016815432
177,18762,0.017452875
178,22379,0.023781514
179,89724,1.054556e-07
180,3745,6.91521e-05
181,83488,0.02000054
182,108394,5.533899e-06
183,8641,0.60890335
184,69466,0.006100282
185,25047,0.00012351925
186,39695,0.010390344
187,57982,1.3199552e-06
188,90462,0.000512504
189,112752,0.0072950013
190,117,0.011316443
191,98398,3.2193868e-05
192,19002,0.00022868474
193,100559,0.00076225505
194,11291,0.011755032
195,72304,0.020436222
196,23250,0.004679297
197,99518,0.00028657063
198,105725,0.038947504
199,55984,6.137217e-06
200,97310,0.005937719
201,39077,2.1788072e-05
202,110918,0.049283862
203,41184,0.24963516
204,9739,2.8347487e-09
205,6322,0.01373544
206,10936,0.0014642627
207,92917,0.0062027792
208,16710,0.029797807
209,113964,3.906165e-08
210,110281,0.0053533465
211,501,0.00015560028
212,38063,3.7713652e-10
213,53303,1.0054697e-08
214,75137,0.004544401
215,31793,0.09580944
216,77822,0.0074737757
217,22821,0.013476603
218,79560,0.04929791
219,1724,0.049447946
220,41295,0.056719538
221,114664,0.019720268
222,83239,0.00011476144
223,76161,0.0053558815
224,12812,0.021728687
225,73079,0.04539426
226,33477,2.707542e-07
227,110911,0.003958087
228,74088,0.050497808
229,91464,0.002712891
230,78965,6.8128825e-06
231,115734,0.05671502
232,39064,0.09053307
233,87531,0.0036377802
234,21392,0.017021844
235,85410,0.0022967674
236,101374,0.0069217016
237,61893,0.055001028
238,35957,0.035874978
239,18330,6.5921005e-05
240,25920,0.00012265633
241,29321,0.026181428
242,50864,1.4648604e-06
243,16324,0.00059588056
244,107063,0.08734493
245,62263,0.010418018
246,38175,0.017274432
247,36909,8.022268e-05
248,97440,0.08124007
249,107136,0.010574395
250,51426,0.080362685
251,62186,0.005937719
252,57941,0.1138376
253,88610,0.012102011
254,77426,0.00011559416
255,63630,0.0006620958
256,97452,2.3673927e-05
257,27847,0.0014673553
258,72330,0.09962154
259,83242,0.026963117
260,99627,0.12386053
261,55561,0.0007560516
262,21229,1.0954417e-08
263,43254,0.1162526
264,46349,0.0033707798
265,32885,0.021679174
266,63211,0.0053558815
267,74017,0.0053558815
268,112309,9.919595e-05
269,71080,0.001729159
270,11233,0.001101967
271,65032,0.0002811331
272,62670,0.0004893018
273,34602,1.9763773e-05
274,113971,0.08086378
275,44728,0.08862705
276,78716,0.002712891
277,60993,0.005937719
278,62434,0.046336118
279,13314,5.6323834e-06
280,9420,0.023806605
281,94502,0.04539426
282,14782,0.013776537
283,105399,0.07991798
284,26114,3.0314504e-07
285,94952,3.7634618e-06
286,63121,0.004544401
287,17505,9.38254e-05
288,23853,1.4733318e-05
289,76294,0.021065777
290,79180,0.013999118
291,66894,0.006100282
292,97408,0.0011094349
293,33501,3.1559591e-06
294,50551,0.096716374
295,80870,0.026135925
296,36561,0.02000054
297,41816,0.0059472816
298,62882,3.1148193e-08
299,34681,0.026181428
300,114749,0.12038406
301,8606,0.00051189744
302,42446,2.5504245e-05
303,53904,0.09320422
304,22551,0.00049592345
305,94510,0.00033438727
306,1373,7.5972266e-06
307,82674,0.020493431
308,40993,0.023781514
309,92014,0.04393397
310,73191,0.0962711
311,106449,1.6939288e-05
312,58423,3.1834124e-06
313,27731,0.000338836
314,89611,0.021065777
315,64260,0.0022984236
316,94809,0.0063645053
317,102324,6.560219e-07
318,86926,0.04393397
319,49185,0.0009365063
320,57289,0.050497808
321,2655,0.049451713
322,2988,2.4221878e-05
323,545,0.00019006705
324,28457,2.9420955e-05
325,14596,1.1382178e-06
326,79184,0.085608646
327,15201,0.00627864
328,56585,0.0009802217
329,6307,0.02464462
330,98730,0.104524136
331,51980,2.291083e-05
332,80528,0.002712891
333,22762,9.2440513e-07
334,51747,3.354924e-07
335,18778,9.167976e-05
336,47414,3.2844753e-05
337,72518,0.24986164
338,13949,0.13135494
339,55661,0.026181428
340,89809,1.8768278e-05
341,61393,0.005556081
342,75157,0.049336616
343,49321,0.23972273
344,32608,0.005562384
345,5749,1.9650914e-05
346,4497,2.6850534e-05
347,5680,0.04063962
348,9543,0.01222676
349,3613,0.11624836
350,74486,0.011088824
351,92762,1.7980192e-05
352,26829,3.052548e-05
353,87804,1.2152811e-06
354,64122,0.00010365989
355,6967,0.04072977
356,33595,4.6654263e-06
357,29196,0.026181428
358,51322,3.947453e-07
359,103698,1.1751589e-08
360,30082,0.026181428
361,45037,0.012290965
362,104501,0.0020136607
363,28006,0.0002729914
364,1572,6.6678236e-05
365,105217,0.043887034
366,48157,0.13135494
367,48353,0.0053558815
368,5189,0.001394824
369,62531,0.021679174
370,93051,0.09820678
371,38760,0.014929074
372,51776,0.029797807
373,31602,9.1962377e-10
374,109562,0.057532605
375,65343,2.2624987e-05
376,32437,0.03767647
377,5350,9.396578e-10
378,97738,7.4609425e-06
379,83307,0.056715835
380,29927,0.049283862
381,101416,0.004544401
382,94024,6.237186e-05
383,72374,1.8314646e-05
384,72292,5.182356e-05
385,56177,0.07412055
386,9135,0.03172145
387,78647,1.9951078e-05
388,59323,0.08238045
389,79453,0.0053558815
390,11380,0.033713084
391,45280,0.049310457
392,24095,3.316456e-06
393,90252,0.053443428
394,101354,0.0004511775
395,39613,1.573221e-07
396,56024,0.09962154
397,29067,0.04432362
398,72766,0.17153946
399,91040,0.057988025
400,102100,0.026181428
401,91937,0.0067062485
402,33126,0.04393397
403,43785,2.0914413e-05
404,23703,0.026173297
405,3837,0.11202961
406,7726,0.0015277526
407,9364,0.11202961
408,111757,0.0055266777
409,9181,0.00054218393
410,87618,9.746391e-06
411,76250,0.0024221384
412,36068,0.03767647
413,46893,0.026142929
414,114571,0.010773164
415,38291,3.5400973e-08
416,67623,0.011088824
417,101068,0.011679627
418,85744,4.111396e-06
419,53069,0.021710591
420,80582,0.002712891
421,50799,0.023820162
422,112728,0.055773284
423,102871,0.00012471186
424,20702,2.0226573e-06
425,50019,0.09320422
426,114385,0.049283862
427,88270,0.029393738
428,87238,0.00023711723
429,80143,2.7641327e-05
430,71196,0.0053558815
431,57365,0.004465827
432,95054,0.04534585
433,74508,0.004544401
434,61161,2.421731e-06
435,26538,0.006045135
436,56029,0.09422598
437,31570,1.5274032e-05
438,106217,5.1862976e-09
439,12642,4.2587846e-05
440,112036,0.09420895
441,34514,0.023820162
442,93450,1.0932783e-05
443,38545,0.09962154
444,107432,0.022664648
445,3722,7.702792e-06
446,57759,0.13073318
447,82794,3.902025e-06
448,64296,5.2689193e-05
449,7803,0.03274922
450,45852,0.099611595
451,19727,0.017491627
452,101122,3.264952e-06
453,59991,0.11523532
454,15276,1.9003912e-05
455,21190,5.152452e-07
456,57751,0.00016095201
457,48048,0.057985272
458,14201,1.7938893e-09
459,104452,0.049283862
460,61560,0.0071927696
461,13655,1.082722e-05
462,111774,0.012079337
463,29079,0.09670669
464,32527,0.03767647
465,112644,1.5790516e-06
466,89335,0.023671066
467,106410,0.057532605
468,88697,0.088920005
469,68809,0.00036222348
470,19408,0.00034037547
471,278,9.9536686e-05
472,111383,1.107573e-11
473,67563,0.00066576607
474,112976,0.026450347
475,102347,0.00032275388
476,4923,0.046310052
477,92434,0.00018835513
478,49135,0.0064350194
479,24611,2.0521484e-05
480,104534,2.873897e-05
481,67830,0.04393397
482,112269,5.489974e-05
483,72199,0.002712891
484,93470,0.014978852
485,92290,0.09422598
486,62790,2.3692357e-05
487,29962,0.026181428
488,43340,0.1712346
489,95912,0.0005506877
490,2054,0.03767383
491,105031,0.021672681
492,82647,0.008518751
493,4104,0.015777156
494,32165,0.08940327
495,3485,0.31882104
496,53150,3.2671949e-06
497,55810,7.809093e-06
498,96529,0.005275688
499,61429,1.47998435e-05
500,82759,0.034138534
501,98261,7.086853e-05
502,73851,0.005556081
503,96701,0.00011905162
504,108510,9.1752746e-08
505,4513,0.0015825846
506,7989,0.00024050134
507,52209,0.00085788756
508,51706,0.012030361
509,75132,0.0069217016
510,88174,5.5396335e-06
511,70443,0.06384397
512,79727,0.0022967674
513,75815,0.08277817
514,109976,0.0053533465
515,40198,0.60890335
516,56110,0.07412055
517,105614,0.009924685
518,51330,0.00011094794
519,89294,0.0053558815
520,29257,6.709973e-05
521,100033,0.019720268
522,67397,7.45792e-05
523,105967,0.02277482
524,38882,0.056719538
525,63066,0.012102011
526,99436,0.09020935
527,75724,0.10992735
528,79512,9.600752e-05
529,22706,9.959845e-06
530,2749,5.5022436e-05
531,31627,0.021679174
532,40317,5.7318766e-06
533,47068,0.026963117
534,112718,4.905377e-05
535,48713,0.0051704235
536,39577,0.020676242
537,65495,3.181253e-05
538,14485,2.981106e-06
539,56594,0.0055799624
540,62322,0.08738392
541,69218,0.0052624093
542,50698,2.3643501e-07
543,105068,0.011088824
544,64397,0.00025245955
545,92772,0.04929791
546,74760,3.029146e-05
547,58341,0.00012640646
548,92893,0.09313801
549,50706,0.021710591
550,3254,0.049451713
551,87809,0.08738392
552,105595,9.024508e-06
553,108347,0.057532605
554,11053,0.00019693963
555,50097,1.9697277e-06
556,86132,5.3405466e-07
557,36263,0.013776537
558,95855,1.2996415e-05
559,83201,1.3199552e-06
560,18947,8.525921e-05
561,15456,0.030245412
562,102205,0.004675239
563,37779,2.2885499e-05
564,46785,0.0050122146
565,76488,1.6077369e-10
566,102027,0.026135925
567,8838,6.5771744e-09
568,55321,1.7978615e-05
569,32597,0.13736826
570,11647,2.0422965e-05
571,15613,0.12472075
572,80527,0.023820162
573,23335,0.049336616
574,77863,0.062948346
575,19824,0.00034372672
576,38893,0.0023059489
577,34168,0.026181428
578,44081,0.023781514
579,59661,0.000953489
580,10466,0.03172145
581,96815,1.3443172e-05
582,44377,0.026181428
583,100864,0.02613434
584,94430,0.026181428
585,87742,3.9756515e-06
586,65674,1.7892171e-05
587,104512,0.0059341174
588,24492,0.00013928315
589,49739,0.0023059489
590,80417,0.0053558815
591,99334,0.015564003
592,112122,0.0053533465
593,101283,0.002712891
594,21677,0.023785751
595,95083,0.004544401
596,106571,0.006397683
597,90303,0.08501622
598,9299,0.00014451085
599,6426,0.00017885036
600,94693,4.5869423e-05
601,63857,0.0003406485
602,88880,0.0962711
603,1883,0.00016951305
604,84356,0.0053558815
605,61747,0.09182226
606,41443,0.029797807
607,12360,4.712005e-06
608,78005,4.4004202e-05
609,94849,0.0022984236
610,22284,0.026142929
611,29215,1.9679514e-05
612,82606,0.049336616
613,104103,0.004544401
614,36447,0.062948346
615,41050,5.595254e-10
616,9949,0.00033618818
617,45600,4.101088e-05
618,73479,8.918612e-06
619,46979,0.023820162
620,41784,1.4733318e-05
621,90034,0.08735417
622,19768,1.082218e-06
623,20081,0.11938822
624,63156,1.3168103e-07
625,50526,1.6293814e-05
626,33958,1.5563624e-05
627,14261,1.0183983e-06
628,35991,0.00461187
629,51997,0.107299305
630,79806,1.875066e-06
631,95620,0.020476043
632,34320,0.39520147
633,21679,2.912649e-05
634,103104,0.07408704
635,68491,0.06573825
636,79707,0.07408704
637,83363,4.6813875e-05
638,45483,0.038754445
639,31264,0.021679174
640,37724,0.00017124858
641,93250,0.04393397
642,103271,0.004544401
643,64938,0.0022984236
644,533,7.865546e-06
645,67037,0.005874181
646,93473,0.0972324
647,31665,0.14560477
648,102196,0.0058729476
649,45224,0.04393397
650,83765,7.0329814e-05
651,101763,0.002712891
652,42042,0.0031419564
653,67828,0.0030938056
654,59157,0.04539426
655,99616,0.08735417
656,375,0.00030456076
657,69416,3.5404366e-05
658,63999,3.9626793e-06
659,78883,0.0069630705
660,31772,1.155465e-05
661,67449,0.13722296
662,48837,0.026181428
663,37881,0.14560477
664,105357,5.102992e-06
665,57189,0.07932703
666,98878,0.029797807
667,98940,0.10823642
668,15375,0.00021545068
669,99199,9.194793e-05
670,57281,2.028279e-07
671,109732,7.165409e-05
672,13354,1.0183983e-06
673,72902,0.002712891
674,113479,0.00024822511
675,58274,0.17688967
676,104509,0.019720268
677,44498,0.026142929
678,39696,0.05803009
679,21928,1.3829984e-05
680,47299,0.026142929
681,112470,0.08734493
682,84809,0.006100282
683,34971,0.029797807
684,9567,4.6346137e-05
685,58474,2.3673927e-05
686,34696,0.017274432
687,33177,4.866738e-08
688,30371,7.0836715e-05
689,111751,0.02277482
690,58321,0.0001102483
691,14148,0.025554454
692,15809,0.017274432
693,65457,0.005275688
694,111372,0.08734493
695,36594,0.0059590633
696,102912,0.0053558815
697,52753,0.00017754645
698,65752,1.4374031e-05
699,115710,0.057532605
700,23591,0.021679174
701,17983,9.062861e-06
702,45798,3.259955e-06
703,106725,0.00028659357
704,66451,0.085071355
705,107430,0.0059341174
706,4661,0.00035593894
707,10387,4.707761e-05
708,78369,3.9756515e-06
709,16948,8.1636405e-05
710,17737,8.20104e-08
711,21807,3.7016526e-10
712,111914,0.0052626817
713,106711,0.00012729927
714,54179,0.01665498
715,2255,0.0003207288
716,102888,0.023820162
717,70070,0.021758553
718,13371,0.00022037847
719,15328,6.3876987e-06
720,5326,0.036972463
721,98753,6.7855806e-05
722,15979,2.0371283e-05
723,69201,0.026626956
724,68233,0.026135925
725,43903,0.021679174
726,61446,0.05315191
727,107870,8.657095e-06
728,64151,2.1286916e-05
729,39190,0.020493431
730,60485,0.08738392
731,61360,0.0053558815
732,92658,0.012102011
733,90645,0.02377865
734,84042,5.808014e-05
735,99935,0.04534585
736,29513,0.049283862
737,34249,0.00011967615
738,10336,0.04090679
739,16350,7.993822e-06
740,56866,0.0260824
741,37369,0.010364586
742,16662,8.590549e-05
743,1938,4.3844043e-08
744,12555,0.09962154
745,99851,5.013607e-08
746,90916,0.02927802
747,75043,0.011679627
748,65278,0.005275688
749,42076,0.037661344
750,91286,1.3827366e-06
751,76276,1.1627628e-05
752,73158,0.09962154
753,92448,0.0016737713
754,74964,6.0909053e-07
755,55257,2.5821073e-05
756,108498,0.09313801
757,9208,0.00891306
758,56508,0.008518751
759,72341,0.026135925
760,65967,0.0022978769
761,31113,0.00049475697
762,93318,0.00012351407
763,22480,0.020949733
764,75752,5.3158383e-06
765,16697,0.049336616
766,26579,0.000223944
767,6534,0.09960311
768,56725,0.008468298
769,72510,0.008983429
770,22674,3.330951e-06
771,57898,2.8813029e-06
772,90026,3.6309586e-05
773,88601,0.0055271364
774,8652,0.114384025
775,7408,0.0018228265
776,34244,1.9763773e-05
777,89968,0.0007899119
778,100214,0.012094505
779,2891,0.0012282238
780,12559,5.5029523e-05
781,49025,0.010509218
782,33870,1.9763773e-05
783,69606,0.026135925
784,57042,0.020493431
785,114064,0.049283862
786,728,0.00032632842
787,71654,1.5798228e-06
788,47027,0.023781514
789,41250,0.00011504598
790,1630,0.00026918435
791,55361,0.026181428
792,63639,2.172218e-05
793,115273,2.9749443e-05
794,43430,0.013507568
795,111233,1.5627084e-08
796,93160,0.09820678
797,27887,0.099611595
798,21843,0.026142929
799,79166,0.00023044606
800,98456,0.0007443194
801,19852,4.3074724e-06
802,16831,4.4020828e-05
803,103336,0.08734493
804,100769,3.3899865e-05
805,46063,0.026142929
806,34534,0.00011221356
807,115948,0.0050454764
808,87782,0.09422598
809,87652,0.012102011
810,26365,0.080349706
811,100684,1.7079823e-07
812,14358,2.0226313e-05
813,18797,0.03876283
814,76235,0.029797807
815,18255,0.00012784047
816,34981,0.0015308944
817,885,0.0008569599
818,39133,2.4813868e-05
819,22504,0.00014787639
820,57135,0.113523215
821,96741,0.02377865
822,35895,0.0779551
823,15442,0.019746112
824,28839,6.709973e-05
825,90862,2.2101774e-05
826,57101,2.3673927e-05
827,20459,0.0011156719
828,106982,0.10451969
829,89803,0.012102011
830,75674,5.1309293e-05
831,103938,0.04105333
832,26549,0.021830883
833,51210,0.008468298
834,22082,0.0006770013
835,99316,0.08735417
836,37683,0.0032369865
837,102322,0.07839971
838,12356,0.0001715251
839,2765,0.049451713
840,74343,0.0016380886
841,113233,0.0002836434
842,66575,0.00014973329
843,85051,0.026135925
844,64211,7.671701e-05
845,106908,0.023801154
846,91261,0.00085961825
847,63342,2.053975e-05
848,10069,0.00012071351
849,73421,0.0218086
850,69688,0.21051688
851,1916,5.689234e-05
852,60627,0.0022984236
853,65061,2.573229e-08
854,98762,0.007951576
855,110721,0.05315191
856,71075,0.10823642
857,36583,9.575758e-07
858,37828,0.00019196248
859,31886,0.00013928315
860,50401,0.09320422
861,95231,0.04534585
862,72370,0.0008509029
863,81888,0.08862705
864,91872,0.0053558815
865,69257,0.08738392
866,85541,0.037660237
867,110988,0.033284225
868,29389,0.028774465
869,73105,5.5396335e-06
870,60871,0.00027988336
871,85124,0.015777888
872,66055,1.4374031e-05
873,79308,0.038751595
874,69138,0.1138376
875,43470,0.099611595
876,22682,4.7101986e-07
877,71908,0.08022873
878,112624,0.08734493
879,86645,1.9690046e-06
880,79794,4.814275e-07
881,93410,0.004025589
882,18488,0.02616657
883,87727,0.005273019
884,24604,8.38659e-07
885,858,3.5150035e-05
886,40474,2.495928e-05
887,102567,0.00034101194
888,26475,0.0003696358
889,39434,0.006144894
890,4280,0.10402916
891,4363,0.05673552
892,75693,0.002712891
893,37366,0.0091937715
894,45766,1.4276379e-05
895,95063,0.09422034
896,53878,0.004544401
897,5385,0.08182421
898,13919,0.0136639085
899,8778,4.9152102e-05
900,43603,0.099611595
901,36953,0.020727588
902,114804,0.12038406
903,7047,0.0011400182
904,113578,6.611857e-05
905,61299,0.021679174
906,69762,1.6437414e-05
907,34228,0.0053107133
908,97227,0.00012682348
909,75009,0.080085464
910,32689,0.04432362
911,114483,0.056739822
912,9028,5.2657856e-06
913,72784,0.04432362
914,43102,9.039041e-08
915,17174,1.3702495e-05
916,108850,0.0034547283
917,93274,0.03543799
918,111350,0.002712891
919,101529,0.02277482
920,36379,3.149917e-07
921,33392,0.026181428
922,114841,0.043854684
923,78860,0.021157557
924,111563,0.0022861029
925,54796,0.0019878093
926,64079,0.00047000338
927,6668,0.0011977284
928,22115,2.2409847e-11
929,11711,0.046310052
930,107304,5.5292538e-05
931,30788,0.0011621846
932,100674,1.7121936e-05
933,57164,0.12295235
934,91601,0.00011076908
935,93919,0.0016928754
936,53392,0.00022435134
937,110586,0.00024440847
938,7210,0.00016710722
939,5815,0.00015560028
940,19593,0.018643433
941,64384,0.005937719
942,110494,0.0035757874
943,55333,0.23972273
944,103234,0.097122945
945,88602,0.02927802
946,58152,0.006100282
947,35486,5.961242e-06
948,106966,0.032811992
949,28743,0.00035489007
950,92010,4.3468506e-12
951,68967,0.00010365989
952,114683,0.0008687807
953,55680,0.00022435134
954,111861,2.873897e-05
955,110932,0.037340056
956,354,0.09320422
957,39998,1.7876173e-05
958,19200,0.026963117
959,76143,0.005273149
960,1617,0.00057733327
961,45206,2.5305417e-07
962,74375,0.037660237
963,28730,0.13732068
964,51172,0.080362685
965,113597,0.00027800686
966,40816,0.03179176
967,108785,0.011366514
968,92298,0.0218086
969,6549,0.00015490717
970,91511,0.11183378
971,93581,2.0356175e-07
972,9051,0.0016210119
973,62544,0.09422598
974,64378,0.022603992
975,48466,8.855587e-09
976,84038,0.07412055
977,39096,0.0064678607
978,111852,0.013992524
979,12418,0.020770412
980,96796,4.6381874e-06
981,40636,0.022792386
982,48293,0.08738392
983,4943,0.055004474
984,94920,0.00031594344
985,54345,0.0063418536
986,109443,6.100886e-06
987,23715,0.046310052
988,37474,0.035874978
989,104222,0.022900727
990,64986,0.005874181
991,115836,0.00032616203
992,52932,0.0047901636
993,99150,0.017265417
994,51139,0.026181428
995,26034,0.021679174
996,25497,0.0059590633
997,53976,0.032896373
998,85045,1.6161616e-07
999,63763,0.00090518687
1000,73927,0.05074714
1001,78763,5.400328e-06
1002,40524,0.00217071
1003,60080,1.8314646e-05
1004,38018,0.005888243
1005,37104,0.013536344
1006,66782,3.1834124e-06
1007,95262,0.022876268
1008,62423,7.815774e-09
1009,99900,0.07075189
1010,66071,5.2689193e-05
1011,68684,1.3701346e-05
1012,63647,0.0022984236
1013,102818,0.0031657713
1014,77240,0.005287984
1015,12171,0.011097109
1016,11744,6.062924e-06
1017,65812,0.0055510015
1018,79056,0.0004219838
1019,66526,0.00037997184
1020,113751,3.738678e-06
1021,56106,8.645479e-06
1022,39448,0.0780492
1023,4372,0.046310052
1024,78001,0.008468298
1025,32123,1.907015e-06
1026,73152,0.03688575
1027,34136,0.09962154
1028,61539,0.005275688
1029,36696,0.04539426
1030,45526,0.026142929
1031,56,0.031894423
1032,20686,0.00014776194
1033,21765,0.005888243
1034,99170,0.05671502
1035,64623,0.0022984236
1036,109437,0.10451877
1037,79064,0.0972324
1038,100984,5.516825e-07
1039,28997,0.021679174
1040,101693,0.02277482
1041,104025,0.054022547
1042,17388,0.030405952
1043,100747,0.03819129
1044,110907,3.4180433e-05
1045,80508,0.058013294
1046,14628,0.0005420165
1047,44227,3.1764208e-07
1048,16513,0.03876283
1049,51743,1.9697277e-06
1050,64927,0.024618136
1051,102125,1.16532265e-05
1052,98729,3.1970834e-05
1053,32824,0.00030977535
1054,67448,0.010650898
1055,41982,0.00010823569
1056,104531,3.7273232e-05
1057,84893,3.919222e-06
1058,27235,5.1236566e-09
1059,63674,1.0922497e-05
1060,101362,3.3789624e-06
1061,72224,0.05315191
1062,89172,0.08738392
1063,64679,2.2552789e-09
1064,106421,0.057532605
1065,38230,1.1969115e-08
1066,99629,0.026233414
1067,90571,2.5286812e-05
1068,92202,0.045339257
1069,98812,5.5396335e-06
1070,2886,0.00014890904
1071,4475,3.706831e-05
1072,72438,0.026135925
1073,46830,0.013495838
1074,11309,2.0422965e-05
1075,60096,0.012102011
1076,76773,2.606285e-05
1077,47830,0.00014623426
1078,107459,0.04534585
1079,111236,3.8779817e-05
1080,102154,0.09320422
1081,65859,1.1014862e-08
1082,20280,0.013776537
1083,93545,0.08738392
1084,113800,6.793933e-05
1085,40355,1.0012175e-05
1086,78950,0.0962711
1087,79619,0.09960683
1088,47530,0.023781514
1089,81065,0.00010874821
1090,94171,0.116239734
1091,31247,0.021679174
1092,55209,1.1970026e-06
1093,19954,7.788863e-05
1094,19819,0.02000054
1095,87990,0.02718262
1096,30269,0.049283862
1097,41171,1.1140749e-08
1098,71168,0.1138376
1099,9658,0.00019764356
1100,40734,3.0240642e-07
1101,32263,0.09960151
1102,1616,0.0007158062
1103,42637,0.16894756
1104,74937,0.11519595
1105,27883,0.00055105606
1106,55033,0.03767647
1107,85715,0.012030361
1108,85586,0.021830883
1109,60693,0.05803009
1110,22213,6.6751905e-05
1111,11864,0.05673552
1112,53100,0.026181428
1113,73228,0.011088824
1114,1925,0.049451713
1115,21479,1.4733318e-05
1116,22312,6.709973e-05
1117,4507,0.038565386
1118,43922,1.5679498e-05
1119,95504,0.005937719
1120,42621,6.709973e-05
1121,72500,0.04539426
1122,107281,0.0022936142
1123,28987,0.0073035657
1124,101461,1.5796692e-06
1125,113804,3.715491e-05
1126,7724,0.08731945
1127,47947,0.04539426
1128,76811,2.3433003e-08
1129,45423,2.6148966e-06
1130,45359,6.0523427e-05
1131,28778,0.030088766
1132,60952,0.011097109
1133,101849,0.029797807
1134,16514,0.02616657
1135,98234,0.015518153
1136,71740,0.099057175
1137,59947,5.3086518e-05
1138,27786,0.06064718
1139,13035,0.14169523
1140,114671,0.011653215
1141,9837,0.00012404508
1142,28881,0.24963516
1143,58143,0.012030361
1144,34,0.0029732424
1145,107355,0.02613434
1146,31607,1.155465e-05
1147,57851,1.8314646e-05
1148,15377,0.12116748
1149,114384,0.1334189
1150,49200,0.07225981
1151,54311,2.056974e-05
1152,43165,0.026142929
1153,108889,2.2356405e-06
1154,3483,0.19400503
1155,81811,1.1649871e-05
1156,83437,1.1612158e-05
1157,85147,0.08862705
1158,44221,1.6933677e-09
1159,17742,0.00013754336
1160,95774,0.026963117
1161,105010,0.057532605
1162,61835,0.021679174
1163,64746,0.00034236116
1164,100840,0.053443428
1165,9885,0.17204814
1166,6167,0.05673552
1167,57636,7.3429746e-06
1168,28662,0.024926446
1169,40488,0.017302139
1170,74414,5.808014e-05
1171,4376,0.00031413863
1172,15554,1.0153852e-06
1173,73550,0.023820162
1174,69666,5.936648e-07
1175,115701,0.00016239026
1176,59627,0.005937719
1177,106212,6.793933e-05
1178,32771,1.650422e-05
1179,69075,0.0605479
1180,59036,0.00011448065
1181,29176,0.026181428
1182,113306,0.0022715793
1183,107175,0.05671502
1184,101901,0.062256794
1185,59467,0.023820162
1186,38473,0.026142929
1187,10377,5.4851178e-05
1188,106110,0.023801154
1189,41331,0.023781514
1190,87936,8.002082e-07
1191,60400,0.006100282
1192,78124,0.0059590633
1193,33217,0.023820162
1194,12427,0.0017325067
1195,70075,1.8453764e-05
1196,63249,0.02616657
1197,108599,0.00029836153
1198,75415,9.929599e-05
1199,101168,0.005937719
1200,32392,0.0463383
1201,19637,5.6913404e-06
1202,102708,8.75559e-07
1203,114611,1.2463982e-05
1204,85287,5.5396335e-06
1205,45764,3.057559e-05
1206,181,0.0034185948
1207,78327,0.036885604
1208,80244,0.09024858
1209,78021,0.023820162
1210,32878,0.28740895
1211,20175,0.03758484
1212,48863,0.026963117
1213,111485,0.12041605
1214,108217,0.00586795
1215,107648,0.049283862
1216,97857,0.010650898
1217,11504,0.0008036229
1218,90089,0.11065459
1219,39604,0.026142929
1220,84807,0.058013294
1221,106625,0.057988025
1222,6456,7.962706e-05
1223,22968,3.9752986e-06
1224,92475,2.1753321e-08
1225,93927,0.049790468
1226,27566,0.029797807
1227,78996,0.005531024
1228,32560,0.021679174
1229,49832,0.011160305
1230,62046,1.2231878e-05
1231,109154,0.02613434
1232,86551,0.021065777
1233,16617,0.08862705
1234,21015,0.00010142371
1235,89597,0.02688286
1236,11084,4.9152102e-05
1237,40579,0.00040226485
1238,74513,2.9005747e-05
1239,17247,2.245168e-05
1240,32201,0.023820162
1241,6719,0.014447276
1242,7939,0.10402867
1243,55465,8.899734e-12
1244,98033,0.0072950013
1245,71987,0.010391957
1246,59034,0.0023059489
1247,54016,0.026181428
1248,40253,0.052821454
1249,61684,0.004544401
1250,38881,0.021473657
1251,99388,0.02277482
1252,74963,7.411051e-05
1253,114861,1.126286e-05
1254,32967,2.5542718e-06
1255,51427,5.026998e-05
1256,40277,0.030108871
1257,71827,0.029797807
1258,90220,0.014679654
1259,8951,7.644336e-06
1260,60385,0.09422598
1261,62776,0.023785751
1262,53996,0.054022547
1263,32446,4.4578206e-05
1264,31365,0.0059590633
1265,2476,0.0013668278
1266,66190,0.0022978769
1267,65475,8.804121e-07
1268,284,0.08864416
1269,103193,1.4248958e-05
1270,96326,0.02302324
1271,35520,0.022681452
1272,60476,0.012102011
1273,104790,0.02613434
1274,38251,1.0614676e-07
1275,7164,2.9346308e-08
1276,112414,0.08734493
1277,25207,0.008821843
1278,102156,0.037660237
1279,57237,0.020676242
1280,59244,0.047045927
1281,53411,5.860953e-08
1282,18093,1.142055e-06
1283,16971,0.10823642
1284,46013,3.414916e-08
1285,40727,0.017302139
1286,29424,0.09320422
1287,36140,0.034085516
1288,66114,0.000112460366
1289,114970,3.6244546e-05
1290,89907,0.007911737
1291,58803,0.001066483
1292,110153,0.083810955
1293,105739,0.0013204557
1294,95655,0.07408704
1295,8167,7.363353e-05
1296,92330,0.004544401
1297,111895,0.057988025
1298,92323,0.021672681
1299,6045,0.00014079352
1300,78568,0.026181428
1301,75350,0.04432362
1302,24386,2.0521484e-05
1303,42967,6.2180814e-05
1304,94790,0.04929791
1305,3391,0.018492706
1306,96097,0.02613434
1307,48473,0.14994112
1308,3832,0.0571985
1309,97505,0.037340056
1310,26460,0.011160305
1311,65091,0.0055510015
1312,69346,6.1341177e-07
1313,97281,0.08737103
1314,72344,0.011679627
1315,9382,0.0075750686
1316,65977,2.1162432e-05
1317,26854,3.1742315e-05
1318,10622,0.0005085015
1319,23393,2.2446095e-05
1320,6607,0.03274922
1321,22903,1.6427496e-09
1322,96644,0.010650898
1323,35836,5.961242e-06
1324,98743,0.02613434
1325,91116,2.3673927e-05
1326,94529,0.09020935
1327,114616,2.5023104e-07
1328,98303,1.528123e-05
1329,72496,7.816954e-08
1330,18843,0.000109296394
1331,43354,0.010509218
1332,90002,0.004465827
1333,58219,0.002712891
1334,74614,0.080085464
1335,15354,0.01731793
1336,103943,0.11376301
1337,88119,1.3284922e-05
1338,52250,0.60890335
1339,33355,0.17118831
1340,42025,0.0009026879
1341,92576,0.08124007
1342,31699,0.023820162
1343,57444,9.69502e-07
1344,37040,0.05803009
1345,85224,0.02377865
1346,12778,3.0670666e-08
1347,72732,0.005287984
1348,32704,0.01936364
1349,41160,0.021679174
1350,83491,5.7299934e-05
1351,100278,0.02613434
1352,82218,0.014005615
1353,109638,0.038046364
1354,38079,0.023781514
1355,94249,0.08738392
1356,49308,1.0891739e-05
1357,70011,2.010342e-08
1358,30364,0.0016116735
1359,12784,3.2656776e-06
1360,65998,1.5484922e-05
1361,58695,0.010418018
1362,40463,0.03179176
1363,12606,6.3151047e-06
1364,56419,3.7323098e-05
1365,12869,0.0005137148
1366,1087,0.0002490349
1367,104251,0.029797807
1368,26286,0.02252195
1369,113612,0.055771064
1370,101828,3.9939646e-06
1371,28409,5.2956875e-05
1372,99684,0.008392127
1373,77835,0.0070891813
1374,49570,0.023671066
1375,98088,0.031024927
1376,65384,1.1228029e-06
1377,59876,0.056715835
1378,58832,0.013776537
1379,108940,0.08121795
1380,1066,0.00011685571
1381,121,1.4486488e-07
1382,97401,0.08131125
1383,88148,0.016778968
1384,39420,2.9652701e-06
1385,30010,0.026181428
1386,100467,0.00079691905
1387,13659,0.023812074
1388,33096,0.020493431
1389,113716,0.03683928
1390,59006,0.0020872313
1391,18719,0.00028276801
1392,96988,0.021065777
1393,24228,0.054988895
1394,101059,8.171184e-06
1395,53500,0.026181428
1396,107285,0.0052626817
1397,39675,1.0891739e-05
1398,17491,0.02616657
1399,68433,0.010650898
1400,65906,0.005275688
1401,84677,1.5734537e-09
1402,72191,0.00010561663
1403,85111,0.1203976
1404,39501,0.005888243
1405,56841,0.0069630705
1406,22280,0.0002921687
1407,4566,0.05673552
1408,58637,0.042505115
1409,34847,0.0071927696
1410,35298,0.1712346
1411,33590,0.013444341
1412,48731,3.6384968e-06
1413,77005,0.03305783
1414,17692,0.08862705
1415,66240,0.005523811
1416,101117,3.065863e-11
1417,98959,2.700036e-07
1418,10225,0.00027688793
1419,106890,2.8621964e-05
1420,71355,0.011679627
1421,22768,4.9924394e-09
1422,79593,0.0136639085
1423,109335,0.006397683
1424,115302,8.8586467e-07
1425,80722,0.012197276
1426,39029,0.0006767552
1427,40672,9.930569e-08
1428,60254,1.5505197e-05
1429,71424,0.002712891
1430,89849,0.0012308799
1431,80933,0.045353234
1432,58150,0.0410023
1433,20808,7.459193e-05
1434,68166,8.160313e-06
1435,75995,1.8718446e-06
1436,114856,0.026181428
1437,86892,0.026135925
1438,10028,7.699259e-06
1439,3137,0.040336855
1440,47892,0.006100282
1441,76113,3.003851e-06
1442,112597,0.00031804838
1443,44291,1.0891739e-05
1444,34448,0.10823642
1445,75208,0.005556081
1446,8590,2.680734e-06
1447,78234,0.000729738
1448,32396,0.020493431
1449,8156,2.8123146e-05
1450,43528,1.7978615e-05
1451,19802,0.00017584766
1452,3057,0.03371559
1453,56703,0.026181428
1454,8569,0.014447276
1455,55656,1.034549e-05
1456,40236,7.243129e-05
1457,59297,0.006397683
1458,13578,0.000858525
1459,56020,0.020780627
1460,11127,4.0839666e-05
1461,86320,3.335586e-06
1462,17966,3.221159e-05
1463,51337,0.0008744656
1464,4313,0.0007329125
1465,45021,0.056719538
1466,83472,9.071983e-06
1467,40048,5.049623e-05
1468,97214,3.259424e-06
1469,7243,5.131869e-05
1470,51745,0.017561007
1471,101904,3.259424e-06
1472,56297,0.08738392
1473,115947,9.672647e-06
1474,46011,1.0618665e-07
1475,20786,2.9707019e-06
1476,112547,0.08734493
1477,52872,0.008498998
1478,19187,1.4733318e-05
1479,74605,0.0013895775
1480,33960,0.011160305
1481,40566,0.20613877
1482,59117,0.026181428
1483,102697,0.0019054562
1484,83607,0.0017458501
1485,106644,0.00019857158
1486,66001,4.888051e-08
1487,28655,3.4565808e-08
1488,61723,5.286686e-05
1489,14741,3.1529005e-08
1490,88008,0.04929791
1491,31747,0.0011760741
1492,10436,0.053160775
1493,7713,0.00025593102
1494,74178,2.3674378e-05
1495,27381,1.3801722e-05
1496,108552,0.04388384
1497,103653,0.057532605
1498,39144,0.0064678607
1499,22773,0.00013079261
1500,98322,1.0924758e-05
1501,90041,0.09960683
1502,93887,0.021672681
1503,2202,5.342928e-06
1504,15219,0.01731793
1505,83899,0.0004910647
1506,5286,0.00019693963
1507,58351,0.049336616
1508,39048,2.1675165e-05
1509,48696,2.62419e-06
1510,13551,0.017561007
1511,112522,0.00024567335
1512,35156,3.7593007e-05
1513,37757,2.3955037e-05
1514,82016,4.4995304e-06
1515,101816,5.9980688e-05
1516,1792,1.15419944e-07
1517,38658,0.00013567632
1518,21607,7.0064034e-06
1519,11888,0.01426885
1520,6071,0.03274922
1521,35184,0.029797807
1522,99532,5.791466e-05
1523,4516,0.00041802687
1524,6642,0.0032715332
1525,70177,0.085608646
1526,14696,0.00022796504
1527,44332,1.0980403e-07
1528,107112,0.0022936142
1529,75930,0.005273149
1530,48545,0.013776537
1531,31819,1.0603977e-06
1532,86502,2.944327e-14
1533,14908,4.3110476e-06
1534,10325,0.0014187165
1535,59655,0.12041605
1536,42023,1.7758066e-05
1537,32604,0.0008105163
1538,112319,0.013426612
1539,109855,0.0001759508
1540,98150,1.3947533e-05
1541,22546,0.00056009786
1542,13856,0.04539426
1543,33693,0.018280406
1544,34576,0.0065763663
1545,52813,0.010650898
1546,33012,0.049283862
1547,113354,0.004544401
1548,22836,1.728114e-09
1549,5207,0.11202961
1550,65748,0.0022978769
1551,74478,0.04768534
1552,66337,4.9689726e-07
1553,75300,2.6536464e-08
1554,41751,8.362242e-05
1555,96248,0.08738392
1556,3884,0.00051189744
1557,70218,0.09320422
1558,85675,0.049336616
1559,32676,4.213388e-06
1560,2794,0.003185506
1561,90622,2.606285e-05
1562,109306,0.08733429
1563,105296,0.01333251
1564,52648,0.24963516
1565,71675,0.04393397
1566,113497,0.05535355
1567,8609,0.00052971015
1568,75044,5.328599e-06
1569,13204,2.6229866e-06
1570,94399,0.010108164
1571,56692,2.0521484e-05
1572,4792,0.00043523
1573,69771,3.3982822e-05
1574,31656,0.0038327167
1575,21348,0.011437419
1576,32642,3.0009656e-07
1577,12222,1.9985699e-05
1578,18462,0.005531024
1579,29050,0.00011448065
1580,45895,0.026142929
1581,90338,0.08738392
1582,88369,0.004544401
1583,94707,0.04015364
1584,44256,0.026142929
1585,12767,1.4072242e-05
1586,56439,0.07412055
1587,26262,0.0065763663
1588,56607,0.09024858
1589,5056,0.00019097644
1590,82953,0.0052220076
1591,34347,0.0059187314
1592,52605,0.021710591
1593,6278,0.03274922
1594,35241,0.00033418045
1595,33491,1.4807255e-05
1596,7112,0.00033094274
1597,63497,0.010395636
1598,108973,5.533899e-06
1599,69734,0.026963117
1600,56574,2.9256944e-08
1601,112694,1.3046596e-05
1602,93525,2.145734e-06
1603,56150,0.011097109
1604,113125,0.08734493
1605,14821,0.0011302426
1606,38923,4.4818917e-05
1607,10890,0.00032520725
1608,84019,0.029797807
1609,91238,0.062256794
1610,527,8.751376e-05
1611,66535,0.0022978769
1612,41987,0.020493431
1613,32323,0.080349706
1614,74485,0.014005615
1615,72705,0.023820162
1616,14688,0.07932703
1617,107206,3.3891638e-06
1618,103148,0.022664648
1619,62411,0.004921691
1620,32140,2.8918552e-05
1621,98279,2.4134903e-05
1622,69204,0.0010069798
1623,98340,0.0055149985
1624,93528,0.08859832
1625,39847,0.007228102
1626,79321,0.020654418
1627,33714,0.03767647
1628,8185,0.028723901
1629,33287,1.5630798e-05
1630,71824,3.6733058e-05
1631,110247,8.243514e-06
1632,12700,3.9806782e-06
1633,70960,0.08785204
1634,39957,1.4884713e-05
1635,64404,0.00034236116
1636,29548,0.009243622
1637,67866,0.004544401
1638,8942,6.298041e-11
1639,8793,0.031894423
1640,1984,0.0002723132
1641,54083,6.953245e-05
1642,12403,0.026173297
1643,89358,0.085608646
1644,26051,1.9679514e-05
1645,113947,1.1472344e-05
1646,19534,0.0006510671
1647,8431,0.0004999726
1648,80430,0.004544401
1649,82380,0.008552324
1650,85256,0.002712891
1651,33280,0.1162526
1652,82210,9.0446165e-06
1653,28072,0.00043555725
1654,102469,0.10034625
1655,107699,0.051524322
1656,57321,0.0071927696
1657,22349,0.04061991
1658,60153,0.08738392
1659,5061,0.0003020548
1660,23387,0.023781514
1661,5517,0.14161082
1662,65283,8.067851e-06
1663,16901,0.0001280077
1664,87962,0.020485038
1665,9833,0.00010636931
1666,14035,6.560156e-05
1667,84040,0.005770808
1668,42855,0.013447453
1669,81674,0.047045927
1670,18309,5.2658106e-06
1671,29220,0.056739822
1672,7715,0.00063971494
1673,5539,0.027475785
1674,37552,1.650422e-05
1675,52302,0.023820162
1676,68568,0.026135925
1677,38397,0.0015422205
1678,66331,3.6186545e-06
1679,70190,0.005556081
1680,97451,0.036695685
1681,83103,0.0022967674
1682,36755,0.026142929
1683,107500,0.08734493
1684,41703,0.00599666
1685,10429,1.4339471e-07
1686,104603,0.005501763
1687,4449,0.10402867
1688,12725,0.000858525
1689,57834,1.9763773e-05
1690,58780,3.029146e-05
1691,2133,0.056739822
1692,114796,1.942385e-05
1693,26855,0.005888243
1694,21580,0.00023833894
1695,69987,0.0605479
1696,27241,4.101088e-05
1697,32805,0.09320422
1698,12942,0.013141155
1699,94222,0.02613434
1700,53274,9.629928e-05
1701,58909,5.5396335e-06
1702,91989,0.08124007
1703,78903,0.0053558815
1704,63817,1.0922497e-05
1705,87824,0.002712891
1706,66221,7.772466e-05
1707,7958,0.0018887997
1708,16800,0.018976327
1709,11136,7.086261e-06
1710,79486,0.021672681
1711,21459,0.00012395285
1712,355,0.012290965
1713,63777,0.028615188
1714,38675,0.0005395851
1715,91824,0.026135925
1716,70740,0.05315191
1717,2020,0.0007922473
1718,13667,0.013776537
1719,72653,0.013495838
1720,106911,0.010574395
1721,87485,0.08859832
1722,40724,0.021679174
1723,52991,0.011097109
1724,27590,1.1392964e-08
1725,16494,3.4430574e-05
1726,111847,1.6449788e-07
1727,76855,0.026135925
1728,85458,0.09962154
1729,115911,0.08734493
1730,54354,0.09320422
1731,36635,0.099611595
1732,43654,3.715973e-05
1733,45006,0.021830883
1734,43523,3.8143913e-08
1735,58853,0.09422598
1736,30509,0.00023568506
1737,14466,7.817908e-07
1738,107166,8.769883e-08
1739,44103,0.00020163071
1740,98741,0.0012544069
1741,102953,7.0495065e-05
1742,78272,0.10823642
1743,103495,4.951965e-08
1744,35789,0.026181428
1745,96531,0.021672681
1746,113386,0.0022715793
1747,69839,0.08862705
1748,101149,0.0022984236
1749,35988,0.0059187314
1750,99748,0.002615874
1751,64633,0.021190042
1752,86532,0.000152494
1753,64094,0.0059092115
1754,114755,0.008352646
1755,7168,0.027475785
1756,90819,0.008491745
1757,45718,0.05315191
1758,20429,0.02252195
1759,34947,0.026181428
1760,14928,6.2938807e-06
1761,10891,0.0036980743
1762,105920,0.01948916
1763,68527,2.6461869e-06
1764,95399,0.0218086
1765,4292,0.60890335
1766,73850,0.09637736
1767,80860,0.24963516
1768,70131,3.9626793e-06
1769,15511,4.597044e-06
1770,33010,0.026181428
1771,45403,0.023781514
1772,46449,0.00017000624
1773,33663,0.045339257
1774,113527,8.05662e-08
1775,13964,0.0009879166
1776,52993,0.04539426
1777,46923,0.0047173123
1778,23507,0.0031419564
1779,86992,0.002712891
1780,96366,6.119696e-06
1781,17387,1.7542363e-06
1782,90873,0.038751595
1783,105686,0.006100282
1784,58073,0.011097109
1785,81778,0.002712891
1786,6472,0.049447946
1787,102875,0.02377865
1788,53876,0.050441414
1789,36387,2.2248878e-05
1790,25810,0.042505115
1791,44996,0.0027909968
1792,80050,4.7601025e-06
1793,560,0.09960311
1794,102463,0.012030361
1795,48204,0.13971053
1796,79421,1.0010637e-06
1797,25339,0.0006063415
1798,54848,0.05315191
1799,23317,0.10504658
1800,74234,1.5734537e-09
1801,113327,0.09313801
1802,42063,5.6459743e-05
1803,88450,0.0053558815
1804,75418,0.005093614
1805,100510,0.037660237
1806,103342,6.017429e-06
1807,79440,2.5838262e-06
1808,112749,0.07991798
1809,70701,2.8873296e-06
1810,82386,0.04250689
1811,28908,2.62419e-06
1812,11501,8.145685e-05
1813,36576,0.03110439
1814,38710,0.049336616
1815,104125,0.07408704
1816,62095,0.001056556
1817,53574,0.0073035657
1818,90966,0.006100282
1819,71970,0.04393397
1820,24668,2.4101018e-08
1821,75564,0.036831904
1822,5627,5.3810327e-05
1823,81830,3.313425e-05
1824,53804,1.4482969e-06
1825,18676,0.008567467
1826,107019,0.0018036711
1827,24132,5.2482133e-06
1828,112275,0.010716427
1829,107299,0.02613434
1830,68457,0.00033816104
1831,16066,7.792058e-06
1832,70353,2.6174441e-06
1833,16532,0.0015090673
1834,82071,0.25844657
1835,72110,2.6174441e-06
1836,90378,0.11379456
1837,43970,0.021679174
1838,100267,9.33914e-05
1839,83474,0.015777888
1840,69741,0.002712891
1841,21047,1.0893638e-06
1842,29173,5.3349005e-08
1843,23608,0.006723107
1844,13079,8.2888444e-05
1845,98290,2.467212e-06
1846,103442,0.0002545478
1847,41176,0.001011695
1848,38716,2.291083e-05
1849,74958,5.9647005e-05
1850,96913,0.14925276
1851,99496,9.6901626e-05
1852,29143,0.080349706
1853,57810,0.010650898
1854,46041,0.07932703
1855,14392,0.049336616
1856,71139,0.13971053
1857,72092,0.1138376
1858,31331,1.1510014e-08
1859,56763,0.04393397
1860,64044,6.468183e-05
1861,43101,0.007228102
1862,60420,0.00018928468
1863,43678,2.7652757e-07
1864,62924,1.3000841e-05
1865,36371,0.049336616
1866,18949,0.008375411
1867,111922,0.004544401
1868,3596,0.00041944152
1869,11714,0.0746777
1870,49380,1.22373385e-05
1871,112519,0.017413767
1872,72064,0.05803009
1873,29973,1.3915475e-05
1874,38252,0.60890335
1875,103931,4.369267e-09
1876,45509,0.15706748
1877,48802,0.026181428
1878,16175,4.0620016e-08
1879,83451,0.0001329102
1880,53553,0.035874978
1881,51019,1.4471646e-05
1882,68472,1.5317997e-05
1883,91793,0.055773284
1884,41660,0.029797807
1885,4368,0.031894423
1886,20448,0.04061991
1887,24473,1.4276379e-05
1888,93090,2.0782913e-05
1889,42878,0.011181294
1890,37313,5.4563875e-06
1891,98800,0.009689379
1892,53218,0.050441414
1893,4511,0.00024125233
1894,110041,0.011088824
1895,77048,0.026181428
1896,94858,2.686899e-08
1897,24203,0.056719538
1898,71044,0.02377865
1899,80359,3.0140498e-05
1900,51850,0.04120682
1901,37119,8.046394e-05
1902,32712,0.056739822
1903,53139,0.07840325
1904,74775,4.015811e-06
1905,36828,0.026963117
1906,69251,0.012030361
1907,110236,0.007951576
1908,59680,1.868315e-05
1909,51903,0.023820162
1910,57658,0.01665498
1911,25120,1.0450913e-10
1912,26900,0.001662367
1913,87396,0.253262
1914,19255,1.7448812e-05
1915,42336,1.962668e-05
1916,38050,0.017274432
1917,1081,2.0479585e-05
1918,46451,0.026142929
1919,113329,1.3102606e-05
1920,50348,0.00024150505
1921,50075,0.07840325
1922,67370,0.016053766
1923,47568,0.00011221356
1924,22477,3.702461e-05
1925,39525,9.551583e-06
1926,111884,0.02277482
1927,68605,0.004544401
1928,77109,0.09384052
1929,104009,0.037322868
1930,63890,0.29680595
1931,36011,0.00048091618
1932,86858,0.0067062485
1933,57494,0.0011695726
1934,43799,5.595254e-10
1935,19721,0.0023313486
1936,84654,0.002712891
1937,70290,0.020493431
1938,107557,0.010574395
1939,85934,0.020436222
1940,2561,0.049451713
1941,80215,8.918527e-06
1942,2374,4.781885e-05
1943,13007,0.2137466
1944,59644,0.004544401
1945,27988,1.4859057e-05
1946,41193,0.0016816908
1947,42188,0.07840325
1948,79473,0.026577916
1949,115486,2.8844536e-08
1950,16313,5.659811e-07
1951,86285,0.09822407
1952,80602,1.4285586e-06
1953,88642,5.5396335e-06
1954,18454,0.004531365
1955,64272,0.0022456036
1956,103269,0.049283862
1957,17261,7.696337e-06
1958,81505,0.00022375555
1959,110465,3.8284916e-06
1960,24794,0.00042715677
1961,16393,0.00014747394
1962,13454,6.156154e-05
1963,5730,0.08548715
1964,63782,6.03467e-07
1965,48940,0.10823642
1966,56551,0.1138376
1967,31188,0.09960151
1968,95600,0.03178816
1969,100178,0.078394376
1970,85187,0.00014565937
1971,75273,0.002712891
1972,78051,1.7515016e-06
1973,13439,0.0001385349
1974,8586,0.053160775
1975,56341,0.010418018
1976,18102,0.1278291
1977,50284,0.00022463259
1978,42809,0.09320422
1979,111555,0.021672681
1980,21996,1.910534e-07
1981,82115,0.0053558815
1982,57363,0.07412055
1983,83009,0.0058729476
1984,42252,7.967217e-05
1985,97422,0.11376301
1986,6259,0.00031508374
1987,76777,0.00015926444
1988,54386,1.4174037e-05
1989,31880,1.3540799e-10
1990,44853,1.4276379e-05
1991,99025,0.047539495
1992,52071,0.03767647
1993,157,0.035300143
1994,60004,0.04662725
1995,45976,2.6184828e-06
1996,47080,0.0065763663
1997,16757,6.3482313e-09
1998,31179,0.026181428
1999,45745,3.715973e-05
2000,66155,0.16923323
2001,109292,0.002290271
2002,302,3.363594e-06
2003,96501,0.0058459714
2004,81103,0.014005615
2005,48345,0.071108036
2006,96653,0.08738392
2007,61494,0.09024858
2008,75222,0.0053558815
2009,78280,4.5794506e-05
2010,23672,7.463957e-08
2011,41067,0.0018982684
2012,54155,0.026181428
2013,12892,0.011097109
2014,109945,0.08856894
2015,25108,0.023781514
2016,63053,0.08738392
2017,7659,0.033713084
2018,99917,1.612981e-05
2019,89490,0.010650898
2020,98975,0.0042111026
2021,56850,0.012102011
2022,33198,0.020493431
2023,94326,0.0067060706
2024,62604,1.8971099e-05
2025,44687,0.010509218
2026,26247,0.07225981
2027,24596,0.00971298
2028,22471,0.0023313486
2029,109546,0.021672681
2030,86555,6.776812e-05
2031,114176,0.005226399
2032,93601,0.04393397
2033,46224,0.00013567632
2034,24626,0.029797807
2035,54807,0.056739822
2036,11987,0.053436365
2037,49808,0.079933606
2038,89284,0.01423524
2039,72669,0.026135925
2040,72532,0.008248376
2041,62652,0.029797807
2042,57371,2.1184037e-07
2043,71497,0.08738392
2044,85389,0.11332811
2045,23681,0.04090679
2046,115368,0.002712891
2047,86800,8.5086566e-07
2048,65479,5.1371927e-08
2049,80989,4.0793388e-05
2050,71459,0.004544401
2051,1012,0.00023568707
2052,93177,0.11376301
2053,5660,0.04140525
2054,88966,0.0053558815
2055,61819,0.021679174
2056,113078,0.09960151
2057,8250,1.7056047e-05
2058,50744,0.020493431
2059,65438,3.5147323e-08
2060,77728,0.026963117
2061,72949,0.04393397
2062,105733,0.029797807
2063,98874,0.09020935
2064,42888,0.049310457
2065,5058,7.613594e-05
2066,46238,0.00022294141
2067,76112,2.9644092e-05
2068,79422,0.080304414
2069,58364,1.0205986e-05
2070,103132,0.057988025
2071,30453,0.026181428
2072,24839,0.00016468014
2073,106520,0.04703711
2074,17376,0.00023267641
2075,103529,0.00080920244
2076,57527,0.0069630705
2077,7789,0.09960311
2078,4470,0.040336393
2079,100541,0.04929791
2080,74073,0.0059590633
2081,78194,0.0064350194
2082,95070,0.020543015
2083,31883,0.08862705
2084,73918,0.022603992
2085,88812,0.0022984236
2086,88058,0.026135925
2087,79973,0.09962154
2088,15050,0.0007272841
2089,87898,0.013999118
2090,53266,5.3086518e-05
2091,105488,1.7892929e-13
2092,33053,3.4718983e-06
2093,62380,0.1487859
2094,103824,9.9232944e-05
2095,69182,0.056715835
2096,69850,0.027331699
2097,19832,5.961242e-06
2098,10170,0.08731945
2099,1867,0.000200273
2100,62655,1.47998435e-05
2101,88004,0.1138376
2102,70672,4.3900105e-08
2103,59656,0.03767647
2104,4022,0.00015900406
2105,87877,0.08738392
2106,27386,2.6004457e-06
2107,8091,0.00066855195
2108,1443,0.026173297
2109,58006,0.00064734084
2110,49371,1.9697277e-06
2111,76643,0.026135925
2112,49817,0.049336616
2113,108537,1.3077453e-08
2114,64336,0.0022984236
2115,31511,0.029625993
2116,11783,7.091045e-05
2117,6984,2.4470843e-05
2118,33397,6.311528e-06
2119,97416,0.11376301
2120,112949,0.002712891
2121,33271,0.010499098
2122,43688,0.0031419564
2123,16905,0.00029904244
2124,73308,5.976202e-05
2125,34695,4.209885e-05
2126,11672,0.00857506
2127,30066,0.05803009
2128,20886,0.00599666
2129,57423,0.03767647
2130,66527,2.0494351e-06
2131,97271,0.09313801
2132,11563,0.0007061885
2133,95709,0.0053558815
2134,930,0.00054889265
2135,80442,0.0031419564
2136,30413,0.00032918
2137,18223,0.00064847554
2138,4234,5.0262213e-05
2139,58383,1.1620656e-05
2140,66593,0.0003367346
2141,22741,6.905786e-05
2142,112243,0.09822407
2143,111177,0.060495976
2144,33624,0.049283862
2145,103358,5.533899e-06
2146,48701,1.0554173e-05
2147,81221,0.09962154
2148,1882,0.31882104
2149,95330,4.219822e-06
2150,36832,0.04393397
2151,48370,8.637057e-05
2152,16422,3.221159e-05
2153,36970,0.020780627
2154,26670,0.056719538
2155,62453,0.02616657
2156,27696,1.558876e-05
2157,59190,0.020780627
2158,96994,0.0055271364
2159,75150,0.05730268
2160,52818,2.62419e-06
2161,95540,0.04929791
2162,62769,0.025378134
2163,9868,5.336146e-05
2164,76152,0.09320422
2165,75112,0.005273149
2166,67588,0.00012783521
2167,30815,0.0010346442
2168,42923,0.023781514
2169,71706,0.026135925
2170,8009,0.004592924
2171,36870,0.080362685
2172,98351,0.0053558815
2173,38693,0.037661344
2174,81602,0.045353234
2175,16265,0.016967628
2176,38570,4.2286072e-05
2177,77756,0.0962711
2178,75096,2.3673927e-05
2179,338,8.145685e-05
2180,108308,1.9599564e-07
2181,112029,0.002712891
2182,52982,0.045339257
2183,34188,0.0021636249
2184,27565,1.4859057e-05
2185,110748,0.055771064
2186,1405,3.702461e-05
2187,2349,0.013682989
2188,82866,1.4319636e-08
2189,18444,7.2924195e-05
2190,63707,7.773912e-05
2191,97657,6.470047e-08
2192,92621,0.004544401
2193,58380,7.702792e-06
2194,58270,0.11332811
2195,84842,5.0455947e-06
2196,12365,9.091072e-06
2197,11124,0.00047138418
2198,29343,0.00066864147
2199,112106,0.00018536496
2200,104130,7.70285e-06
2201,58259,0.00041896058
2202,24219,0.17688967
2203,7689,2.4977015e-07
2204,12530,0.000658319
2205,13532,7.091045e-05
2206,84528,0.026135925
2207,5803,0.059661612
2208,109419,0.006397683
2209,109649,1.3199552e-06
2210,28634,0.0137391025
2211,53288,0.026181428
2212,12263,0.026173297
2213,86509,0.01211703
2214,23760,5.3996562e-05
2215,99052,0.0012034591
2216,19147,0.0023634085
2217,95004,0.059746925
2218,97053,0.029797807
2219,40793,0.0541979
2220,53059,0.0023520163
2221,98564,0.0022984236
2222,89700,0.057988025
2223,104846,0.006100282
2224,10623,0.03274922
2225,75728,4.7332674e-07
2226,54508,0.00038369306
2227,57346,1.5563612e-06
2228,29279,2.0441616e-05
2229,15797,0.00028288047
2230,39118,0.021473657
2231,81518,0.0045525855
2232,65496,0.005275688
2233,20854,0.00599666
2234,89525,0.07626605
2235,102812,0.09422034
2236,89115,0.029797807
2237,13558,0.00010164379
2238,30471,0.09320422
2239,19881,1.9697277e-06
2240,107607,0.0059341174
2241,87400,0.049336616
2242,85549,0.0053558815
2243,113757,0.00012832558
2244,18115,0.05803009
2245,32618,1.6669109e-09
2246,35257,1.7978615e-05
2247,7222,0.0006695323
2248,63868,0.011956359
2249,76847,0.00065322913
2250,98309,5.4173724e-05
2251,34796,0.027152626
2252,24285,0.021679174
2253,62115,0.048915535
2254,57267,0.0032685786
2255,68902,0.0001396157
2256,29634,0.049283862
2257,9648,6.0622997e-06
2258,30411,9.194793e-05
2259,14944,3.880305e-05
2260,67951,0.07010102
2261,47045,0.005978615
2262,62458,0.0031419564
2263,62789,2.3692357e-05
2264,17085,0.13135494
2265,94494,0.0065763663
2266,44828,8.186482e-05
2267,69556,4.9971236e-06
2268,80161,0.038751595
2269,30358,0.00014349516
2270,79804,8.002082e-07
2271,33670,0.021830883
2272,90744,0.18526624
2273,114362,0.0022715793
2274,98168,0.004544401
2275,7523,0.15887776
2276,37423,0.0055799624
2277,108526,0.0014168688
2278,26729,0.021679174
2279,74565,0.0053558815
2280,48846,0.085608646
2281,4425,3.5302878e-06
2282,34282,1.969643e-06
2283,33891,0.09960151
2284,80110,0.053443428
2285,5980,0.033713084
2286,32195,0.0001342841
2287,88598,0.08738392
2288,22443,2.3960121e-08
2289,81236,0.010033586
2290,86908,0.055773284
2291,108086,9.017426e-06
2292,81584,0.023820162
2293,50817,1.2466442e-07
2294,46799,0.023781514
2295,60386,0.026181428
2296,1602,0.09320422
2297,78096,0.02377865
2298,82995,0.0072950013
2299,100473,2.266472e-05
2300,21181,1.3829984e-05
2301,98603,0.02613434
2302,89491,0.00017788586
2303,52682,0.033284225
2304,18714,0.04539426
2305,87119,0.00016779156
2306,38383,3.2844753e-05
2307,29444,1.5630798e-05
2308,104226,0.005874181
2309,62808,0.010898492
2310,97139,0.037340056
2311,8706,1.259947e-05
2312,3631,0.11202961
2313,66798,1.5497997e-05
2314,11710,0.00011667532
2315,75968,0.011160305
2316,69233,0.005556081
2317,22547,1.4202442e-10
2318,19872,0.0047511463
2319,102413,0.02615624
2320,76700,0.0058729476
2321,35667,0.09053307
2322,75641,0.0053558815
2323,30773,9.231596e-05
2324,94740,0.00021008712
2325,11742,0.026173297
2326,72467,0.08238045
2327,106428,0.09053625
2328,80087,6.793933e-05
2329,33563,0.09320422
2330,12407,4.46835e-05
2331,66863,0.0022984236
2332,20710,2.282077e-05
2333,110260,0.002712891
2334,67431,0.002712891
2335,71155,0.002712891
2336,43943,0.08862705
2337,101109,0.00014444334
2338,45442,1.5636991e-18
2339,81646,0.029797807
2340,31037,0.0031419564
2341,26366,0.029797807
2342,74630,3.2445405e-06
2343,106069,0.00019765731
2344,82843,7.1144777e-06
2345,13395,0.021728687
2346,88639,9.148989e-05
2347,3664,0.031894423
2348,1190,0.11523459
2349,67788,0.0064769466
2350,113303,0.0022715793
2351,81958,0.049336616
2352,108177,0.02613434
2353,15532,0.0027909968
2354,109613,0.08121349
2355,7194,0.040336393
2356,74927,2.049916e-06
2357,72263,0.00012562767
2358,7838,3.918308e-05
2359,71486,0.014005615
2360,35028,1.1566424e-05
2361,111132,0.0022861029
2362,67447,0.0962711
2363,87836,0.08738392
2364,48677,6.5088756e-08
2365,56735,0.09024858
2366,43078,7.843434e-06
2367,63305,0.04393397
2368,88183,0.02361921
2369,88984,0.00015119987
2370,35873,5.077265e-08
2371,68185,0.11938822
2372,5937,4.2310367e-06
2373,9821,0.0001886749
2374,96476,0.057988025
2375,109445,0.0083883265
2376,106753,0.04534585
2377,36220,0.07225981
2378,15163,7.608349e-06
2379,12295,0.08979732
2380,111744,0.00024252033
2381,72828,0.009796416
2382,45214,0.021679174
2383,33490,0.60890335
2384,45746,1.9697277e-06
2385,18612,0.00010772601
2386,93732,0.021672681
2387,49298,1.1000951e-06
2388,8785,0.00015261678
2389,47252,0.19348894
2390,88138,0.0779551
2391,21159,0.1759258
2392,2640,0.0026042303
2393,66433,0.000558062
2394,95763,0.08738392
2395,95351,0.072241016
2396,83309,2.6174441e-06
2397,114228,0.007951576
2398,67144,0.026963117
2399,6436,0.0006225289
2400,96872,2.2301444e-06
2401,40342,0.03179176
2402,32978,0.04393397
2403,37763,0.010924481
2404,85559,9.929599e-05
2405,54442,0.03490688
2406,13461,1.799578e-07
2407,101359,0.057988025
2408,66068,0.0022978769
2409,46247,0.005741864
2410,100513,1.2928487e-05
2411,58957,0.023650363
2412,71402,0.04750586
2413,41699,0.062948346
2414,13227,0.00021970458
2415,113766,0.053488497
2416,85595,0.026135925
2417,47175,0.0010730211
2418,60076,1.1230578e-06
2419,11579,0.13732068
2420,114994,0.008460999
2421,33306,0.023820162
2422,26188,0.0023943959
2423,42130,0.007927067
2424,305,0.00013928315
2425,18561,3.489787e-07
2426,16146,1.4344466e-05
2427,94285,1.6764635e-06
2428,108075,0.0069065066
2429,57522,0.014005615
2430,66843,3.9626793e-06
2431,87228,0.029797807
2432,71239,0.021672681
2433,71204,0.00010487227
2434,104972,0.11376301
2435,85721,0.004544401
2436,28498,0.17161798
2437,51049,0.021710591
2438,60773,0.00010940515
2439,83679,0.04393397
2440,85333,1.7203327e-07
2441,1514,1.6431333e-05
2442,67159,0.04926669
2443,99681,0.08735417
2444,100048,0.00012864191
2445,78552,0.026181428
2446,35622,3.4067256e-08
2447,23973,1.3082754e-05
2448,51233,5.3158383e-06
2449,38453,0.011437419
2450,5108,1.0009062e-06
2451,5279,0.00023364033
2452,93151,0.0005541983
2453,112281,0.09024858
2454,59124,0.07412055
2455,96793,0.09422598
2456,105466,0.059227556
2457,71262,5.2675427e-05
2458,712,0.05842496
2459,87522,0.10823642
2460,79206,1.8130731e-07
2461,23900,0.00039942362
2462,22198,5.961242e-06
2463,88709,0.04929791
2464,103324,0.08734493
2465,74172,0.0022984236
2466,97568,0.058304474
2467,52717,6.252181e-05
2468,79529,0.00043403634
2469,114695,0.00015889402
2470,107384,0.09020935
2471,15704,7.8524e-06
2472,3614,0.10339549
2473,54375,0.01665498
2474,104923,0.008495134
2475,108568,0.02230342
2476,108019,0.08734493
2477,114895,0.0045299367
2478,73785,0.0059590633
2479,53970,0.005299632
2480,94314,0.0058861505
2481,13054,0.023812074
2482,67100,0.054022547
2483,52768,1.155465e-05
2484,92641,0.08131125
2485,8597,0.0012454445
2486,30062,1.3022619e-05
2487,102649,0.07408704
2488,60836,1.3576558e-05
2489,71249,0.026135925
2490,4895,0.00020459565
2491,50060,0.021710591
2492,23903,0.005888243
2493,84818,0.00020504344
2494,105467,2.2375354e-05
2495,87624,0.020436222
2496,37678,0.032235235
2497,13947,1.2688359e-08
2498,80955,2.1570391e-05
2499,43777,0.022152755
2500,40536,0.0003358257
2501,41462,0.09320422
2502,64680,9.946013e-09
2503,93271,0.021672681
2504,63535,6.492434e-08
2505,15018,0.021255307
2506,100075,9.33914e-05
2507,71661,0.026135925
2508,44139,1.5124297e-06
2509,26665,0.049310457
2510,87097,0.04393397
2511,106339,0.00018195808
2512,4570,0.0020804992
2513,102651,9.454355e-07
2514,9782,0.053451467
2515,46691,1.6427496e-09
2516,102363,0.014005615
2517,111708,0.002712891
2518,28128,0.0023129375
2519,72924,0.0040841755
2520,54309,0.0064350194
2521,71560,0.026135925
2522,110944,0.021672681
2523,79805,1.8656567e-05
2524,49620,0.113455996
2525,93058,0.002712891
2526,4025,0.00016710722
2527,31871,0.28545478
2528,33169,2.5989234e-06
2529,85461,0.08238045
2530,36369,0.011437419
2531,57617,0.0031419564
2532,51195,1.922648e-08
2533,23112,2.2446095e-05
2534,106784,0.023801154
2535,90505,0.04929791
2536,23015,1.7564527e-06
2537,40173,1.3801722e-05
2538,89870,0.016594702
2539,108860,0.08734058
2540,59720,0.00022796504
2541,98082,3.6132715e-06
2542,23928,0.02197717
2543,23332,2.7147635e-07
2544,78834,0.0022968461
2545,87946,0.029797807
2546,67664,0.010025211
2547,88274,0.09422598
2548,1774,0.053443428
2549,105319,0.08121795
2550,88417,0.026135925
2551,23222,0.0040062196
2552,49392,0.0023059489
2553,36241,0.00074288086
2554,108854,0.11376301
2555,71900,0.004544401
2556,64820,0.005275688
2557,78241,0.049336616
2558,1531,4.9152102e-05
2559,53654,0.002712891
2560,41175,0.001011695
2561,94552,4.588341e-06
2562,10309,0.00015319121
2563,55223,0.1221643
2564,26748,0.017274432
2565,46244,2.3336997e-05
2566,45200,8.0078706e-08
2567,29916,0.06463914
2568,78703,0.08022873
2569,98520,0.02613434
2570,65044,0.005937719
2571,113206,4.479003e-05
2572,51540,0.0023520163
2573,18906,0.023806605
2574,45956,0.038754445
2575,70072,0.02377865
2576,6783,0.037673306
2577,84452,0.00070462684
2578,60050,0.0050205356
2579,71615,4.026693e-05
2580,71498,0.0023059489
2581,95117,0.005937719
2582,72948,1.2549896e-07
2583,46084,4.9817518e-05
2584,11682,0.08548715
2585,77762,0.026181428
2586,102294,0.08238045
2587,51097,8.902312e-09
2588,9136,0.00019693963
2589,25029,0.023781514
2590,2080,0.028724067
2591,62749,0.08738392
2592,8845,0.00019693963
2593,107578,0.022664648
2594,86152,0.026135925
2595,26609,0.01830362
2596,99339,0.053443428
2597,59542,0.091312915
2598,85827,4.4995304e-06
2599,103743,0.078394376
2600,106328,0.08734493
2601,85755,2.606285e-05
2602,33623,0.0047901636
2603,33999,0.03767647
2604,88363,0.048568048
2605,77724,6.252181e-05
2606,70180,0.0059590633
2607,87870,0.021710591
2608,105218,7.424594e-06
2609,111373,0.057532605
2610,29261,2.6263983e-06
2611,97371,0.018238086
2612,100044,0.0067060706
2613,43899,1.4851223e-05
2614,57626,8.936638e-05
2615,35970,2.0521484e-05
2616,86590,0.09320422
2617,37296,0.023820162
2618,33183,0.23986503
2619,68070,0.05803009
2620,72838,0.02655575
2621,76357,1.8603943e-05
2622,37817,1.4276379e-05
2623,112488,1.8072007e-05
2624,65053,1.6943617e-05
2625,61599,0.021679174
2626,101496,0.020476043
2627,106255,0.07393369
2628,31087,0.026181428
2629,13338,2.0309805e-08
2630,33272,0.0023129375
2631,10543,0.00013749118
2632,101093,0.022900727
2633,5308,7.2272856e-06
2634,27886,0.026181428
2635,71297,0.00013344444
2636,11569,0.029797807
2637,96111,0.02377865
2638,46255,1.3801722e-05
2639,111218,0.081680596
2640,38245,1.9697277e-06
2641,4258,0.054678805
2642,6858,8.9269444e-05
2643,72240,0.026135925
2644,91568,0.026135925
2645,19576,0.03896675
2646,79951,8.002082e-07
2647,54711,0.026135925
2648,68629,4.1433905e-05
2649,7946,0.18530351
2650,44979,1.4276379e-05
2651,42705,3.715973e-05
2652,39528,0.007034008
2653,86094,0.11573473
2654,94623,8.939587e-05
2655,105498,0.12038406
2656,22592,0.05002343
2657,71006,0.02377865
2658,14490,3.694688e-07
2659,46342,0.0001396157
2660,108553,0.02613434
2661,5399,0.059661612
2662,100551,7.913843e-06
2663,101396,0.005032629
2664,64817,0.0022984236
2665,39658,6.165899e-06
2666,48452,2.3807377e-08
2667,88059,0.0067062485
2668,534,0.00010383401
2669,59428,0.08738392
2670,17734,1.8996572e-05
2671,103762,0.115714364
2672,74941,0.020080255
2673,103726,2.5606082e-06
2674,2086,9.220854e-05
2675,22240,8.6877276e-07
2676,81442,0.0053558815
2677,12009,0.0001118562
2678,77883,0.006751698
2679,44500,0.1458472
2680,111938,0.0022861029
2681,49414,0.04393397
2682,97215,0.02377865
2683,96887,0.02377865
2684,74903,2.026887e-05
2685,21236,0.00036735326
2686,28830,0.049310457
2687,75445,1.16532265e-05
2688,3905,0.0028697962
2689,102588,2.3725727e-06
2690,33589,0.04393397
2691,58722,0.055773284
2692,98883,1.9679514e-05
2693,44925,1.237257e-06
2694,110178,0.0052626817
2695,85243,0.005933206
2696,36023,0.026181428
2697,16690,4.9191538e-05
2698,83985,0.047045927
2699,46958,0.021679174
2700,115434,1.1412458e-05
2701,32949,2.62419e-06
2702,54082,0.010059811
2703,84467,0.022951873
2704,68150,0.0034450688
2705,62073,0.0005570204
2706,93464,0.07626605
2707,53685,0.013776537
2708,33923,0.022750339
2709,65981,0.0022978769
2710,99768,0.0022984236
2711,110454,2.2080123e-06
2712,34936,0.021710591
2713,7203,0.036972463
2714,12652,9.599068e-06
2715,107163,0.021157557
2716,26585,0.008488988
2717,104578,0.0135076
2718,46693,0.3608405
2719,64512,0.005937719
2720,12032,0.026173297
2721,22127,3.348149e-05
2722,45441,0.0053424574
2723,114562,0.00012019961
2724,10129,8.120425e-05
2725,102744,0.011303091
2726,49499,0.026181428
2727,95059,0.0022984236
2728,11544,0.13049471
2729,75771,0.0006063415
2730,26933,0.049310457
2731,73047,0.09422598
2732,96374,0.038751595
2733,82986,8.224785e-06
2734,65620,0.0022978769
2735,72620,0.055773284
2736,92951,9.883385e-08
2737,6447,0.08182421
2738,60330,0.04539426
2739,19894,0.0014132378
2740,75297,4.1991236e-05
2741,55845,8.705221e-06
2742,90551,0.029797807
2743,95263,0.020543015
2744,78126,0.0053558815
2745,98738,0.058495443
2746,8162,0.04743489
2747,22441,3.9280468e-09
2748,68818,0.00032043023
2749,937,0.0007945941
2750,81094,0.002712891
2751,14061,0.06778853
2752,13296,0.030405952
2753,3348,0.0002781516
2754,48543,1.5630798e-05
2755,37621,7.4186515e-05
2756,25973,5.944486e-05
2757,98955,0.0047901636
2758,66638,0.00011530089
2759,32507,0.0002326154
2760,96284,5.489974e-05
2761,72194,0.026135925
2762,88576,2.7545015e-05
2763,52785,0.005888243
2764,76421,0.045353234
2765,27077,2.62419e-06
2766,56318,9.982599e-09
2767,49316,1.7978615e-05
2768,78162,1.2854317e-05
2769,47752,0.0034744744
2770,40347,9.2070324e-05
2771,66463,5.366356e-05
2772,87910,1.4992781e-06
2773,18852,0.017274432
2774,55925,0.0010908258
2775,85500,0.049336616
2776,110639,0.0510992
2777,2955,0.036568433
2778,42003,8.6590015e-05
2779,76705,0.002712891
2780,46452,0.09320422
2781,105613,6.2671556e-06
2782,10538,1.1325666e-05
2783,94941,0.08737103
2784,113486,0.09843038
2785,82209,0.020977708
2786,58561,0.008468298
2787,89858,1.7534687e-05
2788,31224,0.009282113
2789,98598,0.0017303695
2790,49086,0.13399191
2791,36237,0.026181428
2792,30256,0.005888243
2793,80338,0.07579212
2794,96364,9.274469e-06
2795,67633,0.026135925
2796,100496,6.7364905e-05
2797,102256,5.9710796e-06
2798,73339,0.004679297
2799,81048,0.0017954737
2800,27347,0.0053107133
2801,105049,3.6814625e-05
2802,103322,0.057988025
2803,60688,0.00020975285
2804,74302,0.0053558815
2805,101411,0.0022984236
2806,4042,0.01727792
2807,98289,3.5404366e-05
2808,33448,0.038768277
2809,70763,0.051504526
2810,46770,0.04539426
2811,100794,9.394904e-05
2812,90082,0.021672681
2813,63511,0.0022984236
2814,115683,0.04664809
2815,89304,0.0022984236
2816,98907,0.0022984236
2817,78538,1.16532265e-05
2818,31773,8.646855e-08
2819,85220,0.016562393
2820,30465,0.0011896527
2821,108515,0.055771064
2822,845,8.514051e-06
2823,51494,0.017696394
2824,34584,2.62419e-06
2825,109698,0.027533092
2826,109339,0.004544401
2827,25540,4.441748e-06
2828,77718,1.5734537e-09
2829,110464,0.00024440847
2830,86740,0.026135925
2831,85573,0.00012741318
2832,1962,0.00011804666
2833,14179,1.1401745e-06
2834,47480,0.021679174
2835,92388,0.072241016
2836,4857,0.014456397
2837,17678,5.370801e-06
2838,64751,4.3083514e-06
2839,95160,8.834908e-05
2840,44421,0.021373536
2841,48145,2.207907e-06
2842,113794,0.018862022
2843,86802,0.002712891
2844,16244,1.1382178e-06
2845,93114,2.5286812e-05
2846,96392,0.017413767
2847,110406,2.6172145e-06
2848,26925,0.085608646
2849,34346,1.4133584e-05
2850,59209,0.09024858
2851,64730,9.600752e-05
2852,99151,0.0016289644
2853,104437,0.021448929
2854,99110,0.0035336977
2855,44672,1.6283717e-05
2856,115986,1.1254261e-05
2857,55577,0.026181428
2858,44271,1.420187e-05
2859,89111,0.02377865
2860,4530,0.00047168802
2861,32044,1.3472448e-05
2862,72156,0.03963513
2863,86976,7.5906432e-06
2864,36665,0.02927802
2865,40303,5.961242e-06
2866,45194,1.950532e-05
2867,10236,0.15710871
2868,34739,0.021830883
2869,102728,0.0065286853
2870,45043,0.013275404
2871,70991,0.021672681
2872,82159,0.029797807
2873,39846,6.5282666e-06
2874,25980,0.005888243
2875,61453,0.0053558815
2876,9402,0.0746777
2877,8520,0.017573753
2878,13297,0.17112058
2879,112813,0.08734493
2880,114851,2.9749443e-05
2881,62258,0.1221643
2882,104471,1.0399601e-06
2883,46173,0.012269409
2884,81871,0.0022968461
2885,7776,0.014447276
2886,26162,0.00015224903
2887,100950,0.02613434
2888,93238,6.400121e-05
2889,964,4.0118404e-05
2890,108972,0.002712891
2891,72985,0.002712891
2892,61424,0.023785751
2893,70108,0.026135925
2894,19778,0.00016106208
2895,17250,7.091045e-05
2896,16763,0.00016106208
2897,72257,0.08022873
2898,64600,0.00037544378
2899,53206,0.07840325
2900,38042,0.07840325
2901,69262,0.021672681
2902,81981,0.018290905
2903,71525,0.021065777
2904,62257,8.155361e-05
2905,9705,2.0103535e-06
2906,35111,0.00015179068
2907,4720,9.583702e-05
2908,2424,0.15464818
2909,6469,7.686091e-06
2910,17870,0.02616657
2911,92111,8.008854e-06
2912,56839,0.011097109
2913,21624,0.000114103554
2914,78042,0.008807632
2915,18622,0.00010772601
2916,48830,5.87673e-06
2917,114806,0.0023330073
2918,5095,0.16527964
2919,86481,0.002712891
2920,103297,6.793933e-05
2921,86136,0.026135925
2922,114650,0.011028013
2923,77761,1.4374031e-05
2924,55256,0.013776537
2925,107734,0.08734493
2926,91501,0.0008593815
2927,91394,0.00015111786
2928,2967,0.073065706
2929,84544,3.1241034e-06
2930,28658,2.291083e-05
2931,33917,1.3079174e-08
2932,49112,5.3086518e-05
2933,20842,0.00033496667
2934,64112,0.028615188
2935,76300,2.1162432e-05
2936,58584,0.084192276
2937,46966,0.056719538
2938,38469,0.09962154
2939,9255,2.9683104e-05
2940,44884,4.8015374e-07
2941,59642,0.0010865
2942,108189,0.02613434
2943,47793,0.09320422
2944,38811,0.0015030389
2945,3336,7.780497e-06
2946,111116,0.005933206
2947,17439,0.0005137148
2948,48439,2.0599913e-05
2949,84779,0.04393397
2950,114963,8.611916e-05
2951,42793,0.058090962
2952,24945,0.0006163806
2953,83722,0.084850006
2954,74762,0.00032427133
2955,100321,0.013480147
2956,114447,0.020436222
2957,111610,0.0053533465
2958,6561,0.15469432
2959,107231,0.010574395
2960,78118,7.4970108e-06
2961,86394,0.037660237
2962,94467,4.324235e-05
2963,36406,0.036839973
2964,81567,0.010826234
2965,75408,4.159028e-07
2966,103919,0.049283862
2967,61050,0.08738392
2968,30277,0.012155406
2969,95023,0.0022984236
2970,70871,4.0894734e-05
2971,56779,0.0053558815
2972,90999,2.6174441e-06
2973,89121,0.000108052336
2974,61563,0.005937719
2975,104492,0.02999175
2976,3081,0.03274969
2977,104892,9.058146e-08
2978,102199,0.037886724
2979,16677,3.589891e-07
2980,1393,0.00046074906
2981,28160,0.04393397
2982,94483,1.2703752e-07
2983,57046,0.049336616
2984,77085,2.5314182e-06
2985,56440,7.702792e-06
2986,5883,0.00015560028
2987,60234,0.004544401
2988,46556,1.9697277e-06
2989,111857,0.021672681
2990,40446,7.377966e-05
2991,59659,0.0962711
2992,53952,0.002712891
2993,11545,0.15464818
2994,20725,0.10063616
2995,64911,3.0975043e-06
2996,8884,0.010499098
2997,98805,0.0021500394
2998,69261,4.7015998e-08
2999,320,0.040336393
3000,55817,0.008468298
3001,7067,0.00019693963
3002,79035,0.023843173
3003,43186,0.037661344
3004,56649,0.014803972
3005,40819,1.177673e-06
3006,105276,0.09020935
3007,24159,0.09320422
3008,925,0.020080255
3009,5347,0.021155445
3010,6595,0.08731945
3011,27146,0.00024213077
3012,3251,0.031894423
3013,111032,0.001229756
3014,5510,0.00023668264
3015,65152,0.00015960848
3016,106849,3.666901e-07
3017,33106,0.080349706
3018,49436,2.1789381e-05
3019,83740,5.2154746e-07
3020,111921,1.437211e-07
3021,104880,0.0012723003
3022,82228,0.008498998
3023,110469,4.2021412e-08
3024,100587,0.02377865
3025,70568,0.021672681
3026,48609,0.03767647
3027,12105,5.312519e-06
3028,46929,0.13135494
3029,108266,0.038751595
3030,62211,0.1162526
3031,89648,0.0053558815
3032,101285,9.650276e-06
3033,73373,0.005874181
3034,80446,0.058013294
3035,99041,1.6083237e-05
3036,87279,0.09962154
3037,35518,0.023820162
3038,63606,0.0069630705
3039,17733,0.0012658107
3040,18144,0.056731988
3041,37235,0.029797807
3042,105146,1.0920633e-05
3043,75821,0.0053558815
3044,10406,0.07791698
3045,33352,5.961242e-06
3046,31097,0.02252195
3047,8102,3.2019894e-08
3048,70847,3.377055e-06
3049,35771,0.00011221356
3050,40620,3.548031e-05
3051,3243,0.0006954763
3052,93296,0.09422598
3053,20035,5.986789e-05
3054,26058,0.099611595
3055,22117,0.060745828
3056,71257,0.008248376
3057,96049,2.1058191e-05
3058,14888,0.22693276
3059,94268,0.012391637
3060,63556,6.905362e-06
3061,110478,0.09420895
3062,115917,0.10451969
3063,10186,0.0008036229
3064,42912,5.961242e-06
3065,24822,2.198936e-05
3066,3645,0.10402916
3067,76878,0.00729631
3068,93049,0.004544401
3069,7686,4.307509e-05
3070,50693,4.2780007e-06
3071,16372,2.1628674e-07
3072,77167,9.091149e-09
3073,46569,0.056719538
3074,114394,0.00096150057
3075,70831,0.085608646
3076,62839,0.08738392
3077,102240,0.08738392
3078,25303,0.005888243
3079,10632,0.00019693963
3080,87631,0.057988025
3081,104252,0.17933276
3082,23699,0.0027417538
3083,112570,2.8817354e-05
3084,56051,0.10453837
3085,6861,0.00050379976
3086,84028,0.09313801
3087,108015,0.00042287153
3088,90629,0.021672681
3089,80595,1.0944456e-05
3090,42290,0.049310457
3091,57555,0.023820162
3092,75604,2.9298421e-09
3093,77873,0.017265417
3094,75423,4.293862e-07
3095,75490,0.010826234
3096,29355,0.031118546
3097,49793,7.486365e-06
3098,33430,0.12676078
3099,53547,0.012290965
3100,19704,9.39951e-05
3101,94466,0.026181428
3102,71665,0.00022071681
3103,15087,3.729019e-05
3104,14739,9.062861e-06
3105,54419,0.007920222
3106,101358,0.02613434
3107,11229,6.671048e-05
3108,46422,0.08862705
3109,43120,3.1715033e-06
3110,37745,0.07840325
3111,4907,5.3839995e-05
3112,25728,5.3758577e-05
3113,36354,0.017274432
3114,27172,0.005888243
3115,97124,0.0034404816
3116,94491,0.08738392
3117,45253,0.0023520163
3118,30952,3.630415e-05
3119,21137,0.1712346
3120,111339,2.5225636e-05
3121,93989,0.0047511463
3122,73934,7.8219045e-07
3123,61738,0.04539426
3124,108296,0.04388384
3125,85731,7.080086e-05
3126,113076,0.00037137393
3127,63015,0.00039046406
3128,33120,0.00031748335
3129,18459,0.00040562407
3130,11778,6.315827e-05
3131,46936,0.026142929
3132,39513,0.079933606
3133,2332,0.19400503
3134,2526,5.819603e-07
3135,9994,0.00891306
3136,109484,6.100886e-06
3137,13091,3.2441513e-10
3138,78334,0.04600296
3139,45853,0.00013567632
3140,83080,7.815774e-09
3141,100306,1.4825313e-05
3142,1372,0.027475785
3143,57862,0.08738392
3144,111810,0.09420895
3145,32866,0.024198432
3146,44020,0.026142929
3147,62605,2.0521484e-05
3148,75736,0.045353234
3149,38204,0.13162224
3150,2369,0.054678805
3151,69028,0.07412055
3152,49191,0.16270195
3153,113035,0.023801154
3154,63987,5.2689193e-05
3155,73894,0.0053558815
3156,1083,9.273392e-09
3157,109939,0.02613434
3158,114754,2.2978638e-05
3159,58434,0.09962154
3160,96740,0.09020935
3161,99013,0.004544401
3162,26617,0.0003696358
3163,89964,0.026963117
3164,87018,0.0107475715
3165,22859,8.0078615e-05
3166,54563,2.4414119e-06
3167,3582,0.06990568
3168,33866,0.081879236
3169,80465,0.049336616
3170,83300,0.013332178
3171,75713,0.022603992
3172,95154,8.002082e-07
3173,70438,0.30520377
3174,19731,7.2924195e-05
3175,76277,0.010826234
3176,2377,0.032061595
3177,115263,0.009311579
3178,50690,0.049336616
3179,62217,0.0017055618
3180,76671,0.080362685
3181,115459,0.000658133
3182,12661,0.00015051056
3183,106147,0.023801154
3184,75274,0.0022968461
3185,34442,1.24059e-05
3186,88906,0.0410023
3187,115495,0.088920005
3188,111630,4.635962e-05
3189,27073,0.029797807
3190,113178,0.0011261893
3191,67258,2.1162432e-05
3192,107539,0.022664648
3193,30545,0.020780627
3194,10677,7.086261e-06
3195,14846,7.365832e-05
3196,87043,0.00071766885
3197,93417,0.0023059489
3198,6887,0.0007922473
3199,63373,0.0022984236
3200,73889,0.027143722
3201,4439,2.1064056e-05
3202,102230,0.049336616
3203,83754,0.037904825
3204,45667,0.37878355
3205,104151,3.9327282e-05
3206,32693,0.04432362
3207,107808,2.873897e-05
3208,101395,0.011473691
3209,9858,0.033713084
3210,88064,7.5808193e-06
3211,110356,8.9261584e-07
3212,32275,0.0059187314
3213,34607,5.961242e-06
3214,114776,4.3510106e-05
3215,41848,0.023781514
3216,106997,0.020229993
3217,106939,0.09420895
3218,114580,9.082145e-05
3219,4126,0.021234361
3220,40149,0.0001396157
3221,14088,1.1718287e-05
3222,21939,1.0954417e-08
3223,79196,0.11376301
3224,21172,0.005851966
3225,103691,0.049283862
3226,57655,0.049336616
3227,13812,0.04393397
3228,67812,0.026135925
3229,1197,1.0354787e-05
3230,7413,0.021834107
3231,26574,1.6231297e-05
3232,88206,0.00035241456
3233,79459,0.04929791
3234,21595,0.002756685
3235,102006,0.040535707
3236,55245,2.62419e-06
3237,27596,0.049310457
3238,7631,0.053160775
3239,19312,0.09320422
3240,48684,0.00021008712
3241,4339,0.1046386
3242,93902,0.0023520163
3243,45178,0.026142929
3244,16930,0.10823642
3245,33770,0.026181428
3246,66940,0.0045348913
3247,113680,0.04534585
3248,83826,0.0001267154
3249,31976,0.002301334
3250,32338,1.650422e-05
3251,31065,1.8156965e-09
3252,57576,0.031638168
3253,22538,0.017274432
3254,83602,3.376762e-06
3255,61504,0.08315947
3256,82552,0.08131125
3257,106467,2.133428e-12
3258,6924,0.04090679
3259,59140,0.09962154
3260,41249,3.7516118e-05
3261,64544,4.0894734e-05
3262,93438,0.004544401
3263,27160,0.021679174
3264,29860,0.056739822
3265,1002,0.02616657
3266,104921,0.0046706903
3267,36788,0.023820162
3268,63000,5.5524756e-06
3269,26504,0.0016859873
3270,105701,0.055771064
3271,75299,1.3006902e-06
3272,11683,0.0003020548
3273,77495,0.006100282
3274,101632,0.0015765401
3275,62673,1.268812e-05
3276,1691,7.516265e-05
3277,98361,0.009724287
3278,76545,0.117995344
3279,3773,0.035861764
3280,92514,0.04996724
3281,92258,2.8777e-06
3282,112962,0.0001210614
3283,8486,6.980757e-05
3284,104687,0.00064338325
3285,36871,0.04539426
3286,23168,0.026142929
3287,14092,0.034822382
3288,112451,0.0298863
3289,99380,1.3576558e-05
3290,15807,0.00196946
3291,31777,0.053443428
3292,46223,1.5679498e-05
3293,43736,7.527297e-05
3294,80253,0.026135925
3295,96865,0.002712891
3296,16943,7.2924195e-05
3297,105274,0.037547372
3298,94811,0.00016837558
3299,3600,0.049451713
3300,109863,0.02613434
3301,55493,0.005287984
3302,26834,0.00013444258
3303,73153,0.026135925
3304,86336,0.0053558815
3305,105604,0.049283862
3306,76251,0.0022968461
3307,31775,0.0055257264
3308,44319,3.639569e-07
3309,49262,8.1145416e-05
3310,69137,0.022630887
3311,73635,0.017265417
3312,26616,0.023820162
3313,80071,1.8445442e-05
3314,113832,6.591883e-08
3315,110118,0.002712891
3316,46215,0.0071927696
3317,111070,6.793933e-05
3318,102930,3.886097e-06
3319,19028,0.056731988
3320,39130,0.0005982821
3321,111445,0.00015119987
3322,16033,0.029797807
3323,13691,0.049336616
3324,111607,9.33914e-05
3325,65610,0.005275688
3326,89067,0.01554043
3327,28205,1.4733318e-05
3328,36476,0.09320422
3329,30945,4.3309857e-08
3330,48363,1.4548642e-06
3331,76221,0.0053558815
3332,83083,0.0011819736
3333,94940,2.2588732e-07
3334,109455,7.753269e-06
3335,16588,0.021153634
3336,67878,0.017265417
3337,8775,0.013649445
3338,60914,0.022603992
3339,5806,2.9436903e-06
3340,38376,2.5891194e-07
3341,26654,0.021237725
3342,90160,0.085608646
3343,9747,1.8543982e-05
3344,32804,1.0891739e-05
3345,82518,0.08131125
3346,44515,1.4276379e-05
3347,27323,0.012255126
3348,77663,0.06384397
3349,105199,0.01751604
3350,79654,0.002712891
3351,24057,0.029797807
3352,31942,7.756419e-06
3353,69387,3.3982822e-05
3354,51893,0.09320422
3355,63296,0.017270215
3356,32333,0.013164223
3357,47447,0.021679174
3358,28615,0.049310457
3359,76145,0.049336616
3360,12713,1.142055e-06
3361,74556,0.24963516
3362,29235,5.3158383e-06
3363,3907,0.0007040818
3364,111636,0.05028926
3365,105380,0.10216986
3366,83345,0.005555831
3367,33340,9.016252e-05
3368,9406,0.00018388938
3369,95093,0.09960683
3370,109913,0.02377865
3371,55012,0.026181428
3372,108089,7.9985426e-07
3373,3858,7.5972266e-06
3374,41025,5.4995265e-08
3375,47139,0.13732068
3376,78189,0.0023059489
3377,96,0.05803009
3378,69487,0.0410023
3379,11827,0.008488988
3380,33076,0.036504414
3381,9862,2.8347487e-09
3382,60423,2.1162432e-05
3383,5395,6.584047e-05
3384,78365,5.961242e-06
3385,40375,0.007834326
3386,56846,0.031080643
3387,60360,0.0061683375
3388,98009,0.0134814605
3389,47697,0.024926446
3390,75882,0.058013294
3391,52627,1.7308683e-05
3392,55034,0.005287984
3393,25186,0.029797807
3394,77004,0.021710591
3395,111089,0.002712891
3396,34299,0.022034787
3397,6377,0.02464462
3398,53457,0.0055128075
3399,17259,0.021153634
3400,5877,0.000521222
3401,23687,0.15069528
3402,51978,0.00023144773
3403,42618,1.4407683e-06
3404,1646,2.0479585e-05
3405,50427,4.110698e-06
3406,105869,0.004544401
3407,53668,0.004544401
3408,27913,0.1692447
3409,68884,0.021672681
3410,48474,0.023650363
3411,36840,0.0006932066
3412,90710,0.021672681
3413,78601,0.00022037847
3414,19198,1.8814351e-05
3415,56858,4.955598e-06
3416,7754,0.046310052
3417,101964,0.047045927
3418,33022,1.2923203e-07
3419,4400,0.027475785
3420,14710,0.063401416
3421,42157,9.311934e-07
3422,112663,7.266436e-05
3423,57466,0.0059187314
3424,66545,0.005937719
3425,115004,3.673642e-07
3426,36580,0.06233456
3427,29729,0.021679174
3428,42058,0.04539426
3429,102215,0.02377865
3430,58189,0.09962154
3431,32284,0.013485792
3432,41945,0.005055717
3433,12799,6.9251284e-05
3434,38818,0.0002937672
3435,82322,5.508796e-05
3436,115685,2.5642469e-06
3437,61630,0.011097109
3438,47618,0.049310457
3439,77333,0.00047839596
3440,90982,0.011679627
3441,48526,0.014005615
3442,7286,0.021234361
3443,56591,0.021710591
3444,24029,0.0006932066
3445,24607,0.07840325
3446,87893,0.0059239045
3447,86441,0.049336616
3448,17618,0.018976327
3449,113481,0.0045920867
3450,43566,5.312696e-06
3451,69055,0.00012540279
3452,6838,5.8372175e-06
3453,55835,0.036700126
3454,14961,0.023806605
3455,8598,0.0015271796
3456,29512,1.22373385e-05
3457,84983,0.005275688
3458,1821,0.053164907
3459,33093,1.8734161e-06
3460,20743,0.035874978
3461,102691,6.0992857e-06
3462,63644,2.0914413e-05
3463,96496,0.038046364
3464,81383,9.538417e-05
3465,95672,0.02613434
3466,84767,0.0053558815
3467,103878,0.0223023
3468,80413,0.026135925
3469,21221,1.8401886e-05
3470,82994,0.08131125
3471,83745,0.020436222
3472,82904,0.0064822636
3473,36638,0.036225833
3474,68537,0.00029298794
3475,23855,2.4201197e-06
3476,98228,5.1866305e-06
3477,105007,0.11376301
3478,95291,0.042505115
3479,51376,2.9420447e-05
3480,98345,1.3464097e-07
3481,27553,3.2844753e-05
3482,4782,0.049447946
3483,59120,0.020780627
3484,16587,0.021153634
3485,42279,0.026142929
3486,50943,0.035874978
3487,59746,0.00019204413
3488,115859,3.5286753e-06
3489,55231,0.0053558815
3490,5403,2.944063e-05
3491,1147,0.00037217102
3492,57367,0.004465827
3493,79784,0.0022967674
3494,115257,1.13761516e-07
3495,115183,0.07412055
3496,105169,0.049283862
3497,64356,1.8366082e-06
3498,35417,0.0023059489
3499,115770,0.043854684
3500,40212,0.020810252
3501,86343,0.062948346
3502,77397,2.9232988e-06
3503,18980,0.05803009
3504,4473,0.15464818
3505,44134,0.099611595
3506,25811,0.12112153
3507,115298,0.00012487346
3508,32196,0.018794058
3509,28434,8.9976915e-05
3510,14407,0.0003177141
3511,33712,0.038768277
3512,39672,0.1162526
3513,109465,0.0047141346
3514,64903,0.08498151
3515,60676,5.5396335e-06
3516,104389,0.005556081
3517,88166,0.0022984236
3518,35413,5.961242e-06
3519,98644,0.008506978
3520,59731,0.011097109
3521,75206,0.0015034232
3522,75478,7.832667e-05
3523,75504,1.3199552e-06
3524,29311,0.0031419564
3525,46534,0.026142929
3526,36600,1.8882072e-07
3527,58401,7.676274e-06
3528,115779,0.043854684
3529,102190,0.013999118
3530,68355,0.0071927696
3531,69287,0.02377865
3532,26753,2.0441616e-05
3533,1167,0.053451467
3534,4124,0.049447946
3535,108797,0.0005355217
3536,27071,0.022681452
3537,97425,0.049790468
3538,45681,0.07932703
3539,54765,0.08862705
3540,5752,0.00015560028
3541,110130,0.08781427
3542,14618,0.02169822
3543,54350,0.05315191
3544,87597,0.1825347
3545,66618,0.0009562803
3546,87082,4.068581e-05
3547,15861,0.0035121108
3548,106501,0.0030914505
3549,96242,0.037660237
3550,33627,0.04539426
3551,50298,0.026181428
3552,3729,3.9536095e-05
3553,106742,0.02105874
3554,66968,0.012030361
3555,30575,3.431408e-05
3556,64348,5.3637527e-06
3557,76282,0.058013294
3558,22406,7.289304e-05
3559,40821,1.2256644e-05
3560,34742,0.021231076
3561,2611,0.0007593347
3562,69521,9.700254e-07
3563,99863,1.3584627e-05
3564,110746,0.002712891
3565,52996,0.02152752
3566,37766,0.16894756
3567,12155,0.010976714
3568,94688,0.010108164
3569,41144,2.4307755e-07
3570,78692,0.00013928315
3571,100090,0.04929791
3572,113160,0.002278538
3573,25293,0.3608405
3574,50988,0.017561007
3575,30764,0.0031419564
3576,29960,0.080349706
3577,17333,0.00043210434
3578,14313,5.3810327e-05
3579,95829,7.411051e-05
3580,8013,7.086261e-06
3581,35786,4.0643539e-10
3582,30568,0.036225833
3583,48362,0.00028557837
3584,49720,0.008465621
3585,96789,0.04393397
3586,64218,1.1057024e-08
3587,35665,1.8523515e-05
3588,34031,7.459193e-05
3589,37517,0.023781514
3590,23422,0.08862705
3591,33113,1.3472448e-05
3592,6190,0.00086932594
3593,69379,0.096513085
3594,107254,4.3342632e-07
3595,69752,1.8763557e-06
3596,111165,0.02277482
3597,53061,0.0073035657
3598,79394,2.0080706e-05
3599,40904,2.7189299e-06
3600,79376,0.0722743
3601,60205,0.020780627
3602,115596,0.00019765731
3603,25979,0.026142929
3604,14524,0.00015555815
3605,17803,0.07840325
3606,11290,0.014447276
3607,57883,0.09962154
3608,410,0.0004989771
3609,33723,0.00020422087
3610,61374,0.11573473
3611,46735,0.026142929
3612,79201,4.6776346e-05
3613,58775,0.045339257
3614,14849,4.707761e-05
3615,115352,6.458389e-05
3616,114095,0.0006310859
3617,102802,0.00015119987
3618,57396,0.0016027298
3619,64645,6.858882e-08
3620,64167,0.028615188
3621,71893,0.049336616
3622,17468,4.9473965e-07
3623,70388,2.064682e-05
3624,13689,1.13474725e-05
3625,12726,0.023812074
3626,81509,1.7522283e-05
3627,92581,0.045339257
3628,97601,0.020476043
3629,20059,0.02252195
3630,81800,0.029797807
3631,67919,0.009943415
3632,60121,0.005472092
3633,14857,2.6866415e-05
3634,90323,0.0001312545
3635,59681,0.08238045
3636,87169,0.00086169917
3637,111336,8.210099e-09
3638,106234,0.0055295085
3639,3977,0.00019006705
3640,19861,0.00026929346
3641,7572,0.0006065062
3642,63126,0.13643585
3643,89257,8.794229e-06
3644,33642,0.0049774568
3645,105170,0.0014229212
3646,78287,0.005937719
3647,61428,0.07412055
3648,3043,0.00024477553
3649,16056,0.00032321393
3650,93287,1.953365e-08
3651,102354,0.02377865
3652,95021,0.001387574
3653,34130,0.026181428
3654,37181,1.5679498e-05
3655,10333,0.0010605064
3656,76337,5.5396335e-06
3657,51192,0.02468026
3658,58101,0.007636791
3659,74407,0.021065777
3660,19250,1.3478954e-06
3661,14894,0.049336616
3662,106878,0.027183982
3663,77709,3.8873644e-05
3664,567,0.00069794
3665,29341,0.020080255
3666,79549,0.02613434
3667,92253,0.0023059489
3668,52233,0.029797807
3669,105109,0.049283862
3670,82922,1.44500705e-08
3671,82787,0.029797807
3672,38947,0.062948346
3673,75819,0.11065459
3674,104301,0.025365498
3675,85363,5.6926324e-06
3676,19150,6.3779044e-06
3677,45397,1.122941e-05
3678,5048,0.0746777
3679,66740,1.5505197e-05
3680,55909,0.09822407
3681,85707,0.00014640295
3682,44790,0.023781514
3683,62821,0.00059174787
3684,17315,0.04539426
3685,80613,8.6162276e-05
3686,105338,0.02105874
3687,72625,0.013495838
3688,43280,1.3913285e-05
3689,93829,5.650687e-06
3690,21550,1.650422e-05
3691,77090,0.00026861957
3692,34385,0.029797807
3693,9349,0.00028452827
3694,56088,0.12041605
3695,39500,0.038754445
3696,5477,1.136878e-06
3697,38504,0.04539426
3698,108078,0.02105874
3699,95438,0.006938572
3700,81377,2.5286812e-05
3701,29593,0.018664291
3702,85286,4.4299142e-07
3703,98834,0.043910734
3704,37963,0.21266392
3705,24079,0.037661344
3706,48275,0.0045348913
3707,108663,0.004544401
3708,19177,0.018643433
3709,104806,0.026942547
3710,91003,1.5798228e-06
3711,50084,0.026181428
3712,12348,0.026173297
3713,39379,0.011160305
3714,47971,3.1915408e-06
3715,13643,0.0820108
3716,115497,0.026181428
3717,190,0.08864416
3718,24416,0.026142929
3719,77006,8.962103e-05
3720,109054,0.035874978
3721,98111,0.023139397
3722,74394,0.016595326
3723,12526,0.04432362
3724,4216,0.08791231
3725,18997,0.025378488
3726,18316,6.0622997e-06
3727,72566,6.785642e-06
3728,69323,0.054985315
3729,20576,0.005888243
3730,87275,5.8773643e-05
3731,47890,3.139135e-08
3732,34750,1.437536e-05
3733,104101,0.10034625
3734,85186,0.09320422
3735,86309,3.6309586e-05
3736,111694,0.057988025
3737,63138,0.002712891
3738,105883,0.00030329073
3739,97731,0.0002172915
3740,18467,0.1162526
3741,30939,0.026181428
3742,103046,4.3814893e-05
3743,90433,0.08131125
3744,63761,4.357923e-06
3745,110976,0.023820162
3746,56587,0.09320422
3747,50821,0.011437419
3748,66763,5.1345225e-05
3749,35777,0.026181428
3750,95649,0.08737103
3751,42571,0.020493431
3752,96903,3.259424e-06
3753,87013,3.159587e-05
3754,53635,1.0018711e-07
3755,98313,1.2759331e-10
3756,88292,2.6174441e-06
3757,107410,2.5981057e-05
3758,954,0.033713084
3759,85990,0.0053558815
3760,50195,0.09320422
3761,38844,0.053443428
3762,36744,0.01566873
3763,34823,0.09962154
3764,102149,0.00020826062
3765,105849,0.00020422845
3766,64496,0.0013736782
3767,12734,0.049336616
3768,99186,0.023801154
3769,53084,0.002712891
3770,101596,0.122919805
3771,110051,5.276401e-05
3772,26146,3.259955e-06
3773,66057,0.00015960848
3774,33089,0.056739822
3775,23929,0.026142929
3776,79782,0.047045927
3777,51219,0.001175747
3778,8957,0.014447276
3779,115387,0.0065635554
3780,41801,0.00020816752
3781,112490,0.11376301
3782,114464,2.0590956e-06
3783,14414,0.0035121108
3784,95289,0.00069378526
3785,99558,0.057988025
3786,55336,0.0023059489
3787,93929,0.05671502
3788,111676,0.08734493
3789,33018,0.029797807
3790,31981,4.1403888e-05
3791,17555,0.05803009
3792,56383,0.22419885
3793,101495,0.039924007
3794,43131,2.3902417e-06
3795,45587,0.026142929
3796,61480,1.9763773e-05
3797,11660,2.8123146e-05
3798,104905,7.833843e-06
3799,26184,0.0011761626
3800,1477,0.10402867
3801,66015,7.1895724e-06
3802,12274,7.804969e-06
3803,56378,0.013507568
3804,108529,0.017265417
3805,86768,6.443922e-06
3806,49085,0.026181428
3807,109264,1.0999976e-08
3808,95693,0.024618136
3809,54002,0.03178816
3810,68388,0.015210269
3811,52011,0.02927802
3812,91688,0.006723107
3813,108786,0.010730069
3814,60764,0.04393397
3815,57722,0.03767647
3816,75320,0.01333251
3817,91492,1.7892171e-05
3818,56861,0.056715835
3819,100923,8.268602e-05
3820,25778,0.023820162
3821,5771,0.054678805
3822,82711,0.021672681
3823,33045,4.590708e-08
3824,92727,0.011088824
3825,345,0.018321767
3826,52000,0.026181428
3827,69929,0.053443428
3828,107997,7.388345e-06
3829,27975,0.0004974391
3830,3518,0.00013818806
3831,73884,1.5798228e-06
3832,80599,1.1462873e-05
3833,83749,0.012637962
3834,90104,0.0053558815
3835,13004,5.421586e-07
3836,18282,0.08041396
3837,108583,0.023139397
3838,110877,0.15219288
3839,108462,0.013214114
3840,89759,0.02377865
3841,3003,0.01727792
3842,46050,0.06463914
3843,60016,0.049336616
3844,13201,5.312696e-06
3845,72036,0.1138376
3846,94967,0.006397683
3847,83226,1.5434912e-07
3848,25002,0.0019932229
3849,54951,0.008498998
3850,112144,0.11376301
3851,80425,0.0015032328
3852,15761,0.0518825
3853,78890,0.005874181
3854,85031,0.009386319
3855,2846,0.0001496445
3856,77514,6.6749374e-07
3857,73812,4.5794506e-05
3858,83728,0.020493431
3859,49694,1.5395412e-05
3860,10739,1.354729e-09
3861,22296,0.00027978572
3862,60230,0.049336616
3863,87948,0.04929791
3864,85431,0.0022967674
3865,63227,0.1138376
3866,51844,2.0521484e-05
3867,4677,0.07549525
3868,55630,0.009386319
3869,103020,0.1138376
3870,111440,0.07412055
3871,12985,0.029818092
3872,32399,0.03767647
3873,84836,1.5798228e-06
3874,35531,2.3750314e-05
3875,31059,0.0010474575
3876,110764,0.0410023
3877,87408,0.049336616
3878,59427,0.049336616
3879,48993,2.0093587e-06
3880,105188,1.1547181e-05
3881,106835,0.00019765731
3882,90471,1.116667e-06
3883,30338,0.026181428
3884,88977,0.08738392
3885,23383,0.023781514
3886,68318,3.029146e-05
3887,105105,0.0047867685
3888,1006,0.033713084
3889,45579,2.6184828e-06
3890,60695,0.010395636
3891,100673,0.08737103
3892,103852,8.443203e-06
3893,102781,0.019720268
3894,110802,0.05671502
3895,43304,0.1162526
3896,15009,2.3444837e-09
3897,98858,1.0734176e-05
3898,8320,4.9152102e-05
3899,107593,0.007951576
3900,55438,0.026181428
3901,7642,0.00053359877
3902,74763,1.8258319e-05
3903,25335,4.2587846e-05
3904,36375,1.9697277e-06
3905,82310,0.0053558815
3906,100364,0.036862634
3907,12935,0.16906866
3908,13136,0.011097109
3909,54515,0.0073035657
3910,5592,0.09960311
3911,47112,0.052510794
3912,86306,8.002082e-07
3913,23729,0.017267156
3914,52392,0.00010844127
3915,79775,0.045353234
3916,68141,0.012030361
3917,106533,0.0053533465
3918,71977,0.09024858
3919,75782,0.0053558815
3920,110784,0.00010117672
3921,41049,0.005888243
3922,50739,5.961242e-06
3923,92008,1.931475e-06
3924,67681,0.07412055
3925,23297,0.05074714
3926,8628,0.00046074906
3927,74703,2.2550035e-09
3928,92906,0.04929791
3929,104189,0.023801154
3930,101132,0.004153661
3931,72312,0.012030361
3932,93396,0.11376301
3933,3741,0.00053359877
3934,94451,0.04929791
3935,97421,0.03870017
3936,72391,0.002712891
3937,85910,8.517478e-06
3938,55159,0.00042005454
3939,12592,2.823184e-05
3940,31183,9.119466e-06
3941,14539,6.0622997e-06
3942,100124,0.012391637
3943,99027,0.0053558815
3944,42043,0.029797807
3945,86756,0.0053558815
3946,67727,6.23454e-05
3947,16241,0.023806605
3948,2060,0.040336855
3949,46099,0.021373536
3950,83526,0.048332058
3951,39623,0.026142929
3952,33104,0.04393397
3953,50649,0.038768277
3954,20493,7.2924195e-05
3955,50835,9.071983e-06
3956,92433,0.002712891
3957,110237,0.007951576
3958,70993,0.00032566272
3959,34721,0.056739822
3960,96907,7.3541382e-06
3961,52309,5.3940744e-06
3962,7017,0.00023668264
3963,49425,2.491728e-05
3964,103910,0.0052626817
3965,8428,0.038565386
3966,50026,2.3023676e-06
3967,71771,0.056715835
3968,69117,0.07412055
3969,60117,0.26501605
3970,66428,0.00034236116
3971,58486,0.04393397
3972,94630,0.038046364
3973,87022,6.896333e-08
3974,115093,0.0005738214
3975,101381,1.1156952e-05
3976,91734,0.0007016607
3977,105342,0.00013174744
3978,32651,0.08862705
3979,64199,0.005937719
3980,112607,0.023820162
3981,96564,0.021672681
3982,83379,0.00071523926
3983,51203,0.049336616
3984,58954,3.2430336e-05
3985,80864,0.08277817
3986,69398,0.005556081
3987,24384,0.0017238444
3988,48252,2.6174441e-06
3989,27101,5.0132392e-05
3990,58060,0.010650898
3991,52760,0.0022958892
3992,36852,0.026142929
3993,55657,9.2425176e-07
3994,8448,0.0571985
3995,12771,0.00010731385
3996,37435,0.021679174
3997,68554,5.213123e-07
3998,22727,0.026963117
3999,89144,0.0003843683
4000,48773,8.411127e-10
4001,42930,0.06319798
4002,35372,8.022268e-05
4003,87080,0.0053558815
4004,86257,0.002712891
4005,26251,0.021679174
4006,106864,0.023801154
4007,88722,0.072241016
4008,106640,0.100328624
4009,106509,0.02613434
4010,61317,0.08738392
4011,52943,0.04539426
4012,68573,0.0073035657
4013,8129,0.000168062
4014,70913,0.023671066
4015,27184,0.00014615076
4016,9314,0.10339549
4017,100346,0.05315191
4018,84089,0.09320422
4019,57541,0.03811993
4020,110370,0.0093450425
4021,49734,0.09962154
4022,108477,0.013652352
4023,7910,0.014684214
4024,17266,0.0001280077
4025,38222,0.000828518
4026,28765,2.2013237e-05
4027,34963,0.005299632
4028,48,2.4885292e-05
4029,47621,0.0017819547
4030,46982,0.099611595
4031,31464,2.578357e-05
4032,25731,2.9825733e-06
4033,36735,0.0003060023
4034,84571,0.026135925
4035,51446,0.012290965
4036,38101,8.161274e-05
4037,96773,0.21437547
4038,68148,0.00014736401
4039,81131,0.010650898
4040,25277,0.026500614
4041,63154,0.012290965
4042,109211,6.100886e-06
4043,31759,0.09320422
4044,69644,9.092632e-06
4045,93625,0.02613434
4046,60677,0.021830883
4047,37352,0.011097109
4048,94819,0.001994612
4049,48482,0.14226027
4050,32060,0.080349706
4051,84027,0.09320422
4052,60551,0.006100282
4053,89125,9.044867e-06
4054,37521,0.13732068
4055,106498,0.08121795
4056,90839,0.026135925
4057,94678,0.00017156434
4058,112573,1.4042273e-07
4059,45594,0.021679174
4060,50868,1.9697277e-06
4061,22952,0.040469967
4062,74420,7.684874e-05
4063,34612,0.0021636249
4064,16110,0.04259601
4065,57793,0.010650898
4066,4197,2.0479585e-05
4067,93652,0.0071698185
4068,4467,6.361476e-07
4069,113975,0.10034625
4070,35443,0.09962154
4071,57432,0.0023059489
4072,94014,0.012094505
4073,65606,4.6490813e-06
4074,113256,0.0059066657
4075,64257,0.0022984236
4076,55655,0.023820162
4077,76932,0.013164223
4078,70437,0.0072490317
4079,5150,7.699259e-06
4080,9246,6.5771744e-09
4081,59222,0.030027146
4082,43983,0.1221643
4083,34185,0.00033281677
4084,68154,9.504677e-05
4085,55183,2.62419e-06
4086,72790,0.053443428
4087,85241,0.08102648
4088,95972,5.6798495e-08
4089,44352,0.026841305
4090,74195,0.07412055
4091,83600,0.08647778
4092,62377,0.09320422
4093,82161,0.053164907
4094,62550,0.02616657
4095,11224,0.02232074
4096,49366,0.04539426
4097,52044,0.09589467
4098,102659,0.049336616
4099,52964,0.0064235483
4100,112908,3.2671949e-06
4101,34509,4.6278168e-05
4102,27914,1.4733318e-05
4103,80198,0.0136639085
4104,34041,0.023820162
4105,77160,0.00010753952
4106,115741,0.014005615
4107,82329,0.021065777
4108,6770,0.20325932
4109,45134,8.045423e-06
4110,44943,1.9697277e-06
4111,7604,0.2137466
4112,65902,0.005874181
4113,105192,0.0008565468
4114,69215,0.0017894206
4115,4540,0.08731945
4116,13539,0.0001385349
4117,90979,0.026135925
4118,49874,0.0043393155
4119,83824,2.9005747e-05
4120,99592,0.0223023
4121,74953,0.09320422
4122,95222,0.026181428
4123,46853,0.005341019
4124,74154,0.3914626
4125,78674,9.962868e-10
4126,81591,0.09024858
4127,17721,3.2971988e-07
4128,45270,0.0009474859
4129,93504,1.2996415e-05
4130,84769,1.5798228e-06
4131,81201,0.011088824
4132,30938,0.011097109
4133,101427,0.10451969
4134,112879,0.009629513
4135,14669,1.082722e-05
4136,62706,0.049336616
4137,50537,0.026181428
4138,108373,0.057988025
4139,79168,1.318662e-05
4140,16736,0.0005077121
4141,91700,0.08124007
4142,42964,0.00898784
4143,89645,0.0111472765
4144,28191,0.16891932
4145,6679,0.00028969065
4146,12414,9.5446085e-06
4147,87525,0.09422598
4148,63224,2.0521484e-05
4149,109386,0.002712891
4150,4407,0.11523459
4151,28950,3.8860344e-06
4152,29680,0.081077695
4153,48351,1.5630798e-05
4154,101694,1.4750639e-05
4155,6671,0.0013444371
4156,30123,2.62419e-06
4157,92740,4.1818691e-07
4158,69437,3.1432563e-05
4159,59523,0.012290965
4160,92165,0.01346953
4161,97047,6.776812e-05
4162,16150,0.049336616
4163,82266,0.004544401
4164,44858,0.00032867608
4165,45420,0.021830883
4166,72504,0.113523215
4167,31437,0.023820162
4168,42771,0.0007787651
4169,104623,0.008506978
4170,25766,0.023781514
4171,75539,4.9308296e-06
4172,61071,0.029797807
4173,74480,0.02377865
4174,20587,1.3829984e-05
4175,41803,6.0730276e-06
4176,1808,5.572452e-07
4177,9741,0.2638202
4178,104157,0.000671178
4179,48515,0.0022984236
4180,76699,0.010730069
4181,6224,0.0002723132
4182,95225,2.1795493e-05
4183,76676,0.03578192
4184,63262,0.09024858
4185,51334,2.6795205e-05
4186,26498,0.012255126
4187,58247,2.3013754e-06
4188,17819,0.045339257
4189,112965,0.057532605
4190,8996,0.11202961
4191,113106,1.2010688e-06
4192,14815,0.0009879166
4193,25936,0.097816624
4194,28510,1.9679514e-05
4195,3019,0.00016711361
4196,36534,1.9697277e-06
4197,69967,6.1365795e-06
4198,100512,0.00020976145
4199,110289,0.33457837
4200,82289,0.012030361
4201,44170,0.024737151
4202,115063,0.0016086731
4203,93577,0.008538475
4204,12499,0.026173297
4205,45495,1.0807296e-06
4206,101208,0.0009927583
4207,29728,0.021679174
4208,26724,0.0059590633
4209,63979,0.022603992
4210,46370,0.007927067
4211,108290,0.1043515
4212,15193,2.890841e-09
4213,85954,0.0007707466
4214,41721,0.023781514
4215,45499,0.005978615
4216,47088,1.950532e-05
4217,72560,0.002712891
4218,46866,0.026142929
4219,103280,0.0053533465
4220,14558,0.12472075
4221,104745,2.0451596e-05
4222,86059,0.08238045
4223,92079,0.0004297296
4224,67807,0.026135925
4225,42556,0.024294911
4226,103579,0.02377865
4227,72143,0.0013643716
4228,92892,0.02230342
4229,83053,0.024604997
4230,4834,0.049447946
4231,23082,5.3086518e-05
4232,62669,0.0053558815
4233,25787,8.596032e-05
4234,109961,0.049283862
4235,86543,0.026135925
4236,31846,0.010499098
4237,13149,0.049336616
4238,21022,0.035874978
4239,87614,0.08738392
4240,2252,0.014456397
4241,67827,0.015564003
4242,57166,0.0018912517
4243,22873,6.165899e-06
4244,92197,0.1067664
4245,25180,3.8815596e-08
4246,41411,0.026142929
4247,51193,0.0059590633
4248,109925,0.006732469
4249,38809,0.00065225404
4250,45003,0.026142929
4251,33713,0.026181428
4252,77563,0.05803009
4253,40431,0.03179176
4254,47439,0.10823642
4255,24624,0.005978615
4256,16406,0.056731988
4257,68465,0.02377865
4258,64509,0.034249127
4259,97969,0.08737103
4260,98414,0.009634675
4261,98681,0.10823642
4262,70524,3.432272e-05
4263,41736,0.021830883
4264,6810,0.0007040818
4265,105294,2.5947902e-05
4266,98015,0.08737103
4267,24313,0.016467072
4268,42001,0.026142929
4269,48031,0.0105963135
4270,91907,0.10034625
4271,89945,0.00057417376
4272,19272,0.002174483
4273,49051,0.056739822
4274,25212,0.05803009
4275,23682,0.04090679
4276,63704,5.2689193e-05
4277,67061,0.0045348913
4278,78520,0.049336616
4279,35370,0.049336616
4280,42832,0.0007675433
4281,45004,3.53145e-05
4282,62451,7.4609425e-06
4283,87375,0.0059239045
4284,88207,5.0737694e-06
4285,64741,0.005874181
4286,10025,0.00023949315
4287,69948,0.18273632
4288,109919,0.0065635554
4289,6713,0.046310052
4290,40332,0.049336616
4291,103045,0.037660237
4292,88704,0.003907042
4293,39230,1.4566812e-05
4294,47798,0.026135925
4295,77035,0.0218086
4296,16219,1.1382178e-06
4297,42412,0.026142929
4298,6490,0.090992585
4299,19538,4.562723e-06
4300,69508,0.021672681
4301,69528,0.04393397
4302,93905,0.057988025
4303,40948,0.023781514
4304,59076,0.0022984236
4305,39017,0.0020258278
4306,60753,0.0022984236
4307,69054,8.791827e-05
4308,103877,0.08121795
4309,79729,0.00043403634
4310,32409,2.62419e-06
4311,99473,6.7364905e-05
4312,72488,0.004544401
4313,58873,0.0972324
4314,91526,0.0069630705
4315,6762,0.049447946
4316,97858,0.004544401
4317,28823,0.0018660654
4318,35586,7.606483e-08
4319,55363,2.6524908e-06
4320,77072,9.049388e-06
4321,40978,4.1401487e-09
4322,438,9.9720426e-05
4323,30972,2.62419e-06
4324,49326,0.020493431
4325,508,0.053160775
4326,110180,6.3366174e-06
4327,60661,0.020493431
4328,15868,0.009777572
4329,10308,5.915758e-05
4330,50032,0.029797807
4331,55381,0.09320422
4332,26154,0.0001433465
4333,103935,0.046848617
4334,64902,0.005874181
4335,108344,2.443614e-05
4336,63073,2.8866258e-05
4337,59759,0.00018928468
4338,100206,0.05459517
4339,101822,0.08737103
4340,77259,0.00027749815
4341,70996,0.08738392
4342,41735,1.7068322e-08
4343,9608,0.05673552
4344,106362,0.006100282
4345,54023,2.62419e-06
4346,55649,0.023820162
4347,7076,0.0003974951
4348,114985,0.0023330073
4349,47151,0.026142929
4350,12633,0.03274922
4351,61338,1.3250809e-05
4352,66591,1.8603943e-05
4353,10567,0.00037217102
4354,49859,0.049336616
4355,94746,0.021710591
4356,82346,0.037660237
4357,51425,0.0133647015
4358,17483,0.00022670807
4359,100101,0.05671502
4360,15612,3.22955e-05
4361,14834,0.00056672853
4362,34193,1.8768278e-05
4363,92991,2.17422e-05
4364,14737,0.07027225
4365,94426,0.053176396
4366,102051,0.023743873
4367,62507,0.02616657
4368,99264,0.05535355
4369,39778,0.038295813
4370,12385,0.36511776
4371,72254,0.056715835
4372,51885,8.022268e-05
4373,88898,2.5825673e-06
4374,40532,1.0178778e-05
4375,55761,9.071983e-06
4376,43658,6.776812e-05
4377,84789,0.0022984236
4378,16781,0.049336616
4379,36166,1.0222487e-06
4380,44938,0.012290965
4381,83318,0.1221643
4382,22872,0.00020920797
4383,25051,8.753719e-09
4384,24910,2.2276424e-06
4385,86911,1.5734537e-09
4386,55763,1.3043512e-05
4387,82245,0.02377865
4388,14400,0.012290965
4389,108519,5.2104035e-05
4390,32996,0.0009754471
4391,41334,0.021830883
4392,97939,0.0007843714
4393,67193,0.0004148255
4394,89246,0.042505115
4395,12277,7.458887e-05
4396,52184,0.5024314
4397,41974,0.026142929
4398,58802,1.975083e-08
4399,54939,2.1077358e-05
4400,73624,0.026135925
4401,9866,0.00026486162
4402,69238,2.3673927e-05
4403,31351,1.8619406e-07
4404,86156,0.0022984236
4405,44379,0.04539426
4406,9329,1.3135121e-06
4407,54181,0.02468026
4408,92246,0.024905438
4409,81550,1.1612158e-05
4410,2857,0.049451713
4411,94217,0.09820678
4412,63427,2.2265265e-05
4413,96095,5.857629e-05
4414,102738,0.11376301
4415,52643,5.5396335e-06
4416,12376,0.012824781
4417,106046,0.037660237
4418,76823,9.101227e-05
4419,61842,1.1014862e-08
4420,93037,0.08738392
4421,96790,9.977326e-07
4422,91605,0.021065777
4423,111105,0.011679627
4424,108964,0.057988025
4425,74268,8.388635e-06
4426,111970,0.021672681
4427,74938,1.8603943e-05
4428,30069,1.8172184e-08
4429,52590,0.021065777
4430,105222,0.08734493
4431,22142,2.2328948e-05
4432,79132,2.0599913e-05
4433,67301,0.034049403
4434,91720,0.02292222
4435,112703,0.18526624
4436,32048,0.026181428
4437,41359,0.010949085
4438,53902,9.071983e-06
4439,74299,0.014005615
4440,1194,0.0051189233
4441,62921,0.0972324
4442,25362,1.1298083e-06
4443,51239,0.0136639085
4444,77059,2.62419e-06
4445,3609,0.112459406
4446,33703,9.572713e-06
4447,103625,0.000504414
4448,73848,4.325955e-05
4449,90182,0.00057417376
4450,49131,0.06463914
4451,45849,8.13333e-06
4452,90922,0.006100282
4453,107501,0.022664648
4454,6033,8.104381e-05
4455,88243,0.0053558815
4456,6012,3.3373708e-06
4457,75767,0.00047839596
4458,110587,0.057988025
4459,107527,8.748212e-07
4460,20745,0.023806605
4461,101749,0.09820678
4462,60536,0.0006736186
4463,23373,0.038754445
4464,59757,0.005275688
4465,53527,1.1708057e-07
4466,30131,0.0023129375
4467,113660,5.1436513e-09
4468,12141,0.004806912
4469,34276,9.375332e-05
4470,29529,9.025729e-07
4471,45986,0.009287767
4472,80975,0.010493834
4473,1122,0.017452875
4474,90892,0.09313801
4475,90226,0.09422598
4476,95197,0.033066846
4477,115072,0.04664809
4478,32198,0.00045098853
4479,108918,0.14214107
4480,112345,3.7313262e-07
4481,77993,0.13933435
4482,57674,0.0007909992
4483,25073,0.0091937715
4484,35852,1.6933677e-09
4485,39350,0.06463914
4486,11745,0.00015728801
4487,110550,2.8653578e-06
4488,100298,0.02613434
4489,67330,0.056715835
4490,9400,0.0037380047
4491,68843,0.012030361
4492,21601,0.00028366476
4493,7384,0.00012349333
4494,94624,0.014481977
4495,46831,0.0023194642
4496,76708,0.045353234
4497,62,0.0011669002
4498,32474,0.0004751205
4499,3649,0.00027361445
4500,51703,0.026181428
4501,41837,0.00014976184
4502,33676,1.4320422e-05
4503,79353,0.08737103
4504,89078,0.009724287
4505,96009,0.09024858
4506,675,0.0025782934
4507,108465,0.004544401
4508,86169,2.6174441e-06
4509,7909,5.4851178e-05
4510,114579,0.15785247
4511,46044,0.026142929
4512,66563,0.0029230036
4513,44571,8.114937e-05
4514,21347,0.02000054
4515,953,5.4851178e-05
4516,66702,0.013329179
4517,15098,3.4447353e-06
4518,96061,0.00019941534
4519,53119,2.2766854e-07
4520,101507,1.0824507e-07
4521,17928,1.1382178e-06
4522,29608,0.00015032956
4523,71558,0.11345961
4524,95497,0.08737103
4525,84033,0.026135925
4526,57909,1.9763773e-05
4527,101844,0.008561215
4528,47693,0.00013719611
4529,69086,3.8332644e-05
4530,66470,0.005874181
4531,103335,0.60890335
4532,40728,0.026963117
4533,62252,1.15873186e-10
4534,59919,0.005556081
4535,25944,0.023781514
4536,85736,0.0022967674
4537,101098,0.00014630191
4538,33380,0.013444341
4539,93899,0.0072950013
4540,39429,0.21266392
4541,22262,1.7564527e-06
4542,59826,2.2885499e-05
4543,65787,0.0059205894
4544,63266,5.262096e-06
4545,84142,0.00019515412
4546,68069,0.07412055
4547,41092,0.029797807
4548,10987,0.00022224168
4549,114451,5.7242946e-06
4550,45839,0.099611595
4551,80330,0.02377865
4552,96316,0.04393397
4553,13389,0.09053307
4554,32422,0.026181428
4555,70096,0.0034891956
4556,29090,0.004465827
4557,81641,0.0040384154
4558,63947,0.00050210237
4559,24260,0.0023194642
4560,58726,1.5493107e-06
4561,53777,0.16894756
4562,54049,0.04393397
4563,106194,5.7765785e-05
4564,107616,0.08734493
4565,65876,1.4374031e-05
4566,37966,0.020773213
4567,94645,8.002082e-07
4568,7322,0.265073
4569,102277,0.004544401
4570,110688,0.11376301
4571,49346,0.001747538
4572,68988,0.026135925
4573,12069,0.00014472984
4574,1220,0.15469432
4575,18466,2.245168e-05
4576,84765,0.049336616
4577,51887,0.112185225
4578,10564,0.049447946
4579,81751,0.0001446665
4580,84216,2.3692357e-05
4581,85342,0.0114320945
4582,110958,0.002712891
4583,90080,0.0006632367
4584,88461,2.0553052e-06
4585,115441,0.062201545
4586,64709,0.01554043
4587,35221,0.021710591
4588,35735,0.029797807
4589,65436,0.016595326
4590,80435,0.004544401
4591,33136,2.62419e-06
4592,62410,0.04393397
4593,33265,0.01667424
4594,17314,7.2924195e-05
4595,61530,0.033284225
4596,87505,0.0053558815
4597,17892,0.01222676
4598,21406,1.4625061e-08
4599,84787,0.026135925
4600,102341,0.0031419564
4601,6732,0.027779121
4602,10046,0.08731945
4603,76838,0.002712891
4604,73797,0.0053558815
4605,59978,0.13304605
4606,2973,7.506302e-05
4607,4888,0.037673306
4608,114881,9.583493e-05
4609,64442,1.3000841e-05
4610,102706,0.002712891
4611,105865,0.006202521
4612,3693,0.00031374235
4613,13448,1.301002e-05
4614,9429,0.0044933604
4615,39241,0.017274432
4616,103242,0.07408704
4617,99187,3.875335e-06
4618,40538,2.7476287e-06
4619,43198,0.011097109
4620,93330,0.0053558815
4621,105997,0.00021342511
4622,37533,2.570407e-06
4623,28332,0.0059590633
4624,90667,0.08738392
4625,24284,0.029797807
4626,82886,0.021830883
4627,84122,2.1095677e-05
4628,44175,0.09320422
4629,103750,0.09820678
4630,10093,0.049447946
4631,19526,7.0064034e-06
4632,84223,0.05315191
4633,58477,0.021710591
4634,60313,0.03767647
4635,49417,9.572713e-06
4636,4846,0.09960311
4637,28069,0.21004729
4638,62864,0.08738392
4639,45896,1.6490327e-06
4640,83320,7.5268516e-05
4641,55102,2.032515e-06
4642,34359,0.038768277
4643,102133,0.09422034
4644,47884,0.00034236116
4645,84486,0.00045688087
4646,46314,3.0294495e-06
4647,88946,1.1421084e-06
4648,25479,1.9697277e-06
4649,111250,0.051729362
4650,30965,0.11861761
4651,108989,8.413223e-05
4652,105124,1.2613813e-07
4653,97647,0.08124007
4654,67238,0.0045348913
4655,78110,1.9697277e-06
4656,61931,4.3432872e-05
4657,71670,0.038768277
4658,31355,0.021679174
4659,103044,6.793933e-05
4660,76812,6.0530687e-07
4661,96503,0.02377865
4662,10294,0.07791698
4663,35398,4.1104657e-05
4664,58829,0.049336616
4665,64625,2.5838262e-06
4666,39595,0.003907714
4667,4356,0.03274922
4668,113027,0.0053533465
4669,66394,9.024508e-06
4670,45146,1.1098416e-05
4671,17548,9.294215e-06
4672,9891,0.00081390934
4673,81175,0.021672681
4674,13565,4.2587846e-05
4675,22037,3.7005702e-06
4676,22972,9.39951e-05
4677,52846,0.023820162
4678,61752,0.08102648
4679,82802,0.058013294
4680,86501,0.016694603
4681,22955,0.09053307
4682,54226,0.009164802
4683,34683,0.09962154
4684,95146,7.079993e-06
4685,20526,0.00123609
4686,83343,1.0944456e-05
4687,112372,6.2947993e-06
4688,102696,0.09313801
4689,31093,0.002256826
4690,96459,0.055771064
4691,27956,0.049310457
4692,51087,0.020780627
4693,79693,0.07839971
4694,20780,0.00599666
4695,21589,0.008627053
4696,70942,0.08862705
4697,1155,0.053469826
4698,62723,0.08738392
4699,77824,0.002712891
4700,11817,5.593355e-05
4701,108272,1.1192856e-06
4702,59611,5.182356e-05
4703,108034,0.045394424
4704,91430,0.0069630705
4705,68499,2.6174441e-06
4706,37876,0.00062681397
4707,87323,0.00012336682
4708,113052,0.057532605
4709,14350,0.02616657
4710,88503,0.02000054
4711,15609,0.06888089
4712,23293,6.399565e-05
4713,39586,0.026963117
4714,85470,0.00035156828
4715,25496,0.026142929
4716,112268,0.0052626817
4717,19963,0.0017401377
4718,3468,0.036972657
4719,42248,0.049310457
4720,8018,0.0022158404
4721,32302,3.1940996e-05
4722,83806,0.07839971
4723,10657,0.031639293
4724,19714,0.0011154817
4725,114995,0.00015577025
4726,115296,0.02369518
4727,44704,0.00023933132
4728,70631,0.3383837
4729,47995,0.037660237
4730,18507,3.093192e-08
4731,84906,0.0016623812
4732,78952,0.011160305
4733,27026,0.0059590633
4734,100484,1.1230578e-06
4735,59147,0.11345961
4736,12881,0.0035221963
4737,18953,5.1075785e-06
4738,90856,0.017561007
4739,113819,0.02618642
4740,2785,0.040336855
4741,60652,4.6510017e-06
4742,11677,0.049447946
4743,38992,1.366897e-06
4744,44769,5.1567076e-06
4745,48607,1.1453738e-05
4746,5467,0.05673552
4747,49418,3.9203973e-09
4748,104132,0.122919805
4749,115171,1.149698e-06
4750,40751,1.0178778e-05
4751,81364,0.002712891
4752,44944,0.04539426
4753,73548,0.11521632
4754,27349,0.0021636249
4755,97656,0.02927802
4756,3746,6.91521e-05
4757,24922,2.9298208e-05
4758,11945,1.901196e-05
4759,15482,8.193479e-07
4760,106477,0.005874181
4761,92712,2.3692357e-05
4762,94895,0.004544401
4763,26391,0.0007687811
4764,69143,0.084192276
4765,40401,1.1660843e-05
4766,71228,7.080086e-05
4767,48708,0.1162526
4768,37199,0.12206947
4769,73489,5.9459744e-06
4770,11216,3.84052e-05
4771,13430,0.08611025
4772,35687,0.023820162
4773,23567,0.026142929
4774,87088,0.005273019
4775,8906,0.049447946
4776,51556,0.0007997852
4777,74011,0.05315191
4778,17241,0.0004436919
4779,35246,0.09962154
4780,101222,2.032794e-06
4781,73438,0.00012783521
4782,90246,0.002712891
4783,115411,0.0003843683
4784,64170,0.00016672812
4785,21341,0.00599666
4786,44847,5.2226613e-05
4787,86556,0.00026812087
4788,113739,0.10823642
4789,90429,0.08862705
4790,81571,0.002712891
4791,86552,0.00015179068
4792,56896,0.09962154
4793,39181,9.958786e-05
4794,103728,0.0093450425
4795,24584,0.03688575
4796,4106,0.00032520725
4797,109413,5.280671e-06
4798,87075,0.00035354253
4799,98176,0.012391637
4800,8627,0.0571985
4801,17469,0.0006035523
4802,59828,0.010595028
4803,108522,0.00586795
4804,21919,0.00020316122
4805,32317,0.04393397
4806,35623,0.010936946
4807,41313,0.04393397
4808,57009,3.0191702e-06
4809,60081,0.08468841
4810,43643,3.1917526e-07
4811,98576,0.08737103
4812,29189,0.0010621368
4813,80309,1.5864932e-06
4814,31105,0.0053107133
4815,61596,0.0012465584
4816,57150,2.692081e-06
4817,98141,0.35135502
4818,66762,0.0022984236
4819,57063,0.008468298
4820,82294,0.022603992
4821,49336,0.09962154
4822,13422,0.09962154
4823,86809,0.005132005
4824,20580,0.02621972
4825,43033,0.02078164
4826,96570,0.09020935
4827,45351,0.176776
4828,50910,0.0004625211
4829,72125,8.428425e-05
4830,47661,0.026142929
4831,3634,0.09580944
4832,111978,0.08131125
4833,3340,0.11202961
4834,62155,0.09024858
4835,35775,6.987543e-05
4836,75190,2.251873e-06
4837,26454,0.021679174
4838,105242,0.0006608334
4839,79533,6.119696e-06
4840,108531,0.094207056
4841,9074,0.00019006705
4842,41639,8.0078615e-05
4843,30856,0.012304425
4844,36226,0.049336616
4845,52225,0.021710591
4846,16862,0.029797807
4847,37476,0.049310457
4848,100378,0.020436222
4849,11748,6.28506e-07
4850,100719,0.00067782763
4851,19600,0.07626605
4852,91837,0.0009488943
4853,33439,0.006018026
4854,37944,0.0007291099
4855,14903,7.7984805e-05
4856,41436,0.16894756
4857,114595,7.4110784e-07
4858,42781,0.017274432
4859,42288,0.07225981
4860,13416,7.230549e-05
4861,65383,0.0055510015
4862,98984,0.082365364
4863,84993,0.043910734
4864,72537,0.021065777
4865,32761,0.04539426
4866,102598,5.0246776e-06
4867,114782,1.2930005e-05
4868,94859,3.2440875e-07
4869,66269,7.4609425e-06
4870,37610,4.1732943e-05
4871,65786,0.021190042
4872,11429,0.049447946
4873,68712,0.004544401
4874,2648,0.0005009109
4875,109379,0.00025931865
4876,83078,0.02927802
4877,102426,0.0962711
4878,32732,0.0059187314
4879,94692,0.005937719
4880,3564,0.049451713
4881,57884,0.09962154
4882,21534,9.339274e-05
4883,40705,0.00020033756
4884,44205,0.052510794
4885,9759,0.00052104914
4886,14726,3.4447353e-06
4887,27602,0.1162526
4888,104376,0.0582493
4889,51607,1.6731488e-05
4890,83975,0.026135925
4891,83792,0.07412055
4892,94587,3.2788546e-07
4893,55935,0.09024858
4894,66580,0.00043067776
4895,33445,0.01566873
4896,35365,0.0010458993
4897,38402,7.7072065e-05
4898,88398,0.0001396157
4899,111360,0.06290967
4900,111791,9.101227e-05
4901,9333,0.0005296824
4902,47786,0.00022435134
4903,40137,0.04393397
4904,57407,0.0031419564
4905,62540,8.519816e-08
4906,107855,0.011088824
4907,32291,0.009208665
4908,108393,0.09020935
4909,37069,0.048951186
4910,43695,0.010949085
4911,69139,0.012102011
4912,20053,0.02616657
4913,78405,1.6071079e-05
4914,62347,0.09422598
4915,92016,3.1999477e-07
4916,73813,0.0053558815
4917,66719,0.005937719
4918,108639,0.00042987222
4919,113890,0.08121349
4920,19015,0.003447324
4921,19118,0.005888243
4922,43779,0.023781514
4923,63759,1.5697262e-07
4924,57349,1.2273117e-08
4925,8209,0.00027330365
4926,103463,0.0022883825
4927,74731,0.080085464
4928,90119,0.08131125
4929,95327,0.00044375574
4930,96779,0.080304414
4931,66592,0.00034358745
4932,66680,4.391198e-05
4933,49064,0.084192276
4934,115696,5.2675427e-05
4935,23546,1.6555608e-05
4936,20597,0.023806605
4937,7857,2.8347487e-09
4938,7938,0.11202961
4939,77877,0.1162526
4940,61042,0.07412055
4941,27250,5.5405013e-05
4942,23521,1.0936546e-08
4943,31053,0.0050205356
4944,15568,0.09032336
4945,100787,0.05671502
4946,111586,0.0035273733
4947,26976,1.3227376e-05
4948,95618,4.2044045e-05
4949,23897,1.9697277e-06
4950,97740,0.020476043
4951,92214,0.08738392
4952,29211,0.049310457
4953,59093,0.00022435134
4954,33225,1.9697277e-06
4955,103999,0.09024858
4956,81640,1.0837437e-05
4957,74064,2.421731e-06
4958,84968,0.004544401
4959,58338,3.8298685e-06
4960,42045,2.6184828e-06
4961,15024,0.017267156
4962,62881,0.012102011
4963,44627,0.097816624
4964,103993,0.004105905
4965,107612,0.0028722917
4966,114615,5.612748e-06
4967,49957,0.14577499
4968,108739,3.6666557e-07
4969,80478,3.6309586e-05
4970,41769,4.056949e-06
4971,103926,3.2298485e-05
4972,44954,1.9697277e-06
4973,63600,7.411051e-05
4974,1683,0.20139582
4975,50255,0.056739822
4976,35457,0.026181428
4977,13965,1.0352904e-06
4978,94438,0.026181428
4979,99802,0.04534585
4980,29668,0.09320422
4981,88146,0.08738392
4982,93541,5.5396335e-06
4983,115908,1.5470781e-05
4984,107387,0.002712891
4985,86804,0.004544401
4986,41246,5.961242e-06
4987,72345,0.00060517294
4988,97692,8.306361e-06
4989,29265,0.049310457
4990,112350,0.0022861029
4991,55074,0.005888243
4992,103694,4.6909768e-06
4993,85702,1.7892171e-05
4994,85856,0.012406625
4995,80504,0.011679627
4996,56304,1.2748837e-05
4997,104240,0.037660237
4998,50338,0.005299632
4999,41505,0.021679174
5000,8682,0.0068473406
5001,11712,0.07791698
5002,74894,0.07412055
5003,38249,0.026142929
5004,30264,0.026181428
5005,50703,0.017662093
5006,81247,0.095814355
5007,37317,0.038295813
5008,47564,1.7978615e-05
5009,52229,0.011097109
5010,92976,7.832667e-05
5011,11496,4.432813e-08
5012,13029,0.05673552
5013,46155,0.016483126
5014,114874,0.019720268
5015,89192,0.07934575
5016,77242,0.08738392
5017,42066,0.1221643
5018,20988,0.00599666
5019,80774,3.6160971e-10
5020,12666,0.026173297
5021,41670,0.053443428
5022,6236,0.08731945
5023,40013,0.05184182
5024,55632,0.009943415
5025,6459,2.5522677e-06
5026,77347,0.055773284
5027,28212,0.0031894953
5028,38132,0.00020163071
5029,95925,0.013461371
5030,99401,0.027143722
5031,8074,4.9152102e-05
5032,70877,0.113523215
5033,8329,5.4851178e-05
5034,69009,0.04539426
5035,14331,0.037563745
5036,18485,5.9330823e-06
5037,45235,0.026142929
5038,52783,0.000104071914
5039,49491,0.049336616
5040,36160,0.021710591
5041,34159,0.1162526
5042,61011,0.0053558815
5043,33463,0.017274432
5044,103081,0.02377865
5045,63119,0.17678386
5046,8493,0.0006445499
5047,66491,1.3968818e-05
5048,64025,1.3000841e-05
5049,112444,0.026051356
5050,70967,2.7260802e-07
5051,92705,4.31609e-05
5052,54531,0.030108871
5053,59940,0.08738392
5054,110441,1.5670564e-09
5055,30678,0.006045044
5056,112000,0.09024858
5057,105427,0.08734493
5058,35912,0.026181428
5059,10851,0.35837838
5060,47233,1.7564527e-06
5061,114933,8.6365384e-05
5062,57258,0.0045089237
5063,94972,0.0022984236
5064,57102,5.5396335e-06
5065,18352,3.221159e-05
5066,114842,4.4670064e-06
5067,72209,1.6199423e-06
5068,20507,0.005741864
5069,96257,0.010826234
5070,74463,1.7892171e-05
5071,97156,0.043910734
5072,19364,0.010983695
5073,11970,0.054134574
5074,17516,0.05803009
5075,91897,1.02280155e-05
5076,56498,0.055773284
5077,110574,9.9402305e-06
5078,63310,0.016595326
5079,114124,0.0013919431
5080,17791,0.020493431
5081,15492,6.67838e-09
5082,55783,0.0059590633
5083,29269,0.0053107133
5084,75272,0.037904825
5085,101973,0.00015119987
5086,15496,0.015743123
5087,6378,0.054678805
5088,82055,0.00065725046
5089,61878,0.0053558815
5090,83170,0.08131125
5091,31533,0.026181428
5092,115723,0.02277482
5093,60309,0.113523215
5094,20410,1.05728805e-05
5095,31964,0.005888243
5096,42700,8.668505e-06
5097,78210,3.2671949e-06
5098,111783,4.026693e-05
5099,13132,0.06064718
5100,23503,0.05315191
5101,13150,0.0026298072
5102,57312,1.34766615e-05
5103,69638,0.08738392
5104,99606,4.295453e-05
5105,62134,3.0663003e-08
5106,16990,0.011160305
5107,87318,1.1461583e-05
5108,61602,0.0022984236
5109,55736,0.036839973
5110,64117,0.0022984236
5111,20163,0.02616657
5112,5415,1.5781794e-08
5113,27206,0.06384397
5114,110120,5.891848e-06
5115,35566,6.113403e-07
5116,56096,0.012102011
5117,39902,1.4320422e-05
5118,76622,0.013495838
5119,69047,3.5404366e-05
5120,70767,0.023820162
5121,59341,0.18322045
5122,89285,0.39881495
5123,115527,0.0053533465
5124,54093,0.0059590633
5125,102794,0.0022968461
5126,69962,0.010650898
5127,104421,0.0002668707
5128,59819,0.08738392
5129,37427,0.18280467
5130,9602,2.0422965e-05
5131,36300,4.682725e-08
5132,78137,0.035874978
5133,64653,0.010568154
5134,15677,0.008488988
5135,113009,0.009141401
5136,15451,6.3876987e-06
5137,95076,4.097531e-06
5138,81530,0.085608646
5139,44957,9.491743e-05
5140,27588,0.024926446
5141,58579,0.045596153
5142,6230,5.221252e-05
5143,35915,0.00014293416
5144,103467,0.017413767
5145,103720,0.057988025
5146,53823,1.1714712e-05
5147,113019,0.020654418
5148,51183,1.3227376e-05
5149,58214,0.11345961
5150,71816,0.004544401
5151,69570,0.0054545235
5152,14360,1.3283897e-05
5153,14052,1.35025075e-05
5154,78953,2.3673927e-05
5155,111641,0.021672681
5156,22062,0.017274432
5157,50846,1.7564527e-06
5158,4021,0.05673552
5159,4117,3.477952e-05
5160,108135,0.0017303695
5161,104715,0.006202521
5162,44935,0.05280404
5163,53732,0.017274432
5164,16766,5.240212e-05
5165,918,1.745973e-05
5166,85460,0.0002580347
5167,35714,0.05803009
5168,28313,0.038295813
5169,90758,0.029797807
5170,80829,0.005952412
5171,96020,4.5225407e-10
5172,92053,0.00641699
5173,54118,0.04638423
5174,72266,0.0043699793
5175,111001,0.0053533465
5176,84241,0.0069534653
5177,109724,4.189815e-06
5178,95108,0.026963117
5179,54558,0.026181428
5180,6119,0.01727792
5181,38688,0.023781514
5182,31849,1.3539488e-07
5183,104065,0.10676101
5184,83265,4.2551844e-07
5185,26194,0.0059590633
5186,106636,0.116239734
5187,52461,6.158984e-07
5188,43215,0.056719538
5189,112441,0.10451877
5190,26328,4.1756066e-06
5191,83315,0.0008293774
5192,47433,1.8172184e-08
5193,27019,0.026181428
5194,58685,2.4473748e-06
5195,81737,0.09024858
5196,77339,0.001056556
5197,13932,0.30350995
5198,92790,1.3585654e-06
5199,106994,0.050248463
5200,24532,1.4276379e-05
5201,113615,0.08733429
5202,30474,8.57038e-05
5203,82917,0.03299105
5204,29716,0.18754634
5205,7890,0.00041268204
5206,18568,1.5679498e-05
5207,17986,0.0001280077
5208,77412,0.0022984236
5209,78528,0.0015578313
5210,18135,7.2924195e-05
5211,67836,0.02120468
5212,61720,0.022603992
5213,40041,0.0003699659
5214,27412,3.9340957e-06
5215,7153,0.0024617747
5216,39003,0.14117453
5217,22396,2.0521484e-05
5218,68534,0.00036863863
5219,44976,0.07840325
5220,96513,0.021672681
5221,108616,0.006397683
5222,30073,0.0059590633
5223,20234,0.00015245532
5224,112494,0.049283862
5225,41368,0.080349706
5226,76601,0.002712891
5227,62642,0.009048908
5228,3210,0.00025502805
5229,35715,4.1548217e-05
5230,102122,0.02658666
5231,94454,0.021710591
5232,2007,0.031898722
5233,2638,0.00032632842
5234,91701,0.000541262
5235,56784,0.0001822962
5236,101178,7.788484e-06
5237,51399,1.3989745e-06
5238,8071,0.0013486351
5239,34687,0.60890335
5240,91074,0.02377865
5241,787,0.000388778
5242,12719,1.2254372e-07
5243,91298,0.0010338894
5244,9679,0.10402867
5245,12011,9.599068e-06
5246,84808,0.026135925
5247,133,0.017267156
5248,69879,0.0007543245
5249,64375,0.00019633741
5250,82381,0.014005615
5251,82978,0.005933206
5252,72762,0.049336616
5253,105564,0.02105874
5254,74599,5.9860236e-07
5255,110966,6.367379e-06
5256,89533,0.08738392
5257,60104,0.2073114
5258,52581,0.002712891
5259,71576,3.5252015e-05
5260,44914,0.0063674343
5261,42588,1.0891739e-05
5262,85257,0.02377865
5263,74975,7.9213027e-07
5264,113443,7.4796066e-05
5265,19251,0.0016204432
5266,104248,0.038751595
5267,56147,0.0015447469
5268,71934,0.0007843479
5269,46729,0.023781514
5270,69222,4.325955e-05
5271,82551,0.021672681
5272,110457,0.012095702
5273,74922,5.5396335e-06
5274,51812,0.023820162
5275,2050,0.050087184
5276,61575,2.8866258e-05
5277,71261,2.6174441e-06
5278,25863,0.015781257
5279,55328,0.04393397
5280,1361,3.6170273e-05
5281,86745,0.026135925
5282,95180,0.09422034
5283,55837,0.005531024
5284,21959,7.2157724e-07
5285,29193,0.020727588
5286,70725,0.014803972
5287,5975,0.0005677557
5288,70797,0.012030361
5289,77842,1.3199552e-06
5290,92474,6.7364905e-05
5291,37661,9.350323e-07
5292,6155,0.08731945
5293,87969,2.5825673e-06
5294,89915,0.04125952
5295,55964,0.08738392
5296,111352,0.00044874148
5297,74780,0.01333251
5298,10134,0.0058685923
5299,96812,1.2533725e-05
5300,56912,0.021710591
5301,8438,0.0007246234
5302,33971,0.00017774309
5303,15477,0.015743123
5304,99498,0.00079691905
5305,65028,0.050108016
5306,28317,0.0059590633
5307,71164,0.08862705
5308,75305,1.16532265e-05
5309,105766,0.00012832558
5310,28108,0.049310457
5311,58527,1.868315e-05
5312,104369,9.161317e-07
5313,65590,0.00011550458
5314,101309,0.057988025
5315,49484,0.02927802
5316,10460,7.5972266e-06
5317,25840,0.14925276
5318,114015,0.011457752
5319,40764,3.7384118e-05
5320,5424,0.08731945
5321,37360,0.010509218
5322,76549,7.4609425e-06
5323,84267,0.026135925
5324,68350,0.07626605
5325,97428,0.09313801
5326,40934,1.0891739e-05
5327,7994,6.762049e-05
5328,1767,0.00023780733
5329,104193,0.009924685
5330,76813,2.5826264e-06
5331,106705,2.0636169e-06
5332,96358,0.04534585
5333,86486,0.026963117
5334,62616,0.037663013
5335,82351,2.0186415e-06
5336,91077,0.09313801
5337,47191,5.4893565e-07
5338,23915,4.850789e-06
5339,96604,1.11489e-06
5340,59326,0.023820162
5341,96406,0.04534585
5342,95473,0.04393397
5343,57274,1.7537212e-06
5344,105796,0.03819129
5345,110874,0.043887034
5346,35313,0.04393397
5347,18820,0.0008105337
5348,47970,0.086699754
5349,104346,0.00012621495
5350,106011,0.0059379414
5351,52969,0.11065459
5352,3772,0.038565822
5353,102641,0.044944916
5354,83687,0.0065763663
5355,76706,0.026135925
5356,14,0.02232074
5357,31520,0.0005106126
5358,92381,0.021672681
5359,98747,0.09960683
5360,70597,0.026135925
5361,42267,0.0029234414
5362,68468,0.012102011
5363,66826,0.08022873
5364,64643,4.0894734e-05
5365,102993,0.00027378718
5366,110090,0.0114241
5367,33078,0.0073035657
5368,24466,0.06064718
5369,2884,0.11202961
5370,102622,4.325955e-05
5371,62017,7.369682e-06
5372,45229,0.021679174
5373,77599,0.012290965
5374,24720,0.23972273
5375,78816,0.09962154
5376,8961,4.9152102e-05
5377,80151,6.5847263e-07
5378,67704,2.8233649e-06
5379,84446,0.0029646633
5380,82493,0.005273149
5381,107747,0.057988025
5382,74563,0.027453968
5383,67653,0.005556081
5384,111866,0.02277482
5385,77827,0.008498998
5386,43482,0.021679174
5387,85253,0.00014130757
5388,31970,0.026181428
5389,74578,0.014005615
5390,40408,2.1891108e-06
5391,45183,0.026142929
5392,52257,0.0023059489
5393,1715,0.00014787639
5394,105845,2.873897e-05
5395,55859,0.021830883
5396,634,4.4574517e-08
5397,90102,0.04393397
5398,90516,3.259424e-06
5399,26321,2.0441616e-05
5400,103838,0.0053533465
5401,10990,0.046310052
5402,89305,0.00013348364
5403,74750,0.005275688
5404,5160,7.1101567e-06
5405,25359,0.00029331187
5406,107915,0.0067060706
5407,114659,0.056739822
5408,105583,0.09820678
5409,99760,0.00024755648
5410,6905,7.869855e-05
5411,48105,0.0053558815
5412,73523,0.0001396157
5413,22786,0.00034794983
5414,18681,0.008768895
5415,6889,4.7791087e-05
5416,88132,0.004544401
5417,110506,0.02377865
5418,108712,0.011366514
5419,89464,0.004544401
5420,69010,0.0011792493
5421,108410,9.955571e-06
5422,55615,0.023820162
5423,45458,1.420187e-05
5424,88147,0.0022984236
5425,114845,0.027356073
5426,31980,0.0059187314
5427,63141,0.09024858
5428,89687,0.021830883
5429,97463,0.009634675
5430,35226,0.026181428
5431,52898,0.0107475715
5432,1223,0.002967873
5433,102077,2.9903637e-07
5434,62169,0.024618136
5435,14973,7.993822e-06
5436,17077,4.6736393e-05
5437,23039,3.0070412e-06
5438,43260,0.010949085
5439,107850,0.022664648
5440,55068,0.010108164
5441,101863,0.0026419768
5442,32130,0.00036092004
5443,65744,0.0022978769
5444,75129,0.00014565937
5445,90467,0.013999118
5446,51624,0.023820162
5447,85180,1.484253e-05
5448,83266,7.683071e-06
5449,38703,0.14514124
5450,38369,0.017274432
5451,41424,0.00045038105
5452,45827,0.036700565
5453,45640,0.035874978
5454,41521,0.00040144796
5455,3322,0.0006052491
5456,36886,0.0055128075
5457,27675,0.16891932
5458,98488,0.013655429
5459,58647,0.051524322
5460,46816,0.026963117
5461,76154,0.049336616
5462,102576,0.00010466078
5463,45158,0.026963117
5464,63038,0.002712891
5465,100808,0.08737103
5466,2636,7.0936244e-06
5467,83467,0.014005615
5468,64545,0.0022984236
5469,52691,0.09744046
5470,41782,1.9697277e-06
5471,108533,0.02613434
5472,56919,0.026181428
5473,28448,0.03748011
5474,59407,6.028436e-08
5475,2767,0.0746777
5476,97379,1.39611475e-05
5477,50959,0.176776
5478,115852,0.02613434
5479,94540,1.9070178e-05
5480,40195,1.9697277e-06
5481,8022,0.00043523
5482,2708,0.07932703
5483,76383,2.3692357e-05
5484,50439,2.8263158e-09
5485,36340,0.023820162
5486,2896,0.00013680238
5487,78482,0.0006003358
5488,40443,0.06709533
5489,58983,0.020780627
5490,82609,0.08131125
5491,4380,0.049447946
5492,92791,1.9523897e-07
5493,63962,3.550613e-07
5494,986,0.04539426
5495,27762,0.16891932
5496,86301,0.0072950013
5497,68784,2.752473e-06
5498,44736,3.1715033e-06
5499,88316,0.00013544702
5500,10260,0.00020744273
5501,62908,0.026143705
5502,27992,0.011097109
5503,78387,4.2587846e-05
5504,64207,0.005874181
5505,102008,2.8607764e-07
5506,80838,3.2671949e-06
5507,107764,2.6461869e-06
5508,84713,8.7279705e-07
5509,33360,0.013444341
5510,61325,5.489974e-05
5511,62948,0.011097109
5512,41458,0.056719538
5513,18138,0.07394152
5514,198,0.053829532
5515,80548,0.029797807
5516,17370,0.18505695
5517,14089,0.0010073747
5518,91828,0.004544401
5519,69321,6.4846085e-06
5520,63390,0.00044660878
5521,26147,4.6057638e-05
5522,52816,0.010650898
5523,79926,0.0053558815
5524,76994,0.004544401
5525,51428,0.026181428
5526,36149,0.029797807
5527,103053,0.02377865
5528,64107,0.002199101
5529,1623,0.0013133893
5530,30531,0.020780627
5531,104511,1.2751939e-05
5532,41139,4.7626813e-06
5533,31807,0.010499098
5534,43055,7.74839e-06
5535,24521,0.037661344
5536,77331,0.04393397
5537,85812,0.058013294
5538,78270,0.0073035657
5539,71477,0.09422598
5540,65666,9.024508e-06
5541,97319,3.350978e-07
5542,16728,2.9829645e-09
5543,80088,0.005555831
5544,102209,1.5798228e-06
5545,105476,0.029797807
5546,55908,0.029659962
5547,60464,0.006100282
5548,39475,4.920003e-08
5549,46450,0.035874978
5550,34157,0.085608646
5551,86869,9.158722e-06
5552,50054,2.4452926e-05
5553,73293,0.003132664
5554,115437,2.4958876e-05
5555,12321,4.1008927e-05
5556,15232,0.011587843
5557,14214,6.560156e-05
5558,32120,0.0005607936
5559,28118,0.010924481
5560,54797,1.9763773e-05
5561,82114,0.055773284
5562,33351,0.029797807
5563,97677,0.008538475
5564,104214,0.02613434
5565,70359,5.0145684e-07
5566,39349,9.974539e-07
5567,92586,0.08124007
5568,4196,0.06834645
5569,24930,0.11523345
5570,40345,3.3232252e-05
5571,111422,9.630212e-07
5572,24966,0.029797807
5573,66292,3.75953e-06
5574,14540,0.02616657
5575,73787,0.09024858
5576,84445,0.04393397
5577,66258,3.1815404e-08
5578,19685,0.0009159689
5579,62140,0.031638168
5580,30485,2.2446095e-05
5581,100724,0.008855747
5582,103078,0.04393397
5583,16769,7.955847e-09
5584,21559,0.10063616
5585,23118,7.740601e-09
5586,97704,0.08124007
5587,99268,0.000114430884
5588,36885,0.0059590633
5589,25509,0.00010000124
5590,87476,0.016562393
5591,53858,0.049336616
5592,216,0.16766712
5593,30404,6.670162e-11
5594,73011,7.4609425e-06
5595,20386,0.0020081315
5596,28273,7.7198434e-05
5597,49668,0.026181428
5598,97017,0.006976284
5599,93441,0.02613434
5600,86483,0.0067062485
5601,76524,0.0136639085
5602,1500,0.16736706
5603,105493,0.0022596838
5604,103111,0.11376301
5605,1763,0.0008213765
5606,3930,0.11202961
5607,62556,0.0023520163
5608,37591,0.081077695
5609,97144,0.03831565
5610,30009,0.023820162
5611,100586,0.010730069
5612,99742,7.436726e-06
5613,62161,0.05803009
5614,23529,2.0521484e-05
5615,4357,0.08182421
5616,39980,0.049336616
5617,96407,0.0037167296
5618,111262,0.02613434
5619,73992,0.010059811
5620,57023,2.1228834e-05
5621,54828,0.029797807
5622,13882,0.024564601
5623,109950,0.023139397
5624,7095,5.2657856e-06
5625,76697,3.6309586e-05
5626,51896,0.005299632
5627,66049,0.0022978769
5628,30524,0.023820162
5629,2278,0.00022368152
5630,16047,0.056731988
5631,2201,4.0930996e-07
5632,79143,0.002712891
5633,37309,3.980344e-05
5634,55738,0.017274432
5635,39485,0.04393397
5636,100410,0.057532605
5637,95940,1.1649871e-05
5638,102178,0.10785542
5639,108752,4.044812e-05
5640,93863,0.03819129
5641,3414,0.0043346807
5642,70338,0.0605479
5643,85966,2.3743838e-05
5644,91478,0.04393397
5645,39046,0.048911873
5646,42193,0.1162526
5647,76350,0.015886929
5648,31104,0.0055257264
5649,80794,0.010730069
5650,68827,9.401841e-05
5651,44136,0.009341516
5652,65857,0.0022978769
5653,21370,4.6133508e-05
5654,61982,0.33421537
5655,55316,1.1209819e-06
5656,25910,0.030088766
5657,55037,0.016967628
5658,5573,0.09960311
5659,71888,0.0024472682
5660,10651,1.3467021e-08
5661,17677,0.0035668483
5662,101183,0.0022984236
5663,108528,8.002082e-07
5664,85131,3.1834124e-06
5665,68397,0.15069528
5666,10652,0.08864416
5667,11971,2.4221878e-05
5668,53731,0.011160305
5669,82157,0.05315191
5670,109858,0.00065333344
5671,74155,0.00011696294
5672,57464,0.023820162
5673,60070,2.6693306e-06
5674,88089,0.0019544445
5675,24681,2.8322322e-07
5676,65453,1.0771636e-05
5677,19999,8.6374246e-07
5678,93758,0.018035593
5679,94654,4.701166e-05
5680,75837,0.058013294
5681,43737,0.09320422
5682,81752,1.1223244e-06
5683,18824,4.5366578e-05
5684,41068,0.049336616
5685,43683,0.049310457
5686,58119,0.023820162
5687,68761,0.0071927696
5688,13917,0.05803009
5689,41482,4.0378654e-06
5690,16843,0.056731988
5691,38608,3.6423025e-05
5692,16358,6.577599e-06
5693,64055,0.00059174787
5694,94115,8.002082e-07
5695,50260,0.010509218
5696,60755,0.011437419
5697,35285,2.3807377e-08
5698,103501,0.00032175356
5699,7716,5.1466897e-05
5700,67223,0.00013344444
5701,103327,0.00012832558
5702,61795,4.5794506e-05
5703,86119,0.05315191
5704,95266,1.4265383e-05
5705,34968,0.3608405
5706,365,0.15464818
5707,29229,0.09320422
5708,50999,4.0946484e-06
5709,30476,0.034503106
5710,42357,3.259955e-06
5711,46386,0.005341019
5712,73260,0.00051401113
5713,28867,1.3022619e-05
5714,113634,1.0827799e-05
5715,10765,0.00083315244
5716,2887,0.049451713
5717,51293,9.575758e-07
5718,93454,0.00026788888
5719,91590,0.09024858
5720,69158,3.8171846e-05
5721,87636,0.000121888916
5722,19215,0.0065763663
5723,13426,0.0011442973
5724,20821,3.983777e-05
5725,57972,0.021710591
5726,37865,0.0021075045
5727,27468,0.1221643
5728,1665,0.027475785
5729,103895,5.7765785e-05
5730,48499,5.5583252e-05
5731,74759,0.002712891
5732,90880,0.04929791
5733,5231,0.0056496984
5734,95324,0.13733822
5735,76453,2.1453309e-06
5736,101714,0.0013831174
5737,3849,0.00013433852
5738,91136,0.01346953
5739,81951,0.07224388
5740,113117,0.012000824
5741,42242,0.00032719664
5742,64760,2.2624987e-05
5743,65052,1.7892171e-05
5744,10443,0.001629889
5745,40758,0.015726382
5746,82758,0.021672681
5747,879,0.010641993
5748,49408,2.5286812e-05
5749,28912,2.0441616e-05
5750,37014,0.00011448065
5751,27140,0.0599175
5752,56515,0.08738392
5753,10798,0.0003020548
5754,30071,0.04539426
5755,6736,9.677528e-06
5756,41668,0.020810252
5757,23512,7.251574e-06
5758,91844,0.04929791
5759,413,6.762049e-05
5760,14668,1.7857609e-07
5761,57666,0.0059590633
5762,21736,0.00012410199
5763,85212,0.00058617257
5764,29560,0.005937719
5765,105807,0.02277482
5766,34786,7.62106e-09
5767,89367,0.0031419564
5768,77344,2.6174441e-06
5769,4552,0.00022478086
5770,17429,0.09962154
5771,46459,0.0064678607
5772,115756,7.422105e-05
5773,52916,7.4970108e-06
5774,92273,0.051811375
5775,73219,0.013495838
5776,15225,0.054242503
5777,70056,0.0053558815
5778,113290,0.0059066657
5779,106757,0.000103194776
5780,63452,0.02616657
5781,46300,1.4276379e-05
5782,22183,0.026142929
5783,20822,2.2484359e-05
5784,45833,0.0017819547
5785,14451,0.00013928315
5786,42010,0.026142929
5787,80380,4.705482e-09
5788,61295,0.08738392
5789,21937,0.056719538
5790,81986,0.08862705
5791,7618,0.098173305
5792,17923,0.008488988
5793,65881,1.8540733e-07
5794,35508,0.0010407363
5795,76864,0.0031419564
5796,34569,1.0709115e-05
5797,88019,1.9467001e-05
5798,89692,0.023686616
5799,31278,0.021679174
5800,3570,0.0004107493
5801,42450,0.00043013968
5802,90529,0.057988025
5803,95535,1.2397743e-08
5804,67269,2.3673927e-05
5805,27272,0.09053307
5806,87887,0.022764523
5807,111846,0.038751595
5808,102269,0.09962154
5809,53439,0.021710591
5810,33839,0.050186988
5811,2030,0.1046386
5812,13502,0.0003055516
5813,106740,0.0223023
5814,101747,0.0013831174
5815,46350,0.05315191
5816,65580,9.024508e-06
5817,82519,0.00020495628
5818,57918,7.4970108e-06
5819,24594,0.001602352
5820,21688,0.0016121508
5821,56012,0.029797807
5822,77214,0.08738392
5823,3126,0.049451713
5824,107453,0.05671502
5825,24977,0.005978615
5826,87368,0.011679627
5827,2314,0.0003020548
5828,79162,3.2766618e-06
5829,51691,0.023820162
5830,22046,3.619574e-05
5831,10173,0.00014871293
5832,49910,0.02666514
5833,91425,0.026135925
5834,4429,0.00019693963
5835,3672,3.5998056e-07
5836,107365,2.6037831e-05
5837,102176,0.00019404378
5838,3163,9.336521e-09
5839,61874,0.07552126
5840,35400,0.026181428
5841,62895,0.026143705
5842,82040,0.0002605695
5843,83642,0.0114320945
5844,2842,7.0936244e-06
5845,50302,0.026181428
5846,115469,5.5158007e-06
5847,13968,0.04539426
5848,91169,0.038221132
5849,1069,0.05074714
5850,68939,0.021672681
5851,66372,1.3000841e-05
5852,13524,0.0016739202
5853,40826,0.015726382
5854,1649,1.9697277e-06
5855,7676,0.026154451
5856,92002,0.04393397
5857,37750,0.00022890662
5858,95041,0.010650898
5859,62176,0.0018569627
5860,104621,4.9269802e-05
5861,24045,0.005978615
5862,4296,0.00014708635
5863,68764,0.026135925
5864,114191,0.097122945
5865,98165,0.0001285502
5866,6151,0.03274922
5867,16791,9.38254e-05
5868,26495,0.013423657
5869,107222,9.4056753e-07
5870,15027,1.0968775e-09
5871,12419,4.5355762e-07
5872,69274,0.004544401
5873,29881,0.021830883
5874,109163,0.09313801
5875,81880,0.002712891
5876,92072,0.0053558815
5877,47536,0.026142929
5878,109498,0.08856894
5879,62557,4.2587846e-05
5880,93416,4.087532e-06
5881,39247,1.4733318e-05
5882,27964,0.04393397
5883,51225,1.5317076e-07
5884,45439,0.04432362
5885,11882,0.00023364033
5886,40497,0.09333639
5887,68220,1.7529872e-07
5888,20791,0.0065763663
5889,5214,0.014456397
5890,57236,1.5432174e-06
5891,37760,0.0010528578
5892,28110,0.0038846056
5893,12002,9.091072e-06
5894,115147,3.183101e-07
5895,8080,0.00018338056
5896,33632,0.049283862
5897,93877,0.011679627
5898,6611,1.0008881e-05
5899,41166,0.056719538
5900,25638,0.00070087804
5901,87760,0.13888532
5902,3606,0.112459406
5903,67862,0.08738392
5904,2384,0.049451713
5905,113335,0.0022715793
5906,100825,0.0003339126
5907,9503,0.0015453936
5908,97547,0.09960683
5909,76951,4.4995304e-06
5910,27499,0.053443428
5911,41084,0.037904825
5912,104735,0.3154433
5913,86367,4.1433905e-05
5914,84886,0.056715835
5915,98720,0.006397683
5916,72114,0.002712891
5917,698,9.5446085e-06
5918,30035,1.9697277e-06
5919,29983,0.0053107133
5920,81153,0.09822407
5921,101204,2.9298421e-09
5922,97129,0.08737103
5923,57300,0.012290965
5924,65102,9.060959e-06
5925,62614,0.001056556
5926,113589,0.038716786
5927,3364,9.461957e-05
5928,72474,0.0053558815
5929,100423,0.03819129
5930,80959,8.469943e-05
5931,50424,0.0009771828
5932,51965,0.0017311512
5933,78611,0.023820162
5934,58156,0.0053558815
5935,72907,0.002712891
5936,101781,4.3284846e-05
5937,53753,7.878782e-05
5938,54486,7.3169567e-06
5939,65573,1.5505197e-05
5940,69166,0.0002122479
5941,94207,0.057988025
5942,4951,0.11202961
5943,21545,3.1424605e-07
5944,82241,8.002082e-07
5945,11872,0.00017631255
5946,71077,0.010870939
5947,46343,2.1221374e-06
5948,110188,0.08733429
5949,80394,0.08738392
5950,13161,1.082722e-05
5951,26382,0.59439075
5952,97015,0.026963117
5953,111259,0.05535355
5954,15005,0.021255307
5955,73501,3.9447277e-06
5956,31636,2.62419e-06
5957,91402,1.0674137e-06
5958,22310,0.00599666
5959,18032,1.13474725e-05
5960,4992,0.00014624612
5961,34624,0.049336616
5962,4534,0.0007329125
5963,95298,0.08737103
5964,57707,3.5870644e-07
5965,73024,0.10034625
5966,102730,0.052083902
5967,49674,5.694624e-05
5968,37045,0.15508471
5969,98490,0.09020935
5970,3546,0.056739822
5971,104330,3.3230123e-09
5972,9839,0.11624817
5973,1023,0.023806605
5974,1341,0.013570936
5975,19397,0.023806605
5976,70448,0.010650898
5977,65597,0.0022978769
5978,40167,0.012290965
5979,82912,0.04393397
5980,87746,0.0022969532
5981,60297,0.021830883
5982,96671,1.1262818e-05
5983,59396,3.8183516e-06
5984,77956,0.004544401
5985,27173,9.678074e-05
5986,87551,0.005531024
5987,48517,0.08738392
5988,90267,0.08785204
5989,94724,0.018963926
5990,73218,0.02655575
5991,50751,0.035898805
5992,9691,0.22073284
5993,32303,1.7978615e-05
5994,25537,0.1811498
5995,95949,0.002712891
5996,72498,5.489974e-05
5997,97322,0.0065173446
5998,75883,0.010730069
5999,38946,0.062948346
6000,41168,1.9697277e-06
6001,61647,0.02616657
6002,16129,6.375983e-06
6003,61008,0.012290965
6004,40273,0.011437419
6005,64954,8.634051e-06
6006,6746,0.06990568
6007,64029,0.028615188
6008,46510,0.029797807
6009,91058,0.0065763663
6010,94577,3.4479299e-06
6011,8807,3.918308e-05
6012,33146,0.023820162
6013,92231,1.2606442e-07
6014,41872,0.00011504598
6015,102566,3.207772e-05
6016,7171,0.009900738
6017,113091,0.009311579
6018,59526,0.0029738843
6019,69119,0.0055128075
6020,93335,0.04929791
6021,23081,0.008790893
6022,40175,0.12087635
6023,64789,0.00043474053
6024,95104,0.0065763663
6025,55617,0.035874978
6026,64048,0.027327675
6027,41687,0.007228102
6028,41533,0.0016859873
6029,6055,7.613594e-05
6030,20436,1.4322882e-05
6031,20801,5.3052558e-05
6032,94767,3.31731e-06
6033,10628,1.39995855e-05
6034,43638,0.021679174
6035,4150,0.049447946
6036,50998,0.038768277
6037,66786,0.026963117
6038,84480,0.09962154
6039,61466,0.002712891
6040,30191,0.08491237
6041,46560,1.4276379e-05
6042,45715,0.07932703
6043,29314,0.056917984
6044,103572,0.0001235613
6045,2550,0.049451713
6046,46727,0.00060192286
6047,36465,0.0023059489
6048,107674,0.004544401
6049,50017,7.664863e-06
6050,62973,1.3740705e-05
6051,73187,0.017265417
6052,76260,0.005937719
6053,84255,0.11379456
6054,34098,0.026181428
6055,5935,1.650422e-05
6056,58326,1.6400054e-05
6057,42794,0.03995029
6058,67859,5.5396335e-06
6059,13428,0.023812074
6060,49802,0.026181428
6061,105303,0.0006379298
6062,102816,0.057532605
6063,51090,0.0016274662
6064,96977,0.00022037847
6065,111836,0.1138376
6066,97370,0.020436222
6067,72410,0.053443428
6068,93868,0.0069444855
6069,53690,5.8115653e-05
6070,68332,8.262955e-06
6071,66732,0.005556081
6072,113444,0.0022715793
6073,77744,0.049336616
6074,108421,0.0029646633
6075,108169,0.021672681
6076,2634,0.0011334934
6077,65235,1.4374031e-05
6078,70721,0.0059590633
6079,70275,6.2500017e-06
6080,113031,0.002712891
6081,83377,8.865154e-05
6082,85709,1.1973796e-05
6083,95089,0.09020935
6084,56745,3.029146e-05
6085,17109,9.198705e-05
6086,91428,0.05315191
6087,65099,4.567801e-05
6088,50333,0.062948346
6089,43036,0.05280404
6090,23028,1.9697277e-06
6091,29252,2.9611247e-08
6092,33072,0.021679174
6093,72648,1.0603977e-06
6094,101450,0.0008673315
6095,73455,2.9232988e-06
6096,62204,0.033748463
6097,106277,0.082880415
6098,105056,1.162886e-05
6099,55566,0.009164802
6100,33063,0.049283862
6101,20380,0.02616657
6102,63400,0.005275688
6103,81854,0.0053558815
6104,92449,0.026135925
6105,53344,0.005299632
6106,95726,0.08738392
6107,114237,0.0059066657
6108,45373,0.1162526
6109,79711,0.0014896997
6110,12634,1.7764069e-07
6111,7468,8.287079e-06
6112,11766,8.542467e-06
6113,104599,1.0762786e-05
6114,96897,0.04534585
6115,10075,4.2332143e-05
6116,37539,0.00012714714
6117,20892,0.023806605
6118,37537,0.00033162846
6119,44161,0.176776
6120,22437,0.001175747
6121,100243,0.005556081
6122,61769,1.5671994e-05
6123,10047,0.08731945
6124,18863,3.619574e-05
6125,82458,6.782032e-06
6126,72626,0.002712891
6127,34764,0.00049475697
6128,57588,2.1780636e-05
6129,61215,0.14925276
6130,31245,0.0011399298
6131,59182,0.005275688
6132,45456,2.1828566e-05
6133,98704,8.1109935e-10
6134,71699,0.05791759
6135,51,4.6790577e-05
6136,71409,0.06384397
6137,86388,0.026135925
6138,85409,0.0024511165
6139,8364,0.0006491118
6140,90405,1.0058467e-05
6141,46687,9.998281e-07
6142,38618,7.843434e-06
6143,91440,0.026135925
6144,103144,0.09420895
6145,70489,0.002712891
6146,27433,1.1137423e-05
6147,70062,2.7812774e-05
6148,76952,0.00017678761
6149,11284,1.0063561e-05
6150,86791,3.993378e-06
6151,24862,0.030312449
6152,99506,0.08735417
6153,51345,0.09320422
6154,61766,0.049336616
6155,89856,1.6600508e-05
6156,66242,5.2689193e-05
6157,21420,7.0064034e-06
6158,44729,0.029797807
6159,40136,1.4320422e-05
6160,53562,0.006723107
6161,56611,1.3043512e-05
6162,97298,0.08737103
6163,88109,0.01346953
6164,47664,0.023615187
6165,29546,0.09320422
6166,27274,4.835118e-10
6167,67349,0.014787275
6168,34132,0.0030614573
6169,59289,0.0054545235
6170,75739,0.08238045
6171,93004,0.021830883
6172,66672,0.0022984236
6173,108773,0.0052626817
6174,91376,6.46864e-07
6175,36501,0.016967628
6176,47029,0.005888243
6177,63347,0.0007787469
6178,20097,3.619574e-05
6179,50305,0.059510313
6180,84305,0.09422598
6181,50742,0.020676242
6182,5353,0.22828296
6183,97302,0.05132132
6184,75156,0.005273149
6185,48503,0.08785204
6186,95887,9.754276e-06
6187,100956,0.050726887
6188,42522,0.00021189405
6189,71021,0.08022873
6190,114413,2.2593571e-05
6191,57703,0.048115168
6192,86143,0.005937719
6193,70956,1.3199552e-06
6194,49607,0.026181428
6195,110273,0.0003348674
6196,81883,0.005273149
6197,112642,6.6330824e-05
6198,83280,0.08131125
6199,7957,0.0006901306
6200,10157,3.918308e-05
6201,97687,0.02613434
6202,72011,0.14214107
6203,35664,0.09320422
6204,77099,0.026181428
6205,51462,0.0021636249
6206,43893,0.023781514
6207,92120,3.8741013e-07
6208,51681,0.005299632
6209,95898,8.002082e-07
6210,32169,0.049283862
6211,69944,0.012102011
6212,16644,0.02616657
6213,86434,0.014153372
6214,77260,0.09962154
6215,75972,0.09320422
6216,99677,5.008875e-06
6217,10072,0.053451467
6218,90200,0.09422598
6219,28959,0.0059590633
6220,108911,0.002290271
6221,8660,0.0005528155
6222,59153,3.767483e-10
6223,37692,0.0028435017
6224,93696,6.359777e-07
6225,45427,1.4276379e-05
6226,62867,0.00026901605
6227,2426,0.22828296
6228,103428,0.07213866
6229,58935,3.2671949e-06
6230,114437,0.021827
6231,102309,0.020080255
6232,79393,0.009083372
6233,6123,0.049447946
6234,92739,4.0863975e-05
6235,80974,3.9184256e-06
6236,115552,0.002712891
6237,53353,1.16532265e-05
6238,97901,0.00037049057
6239,1263,0.062948346
6240,44676,6.740461e-08
6241,6937,7.780497e-06
6242,99428,0.036731612
6243,59462,0.026963117
6244,52161,0.021710591
6245,104543,0.0007405515
6246,59533,0.0005071662
6247,92346,0.08315947
6248,41403,0.07225981
6249,11814,6.062924e-06
6250,63183,0.056731988
6251,108685,0.097122945
6252,36771,0.029797807
6253,57745,0.09320422
6254,62405,5.1975303e-07
6255,41905,0.04539426
6256,74255,0.014005615
6257,99147,0.0021463344
6258,34378,2.5900052e-08
6259,95413,8.180372e-08
6260,71564,0.026135925
6261,42945,0.1221643
6262,115987,0.002712891
6263,35506,0.056739822
6264,109475,0.022900727
6265,48361,0.013776537
6266,79603,0.04628948
6267,10929,7.788863e-05
6268,12190,1.7882935e-09
6269,30385,0.09960151
6270,82100,0.055773284
6271,77234,0.026181428
6272,81966,0.049336616
6273,8391,0.0002548161
6274,89632,5.5396335e-06
6275,62726,3.9688744e-05
6276,75984,0.2751589
6277,7048,3.918308e-05
6278,74935,0.24963516
6279,24412,0.0013824222
6280,22771,7.3055184e-05
6281,115736,0.10451969
6282,21055,0.00011437252
6283,21940,2.9780629e-06
6284,98425,0.11376301
6285,51739,0.021710591
6286,83540,0.09024858
6287,83853,0.005933206
6288,98078,4.5930967e-05
6289,32229,0.08476106
6290,90085,0.036868095
6291,111442,0.002370424
6292,1493,0.006723107
6293,24046,1.2230724e-05
6294,84372,0.016483126
6295,71598,4.814275e-07
6296,77717,4.4995304e-06
6297,113102,0.0006367487
6298,54004,0.032896373
6299,23786,0.023282234
6300,94196,4.8918054e-07
6301,26678,0.0030697584
6302,100312,0.045447208
6303,109060,0.0053533465
6304,91441,0.07642967
6305,61794,0.011679627
6306,17785,3.4447353e-06
6307,90597,3.0975316e-05
6308,48719,0.16894756
6309,16303,2.3151108e-05
6310,11685,0.103404395
6311,26646,0.026701422
6312,34572,0.056739822
6313,96547,0.0067060706
6314,95336,5.5524756e-06
6315,115491,0.026181428
6316,3258,0.010828056
6317,21738,3.4995548e-08
6318,47822,0.08738392
6319,6344,0.00024125233
6320,26191,0.0055459207
6321,107973,0.12038406
6322,77520,0.0004055632
6323,101601,0.005264549
6324,98544,5.5396335e-06
6325,2584,0.0007593347
6326,65773,0.0022978769
6327,35368,2.6609127e-06
6328,106079,2.4867973e-05
6329,76307,1.0680373e-05
6330,19229,0.012805792
6331,75171,0.0022968461
6332,3237,0.09960311
6333,30800,0.018280406
6334,41948,3.5603753e-07
6335,44825,0.016294818
6336,62880,0.0013895775
6337,3747,3.9315095e-05
6338,95478,0.08737103
6339,111592,0.02613434
6340,20316,0.16894756
6341,16735,0.09561257
6342,108258,0.097122945
6343,73140,7.4609425e-06
6344,43161,0.029797807
6345,60865,0.049336616
6346,73690,2.5540572e-07
6347,95890,0.00019224948
6348,30626,0.026181428
6349,4128,0.05673552
6350,115289,0.08086378
6351,110797,0.05202208
6352,40698,1.7564527e-06
6353,25369,6.505497e-09
6354,92864,1.1681712e-05
6355,20562,8.008869e-05
6356,19644,0.005888243
6357,90565,0.04929791
6358,57565,0.060500793
6359,84357,0.0053558815
6360,97336,0.0013814074
6361,55192,0.00018452363
6362,42127,0.049336616
6363,29254,0.0004446522
6364,73705,0.082122065
6365,59066,7.702792e-06
6366,89063,0.35649043
6367,107815,9.657719e-05
6368,102554,8.3829844e-05
6369,75741,0.09320422
6370,83223,5.5396335e-06
6371,71193,0.04393397
6372,11931,0.00020688315
6373,114917,8.0661994e-05
6374,32927,0.011097109
6375,77024,0.016693296
6376,59983,0.00074925757
6377,113500,0.0022715793
6378,109574,0.02613434
6379,62040,0.004544401
6380,79301,0.04534585
6381,79807,0.09422598
6382,78788,0.023820162
6383,70785,6.5092104e-07
6384,59403,0.113523215
6385,54895,9.4836905e-05
6386,34763,0.1162526
6387,6781,1.3208494e-05
6388,54280,0.02468026
6389,37408,4.4875474e-08
6390,52839,0.107564844
6391,98007,0.09020935
6392,77693,0.010650898
6393,2001,0.0004972218
6394,98686,0.0055271364
6395,5513,0.11202961
6396,51177,1.9697277e-06
6397,44470,3.3883058e-05
6398,70184,0.02377865
6399,52635,0.002712891
6400,107069,0.0069065066
6401,94957,0.006938572
6402,6716,7.289304e-05
6403,84645,0.002712891
6404,89562,1.43221305e-05
6405,96089,0.02377865
6406,25502,3.268116e-05
6407,42970,4.9139497e-05
6408,68415,0.09822407
6409,40862,8.955661e-05
6410,70643,0.04393397
6411,89952,0.02377865
6412,78802,4.580189e-05
6413,70697,0.006177201
6414,27538,1.9396084e-05
6415,1502,2.8936041e-05
6416,13759,1.37327385e-08
6417,103389,0.08733429
6418,64465,0.00027145262
6419,62732,3.2607481e-06
6420,38899,0.00065134524
6421,282,0.0030642587
6422,23155,5.961242e-06
6423,110373,0.08856894
6424,81196,0.027139712
6425,92724,0.021672681
6426,92693,0.04393397
6427,91248,0.21266392
6428,85609,0.09962154
6429,70606,0.006100282
6430,57351,0.14258887
6431,11049,0.00044651408
6432,15471,0.014338371
6433,110763,1.1783981e-05
6434,57334,0.00038809906
6435,20089,0.17142324
6436,21475,1.650422e-05
6437,17885,3.7112468e-06
6438,94950,0.04393397
6439,1870,7.698516e-05
6440,85948,0.08862705
6441,2637,0.049451713
6442,113812,0.00021925592
6443,92207,0.04393397
6444,101173,0.0022984236
6445,66416,0.005523811
6446,69798,3.259424e-06
6447,9232,0.02232074
6448,19046,0.0002794245
6449,101437,0.09020935
6450,91821,0.055773284
6451,94284,0.0055271364
6452,92800,0.012414498
6453,80395,0.043910734
6454,53357,3.8572823e-10
6455,50923,0.026181428
6456,22247,9.39951e-05
6457,111192,0.00013531728
6458,82832,0.049336616
6459,92498,0.002712891
6460,86689,9.071983e-06
6461,59760,0.0022984236
6462,31301,0.022096086
6463,90933,0.006100282
6464,47538,3.2844753e-05
6465,10629,0.004672912
6466,104909,0.019720268
6467,44641,6.961152e-09
6468,53223,9.4950465e-08
6469,36450,7.782033e-05
6470,62021,3.6281294e-06
6471,4346,0.013649445
6472,91321,0.026135925
6473,66043,0.0022978769
6474,17138,0.00012035926
6475,57895,3.2146563e-05
6476,99284,0.05671502
6477,33708,0.0023129375
6478,95338,0.04393397
6479,20371,0.022951873
6480,64832,0.022603992
6481,42532,0.013776537
6482,107985,0.08734493
6483,104594,0.002712891
6484,85439,1.1151973e-05
6485,20151,1.5012212e-06
6486,73897,0.002712891
6487,83759,0.021672681
6488,106866,0.000106131716
6489,86974,8.194142e-06
6490,67206,0.08738392
6491,110078,0.08733429
6492,65056,0.024618136
6493,1657,0.00046834614
6494,96630,0.080304414
6495,15339,0.00022959862
6496,40392,0.010418018
6497,12164,1.9785326e-05
6498,44347,1.4276379e-05
6499,108464,0.008267112
6500,9274,1.0247123e-08
6501,50287,5.349663e-05
6502,2525,0.049451713
6503,100795,0.104524136
6504,57974,0.026181428
6505,112209,0.08734493
6506,113691,0.002712891
6507,36344,1.4733318e-05
6508,69247,0.00014682458
6509,66973,0.08738392
6510,110062,0.0004940143
6511,50003,4.1167656e-05
6512,95640,6.119696e-06
6513,46820,1.9697277e-06
6514,28851,0.0059590633
6515,73171,0.09962154
6516,29749,2.9005747e-05
6517,114592,0.07412055
6518,109792,0.032024745
6519,43408,0.049310457
6520,71041,0.085608646
6521,103936,8.142237e-05
6522,29146,0.021830883
6523,37764,0.021306146
6524,4567,0.05673552
6525,78937,0.02000054
6526,22599,0.018643433
6527,85471,0.006100282
6528,39962,0.0463383
6529,10725,0.00017853036
6530,84134,0.005275688
6531,7770,0.05673552
6532,52591,0.0053558815
6533,53746,0.026181428
6534,87430,4.3432872e-05
6535,29484,0.00015525053
6536,109036,3.9706727e-05
6537,47052,3.7879963e-05
6538,53783,0.10495996
6539,41110,0.005888243
6540,109110,1.9563329e-06
6541,28024,2.62419e-06
6542,92662,0.0045971833
6543,79076,0.0018569627
6544,61640,0.0022984236
6545,8646,0.03041818
6546,97414,0.005275688
6547,103678,0.002276503
6548,86323,0.045447208
6549,82220,0.0058729476
6550,88990,0.0053558815
6551,115348,0.0010444466
6552,108074,0.0053533465
6553,35383,1.7478188e-06
6554,42518,0.02078164
6555,54971,0.021710591
6556,93356,0.023650363
6557,14403,0.00027879808
6558,55876,0.0005865049
6559,9692,0.031633597
6560,108538,0.020476043
6561,25215,0.026142929
6562,93178,0.105041265
6563,55753,0.030027146
6564,28349,4.6882995e-09
6565,14910,0.00012702256
6566,9393,0.00030956249
6567,35544,0.00031748335
6568,19385,0.023806605
6569,77611,0.06769937
6570,109319,0.00043374623
6571,37850,1.6933677e-09
6572,3508,0.08731945
6573,52025,0.04539426
6574,26141,0.02615161
6575,79725,1.1612158e-05
6576,88928,0.02377865
6577,94646,0.000571691
6578,71049,0.08738392
6579,22252,0.00012334622
6580,30185,1.8964653e-07
6581,91372,3.379056e-06
6582,52220,0.0020172114
6583,17768,0.010556604
6584,11774,0.00015259626
6585,26491,0.018664291
6586,91243,9.116114e-05
6587,6863,3.724781e-06
6588,101736,0.045447208
6589,60787,0.09024858
6590,91867,0.04929791
6591,67109,0.021672681
6592,92891,0.04929791
6593,58989,5.5396335e-06
6594,111768,0.08734493
6595,76191,0.021516306
6596,33339,0.0059187314
6597,71522,1.49311745e-05
6598,98584,0.02377865
6599,112465,0.005234147
6600,1828,0.049451713
6601,83149,0.021535534
6602,37967,0.029797807
6603,29899,0.0012159523
6604,17543,0.07225981
6605,31608,0.021679174
6606,50339,0.029797807
6607,4236,8.401158e-05
6608,75158,6.034359e-06
6609,8457,0.0004398016
6610,34708,0.029797807
6611,44940,4.075866e-06
6612,37378,0.019516952
6613,28842,0.021679174
6614,93027,0.0024472682
6615,27637,3.7838447e-05
6616,93353,0.08738392
6617,84541,0.002653919
6618,372,9.38254e-05
6619,87903,0.08738392
6620,90525,0.037660237
6621,75623,0.04750586
6622,56639,0.09024858
6623,114039,0.02277482
6624,2787,0.08731945
6625,109749,0.00028475866
6626,17943,0.0014515913
6627,70842,0.04393397
6628,2880,0.08548715
6629,11844,1.565785e-06
6630,18743,0.00031204737
6631,102981,0.0047511463
6632,50538,0.022681452
6633,47796,3.6259895e-05
6634,50955,7.4970108e-06
6635,99541,0.08124007
6636,104675,0.0005504954
6637,36706,3.080724e-06
6638,114169,0.09024858
6639,41729,0.04539426
6640,21970,0.056719538
6641,84612,0.0053558815
6642,72428,3.7160137e-07
6643,86525,0.0012751969
6644,15622,0.0095358165
6645,49715,0.00024150505
6646,11240,8.542467e-06
6647,67482,0.005345545
6648,38627,0.011437419
6649,32380,0.005888243
6650,64771,1.7978615e-05
6651,94065,0.1487859
6652,93203,0.02613434
6653,86575,5.0619053e-07
6654,87285,0.038768277
6655,7832,0.027475785
6656,16482,0.018976327
6657,18698,0.0002794245
6658,106909,0.010265893
6659,95519,3.5707842e-06
6660,100059,0.09820678
6661,103493,1.5420655e-05
6662,78776,1.8314646e-05
6663,4391,0.0007831223
6664,4438,0.014456397
6665,59729,0.031080643
6666,80587,0.100328624
6667,4091,0.00023567134
6668,66920,0.0022984236
6669,49719,2.2028084e-05
6670,50628,0.026181428
6671,105046,7.6698825e-09
6672,44427,0.029797807
6673,28251,0.0059590633
6674,11785,0.026173297
6675,92438,0.09422598
6676,26217,0.056719538
6677,5731,0.0007922473
6678,6067,4.5979777e-06
6679,97748,0.00022037847
6680,49963,0.015564003
6681,14692,0.052510794
6682,56751,0.004544401
6683,52571,0.004544401
6684,67860,3.680161e-07
6685,77550,9.087639e-06
6686,86140,0.08124393
6687,105232,5.7765785e-05
6688,19014,3.702461e-05
6689,82957,1.1312583e-05
6690,52372,0.00011221356
6691,96027,0.006397683
6692,21295,0.02616657
6693,114211,0.0048369765
6694,87872,1.1230578e-06
6695,36012,0.16894756
6696,89909,2.1453452e-06
6697,48053,4.0793388e-05
6698,76662,0.058013294
6699,112951,0.049283862
6700,25500,0.04539426
6701,94784,0.09020935
6702,29867,0.026181428
6703,98694,0.04929791
6704,94057,0.00015773633
6705,82501,3.6309586e-05
6706,22942,0.00023627274
6707,52269,0.010334237
6708,10426,0.0011666595
6709,16052,0.08041396
6710,41680,2.8909231e-05
6711,19112,5.2117106e-05
6712,53238,0.049336616
6713,73971,0.020436222
6714,80172,0.0002404477
6715,31737,0.03760313
6716,17905,0.00012458634
6717,45815,0.0025028451
6718,20366,0.01690731
6719,2830,0.08731945
6720,76100,4.4364165e-07
6721,50454,7.2391917e-06
6722,51674,0.026181428
6723,29157,0.0060357135
6724,9258,0.03172145
6725,109634,0.04431442
6726,6701,9.432067e-05
6727,31114,0.056739822
6728,6371,0.046310052
6729,62375,0.0053558815
6730,41946,0.1712346
6731,111831,0.057988025
6732,5248,0.0024973776
6733,18452,5.344235e-07
6734,87942,0.04929791
6735,20652,7.617346e-11
6736,3383,0.08731945
6737,49796,1.2019843e-06
6738,42673,0.029797807
6739,112612,0.021801373
6740,37272,0.04393397
6741,21413,0.05853787
6742,22525,0.09580944
6743,6343,1.650422e-05
6744,69853,0.005874181
6745,75999,0.03299105
6746,49348,0.049336616
6747,77446,9.2230606e-05
6748,3084,0.03274969
6749,78406,0.0059187314
6750,12721,0.00020688315
6751,47570,0.029797807
6752,62862,2.7118758e-06
6753,54998,0.035874978
6754,90193,0.004544401
6755,61241,1.8314646e-05
6756,51088,7.080086e-05
6757,77907,2.5286812e-05
6758,97091,0.029797807
6759,24698,0.011437419
6760,1474,0.00067235663
6761,90201,0.0133647015
6762,95043,0.005874181
6763,109821,2.367151e-05
6764,67957,9.275363e-05
6765,37345,2.62419e-06
6766,339,0.00010034598
6767,93650,3.4896366e-05
6768,21570,0.04393397
6769,932,0.08172793
6770,14751,6.636486e-05
6771,11297,0.00019303363
6772,30840,0.026181428
6773,88214,0.08859832
6774,45364,0.036700565
6775,91214,0.097816624
6776,69642,0.056715835
6777,39589,0.049336616
6778,54284,8.9642395e-05
6779,73538,0.011679627
6780,14760,0.004781379
6781,112600,6.829893e-07
6782,17139,2.9691157e-06
6783,36172,0.035874978
6784,95575,0.005937719
6785,18770,0.1221643
6786,75993,6.727653e-09
6787,114133,0.11330806
6788,40561,0.013536573
6789,58821,0.0006466598
6790,27708,0.0023129375
6791,39793,0.06064718
6792,4167,0.049447946
6793,81817,0.04393397
6794,50329,0.010059811
6795,106689,0.08856894
6796,98147,0.02613434
6797,19940,7.2924195e-05
6798,105522,0.02613434
6799,47916,0.00047358137
6800,109710,0.05210453
6801,38905,2.0914413e-05
6802,56495,5.297794e-05
6803,89635,0.029797807
6804,40005,9.691101e-07
6805,99950,0.02613434
6806,112852,0.012095702
6807,107330,2.0252773e-07
6808,14578,0.00017094205
6809,55562,0.011097109
6810,112848,0.08734493
6811,86255,0.026135925
6812,11955,0.021728687
6813,60767,0.01390351
6814,77962,0.026181428
6815,72886,0.0053558815
6816,59913,0.020493431
6817,90711,0.04929791
6818,27126,0.0002412452
6819,97922,1.3403137e-08
6820,67086,0.0022984236
6821,64200,0.01333251
6822,53927,0.05803009
6823,108629,0.009516381
6824,63516,4.298045e-07
6825,10612,0.04090679
6826,80798,0.09332852
6827,79226,0.017413767
6828,46547,0.05074714
6829,58701,0.00034620837
6830,22300,7.3055184e-05
6831,47321,0.023781514
6832,58210,1.8030749e-10
6833,63055,2.6472621e-06
6834,75377,0.005273149
6835,40769,0.006471508
6836,42543,0.00014682458
6837,61280,7.4609425e-06
6838,47494,0.026142929
6839,18245,5.831234e-05
6840,36485,0.00013198685
6841,103084,0.03993727
6842,101370,0.02613434
6843,53686,7.702792e-06
6844,102310,0.03819129
6845,18229,5.3086518e-05
6846,32065,7.66939e-05
6847,85973,0.049336616
6848,43259,0.00011476144
6849,40684,0.005173598
6850,27191,6.1518786e-06
6851,70741,0.0065763663
6852,83996,0.02658666
6853,50761,0.049336616
6854,36521,0.038768277
6855,15769,4.1078714e-05
6856,71949,0.04393397
6857,15695,0.0006229025
6858,14129,1.3801772e-08
6859,44751,0.176776
6860,46594,0.026142929
6861,8968,6.9441536e-05
6862,72429,0.0053558815
6863,107546,2.5810385e-09
6864,28654,6.3635357e-06
6865,111510,0.02613434
6866,86623,0.0053558815
6867,24398,0.029797807
6868,11301,0.055394653
6869,35191,2.526979e-08
6870,100126,0.057988025
6871,76657,0.0053558815
6872,20857,1.5493107e-06
6873,71429,2.0996192e-06
6874,109886,0.002712891
6875,115551,0.08733429
6876,59172,0.09320422
6877,39833,0.0005703891
6878,87039,0.08862705
6879,89467,0.0037585227
6880,88221,8.794229e-06
6881,85866,0.08862705
6882,48414,0.00024011459
6883,49562,9.856115e-06
6884,111205,0.08240437
6885,83371,0.029797807
6886,111310,0.00094422087
6887,46210,0.056719538
6888,59910,4.2587846e-05
6889,68298,0.056715835
6890,20990,4.5875615e-07
6891,91457,9.600752e-05
6892,106901,5.4864835e-05
6893,92558,0.009386319
6894,34956,0.005888243
6895,39478,0.012155406
6896,63142,1.4047208e-05
6897,33804,6.8754565e-07
6898,42720,3.9491358e-08
6899,17396,0.02169822
6900,45217,0.0073035657
6901,829,0.00046382516
6902,80556,1.568735e-05
6903,63039,0.013507568
6904,66274,0.0022978769
6905,80066,0.00032779737
6906,111458,0.1138376
6907,64669,0.005937719
6908,75669,0.015886929
6909,80184,0.08012651
6910,12117,0.00052121904
6911,669,7.96603e-07
6912,112404,0.025536612
6913,61980,0.04432362
6914,85037,1.2996415e-05
6915,16760,0.017753022
6916,84224,5.808014e-05
6917,93136,0.05315191
6918,112211,0.008486816
6919,10561,0.05673552
6920,17117,0.013649445
6921,100363,3.243309e-05
6922,89056,0.026135925
6923,54601,0.10823642
6924,71655,0.021065777
6925,1971,0.013914838
6926,103086,0.004544401
6927,27737,0.0018681393
6928,83736,1.6652436e-08
6929,112842,0.09313801
6930,98063,0.0006319435
6931,88619,0.054985315
6932,28088,0.095389925
6933,106567,7.284247e-06
6934,27963,0.021679174
6935,106505,0.051729362
6936,8258,5.3810327e-05
6937,49815,4.9552225e-09
6938,44827,5.9943293e-05
6939,43646,0.023781514
6940,97418,0.082365364
6941,22057,0.11447971
6942,108857,0.12038406
6943,50498,0.049336616
6944,108945,1.2364972e-05
6945,112034,0.09188761
6946,22635,0.026142929
6947,93544,5.5396335e-06
6948,85536,0.010716427
6949,756,0.00048335743
6950,66074,0.009679546
6951,109570,0.012023789
6952,78037,0.084192276
6953,87494,0.08738392
6954,97155,0.016528882
6955,107124,0.0053533465
6956,22265,6.062255e-05
6957,50211,7.4970108e-06
6958,21081,0.02877411
6959,65696,6.0662506e-07
6960,100546,0.082365364
6961,46279,7.756419e-06
6962,65622,7.4609425e-06
6963,29464,5.961242e-06
6964,80999,6.4598885e-06
6965,19009,0.00012784047
6966,96289,0.010543547
6967,24709,0.020493431
6968,79011,0.00025253466
6969,48045,0.020780627
6970,114879,0.00028657063
6971,11828,0.005280089
6972,30417,4.076076e-06
6973,24229,0.049310457
6974,21482,1.3472448e-05
6975,1914,0.00037217102
6976,86204,0.00017822829
6977,98344,0.004544401
6978,77483,0.17672649
6979,110908,0.0055769947
6980,109084,0.00017386596
6981,90527,5.271594e-06
6982,43771,0.3065326
6983,83045,0.05132132
6984,113789,2.8844536e-08
6985,102932,1.7180358e-07
6986,19456,0.02616657
6987,32984,1.8768278e-05
6988,90256,0.04393397
6989,28162,8.091546e-05
6990,94544,0.021830883
6991,55106,0.004544401
6992,69232,0.1221643
6993,49125,0.60890335
6994,92905,0.056715835
6995,35190,0.023820162
6996,31474,2.0914413e-05
6997,44663,0.0068413313
6998,39531,0.021679174
6999,29786,3.1559591e-06
7000,26922,0.0678906
7001,51786,0.03995029
7002,72211,0.026135925
7003,5081,1.5700405e-06
7004,12545,0.000115980154
7005,90713,4.1433905e-05
7006,114415,0.00030769143
7007,56240,3.4190528e-09
7008,67897,0.02377865
7009,112208,0.0014229212
7010,88855,0.04929791
7011,48658,0.20527582
7012,73033,0.0053558815
7013,30420,0.026181428
7014,64791,0.071108036
7015,21635,0.0020927577
7016,93786,0.02613434
7017,32205,0.023820162
7018,77872,2.3162083e-05
7019,81106,0.049336616
7020,35305,0.013776537
7021,18206,2.196616e-05
7022,33653,7.4798194e-08
7023,22961,0.09962154
7024,76287,0.09320422
7025,10862,0.062150177
7026,26717,0.00013305094
7027,16213,0.00080980494
7028,72892,0.0059590633
7029,96593,0.0003106813
7030,64402,0.00040381055
7031,115651,1.0116648e-06
7032,69830,0.11345961
7033,92542,0.026135925
7034,6107,0.04250325
7035,41843,0.00898784
7036,97492,0.00021008712
7037,65424,2.0782913e-05
7038,92451,0.0024189628
7039,110780,0.02613434
7040,961,0.036501344
7041,114621,7.640523e-06
7042,82523,0.08738392
7043,80851,0.058013294
7044,32979,0.049283862
7045,47728,0.35447168
7046,100744,0.047601078
7047,5030,0.00030258342
7048,56420,1.9380497e-05
7049,43914,0.049283862
7050,97583,0.11376301
7051,32665,0.00030629768
7052,27027,0.04393397
7053,24175,0.0036348712
7054,55670,0.9954145
7055,81306,0.07109925
7056,28813,0.04393397
7057,74104,0.02377865
7058,105482,0.029797807
7059,28919,0.013485792
7060,56998,0.026181428
7061,97575,0.1067664
7062,15566,0.0025782934
7063,39563,5.3086518e-05
7064,23076,6.9772714e-06
7065,9599,0.000981855
7066,62617,0.006723107
7067,111129,3.3796507e-05
7068,5320,0.10402867
7069,65656,0.005275688
7070,27559,0.00012887531
7071,29338,0.023820162
7072,76644,0.026135925
7073,104085,7.365354e-06
7074,37255,0.026142929
7075,50552,0.080362685
7076,64651,1.7163457e-07
7077,100810,0.03359754
7078,33527,0.00032950245
7079,26911,9.2091315e-05
7080,112387,0.019599456
7081,9221,0.11202961
7082,19810,1.4733318e-05
7083,92866,0.021672681
7084,80635,0.029797807
7085,78038,0.005874181
7086,89911,0.02490803
7087,66363,0.04751189
7088,21337,1.4777609e-06
7089,1641,5.179388e-09
7090,30373,0.04393397
7091,55414,0.00032719664
7092,86401,0.006100282
7093,34746,0.60890335
7094,37058,0.00020163071
7095,113816,3.401465e-06
7096,48266,0.012102011
7097,7580,0.00042659338
7098,52974,8.283818e-05
7099,87500,0.00043283319
7100,35802,0.049336616
7101,78710,3.807962e-06
7102,65189,0.00013344444
7103,2148,0.0002781516
7104,30312,3.5093876e-07
7105,85798,1.974689e-05
7106,78015,8.3591876e-05
7107,55898,0.055773284
7108,89322,0.012102011
7109,8196,5.4851178e-05
7110,41421,0.0013712517
7111,41451,6.0529646e-07
7112,96223,0.08738392
7113,47249,0.035874978
7114,115126,0.03578482
7115,104463,0.09420429
7116,49091,0.00016578488
7117,4770,0.026154451
7118,3520,0.14135665
7119,32645,0.056739822
7120,110207,0.07408704
7121,16434,7.230549e-05
7122,25155,0.056719538
7123,99440,0.019720268
7124,84979,0.016562393
7125,24637,0.05315191
7126,95270,0.0010654132
7127,94632,0.0053558815
7128,85602,0.035874978
7129,102021,0.000111211266
7130,31521,0.00033777585
7131,1059,0.0005797993
7132,39393,0.056719538
7133,25939,0.00013567632
7134,13754,0.0001742681
7135,89529,0.002712891
7136,114729,0.002704239
7137,47468,0.06064718
7138,85423,0.015777888
7139,107873,0.021399174
7140,103869,0.0053533465
7141,74243,0.049336616
7142,65779,0.01333251
7143,47016,0.05803009
7144,88404,0.026963117
7145,3478,0.08731945
7146,88151,0.08738392
7147,41061,0.026142929
7148,62942,0.08862705
7149,96642,9.071983e-06
7150,4904,0.014456397
7151,3711,0.00019693963
7152,29953,0.09186135
7153,28220,0.038754445
7154,37271,0.0059590633
7155,11217,0.037673306
7156,107085,1.7759134e-05
7157,35749,6.276614e-05
7158,34312,0.0064350194
7159,106406,0.004855021
7160,51678,0.00019786342
7161,108091,0.0052626817
7162,46227,1.288446e-05
7163,2038,0.0003020548
7164,51695,1.1097537e-05
7165,91335,0.026135925
7166,100100,1.8734212e-05
7167,36761,1.6427496e-09
7168,33246,0.015779665
7169,54452,2.6524908e-06
7170,48377,2.6130062e-10
7171,79088,7.920805e-06
7172,58464,0.010650898
7173,20885,1.3472448e-05
7174,6968,3.190538e-05
7175,26965,4.3194996e-05
7176,38913,0.109624386
7177,85425,7.080086e-05
7178,94877,0.08124007
7179,102078,0.005287984
7180,70043,0.0065763663
7181,59098,0.0013793644
7182,71197,0.026135925
7183,65867,9.5594514e-05
7184,21901,0.00013875014
7185,33781,0.09320422
7186,109515,0.08501622
7187,36287,0.056739822
7188,114236,0.08557166
7189,40328,0.02252195
7190,109479,2.5688221e-05
7191,102443,2.1531873e-06
7192,22415,0.1162526
7193,67868,0.021672681
7194,40722,0.0003041397
7195,97750,1.0924758e-05
7196,100229,0.04929791
7197,97056,0.002712891
7198,105547,1.1042461e-05
7199,7170,0.00024916814
7200,37694,0.004103784
7201,39763,0.0016891524
7202,1628,5.1160274e-05
7203,39526,0.029797807
7204,46183,0.006045135
7205,106530,0.02613434
7206,57071,1.0835243e-08
7207,4771,0.0013144378
7208,109529,0.08733429
7209,39628,5.961242e-06
7210,1442,1.4483865e-05
7211,58968,0.020493431
7212,25628,0.0059590633
7213,47317,1.4276379e-05
7214,17623,0.049336616
7215,65008,0.00024012628
7216,73491,0.04662725
7217,11360,0.00020744273
7218,38387,4.136874e-06
7219,10106,0.004134143
7220,17048,0.0001280077
7221,26343,0.00016433284
7222,8904,0.00027192716
7223,84343,0.056715835
7224,16978,4.2233554e-05
7225,40867,0.009356089
7226,115516,0.0053533465
7227,56135,0.07412055
7228,63945,0.005874181
7229,59132,0.00016095201
7230,112964,0.023820162
7231,21588,5.8228125e-08
7232,9068,0.00023568707
7233,102763,0.002712891
7234,67192,0.021672681
7235,113158,0.10029175
7236,56954,6.380329e-07
7237,102407,0.030550372
7238,43791,0.00010487227
7239,13839,1.1632291e-06
7240,96470,0.002290271
7241,36216,1.1515048e-07
7242,16950,0.02616657
7243,114078,0.00023382863
7244,40776,0.035708904
7245,242,0.014456397
7246,82620,0.08131125
7247,9268,0.031894423
7248,23,0.00013749118
7249,71980,3.9626793e-06
7250,57654,0.0005853134
7251,36514,0.026181428
7252,96862,0.002712891
7253,51443,0.01665498
7254,114886,7.209191e-05
7255,95510,3.8171846e-05
7256,66867,3.259424e-06
7257,11234,0.07791698
7258,75283,0.0016140731
7259,96177,0.0053558815
7260,66464,9.024508e-06
7261,81198,0.045353234
7262,25399,0.010438793
7263,110226,2.2031863e-07
7264,78900,0.0053558815
7265,32285,0.056739822
7266,27405,0.0059590633
7267,8497,0.00050198205
7268,112466,0.02277482
7269,50583,5.961242e-06
7270,106760,0.00060496246
7271,88373,0.04929791
7272,94016,0.09820678
7273,110071,1.0254127e-07
7274,70162,0.1138376
7275,71481,8.002082e-07
7276,82328,8.5086566e-07
7277,95520,1.1319243e-06
7278,40327,0.04393397
7279,111405,0.02613434
7280,1386,0.001977616
7281,112526,0.013426612
7282,102983,0.08738392
7283,64311,0.005275688
7284,89794,0.029797807
7285,35559,0.056739822
7286,6271,0.049447946
7287,61377,0.00022448035
7288,97929,0.036862634
7289,5203,0.053829532
7290,3966,0.11523459
7291,15367,2.8936041e-05
7292,59285,0.050497808
7293,47258,0.040863935
7294,56879,0.00036919222
7295,106974,0.02613434
7296,38215,0.00035043224
7297,75056,6.119696e-06
7298,107738,1.066014e-06
7299,82240,2.3165007e-06
7300,71022,0.0053558815
7301,115760,0.057532605
7302,15220,6.715079e-07
7303,78396,0.004544401
7304,3985,0.00019693963
7305,88168,0.09960683
7306,55142,5.9992715e-07
7307,37263,0.25159657
7308,80830,0.002712891
7309,64565,6.1333385e-06
7310,38176,0.021679174
7311,84390,0.020493431
7312,52861,0.004544401
7313,109921,0.09775265
7314,184,1.3829984e-05
7315,114684,0.031024927
7316,40229,0.029797807
7317,91279,0.021672681
7318,33181,0.0071927696
7319,97970,0.010485919
7320,65542,0.0022978769
7321,70427,0.14214107
7322,103273,9.929599e-05
7323,25682,0.026142929
7324,94302,8.4124535e-05
7325,104433,0.02377865
7326,99883,0.07408704
7327,43663,3.1917526e-07
7328,110416,0.012391637
7329,51588,0.021710591
7330,4832,0.049447946
7331,85436,0.021473657
7332,65134,3.2613562e-07
7333,79360,1.5798228e-06
7334,2319,0.0002067049
7335,88485,0.002712891
7336,56795,0.020780627
7337,80767,0.0053558815
7338,76868,0.029797807
7339,85067,0.006100282
7340,9278,0.08548715
7341,38485,0.04393397
7342,44750,0.1458472
7343,79491,4.3180327e-07
7344,110073,0.02377865
7345,64776,2.9232988e-06
7346,87206,0.0037518013
7347,36659,0.026142929
7348,13039,3.1267205e-05
7349,11681,0.00014624612
7350,64518,4.4995304e-06
7351,70252,0.08738392
7352,9099,7.086261e-06
7353,115213,2.0651547e-05
7354,92647,0.021672681
7355,84710,0.04393397
7356,108021,2.367151e-05
7357,103127,0.0069065066
7358,43214,0.023781514
7359,41223,0.04432362
7360,50515,3.6878682e-05
7361,94551,4.814826e-05
7362,65408,0.0054953406
7363,106048,0.02277482
7364,62160,9.553907e-06
7365,38765,0.011467089
7366,62092,0.009386319
7367,99092,0.0972324
7368,79331,0.08735417
7369,17285,0.020493431
7370,69668,0.017452875
7371,74051,2.3673927e-05
7372,96551,0.013461371
7373,36137,0.017274432
7374,16987,4.2233554e-05
7375,1902,0.10402916
7376,66905,0.005881278
7377,46898,0.0002233169
7378,99223,0.0972324
7379,42420,0.023781514
7380,39276,3.2131904e-06
7381,75526,0.07412055
7382,100208,0.0017303695
7383,21445,3.945451e-07
7384,43383,1.4733318e-05
7385,115136,0.06217889
7386,8441,0.10339549
7387,82587,0.021672681
7388,3329,0.03274969
7389,36186,0.00026521133
7390,17724,0.00026281102
7391,8855,0.00057392207
7392,58795,0.020780627
7393,110617,0.002276503
7394,54524,3.2312719e-06
7395,20802,0.062948346
7396,44361,0.0005178028
7397,11468,7.086261e-06
7398,17454,7.2924195e-05
7399,77580,0.04393397
7400,52479,0.0059590633
7401,71274,0.020436222
7402,42541,0.0004911199
7403,54800,0.026181428
7404,6450,2.626876e-05
7405,33625,0.09669684
7406,36891,0.02000054
7407,115709,0.002712891
7408,9064,1.2839325e-07
7409,76150,3.9626793e-06
7410,85811,2.8788758e-05
7411,45819,0.023781514
7412,87931,0.0001491728
7413,50605,0.00022466216
7414,98301,0.053443428
7415,19883,3.5349874e-09
7416,51879,1.4472197e-05
7417,54234,0.0025780164
7418,7199,0.0037725288
7419,29542,0.0005481902
7420,22576,0.00046725277
7421,114460,0.002704239
7422,70981,0.021672681
7423,74853,0.0029923236
7424,43508,0.016011665
7425,91202,0.011679627
7426,66610,0.005937719
7427,86359,4.5913525e-06
7428,111191,0.023801154
7429,104635,0.069707185
7430,27763,0.03767647
7431,76345,4.3567204e-07
7432,44285,0.021679174
7433,18637,0.013507568
7434,36977,2.0521484e-05
7435,4419,0.10402867
7436,34354,0.021710591
7437,45069,0.023781514
7438,29019,0.056739822
7439,27705,5.2261976e-06
7440,427,0.00014293416
7441,58261,0.08738392
7442,103240,0.0063645053
7443,89113,0.02377865
7444,102861,4.7953195e-05
7445,23846,0.09670669
7446,52756,0.11523532
7447,26449,0.0038542738
7448,112448,0.10451877
7449,46813,0.012269409
7450,20531,2.5986976e-06
7451,20749,0.008421199
7452,18759,7.2924195e-05
7453,98145,5.195766e-07
7454,34806,0.017274432
7455,45788,0.00913865
7456,69371,0.021830883
7457,9422,0.07543571
7458,3786,0.049447946
7459,64144,1.3000841e-05
7460,109167,0.021672681
7461,24810,4.8481014e-10
7462,17273,0.00017426196
7463,22486,1.145541e-05
7464,113441,0.00021008712
7465,56005,0.09422598
7466,17235,0.00022054599
7467,40510,0.065444686
7468,92708,0.0053558815
7469,7282,0.00014451085
7470,62795,0.08238045
7471,65493,0.0016143988
7472,105334,0.029797807
7473,114902,1.2484828e-06
7474,43461,0.02078164
7475,76555,0.038295813
7476,93288,0.012102011
7477,88936,4.6776346e-05
7478,78168,0.0008119696
7479,24144,0.005978615
7480,103735,0.002712891
7481,114216,0.09024858
7482,47003,0.06384397
7483,85542,0.026135925
7484,86228,3.2387756e-08
7485,35744,0.005299632
7486,7141,0.014447276
7487,37047,0.0107837375
7488,55380,0.06064115
7489,100570,0.021065777
7490,35638,0.0738756
7491,593,1.7242652e-05
7492,103202,0.02277482
7493,105774,0.00028657063
7494,79862,0.085608646
7495,3437,7.780497e-06
7496,9214,0.027475785
7497,46005,3.2844753e-05
7498,75646,0.021452691
7499,104541,0.026544008
7500,98378,0.005874181
7501,104688,4.102845e-06
7502,60724,0.09822407
7503,95539,6.119696e-06
7504,31462,5.182356e-05
7505,114692,0.013951007
7506,102702,0.026963117
7507,385,9.02208e-06
7508,67601,0.010650898
7509,87071,0.037439022
7510,115184,0.0027814724
7511,32667,0.09320422
7512,13458,0.00013928315
7513,1487,0.011663961
7514,39813,0.010390344
7515,47554,3.4163754e-08
7516,60603,0.0009468028
7517,24664,0.00062368874
7518,53242,1.9763773e-05
7519,92407,0.002712891
7520,100029,0.02613434
7521,112033,0.08734493
7522,111733,0.0052626817
7523,100542,0.09960683
7524,28809,0.05803009
7525,31757,0.021679174
7526,104598,5.5292538e-05
7527,71221,0.002712891
7528,61522,0.02616657
7529,83937,0.09822407
7530,99390,3.6278698e-07
7531,10879,0.103404395
7532,19264,1.9043624e-05
7533,6817,2.2010216e-05
7534,56616,0.030859891
7535,73844,0.0013123339
7536,100110,0.02377865
7537,34539,5.961242e-06
7538,58435,0.09822407
7539,36219,0.021830883
7540,82023,6.997263e-07
7541,94109,9.101227e-05
7542,115079,0.017413767
7543,45001,2.6184828e-06
7544,18962,9.447261e-05
7545,8410,0.026142929
7546,86837,1.4711318e-05
7547,53239,0.08501622
7548,74913,0.045353234
7549,49994,0.023752017
7550,73746,2.3673927e-05
7551,79934,0.0022967674
7552,111754,0.08734493
7553,51671,0.00015991848
7554,16783,0.1162526
7555,59354,0.020436222
7556,84284,0.12652028
7557,18584,9.38254e-05
7558,96617,2.0548643e-05
7559,51360,0.08785204
7560,78459,0.005562384
7561,48109,2.5996349e-05
7562,9613,0.10402867
7563,56619,0.09320422
7564,91901,0.021672681
7565,65757,0.0003925959
7566,58636,0.049336616
7567,107723,0.027183982
7568,111686,0.0093450425
7569,15356,2.8936041e-05
7570,52896,0.002712891
7571,33644,0.026142929
7572,95328,0.04534585
7573,11305,0.00027451068
7574,70646,0.012030361
7575,68963,5.489974e-05
7576,23835,7.4527365e-05
7577,42121,0.049336616
7578,42821,0.056719538
7579,26818,0.09320422
7580,73273,0.087746575
7581,76530,0.09962154
7582,66440,0.0022978769
7583,12098,6.560156e-05
7584,60151,0.08738392
7585,5769,0.014456397
7586,74774,0.07412055
7587,82980,0.056715835
7588,7576,9.383945e-06
7589,28564,0.00035706523
7590,42583,0.099611595
7591,25270,0.023852842
7592,70316,0.00063559634
7593,105772,0.084176905
7594,29391,0.00032918
7595,108595,0.05671502
7596,83334,1.1413157e-06
7597,91717,0.08738392
7598,19065,7.0064034e-06
7599,66977,0.00014693789
7600,53729,0.010650898
7601,47397,1.6623022e-07
7602,3026,0.049451713
7603,91105,8.873503e-06
7604,15501,0.030208174
7605,62593,0.0053558815
7606,64185,0.005275688
7607,111229,0.0022861029
7608,27351,0.0009754471
7609,40486,2.309759e-06
7610,50362,0.3608405
7611,29041,0.026181428
7612,63803,5.8341648e-05
7613,115046,0.019720268
7614,43080,0.012155406
7615,92761,3.8146463e-06
7616,30410,0.007925788
7617,83460,0.0067060706
7618,27543,0.021679174
7619,23827,4.1063988e-05
7620,31214,0.038754445
7621,40516,0.11505174
7622,51973,0.11523532
7623,63536,0.00014418602
7624,48276,0.026135925
7625,38106,0.012744931
7626,71090,0.0003268163
7627,48458,0.004544401
7628,61499,0.018280406
7629,58175,0.013507568
7630,66382,4.5441675e-06
7631,47886,0.0022978769
7632,67867,0.004544401
7633,41767,2.161039e-09
7634,24063,0.026142929
7635,92342,0.002180245
7636,60538,0.023782896
7637,12468,0.0007230713
7638,80290,0.057988025
7639,20161,0.0021118924
7640,46107,0.039117854
7641,22848,0.012155406
7642,95446,0.002712891
7643,107407,0.022664648
7644,73680,0.002712891
7645,49508,7.771286e-08
7646,36876,2.5286812e-05
7647,9321,0.040336393
7648,48365,0.08238045
7649,37442,0.00035613598
7650,86898,9.071983e-06
7651,38393,0.09320422
7652,105737,1.17233285e-05
7653,4525,0.0012544033
7654,57603,0.0962711
7655,103056,6.456351e-05
7656,102825,5.5396335e-06
7657,9992,0.005510345
7658,85876,2.3692357e-05
7659,53117,0.34361392
7660,85729,0.026135925
7661,103620,0.038716786
7662,112995,4.8538203e-07
7663,37078,0.12379055
7664,70434,1.8682638e-07
7665,96002,5.6959666e-06
7666,47997,5.303152e-05
7667,101442,0.05671502
7668,102735,0.022900727
7669,13787,0.13399191
7670,58268,0.004544401
7671,73386,0.0133647015
7672,30689,0.021679174
7673,107701,0.006100282
7674,78969,2.2885499e-05
7675,63507,4.030108e-05
7676,113454,0.005226399
7677,91408,0.04929791
7678,78161,0.021710591
7679,9649,2.325471e-05
7680,113976,3.7926893e-06
7681,56928,2.3377135e-05
7682,59336,0.017561007
7683,18563,0.014447276
7684,81692,2.907795e-05
7685,77578,0.0013022281
7686,73185,0.09962154
7687,105798,0.02277482
7688,35237,0.1162526
7689,89796,0.04929791
7690,21160,0.022381077
7691,64134,1.1230578e-06
7692,115715,0.0053533465
7693,77970,0.021065777
7694,68377,0.053443428
7695,67524,0.014005615
7696,56844,0.08738392
7697,72990,6.7253825e-09
7698,86579,2.3284867e-05
7699,98713,0.08737103
7700,26984,2.6472621e-06
7701,33111,0.013444341
7702,37630,0.054988895
7703,112745,0.009629513
7704,109701,0.07626605
7705,13130,0.026173297
7706,111311,0.0015706373
7707,94672,7.664344e-06
7708,106323,1.3742931e-08
7709,5219,0.14169523
7710,73804,0.03305783
7711,22814,0.0009157237
7712,39963,0.005888243
7713,46003,0.021679174
7714,113681,9.275363e-05
7715,95842,0.02613434
7716,115023,0.11376301
7717,96402,0.08738392
7718,33689,0.013444341
7719,24861,0.0012564241
7720,52788,0.036504414
7721,65359,3.285174e-05
7722,54946,0.044971406
7723,55046,0.1221643
7724,77659,1.1983174e-05
7725,6558,0.00037622324
7726,81327,4.149737e-07
7727,75407,1.071411e-05
7728,30578,0.014384135
7729,971,2.2900403e-07
7730,26334,0.0064350194
7731,65196,1.3661152e-06
7732,2519,0.053829532
7733,36492,0.06463914
7734,45527,0.026142929
7735,30599,0.026181428
7736,60059,2.1162432e-05
7737,9752,7.086261e-06
7738,78571,0.0064350194
7739,35493,1.5630798e-05
7740,75301,0.07412055
7741,35839,0.023820162
7742,53428,1.9763773e-05
7743,96219,2.6461869e-06
7744,53177,0.001661457
7745,88419,3.8069965e-07
7746,106717,0.08052436
7747,10852,7.873424e-09
7748,71521,1.4804915e-07
7749,18644,3.3535496e-06
7750,97365,1.7892171e-05
7751,1129,0.07840325
7752,24194,0.0014282838
7753,111469,0.0017165369
7754,56800,0.004544401
7755,46024,0.13018456
7756,102115,0.08738392
7757,3358,0.0007040818
7758,10858,7.439715e-07
7759,113214,0.00031292473
7760,7849,0.00023931329
7761,67177,0.056715835
7762,69305,0.002712891
7763,17301,2.910719e-06
7764,727,0.08731945
7765,104938,0.08734493
7766,103379,0.038768277
7767,20200,0.049336616
7768,52028,8.684728e-05
7769,65929,0.005937719
7770,80490,6.119696e-06
7771,95788,0.03685419
7772,67116,0.013214114
7773,52676,0.049336616
7774,70804,0.0059590633
7775,31625,0.011181294
7776,16819,5.240212e-05
7777,26248,0.008851278
7778,36667,0.00599666
7779,53026,0.005299632
7780,36531,0.10504658
7781,10653,4.7637972e-05
7782,103459,0.0055266777
7783,41204,0.05803009
7784,48220,0.0053558815
7785,60526,0.05132132
7786,53132,0.04393397
7787,4948,0.00017885036
7788,30606,0.0016888067
7789,102241,0.0031419564
7790,23357,0.16894756
7791,44812,0.04393397
7792,5532,1.1091039e-06
7793,25459,0.0007339074
7794,1497,0.00023504929
7795,59511,0.00017398287
7796,105549,0.0032778287
7797,8564,9.366606e-10
7798,83802,0.012414498
7799,21358,0.035995085
7800,94028,0.02302324
7801,114644,1.7081321e-06
7802,104235,0.09422034
7803,10032,6.6334556e-05
7804,25326,4.2685742e-06
7805,74744,1.8603943e-05
7806,33994,0.00021474641
7807,44605,0.04539426
7808,6354,0.00019133733
7809,34398,0.021710591
7810,69849,1.4300059e-09
7811,32614,2.6472621e-06
7812,60269,0.026963117
7813,80349,0.021672681
7814,45460,0.000143285
7815,109685,0.023139397
7816,103502,0.002712891
7817,17676,7.318837e-05
7818,85271,0.0136639085
7819,50727,0.0033784292
7820,40652,0.030657504
7821,43444,0.0064678607
7822,18984,0.00015179068
7823,100031,0.00019180513
7824,87342,5.899624e-06
7825,98841,0.072241016
7826,69901,7.080086e-05
7827,36299,0.00018938756
7828,13840,0.0006725037
7829,85952,5.5396335e-06
7830,68676,2.056615e-05
7831,1594,0.0003752139
7832,1707,0.026173297
7833,75372,0.0020154133
7834,73704,2.3673927e-05
7835,37882,0.04539426
7836,81471,0.021065777
7837,85691,0.056715835
7838,19665,0.008078252
7839,100871,0.043910734
7840,63528,0.00034236116
7841,90811,0.021672681
7842,108761,0.094229415
7843,49391,0.026181428
7844,77742,0.033063255
7845,29685,0.021679174
7846,48816,2.3673927e-05
7847,96146,9.765911e-08
7848,105655,0.0053533465
7849,32395,0.0043983003
7850,68174,0.01390351
7851,98331,1.8549661e-06
7852,102010,0.00066543405
7853,49514,0.005133466
7854,35338,0.05014984
7855,77688,8.428425e-05
7856,35195,1.5207566e-05
7857,14153,0.04393397
7858,35170,7.0836715e-05
7859,14923,0.009353764
7860,68428,0.09422598
7861,78736,1.6268285e-06
7862,32954,0.021679174
7863,58357,0.05803009
7864,3487,0.31882104
7865,85789,0.016483126
7866,9046,2.8123146e-05
7867,48918,2.0521484e-05
7868,63402,0.02616657
7869,75103,0.0022968461
7870,51124,1.9763773e-05
7871,86979,0.021710591
7872,30899,5.077265e-08
7873,5528,0.06834645
7874,62227,0.023785751
7875,69016,1.9799445e-05
7876,9171,3.0170663e-06
7877,17561,7.2924195e-05
7878,81544,0.17286569
7879,108318,5.533899e-06
7880,37934,1.6939636e-07
7881,22287,0.23973112
7882,103303,0.0516789
7883,95745,4.5914017e-05
7884,78734,0.08738392
7885,19938,0.0026513026
7886,2192,0.001242966
7887,102353,3.0430321e-05
7888,101594,0.021064378
7889,52288,0.042505115
7890,42380,0.07840325
7891,4684,0.00021220559
7892,4690,0.049447946
7893,46968,0.0084155435
7894,39313,0.026142929
7895,35341,1.9697277e-06
7896,42249,1.4647933e-06
7897,38071,0.10288333
7898,63335,0.0053558815
7899,1448,0.15469432
7900,28555,0.00030929668
7901,34707,0.038768277
7902,115754,0.021672681
7903,105691,0.0029646633
7904,2672,0.036972657
7905,96568,0.057988025
7906,32097,0.05803009
7907,79412,0.005543168
7908,14108,0.02616657
7909,75002,0.0022968461
7910,20384,4.4404717e-07
7911,27855,0.00926755
7912,51796,0.056739822
7913,8326,0.0002593283
7914,26322,0.026142929
7915,33887,1.5563624e-05
7916,31139,0.023820162
7917,112084,7.52927e-09
7918,8319,4.9152102e-05
7919,29781,1.9697277e-06
7920,76364,5.464678e-05
7921,4285,4.3844043e-08
7922,30510,0.026181428
7923,32009,0.021679174
7924,3853,7.0936244e-06
7925,95116,9.887741e-08
7926,54875,0.049336616
7927,19164,0.097816624
7928,25608,0.049310457
7929,26776,3.7849568e-07
7930,13963,0.0009331568
7931,59152,7.7710866e-10
7932,101394,0.078394376
7933,78989,0.002712891
7934,2669,0.00024485393
7935,17217,0.000748408
7936,21471,2.2484359e-05
7937,114396,0.0022715793
7938,77848,0.054022547
7939,2408,0.031898722
7940,6795,5.6105513e-05
7941,49000,0.005299632
7942,53748,0.026757339
7943,65521,0.00019180641
7944,57709,0.008465621
7945,39147,0.007034008
7946,83013,5.6577724e-06
7947,87316,0.09024858
7948,10358,0.00048188763
7949,10062,5.0623144e-06
7950,37164,0.16891932
7951,67149,0.005287984
7952,112050,0.002712891
7953,723,0.01939815
7954,84036,0.023172531
7955,92841,4.5794506e-05
7956,25312,0.00063864584
7957,107793,0.0093450425
7958,82509,7.0445526e-06
7959,49260,0.0069630705
7960,110019,0.03819129
7961,77201,0.057985272
7962,8888,4.0190407e-06
7963,111669,0.0001468827
7964,36434,0.035874978
7965,8355,0.10402867
7966,91791,0.015886929
7967,10288,0.049447946
7968,71047,1.0058467e-05
7969,22701,0.00012736957
7970,69027,0.021672681
7971,110531,0.00014506004
7972,50165,0.007960195
7973,45141,0.013776537
7974,76127,0.020080255
7975,107258,0.09020935
7976,13536,0.24601755
7977,27335,2.6004457e-06
7978,61061,0.021710591
7979,101069,0.08737103
7980,86387,0.005937719
7981,14416,0.0025782934
7982,6166,2.4221878e-05
7983,48554,0.00028557837
7984,17234,2.4155535e-05
7985,99054,0.08737103
7986,61160,0.049336616
7987,34994,0.04393397
7988,102960,0.026135925
7989,72168,0.002712891
7990,57764,0.026963117
7991,38787,5.2687636e-05
7992,103350,0.02613434
7993,65587,4.6932044e-08
7994,18818,3.906825e-06
7995,45011,0.013495838
7996,32208,9.235256e-06
7997,45101,0.005978615
7998,56215,0.0037392762
7999,21717,0.0059966426
8000,113415,0.017561007
8001,7773,0.00015560028
8002,33252,0.049283862
8003,37744,0.080349706
8004,39267,0.0075480053
8005,98210,2.172525e-08
8006,11417,0.08548715
8007,51525,0.0043699793
8008,77195,0.008221995
8009,36077,0.0015578313
8010,38932,7.695567e-06
8011,23579,0.085608646
8012,74310,6.24833e-07
8013,35228,0.021710591
8014,87428,0.038768277
8015,20660,0.029797807
8016,13280,0.0008831847
8017,50248,0.005888243
8018,79306,6.0226716e-07
8019,74959,0.09962154
8020,19858,0.022381077
8021,588,1.082722e-05
8022,2936,3.831583e-05
8023,10521,0.037673306
8024,79504,1.3199552e-06
8025,58678,3.335586e-06
8026,13971,0.035874978
8027,41373,1.9765184e-05
8028,31160,0.020780627
8029,115286,4.996319e-07
8030,22928,0.09320422
8031,47551,5.3758577e-05
8032,88028,0.012030361
8033,43124,6.1740445e-07
8034,91668,0.07412055
8035,26200,1.9697277e-06
8036,102223,0.012136206
8037,79044,0.07412055
8038,78207,8.002082e-07
8039,27629,1.4623367e-06
8040,65970,0.00030760872
8041,108540,3.7965071e-06
8042,53701,0.0023059489
8043,111295,0.002915614
8044,105323,0.04393397
8045,10234,0.00031508374
8046,21131,0.011097109
8047,27909,0.021679174
8048,114867,0.0010958179
8049,61743,0.012102011
8050,78840,0.00016924897
8051,46672,0.026142929
8052,41793,0.09320422
8053,38980,0.010509218
8054,39647,0.026142929
8055,108039,0.08734493
8056,27198,0.010499098
8057,54877,0.04393397
8058,88998,0.08738392
8059,66621,0.3630445
8060,71128,0.04539426
8061,104888,0.023801154
8062,69348,0.021672681
8063,47496,0.04393397
8064,8130,0.00046281528
8065,98257,0.022900727
8066,111023,1.8314646e-05
8067,3230,0.10402916
8068,111657,1.4248958e-05
8069,6819,0.0001842476
8070,15311,8.008869e-05
8071,81445,0.026963117
8072,27311,0.0005607936
8073,103387,8.6795946e-05
8074,38914,0.0010381186
8075,104478,0.05671502
8076,61646,7.411051e-05
8077,21552,0.023806605
8078,37643,0.057040755
8079,99773,0.02613434
8080,77735,1.3199552e-06
8081,109103,1.2800817e-06
8082,55558,0.012155406
8083,94352,0.026181428
8084,76630,4.5794506e-05
8085,68590,0.049336616
8086,69494,0.038067337
8087,96530,0.005275688
8088,91371,0.015886929
8089,20810,1.7550163e-07
8090,9443,0.021234361
8091,58047,7.4970108e-06
8092,6092,0.1240154
8093,19579,4.9362523e-09
8094,23099,4.101088e-05
8095,20474,0.00012334622
8096,103863,0.049283862
8097,24702,0.021830883
8098,111180,2.5121903e-05
8099,66324,7.077853e-06
8100,109143,4.707917e-08
8101,24744,0.026142929
8102,111677,0.02613434
8103,87120,0.107299305
8104,18717,0.00599666
8105,7916,5.4851178e-05
8106,51064,0.0017311512
8107,33955,0.0065763663
8108,50824,0.026181428
8109,19705,7.0064034e-06
8110,75960,0.002712891
8111,30177,3.6269405e-05
8112,14491,0.017561007
8113,36153,0.056739822
8114,36008,0.00012707866
8115,2576,0.013649445
8116,1515,5.3547166e-05
8117,91225,0.0114241
8118,33973,4.631142e-06
8119,30015,3.1349288e-08
8120,115560,0.0053533465
8121,62150,0.012102011
8122,111308,5.533899e-06
8123,30339,0.049283862
8124,86688,0.021065777
8125,107773,0.09420895
8126,30749,1.9697277e-06
8127,39474,0.16894756
8128,39748,8.7576365e-07
8129,6173,0.12415071
8130,9220,7.869855e-05
8131,13247,0.052510794
8132,6237,4.5972552e-05
8133,23188,6.9772714e-06
8134,63490,0.0053558815
8135,105887,0.012023789
8136,63009,0.023785751
8137,40399,0.00085128075
8138,714,0.00033490284
8139,85255,4.965853e-05
8140,63591,9.700254e-07
8141,40220,9.144401e-07
8142,21858,2.777942e-07
8143,86825,0.0055402275
8144,78586,0.012414498
8145,62020,0.10453837
8146,83125,0.00034951986
8147,12281,0.14169523
8148,38805,0.026142929
8149,36117,3.6384403e-08
8150,26144,0.017561007
8151,78300,0.09962154
8152,56085,0.0972324
8153,67495,0.0001199276
8154,30284,0.016758706
8155,108095,2.3340526e-06
8156,24149,0.02252195
8157,30588,0.08892729
8158,11206,4.9152102e-05
8159,26859,3.6165912e-07
8160,105363,0.006100282
8161,4312,9.690254e-06
8162,2091,0.026026938
8163,40687,0.016777016
8164,19747,1.1712836e-05
8165,30024,0.026181428
8166,48585,0.0023059489
8167,89991,6.1365795e-06
8168,98444,1.5279713e-05
8169,24310,0.04393397
8170,63631,1.1642625e-06
8171,94173,0.022377249
8172,111063,0.00045915117
8173,94679,0.04929791
8174,102841,0.009386319
8175,105051,0.02613434
8176,63997,0.07840325
8177,4927,0.049447946
8178,35407,0.005888243
8179,44188,3.1584e-05
8180,21799,8.945401e-07
8181,65923,0.0022978769
8182,25316,3.9414452e-08
8183,58284,3.9756515e-06
8184,92766,0.1067664
8185,4416,0.07932703
8186,91536,4.3336146e-05
8187,72056,0.021710591
8188,110629,0.11376301
8189,41468,0.12573501
8190,64291,1.1034217e-06
8191,61851,4.015811e-06
8192,79882,0.0015070129
8193,23917,0.04539426
8194,50569,0.0023059489
8195,24053,0.10504658
8196,57292,4.3439086e-05
8197,64346,0.00016118406
8198,58900,1.5051316e-07
8199,55565,0.28481895
8200,109632,0.019569261
8201,113792,0.097122945
8202,111351,0.057532605
8203,59856,0.016595326
8204,26009,0.01835874
8205,54123,3.6949405e-05
8206,84866,2.320921e-06
8207,63854,8.55853e-05
8208,108052,2.606285e-05
8209,40134,2.6472621e-06
8210,56437,0.012290965
8211,43861,0.08862705
8212,48215,0.0004758838
8213,12477,9.903262e-06
8214,103205,0.020034168
8215,19394,0.017452875
8216,29049,0.080349706
8217,3659,0.00081390934
8218,15463,7.3505005e-05
8219,64710,7.4609425e-06
8220,63334,0.00092249655
8221,43964,0.026142929
8222,84681,0.09320422
8223,17670,4.5725847e-06
8224,112439,8.2913895e-05
8225,34235,2.615103e-08
8226,66789,0.049336616
8227,98502,0.0067060706
8228,45697,7.989692e-05
8229,64385,4.7344045e-05
8230,95776,2.1839011e-07
8231,27609,0.00016095201
8232,60728,0.049336616
8233,28605,0.047080316
8234,103301,0.09420429
8235,75495,0.0002606055
8236,114795,9.12453e-06
8237,10940,0.00018855352
8238,70198,1.3016842e-06
8239,102005,0.050497808
8240,89069,0.002712891
8241,45637,0.016967628
8242,3727,0.19400503
8243,39678,4.9801392e-06
8244,28593,2.2261061e-07
8245,113194,0.020042188
8246,61421,0.010650898
8247,87985,1.3555457e-07
8248,113776,0.0007792788
8249,53030,2.62419e-06
8250,34510,5.961242e-06
8251,43311,0.00599666
8252,100032,0.08124007
8253,115353,0.00020718755
8254,49554,0.049336616
8255,101578,2.0724288e-05
8256,115673,5.5119915e-07
8257,19420,0.09091541
8258,91208,0.056715835
8259,11274,0.0002067049
8260,19931,0.005888243
8261,44819,1.3801722e-05
8262,108099,0.050172146
8263,52587,8.918612e-06
8264,32253,0.026181428
8265,88856,0.013655429
8266,69292,0.049336616
8267,70594,0.004544401
8268,30121,0.03767647
8269,2024,0.08443001
8270,81849,0.04393397
8271,31616,3.5421551e-06
8272,65942,3.181253e-05
8273,98376,0.08737103
8274,49774,0.0133647015
8275,113364,0.08733429
8276,71637,0.020493431
8277,35152,2.6880863e-07
8278,780,9.95595e-07
8279,82285,1.6646769e-05
8280,64009,0.0022984236
8281,13234,1.142055e-06
8282,103375,0.010014624
8283,105570,9.024508e-06
8284,1374,2.8936041e-05
8285,113645,0.017561007
8286,82717,0.0069217016
8287,87656,0.0159726
8288,68432,0.0073035657
8289,66373,0.005874181
8290,16116,0.02616657
8291,99688,4.2237772e-10
8292,3289,0.01727792
8293,82000,4.4995304e-06
8294,57971,4.936645e-06
8295,97734,0.009924685
8296,40962,0.08862705
8297,54827,0.020493431
8298,22352,0.005888243
8299,48541,8.0555884e-07
8300,6425,0.011086679
8301,97576,1.8378278e-06
8302,49093,0.056739822
8303,96309,6.172665e-06
8304,106535,0.09420895
8305,33369,0.006403709
8306,53163,0.0010826808
8307,65238,5.81812e-05
8308,32035,3.6269405e-05
8309,112175,0.022900727
8310,104544,0.09020935
8311,72876,5.2675427e-05
8312,9763,0.0010311357
8313,633,0.023812074
8314,11557,0.029971961
8315,93376,4.2437193e-07
8316,29174,0.026181428
8317,59972,0.07626605
8318,86484,0.005275688
8319,4589,0.031894423
8320,13590,3.395833e-05
8321,81371,0.03767647
8322,487,0.00067183084
8323,346,8.887169e-05
8324,18973,3.7401234e-05
8325,58953,0.00015093194
8326,44985,0.05803009
8327,74021,0.007782848
8328,73292,0.047045927
8329,13584,8.542467e-06
8330,95524,0.07967261
8331,41635,0.020493431
8332,10710,0.0003020548
8333,32019,0.0059590633
8334,29526,3.670196e-05
8335,86765,0.002712891
8336,83403,0.005933206
8337,73148,4.877964e-06
8338,62341,0.029797807
8339,49615,8.4258616e-05
8340,78490,2.512837e-05
8341,34332,0.021710591
8342,19790,0.011097109
8343,105853,0.01751604
8344,83006,3.8841898e-07
8345,77159,0.0023059489
8346,21441,0.09091541
8347,23977,0.0003699659
8348,83733,4.7468834e-06
8349,3694,0.049451713
8350,23173,3.1191823e-06
8351,24879,1.7978615e-05
8352,93452,0.017265417
8353,31208,0.00025923288
8354,35302,0.00012736957
8355,76014,0.049336616
8356,65386,0.005937719
8357,40794,0.113455996
8358,103700,2.4719016e-05
8359,8854,0.00019693963
8360,111025,7.853074e-06
8361,60140,0.026181428
8362,34761,1.16532265e-05
8363,113405,6.79473e-05
8364,66290,5.2689193e-05
8365,94827,0.10823642
8366,70854,0.021672681
8367,35280,0.026181428
8368,65267,0.0029438175
8369,32485,8.452724e-05
8370,45451,0.042505115
8371,46836,0.005978615
8372,83997,2.2492534e-07
8373,108092,0.011679627
8374,36603,0.023820162
8375,74991,0.00037350354
8376,58745,7.4970108e-06
8377,93681,0.004544401
8378,21058,3.983777e-05
8379,20759,0.056731988
8380,94422,1.4889561e-07
8381,17915,0.00016095153
8382,114784,1.2862522e-05
8383,9582,4.8743856e-05
8384,80846,0.005273149
8385,62450,0.0071927696
8386,107768,0.043887034
8387,47533,6.496687e-05
8388,67838,0.04393397
8389,59649,0.00018052562
8390,29573,0.0012213984
8391,79260,0.031080643
8392,14844,3.9698436e-05
8393,74445,4.6906634e-06
8394,2839,0.053161666
8395,92259,0.026135925
8396,92781,2.7212016e-08
8397,1095,0.049447946
8398,26947,0.021679174
8399,93415,0.09422598
8400,92479,0.011679627
8401,38520,2.2446095e-05
8402,68130,0.00050210237
8403,9416,2.941016e-06
8404,49188,1.0961148e-05
8405,36519,0.0059590633
8406,71533,0.012102011
8407,86040,0.029797807
8408,99744,0.00031918258
8409,64482,1.2400297e-08
8410,21325,0.00044861788
8411,47827,0.006100282
8412,3780,0.00019160223
8413,87802,0.08738392
8414,22202,0.00044789145
8415,2074,0.0022319315
8416,71951,2.7721919e-05
8417,80629,0.09024858
8418,41081,3.155634e-06
8419,38361,5.508796e-05
8420,99633,0.0053558815
8421,63954,0.00034236116
8422,113551,2.9922696e-05
8423,73941,0.010870939
8424,17642,0.17678331
8425,54213,7.702792e-06
8426,18768,3.0243978e-05
8427,15437,2.1919457e-06
8428,43537,6.376044e-09
8429,78964,2.9232988e-06
8430,115455,0.005505845
8431,42366,4.1672617e-08
8432,76443,8.1676935e-06
8433,98452,0.09020935
8434,34328,0.020780627
8435,83183,1.1612158e-05
8436,84072,0.029797807
8437,104443,0.011088824
8438,93351,0.02613434
8439,81868,1.1406242e-07
8440,44126,5.175118e-06
8441,15836,2.8034027e-08
8442,76497,3.6188027e-07
8443,8231,6.920922e-08
8444,44166,0.021679174
8445,85105,2.627154e-05
8446,44532,0.049310457
8447,73221,0.012102011
8448,64534,1.0608231e-05
8449,54266,0.023820162
8450,8862,0.0026841927
8451,66833,0.08738392
8452,113511,2.938275e-07
8453,35770,0.049336616
8454,38897,0.02252195
8455,109974,0.09020935
8456,85086,0.08501622
8457,41125,1.5714066e-07
8458,27233,2.6472621e-06
8459,17415,0.026963117
8460,29978,0.026181428
8461,86398,0.049336616
8462,9935,4.6346137e-05
8463,43342,0.05378343
8464,112397,0.09576112
8465,99244,0.00012130037
8466,61486,0.020493431
8467,51598,0.049336616
8468,60907,0.012102011
8469,5194,1.8755417e-06
8470,79267,2.1993157e-05
8471,76052,0.0053558815
8472,14501,3.4447353e-06
8473,100838,4.084142e-05
8474,92993,0.08738392
8475,7007,1.9643905e-06
8476,26536,1.758321e-08
8477,94131,1.3199552e-06
8478,84753,6.9733005e-07
8479,87965,0.005273019
8480,58818,0.0002606316
8481,42161,1.3801722e-05
8482,34875,0.0009365063
8483,34216,0.03767647
8484,29551,0.00698774
8485,114954,3.6244546e-05
8486,35473,1.0961148e-05
8487,5824,0.06657476
8488,62521,0.09024858
8489,34102,0.020977527
8490,7400,0.015777156
8491,3700,0.026026938
8492,58337,0.1138376
8493,111624,0.00071239035
8494,109488,1.7106785e-06
8495,83301,2.6174441e-06
8496,42652,0.005888243
8497,80397,0.016355503
8498,37772,0.02468026
8499,83157,0.00022546621
8500,20798,0.0003000048
8501,12276,0.17112058
8502,38719,4.1825337e-05
8503,108320,0.08734493
8504,114431,0.057988025
8505,36586,0.09320422
8506,46490,1.9697277e-06
8507,37358,0.02252195
8508,47627,9.016252e-05
8509,36246,0.049336616
8510,57194,0.07394152
8511,65508,7.832667e-05
8512,93424,1.8777806e-06
8513,87671,1.6507353e-07
8514,48347,1.3043512e-05
8515,63908,1.734659e-06
8516,65917,2.2624987e-05
8517,109653,0.011088824
8518,82616,0.022308463
8519,39035,4.0088975e-07
8520,111957,0.03767647
8521,83010,0.00043828366
8522,82401,5.5396335e-06
8523,84145,0.0020081315
8524,61369,1.7050957e-05
8525,33028,1.4733318e-05
8526,5115,4.310599e-05
8527,77675,2.0108453e-05
8528,41747,0.013776537
8529,33002,0.038754445
8530,102095,3.259424e-06
8531,56225,0.09320422
8532,32577,0.038754445
8533,79319,3.8171846e-05
8534,85799,0.058013294
8535,25539,0.01566873
8536,79682,0.08738392
8537,76546,0.0024342386
8538,23324,2.2984107e-08
8539,44717,0.0059472816
8540,15749,0.023806605
8541,44366,0.0013025948
8542,40177,4.6882995e-09
8543,99775,6.793933e-05
8544,41258,1.5679498e-05
8545,71286,0.04393397
8546,52385,1.47998435e-05
8547,5208,0.00067687675
8548,86503,1.7892171e-05
8549,9461,0.049447946
8550,45584,0.0031419564
8551,8900,0.0571985
8552,72911,0.12041605
8553,28472,3.4838088e-06
8554,78022,7.4609425e-06
8555,67643,0.00028557837
8556,74615,4.4995304e-06
8557,107000,0.022603992
8558,14292,0.00016428207
8559,9750,0.00043523
8560,94183,0.12038406
8561,15883,5.1110048e-05
8562,53319,0.012290965
8563,86089,1.3627372e-06
8564,8245,4.9152102e-05
8565,41502,0.012290965
8566,45940,0.005590962
8567,59890,6.35677e-05
8568,10109,2.4155535e-05
8569,65770,0.0022978769
8570,8571,0.00023539063
8571,12402,0.00014737809
8572,15405,0.01939815
8573,19951,3.2646562e-06
8574,81273,7.4609425e-06
8575,57827,0.08131125
8576,24152,1.7154325e-06
8577,77165,0.021710591
8578,84915,0.0031419564
8579,80109,0.0008116327
8580,55218,3.0433019e-05
8581,97616,0.005874181
8582,87327,0.024577923
8583,93996,0.00070193823
8584,15673,0.004677758
8585,47508,3.715973e-05
8586,105934,2.0128904e-07
8587,19743,3.1170355e-05
8588,11044,0.00062932476
8589,24775,0.023781514
8590,72091,0.017909022
8591,44792,0.037661344
8592,2515,0.12594849
8593,16861,2.7822687e-06
8594,30259,0.57294935
8595,8749,0.0004107493
8596,73778,0.026135925
8597,59191,0.026181428
8598,64803,0.00016963706
8599,52454,1.7332039e-07
8600,61912,0.002447117
8601,97605,0.08124007
8602,43399,0.017021844
8603,72639,0.0023059489
8604,105209,0.002712891
8605,5224,0.0027053375
8606,49598,1.0891739e-05
8607,49695,0.0069630705
8608,103370,0.020229993
8609,74075,0.08738392
8610,25229,2.6184828e-06
8611,18016,0.021830883
8612,56684,0.01424451
8613,21193,7.7202285e-06
8614,27528,0.0059590633
8615,33081,0.0005481902
8616,84520,0.029797807
8617,24185,0.0030861
8618,22844,1.4320422e-05
8619,90887,0.01346953
8620,115129,0.004735978
8621,80847,5.5583252e-05
8622,46859,0.00028704698
8623,80104,0.0067062485
8624,112395,0.0005909334
8625,10808,0.004033047
8626,26078,0.00014293416
8627,55583,4.303543e-06
8628,58130,0.012030361
8629,75567,2.6741386e-06
8630,100505,0.022900727
8631,33500,0.037904825
8632,17348,2.263541e-05
8633,26836,0.020527717
8634,101336,0.09820678
8635,62962,0.0015030389
8636,3398,0.12594849
8637,55232,0.00013615197
8638,29825,1.950532e-05
8639,113697,6.3454856e-08
8640,52173,4.297018e-05
8641,57116,7.702792e-06
8642,20668,0.080349706
8643,7887,0.035861764
8644,14184,0.006451384
8645,74852,3.643778e-07
8646,44805,0.0023194642
8647,103810,0.03683928
8648,50466,0.08501622
8649,110885,0.03305783
8650,35973,0.017274432
8651,38528,0.005888243
8652,55967,0.07412055
8653,36841,0.21266392
8654,109398,0.002712891
8655,41384,1.950532e-05
8656,86594,0.020713408
8657,15585,0.023806605
8658,67504,0.012414498
8659,36844,2.6307216e-05
8660,47809,2.602331e-05
8661,99328,0.08735417
8662,8033,0.0003020548
8663,92421,0.057988025
8664,44873,1.558876e-05
8665,113152,0.08734493
8666,46642,0.09320422
8667,39554,1.9697277e-06
8668,4504,0.049447946
8669,25413,0.026142929
8670,45786,1.4276379e-05
8671,55342,0.020780627
8672,1659,0.021728687
8673,2005,0.0018127804
8674,64258,6.1333385e-06
8675,42748,0.02252195
8676,50124,0.026181428
8677,54039,0.035874978
8678,15292,0.00013491504
8679,25473,1.9765184e-05
8680,65829,0.010036547
8681,114743,0.00020416128
8682,66308,5.199201e-07
8683,100438,0.02613434
8684,102483,0.08737103
8685,78158,1.1846417e-07
8686,98338,3.181253e-05
8687,3763,6.1019153e-05
8688,31056,0.16270195
8689,9296,8.719225e-09
8690,111678,0.03982041
8691,79078,0.00020163071
8692,114273,0.0005606739
8693,3034,7.702792e-06
8694,88584,0.024730476
8695,111699,0.02105874
8696,81543,2.659421e-07
8697,111328,4.9329135e-08
8698,69916,0.036731612
8699,104401,0.05671502
8700,28500,0.0016180914
8701,114566,0.026181428
8702,108767,0.012079337
8703,25360,0.00024150505
8704,27634,0.11930205
8705,110343,0.012666601
8706,54682,2.6906584e-08
8707,44450,1.6326603e-05
8708,62529,0.023785751
8709,42254,6.709973e-05
8710,77533,0.0025391201
8711,47625,8.9976915e-05
8712,79920,0.05147303
8713,36328,7.0836715e-05
8714,87964,0.04393397
8715,87735,0.057988025
8716,17875,3.0497446e-07
8717,56637,0.0023059489
8718,64513,0.005275688
8719,8005,0.00050123304
8720,13860,0.1221643
8721,63652,0.0005570204
8722,27176,0.021679174
8723,38677,0.023781514
8724,34048,0.01404566
8725,15847,6.4127084e-07
8726,18048,0.020604797
8727,17939,1.2363144e-05
8728,98496,0.010308335
8729,111102,0.027014287
8730,5876,0.038565386
8731,2324,0.049451713
8732,53837,6.1518786e-06
8733,106006,0.0013069604
8734,114992,7.1031456e-05
8735,66550,8.299593e-05
8736,51975,0.00898784
8737,79985,0.03178816
8738,4112,5.2119936e-05
8739,9157,0.098395966
8740,71301,0.004544401
8741,32872,0.021679174
8742,47918,0.021065777
8743,69884,0.021672681
8744,89984,0.02377865
8745,69886,0.11345961
8746,57668,0.026181428
8747,84831,0.06384397
8748,95485,0.062256794
8749,97596,0.0055149985
8750,11932,5.040481e-09
8751,28514,1.16876135e-08
8752,102975,2.349388e-06
8753,43089,0.016011665
8754,3947,0.00035593894
8755,22157,1.6933677e-09
8756,85321,8.791827e-05
8757,13696,0.06064718
8758,41731,0.07626605
8759,88676,0.0007297383
8760,49155,1.4482969e-06
8761,46846,0.005888243
8762,96398,0.00022738824
8763,39472,0.010509218
8764,89163,0.011679627
8765,14133,0.012584036
8766,19236,0.020949733
8767,91330,0.037660237
8768,83656,1.3403137e-08
8769,4606,0.00024753902
8770,114535,0.0063725286
8771,74317,7.3716856e-06
8772,16239,8.072586e-05
8773,79743,0.0599175
8774,75194,4.4995304e-06
8775,18122,4.3120036e-07
8776,63766,8.826004e-07
8777,49760,0.020493431
8778,104039,0.08733429
8779,31057,0.09320422
8780,60264,2.0521484e-05
8781,72836,0.037904825
8782,108717,3.2112432e-08
8783,37225,1.3441846e-08
8784,54262,0.026181428
8785,66041,0.005874181
8786,33195,0.0023129375
8787,24417,0.02252195
8788,12549,1.7971543e-06
8789,79742,0.021065777
8790,20397,0.04061991
8791,95433,0.09820678
8792,99237,0.00031067771
8793,35478,0.00043555725
8794,28524,0.049310457
8795,52035,0.026181428
8796,1207,2.941016e-06
8797,57032,1.8656567e-05
8798,87747,0.09313801
8799,42747,0.00020737489
8800,56959,0.009632496
8801,90754,3.5404366e-05
8802,22580,0.08785204
8803,76124,0.00015761501
8804,26864,0.0022488441
8805,2256,0.040336855
8806,48902,0.008465621
8807,53790,0.005531024
8808,100335,6.793933e-05
8809,84158,0.010390707
8810,47821,0.0001888585
8811,40255,2.9420447e-05
8812,79896,5.337036e-06
8813,77443,0.00031708588
8814,76792,1.1623814e-05
8815,13602,0.006413966
8816,89108,0.04929791
8817,112410,0.09960151
8818,8301,0.00015560028
8819,99816,1.1156952e-05
8820,59161,0.08738392
8821,113082,1.2761671e-05
8822,33512,6.1518786e-06
8823,43517,1.9697277e-06
8824,32739,0.03767647
8825,5970,0.09960311
8826,53925,0.026181428
8827,23479,2.0622124e-08
8828,2361,0.16527988
8829,21140,2.7431637e-05
8830,45593,0.00013198685
8831,106542,0.09420895
8832,49244,0.0022939437
8833,101306,0.0059341174
8834,75717,0.021065777
8835,12967,7.091045e-05
8836,35671,0.026181428
8837,95487,0.002712891
8838,103023,6.3691055e-05
8839,76594,0.011679627
8840,27874,0.00014349516
8841,67049,0.08109675
8842,34976,5.961242e-06
8843,29712,0.0742971
8844,50480,0.023820162
8845,104140,0.04105333
8846,108505,5.067095e-05
8847,27313,0.056739822
8848,48980,7.443475e-05
8849,26774,0.099611595
8850,86882,9.724063e-06
8851,74960,0.020436222
8852,28871,6.1518786e-06
8853,22158,2.6401665e-05
8854,10925,0.05673552
8855,45367,1.7879804e-05
8856,87882,0.09313801
8857,38016,0.056719538
8858,38817,4.4873036e-07
8859,92531,2.5471859e-06
8860,62269,0.011215673
8861,11160,0.0011263717
8862,49732,0.024926446
8863,5530,1.3513009e-06
8864,83146,0.0053558815
8865,42119,0.00599666
8866,25588,0.07840325
8867,26048,0.026142929
8868,14644,0.06064718
8869,36013,0.07860415
8870,77496,0.09962154
8871,66642,7.4536174e-06
8872,34520,0.00030773485
8873,93425,0.08738392
8874,56601,0.010418018
8875,57492,0.004544401
8876,15004,0.021255307
8877,81083,0.04393397
8878,106118,1.3376366e-05
8879,98771,2.497397e-05
8880,113074,0.012079337
8881,37739,0.010911288
8882,70712,0.002712891
8883,92571,7.5251366e-05
8884,20451,0.09320422
8885,39782,0.022792386
8886,1725,3.563531e-05
8887,27495,0.1221643
8888,75115,0.07412055
8889,37264,0.011154192
8890,24098,0.04539426
8891,13743,6.115495e-06
8892,51459,6.5289016e-05
8893,60099,0.10248803
8894,110077,0.02277482
8895,23883,0.15710871
8896,103557,0.02613434
8897,18970,5.3914923e-06
8898,63308,2.5286812e-05
8899,8400,0.08548715
8900,52089,0.02666514
8901,87393,1.5798228e-06
8902,36636,1.4349677e-05
8903,7191,7.086261e-06
8904,85793,0.004544401
8905,50070,0.026181428
8906,92437,0.08124007
8907,66837,4.5825527e-05
8908,71179,0.010418018
8909,52179,0.020780627
8910,89826,0.08738392
8911,47349,0.0463383
8912,88250,0.022104654
8913,88254,1.7892171e-05
8914,33261,0.056739822
8915,114209,0.0040141097
8916,87739,0.09962154
8917,61467,1.5505197e-05
8918,4341,0.00013814538
8919,89011,0.09960683
8920,11539,3.136316e-08
8921,89054,0.029797807
8922,20813,0.00050012703
8923,40540,0.055669867
8924,13450,0.10819401
8925,48537,0.0053558815
8926,20921,5.3121865e-05
8927,194,0.014456397
8928,30294,0.008464008
8929,102086,0.021830883
8930,85383,0.00084161997
8931,2093,0.001616827
8932,67918,0.0069630705
8933,92883,0.044523854
8934,87579,0.08738392
8935,101038,3.8473575e-09
8936,54671,0.00022435134
8937,111321,0.0018191403
8938,76542,0.022575866
8939,55628,1.0787201e-07
8940,74210,9.318701e-06
8941,77798,0.114583366
8942,56399,0.021757076
8943,33200,0.0010003529
8944,45820,1.1390407e-05
8945,90358,0.055773284
8946,3449,0.056739822
8947,39849,0.15710871
8948,85803,0.026135925
8949,22268,0.0014701987
8950,101115,7.4499475e-08
8951,79054,0.021757076
8952,45847,0.0410023
8953,4259,0.0003020548
8954,75867,4.2181824e-07
8955,54680,0.004544401
8956,18077,0.0001192898
8957,25623,0.004465827
8958,105244,4.3759945e-05
8959,83234,0.00013170221
8960,107141,0.0022936142
8961,99010,0.012094505
8962,39025,0.026142929
8963,106629,0.038751595
8964,68945,0.04539426
8965,104238,7.68239e-06
8966,65596,0.0022978769
8967,43077,0.0011106948
8968,12282,0.00015435749
8969,104410,0.08734493
8970,57229,0.010339818
8971,28484,0.00016890945
8972,32124,0.07932703
8973,104016,0.056278788
8974,43866,1.4950825e-08
8975,33819,1.4421017e-06
8976,64523,0.0055510015
8977,43929,0.017933529
8978,51178,1.9697277e-06
8979,48787,0.12185266
8980,37840,0.010499098
8981,62553,0.005937719
8982,27808,1.3801722e-05
8983,79499,0.07408704
8984,110463,0.00055887585
8985,57894,0.0069630705
8986,95748,8.3149054e-05
8987,4955,0.11202961
8988,28148,0.036760762
8989,32203,0.071170345
8990,10281,0.04250325
8991,104995,8.002082e-07
8992,111017,0.02105874
8993,51157,0.080362685
8994,4448,0.00011620577
8995,53704,0.1712346
8996,29281,0.020493431
8997,45555,0.053443428
8998,86317,0.026135925
8999,98341,1.0383319e-06
9000,42106,0.053443428
9001,64708,0.034268983
9002,63488,0.025378134
9003,55728,0.056739822
9004,84587,0.08862705
9005,40544,0.01939815
9006,36206,0.026181428
9007,110300,0.002712891
9008,30816,1.650422e-05
9009,40841,2.1891108e-06
9010,108104,0.002712891
9011,40214,0.026142929
9012,7244,0.046310052
9013,52158,0.056739822
9014,109760,1.2996415e-05
9015,37115,7.8769335e-06
9016,71785,0.08738392
9017,51034,3.651292e-06
9018,54449,0.03767647
9019,72952,0.0016854744
9020,61312,0.049336616
9021,68343,2.6174441e-06
9022,15006,0.021255307
9023,85151,0.0015097341
9024,62052,0.002712891
9025,55588,0.0071927696
9026,22080,0.026142929
9027,34080,0.026181428
9028,14810,0.026963117
9029,18177,0.049336616
9030,102461,8.089192e-07
9031,114300,0.04664809
9032,17913,7.104051e-07
9033,84009,0.0004814292
9034,69,0.18280467
9035,32365,0.021830883
9036,56429,0.08738392
9037,8882,0.00015088388
9038,60469,0.017274432
9039,45264,0.04539426
9040,48529,0.026135925
9041,107638,0.022664648
9042,50474,0.026181428
9043,56528,0.038768277
9044,64498,0.00011979695
9045,77465,0.00038418916
9046,7068,0.00019693963
9047,28264,6.0381176e-06
9048,67500,0.038751595
9049,83882,0.0006391235
9050,74304,1.2152811e-06
9051,44028,4.1518733e-06
9052,66748,0.017265417
9053,99587,0.02613434
9054,106828,0.05671502
9055,106123,0.0055295085
9056,26207,0.0059590633
9057,16039,2.2865436e-08
9058,76916,0.020080255
9059,74818,6.119696e-06
9060,108820,0.045447208
9061,77277,0.005275688
9062,107471,9.81434e-10
9063,81290,4.6195066e-09
9064,52321,0.006723107
9065,75505,0.004544401
9066,28710,0.023820162
9067,103844,0.08734493
9068,71246,0.0053558815
9069,37497,0.09580944
9070,53893,0.0006276321
9071,58664,0.026181428
9072,43066,0.023781514
9073,89691,0.09422598
9074,35743,0.0010346442
9075,62745,0.0022984236
9076,16006,2.154566e-05
9077,5293,0.00024125233
9078,77882,7.080086e-05
9079,13639,2.9553904e-09
9080,63569,0.0022984236
9081,95435,0.005937719
9082,40919,0.0016859873
9083,2513,4.5160727e-05
9084,113321,1.8020286e-07
9085,47277,0.097816624
9086,49160,0.09320422
9087,27891,1.9897723e-05
9088,96303,2.4069365e-08
9089,107182,0.010721048
9090,30519,0.029797807
9091,44743,5.6903355e-05
9092,80640,0.0053558815
9093,107173,0.08501622
9094,17703,0.05842496
9095,20797,6.709973e-05
9096,44919,6.507295e-06
9097,35921,0.0059590633
9098,61512,0.07141385
9099,66787,4.8093693e-07
9100,68285,0.09024858
9101,9113,0.09960311
9102,111588,0.004253367
9103,42561,0.11065459
9104,109435,4.7327303e-06
9105,42311,6.5282666e-06
9106,106960,0.11376301
9107,48886,0.049336616
9108,89656,0.0053558815
9109,63236,0.0022984236
9110,51317,0.00012304573
9111,9565,1.3441671e-07
9112,61277,0.0053558815
9113,114648,1.1472344e-05
9114,86370,2.0782913e-05
9115,105542,0.01751604
9116,14107,0.05842496
9117,83319,0.0001253803
9118,87869,0.09422598
9119,82094,1.1612158e-05
9120,34531,0.049336616
9121,68066,0.0023059489
9122,38352,0.007960195
9123,10960,0.103404395
9124,56683,5.7173006e-06
9125,109267,5.2104035e-05
9126,33359,0.03767647
9127,16923,0.012290965
9128,48460,0.049336616
9129,69237,0.04539426
9130,57873,0.029797807
9131,40956,0.029797807
9132,2544,0.049451713
9133,29428,9.314265e-05
9134,66390,0.01554043
9135,61858,0.002712891
9136,105346,0.00043374623
9137,10509,0.00024916814
9138,111620,0.02277482
9139,1433,4.1154794e-06
9140,37138,1.931475e-06
9141,84052,9.346122e-06
9142,27509,0.029797807
9143,93835,0.05434967
9144,25161,0.03688575
9145,18865,0.0005337847
9146,80780,0.1162526
9147,10278,0.08731945
9148,49924,0.03767647
9149,92980,0.078394376
9150,89313,0.032972597
9151,98001,0.005275688
9152,39355,0.010499098
9153,15621,0.0095358165
9154,33837,0.0064350194
9155,11271,2.981106e-06
9156,31483,0.0007871944
9157,76098,0.09962154
9158,94883,0.026181428
9159,63589,0.01333251
9160,40000,0.026142929
9161,102035,0.08559784
9162,92280,0.044319175
9163,70921,0.005874181
9164,110840,0.004544401
9165,92502,2.3692357e-05
9166,32393,0.083730526
9167,19978,0.00012334622
9168,75428,0.005556081
9169,48303,0.019074677
9170,42581,0.1291469
9171,1419,0.0015942303
9172,51660,0.1221643
9173,87401,0.049336616
9174,19735,2.4689707e-05
9175,77033,0.00032890364
9176,91221,0.051757485
9177,71705,7.080086e-05
9178,53074,0.048109565
9179,81491,9.582523e-05
9180,100034,0.02377865
9181,32932,0.00016259898
9182,2464,1.8755417e-06
9183,25453,3.027041e-08
9184,43012,1.8877525e-05
9185,41570,1.4320422e-05
9186,27819,0.011097109
9187,79710,4.4995304e-06
9188,16925,0.034822382
9189,88854,0.04393397
9190,60486,0.04539426
9191,69022,2.3853012e-08
9192,40690,6.5627154e-07
9193,98143,0.0265645
9194,109289,0.08769672
9195,69210,0.08738392
9196,68376,3.4574296e-06
9197,107665,6.9348157e-06
9198,539,0.00029868656
9199,82338,0.027327675
9200,6258,0.049447946
9201,83205,2.8718637e-07
9202,70625,0.049336616
9203,74458,0.008449042
9204,81756,0.058013294
9205,9207,0.0015908995
9206,285,4.799112e-05
9207,48077,4.4995304e-06
9208,74158,1.841855e-07
9209,109383,0.021805167
9210,43639,1.4892608e-05
9211,78942,5.808014e-05
9212,99486,0.04929791
9213,93475,0.029393738
9214,115400,0.0059066657
9215,85416,0.00046465377
9216,17226,6.945068e-07
9217,8601,0.021834107
9218,72024,0.0060816947
9219,24213,0.008464008
9220,53063,0.0059590633
9221,34752,2.2809964e-10
9222,32789,0.016967628
9223,43591,3.038874e-06
9224,56532,0.18280467
9225,73553,0.07412055
9226,39134,1.3829984e-05
9227,65893,1.0312983e-05
9228,57187,0.00042155417
9229,101898,0.0031272096
9230,83851,0.004544401
9231,32367,0.049283862
9232,74803,4.4995304e-06
9233,93986,0.04393397
9234,109834,9.070184e-05
9235,12401,8.542467e-06
9236,103147,0.00017033401
9237,99669,0.0053558815
9238,54001,0.014005615
9239,15839,0.1162526
9240,85258,0.056715835
9241,11516,0.08979732
9242,26134,0.026142929
9243,14098,0.03701975
9244,15651,0.0022749505
9245,105963,2.6172145e-06
9246,27395,0.16891932
9247,36632,5.961242e-06
9248,81285,1.6971337e-05
9249,71591,0.026135925
9250,87918,0.0114241
9251,70644,0.049336616
9252,115606,0.01333251
9253,48785,0.06463914
9254,100227,0.012391637
9255,78440,1.8603943e-05
9256,34123,0.006111536
9257,32211,4.55101e-07
9258,24255,0.018004056
9259,9860,0.1462442
9260,22930,1.9697277e-06
9261,67581,0.04539426
9262,109798,0.08898167
9263,113382,6.487487e-05
9264,106453,0.0010718732
9265,106820,2.2327627e-05
9266,83369,0.08647778
9267,45912,0.16894756
9268,39309,0.04393397
9269,101271,9.158722e-06
9270,39363,0.011097109
9271,73564,0.010650898
9272,57670,0.005287984
9273,9073,0.029797807
9274,60694,0.004544401
9275,18431,0.00017673333
9276,18375,4.2323423e-05
9277,97634,0.010650898
9278,70485,1.3199552e-06
9279,16065,5.593355e-05
9280,73451,0.026135925
9281,61653,0.0015422205
9282,79256,0.0012408008
9283,79346,0.00014056788
9284,41611,0.049310457
9285,59802,0.020780627
9286,27949,0.21004729
9287,23725,0.03274922
9288,27104,0.026181428
9289,53101,0.0023059489
9290,95084,0.026963117
9291,99619,0.026233414
9292,55132,0.000100629426
9293,110326,0.02210321
9294,41978,3.6865714e-08
9295,10215,0.038565386
9296,55514,0.10719954
9297,107441,0.022664648
9298,4831,0.00054729456
9299,18677,0.370843
9300,16136,0.00015064898
9301,10809,0.00018554568
9302,97790,0.015839577
9303,73416,4.2047854e-05
9304,99061,7.044869e-05
9305,99764,0.02613434
9306,113416,1.0891664e-06
9307,71773,0.026135925
9308,31932,0.0055257264
9309,64686,0.2268151
9310,24518,0.09320422
9311,109713,0.0022766015
9312,8761,0.014447276
9313,79480,0.00011001275
9314,114363,0.002712891
9315,37774,2.0521484e-05
9316,84428,3.4791606e-06
9317,82923,0.09024858
9318,68122,0.0064769466
9319,89211,0.075297765
9320,85545,0.013495838
9321,98673,7.5639655e-05
9322,80698,0.029797807
9323,14456,4.3110476e-06
9324,95789,0.02927802
9325,32588,1.9697277e-06
9326,37705,0.030088766
9327,57332,1.4854826e-09
9328,53590,4.106814e-05
9329,24633,0.0007946248
9330,27029,4.2483924e-05
9331,79791,0.026181428
9332,7666,0.03274922
9333,68958,0.004544401
9334,100954,0.0008744656
9335,111876,0.113333166
9336,31778,6.505497e-09
9337,30058,0.0059590633
9338,681,0.00014787639
9339,14051,0.011097109
9340,99683,0.004544401
9341,66901,1.1230578e-06
9342,40552,9.873316e-05
9343,65750,0.0055510015
9344,80945,0.0022968461
9345,104504,0.11930205
9346,99079,6.793933e-05
9347,53814,0.004544401
9348,95607,0.09422034
9349,108175,1.1777857e-05
9350,90661,0.0020686777
9351,79563,0.005273019
9352,91108,0.00011829626
9353,56262,0.09024858
9354,52759,0.026181428
9355,59969,0.11065459
9356,95754,0.020476043
9357,39599,2.8634355e-09
9358,39249,1.7564527e-06
9359,51820,0.08238045
9360,11145,0.30761537
9361,65157,0.005937719
9362,40891,9.23877e-06
9363,114719,1.0789813e-05
9364,3368,0.013649445
9365,24663,0.056719538
9366,97461,0.02377865
9367,79667,0.09020935
9368,22192,0.0005719134
9369,33601,0.038295813
9370,13653,8.5513275e-06
9371,393,1.4072242e-05
9372,4094,0.05673552
9373,88420,0.08738392
9374,30400,0.026181428
9375,92380,0.116239734
9376,108966,0.096251816
9377,113371,0.09420429
9378,100721,0.057532605
9379,40037,0.006723107
9380,16637,0.00025024734
9381,115372,0.09313801
9382,113840,0.07412055
9383,51162,0.00026521133
9384,25052,0.04393397
9385,99978,0.020727588
9386,95136,1.0513693e-06
9387,92249,0.020436222
9388,5425,0.0005009109
9389,8482,0.00043393995
9390,112359,0.023820162
9391,47357,9.172104e-06
9392,113786,1.0228338e-06
9393,26547,0.023820162
9394,95661,0.012102011
9395,47431,0.07932703
9396,76649,0.026135925
9397,83739,0.021672681
9398,33475,2.2923972e-10
9399,104595,0.08734493
9400,29431,0.0075480053
9401,18413,0.00012297746
9402,104780,0.062256794
9403,28226,1.4428223e-09
9404,86007,0.0055128075
9405,5762,0.023707196
9406,74402,0.0022984236
9407,96961,7.407497e-05
9408,64017,0.0055510015
9409,55902,0.0972324
9410,75136,0.002712891
9411,91773,0.056715835
9412,40483,5.5646783e-06
9413,82499,0.013332178
9414,95598,0.02613434
9415,88235,0.026135925
9416,30106,0.026181428
9417,9092,0.00035593894
9418,33316,0.029942963
9419,2002,0.0004972218
9420,18845,0.018004056
9421,6649,5.2764473e-09
9422,18873,0.017452875
9423,66609,0.0011559053
9424,6553,0.00017885036
9425,11568,0.0043671564
9426,60058,0.09024858
9427,67856,0.0001396157
9428,58488,7.4970108e-06
9429,96441,0.00010163449
9430,68086,0.084192276
9431,17741,0.026963117
9432,68693,3.382343e-05
9433,45817,0.007960195
9434,70117,0.004544401
9435,113887,0.0063725286
9436,27081,0.00014630191
9437,38771,0.056719538
9438,10950,0.027480789
9439,2360,0.0007040818
9440,15611,0.0008423962
9441,8851,0.10339549
9442,82488,1.5492898e-05
9443,87988,0.08738392
9444,114134,0.11330806
9445,15557,0.0005929905
9446,9166,0.00024806542
9447,92293,3.1879194e-05
9448,67058,0.0007843479
9449,17701,4.101088e-05
9450,70727,0.0053558815
9451,92701,0.09822407
9452,14518,1.3516176e-07
9453,100309,0.09313801
9454,100057,0.021830883
9455,6079,8.3822615e-06
9456,23796,0.049310457
9457,115016,0.049283862
9458,101642,9.33914e-05
9459,55502,3.5631256e-10
9460,31946,0.070806004
9461,68176,0.00036863863
9462,32366,0.056739822
9463,110036,3.2409054e-07
9464,87599,0.002712891
9465,107456,0.02613434
9466,58833,0.0071927696
9467,112154,0.011679627
9468,88266,0.005273019
9469,1906,9.464772e-05
9470,42229,0.016778968
9471,45222,0.049310457
9472,88638,0.0017809344
9473,115051,8.9024485e-07
9474,74109,0.024910761
9475,15264,2.8936041e-05
9476,4960,5.0152894e-06
9477,64358,0.0009429834
9478,89319,0.021710591
9479,114379,0.049283862
9480,52029,0.08738392
9481,111600,0.000293221
9482,52919,0.002208454
9483,73472,0.044971406
9484,51285,0.07412055
9485,75667,0.017452875
9486,18679,7.736469e-05
9487,68012,0.0071927696
9488,8350,0.0010798929
9489,82806,0.021672681
9490,81029,0.004544401
9491,6516,0.00019223246
9492,72,1.1532297e-08
9493,34597,0.0136639085
9494,10711,0.00088647235
9495,85331,1.7308683e-05
9496,11252,0.0001886749
9497,78533,2.5838262e-06
9498,38502,0.10823642
9499,15987,3.7007947e-05
9500,20751,5.3758577e-05
9501,33707,0.038295813
9502,89420,1.0146844e-06
9503,7086,0.037673306
9504,48020,2.5838262e-06
9505,45050,0.038754445
9506,19998,7.4496515e-06
9507,69513,0.026135925
9508,11610,7.869855e-05
9509,13311,9.549033e-06
9510,95307,0.011125464
9511,71431,0.08738392
9512,71904,0.10823642
9513,81816,0.011088824
9514,41980,0.026142929
9515,10317,0.026154451
9516,19430,0.11065459
9517,77886,0.035874978
9518,64162,4.5441675e-06
9519,5430,0.0020466014
9520,32266,0.023820162
9521,3529,0.0013495132
9522,105709,0.08734493
9523,85005,0.08169653
9524,43001,0.021679174
9525,5808,0.00063470716
9526,17458,0.00035200393
9527,101478,0.0059341174
9528,34771,0.04539426
9529,96721,0.000120542005
9530,60434,1.441773e-05
9531,100631,0.026963117
9532,41560,0.026142929
9533,68394,0.08738392
9534,100318,0.00014904114
9535,42579,0.09053307
9536,32569,5.595254e-10
9537,4836,0.09960311
9538,107022,0.0067060706
9539,37603,0.0133647015
9540,100855,0.08859832
9541,56007,0.0962711
9542,31106,0.026181428
9543,7138,8.514451e-09
9544,12654,0.004677758
9545,54969,0.029797807
9546,106681,0.08734493
9547,44430,0.048697554
9548,15111,1.082722e-05
9549,76921,0.0058729476
9550,47640,0.026142929
9551,57791,0.026181428
9552,21957,0.0019728502
9553,30169,0.03164665
9554,3211,0.00019693963
9555,33844,5.4901884e-05
9556,1689,0.04072977
9557,38649,1.308314e-05
9558,81607,0.00729631
9559,71412,0.09422598
9560,71235,0.011088824
9561,91130,0.02377865
9562,87226,2.1927149e-06
9563,54933,0.0006454309
9564,12174,0.029833842
9565,18146,1.3016978e-06
9566,88661,0.037660237
9567,86390,0.002811713
9568,42196,3.0939693e-09
9569,76482,0.005273149
9570,86749,0.0114241
9571,50388,0.016360113
9572,102583,0.08559784
9573,2502,0.10402916
9574,80885,0.00015761501
9575,68232,0.012030361
9576,13784,0.00027804106
9577,50445,0.04393397
9578,7230,0.00051189744
9579,101517,0.005264549
9580,115916,0.038046364
9581,69982,0.09320422
9582,13962,0.036135294
9583,75379,0.038067337
9584,40711,0.0541979
9585,92732,0.08124007
9586,83998,0.0053558815
9587,55963,2.4473748e-06
9588,84039,0.002954201
9589,39251,0.012155406
9590,95907,0.09422598
9591,8136,3.4616754e-05
9592,64108,0.010898492
9593,21045,0.020977527
9594,58622,1.1230578e-06
9595,50278,0.0055767614
9596,94140,0.0218086
9597,102404,0.02613434
9598,82849,3.0749048e-05
9599,95906,0.02377865
9600,66289,0.005275688
9601,52688,0.021065777
9602,37576,0.00014405051
9603,13714,0.034822382
9604,80706,0.07839971
9605,48170,1.1623814e-05
9606,82768,0.0004984451
9607,42871,0.026142929
9608,67706,0.024448222
9609,85747,0.004544401
9610,19828,0.045339257
9611,99446,0.02613434
9612,70589,0.09422598
9613,11192,0.049447946
9614,41627,0.012260016
9615,87878,0.008608948
9616,1275,0.031745333
9617,55478,0.01665498
9618,88686,1.8768278e-05
9619,49923,0.017274432
9620,5088,0.027475785
9621,32640,0.021830883
9622,69441,7.684874e-05
9623,40447,9.138446e-06
9624,5165,0.248264
9625,15894,0.02616657
9626,74406,0.002712891
9627,74582,5.3158383e-06
9628,31217,8.794229e-06
9629,68692,3.1834124e-06
9630,72227,0.004544401
9631,15038,0.042172212
9632,112362,0.09576112
9633,100217,0.057988025
9634,103950,3.34001e-05
9635,9745,0.12721941
9636,16845,0.00016989314
9637,70724,0.002712891
9638,75714,4.1982958e-08
9639,22173,8.205308e-06
9640,99769,3.7623454e-07
9641,23467,4.8289153e-06
9642,53209,0.18275708
9643,114765,0.11330806
9644,103206,8.12509e-07
9645,13523,1.082722e-05
9646,107902,0.043887034
9647,29633,0.026181428
9648,437,1.3472448e-05
9649,32677,0.03688575
9650,41701,2.0521484e-05
9651,70421,0.1487859
9652,91039,0.005382612
9653,47423,0.00015876589
9654,62137,0.061425816
9655,54540,0.004544401
9656,113641,0.0059066657
9657,99292,0.0031132144
9658,65285,0.02658666
9659,57953,0.010499098
9660,12388,4.824165e-06
9661,68062,0.026135925
9662,13181,0.061525013
9663,956,0.0005162674
9664,16469,0.00029394426
9665,25569,1.6933677e-09
9666,81779,0.0069217016
9667,11381,0.00024125233
9668,67870,0.05976452
9669,29044,0.020493431
9670,3133,0.08611025
9671,69231,0.005531024
9672,53885,1.2995449e-08
9673,48041,0.004544401
9674,66913,0.0011373942
9675,77870,0.005287984
9676,114691,0.0045299367
9677,76480,0.010650898
9678,96490,0.001245093
9679,98205,0.02613434
9680,10647,0.00012446333
9681,114760,0.000114430884
9682,26966,0.009714259
9683,26906,0.005888243
9684,11708,0.2137466
9685,55543,0.026181428
9686,53270,0.02665678
9687,61224,0.02197803
9688,76577,0.04750586
9689,21136,0.1712346
9690,101526,0.021672681
9691,110401,2.6461869e-06
9692,38965,0.030312449
9693,39581,1.4400894e-07
9694,24164,0.038295813
9695,42519,0.00018727707
9696,106357,0.07408704
9697,67331,2.6174441e-06
9698,34430,5.9710008e-05
9699,72376,1.6780247e-06
9700,44006,0.037072923
9701,65951,1.8908071e-06
9702,4707,0.046310052
9703,93501,0.08315947
9704,34835,0.038768277
9705,43353,0.0064678607
9706,24484,0.026142929
9707,30701,9.706754e-05
9708,77000,0.0020481064
9709,77665,0.027327675
9710,101684,0.00040468358
9711,53693,0.049336616
9712,88539,0.07412055
9713,4083,0.00086932594
9714,82638,3.9626793e-06
9715,107138,0.0055257264
9716,69281,0.07840325
9717,75435,0.002712891
9718,17183,0.0033460173
9719,97804,0.046333645
9720,40467,0.0036052181
9721,106980,0.0065687783
9722,101157,0.0065521644
9723,20272,7.2924195e-05
9724,25091,0.032880522
9725,72231,0.026626956
9726,35540,0.000892309
9727,15623,0.016944602
9728,11459,0.00891306
9729,70010,0.09024858
9730,25561,0.026142929
9731,91024,1.9830379e-05
9732,91671,0.024480496
9733,98916,3.0225608e-05
9734,165,3.572445e-08
9735,89912,0.01346953
9736,114744,0.0061694393
9737,28562,0.012255126
9738,86981,5.808014e-05
9739,54183,0.07225981
9740,81552,0.09024858
9741,105361,0.02613434
9742,18789,0.00011221356
9743,111799,0.00015705483
9744,52987,2.2575595e-07
9745,83290,0.058013294
9746,5838,0.026842276
9747,102908,8.774793e-06
9748,93269,7.3246185e-05
9749,5580,0.00047633608
9750,55097,0.011097109
9751,56815,0.1138376
9752,13424,0.0012622187
9753,38572,0.11065459
9754,89341,2.6524908e-06
9755,11804,0.049336616
9756,10258,5.5676883e-06
9757,10205,0.03274922
9758,63510,0.00010753952
9759,34245,3.4060992e-07
9760,55551,0.02927802
9761,88298,0.10161917
9762,74117,0.056715835
9763,66203,9.024508e-06
9764,1958,0.049451713
9765,41457,0.0023313486
9766,7390,0.028723901
9767,42786,0.00016628279
9768,52594,2.3692357e-05
9769,97023,0.052223112
9770,113484,0.0022715793
9771,106579,0.045394424
9772,115355,0.06217889
9773,88413,2.8092646e-07
9774,98385,0.00070863566
9775,54424,0.000100629426
9776,4137,0.0051706512
9777,33778,0.029942963
9778,3946,0.00039733524
9779,74360,0.005556081
9780,38491,0.013507568
9781,65797,0.0022978769
9782,22558,0.038754445
9783,77897,5.5396335e-06
9784,5820,0.049447946
9785,93759,0.018035593
9786,6133,0.014456397
9787,57644,0.011437419
9788,26866,2.758947e-05
9789,43955,0.11523345
9790,34427,0.080362685
9791,21361,1.650422e-05
9792,66060,0.0022978769
9793,35593,7.746627e-05
9794,110324,0.00012832558
9795,7647,0.05673552
9796,78397,0.045353234
9797,97661,0.0013768701
9798,52882,0.002712891
9799,12687,0.17678331
9800,63981,0.005275688
9801,79942,0.09962154
9802,29505,0.026181428
9803,25773,0.026142929
9804,82590,3.1584033e-05
9805,42612,0.049310457
9806,53963,0.0007076565
9807,35323,1.4159135e-05
9808,6903,7.086261e-06
9809,104795,0.02377865
9810,100315,0.058522142
9811,113379,0.02105874
9812,58199,0.0053558815
9813,77438,0.008035921
9814,113995,0.08733429
9815,8649,0.0051689716
9816,83314,0.05970485
9817,8920,0.08731945
9818,20094,0.02616657
9819,18190,9.421796e-06
9820,65694,9.024508e-06
9821,49521,0.049336616
9822,63852,7.422017e-06
9823,11341,0.0009848366
9824,16988,3.4430574e-05
9825,14320,9.091072e-06
9826,44578,0.048697554
9827,57093,0.0410023
9828,367,9.711652e-05
9829,47137,1.7461011e-06
9830,68614,3.0602732e-06
9831,56737,0.04539426
9832,1991,0.03371559
9833,112207,1.5790516e-06
9834,36331,0.09962154
9835,62672,0.010339818
9836,38302,4.4414202e-05
9837,109674,1.6475616e-07
9838,111662,0.02105874
9839,89450,0.08738392
9840,35794,0.021830883
9841,57514,0.05315191
9842,33615,0.026181428
9843,95715,0.023650363
9844,55458,0.020977527
9845,73839,0.0002026383
9846,13067,0.0008831847
9847,40749,5.6454455e-06
9848,40241,0.049336616
9849,63170,0.006903746
9850,11205,0.08733589
9851,49784,6.781009e-07
9852,68726,9.4178496e-08
9853,25475,0.000122797
9854,6484,0.00015560028
9855,61497,0.07932703
9856,22479,0.00081613363
9857,81924,0.01157055
9858,70708,0.0023059489
9859,115178,0.021014638
9860,17639,0.002759842
9861,5062,0.29070953
9862,62660,0.0058727474
9863,3718,0.04658107
9864,13764,2.592381e-05
9865,66348,0.0022978769
9866,109176,0.043854684
9867,70545,2.9936587e-08
9868,92119,0.01346953
9869,101402,0.00017386596
9870,102295,0.09822407
9871,11005,0.00012446333
9872,109409,0.02105874
9873,48876,0.020780627
9874,108869,0.08856894
9875,8994,0.19400503
9876,51072,2.5679648e-05
9877,92850,0.00013233013
9878,109540,0.08733429
9879,51327,0.029797807
9880,85004,0.00015382883
9881,7341,0.00014624612
9882,52262,0.021830883
9883,74025,0.05315191
9884,90259,3.2836942e-06
9885,21161,0.0142601
9886,91718,0.13135494
9887,25193,0.0064350194
9888,74892,0.005937719
9889,54615,0.028860314
9890,26155,0.002472449
9891,92981,0.04534585
9892,84505,0.009164802
9893,102084,0.0058861505
9894,2008,2.0479585e-05
9895,54922,0.04951295
9896,102989,2.455569e-06
9897,40643,0.00075883814
9898,6482,0.00021685315
9899,43039,1.0180138e-06
9900,1927,0.00027812005
9901,20461,0.04539426
9902,61237,0.0069630705
9903,82494,0.0022967674
9904,28860,0.029797807
9905,106171,1.15749756e-07
9906,83030,0.009164802
9907,51476,0.084192276
9908,28550,1.2188491e-06
9909,25049,0.013495838
9910,72562,0.21919638
9911,41274,0.080349706
9912,49816,1.2777772e-07
9913,56569,1.3043512e-05
9914,85997,0.007572133
9915,33985,8.701713e-05
9916,90447,1.7959697e-05
9917,45942,5.961242e-06
9918,100845,6.793933e-05
9919,90518,0.08738392
9920,2083,0.00042633954
9921,91055,0.09313801
9922,23671,0.00031508374
9923,51489,0.09962154
9924,12159,0.0043346807
9925,92516,0.00083770516
9926,53526,0.0032841407
9927,87569,0.011125464
9928,104048,0.00024921732
9929,102243,0.026578337
9930,39473,0.023781514
9931,30896,0.029797807
9932,55827,0.0012355061
9933,109229,0.0065600374
9934,1149,0.11624836
9935,32762,8.055827e-06
9936,84053,0.0020081315
9937,8267,0.08731945
9938,86282,5.174873e-07
9939,58475,0.07412055
9940,68042,0.00033816104
9941,46926,0.037661344
9942,36059,7.4970108e-06
9943,67931,0.09320422
9944,69769,0.021672681
9945,75048,0.049336616
9946,67544,0.05315191
9947,21301,0.0001337317
9948,55043,4.5839948e-05
9949,72600,0.07412055
9950,7040,0.049447946
9951,52615,0.006723107
9952,48043,1.071411e-05
9953,6952,7.2924195e-05
9954,101933,0.02377865
9955,52465,7.080086e-05
9956,31542,0.021710591
9957,94653,0.0063978806
9958,58559,0.008498998
9959,62977,1.321158e-06
9960,5892,0.05673552
9961,5419,7.1101567e-06
9962,94979,0.0022984236
9963,90814,0.021672681
9964,111276,1.7910112e-05
9965,70985,0.021065777
9966,32523,7.0329814e-05
9967,18453,9.498081e-05
9968,98863,0.08124007
9969,35359,2.62419e-06
9970,92975,2.0574882e-05
9971,85569,5.719604e-09
9972,25447,0.049310457
9973,95509,1.3840525e-05
9974,70197,9.950977e-06
9975,20573,0.0011557853
9976,43234,0.000359691
9977,107765,0.00013972212
9978,70609,0.026135925
9979,20520,3.7363215e-08
9980,85937,0.002712891
9981,94782,0.09020935
9982,106765,0.08734493
9983,58677,0.05803009
9984,12333,0.026362585
9985,109076,1.1184543e-06
9986,43112,0.056719538
9987,84962,0.006100282
9988,7093,0.031894423
9989,28117,0.0002476991
9990,46318,0.020493431
9991,32304,0.1162526
9992,44552,1.6646769e-05
9993,45653,9.103644e-06
9994,28636,0.016294818
9995,91724,0.055773284
9996,5723,0.08443001
9997,90937,0.037660237
9998,12070,1.1590943e-06
9999,27280,0.049310457
10000,24818,0.026142929
10001,85033,0.056715835
10002,75261,0.10699253
10003,104835,2.03035e-05
10004,102997,0.021065777
10005,97850,5.5396335e-06
10006,19857,8.655134e-09
10007,59399,0.10034625
10008,58164,0.08738392
10009,114628,0.0063725286
10010,83713,1.7668402e-06
10011,108689,5.2472576e-05
10012,53125,0.020780627
10013,56688,2.0521484e-05
10014,80545,0.026135925
10015,13604,0.12472075
10016,62261,1.4936165e-07
10017,41550,0.056719538
10018,40754,0.017302139
10019,13131,0.08042657
10020,98561,0.049790468
10021,84381,1.1646305e-05
10022,41376,0.013776537
10023,92617,2.0782913e-05
10024,65067,5.855319e-09
10025,101928,0.046353914
10026,54818,1.7564527e-06
10027,114014,0.0059066657
10028,38752,7.376513e-07
10029,41830,8.3458434e-07
10030,105074,9.2349346e-08
10031,2065,2.0479585e-05
10032,95436,1.6337253e-06
10033,51387,0.03748011
10034,67567,0.049336616
10035,96654,0.27228636
10036,70227,0.07412055
10037,69576,4.0946484e-06
10038,52126,0.056739822
10039,85061,2.2602298e-05
10040,17153,1.082722e-05
10041,52190,0.005299632
10042,1001,0.11523459
10043,86699,0.002712891
10044,4551,0.08731945
10045,84297,4.3284846e-05
10046,8857,0.11202961
10047,74999,0.0069217016
10048,104579,7.175204e-07
10049,100134,0.0053558815
10050,31892,2.6472621e-06
10051,9695,0.00028867525
10052,48527,0.0002275329
10053,63828,0.005275688
10054,36526,5.3086518e-05
10055,89126,6.1182777e-06
10056,49383,6.399565e-05
10057,56626,0.00010760619
10058,53471,0.00019176416
10059,24534,1.4276379e-05
10060,83113,0.002712891
10061,29063,0.056739822
10062,77351,1.2906023e-07
10063,40116,0.16906866
10064,66346,2.1162432e-05
10065,57817,1.3043512e-05
10066,101316,0.09820678
10067,14613,0.00012609153
10068,46139,2.6171594e-07
10069,99193,0.004544401
10070,24235,0.24203065
10071,47033,0.0047901636
10072,16568,0.020604797
10073,49120,3.2671949e-06
10074,38732,4.7259383e-07
10075,50932,0.00042846202
10076,61641,5.232806e-05
10077,112110,0.004544401
10078,86639,0.026135925
10079,72640,1.1265515e-06
10080,99786,0.02613434
10081,106873,0.09020935
10082,34838,0.005888243
10083,52979,9.911567e-05
10084,43624,0.00030760872
10085,74710,0.0022976396
10086,16656,1.3537125e-05
10087,16868,1.082722e-05
10088,9054,0.00061405805
10089,31459,1.780705e-07
10090,76904,0.00032427133
10091,103881,2.3589246e-07
10092,88144,0.02377865
10093,23083,0.09320422
10094,34069,1.4722711e-08
10095,71547,9.271889e-07
10096,371,6.33223e-05
10097,17411,0.0026661758
10098,13064,0.00042223165
10099,10097,3.5620702e-05
10100,15822,0.012584036
10101,95268,0.017340163
10102,111084,0.049283862
10103,56056,2.4897163e-05
10104,67616,0.049336616
10105,12095,0.0081765065
10106,97951,0.08559784
10107,19453,0.07381651
10108,36154,0.11861761
10109,12346,0.06064718
10110,44324,4.1947027e-07
10111,71129,0.026135925
10112,110065,0.00028657063
10113,97039,0.09020935
10114,48285,0.005556081
10115,83663,0.0022967674
10116,30343,0.011181294
10117,59590,2.309276e-07
10118,86764,0.055773284
10119,17638,0.08943214
10120,63079,0.082122065
10121,46002,0.022951873
10122,49967,0.062948346
10123,67228,0.072236195
10124,47648,0.00046825685
10125,108500,0.08012651
10126,84492,0.0053558815
10127,90192,0.02377865
10128,41954,0.010663129
10129,90319,0.0005417854
10130,19237,0.03173805
10131,47182,0.0033361635
10132,112289,1.8314646e-05
10133,3854,0.00027812005
10134,20255,0.0130269565
10135,87050,0.011679627
10136,57100,0.017729199
10137,17995,3.841249e-05
10138,95611,0.026963117
10139,25897,7.742746e-08
10140,3909,8.152461e-05
10141,93955,0.09020935
10142,4446,0.18276013
10143,110912,0.049283862
10144,39680,0.05803009
10145,34651,0.09962154
10146,20517,0.049336616
10147,39360,9.064926e-06
10148,84283,0.010650898
10149,8638,0.0004989771
10150,660,0.037673306
10151,16181,0.0012142308
10152,12554,0.00026225907
10153,23630,7.262975e-07
10154,94468,0.078123
10155,1364,0.00015560162
10156,37099,0.00023111851
10157,45528,1.3801722e-05
10158,94052,0.0023059489
10159,95930,1.4825313e-05
10160,55156,0.026181428
10161,52895,0.002712891
10162,102408,0.022713179
10163,37051,0.021306146
10164,58356,0.18959446
10165,4095,0.05673552
10166,17219,9.38254e-05
10167,52496,1.01225886e-07
10168,109293,0.002290271
10169,66153,0.000108052336
10170,80544,0.07839971
10171,25564,5.944486e-05
10172,88821,0.02927802
10173,22681,0.00048460418
10174,23219,0.023781514
10175,56788,0.0006259334
10176,109973,0.0067060706
10177,27560,0.02468026
10178,79445,2.5825673e-06
10179,50002,0.0069630705
10180,58656,0.0059590633
10181,59075,0.0023059489
10182,8273,0.116317965
10183,111417,0.0007580641
10184,108925,0.08121795
10185,71210,0.002712891
10186,23596,0.005888243
10187,5212,7.869855e-05
10188,110283,0.0022883825
10189,29767,1.5441051e-07
10190,26030,0.005528397
10191,76876,4.4995304e-06
10192,53877,0.0034389058
10193,90648,0.057988025
10194,32728,1.5630798e-05
10195,29188,0.0053107133
10196,28697,0.004850029
10197,38336,0.04393397
10198,75001,0.17666565
10199,52314,5.961242e-06
10200,60760,0.005556081
10201,35567,0.60890335
10202,40506,6.941459e-05
10203,7526,8.2328215e-06
10204,32831,3.271571e-05
10205,14410,9.1507e-05
10206,75263,0.0008594593
10207,24601,0.00013268125
10208,73032,0.023678474
10209,34951,0.026181428
10210,42055,0.0006134476
10211,57314,1.3043512e-05
10212,73710,3.9626793e-06
10213,13620,0.042172212
10214,84884,9.852627e-07
10215,64059,6.1333385e-06
10216,2249,0.11958581
10217,27580,2.9420447e-05
10218,89314,0.09313801
10219,47851,0.005937719
10220,59784,0.0972324
10221,83914,0.23519406
10222,36,0.06064718
10223,49205,1.0891739e-05
10224,20074,1.0833021e-06
10225,92339,0.11379456
10226,78370,0.04393397
10227,65816,5.4563875e-06
10228,79610,1.1648539e-05
10229,7340,0.07932703
10230,58030,0.004544401
10231,11074,0.00020307118
10232,31187,8.022268e-05
10233,48710,1.0547531e-07
10234,21388,2.0191331e-07
10235,17270,7.2924195e-05
10236,108384,2.0429163e-05
10237,84678,2.0782913e-05
10238,19760,1.650422e-05
10239,67667,0.02377865
10240,9645,6.530869e-05
10241,38064,0.0012578538
10242,88593,0.00030301846
10243,30653,0.0059187314
10244,110723,0.026430517
10245,38700,2.4314959e-05
10246,58480,0.00037955405
10247,110134,2.2593571e-05
10248,18335,0.02616657
10249,4284,0.10402916
10250,68416,2.2624987e-05
10251,109711,0.011377214
10252,76872,8.20758e-07
10253,42817,0.00037843906
10254,6,0.00085734704
10255,58472,1.3515779e-06
10256,30956,0.0053107133
10257,81395,0.055773284
10258,103129,2.0143732e-05
10259,54005,0.049336616
10260,57285,0.017549329
10261,17565,0.00035466906
10262,5302,8.1356164e-05
10263,5844,0.062150177
10264,58458,0.07412055
10265,22617,0.00013567632
10266,15901,6.508264e-05
10267,71902,0.04393397
10268,30733,5.3086518e-05
10269,98200,0.02377865
10270,48374,0.011437419
10271,11688,0.00028969065
10272,57284,9.911567e-05
10273,55463,0.07457529
10274,71019,3.259424e-06
10275,82112,0.0972324
10276,50987,0.0054223537
10277,80242,5.34757e-17
10278,45535,0.0027909968
10279,1613,0.07791698
10280,18037,3.2441513e-10
10281,86603,0.084192276
10282,77056,0.026181428
10283,73166,0.016992072
10284,89633,0.00068051287
10285,8243,0.0018969426
10286,104431,2.1614975e-08
10287,80187,0.00040818067
10288,22780,0.001586197
10289,76897,0.026135925
10290,66511,2.9132464e-06
10291,61152,0.012290965
10292,76980,0.025563378
10293,73415,0.19290051
10294,18175,0.045339257
10295,28840,0.005528397
10296,17159,3.8706626e-06
10297,104448,0.049283862
10298,24655,0.07626605
10299,41124,0.00037237525
10300,85880,0.005275688
10301,45889,0.0052355872
10302,1910,0.1712346
10303,91889,0.0009039553
10304,59900,2.356302e-05
10305,40182,0.008464008
10306,18585,0.0016877193
10307,99693,0.00026952566
10308,50225,1.0961148e-05
10309,98712,0.029797807
10310,11276,0.0005296824
10311,95869,0.00054586946
10312,72651,0.013495838
10313,86741,0.04393397
10314,48003,0.021710591
10315,7643,0.00888957
10316,114008,0.005505845
10317,7641,0.08731945
10318,62568,0.08131125
10319,32115,0.0046230163
10320,6082,0.0016094177
10321,94803,0.04393397
10322,50634,5.6042645e-06
10323,72208,0.04393397
10324,88689,0.015511589
10325,111381,0.004544401
10326,22584,0.0016095527
10327,97987,2.8855413e-05
10328,73530,0.0006190632
10329,85301,0.00011476144
10330,58564,1.4996204e-05
10331,112485,0.08277817
10332,52891,0.023820162
10333,5909,0.0036919706
10334,60218,0.1334538
10335,86313,0.08102648
10336,90443,0.04929791
10337,80388,0.024469329
10338,78416,0.02377865
10339,36508,0.010418018
10340,46421,0.005888243
10341,33395,6.1518786e-06
10342,87056,0.00015761501
10343,81510,0.0022968461
10344,8328,0.03877623
10345,98779,0.0055149985
10346,73906,0.09822407
10347,61620,0.004544401
10348,43271,0.026963117
10349,96867,0.16000718
10350,48628,0.11332811
10351,85945,1.2286158e-05
10352,113587,0.10451877
10353,32530,4.4121887e-08
10354,11603,0.00026443164
10355,41602,0.0064678607
10356,50600,0.026181428
10357,36825,0.00016689672
10358,95759,0.08738392
10359,36210,0.00010844127
10360,64050,1.4372647e-05
10361,7699,2.323507e-05
10362,46698,0.0017186317
10363,70664,0.0069630705
10364,65365,0.0022978769
10365,105535,0.05671502
10366,59149,0.03767647
10367,75098,0.00085261377
10368,28387,0.05803009
10369,60446,0.033284225
10370,81547,7.945021e-06
10371,88105,0.013495838
10372,24978,0.00013928315
10373,49518,0.049336616
10374,31808,0.03767647
10375,20689,0.026963117
10376,98683,0.11376301
10377,88545,0.00012783521
10378,65016,7.4609425e-06
10379,48369,0.00011911351
10380,100087,0.100328624
10381,13948,0.039117854
10382,88223,0.005555831
10383,53464,0.16270195
10384,111930,0.00038403866
10385,31492,0.00025245955
10386,41718,0.0025911925
10387,4861,0.00019693963
10388,42224,0.0006616558
10389,17890,7.2924195e-05
10390,53674,4.127755e-06
10391,7586,0.046310052
10392,60580,1.7666298e-06
10393,14270,2.0325391e-05
10394,41105,0.06463914
10395,100334,0.07991798
10396,111248,9.387287e-07
10397,77262,0.0010828793
10398,25788,2.0914413e-05
10399,105283,0.00019720872
10400,104455,0.021827
10401,92065,6.828761e-06
10402,36807,4.2587846e-05
10403,69684,0.07412055
10404,107211,2.365019e-05
10405,90095,0.021710591
10406,29472,0.049283862
10407,31719,0.03767647
10408,106839,0.0055257264
10409,21719,0.026142929
10410,1218,5.8979076e-05
10411,10452,0.00026558634
10412,59902,0.0018189792
10413,42351,0.026142929
10414,42060,0.020493431
10415,9326,1.8526499e-06
10416,81766,0.024926446
10417,49574,0.09962154
10418,7471,7.699259e-06
10419,109956,0.0011043488
10420,21191,0.011160305
10421,82096,0.020657735
10422,48462,8.935615e-05
10423,62202,0.0009743617
10424,15852,0.00034078053
10425,39215,0.04393397
10426,104728,0.09960151
10427,12057,6.0034883e-05
10428,47700,0.0023194642
10429,62843,0.026143705
10430,46553,0.021679174
10431,33068,1.4733318e-05
10432,115143,0.0045299367
10433,61815,1.5505197e-05
10434,80487,7.399759e-05
10435,91141,0.0053558815
10436,4229,4.9554266e-05
10437,51331,0.00042436123
10438,78167,0.09962154
10439,104457,0.02377865
10440,50708,0.112460144
10441,4714,4.2845295e-05
10442,76518,6.578822e-06
10443,11715,4.9152102e-05
10444,65695,1.1228029e-06
10445,63642,3.515951e-06
10446,80189,0.021535534
10447,73412,0.004544401
10448,60281,7.700503e-09
10449,52164,2.8985838e-05
10450,64069,0.00020494631
10451,42208,4.2342217e-06
10452,100493,0.08124007
10453,28694,0.049310457
10454,97884,0.00012640875
10455,95174,3.445478e-06
10456,98733,6.7855806e-05
10457,39112,3.4634617e-05
10458,109214,1.3707242e-07
10459,66426,3.9626793e-06
10460,8122,0.00024125233
10461,70532,5.097953e-08
10462,24375,9.763107e-06
10463,115180,0.0107023725
10464,34688,7.4970108e-06
10465,87487,9.158024e-05
10466,101071,0.04929791
10467,51212,0.0055767614
10468,82774,7.6575707e-10
10469,64666,0.005874181
10470,115816,0.02377865
10471,54841,2.8038177e-05
10472,76526,0.08738392
10473,70017,0.029797807
10474,8249,7.441495e-05
10475,102618,0.043910734
10476,108206,0.0052626817
10477,17336,0.00016106208
10478,89412,6.1365795e-06
10479,42247,0.07840325
10480,93704,0.046333645
10481,7477,1.08742715e-05
10482,822,0.001101967
10483,10557,9.7560194e-05
10484,64824,2.2624987e-05
10485,43429,0.023781514
10486,28300,0.026701422
10487,2725,0.33366352
10488,110311,0.003958087
10489,49305,0.12602511
10490,1917,0.0571985
10491,88742,5.0763952e-05
10492,66831,0.0029738843
10493,112380,0.002712891
10494,62086,0.0022984236
10495,82752,0.0053558815
10496,65665,4.586242e-05
10497,77449,0.002712891
10498,87099,0.051811375
10499,86290,3.9626793e-06
10500,53644,0.002712891
10501,4702,0.003480092
10502,55669,0.012290965
10503,71643,0.00020857024
10504,54488,0.09320422
10505,10266,0.0005677557
10506,56319,0.022630887
10507,82696,0.021710591
10508,97507,0.021672681
10509,5044,0.06990568
10510,89296,9.600752e-05
10511,52685,0.020780627
10512,38479,0.04539426
10513,88365,0.0069157225
10514,101534,0.07626605
10515,65503,7.4609425e-06
10516,111060,0.00013226566
10517,55681,0.008624272
10518,38217,0.0007997852
10519,11364,0.062150177
10520,55369,1.5630798e-05
10521,30271,0.0065763663
10522,99295,0.0009858063
10523,94245,0.050441414
10524,50953,0.10823642
10525,35484,3.0044812e-06
10526,70392,5.5647954e-05
10527,3573,0.03274969
10528,94469,0.04929791
10529,102160,1.2472525e-08
10530,88807,0.026135925
10531,78243,0.004544401
10532,52632,9.296083e-05
10533,11898,0.0014047446
10534,90474,0.11379456
10535,51216,4.5233563e-07
10536,52936,0.0107475715
10537,102652,3.8171846e-05
10538,99613,3.638053e-06
10539,46914,0.04393397
10540,44634,0.021679174
10541,16741,2.0422965e-05
10542,58759,0.07412055
10543,10462,0.00026544204
10544,64115,0.0055510015
10545,81610,2.9703038e-05
10546,29676,0.026181428
10547,47425,0.037661344
10548,55440,0.01948916
10549,92808,0.012095702
10550,78741,0.021679174
10551,23611,0.023781514
10552,37871,0.0004148255
10553,2194,0.0051189233
10554,50683,0.026963117
10555,97985,0.09820678
10556,86942,0.0050457683
10557,81495,0.11332811
10558,103372,4.5789748e-05
10559,5632,0.00015560028
10560,89622,0.02377865
10561,4084,0.01727792
10562,93956,9.071983e-06
10563,76529,0.012030361
10564,61346,6.23454e-05
10565,103034,1.1612158e-05
10566,11147,0.027480789
10567,76663,3.1915408e-06
10568,92296,0.0055799624
10569,76064,0.0022968461
10570,55064,0.1656218
10571,115067,0.02277482
10572,80668,0.005937719
10573,90454,0.08738392
10574,62940,0.0063697067
10575,107169,0.027308319
10576,70618,2.6174441e-06
10577,2575,0.2137466
10578,62463,0.0022984236
10579,72667,0.07356709
10580,112388,0.00017794268
10581,58796,0.02468026
10582,109235,0.09420429
10583,61591,0.023785751
10584,4231,5.240212e-05
10585,96487,0.00020495628
10586,66170,1.4989379e-06
10587,108486,0.049283862
10588,39274,0.026142929
10589,50915,0.04393397
10590,47727,1.3082754e-05
10591,113462,0.097122945
10592,46393,3.870017e-06
10593,92820,8.21107e-09
10594,66106,0.0002372502
10595,12412,0.00035107892
10596,84796,0.03791538
10597,11502,0.00021205471
10598,11578,0.049447946
10599,42388,3.630415e-05
10600,54315,0.049336616
10601,70553,0.02377865
10602,34271,6.1518786e-06
10603,26797,0.0034331717
10604,21038,3.2715425e-07
10605,3295,0.00025502805
10606,9760,4.307509e-05
10607,97580,0.0055149985
10608,8047,0.00015962264
10609,83186,0.006100282
10610,110613,0.043854684
10611,88054,0.03688575
10612,95114,0.04929791
10613,81359,0.01936364
10614,79087,1.47998435e-05
10615,73999,0.0053558815
10616,54494,0.026963117
10617,10601,0.00012839706
10618,43543,0.021679174
10619,106470,0.011679627
10620,38812,2.2446095e-05
10621,93209,0.12038406
10622,55027,0.015232069
10623,4844,0.049336616
10624,51403,9.071983e-06
10625,5805,0.027475785
10626,64367,1.3596135e-05
10627,56542,0.024797514
10628,44365,7.0836715e-05
10629,62871,0.05803009
10630,61464,1.1646305e-05
10631,48094,0.027327675
10632,93175,0.06384397
10633,42538,1.0891739e-05
10634,14136,2.4214118e-05
10635,38762,0.021830883
10636,59478,0.08862705
10637,82960,0.028360093
10638,69064,8.428425e-05
10639,81831,0.002712891
10640,33579,0.013444341
10641,13145,6.560156e-05
10642,103551,4.6592835e-05
10643,25970,0.0017238444
10644,33808,0.049283862
10645,104284,0.049283862
10646,11518,2.2010216e-05
10647,15060,5.7214325e-05
10648,92225,1.484253e-05
10649,11658,2.0422965e-05
10650,108458,1.0939409e-07
10651,108643,0.002290271
10652,69601,1.3564051e-08
10653,17846,1.8598196e-06
10654,70281,2.2506883e-05
10655,102451,0.023895012
10656,92060,0.029797807
10657,5898,0.021001268
10658,75376,0.08238045
10659,11163,0.0007593347
10660,56393,0.02468026
10661,74416,1.6980062e-05
10662,31895,0.0055257264
10663,60316,0.049336616
10664,48546,0.0064350194
10665,64769,0.005275688
10666,38261,1.420187e-05
10667,74319,0.0053558815
10668,66032,0.0022978769
10669,42869,0.00015910158
10670,105060,0.09820678
10671,95698,1.5922644e-05
10672,29876,0.012255126
10673,62437,0.08738392
10674,12658,0.027779121
10675,105506,0.012079337
10676,89722,0.09960683
10677,79432,5.1412694e-06
10678,46118,0.0049985927
10679,10530,7.086261e-06
10680,19914,9.565302e-06
10681,61642,0.1138376
10682,36651,0.026142929
10683,19972,7.0329814e-05
10684,34243,4.101088e-05
10685,84706,0.09024858
10686,18761,0.027907638
10687,105874,0.0005442763
10688,42048,7.3367046e-05
10689,74027,1.2496284e-05
10690,76899,0.026135925
10691,91414,0.026135925
10692,25123,0.026142929
10693,73277,0.0004954594
10694,60146,0.09422598
10695,59238,0.005740759
10696,28858,0.0019566594
10697,15875,7.289304e-05
10698,76203,0.0053558815
10699,83709,0.06233456
10700,51696,2.6723771e-06
10701,22577,0.056719538
10702,81433,3.811141e-06
10703,79268,0.00032616203
10704,41106,0.047045927
10705,102183,0.04929791
10706,108700,0.053443428
10707,75227,0.004544401
10708,73768,0.00898784
10709,12465,0.00016375222
10710,76629,6.0909053e-07
10711,98660,0.004090441
10712,73751,0.021065777
10713,2601,0.0035866022
10714,107272,9.423647e-06
10715,3504,0.13799436
10716,12152,0.14169523
10717,43774,0.038754445
10718,53094,0.002712891
10719,78978,0.0009429834
10720,25867,7.5426283e-06
10721,45911,0.005978615
10722,45831,0.00016689672
10723,1332,0.020455727
10724,105254,2.0643934e-07
10725,22823,0.049336616
10726,88707,7.964678e-06
10727,90304,0.012030361
10728,42525,1.5602634e-05
10729,72606,0.002712891
10730,26202,0.023843173
10731,3549,0.03274969
10732,24962,1.1093368e-05
10733,39676,0.00023627274
10734,114631,0.06217889
10735,60714,0.049336616
10736,49937,0.03767647
10737,96201,0.005937719
10738,34153,0.00025873978
10739,54748,0.026181428
10740,75193,1.8603943e-05
10741,38428,0.005528397
10742,43323,2.6472621e-06
10743,113761,0.0063725286
10744,79414,6.5588943e-06
10745,2706,0.036972657
10746,44883,5.7038145e-05
10747,60819,0.0053558815
10748,34995,0.0024289908
10749,88824,0.029797807
10750,86214,0.08131125
10751,109473,0.0223023
10752,76567,0.027014287
10753,59267,4.3432872e-05
10754,58952,0.0037702967
10755,81715,2.4123449e-06
10756,40495,0.065444686
10757,59615,0.00036431142
10758,110592,0.09313801
10759,97957,0.07408704
10760,66236,1.7943015e-07
10761,56386,0.021830883
10762,26232,0.056719538
10763,101340,0.006397683
10764,81492,0.0053558815
10765,73494,0.026135925
10766,39333,0.00048460418
10767,104529,8.002082e-07
10768,89535,4.3432872e-05
10769,62010,0.05803009
10770,31732,0.021679174
10771,109477,0.05202208
10772,114798,0.0107023725
10773,46833,6.4284205e-07
10774,36568,0.00042688465
10775,94810,0.049625106
10776,63028,0.002712891
10777,25160,0.026142929
10778,88471,0.08738392
10779,99396,0.002712891
10780,25528,2.6184828e-06
10781,5902,0.00086932594
10782,2595,0.11202961
10783,47040,2.9171774e-06
10784,52827,4.9682596e-05
10785,13105,0.0062981006
10786,115924,0.004544401
10787,18765,0.0057808626
10788,13912,0.00024600312
10789,79543,0.029797807
10790,108514,0.0055266777
10791,9100,6.5771744e-09
10792,94930,0.04393397
10793,25876,2.6184828e-06
10794,76210,3.7736827e-05
10795,56332,0.08738392
10796,1624,0.00055977894
10797,112641,1.3044799e-07
10798,39484,2.6472621e-06
10799,81810,0.009164802
10800,115477,0.023820162
10801,54318,2.2678278e-05
10802,37243,0.026142929
10803,22875,1.4320422e-05
10804,42564,0.049310457
10805,9698,0.08443001
10806,113933,4.8130678e-05
10807,32501,0.0139655955
10808,3008,0.013652192
10809,91790,0.0053558815
10810,43192,7.179913e-07
10811,41950,0.0017311512
10812,23698,0.00076400256
10813,45263,0.0059472816
10814,18875,2.6649457e-06
10815,81786,0.004544401
10816,49799,0.0055767614
10817,42007,0.0006197707
10818,775,1.1393329e-05
10819,71195,0.006100282
10820,52299,0.00050136755
10821,83549,0.0001640282
10822,71332,0.08738392
10823,48805,0.017274432
10824,13716,8.729776e-09
10825,65731,0.015839577
10826,14417,6.0622997e-06
10827,20997,3.983777e-05
10828,46710,0.16270195
10829,114308,0.011679627
10830,72841,0.017265417
10831,10919,0.0007025687
10832,45232,0.02078164
10833,32416,0.049283862
10834,24077,0.0011431734
10835,55287,4.0498493e-05
10836,47049,0.007572133
10837,9551,7.699259e-06
10838,110766,7.186198e-05
10839,51408,0.02576345
10840,33412,0.049283862
10841,15236,0.002104398
10842,22153,0.026142929
10843,66432,0.0022978769
10844,57296,3.1135005e-05
10845,3734,3.4563514e-06
10846,55238,0.0005199356
10847,24293,0.049521286
10848,64484,3.7935647e-06
10849,28044,6.399565e-05
10850,44067,0.029797807
10851,6318,0.033063255
10852,26292,0.021679174
10853,85108,7.4609425e-06
10854,22275,0.000133988
10855,8287,2.4155535e-05
10856,78007,9.334156e-08
10857,22554,7.3055184e-05
10858,103255,7.585794e-05
10859,35218,0.00013578389
10860,75711,0.045353234
10861,19294,7.021394e-07
10862,12052,8.018706e-06
10863,114877,0.0065635554
10864,58376,0.08238045
10865,54739,0.029797807
10866,4273,0.00019693963
10867,45505,0.011160305
10868,50215,0.03767647
10869,7813,2.941016e-06
10870,67466,0.026135925
10871,101439,0.11376301
10872,103589,0.097122945
10873,87267,0.0007793316
10874,67425,0.0043699793
10875,10392,0.0002548161
10876,18338,1.6900853e-05
10877,67781,1.4949154e-05
10878,87175,0.005273019
10879,58971,0.012030361
10880,3,0.0073035657
10881,66132,1.03211754e-07
10882,101232,0.024618136
10883,92250,9.051184e-05
10884,22672,0.113455996
10885,70224,0.021672681
10886,103227,3.259424e-06
10887,80429,0.058013294
10888,91761,0.08738392
10889,63998,0.015839577
10890,7694,0.08443001
10891,97868,2.4307522e-07
10892,16017,7.289304e-05
10893,57318,0.04539426
10894,39893,0.056719538
10895,90715,0.038751595
10896,22329,0.017452875
10897,18896,0.049336616
10898,57309,0.020436222
10899,16683,0.08041396
10900,68052,2.2624987e-05
10901,104690,5.3971307e-06
10902,10744,0.05673552
10903,7407,0.04090679
10904,35018,1.5640434e-06
10905,67756,0.031080643
10906,115706,3.0502648e-08
10907,115414,0.012003256
10908,26964,0.023820162
10909,104109,0.038046364
10910,73856,0.08332526
10911,13695,4.6736393e-05
10912,18224,3.9698436e-05
10913,97407,0.057988025
10914,111965,8.640789e-06
10915,80743,1.4887758e-07
10916,33413,0.09960151
10917,93668,0.0004142851
10918,48694,2.2624987e-05
10919,100860,5.1970303e-05
10920,100152,0.02613434
10921,91841,9.436418e-06
10922,53488,0.00014530092
10923,3062,0.023127051
10924,67612,0.08738392
10925,69049,0.11225427
10926,115214,0.03578482
10927,26414,0.049310457
10928,82756,0.005853414
10929,44417,0.004800677
10930,45655,0.0047173123
10931,64888,5.2689193e-05
10932,114758,2.4520707e-06
10933,42149,6.1518726e-06
10934,107933,0.010716427
10935,20731,9.167976e-05
10936,74796,0.0136639085
10937,75188,0.017265417
10938,26950,0.09714358
10939,29133,0.038295813
10940,52355,0.006723107
10941,89575,0.02377865
10942,112348,0.0024452845
10943,92916,0.012102011
10944,113611,9.9332545e-05
10945,68611,0.056715835
10946,2778,0.00067687675
10947,96817,0.02377865
10948,39825,0.0010563879
10949,11816,5.593355e-05
10950,85497,0.005933206
10951,2051,0.050087184
10952,56403,0.030727495
10953,85836,0.00103385
10954,90944,0.002712891
10955,51380,0.026181428
10956,40245,0.06064718
10957,75866,4.4995304e-06
10958,4678,0.0006132416
10959,70191,0.02377865
10960,112369,0.0039722263
10961,60920,0.012102011
10962,51923,0.013776537
10963,34989,0.0034581083
10964,43441,0.023781514
10965,72947,0.026135925
10966,109656,0.02613434
10967,58424,0.02092175
10968,1652,0.0008407299
10969,78801,0.00013292502
10970,68606,0.026135925
10971,100292,5.918553e-07
10972,85711,0.03178816
10973,28648,0.021830883
10974,87131,5.5396335e-06
10975,23464,0.00015179068
10976,27120,9.261399e-07
10977,40216,0.15759139
10978,60901,0.061425816
10979,115420,2.62419e-06
10980,80746,0.026135925
10981,2463,0.0002781516
10982,65874,2.2624987e-05
10983,76285,0.0053558815
10984,44244,0.0023194642
10985,31185,0.013794288
10986,104100,7.730724e-05
10987,41357,9.320169e-09
10988,75201,0.0054545235
10989,2695,4.310599e-05
10990,42362,5.3884237e-06
10991,26821,0.1221643
10992,86482,0.24215837
10993,12078,0.029818092
10994,75850,0.0058729476
10995,22016,0.00022525391
10996,59964,6.136462e-06
10997,65171,9.024508e-06
10998,39896,0.021237725
10999,43812,0.00065602915
11000,37209,0.005937719
11001,20561,9.979344e-06
11002,70743,0.0053558815
11003,15145,0.030108871
11004,28190,0.0023662613
11005,43357,0.021710591
11006,25457,0.036700565
11007,61412,0.037663013
11008,76117,0.006100282
11009,36620,0.048697554
11010,38532,1.6555608e-05
11011,95518,0.08737103
11012,47949,0.010650898
11013,26448,0.00042536686
11014,70228,5.604627e-08
11015,15544,0.054134574
11016,98029,3.2430336e-05
11017,84105,0.010390707
11018,103827,0.013951007
11019,90617,0.08131125
11020,115972,0.011485308
11021,60408,1.9558182e-05
11022,24577,0.021679174
11023,21155,0.024926446
11024,99203,0.02613434
11025,86021,0.0010862041
11026,51791,0.049336616
11027,103815,2.2181181e-08
11028,10577,0.0002778171
11029,60102,0.00013341378
11030,9810,0.0016831853
11031,42035,0.021830883
11032,35868,0.06384397
11033,52694,0.01690731
11034,86042,0.0011186423
11035,93036,0.0002667458
11036,54924,0.029797807
11037,47001,0.012269409
11038,82617,0.08738392
11039,86128,0.053443428
11040,93129,3.9695406e-05
11041,6651,0.049447946
11042,11476,0.017267156
11043,83683,7.985319e-06
11044,22365,1.6933677e-09
11045,84386,0.0053558815
11046,50241,0.02007644
11047,78154,0.044971406
11048,24094,1.1375505e-06
11049,53614,0.02252195
11050,113955,0.03683928
11051,93685,0.0016308873
11052,38296,3.7879218e-07
11053,63031,0.08738392
11054,112539,7.5251366e-05
11055,41580,0.026142929
11056,19561,0.05803009
11057,46029,1.3368125e-07
11058,63462,1.362276e-06
11059,58922,0.020493431
11060,7896,0.026142929
11061,88874,0.021710591
11062,22026,0.08979732
11063,62136,0.04539426
11064,15690,2.245168e-05
11065,111419,4.9532864e-05
11066,107438,0.022664648
11067,49029,0.023820162
11068,37131,0.05282545
11069,45728,1.950532e-05
11070,105355,0.002712891
11071,21261,0.00029331187
11072,105959,0.09313801
11073,83056,2.5996349e-05
11074,87141,0.057988025
11075,16041,3.9698436e-05
11076,29696,0.026181428
11077,106351,0.08785204
11078,79171,0.00019558909
11079,57390,0.0008839761
11080,82793,1.1976854e-06
11081,115054,2.736977e-06
11082,26444,0.023781514
11083,81370,0.022575866
11084,32998,0.16883552
11085,115346,0.033189338
11086,21706,0.008627053
11087,100561,0.12038406
11088,104030,0.08734493
11089,21532,0.044727046
11090,113547,0.00069327926
11091,89884,2.354532e-05
11092,13529,0.00030041323
11093,90660,8.4024316e-05
11094,68830,7.832667e-05
11095,75906,0.0031419564
11096,24370,0.023781514
11097,10130,4.307509e-05
11098,13167,1.3651837e-07
11099,71859,0.08022873
11100,10887,3.133404e-05
11101,31749,5.494767e-07
11102,79761,0.055773284
11103,85676,2.7848071e-05
11104,69206,0.049336616
11105,74626,0.004679297
11106,103757,9.3796325e-06
11107,83425,0.12908222
11108,75831,0.0055128075
11109,88999,0.0022984236
11110,70624,0.1162526
11111,55983,2.1127325e-05
11112,60015,0.005275688
11113,1353,7.520861e-07
11114,24058,3.259955e-06
11115,3371,0.0005296824
11116,52837,0.035874978
11117,61899,0.009943415
11118,29578,7.893568e-05
11119,65798,0.08243997
11120,105354,0.013992524
11121,21289,2.6669082e-07
11122,55633,0.08892729
11123,29553,0.012255126
11124,58198,2.62419e-06
11125,82597,0.00729631
11126,20235,6.365132e-06
11127,78048,0.049336616
11128,96982,0.021672681
11129,59540,0.09320422
11130,8602,0.00015047325
11131,88129,0.00016889237
11132,51181,9.071983e-06
11133,105985,4.044812e-05
11134,104066,3.2671949e-06
11135,59602,0.21909799
11136,19402,0.02616657
11137,55326,0.1162526
11138,18919,0.007831268
11139,92021,3.75953e-06
11140,39787,0.00097562646
11141,109399,2.1337962e-06
11142,59830,0.15927972
11143,44834,0.005341019
11144,48334,0.023686616
11145,12615,7.0345374e-07
11146,111790,0.002712891
11147,89064,0.016595326
11148,43828,0.14560477
11149,1422,3.2330536e-05
11150,100543,0.00076736044
11151,17290,4.4079325e-08
11152,47491,3.328347e-06
11153,35121,0.01560831
11154,69779,0.08738392
11155,13915,0.053443428
11156,96879,0.011088824
11157,83466,1.8314646e-05
11158,39948,0.023781514
11159,62290,0.0058729476
11160,50917,0.04393397
11161,16321,3.4430574e-05
11162,25258,0.056719538
11163,45426,0.05803009
11164,45898,1.827411e-10
11165,46709,0.049283862
11166,36590,0.24861853
11167,18538,3.348149e-05
11168,91709,4.1433905e-05
11169,98810,0.0026943765
11170,105057,0.049283862
11171,22550,0.00049592345
11172,14983,0.00018289268
11173,42020,0.0051704235
11174,7279,0.00011667532
11175,44246,5.3158383e-06
11176,39617,0.026142929
11177,63095,0.012414498
11178,60632,0.027327675
11179,113847,0.004705381
11180,87236,1.14415194e-07
11181,101435,0.02613434
11182,106169,2.950669e-06
11183,101378,0.012023789
11184,55587,0.0069630705
11185,83603,0.02927802
11186,16034,1.156011e-06
11187,78841,3.1350119e-06
11188,15841,6.845688e-06
11189,82121,8.002082e-07
11190,79527,0.04393397
11191,16260,1.1382178e-06
11192,7829,5.831234e-05
11193,39608,0.031118546
11194,105637,0.054984495
11195,97735,2.1058191e-05
11196,31048,6.3264883e-07
11197,91366,8.180372e-08
11198,64919,0.22419885
11199,64719,0.00019180641
11200,50778,0.22796503
11201,96900,3.545312e-05
11202,69161,0.000102149344
11203,112925,0.057532605
11204,70041,0.0023059489
11205,11455,0.049447946
11206,15252,0.00052081206
11207,57756,1.1211979e-06
11208,103220,1.1007218e-05
11209,54967,1.4776086e-06
11210,90224,0.033284225
11211,43045,0.02078164
11212,37308,0.00013125777
11213,47737,0.1125076
11214,78740,3.0633125e-06
11215,54094,8.94245e-06
11216,23861,4.9304344e-06
11217,14497,0.00012080794
11218,6078,0.00047168802
11219,36799,6.0523427e-05
11220,109694,0.007509202
11221,93369,0.09313801
11222,18412,0.11994871
11223,92946,2.3692357e-05
11224,44360,0.07225981
11225,7677,0.027475785
11226,79816,0.049336616
11227,33868,0.00059365045
11228,39750,0.04539426
11229,76860,0.00020840962
11230,30756,0.0034253595
11231,101903,1.1454549e-06
11232,7934,0.00076006964
11233,5404,0.031633597
11234,95807,0.057988025
11235,27717,0.00053793075
11236,2919,0.03274969
11237,75803,0.045353234
11238,7328,6.735314e-07
11239,33300,0.00013821942
11240,65363,0.00050146674
11241,70979,0.002712891
11242,49601,0.059065465
11243,52670,0.0053558815
11244,102146,5.5396335e-06
11245,23557,6.4662495e-06
11246,63635,0.1674856
11247,3228,0.00025867662
11248,43514,0.07840325
11249,112670,0.010485919
11250,79520,0.026963117
11251,112338,0.006100282
11252,31315,0.04432362
11253,62331,0.02616657
11254,92364,0.08738392
11255,79146,0.005273149
11256,101668,1.1059882e-05
11257,85424,4.4872373e-05
11258,85655,0.0053558815
11259,34942,0.03767647
11260,40914,0.60890335
11261,113880,0.049283862
11262,15460,2.0322748e-06
11263,45338,0.02252195
11264,26432,0.056719538
11265,106859,0.02613434
11266,111627,0.113333166
11267,65182,0.0022978769
11268,97209,0.08735417
11269,97435,0.020476043
11270,43356,0.038754445
11271,84672,0.020493431
11272,82275,5.2028737e-09
11273,50757,0.04393397
11274,20768,0.00044092452
11275,59023,0.0003439042
11276,15829,0.02169822
11277,24253,0.023781514
11278,91534,0.05315191
11279,94986,0.002712891
11280,94959,1.8142717e-07
11281,28916,0.0067664944
11282,3273,0.08443001
11283,80607,0.049336616
11284,17364,0.00013772304
11285,23356,0.049336616
11286,80812,1.3701346e-05
11287,20302,0.006891602
11288,90802,0.0043699793
11289,10126,0.1713478
11290,52612,0.08862705
11291,57392,0.0064063463
11292,84245,0.026135925
11293,46012,0.010509218
11294,16832,4.1072155e-07
11295,105719,2.913502e-06
11296,57910,0.003191424
11297,3311,0.08731945
11298,46901,7.459193e-05
11299,38578,0.006199156
11300,111692,0.0114241
11301,10286,0.049447946
11302,61657,1.1615947e-05
11303,109250,0.011088824
11304,107989,0.00037049057
11305,29504,0.026181428
11306,7721,0.014447276
11307,105822,2.0509215e-05
11308,16246,7.7984805e-05
11309,62389,5.5396335e-06
11310,11457,4.6346137e-05
11311,102985,0.00017864804
11312,59743,1.3740705e-05
11313,77479,0.00014582239
11314,55755,0.0059590633
11315,76704,0.026135925
11316,18629,0.0019012422
11317,92001,0.051757485
11318,106215,3.8799503e-06
11319,71852,0.08738392
11320,63974,0.0022984236
11321,76466,0.09320422
11322,3539,0.049451713
11323,19711,8.062424e-05
11324,74365,0.049336616
11325,100201,0.09422034
11326,18635,0.00037065364
11327,46391,1.6993703e-05
11328,43957,0.1712346
11329,26132,1.0353328e-06
11330,66858,5.528018e-06
11331,68080,0.051524322
11332,92670,0.09822407
11333,34485,0.035874978
11334,26017,0.025798598
11335,105999,0.002712891
11336,113780,9.841287e-08
11337,38119,0.05803009
11338,77492,9.5158754e-07
11339,111190,0.03819129
11340,44860,0.029797807
11341,84248,0.02658666
11342,74595,0.00032427133
11343,78822,0.0023059489
11344,45187,0.026142929
11345,69312,0.0053558815
11346,57905,0.056739822
11347,25779,2.0599913e-05
11348,80061,1.3759857e-06
11349,3510,0.00085734704
11350,43661,5.3758577e-05
11351,36945,0.056719538
11352,2836,0.049451713
11353,102306,0.012030361
11354,11656,1.6749544e-05
11355,37498,6.725857e-09
11356,8561,0.0002587146
11357,75628,3.2810505e-05
11358,26471,4.2483924e-05
11359,41107,0.085608646
11360,108798,0.113523215
11361,77522,0.12295235
11362,88953,0.057988025
11363,10113,4.307509e-05
11364,88458,0.04929791
11365,33756,0.0059187314
11366,21265,0.020810252
11367,25617,0.026142929
11368,77335,0.023929147
11369,74166,0.012102011
11370,56251,0.023820162
11371,114070,0.002712891
11372,46512,9.931682e-05
11373,107841,0.100328624
11374,43926,3.4254146e-05
11375,4582,0.00012403881
11376,9717,0.00025502805
11377,50476,5.994428e-07
11378,47176,3.4509567e-06
11379,42017,0.021679174
11380,72466,0.033284225
11381,26624,0.049310457
11382,15712,0.053416792
11383,37546,0.049310457
11384,62849,0.084192276
11385,100344,0.005874181
11386,6656,0.00025502805
11387,83219,0.0001453964
11388,42662,3.542709e-06
11389,74918,0.016595326
11390,40575,9.7011274e-05
11391,35136,0.00046494062
11392,25929,1.1229924e-06
11393,70771,0.07412055
11394,9160,4.5070493e-07
11395,11809,1.13474725e-05
11396,17958,0.027779121
11397,15011,4.9046143e-05
11398,105080,0.033284225
11399,115642,0.00015157751
11400,5417,0.11202961
11401,110351,1.1566943e-05
11402,110965,0.0053533465
11403,69819,0.00015854095
11404,28528,0.00017867512
11405,45429,0.020493431
11406,91785,0.0053558815
11407,64001,1.3000841e-05
11408,88237,0.0047511463
11409,101216,8.228762e-06
11410,76493,2.4107167e-06
11411,104113,0.0053533465
11412,67316,0.08022873
11413,61378,9.600752e-05
11414,79798,0.04929791
11415,59547,0.08738392
11416,103675,0.049283862
11417,54321,0.0018869854
11418,52968,9.309389e-08
11419,92040,0.009634675
11420,52572,0.0053558815
11421,39192,2.2446095e-05
11422,70223,0.056715835
11423,55844,0.049336616
11424,10197,0.049447946
11425,23648,2.0168585e-05
11426,74996,0.029797807
11427,20832,0.019123746
11428,100608,0.0032467644
11429,51134,3.149054e-08
11430,114271,0.0053533465
11431,87450,3.6257024e-05
11432,6268,0.00015560028
11433,40239,0.005888243
11434,22089,7.0064034e-06
11435,7059,0.00019006705
11436,85520,0.0053558815
11437,41305,0.0023313486
11438,2286,0.31882104
11439,14093,0.04393397
11440,63625,0.02658666
11441,111092,0.06898499
11442,110720,0.049143087
11443,65347,0.005275688
11444,94328,1.3271774e-07
11445,110190,0.00016395407
11446,55406,6.1518786e-06
11447,20826,0.004465827
11448,81161,0.021672681
11449,9925,2.2545573e-05
11450,13951,0.04539426
11451,114983,0.0008258235
11452,98349,0.006397683
11453,33387,0.049336616
11454,73411,0.004544401
11455,3496,0.00024125233
11456,46802,1.3739213e-05
11457,106987,0.010574395
11458,102811,0.00940642
11459,16278,0.09320422
11460,43773,0.056719538
11461,21428,0.04061991
11462,21298,1.4322882e-05
11463,74370,0.0053558815
11464,62874,0.020676242
11465,102406,2.8375627e-05
11466,71119,0.049336616
11467,33315,0.0023129375
11468,59673,0.05700971
11469,69689,0.11345961
11470,25007,0.011097109
11471,49950,0.021830883
11472,97366,3.1666056e-07
11473,77148,0.011437419
11474,41679,0.023781514
11475,5440,0.0001496445
11476,13109,3.4563514e-06
11477,71418,0.054985315
11478,92918,1.3026565e-06
11479,87125,4.1534017e-06
11480,27452,2.62419e-06
11481,21775,0.056719538
11482,11491,0.0054175826
11483,53666,0.0053558815
11484,86569,0.08013552
11485,58377,1.9632594e-08
11486,62142,0.005937719
11487,4577,0.05673552
11488,73874,0.038751595
11489,19842,6.709973e-05
11490,101887,0.005355378
11491,63696,0.08172736
11492,66316,0.01333251
11493,114484,0.026181428
11494,45267,0.037661344
11495,67039,0.08738392
11496,5159,1.6933677e-09
11497,110422,0.016521102
11498,369,0.00599666
11499,35245,0.020493431
11500,29086,0.026181428
11501,11713,0.049447946
11502,40490,0.082209826
11503,67185,0.005287984
11504,25689,1.9765184e-05
11505,85759,7.502006e-07
11506,105265,0.0055266777
11507,94215,2.505735e-06
11508,91349,0.011679627
11509,65523,0.00034215118
11510,106759,0.05315191
11511,28368,0.0018660654
11512,88095,0.02490803
11513,72280,0.056715835
11514,43118,0.016011665
11515,2805,0.08731945
11516,86680,9.711431e-06
11517,112071,1.1173647e-06
11518,56630,0.08738392
11519,44801,0.04393397
11520,62369,0.012030361
11521,42866,2.6184828e-06
11522,114649,1.1472344e-05
11523,77051,7.3427227e-06
11524,107427,0.08734493
11525,21617,0.20333992
11526,111303,0.0287719
11527,29292,2.62419e-06
11528,102344,0.0055149985
11529,114598,0.0066187843
11530,25772,3.0192766e-06
11531,61026,0.055773284
11532,613,2.2603867e-06
11533,14278,0.049336616
11534,101895,0.10503581
11535,76131,1.5809397e-06
11536,1292,0.00014624612
11537,64355,0.00013295595
11538,98734,0.0053558815
11539,11863,8.4358224e-05
11540,7543,0.013574274
11541,47328,0.056719538
11542,16941,0.0004808396
11543,18196,0.0001385349
11544,8954,0.000690452
11545,22629,0.001340037
11546,31560,5.3086518e-05
11547,10539,0.038565386
11548,19510,0.049336616
11549,65552,1.1228029e-06
11550,47412,0.049310457
11551,33702,3.9203973e-09
11552,70473,0.0029562043
11553,68630,0.08738392
11554,35759,0.09962154
11555,44835,4.4533617e-09
11556,111514,0.00061816204
11557,25093,0.0091937715
11558,5582,6.762049e-05
11559,114479,0.09313801
11560,89186,0.021065777
11561,38508,0.013794288
11562,81189,0.026963117
11563,36874,0.0050205356
11564,78668,0.08238045
11565,20730,1.4737989e-06
11566,57470,0.04539426
11567,10334,0.00022506049
11568,109093,0.0002037704
11569,63140,0.07840325
11570,92277,0.002712891
11571,26853,0.023781514
11572,110227,0.029797807
11573,53070,4.1753975e-07
11574,80526,9.0446165e-06
11575,23174,6.165899e-06
11576,4810,0.08731945
11577,60474,0.030108871
11578,16867,7.289304e-05
11579,92528,0.056715835
11580,20342,0.11523345
11581,39872,5.961242e-06
11582,13703,0.05673552
11583,115906,0.010793794
11584,69603,0.010650898
11585,39014,0.05315191
11586,8204,0.014447276
11587,104792,0.0035757874
11588,74221,0.1138376
11589,75659,0.049336616
11590,31770,0.020780627
11591,7579,0.116317965
11592,106715,0.049283862
11593,55020,0.03767647
11594,103605,0.08734493
11595,37979,7.251574e-06
11596,78423,0.005275688
11597,67737,3.029146e-05
11598,96208,0.002712891
11599,90672,0.00015761501
11600,34465,0.09320422
11601,114517,0.00054759224
11602,13520,2.1599211e-05
11603,41567,0.0015431305
11604,97174,0.047045927
11605,8662,6.2463645e-05
11606,100843,0.11332811
11607,106619,0.055747464
11608,98742,3.4886688e-07
11609,22002,0.050148655
11610,105875,0.00010277633
11611,88346,3.0258e-06
11612,86968,0.0114241
11613,112667,0.013426612
11614,106572,1.1527893e-05
11615,107398,0.022664648
11616,4653,0.00074527255
11617,89017,0.00011452531
11618,96256,0.021672681
11619,69546,2.6174441e-06
11620,71620,0.21273273
11621,21351,8.114937e-05
11622,65563,3.711243e-08
11623,85630,0.006723107
11624,2499,0.03274969
11625,63593,0.00010365989
11626,24537,8.225038e-07
11627,29328,0.026181428
11628,39922,0.05074714
11629,69368,0.0053558815
11630,24359,1.4276379e-05
11631,82097,0.040535707
11632,105771,0.09313801
11633,102265,2.7816745e-06
11634,89415,0.09422598
11635,13085,3.6037407e-05
11636,62784,3.259424e-06
11637,88247,1.21384205e-11
11638,56373,0.06483882
11639,45195,0.03203001
11640,30048,0.08061238
11641,97337,8.911589e-07
11642,48124,0.002712891
11643,26156,0.09320422
11644,65089,9.5594514e-05
11645,16131,1.1382178e-06
11646,70495,0.1221643
11647,69577,0.08785204
11648,88743,0.09422598
11649,71638,8.306361e-06
11650,33805,0.021710591
11651,60203,0.04539426
11652,11819,5.5802222e-05
11653,46014,0.1712346
11654,29351,0.07840325
11655,46294,1.37646525e-08
11656,100135,0.000114430884
11657,98069,0.0007025717
11658,63676,7.159346e-07
11659,83139,0.026963117
11660,45754,0.021679174
11661,61739,1.8260931e-05
11662,62800,0.113523215
11663,12694,4.816796e-05
11664,112658,0.013426612
11665,86881,5.1158704e-06
11666,16669,3.4447353e-06
11667,89096,0.0055402275
11668,5599,9.029925e-05
11669,6864,0.08731945
11670,56702,0.23986503
11671,95657,0.04929791
11672,71151,0.00017867512
11673,17590,0.09320422
11674,47333,0.020676242
11675,66174,1.2443458e-09
11676,24872,0.005528397
11677,79565,0.037886724
11678,111538,0.023820162
11679,113368,0.03767647
11680,45649,8.9638044e-05
11681,16976,0.09320422
11682,40276,0.00560165
11683,32976,1.7154325e-06
11684,62221,0.049336616
11685,36475,0.00012639657
11686,50678,2.0521484e-05
11687,68255,0.004544401
11688,85155,3.0289324e-05
11689,96523,0.021672681
11690,85671,1.6945515e-06
11691,114655,8.051219e-07
11692,73758,0.21004729
11693,23148,6.9772714e-06
11694,26880,0.0023129375
11695,2245,0.00047168802
11696,34756,0.042505115
11697,17444,0.0035121108
11698,67758,0.004544401
11699,60458,4.114349e-06
11700,86609,0.0006607072
11701,8046,0.00047763027
11702,115979,1.4896393e-06
11703,9993,6.015422e-07
11704,58498,0.00024009582
11705,6775,4.2039796e-05
11706,85263,0.00015264734
11707,37568,0.049310457
11708,63494,0.024618136
11709,5551,0.049447946
11710,12646,3.0375842e-05
11711,75661,0.0022968461
11712,90812,4.05394e-06
11713,52738,0.008498998
11714,103004,3.6309586e-05
11715,63199,0.00020975285
11716,71389,0.04393397
11717,68552,0.00014973329
11718,35212,0.020780627
11719,59092,0.038768277
11720,115857,0.004544401
11721,2816,0.00046074906
11722,109242,0.02613434
11723,107241,0.0052626817
11724,41039,0.049336616
11725,78128,0.00014589971
11726,50523,1.5921923e-09
11727,31774,8.753719e-09
11728,29605,1.1629403e-05
11729,21469,4.8015374e-07
11730,61871,4.391198e-05
11731,28278,0.00014349516
11732,92897,0.0104106665
11733,47441,0.003495274
11734,43875,0.00013990636
11735,47854,0.0023059489
11736,91613,1.2808656e-06
11737,72102,0.00028033872
11738,7911,2.0422965e-05
11739,46186,0.026142929
11740,32252,1.0962945e-05
11741,76738,4.111541e-06
11742,94088,0.002712891
11743,41546,0.00599666
11744,5613,0.00090142054
11745,10874,0.049447946
11746,114863,0.00017081332
11747,22321,2.9634778e-06
11748,3241,0.015193851
11749,46193,0.000122045116
11750,99711,0.013999118
11751,89718,0.08738392
11752,87940,0.037660237
11753,115479,0.07408704
11754,108950,0.08734058
11755,21317,2.2892942e-05
11756,40484,0.004174986
11757,88176,0.02377865
11758,92987,0.020485038
11759,85493,0.058520947
11760,45711,0.013495838
11761,2067,0.09741555
11762,93087,3.1650125e-05
11763,111258,0.029797807
11764,19846,0.075297765
11765,78683,5.5396335e-06
11766,1954,6.293565e-07
11767,74813,0.11519595
11768,94541,0.09960683
11769,36065,0.021710591
11770,113220,0.000925945
11771,25947,0.08013552
11772,24470,0.003132664
11773,111868,0.01651464
11774,11108,0.0005262897
11775,25,0.0031184012
11776,89723,0.021710591
11777,33127,3.2671949e-06
11778,59123,0.07412055
11779,32880,0.2423718
11780,52211,0.00086498394
11781,28835,5.256816e-07
11782,23919,0.00016756084
11783,59767,0.0005949892
11784,49978,0.026181428
11785,1627,0.00019053282
11786,54457,0.031638168
11787,115637,3.4892985e-06
11788,26117,0.0025183633
11789,2216,9.401502e-06
11790,49962,0.005299632
11791,70552,0.04393397
11792,2815,0.00046074906
11793,112277,0.03767647
11794,90537,0.12293358
11795,109277,0.002712891
11796,80249,0.026135925
11797,14097,0.04393397
11798,46266,0.00022435134
11799,93434,0.09020935
11800,27501,0.023843173
11801,93616,0.08738392
11802,60487,0.006100282
11803,19086,4.2957807e-05
11804,50870,0.00022796504
11805,26828,0.029797807
11806,70222,0.00042436123
11807,16859,0.02616657
11808,88659,0.04929791
11809,1350,0.07753899
11810,23969,1.5271576e-08
11811,32965,5.589085e-06
11812,32066,0.023820162
11813,20196,8.062424e-05
11814,106827,0.012391637
11815,104565,2.2628844e-06
11816,45791,1.4276379e-05
11817,105389,0.08734493
11818,47081,7.181115e-05
11819,54629,1.3199552e-06
11820,95515,1.0674478e-05
11821,95357,0.1138376
11822,69435,0.000765254
11823,92625,0.08738392
11824,3380,3.9315095e-05
11825,75793,0.045353234
11826,46248,0.026142929
11827,16095,0.00024719044
11828,32477,0.005741864
11829,28492,0.08862705
11830,39692,7.337962e-06
11831,80960,2.2624987e-05
11832,35161,2.2117421e-09
11833,109215,1.126255e-06
11834,53456,0.021710591
11835,24954,0.0050832094
11836,34463,0.056739822
11837,21613,0.00599666
11838,98024,0.021672681
11839,89394,0.04929791
11840,8048,0.03274922
11841,95166,6.0028415e-05
11842,7587,0.09413357
11843,87242,5.7261727e-06
11844,32447,9.847548e-10
11845,80688,0.026135925
11846,84022,0.021830883
11847,2807,0.0024311382
11848,102905,0.023820162
11849,47776,8.936638e-05
11850,113304,0.002712891
11851,5593,7.4029444e-06
11852,93055,0.005287984
11853,71537,1.1265515e-06
11854,94462,3.5404366e-05
11855,37166,0.049283862
11856,23433,0.008964088
11857,111307,0.023801154
11858,111690,0.09020935
11859,4463,0.16766712
11860,26634,0.049310457
11861,45438,0.09320422
11862,78809,2.0782913e-05
11863,46621,0.049310457
11864,107203,0.0012499653
11865,49046,0.0051704235
11866,40526,1.1620683e-06
11867,78295,0.017452875
11868,83092,0.026135925
11869,39337,0.049336616
11870,113305,0.051729362
11871,71730,0.029797807
11872,79526,4.955531e-05
11873,56740,1.5630798e-05
11874,104095,4.5630208e-05
11875,87321,0.0002018725
11876,94872,1.9953608e-05
11877,65352,1.7074612e-07
11878,82796,3.902025e-06
11879,65685,0.005275688
11880,16535,0.00033496667
11881,67720,0.04393397
11882,27711,2.901828e-07
11883,24241,0.026142929
11884,14128,6.560156e-05
11885,72276,0.026135925
11886,83654,1.0586688e-08
11887,50378,0.045339257
11888,21565,1.650422e-05
11889,38602,5.4563875e-06
11890,8077,0.093828335
11891,53174,1.8010008e-06
11892,49891,0.00024424843
11893,62026,0.038754445
11894,85498,0.026135925
11895,770,7.289304e-05
11896,99330,6.075439e-08
11897,8528,0.07791698
11898,5515,0.0001210957
11899,108933,2.4132095e-07
11900,100738,0.005275688
11901,64197,2.052111e-05
11902,83767,0.012414498
11903,78876,0.0032685786
11904,23352,6.678559e-05
11905,69144,0.0023059489
11906,56258,0.010938437
11907,83827,0.004465827
11908,90742,0.08738392
11909,92150,0.0067062485
11910,34802,0.026181428
11911,51365,9.800391e-07
11912,50197,0.021231076
11913,18541,2.1344456e-06
11914,80994,0.0020081315
11915,105513,0.002712891
11916,49240,0.012030361
11917,18817,0.006723107
11918,9069,0.00021668409
11919,95339,0.006397683
11920,82869,0.04393397
11921,66797,0.0022984236
11922,57997,1.7978615e-05
11923,39087,0.05212851
11924,17043,0.10504658
11925,107540,0.016521102
11926,75403,0.0047595124
11927,104058,1.4738101e-06
11928,1640,0.0011315801
11929,83408,0.09024858
11930,21579,0.04393397
11931,115636,1.2152811e-06
11932,101363,0.02613434
11933,68145,0.0053558815
11934,102715,0.005273149
11935,29262,0.035874978
11936,86927,0.013495838
11937,33116,0.016967628
11938,86615,0.049336616
11939,27531,1.9679514e-05
11940,42675,0.1162526
11941,105326,0.08734493
11942,30359,0.023820162
11943,93486,0.037660237
11944,18023,5.8647884e-06
11945,2059,0.049451713
11946,69767,0.02377865
11947,92912,0.078394376
11948,53978,5.5396335e-06
11949,7016,0.00891306
11950,54371,1.6860817e-08
11951,44300,0.007960195
11952,82200,7.764021e-05
11953,81782,0.0972324
11954,63087,0.10260957
11955,109212,0.00052408705
11956,102032,0.026181428
11957,39383,0.05074714
11958,106748,0.0028596378
11959,57248,0.014005615
11960,66035,0.0022978769
11961,15548,3.221159e-05
11962,74628,0.0053558815
11963,85849,0.049336616
11964,2530,0.15464818
11965,99009,0.007866801
11966,32255,0.21266392
11967,41756,0.037661344
11968,97624,0.017413767
11969,36482,0.023820162
11970,102372,0.029797807
11971,102807,0.04534585
11972,16043,6.3860985e-05
11973,21491,0.013507568
11974,16385,0.12472075
11975,6577,0.04090679
11976,103165,0.04483269
11977,25393,0.0059187314
11978,84603,2.998153e-06
11979,42539,0.0059472816
11980,86816,0.006397683
11981,70958,0.026135925
11982,98281,0.08124007
11983,66271,0.00011559416
11984,61702,9.393258e-06
11985,111005,0.001421265
11986,31320,0.0014470608
11987,55545,0.0023059489
11988,52488,0.050441414
11989,59042,2.68639e-06
11990,59832,3.4684395e-05
11991,78101,3.8171846e-05
11992,34782,0.017662093
11993,75712,0.049336616
11994,392,0.0007329125
11995,52885,0.026181428
11996,37755,0.026142929
11997,35414,0.056739822
11998,8774,0.013649445
11999,23859,0.0075472514
12000,9453,0.00022914878
12001,46071,0.021679174
12002,84596,0.0002659545
12003,15762,2.245168e-05
12004,108707,0.0069065066
12005,64774,0.00014447654
12006,48198,3.0342431e-05
12007,115966,8.002082e-07
12008,113318,4.7623387e-05
12009,27954,7.165644e-10
12010,55112,0.00019396794
12011,59501,0.0034422348
12012,100163,0.004933114
12013,88416,0.026135925
12014,80325,4.5794506e-05
12015,1456,0.023781514
12016,95265,0.022090081
12017,73369,0.004544401
12018,801,0.00040083894
12019,71831,0.00010365989
12020,54935,0.012290965
12021,55799,0.99692494
12022,67413,0.026135925
12023,8173,0.00042425987
12024,90342,0.04393397
12025,57152,0.07412055
12026,78738,0.026135925
12027,50164,0.04393397
12028,79783,6.256839e-08
12029,77478,0.00011448065
12030,115605,0.12038406
12031,107266,0.02377865
12032,37932,0.049336616
12033,46171,0.007572133
12034,114356,3.5955102e-07
12035,15310,0.2538872
12036,26800,1.950532e-05
12037,62483,0.021679174
12038,55047,0.17688967
12039,40930,0.008624272
12040,50380,0.0059590633
12041,86146,6.14056e-06
12042,55092,0.00021013238
12043,10409,3.819872e-05
12044,46956,5.3758577e-05
12045,106402,0.08121795
12046,78657,0.00015229826
12047,98202,0.062256794
12048,84924,0.00011091399
12049,51127,2.6723771e-06
12050,17245,5.593355e-05
12051,50457,0.026181428
12052,14067,0.0003078951
12053,12040,5.482174e-05
12054,79663,0.005355378
12055,5800,0.11523459
12056,84957,3.584004e-07
12057,43642,4.0332452e-05
12058,40150,2.9420447e-05
12059,70602,0.0012640632
12060,15305,4.1281426e-05
12061,23568,0.11523345
12062,17171,0.0006079684
12063,48877,1.3845147e-05
12064,24381,3.259955e-06
12065,109028,0.0053533465
12066,67240,0.09024858
12067,8153,0.0005176367
12068,71662,0.026135925
12069,85888,1.7370445e-05
12070,101158,3.5647445e-05
12071,102633,0.004544401
12072,10383,0.031894423
12073,61991,0.01554043
12074,46697,0.021679174
12075,107686,0.0053533465
12076,74604,0.005937719
12077,90430,0.021830883
12078,74632,0.0031419564
12079,103963,0.08031003
12080,75688,1.4327048e-05
12081,6999,0.05673552
12082,48723,0.014005615
12083,103898,0.02613434
12084,32441,0.020493431
12085,94362,2.6452938e-07
12086,17651,7.4012014e-06
12087,43706,0.023781514
12088,83490,3.6801637e-08
12089,83952,0.09422598
12090,49528,5.508796e-05
12091,114965,3.3417297e-07
12092,50606,0.010924481
12093,21891,0.085608646
12094,68978,0.049336616
12095,70986,0.1138376
12096,91816,0.021672681
12097,67476,0.00030733846
12098,37489,1.0891739e-05
12099,77154,0.0011559053
12100,48996,0.005531024
12101,60908,0.08131125
12102,77204,0.002712891
12103,96070,0.02377865
12104,11631,0.014447276
12105,105598,0.09420895
12106,72750,0.0014328279
12107,24447,3.0650983e-06
12108,91977,0.04393397
12109,40520,0.000109577
12110,97362,0.018033355
12111,46130,0.005888243
12112,83510,0.013332178
12113,12443,1.082722e-05
12114,112096,2.062653e-05
12115,66501,6.468183e-05
12116,24981,0.0025641054
12117,20712,9.060813e-05
12118,15382,0.0002741432
12119,85170,0.0053558815
12120,54248,0.056739822
12121,54438,6.535785e-05
12122,111471,0.00040468358
12123,91418,0.097816624
12124,10054,0.0041018864
12125,8384,0.072671354
12126,78250,8.783459e-08
12127,68911,0.049336616
12128,57908,0.012030361
12129,55296,0.060275447
12130,38945,0.00014307325
12131,75231,0.045353234
12132,30290,0.0010346442
12133,69083,7.080086e-05
12134,53325,0.03767647
12135,20204,0.006723107
12136,41700,8.198816e-06
12137,50899,0.027453968
12138,18498,0.0001841243
12139,21149,0.00022435134
12140,70360,2.0576467e-06
12141,83203,0.08238045
12142,66982,0.04393397
12143,15980,0.0025782934
12144,69185,1.1153622e-05
12145,113043,0.043854684
12146,72727,0.30520377
12147,88013,6.628882e-07
12148,101857,0.08856894
12149,12796,3.2950404e-06
12150,32788,0.0039561964
12151,51827,0.04756374
12152,98823,0.0021004265
12153,56271,0.09024858
12154,47179,0.00012119446
12155,90012,0.002712891
12156,114762,0.002704239
12157,91587,0.002951194
12158,64253,0.01333251
12159,13171,0.3657682
12160,12677,0.0026298072
12161,31045,0.012304425
12162,59906,0.049336616
12163,95414,0.00017864804
12164,35940,0.026181428
12165,76302,0.08738392
12166,84430,0.010493834
12167,78011,0.00020105208
12168,44055,2.9124963e-06
12169,43428,0.022053953
12170,37441,0.003329188
12171,32776,1.9697277e-06
12172,19695,7.289304e-05
12173,66780,3.3754611e-06
12174,37183,0.09320422
12175,67566,0.09190428
12176,89424,0.0053558815
12177,38665,0.011742193
12178,75991,0.029797807
12179,38305,0.0023129375
12180,53842,7.843434e-06
12181,44598,0.026952324
12182,77949,0.029797807
12183,57902,1.270578e-06
12184,59995,0.0005793204
12185,107728,0.0068707145
12186,40472,0.03179176
12187,43651,0.080349706
12188,46905,0.021679174
12189,25589,0.012360607
12190,39823,0.04539426
12191,60723,0.0069630705
12192,83167,7.815774e-09
12193,22282,0.0013575553
12194,58520,0.026181428
12195,76696,0.3399405
12196,112788,1.6382065e-09
12197,98418,0.014153372
12198,17287,9.2812705e-08
12199,111302,1.1566943e-05
12200,57381,0.0008145611
12201,25801,0.0059590633
12202,46887,0.0015422205
12203,49545,0.026181428
12204,47291,0.099611595
12205,55235,0.05803009
12206,24212,4.0391384e-05
12207,81276,0.024480496
12208,10272,0.11523459
12209,82033,0.013495838
12210,109184,7.109573e-09
12211,67154,0.00028557837
12212,12981,0.2881892
12213,45590,0.00031668288
12214,49129,0.026963117
12215,11257,0.07753899
12216,15837,6.6867515e-06
12217,91102,0.04929791
12218,94545,0.0058743036
12219,64846,0.08560665
12220,19471,0.023806605
12221,11392,0.00019006705
12222,84947,0.09320422
12223,14166,0.012275917
12224,43919,0.0073035657
12225,5280,0.00031374235
12226,73347,0.0059590633
12227,44514,0.056719538
12228,107240,9.41855e-08
12229,62038,2.052111e-05
12230,89923,0.00556212
12231,38791,1.9697277e-06
12232,6495,0.036972463
12233,66352,0.010394001
12234,105877,0.00012513582
12235,44460,1.4276379e-05
12236,9244,0.00035593894
12237,87674,0.08738392
12238,51159,3.9593142e-05
12239,56658,0.024448222
12240,39436,0.026142929
12241,90426,0.0058861505
12242,87398,0.2797271
12243,90553,4.439876e-06
12244,55484,0.0023059489
12245,101554,0.02277482
12246,72563,0.021710591
12247,28989,0.016294818
12248,9928,7.869855e-05
12249,2058,0.056739822
12250,48873,0.097816624
12251,115028,0.0010008429
12252,96560,0.0010192314
12253,63881,1.8271818e-05
12254,88006,7.373601e-07
12255,84376,0.026135925
12256,72548,1.2010688e-06
12257,86047,0.08131125
12258,105668,2.0128904e-07
12259,3120,0.036700565
12260,86592,0.02377865
12261,29741,0.026181428
12262,84340,0.08862705
12263,113340,5.7242946e-06
12264,30791,3.5534374e-08
12265,70440,0.02377865
12266,54879,0.0009472693
12267,12242,1.8238266e-06
12268,33542,1.0962831e-05
12269,63966,0.03767647
12270,41173,0.056719538
12271,35005,0.0008425183
12272,8517,0.05673552
12273,20033,0.024026698
12274,34921,0.026181428
12275,99064,0.023801154
12276,75942,0.017265417
12277,89400,0.04929791
12278,90019,0.04929791
12279,109053,0.02613434
12280,35632,0.026181428
12281,57004,0.026181428
12282,63297,0.14925276
12283,33731,0.013444341
12284,73773,0.02655575
12285,58003,0.0059590633
12286,66819,1.4220789e-05
12287,44545,0.029797807
12288,106172,0.021672681
12289,61891,0.002712891
12290,79270,0.00015481163
12291,61270,0.048140943
12292,96206,0.010826234
12293,50482,1.0891739e-05
12294,54936,0.005134374
12295,63931,3.9626793e-06
12296,98356,2.0476796e-07
12297,109672,0.0022884684
12298,22259,3.0243978e-05
12299,74643,0.080085464
12300,4517,4.5092393e-06
12301,12991,0.0026298072
12302,30426,0.004367144
12303,10799,9.2956435e-07
12304,81223,6.8767486e-07
12305,3863,0.049447946
12306,56853,0.005287984
12307,29460,0.09320422
12308,52247,0.023820162
12309,20611,0.011160305
12310,27234,1.9659574e-05
12311,69719,0.00014689293
12312,72113,0.0053558815
12313,10421,0.00022244094
12314,64422,1.213952e-07
12315,108438,0.05671502
12316,57034,3.0306599e-05
12317,82296,0.0010378907
12318,66508,5.298317e-06
12319,1591,0.026963117
12320,22745,7.2157724e-07
12321,47738,1.9697277e-06
12322,83847,0.0022967674
12323,13770,0.075297765
12324,54679,0.00030994433
12325,31493,0.05803009
12326,77089,0.05803009
12327,38735,0.010499098
12328,70145,0.00013344444
12329,51490,0.05803009
12330,52216,0.0055767614
12331,4820,0.0002723132
12332,3420,1.1382178e-06
12333,26659,0.085608646
12334,69324,0.0015152299
12335,70783,0.0010756422
12336,74661,0.004544401
12337,100105,0.0012544069
12338,65855,0.00034236116
12339,5714,0.00015560028
12340,4620,3.9509587e-08
12341,79009,0.0059187314
12342,574,0.00014787639
12343,43778,1.1042149e-07
12344,101133,2.9724335e-06
12345,66561,4.8364e-07
12346,110876,0.021672681
12347,42212,1.3801722e-05
12348,14554,0.09320422
12349,75691,0.0005237085
12350,4027,0.00023364033
12351,91686,0.011088824
12352,42709,0.026142929
12353,66326,0.021190042
12354,112746,0.00031292473
12355,69645,0.026963117
12356,82438,0.14374468
12357,72724,0.04393397
12358,75665,1.665679e-05
12359,70214,3.848695e-06
12360,40573,0.043086786
12361,69976,0.004544401
12362,71583,0.028040731
12363,11152,0.08733589
12364,23602,3.630415e-05
12365,48796,0.026181428
12366,54080,9.101227e-05
12367,32497,0.005531024
12368,13699,2.3736073e-05
12369,65388,0.0055510015
12370,21013,7.735495e-05
12371,30033,0.0002681976
12372,110983,9.937851e-06
12373,8818,0.00296469
12374,42138,9.602711e-05
12375,65132,0.0022978769
12376,19663,0.02616657
12377,113652,4.5355545e-08
12378,98930,0.024618136
12379,4192,0.0002608312
12380,61915,3.6259895e-05
12381,56478,0.08700551
12382,15904,0.04393397
12383,114538,9.0134545e-06
12384,112509,0.00057936786
12385,11670,0.0028852292
12386,2356,0.00014345028
12387,97075,0.010650898
12388,40525,0.036103185
12389,1293,0.00014624612
12390,76202,0.037660237
12391,21543,4.5887886e-05
12392,18167,0.0025782934
12393,106769,0.00026469273
12394,27165,0.099611595
12395,89981,0.036868095
12396,35320,0.026181428
12397,103154,3.8171846e-05
12398,58371,0.014005615
12399,46303,0.023781514
12400,36460,0.04393397
12401,84633,6.119696e-06
12402,35905,0.0002313564
12403,75796,0.0010915789
12404,44521,0.013495838
12405,2840,9.503843e-10
12406,107655,0.002712891
12407,91028,0.010485919
12408,90709,5.5396335e-06
12409,72538,0.010870939
12410,69897,2.7953756e-05
12411,112173,0.04859366
12412,15184,0.00012818848
12413,20404,9.518506e-07
12414,4842,0.10402867
12415,28724,0.021679174
12416,87296,0.04534585
12417,3834,6.4136114e-09
12418,81397,0.00013292502
12419,31042,0.010364586
12420,25146,0.026142929
12421,103341,0.012095702
12422,101823,0.0014186422
12423,3885,0.050087184
12424,8500,0.0005379528
12425,27879,0.056739822
12426,97591,0.06637718
12427,82133,6.4546725e-06
12428,86023,0.015777888
12429,38206,0.103544794
12430,81668,0.00013897735
12431,114777,0.08238045
12432,75715,0.010826234
12433,56895,0.0018716557
12434,96888,0.080304414
12435,27907,0.02468026
12436,107586,1.2098335e-05
12437,31444,2.8322322e-07
12438,114717,0.010703322
12439,114781,0.16330798
12440,112781,0.02642491
12441,68264,0.0031419564
12442,23284,1.895224e-05
12443,49565,0.026181428
12444,61276,0.056731988
12445,26691,0.09320422
12446,100901,9.066646e-09
12447,15447,0.030245412
12448,5091,0.0007040818
12449,107094,0.02377865
12450,84766,0.09024858
12451,21211,5.0465904e-05
12452,110678,0.00010277633
12453,84346,0.055773284
12454,53301,0.021710591
12455,91482,0.021672681
12456,42406,0.0005469697
12457,64206,0.005275688
12458,39660,0.00015191536
12459,70633,9.512338e-05
12460,64154,0.0022984236
12461,88772,0.09960683
12462,92138,0.1203976
12463,38565,0.023172531
12464,55541,0.016967628
12465,52485,4.5794506e-05
12466,22445,0.017274432
12467,90485,0.0003706289
12468,473,0.10504658
12469,97810,0.09020935
12470,46392,0.0004559498
12471,52423,0.035874978
12472,18721,0.020493431
12473,30744,0.026181428
12474,69791,0.012030361
12475,96249,0.10034625
12476,62001,0.1349701
12477,74266,2.3692357e-05
12478,56490,1.1223029e-05
12479,111889,0.019720268
12480,101073,0.0010820971
12481,74795,0.17666565
12482,46007,2.3387786e-06
12483,41418,0.021679174
12484,21145,9.357663e-06
12485,35238,2.1227801e-07
12486,87481,2.6174441e-06
12487,464,0.00014747394
12488,51378,0.00036586597
12489,73632,0.026135925
12490,57945,0.008498998
12491,58317,0.09422598
12492,57485,0.07412055
12493,60008,3.029146e-05
12494,18099,0.017302154
12495,115851,2.1169426e-06
12496,88103,0.1138376
12497,101613,0.023801154
12498,42360,0.080349706
12499,7577,0.27457082
12500,6226,6.980757e-05
12501,114623,0.11376301
12502,34468,0.016967628
12503,30181,0.020493431
12504,38934,1.4320422e-05
12505,31701,0.0053107133
12506,54305,0.0023059489
12507,69314,2.6174441e-06
12508,98259,0.02613434
12509,44019,0.00040962917
12510,30442,0.0007641482
12511,71732,0.011437419
12512,40732,0.029257502
12513,48136,1.282059e-05
12514,31510,0.0007490691
12515,96889,0.08738392
12516,58276,0.0053558815
12517,100497,0.02377865
12518,7921,0.0003453057
12519,101481,0.009630382
12520,39753,7.686091e-06
12521,26302,0.021830883
12522,80499,2.7848071e-05
12523,65849,1.8656567e-05
12524,11244,0.098395966
12525,43583,0.035874978
12526,36699,0.06064718
12527,58387,1.1620656e-05
12528,104980,1.162886e-05
12529,64109,4.580189e-05
12530,13833,0.04539426
12531,6562,1.2478641e-08
12532,103288,0.0010977011
12533,59038,8.002082e-07
12534,39386,0.037661344
12535,94160,0.00027752804
12536,63670,0.39581972
12537,111916,0.007989488
12538,26173,0.026142929
12539,32224,0.049283862
12540,96706,0.00011905162
12541,115522,0.00012783521
12542,74594,3.4770942e-06
12543,29806,1.4733318e-05
12544,637,0.14169523
12545,56776,0.12455302
12546,82047,0.00080211076
12547,52655,1.690306e-05
12548,77233,1.8314646e-05
12549,377,0.0007040818
12550,96056,0.0022984236
12551,92954,0.0053558815
12552,97874,0.0042111026
12553,23880,0.023820162
12554,49399,0.026181428
12555,11320,2.1416927e-05
12556,60273,0.056739822
12557,9856,0.08731945
12558,24556,0.080349706
12559,105216,0.0053533465
12560,34306,0.026181428
12561,60397,2.075339e-07
12562,107992,0.002712891
12563,109472,0.0019131128
12564,16758,6.440423e-07
12565,70652,9.436885e-06
12566,83921,0.056715835
12567,46324,0.005888243
12568,24843,0.027724821
12569,110159,0.00353168
12570,40476,0.055086892
12571,101193,2.2978638e-05
12572,23920,0.0030826207
12573,80987,0.0022968461
12574,96937,0.049790468
12575,21983,0.0043353904
12576,100650,0.054984495
12577,15630,6.851859e-07
12578,44887,0.0023194642
12579,52180,0.026181428
12580,33286,4.4502894e-08
12581,83208,0.056715835
12582,47356,2.6184828e-06
12583,38434,0.026142929
12584,112786,0.005926966
12585,62797,7.0415845e-05
12586,89370,2.438732e-05
12587,54809,0.0059590633
12588,98706,3.1679825e-08
12589,66360,0.0101526175
12590,95846,0.05671502
12591,114871,0.008344321
12592,79484,0.026135925
12593,39194,0.00027800153
12594,15565,0.0014684742
12595,100188,0.0033899217
12596,28355,0.012255126
12597,76211,6.0909053e-07
12598,95950,0.09422598
12599,89493,0.04929791
12600,5901,0.16716768
12601,41869,1.9697277e-06
12602,18302,0.0004777268
12603,94744,0.027143722
12604,14390,0.04393397
12605,18086,4.81416e-06
12606,63114,0.08738392
12607,10483,3.918308e-05
12608,90620,0.0053558815
12609,43071,0.049310457
12610,16848,0.00033496667
12611,59417,0.0012918684
12612,106971,0.00017915024
12613,51730,0.04647176
12614,44590,1.308314e-05
12615,59779,0.0005595299
12616,15215,4.5211702e-05
12617,60216,0.02658666
12618,38557,8.091546e-05
12619,48799,6.652048e-05
12620,74136,0.005531024
12621,83015,2.1203665e-05
12622,71222,0.028747544
12623,36262,0.11523532
12624,114242,0.049283862
12625,98458,2.5888357e-05
12626,42015,0.049336616
12627,79304,0.03305783
12628,74250,0.006936145
12629,9653,0.004719229
12630,86008,0.002712891
12631,12755,7.840559e-05
12632,81754,0.20527582
12633,87243,0.0010372294
12634,18712,1.650422e-05
12635,18929,1.650422e-05
12636,52538,0.020236785
12637,112487,0.08734493
12638,78991,0.000188457
12639,87115,0.029797807
12640,10678,0.033713084
12641,107960,0.09960151
12642,783,0.0006523756
12643,83109,0.0023520163
12644,23308,0.022792386
12645,115443,0.0005612184
12646,30674,0.026181428
12647,102438,0.07991798
12648,21170,0.00016890945
12649,42142,7.80264e-06
12650,69030,0.0012806717
12651,34757,0.05315191
12652,32004,1.699871e-05
12653,66143,0.75450546
12654,23132,0.00599666
12655,83402,5.808014e-05
12656,38343,0.0001359942
12657,83137,0.106780924
12658,106491,1.09132725e-05
12659,112331,0.00010277633
12660,40898,6.815352e-06
12661,105742,4.6772936e-07
12662,26479,0.026142929
12663,84595,0.038295813
12664,109410,0.006397683
12665,4246,1.993813e-06
12666,93928,0.049790468
12667,34070,0.038768277
12668,92186,3.314373e-05
12669,45145,0.030943377
12670,108051,0.04388384
12671,34473,5.961242e-06
12672,87787,0.08738392
12673,19640,0.0010846391
12674,112043,0.03819129
12675,78676,0.03305783
12676,88808,0.1138376
12677,52775,0.021710591
12678,38438,0.026142929
12679,31965,0.13732068
12680,79781,0.00025482656
12681,15312,0.04420046
12682,115419,0.00023075256
12683,46584,0.0073035657
12684,8656,0.0005522504
12685,8334,0.00016353019
12686,31347,0.09320422
12687,46835,1.48778865e-08
12688,98856,2.0782913e-05
12689,98431,3.2797548e-08
12690,13009,0.03443159
12691,82666,0.038751595
12692,35616,0.00014293416
12693,69964,0.002258176
12694,47091,0.0023194642
12695,816,8.0078615e-05
12696,87307,0.09962154
12697,32025,0.023820162
12698,32595,0.0059590633
12699,26639,7.4406316e-08
12700,58188,0.0053558815
12701,48067,0.023820162
12702,111618,0.010738076
12703,88918,0.08738392
12704,36550,0.011437419
12705,14778,1.3433983e-05
12706,73110,0.034139957
12707,13757,6.0622997e-06
12708,38457,0.003191424
12709,41053,0.005888243
12710,99269,0.00028657063
12711,1331,7.086261e-06
12712,89594,1.4706883e-08
12713,22760,0.005531024
12714,63941,0.0005570204
12715,48842,0.029797807
12716,69823,0.026135925
12717,33758,0.00367857
12718,100058,0.14850311
12719,77736,1.1646305e-05
12720,32278,0.029797807
12721,20654,2.7431637e-05
12722,58334,2.5420507e-06
12723,94664,0.002712891
12724,113940,1.0228338e-06
12725,86654,0.005273019
12726,26915,0.029797807
12727,88531,0.011679627
12728,31674,0.04393397
12729,114506,0.049283862
12730,103422,0.0022715793
12731,53129,0.017274432
12732,103105,0.08733429
12733,19292,0.02616657
12734,113034,0.043854684
12735,5360,1.1368422e-06
12736,39684,0.05803009
12737,51673,0.026841305
12738,15789,0.00028172607
12739,35439,0.002321683
12740,93631,1.7892171e-05
12741,108138,1.0063005e-05
12742,50713,0.021710591
12743,66733,7.4536174e-06
12744,37018,3.7532718e-05
12745,50908,0.035874978
12746,31752,0.0025780164
12747,63838,3.946666e-06
12748,25866,0.026142929
12749,99007,0.00028206903
12750,68459,0.021672681
12751,92921,0.08738392
12752,47751,7.520051e-05
12753,18084,0.023806605
12754,90499,0.03978106
12755,84876,1.2996415e-05
12756,109431,1.3928472e-05
12757,21680,0.026142929
12758,25018,3.9972714e-05
12759,79208,0.100328624
12760,91269,1.6206437e-06
12761,27816,0.020727588
12762,42370,0.1221643
12763,10669,4.846271e-06
12764,88616,0.04393397
12765,64674,0.00094752194
12766,59950,0.09024858
12767,82044,0.022951873
12768,53989,0.0140599655
12769,4040,7.0642636e-05
12770,47747,0.02078164
12771,76413,0.053443428
12772,15129,0.0030041246
12773,91002,2.6174441e-06
12774,14260,2.7263538e-09
12775,110752,0.059009206
12776,45792,1.3304802e-05
12777,48006,0.023820162
12778,114889,0.06217889
12779,8937,8.0335754e-05
12780,40599,0.004554587
12781,47535,1.0962945e-05
12782,66034,0.005874181
12783,57335,0.005275688
12784,65811,4.46621e-06
12785,52344,0.03767647
12786,59349,0.056739822
12787,11668,0.014476908
12788,88991,0.04929791
12789,99807,0.004544401
12790,37824,0.018664291
12791,93968,4.1433905e-05
12792,6308,0.10402867
12793,86381,2.3673927e-05
12794,15629,0.0518825
12795,75706,5.27545e-05
12796,48104,0.00384717
12797,10492,0.11202961
12798,15322,0.00044144687
12799,35843,0.016709123
12800,97710,0.04534585
12801,49945,6.113403e-07
12802,24602,0.005888243
12803,8155,0.040336393
12804,77660,0.0055510015
12805,95724,0.0022984236
12806,112675,0.13069887
12807,88462,0.05132132
12808,92351,0.03108896
12809,3382,0.00022793157
12810,33931,5.510741e-07
12811,31035,2.7201331e-06
12812,93614,0.029797807
12813,70165,0.0053558815
12814,110412,0.02377865
12815,29571,0.001794184
12816,16093,0.056731988
12817,61334,0.02616657
12818,109381,0.09420429
12819,92459,0.04534585
12820,108185,0.051524322
12821,6596,0.03274922
12822,5692,0.020889413
12823,1696,0.0035221963
12824,94605,0.002712891
12825,107499,9.619991e-06
12826,39037,7.2157724e-07
12827,66164,0.010394001
12828,73611,9.929599e-05
12829,109468,0.0004668928
12830,83977,0.055773284
12831,72087,0.08131125
12832,68989,1.1646305e-05
12833,65828,9.504677e-05
12834,83519,0.026963117
12835,99570,0.00028620422
12836,22659,0.0069790203
12837,109735,0.03178816
12838,101179,0.00031730213
12839,52516,0.006100282
12840,8463,9.324929e-05
12841,106243,1.908364e-05
12842,47735,0.026142929
12843,96776,0.002290271
12844,12161,0.0005591369
12845,30318,0.0678906
12846,105905,0.023801154
12847,109984,0.049283862
12848,27842,0.0059590633
12849,37413,0.049336616
12850,51533,0.007960195
12851,60657,0.07840325
12852,101573,0.08737103
12853,77834,0.0004833743
12854,1811,0.003925489
12855,21318,8.6861306e-08
12856,46809,0.08013552
12857,89992,0.037660237
12858,72748,0.0058860555
12859,5074,0.053160775
12860,43484,0.038067337
12861,56565,0.09320422
12862,62501,0.013507568
12863,88835,0.07412055
12864,97927,0.03433941
12865,101327,0.08121795
12866,60962,0.00033995748
12867,107724,0.002712891
12868,5913,4.4557405e-06
12869,29486,3.2671949e-06
12870,63662,0.23538908
12871,74208,0.034184378
12872,57572,0.00053793075
12873,33993,0.0064350194
12874,13538,1.142055e-06
12875,108622,1.333482e-06
12876,1509,0.021153634
12877,17864,0.00012784047
12878,33058,3.2844753e-05
12879,7891,4.3462544e-05
12880,16266,0.0035121108
12881,101440,0.011679627
12882,64088,0.005937719
12883,100636,2.3673927e-05
12884,3710,0.09960311
12885,72535,0.21919638
12886,46256,9.2091315e-05
12887,58112,1.3043512e-05
12888,88925,0.00014162429
12889,113850,0.07412055
12890,54609,7.771686e-06
12891,10022,0.00023568707
12892,82181,0.0972324
12893,112891,7.3367046e-05
12894,94359,0.012102011
12895,58008,0.0059590633
12896,62978,0.0022864563
12897,62509,1.3851978e-07
12898,110215,0.051729362
12899,70166,0.04393397
12900,88724,0.09313801
12901,106141,0.021672681
12902,36253,0.09962154
12903,72031,9.087152e-05
12904,94147,0.0067060706
12905,38638,0.00012454453
12906,6613,9.696993e-06
12907,97226,0.021672681
12908,102890,4.5794506e-05
12909,55416,0.012030361
12910,99179,0.002712891
12911,72188,0.026135925
12912,60967,0.0007843479
12913,105027,0.09820678
12914,99342,0.0021616018
12915,48652,0.12023997
12916,6954,0.10402867
12917,12628,0.012584036
12918,18616,4.6790577e-05
12919,97952,3.0834206e-05
12920,95229,0.09820678
12921,79631,0.026963117
12922,111745,0.09313801
12923,114025,0.00016889237
12924,57220,0.023820162
12925,73066,0.049336616
12926,54468,3.2671949e-06
12927,31348,0.08491237
12928,13694,0.09320422
12929,87373,0.00021119694
12930,112329,0.009629513
12931,86302,0.02377865
12932,75133,0.045353234
12933,26814,0.026539646
12934,21869,9.39951e-05
12935,4982,1.2777689e-07
12936,63753,0.005275688
12937,62944,0.059409834
12938,25663,4.2587846e-05
12939,59582,0.09422598
12940,67526,0.055773284
12941,19751,4.358214e-06
12942,89892,0.0053558815
12943,11416,6.401691e-07
12944,30620,2.056615e-05
12945,80892,0.0051704235
12946,12841,0.0006884227
12947,54146,0.00011098127
12948,112053,0.029797807
12949,82102,0.014453075
12950,87764,5.9138572e-05
12951,15745,0.00011289574
12952,24902,0.023781514
12953,87137,0.029797807
12954,61190,0.13971053
12955,37629,0.0023129375
12956,4644,4.9152102e-05
12957,11327,0.07387867
12958,50294,1.9697277e-06
12959,24893,0.0779551
12960,10783,0.04655864
12961,64411,1.162886e-05
12962,48769,0.019846259
12963,69417,0.002712891
12964,97808,9.65335e-06
12965,114966,1.1295582e-05
12966,100053,0.019214205
12967,19165,1.4325368e-05
12968,22518,6.062255e-05
12969,60346,0.11345961
12970,40775,0.07486512
12971,107157,0.022603992
12972,98443,0.012094505
12973,67805,0.0013698615
12974,67428,0.020810252
12975,59215,0.006922829
12976,24932,0.056719538
12977,99968,0.080304414
12978,14863,5.027511e-05
12979,89291,0.09422598
12980,24020,2.6184828e-06
12981,9743,0.027475785
12982,95346,0.0055271364
12983,10571,8.5778694e-05
12984,57425,2.3680488e-07
12985,32172,3.6269405e-05
12986,38238,6.0523427e-05
12987,77973,0.031155407
12988,13866,0.013495838
12989,103742,0.078394376
12990,114306,6.147357e-06
12991,26520,5.108065e-06
12992,60831,0.15688027
12993,2215,0.03274969
12994,14258,1.082722e-05
12995,88748,0.0022984236
12996,34316,0.049336616
12997,100824,0.038768277
12998,2950,0.08731945
12999,35682,0.005531024
13000,35576,2.0521484e-05
13001,114589,0.00016815994
13002,90023,0.0053558815
13003,18009,1.142055e-06
13004,105580,1.6438856e-06
13005,114349,0.00028689345
13006,56276,0.00033567817
13007,100784,3.3789624e-06
13008,1496,2.4221878e-05
13009,97367,4.3576197e-06
13010,102052,0.0016666378
13011,12125,0.023812074
13012,9798,0.00026281102
13013,48449,0.005531024
13014,56777,0.09024858
13015,72890,6.988976e-05
13016,6703,0.00019133733
13017,47104,1.0962945e-05
13018,73023,0.12295235
13019,49801,5.961242e-06
13020,76964,0.020766592
13021,110168,0.043854684
13022,11388,0.0007025687
13023,80964,1.4153024e-08
13024,65439,0.00025840645
13025,48231,0.012414498
13026,81053,0.002712891
13027,110878,6.526192e-08
13028,79063,0.001729159
13029,67600,5.0724804e-05
13030,25169,0.049310457
13031,3638,0.11202961
13032,46194,2.5546844e-05
13033,37004,1.0811257e-15
13034,19253,1.4733318e-05
13035,71797,0.026135925
13036,43495,0.026181428
13037,61482,0.1138376
13038,22601,0.04061991
13039,51683,0.04393397
13040,49232,0.00011715013
13041,89893,0.094212994
13042,32056,0.09960151
13043,42468,0.00030760872
13044,66437,0.0008094296
13045,78760,0.026135925
13046,41523,0.00012300936
13047,100492,1.919076e-06
13048,83480,0.0129210455
13049,105510,0.08734493
13050,50345,1.3076417e-05
13051,28738,0.1221643
13052,75769,0.020493431
13053,22056,0.023781514
13054,102427,0.09822407
13055,85670,0.047080316
13056,80094,0.00063015695
13057,60349,0.09024858
13058,96119,1.2286158e-05
13059,9399,0.0003258677
13060,86907,0.09024858
13061,86989,7.771686e-06
13062,14105,0.005590962
13063,9560,0.00029815282
13064,64672,3.56153e-05
13065,11006,0.00016818913
13066,53215,0.0001836546
13067,73170,2.5896504e-06
13068,83868,0.021672681
13069,55476,0.34361392
13070,25377,0.0024274762
13071,30654,5.182356e-05
13072,98988,0.116239734
13073,17490,0.06309851
13074,91338,0.038751595
13075,76564,0.09320422
13076,66365,0.00016377454
13077,29991,0.045339257
13078,19273,9.366048e-05
13079,74691,0.0032369865
13080,60463,0.09822407
13081,49139,0.0069630705
13082,44530,0.013495838
13083,69567,0.08022873
13084,58724,0.056739822
13085,59472,0.07412055
13086,108807,5.0145684e-07
13087,17847,1.9765184e-05
13088,10290,0.0007025687
13089,44165,2.291083e-05
13090,21460,0.008768895
13091,115894,1.2989662e-05
13092,18357,1.904377e-05
13093,20395,0.17678331
13094,11978,0.00018925128
13095,108556,2.4039327e-06
13096,67977,0.21266392
13097,86534,5.6606613e-09
13098,29908,0.026181428
13099,170,0.0013203934
13100,17770,0.00012784047
13101,61426,0.00028331854
13102,18754,0.11065459
13103,88251,6.186687e-07
13104,57634,0.0004033141
13105,105106,0.011088824
13106,83773,0.0003694045
13107,88869,0.004544401
13108,5082,0.040336393
13109,57319,1.558876e-05
13110,9581,0.10402867
13111,56633,0.0007843479
13112,3169,7.613594e-05
13113,75655,0.006922829
13114,82513,0.026181428
13115,52767,0.18405804
13116,23656,0.026142929
13117,27056,0.008488988
13118,54806,0.013776537
13119,16252,0.06778853
13120,100936,0.02377865
13121,37087,0.0023129375
13122,3094,0.040336855
13123,107332,0.00010257268
13124,49016,0.0069630705
13125,4647,0.10756636
13126,71455,0.0077848746
13127,79876,0.09313801
13128,17051,0.02616657
13129,107618,0.022664648
13130,83107,0.049336616
13131,107156,0.0053533465
13132,76261,3.1879194e-05
13133,58844,0.013776537
13134,87949,0.00011452531
13135,55743,0.0023059489
13136,19124,0.00031270346
13137,112425,0.116239734
13138,38070,8.422174e-05
13139,62482,0.004544401
13140,9331,0.031894423
13141,46496,2.3696873e-06
13142,69177,0.08238045
13143,64722,7.4609425e-06
13144,21009,7.0064034e-06
13145,100856,0.007982343
13146,65396,0.0005920539
13147,59932,0.049336616
13148,71826,0.00021855046
13149,53281,7.5710204e-08
13150,57803,2.6447381e-08
13151,112553,6.4474625e-06
13152,38048,0.09053307
13153,73766,7.832667e-05
13154,106337,0.005874181
13155,24314,0.04393397
13156,95990,0.0053558815
13157,80225,0.010650898
13158,26361,0.020493431
13159,53955,5.8409483e-07
13160,96324,0.002290271
13161,46616,0.026142929
13162,2175,0.056739822
13163,16337,5.1495095e-07
13164,82480,1.1852958e-05
13165,84775,8.068966e-06
13166,72723,0.00014424734
13167,11312,0.0036838376
13168,85544,0.006723107
13169,30565,0.0018401335
13170,89372,0.004544401
13171,94779,0.007960195
13172,40997,0.026142929
13173,112040,2.7282722e-05
13174,107323,4.054814e-06
13175,86308,2.0782913e-05
13176,40066,0.0064678607
13177,40083,0.005531024
13178,64909,0.08748566
13179,29903,9.743599e-05
13180,71790,0.08738392
13181,85277,0.08862705
13182,53780,0.026181428
13183,22109,0.023781514
13184,81722,0.0022968461
13185,66305,0.005523811
13186,72309,0.026135925
13187,43720,0.049310457
13188,49384,3.4950684e-05
13189,95137,0.016887762
13190,16811,0.02169822
13191,71093,0.0046281493
13192,23234,0.005888243
13193,26364,0.049310457
13194,10300,0.2638202
13195,87374,0.029797807
13196,86897,5.5396335e-06
13197,89497,0.15820622
13198,39570,0.020080255
13199,77010,7.939258e-06
13200,41395,0.026142929
13201,108459,2.9511418e-06
13202,114789,0.00013373347
13203,18054,0.00061227125
13204,33889,0.049283862
13205,91924,0.08738392
13206,59669,0.09024858
13207,50182,0.026963117
13208,52376,0.026181428
13209,99156,0.0009927583
13210,71287,0.07412055
13211,15824,0.023806605
13212,50587,0.04393397
13213,17316,0.023806605
13214,16753,0.00016385749
13215,29865,0.0012408008
13216,5161,0.027475785
13217,2603,4.189412e-05
13218,107526,3.174026e-05
13219,58807,0.0055510015
13220,28360,0.023820162
13221,77494,0.0022984236
13222,69812,0.005531024
13223,46021,0.0012669457
13224,84395,0.008498998
13225,13125,0.029818092
13226,73935,0.037660237
13227,31651,0.05767216
13228,55179,0.049336616
13229,10997,0.0007025687
13230,94906,0.026181428
13231,79229,0.0002568269
13232,78871,0.12041605
13233,5402,9.761278e-05
13234,82887,0.024926446
13235,90278,0.078394376
13236,87110,5.5396335e-06
13237,12585,5.3086518e-05
13238,40903,0.012290965
13239,13010,0.0009535921
13240,56504,0.0018091378
13241,35494,0.005888243
13242,30560,1.1019044e-05
13243,55613,0.049336616
13244,49482,1.627246e-06
13245,52352,0.03767647
13246,63411,2.5996349e-05
13247,87724,0.036868095
13248,90397,0.038221132
13249,39857,0.0004872841
13250,20243,0.02616657
13251,31435,0.17180127
13252,86095,0.0015907784
13253,33782,0.09081532
13254,88846,0.05315191
13255,23886,0.038067337
13256,72728,0.08738392
13257,110479,6.538578e-05
13258,90849,0.11379456
13259,26875,0.0053424574
13260,113679,0.08086378
13261,61561,7.80998e-06
13262,46583,0.026142929
13263,17506,0.00016582914
13264,24989,0.026142929
13265,76711,0.026135925
13266,4017,0.0051189233
13267,21876,1.0954417e-08
13268,31244,2.2090313e-05
13269,45054,0.097816624
13270,91328,0.116239734
13271,99947,0.02613434
13272,94801,8.002082e-07
13273,100296,0.0137391025
13274,51754,0.04558344
13275,92805,0.00013250299
13276,66893,0.02377865
13277,11753,0.004734832
13278,6248,0.04634635
13279,49116,0.049336616
13280,45258,2.6091373e-05
13281,86894,1.0118067e-08
13282,50891,1.2777772e-07
13283,73246,0.02655575
13284,53466,0.0053558815
13285,42056,9.883203e-06
13286,43617,0.0026975626
13287,67212,0.08131125
13288,12033,0.026173297
13289,4800,0.05153293
13290,26830,0.026181428
13291,110204,0.08733429
13292,114402,1.3373496e-05
13293,13864,0.13676986
13294,72509,0.0010122552
13295,67018,1.1646305e-05
13296,16167,0.02616657
13297,78392,0.006100282
13298,77130,0.009293324
13299,98142,0.09313801
13300,79024,0.11573473
13301,77864,3.341937e-07
13302,35703,2.4897163e-05
13303,108050,0.07408704
13304,78034,4.5832083e-05
13305,92895,5.3433205e-06
13306,50470,6.1518786e-06
13307,2213,9.9503464e-05
13308,90939,1.96113e-08
13309,112097,0.011088824
13310,64410,0.005874181
13311,50204,0.026181428
13312,109669,0.006397683
13313,10662,0.11202961
13314,79661,1.9237852e-06
13315,41319,0.026142929
13316,2931,0.10402916
13317,26620,0.021679174
13318,93367,6.119696e-06
13319,58129,0.038295813
13320,70591,0.07131689
13321,91765,4.026693e-05
13322,75612,0.0022968461
13323,36284,7.2412937e-10
13324,15752,0.11774852
13325,57228,0.10453837
13326,51415,0.04539426
13327,103794,0.022900727
13328,64010,0.0022984236
13329,113163,0.043854684
13330,104000,2.873897e-05
13331,76448,0.058013294
13332,78575,3.0959184e-06
13333,37575,0.026181428
13334,20626,1.9697277e-06
13335,46773,0.0064678607
13336,74247,0.005556081
13337,107145,6.793933e-05
13338,42750,0.04539426
13339,68655,0.0053558815
13340,20170,0.049336616
13341,52855,0.008465621
13342,109380,0.00029717718
13343,12016,0.023812074
13344,93679,1.3373496e-05
13345,93461,0.05671502
13346,36038,0.085608646
13347,65184,0.00010146067
13348,43606,0.005888243
13349,56182,0.02361921
13350,66264,2.023318e-05
13351,110533,3.2948267e-06
13352,90804,0.026963117
13353,51604,1.4733318e-05
13354,1432,7.0921305e-07
13355,38478,3.7434125e-07
13356,722,0.03274922
13357,41455,0.04393397
13358,20627,0.005888243
13359,55507,0.026181428
13360,20946,0.0031419564
13361,83956,0.04539426
13362,114403,8.167724e-09
13363,6946,1.6786387e-05
13364,104001,0.006397683
13365,100590,0.02377865
13366,77783,0.012030361
13367,30320,0.049283862
13368,70716,0.08862705
13369,24010,1.5103125e-06
13370,50291,0.026181428
13371,49678,0.026181428
13372,21978,6.796972e-05
13373,41822,0.0053591793
13374,25188,0.026142929
13375,97932,2.112529e-07
13376,13168,0.0006551219
13377,53009,0.27181813
13378,57173,7.4970108e-06
13379,61691,0.09962154
13380,102923,4.139141e-05
13381,548,0.021830883
13382,28071,8.3807134e-07
13383,43309,1.9697277e-06
13384,69799,0.026135925
13385,66703,7.408644e-06
13386,114490,4.1257383e-05
13387,15504,0.00015139578
13388,72372,0.020080255
13389,13706,0.0024715955
13390,31710,3.574842e-07
13391,115235,0.011088824
13392,100998,2.3692357e-05
13393,104336,0.002712891
13394,73621,0.009943415
13395,29131,0.026181428
13396,99302,0.023671066
13397,67424,0.042130332
13398,20330,0.023806605
13399,88833,2.8239947e-08
13400,99259,5.5396335e-06
13401,90122,0.017340163
13402,7457,0.046310052
13403,54788,0.00059174787
13404,2189,0.08548715
13405,28102,0.021679174
13406,13533,6.3151047e-06
13407,106434,0.08856894
13408,66705,1.7892171e-05
13409,68375,0.04393397
13410,102711,0.020810252
13411,80896,0.09320422
13412,77920,0.0010490208
13413,85200,8.002082e-07
13414,67968,0.012414498
13415,73590,0.026135925
13416,99850,0.0010895578
13417,109658,0.00011221356
13418,16622,0.029797807
13419,208,0.049447946
13420,76905,0.051811375
13421,14601,0.045339257
13422,60841,0.11345961
13423,17621,0.00024278455
13424,77491,0.012102011
13425,113186,0.023820162
13426,33650,0.09320422
13427,68483,0.012030361
13428,35420,0.29125446
13429,108218,0.10216986
13430,12417,0.020770412
13431,102212,3.6294976e-05
13432,31937,0.038754445
13433,73725,0.026135925
13434,87530,0.026963117
13435,9619,0.021952754
13436,24469,0.0008263946
13437,30888,0.026181428
13438,36188,0.021710591
13439,92679,4.1222397e-06
13440,99567,0.0001525113
13441,57016,0.51308185
13442,65837,6.0662506e-07
13443,92782,0.11065459
13444,79821,0.0029738843
13445,75233,2.1162432e-05
13446,50517,3.2844753e-05
13447,87196,9.467454e-05
13448,96317,0.04393397
13449,63879,4.9689726e-07
13450,26394,0.04393397
13451,16864,6.2938807e-06
13452,90196,0.0065763663
13453,47116,4.001663e-07
13454,81136,6.8767486e-07
13455,75901,4.391198e-05
13456,1519,7.289304e-05
13457,66359,0.00044445277
13458,35369,0.0059590633
13459,103659,2.3417604e-06
13460,11900,0.06778853
13461,82460,0.020436222
13462,90371,0.04929791
13463,30928,1.9799445e-05
13464,18315,1.3665042e-05
13465,58771,0.055773284
13466,102571,0.038046364
13467,36066,1.0961148e-05
13468,46903,0.023781514
13469,94984,0.0053558815
13470,22742,5.312696e-06
13471,113302,0.006723107
13472,74899,0.045353234
13473,78129,0.0011470655
13474,2774,0.03274969
13475,59273,0.020780627
13476,70502,0.08022873
13477,4918,3.9315095e-05
13478,109270,4.026693e-05
13479,12756,0.0010827653
13480,97707,2.931825e-05
13481,59302,0.020780627
13482,14058,1.13474725e-05
13483,35117,0.03767647
13484,64681,5.2058376e-06
13485,20789,3.449134e-05
13486,110017,0.002712891
13487,107343,2.6172145e-06
13488,14663,0.020493431
13489,78031,0.012290965
13490,35660,0.026181428
13491,72794,0.013495838
13492,49752,0.011097109
13493,61192,4.026693e-05
13494,91442,0.002017077
13495,6016,7.870253e-05
13496,96466,0.04393397
13497,15429,8.854129e-05
13498,115283,0.00012750798
13499,98,0.00020013822
13500,74589,1.5798228e-06
13501,111579,0.022900727
13502,88454,0.09820678
13503,97849,0.021672681
13504,109703,3.2810208e-06
13505,30235,0.006737349
13506,54105,0.036700126
13507,48929,0.04393397
13508,42154,0.026142929
13509,9351,1.9697708e-08
13510,92532,0.021672681
13511,49331,0.047045927
13512,51458,0.015696693
13513,107160,0.010574395
13514,113966,0.09822407
13515,112564,0.097122945
13516,75291,0.08238045
13517,104408,0.02613434
13518,95429,0.005937719
13519,75832,0.0058729476
13520,554,2.2816078e-08
13521,97355,0.004465827
13522,96825,1.0738626e-06
13523,54884,4.4004202e-05
13524,88868,0.004544401
13525,40791,0.00077863457
13526,72445,0.004544401
13527,86557,1.0771636e-05
13528,42580,0.049310457
13529,37864,0.0023129375
13530,47161,0.00017442704
13531,33257,0.049283862
13532,44558,0.026142929
13533,4375,0.049447946
13534,85942,0.09024858
13535,69488,0.004679297
13536,26309,1.9679514e-05
13537,34195,0.023820162
13538,20650,0.011160305
13539,4725,0.09960311
13540,12243,5.35464e-06
13541,81670,0.026754813
13542,52692,0.0023059489
13543,74528,0.006100282
13544,25234,0.013658171
13545,86233,0.10453837
13546,73008,0.09422598
13547,66186,0.006958927
13548,91838,0.04393397
13549,45654,0.07394152
13550,106594,0.025070626
13551,79174,0.05147303
13552,82726,0.021830883
13553,77732,0.026181428
13554,97237,6.119696e-06
13555,301,0.049451713
13556,109496,0.08733429
13557,39346,0.05074714
13558,67074,0.0011553031
13559,43721,1.4276379e-05
13560,68143,2.070874e-06
13561,29734,9.092632e-06
13562,89847,1.2515684e-08
13563,41899,0.0054682526
13564,43195,0.0002684181
13565,76726,3.1521605e-08
13566,35451,8.1145416e-05
13567,108134,0.3065326
13568,85647,3.30464e-05
13569,91138,0.011125464
13570,36856,1.9765184e-05
13571,38971,0.0002454687
13572,85526,0.029797807
13573,109256,0.038751595
13574,46353,1.34911415e-05
13575,91104,0.0972324
13576,21279,0.04393397
13577,9822,0.00032641806
13578,77020,0.004544401
13579,2995,0.049451713
13580,84396,0.09024858
13581,40417,5.3562795e-05
13582,14017,0.017452875
13583,46590,1.5946617e-06
13584,62751,0.07840325
13585,100230,0.029797807
13586,76626,0.098173305
13587,40965,0.006018026
13588,45775,0.099611595
13589,27159,0.0064350194
13590,57357,0.08738392
13591,91115,0.08737103
13592,85790,0.020493431
13593,98518,0.14669089
13594,114681,0.0063725286
13595,52789,0.039800745
13596,43969,0.026142929
13597,105886,2.873897e-05
13598,43568,0.039057348
13599,76618,5.1309293e-05
13600,57595,0.036225833
13601,9894,9.433882e-09
13602,100639,0.04534585
13603,19205,0.0005516762
13604,12202,0.019932285
13605,110973,0.0223023
13606,40633,2.7476287e-06
13607,106914,0.02613434
13608,82875,0.021672681
13609,43972,0.026142929
13610,32091,0.0057917894
13611,34722,0.049336616
13612,108236,0.002290271
13613,75416,0.017909022
13614,56833,0.021710591
13615,7703,0.00015560028
13616,20873,0.23973112
13617,113550,0.00024822511
13618,70858,0.004544401
13619,106920,0.0059341174
13620,62972,0.010650898
13621,59783,8.895063e-05
13622,206,0.00056566804
13623,57840,0.009943415
13624,76616,0.005937719
13625,25715,0.00575735
13626,96877,0.00017864804
13627,48378,0.050897773
13628,81310,3.365108e-05
13629,44579,0.048697554
13630,7794,0.01179411
13631,5348,0.031745333
13632,29463,0.0005607936
13633,26689,0.10007343
13634,15798,0.04393397
13635,66746,8.428425e-05
13636,60569,0.30516893
13637,83321,2.6174441e-06
13638,114316,3.2679145e-06
13639,104153,0.00066190085
13640,109854,1.3835668e-08
13641,26358,0.00027068375
13642,113787,0.08121349
13643,54209,0.026181428
13644,99126,6.793933e-05
13645,112753,8.669761e-08
13646,65767,0.00030760872
13647,10199,0.17720503
13648,58840,1.7541075e-05
13649,47442,6.784733e-05
13650,91675,0.07412055
13651,3239,0.00051189744
13652,65240,1.16532265e-05
13653,74147,0.027143722
13654,51969,0.0023059489
13655,107353,0.002092215
13656,76013,0.09320422
13657,4663,0.00022575469
13658,26208,0.1643562
13659,86469,0.026135925
13660,62421,0.00017867512
13661,3294,0.08731945
13662,48161,0.0029230036
13663,112352,0.03767647
13664,44050,0.04432362
13665,95390,0.013699415
13666,7863,0.00027192716
13667,66648,1.5505197e-05
13668,34907,0.0013308851
13669,1586,5.413309e-05
13670,84559,0.08738392
13671,106970,0.022664648
13672,54904,0.026181428
13673,1281,0.021153634
13674,51372,0.049336616
13675,93298,0.02377865
13676,94031,2.8055132e-05
13677,52782,4.0338608e-05
13678,72291,0.04662725
13679,27421,0.049310457
13680,110070,0.01333251
13681,69385,0.002712891
13682,110661,0.0055257264
13683,100076,9.33914e-05
13684,34689,0.026181428
13685,6753,0.00090165035
13686,58272,0.09962154
13687,14428,0.011181294
13688,84874,0.015777888
13689,51004,0.0014486732
13690,776,0.014456397
13691,1102,0.0020926662
13692,98477,0.02613434
13693,36681,0.056739822
13694,100588,0.079934485
13695,8135,3.4616754e-05
13696,58814,0.048140943
13697,101455,2.8508407e-06
13698,75023,0.045353234
13699,48647,0.09024858
13700,108422,0.00044933107
13701,53451,2.4155812e-05
13702,35690,1.879631e-05
13703,66000,3.4496209e-06
13704,109349,6.7501423e-07
13705,107569,0.00097287854
13706,23286,0.021679174
13707,101963,0.021065777
13708,115470,1.7612753e-06
13709,79817,4.0793388e-05
13710,29909,0.049283862
13711,94915,6.1935583e-07
13712,67716,0.02377865
13713,32596,0.023820162
13714,85344,0.023770144
13715,10506,0.00015760194
13716,66148,0.022603992
13717,29766,1.7603648e-05
13718,31101,2.62419e-06
13719,6026,0.010514922
13720,68720,0.021065777
13721,11316,0.049447946
13722,20091,3.5303047e-09
13723,98213,0.0004302836
13724,105337,0.0053533465
13725,21249,0.011160305
13726,92783,0.1067664
13727,106004,2.754121e-10
13728,7466,0.013649445
13729,17374,0.0067553674
13730,57716,0.0007843479
13731,75679,0.09320422
13732,77074,0.0032848793
13733,26647,0.00012405703
13734,73963,0.020493431
13735,89431,0.0022984236
13736,71707,2.6461869e-06
13737,34883,6.5240843e-06
13738,42746,0.00599666
13739,48415,0.005937719
13740,73591,0.026135925
13741,55547,0.21266392
13742,5739,0.05673552
13743,63275,1.5444793e-06
13744,10624,0.03274922
13745,87982,0.013819422
13746,102560,0.00027378718
13747,98101,0.00014299074
13748,1105,0.03274922
13749,19194,0.0006134602
13750,24074,6.266453e-08
13751,110905,0.043887034
13752,110724,0.19709513
13753,30685,0.049283862
13754,50984,0.049336616
13755,38822,4.008618e-08
13756,112136,0.02277482
13757,97785,0.09820678
13758,46027,5.961242e-06
13759,86877,5.3110828e-08
13760,92279,0.004544401
13761,19944,0.18317571
13762,112385,0.08734493
13763,56086,0.08131125
13764,6684,0.046310052
13765,72338,1.3000841e-05
13766,79537,0.00011452531
13767,106580,0.0027629803
13768,113060,0.023820162
13769,69876,5.2675427e-05
13770,91127,0.08737103
13771,104493,0.09020935
13772,3481,6.508264e-05
13773,29207,0.23735632
13774,96082,0.00020163071
13775,21685,0.02252195
13776,28386,3.9375864e-06
13777,70314,0.029797807
13778,103396,0.08734493
13779,59833,7.4609425e-06
13780,83387,7.815195e-06
13781,67404,0.11338732
13782,58026,0.026181428
13783,94436,0.0022984236
13784,103279,0.05535355
13785,114155,0.027466087
13786,36979,0.049336616
13787,86866,0.023455104
13788,27195,0.005888243
13789,82630,0.06384397
13790,32157,0.0018896133
13791,23565,9.088965e-06
13792,76026,0.017452875
13793,69671,0.0006853617
13794,97654,0.08737103
13795,31465,0.023820162
13796,77876,0.0027833618
13797,95882,1.1646305e-05
13798,34801,0.0017296317
13799,27249,0.020727588
13800,53611,0.0069630705
13801,10269,0.017267156
13802,86773,5.5396335e-06
13803,18684,0.0142601
13804,50202,6.1399294e-07
13805,105034,0.029797807
13806,99884,0.0053558815
13807,20491,0.0007299588
13808,72071,0.0059590633
13809,56547,9.572713e-06
13810,52570,0.029797807
13811,84111,0.08238045
13812,23951,0.049283862
13813,105196,0.0582493
13814,24220,0.00971298
13815,103470,0.02613434
13816,44322,0.0048605003
13817,29017,0.026181428
13818,4345,9.375847e-10
13819,682,0.00030456076
13820,55295,7.702792e-06
13821,28994,0.056739822
13822,11434,9.432067e-05
13823,29239,0.023820162
13824,9404,0.00019006705
13825,73179,0.002712891
13826,44872,0.038754445
13827,102478,0.00033580282
13828,73720,0.011679627
13829,14921,0.081395574
13830,113237,0.038716786
13831,9666,0.11523459
13832,96159,0.082420886
13833,95954,0.0058965837
13834,55362,0.021710591
13835,21130,3.665586e-05
13836,32607,0.021679174
13837,88100,0.079933606
13838,83544,0.014005615
13839,64718,5.124553e-05
13840,17860,0.008404008
13841,112104,1.0228338e-06
13842,66577,0.016595326
13843,14800,0.05315191
13844,73505,0.003132664
13845,72824,0.026135925
13846,24867,0.0002505484
13847,12446,2.0133293e-06
13848,105702,0.09420895
13849,11430,0.0005528155
13850,93719,8.3136045e-05
13851,53945,1.0422574e-05
13852,51626,0.023820162
13853,83428,2.2604561e-05
13854,41633,0.0073035657
13855,100095,0.0017896583
13856,84892,7.5251366e-05
13857,70982,0.00015761501
13858,31069,0.020493431
13859,84227,0.006100282
13860,97334,6.1834663e-07
13861,15251,2.8936041e-05
13862,38391,0.000862056
13863,107589,0.010793794
13864,61443,0.02616657
13865,55695,0.026181428
13866,101451,0.005355378
13867,92785,0.0053558815
13868,96559,2.6631087e-06
13869,5422,0.049276132
13870,80516,1.6400054e-05
13871,18913,0.004465475
13872,66431,1.5505197e-05
13873,76311,2.5826264e-06
13874,95367,0.056739822
13875,38388,0.04393397
13876,31449,0.029797807
13877,3951,0.0013806892
13878,3039,0.0026841927
13879,53868,0.04393397
13880,112491,2.5996349e-05
13881,7389,0.00076006964
13882,29802,0.09960151
13883,21253,0.02169822
13884,69966,1.3000841e-05
13885,104267,0.12038406
13886,40073,1.0608346e-06
13887,45239,0.005489423
13888,100913,0.022900727
13889,8600,0.11202961
13890,32519,0.049283862
13891,49266,0.05803009
13892,29921,0.049283862
13893,50102,7.009003e-06
13894,68844,0.056715835
13895,63971,5.7878224e-06
13896,111940,0.00013028513
13897,240,1.4989871e-05
13898,51503,0.0055767614
13899,86535,0.00052388554
13900,90774,1.3275652e-05
13901,1879,0.06504968
13902,102296,0.09822407
13903,3787,0.40329215
13904,77600,0.0053558815
13905,34036,0.010499098
13906,110675,0.00021846317
13907,64862,8.997122e-08
13908,29595,0.17122293
13909,59837,3.2671949e-06
13910,38921,0.021679174
13911,49869,0.021710591
13912,31237,0.049283862
13913,21742,2.5843057e-08
13914,98386,0.058495443
13915,103339,0.11261927
13916,102189,0.0053558815
13917,28359,0.00093493535
13918,85873,0.000640955
13919,94286,0.00014741856
13920,57713,6.1518786e-06
13921,13303,0.0001818365
13922,99729,0.019720268
13923,69464,0.026626956
13924,21971,0.00015876348
13925,81820,0.3744628
13926,16411,6.0622997e-06
13927,64727,0.001317909
13928,91893,0.013655429
13929,67000,0.0022984236
13930,53356,0.023820162
13931,44210,0.005888243
13932,108325,0.037660237
13933,80336,0.0223023
13934,35382,0.023820162
13935,107652,0.02613434
13936,17965,3.6170273e-05
13937,88549,4.7959998e-06
13938,71430,0.002577911
13939,36289,5.3158383e-06
13940,48725,0.29680595
13941,24279,0.0059472816
13942,41,0.00014421227
13943,94280,3.2506807e-07
13944,58149,0.002712891
13945,35925,1.2341094e-06
13946,103883,3.8171846e-05
13947,81427,0.008498998
13948,45566,0.0050122146
13949,12409,0.00031730213
13950,6062,5.2361607e-05
13951,73057,0.00012783521
13952,87729,0.037660237
13953,37632,0.013495838
13954,97971,8.986804e-06
13955,66175,1.6165656e-06
13956,113424,5.6799316e-05
13957,58183,0.021710591
13958,68638,3.9626793e-06
13959,64195,7.4609425e-06
13960,15595,6.0622997e-06
13961,112478,0.005497934
13962,91054,0.0007902831
13963,94896,1.3199552e-06
13964,65454,2.0782913e-05
13965,68602,0.026135925
13966,82478,0.07412055
13967,56213,0.017561007
13968,20676,0.09320422
13969,68270,0.044775408
13970,81140,2.3692357e-05
13971,5880,0.026026938
13972,1510,0.021153634
13973,104337,0.097816624
13974,74023,2.7226449e-08
13975,89731,0.07934575
13976,68737,0.026135925
13977,91674,0.00015119987
13978,71770,0.026135925
13979,102540,1.4752397e-05
13980,29053,0.023843173
13981,82142,0.021065777
13982,30180,0.048902713
13983,93135,0.04393397
13984,72393,0.08738392
13985,76589,0.010493834
13986,31659,2.62419e-06
13987,67997,0.012414498
13988,101798,3.429081e-06
13989,56255,0.049336616
13990,103488,9.544713e-11
13991,99653,0.013461371
13992,77959,0.020493431
13993,89511,0.0059239045
13994,30321,0.0023129375
13995,2670,0.028724067
13996,108998,4.9561877e-05
13997,40679,1.7357215e-05
13998,69135,0.004544401
13999,64854,0.010395636
14000,108336,0.024469329
14001,48566,0.016595326
14002,79354,1.2860278e-05
14003,60054,0.004544401
14004,85777,0.053416792
14005,114166,0.03683928
14006,84720,0.020292755
14007,45402,0.037661344
14008,26513,0.07225981
14009,61301,0.09320422
14010,21600,2.2484359e-05
14011,54628,0.049336616
14012,90090,0.00025440395
14013,8795,1.0601389e-06
14014,79296,3.0225608e-05
14015,97618,0.0053558815
14016,109567,3.4579628e-07
14017,64581,4.890364e-08
14018,6605,0.1462442
14019,42834,6.1518786e-06
14020,31786,0.029797807
14021,35193,2.7142432e-06
14022,98426,0.04929791
14023,114778,0.03581625
14024,7753,0.046310052
14025,114583,0.00017794268
14026,33520,0.085608646
14027,36449,0.02468026
14028,110728,0.04534585
14029,98620,0.09820678
14030,76535,1.7892171e-05
14031,60796,0.0013743319
14032,53894,0.004544401
14033,97224,0.02377865
14034,24054,1.9697277e-06
14035,44740,4.696935e-06
14036,110518,0.004544401
14037,20343,2.9456595e-07
14038,9394,0.033713084
14039,59559,5.868964e-11
14040,98602,0.21004729
14041,77903,2.0782913e-05
14042,38102,9.02442e-06
14043,77359,7.4609425e-06
14044,103421,0.0013831174
14045,69486,0.002712891
14046,37511,7.989692e-05
14047,19780,0.06816798
14048,103440,2.873897e-05
14049,46976,0.052510794
14050,110609,0.06384397
14051,2829,0.049451713
14052,36050,1.8768278e-05
14053,84147,9.973826e-06
14054,84262,7.832323e-05
14055,15414,0.011587843
14056,55340,0.026181428
14057,20360,0.013776537
14058,66341,1.1172816e-06
14059,87992,0.0059239045
14060,61772,2.2627002e-07
14061,65861,1.4706883e-08
14062,85597,0.000106486325
14063,61652,0.0016877193
14064,50346,0.0023059489
14065,42424,0.010493486
14066,94019,0.09020935
14067,98781,0.009634675
14068,60917,3.8171846e-05
14069,33344,0.0035110214
14070,41310,0.028474486
14071,28004,0.023820162
14072,92352,0.08124007
14073,48317,0.0055447984
14074,34915,0.0013824222
14075,108360,0.02377865
14076,74898,0.0013824222
14077,45399,0.023781514
14078,44816,0.049310457
14079,87542,0.020485038
14080,38789,0.07225981
14081,115206,0.019643633
14082,45039,3.943302e-06
14083,51857,0.60890335
14084,79705,0.00051832054
14085,42632,0.0073035657
14086,57297,1.4539353e-10
14087,12207,0.14169523
14088,101725,6.293119e-06
14089,101591,9.6144126e-05
14090,1751,7.0936244e-06
14091,97863,0.0072753853
14092,39460,0.0011592353
14093,73094,0.08022873
14094,23189,0.021679174
14095,2302,0.049451713
14096,21083,0.0002592346
14097,49072,0.03767647
14098,80718,0.60890335
14099,85433,1.16532265e-05
14100,49698,0.0016888067
14101,101718,5.8236342e-08
14102,85149,2.4106341e-06
14103,114748,0.020475568
14104,12862,2.4679868e-05
14105,23090,3.0118228e-05
14106,35838,0.04393397
14107,46277,1.3801722e-05
14108,33391,0.0021602623
14109,6505,7.1101567e-06
14110,114436,0.09020935
14111,91155,0.020485038
14112,103618,0.013495838
14113,72399,2.6524908e-06
14114,67769,0.037660237
14115,32386,6.611857e-05
14116,94263,0.022377249
14117,5034,7.1101567e-06
14118,28217,0.026181428
14119,54267,0.004544401
14120,70962,0.04393397
14121,84055,0.0053558815
14122,34511,0.03767647
14123,25678,0.099611595
14124,40189,6.709973e-05
14125,27458,0.023820162
14126,62189,0.112460144
14127,55078,0.0009793125
14128,90659,0.0053558815
14129,41143,0.021679174
14130,106785,1.7485858e-05
14131,14055,6.9757543e-06
14132,62488,0.021679174
14133,65926,0.005874181
14134,85653,0.026135925
14135,68085,0.10034625
14136,102555,9.483571e-08
14137,111481,0.000288202
14138,112229,0.08734493
14139,92760,0.0053558815
14140,13251,6.0622997e-06
14141,10918,0.04393397
14142,84337,0.04393397
14143,95471,7.735311e-05
14144,44844,7.748644e-05
14145,3030,0.04090679
14146,17170,0.03767116
14147,47610,0.0027909968
14148,110564,4.875237e-05
14149,58515,6.1518786e-06
14150,5514,0.04658107
14151,19724,0.019123746
14152,11150,0.00041802687
14153,64212,1.7865128e-05
14154,82099,0.004544401
14155,101998,1.0525758e-05
14156,36019,0.056739822
14157,89727,0.00026952566
14158,18010,0.0518825
14159,87282,0.0001922132
14160,98574,0.0010621474
14161,61425,0.012290965
14162,102688,0.007614127
14163,67746,0.0062125484
14164,99599,0.02613434
14165,96896,0.002290271
14166,10428,0.00019053282
14167,105142,0.00010741551
14168,25532,0.049310457
14169,78990,0.05315191
14170,8393,0.07387867
14171,50488,2.1344842e-06
14172,115413,0.020034168
14173,61916,1.5798228e-06
14174,53244,0.012290965
14175,98498,0.010595923
14176,34621,0.09320422
14177,80701,4.6439884e-05
14178,55889,0.08738392
14179,95377,5.5396335e-06
14180,14158,1.2409307e-05
14181,66048,5.8427036e-06
14182,101155,1.738508e-05
14183,64245,2.6091373e-05
14184,27359,3.7655834e-06
14185,64110,0.00028530814
14186,43395,0.037661344
14187,45987,0.026142929
14188,27653,1.11748195e-05
14189,16775,0.00011011655
14190,29736,0.008468298
14191,71750,3.9626793e-06
14192,63279,0.021679174
14193,76286,0.0032369865
14194,61186,0.0069630705
14195,104198,9.250789e-05
14196,29238,0.08892729
14197,77507,0.37008184
14198,20901,4.2362817e-06
14199,89226,5.6650283e-06
14200,49843,0.03767647
14201,65549,2.0782913e-05
14202,82456,0.14925276
14203,11340,8.707226e-09
14204,40733,0.04048252
14205,23721,2.6582988e-05
14206,34396,0.02927802
14207,30113,4.3432872e-05
14208,78354,0.005874181
14209,108564,0.02613434
14210,82573,0.045353234
14211,61638,0.08238045
14212,4320,0.0007329125
14213,40768,0.05803009
14214,43162,4.1730987e-06
14215,40970,1.3829984e-05
14216,94092,4.0946484e-06
14217,52005,0.09422598
14218,73845,0.038768277
14219,35765,9.4056425e-08
14220,98572,0.0040831743
14221,98792,0.021515956
14222,103263,0.029797807
14223,76086,3.3062936e-06
14224,7484,2.7080507e-05
14225,29990,0.056739822
14226,57914,0.015696693
14227,48966,0.00024282248
14228,24120,0.007203439
14229,8813,8.119728e-05
14230,89286,2.0782913e-05
14231,87885,0.02377865
14232,83176,0.0053558815
14233,2753,0.00046074906
14234,110206,0.097122945
14235,4712,0.14161082
14236,114258,0.0005966708
14237,111230,0.0022861029
14238,25134,0.007572133
14239,114174,0.007031171
14240,89563,0.09313801
14241,87154,0.057988025
14242,101085,0.04929791
14243,78748,9.345726e-10
14244,59586,0.04539426
14245,78477,0.017274432
14246,32711,0.012290965
14247,28771,5.0559276e-08
14248,28556,4.971667e-09
14249,63301,6.776812e-05
14250,59713,5.1610015e-05
14251,108132,0.002290271
14252,6269,0.10402867
14253,43885,0.049310457
14254,24934,0.013776537
14255,107348,0.002712891
14256,91481,0.021672681
14257,54236,1.9763773e-05
14258,38344,0.035874978
14259,17229,0.23973112
14260,2930,0.10402916
14261,37142,0.04539426
14262,88219,5.899624e-06
14263,8959,5.38014e-05
14264,46157,3.9203973e-09
14265,77125,9.092632e-06
14266,64297,1.1627628e-05
14267,67179,0.045333438
14268,93404,0.0067062485
14269,2482,0.08731945
14270,103307,1.8580523e-07
14271,109609,0.002712891
14272,58000,6.4846085e-06
14273,21699,0.00025642637
14274,106341,6.1334975e-07
14275,166,0.081077695
14276,79381,0.07457529
14277,24516,0.023781514
14278,16375,8.136221e-05
14279,11736,9.533016e-05
14280,13206,0.014919442
14281,99218,0.057532605
14282,40782,0.113455996
14283,59031,0.021618914
14284,79402,0.09020935
14285,40461,1.0178778e-05
14286,16842,0.05842496
14287,12926,0.00012035926
14288,104192,0.09420895
14289,49897,0.026963117
14290,68924,0.010969392
14291,67169,0.10823642
14292,9330,0.28100035
14293,43550,0.09053307
14294,115233,6.19693e-05
14295,40957,0.026963117
14296,11673,0.03877623
14297,92412,4.3814893e-05
14298,2823,2.5722821e-08
14299,55934,0.023820162
14300,94310,7.2933496e-08
14301,78667,1.2058697e-06
14302,87844,0.03178816
14303,31941,0.02252195
14304,68067,0.04393397
14305,37872,2.3318733e-05
14306,14824,1.1703066e-05
14307,30931,0.010122669
14308,79481,5.9672747e-09
14309,77749,0.19727075
14310,34002,1.7154325e-06
14311,91235,0.026963117
14312,83282,0.026135925
14313,9234,0.0019563371
14314,41134,2.6184828e-06
14315,93411,0.0014896997
14316,105828,6.456431e-05
14317,2344,0.0001788645
14318,59071,5.2028737e-09
14319,91179,0.04393397
14320,7306,0.037673306
14321,96680,0.01333251
14322,12191,0.030405952
14323,30913,0.08862705
14324,80699,0.029797807
14325,76463,0.0053558815
14326,73498,0.026135925
14327,92345,0.006100282
14328,3238,0.056739822
14329,16323,2.8103601e-05
14330,101687,0.09020935
14331,54159,0.056739822
14332,106460,0.09960151
14333,85668,0.08862705
14334,70699,6.4842915e-08
14335,39462,0.00032002205
14336,17145,0.00017316213
14337,24218,0.00015783925
14338,19855,0.00017189757
14339,103425,0.049283862
14340,50094,1.4733318e-05
14341,67732,9.930924e-05
14342,46398,0.049310457
14343,72812,0.00036174778
14344,76216,3.1910326e-06
14345,91227,0.09422034
14346,47924,0.026181428
14347,12561,0.00055627123
14348,44494,0.036700565
14349,45225,0.04393397
14350,31350,0.17011939
14351,82539,7.270444e-06
14352,85223,0.0053558815
14353,112576,0.08734493
14354,83932,0.00057909515
14355,19767,3.630415e-05
14356,1559,6.775526e-05
14357,25870,0.049310457
14358,26183,2.4897163e-05
14359,58629,0.023820162
14360,70863,5.5647954e-05
14361,90570,0.00015761501
14362,29746,7.995667e-06
14363,16815,2.009231e-07
14364,11651,0.07753899
14365,64034,0.0058459714
14366,14975,6.78692e-05
14367,77289,0.0047511463
14368,36197,3.5252008e-06
14369,46949,0.022056678
14370,97306,0.017265417
14371,91731,0.002712891
14372,94852,0.026181428
14373,3373,0.000521222
14374,63685,0.00028530814
14375,40931,1.9650508e-07
14376,56422,0.0005087873
14377,20306,2.291083e-05
14378,1961,0.10402916
14379,83501,0.0058729476
14380,101745,0.0053558815
14381,3768,3.208944e-05
14382,41203,5.961242e-06
14383,103061,0.049790468
14384,91358,0.08738392
14385,113985,0.0003342499
14386,50161,7.702792e-06
14387,105410,0.016528882
14388,71479,1.4374031e-05
14389,93712,1.8603943e-05
14390,34042,1.4807255e-05
14391,102224,0.002712891
14392,53019,0.0069630705
14393,41277,0.1162526
14394,103550,0.02613434
14395,41111,0.04662617
14396,67435,0.012475129
14397,76651,0.026135925
14398,105112,0.011088824
14399,78191,0.0064350194
14400,2196,0.03274969
14401,99680,5.5524756e-06
14402,15439,9.50312e-06
14403,31423,0.021679174
14404,41342,0.07225981
14405,43529,0.14560477
14406,100248,1.4640133e-08
14407,110117,6.5492735e-08
14408,52857,2.62419e-06
14409,32093,0.04539426
14410,114477,0.00015926444
14411,56862,0.026181428
14412,47156,1.9697277e-06
14413,51733,0.020780627
14414,40228,0.04393397
14415,91495,0.023650363
14416,16579,0.0002336987
14417,87057,0.08012651
14418,105093,0.08734493
14419,80390,0.0972324
14420,46867,0.00024976514
14421,26850,0.021679174
14422,69597,3.9756515e-06
14423,77337,1.3000841e-05
14424,38938,0.007217127
14425,109106,0.052490193
14426,99183,0.09960683
14427,71008,5.2417465e-05
14428,44782,3.626159e-05
14429,96633,0.002712891
14430,106040,2.606285e-05
14431,12858,1.7982147e-05
14432,34232,0.04539426
14433,3056,0.00013297814
14434,37646,0.049310457
14435,7078,1.4596682e-05
14436,21040,0.0136639085
14437,85963,0.0006626248
14438,25331,0.026142929
14439,43536,7.578737e-05
14440,83055,0.049336616
14441,102281,0.029797807
14442,49088,0.11523532
14443,75918,0.002712891
14444,83564,2.8984559e-08
14445,19472,0.049336616
14446,115027,0.026967283
14447,45740,0.0018071644
14448,62163,0.004544401
14449,1864,2.8123146e-05
14450,73700,0.026135925
14451,72189,7.4609425e-06
14452,73587,0.001456454
14453,59901,0.080362685
14454,74107,0.06029068
14455,11893,0.00034805082
14456,98394,0.02613434
14457,113449,0.09601545
14458,43184,5.1610015e-05
14459,30382,0.023820162
14460,38445,8.001433e-06
14461,58061,0.026181428
14462,46669,4.6919755e-05
14463,70891,0.00015854095
14464,85343,0.0007405515
14465,113826,0.005226399
14466,16564,1.5665539e-05
14467,65504,0.007979863
14468,62888,0.0013743319
14469,31571,6.255991e-07
14470,71063,1.332684e-08
14471,15567,0.09580944
14472,7698,0.00021668409
14473,3731,0.00016710722
14474,63995,0.11124946
14475,37109,0.010999452
14476,102914,0.09820678
14477,24566,1.3472448e-05
14478,97640,0.09422034
14479,32244,0.015779665
14480,66073,1.3000841e-05
14481,30390,0.023820162
14482,111505,3.2671949e-06
14483,108825,3.138389e-06
14484,95150,8.0704285e-06
14485,23554,8.114937e-05
14486,40707,0.12239735
14487,92167,0.08738392
14488,104864,0.013992524
14489,67194,7.4609425e-06
14490,55015,8.487616e-09
14491,56513,0.026181428
14492,70523,0.04393397
14493,15952,0.13135494
14494,40429,0.025452673
14495,81030,0.017561007
14496,8868,0.00066855195
14497,68852,0.026135925
14498,78333,0.0001396157
14499,15490,2.6094552e-10
14500,8159,5.4851178e-05
14501,90534,0.02377865
14502,22185,0.008464008
14503,86479,0.026135925
14504,97619,2.0782913e-05
14505,96393,0.08737103
14506,83277,4.026693e-05
14507,31257,0.0014954268
14508,105386,9.33914e-05
14509,88658,0.003204064
14510,111221,0.02105874
14511,79720,0.019720268
14512,53529,0.029797807
14513,64542,3.9626793e-06
14514,33473,7.841646e-06
14515,102080,0.09313801
14516,44875,1.558876e-05
14517,32445,1.1107883e-08
14518,107065,6.0662506e-07
14519,111990,0.01333251
14520,580,0.026963117
14521,80119,0.0001396157
14522,108428,0.11376301
14523,84656,0.037660237
14524,24965,0.0023194642
14525,105704,0.002712891
14526,4681,8.152461e-05
14527,79493,0.021672681
14528,63014,3.5404366e-05
14529,23449,0.062131003
14530,36025,0.056739822
14531,54618,0.0018716557
14532,71036,0.08738392
14533,5390,0.049447946
14534,74978,0.049336616
14535,72076,0.13971053
14536,99234,0.03156656
14537,1025,0.049447946
14538,26683,0.0053107133
14539,71123,5.6967643e-08
14540,32832,0.021679174
14541,61542,0.0014186422
14542,23535,3.259955e-06
14543,70457,0.020080255
14544,76182,5.5396335e-06
14545,63048,0.021679174
14546,50219,0.004544401
14547,52832,7.789948e-06
14548,92751,0.057988025
14549,309,5.11592e-05
14550,69440,0.109962486
14551,71293,4.0327714e-07
14552,77874,0.05315191
14553,19662,2.4912884e-05
14554,15281,0.01731793
14555,113384,0.050723717
14556,5600,0.0017789172
14557,8878,0.00015974976
14558,9342,0.0027320294
14559,110755,4.026693e-05
14560,27477,0.038754445
14561,56411,0.00039082958
14562,28493,0.0027909968
14563,14708,0.0052101784
14564,30826,0.00043555725
14565,14794,0.00010164379
14566,92239,0.11379456
14567,83517,9.597302e-06
14568,15799,0.05842496
14569,99818,0.021190042
14570,87707,0.08738392
14571,114105,0.31532556
14572,29205,0.021830883
14573,106861,0.030550372
14574,94763,7.782657e-05
14575,90733,0.012155406
14576,85351,2.5069828e-06
14577,48803,0.025284862
14578,38446,0.053443428
14579,11096,0.00033171254
14580,55842,0.09962154
14581,67773,0.0064769466
14582,37612,2.057698e-08
14583,66674,0.0003268163
14584,31601,0.049283862
14585,109621,0.00013733644
14586,15055,9.4152995e-08
14587,17680,0.00048604823
14588,83024,1.5012495e-07
14589,39457,0.010499098
14590,60702,0.006100282
14591,39023,0.00035375866
14592,30684,0.011097109
14593,41979,0.075297765
14594,34608,0.1162526
14595,38975,5.961242e-06
14596,33959,0.08862705
14597,113696,7.3039715e-08
14598,86108,0.16386679
14599,42269,0.026142929
14600,12294,4.3825085e-06
14601,34893,8.665095e-09
14602,17356,1.1382178e-06
14603,84130,0.026135925
14604,113360,0.005226399
14605,94304,4.3060714e-05
14606,40644,1.52104085e-05
14607,18827,5.1567076e-06
14608,12761,0.00015894024
14609,31137,0.023820162
14610,24043,0.021679174
14611,98194,0.08031003
14612,78472,0.044971406
14613,26408,0.0047173123
14614,47385,0.02078164
14615,61968,0.038295813
14616,80943,0.011088824
14617,95462,0.010650898
14618,7192,3.097688e-05
14619,68481,0.05315191
14620,100815,0.005874181
14621,75251,1.3000841e-05
14622,42136,0.047281653
14623,109782,0.06862371
14624,108241,0.02613434
14625,108487,0.09020935
14626,109725,0.00586795
14627,77313,0.00020494631
14628,52231,0.04393397
14629,18437,7.289304e-05
14630,88883,0.026963117
14631,83651,0.02927802
14632,56288,0.002837377
14633,68212,0.00053493655
14634,94925,0.0005825521
14635,101284,0.02613434
14636,95543,0.03305783
14637,88696,0.0065763663
14638,89297,0.0053558815
14639,80728,2.4486776e-06
14640,54115,0.030108871
14641,18999,5.3758577e-05
14642,38855,0.010509218
14643,51499,2.5286812e-05
14644,54535,6.255789e-07
14645,103170,0.021827
14646,17496,3.117006e-05
14647,53650,0.023820162
14648,74186,0.037660237
14649,7784,0.16894756
14650,75932,0.08238045
14651,11770,0.0067553674
14652,28034,2.7350088e-05
14653,108551,0.020436222
14654,18021,2.6504351e-06
14655,89787,3.259424e-06
14656,50837,0.017274432
14657,79338,9.063025e-06
14658,74841,9.049388e-06
14659,49748,0.017274432
14660,110740,0.082365364
14661,10535,0.027480789
14662,8346,7.168683e-05
14663,62232,0.0053558815
14664,213,0.010509218
14665,79183,0.07412055
14666,35072,1.9658073e-05
14667,9634,0.09960311
14668,48164,0.005888243
14669,83119,4.713165e-06
14670,88091,0.026135925
14671,19424,0.02868249
14672,13978,2.5157792e-07
14673,48709,0.00022796504
14674,113437,0.0022715793
14675,91767,0.00013746903
14676,92076,5.5233933e-05
14677,104681,0.02377865
14678,112447,0.10451877
14679,26684,0.00030929668
14680,18130,0.00012337716
14681,54832,0.05803009
14682,16391,6.0622997e-06
14683,51963,4.100617e-07
14684,102293,0.09822407
14685,97938,1.0121687e-06
14686,73984,0.09024858
14687,70651,5.85722e-07
14688,94663,4.5869423e-05
14689,9816,0.02621972
14690,60821,0.049336616
14691,89134,0.08738392
14692,37039,0.05803009
14693,75296,6.438203e-06
14694,87077,0.09962154
14695,89589,1.6884725e-05
14696,101943,0.07408704
14697,28398,0.029797807
14698,15802,0.00014747394
14699,32578,0.013794288
14700,55171,1.7794277e-05
14701,27712,0.17105052
14702,32341,0.00061324064
14703,24270,0.023781514
14704,71141,0.026135925
14705,69634,0.026135925
14706,86678,0.0059239045
14707,26137,0.056719538
14708,50978,0.036839973
14709,70265,0.0013630262
14710,81881,0.002712891
14711,70973,2.349388e-06
14712,78090,0.013507568
14713,98395,0.20218225
14714,68639,0.004544401
14715,39711,0.007927067
14716,89142,0.012102011
14717,105134,0.017265417
14718,41694,0.021679174
14719,99371,0.0104106665
14720,12718,0.00044495516
14721,56216,0.023820162
14722,4561,0.013649445
14723,39453,2.9652701e-06
14724,98296,0.02999175
14725,15297,0.029257502
14726,35741,0.056739822
14727,14584,3.0503205e-07
14728,38843,0.112185225
14729,47255,0.035874978
14730,9768,0.00067687675
14731,30418,0.036426324
14732,83312,0.00043161915
14733,52722,0.0023059489
14734,19821,0.09962154
14735,66228,0.015839577
14736,92920,0.047045927
14737,96960,1.2909427e-08
14738,73042,0.02655575
14739,28889,0.09053307
14740,115433,8.8194486e-07
14741,44702,0.02078164
14742,7892,0.046310052
14743,7363,0.027475785
14744,70400,0.00049805734
14745,2124,0.0007040818
14746,6692,0.08731945
14747,68763,0.026135925
14748,105608,0.005874181
14749,59583,0.05803009
14750,71052,7.0329814e-05
14751,48016,0.0046281493
14752,67733,0.14627124
14753,67539,3.9626793e-06
14754,65369,0.06029068
14755,30917,0.0065763663
14756,12382,0.029833842
14757,99560,3.174026e-05
14758,61470,4.5794506e-05
14759,109459,0.02105874
14760,77157,0.0018351062
14761,44924,1.9765184e-05
14762,34613,6.399565e-05
14763,56444,0.09422598
14764,90956,0.08738392
14765,67461,0.002712891
14766,110249,0.0022883825
14767,15491,3.911073e-05
14768,89014,1.7807024e-05
14769,115192,0.0045299367
14770,20559,0.049670216
14771,107708,2.873897e-05
14772,65644,0.0022978769
14773,25911,1.2854681e-06
14774,100252,4.3284846e-05
14775,98304,0.00027939866
14776,8519,0.038531907
14777,24640,0.008488988
14778,43809,0.029797807
14779,91272,0.00018195773
14780,115861,0.06217889
14781,82429,2.3673927e-05
14782,47087,0.14560477
14783,104257,0.00040818067
14784,59816,1.5505197e-05
14785,77623,0.005531024
14786,6898,0.00019133733
14787,12206,0.3657682
14788,71721,0.011679627
14789,12302,0.000108480264
14790,5932,0.0052713933
14791,42104,0.056719538
14792,87740,0.02377865
14793,9779,0.22828296
14794,89149,3.7155212e-06
14795,13086,0.0035221963
14796,898,0.00042425987
14797,78362,5.104176e-05
14798,14684,0.026963117
14799,52942,0.04539426
14800,88900,0.1138376
14801,7432,0.053160775
14802,84674,7.683071e-06
14803,38728,2.6184828e-06
14804,8670,6.762049e-05
14805,105455,0.027543103
14806,75900,0.005937719
14807,55113,5.025723e-05
14808,108408,0.0053533465
14809,54426,0.022630887
14810,72787,0.009943415
14811,63207,0.09822407
14812,69572,0.08738392
14813,27544,0.049310457
14814,39057,1.27764e-06
14815,45567,0.0071927696
14816,57672,3.1012967e-06
14817,46120,4.2108232e-07
14818,79581,0.05020928
14819,94899,0.04534585
14820,96193,0.0018586648
14821,635,2.0479585e-05
14822,35626,0.017274432
14823,94656,0.06384397
14824,28487,0.03767647
14825,11792,0.0012622187
14826,103627,8.637057e-05
14827,99867,0.08735417
14828,1259,0.09960311
14829,25077,7.7121186e-08
14830,96329,0.036862634
14831,49446,1.3801722e-05
14832,89995,0.021065777
14833,63872,0.00014589971
14834,5359,1.1368422e-06
14835,49666,1.0891739e-05
14836,63499,0.00046666077
14837,25354,0.021679174
14838,4920,0.001080292
14839,713,0.0016067597
14840,55341,2.0521484e-05
14841,112712,0.043854684
14842,51137,6.665078e-14
14843,72218,2.5896504e-06
14844,49527,0.60890335
14845,85070,0.026135925
14846,65358,0.0003033396
14847,6807,0.03274922
14848,2130,0.0038074956
14849,3739,0.0011373482
14850,53212,7.635954e-07
14851,16013,0.00101363
14852,69590,0.09422598
14853,112724,0.0053533465
14854,67669,8.287327e-05
14855,12501,6.062924e-06
14856,59554,0.005275688
14857,32015,0.020493431
14858,103130,0.0001961443
14859,112161,0.0028100128
14860,114103,0.0004758838
14861,58381,7.702792e-06
14862,99026,0.08559784
14863,24648,2.6472621e-06
14864,55061,6.1518786e-06
14865,52931,0.020493431
14866,11634,0.049447946
14867,3644,0.16766712
14868,50709,1.6129266e-07
14869,66644,0.026226204
14870,53249,0.026181428
14871,1238,0.011160305
14872,89837,3.0289324e-05
14873,78071,0.00010451397
14874,67059,0.04393397
14875,110795,1.14089786e-10
14876,28848,0.026181428
14877,73762,0.002712891
14878,59959,0.047657564
14879,93430,0.09960683
14880,51175,0.016967628
14881,73776,0.032896373
14882,20657,6.245021e-09
14883,71372,0.011679627
14884,104783,7.23128e-08
14885,3221,0.014456397
14886,110222,0.03870017
14887,43961,0.08892729
14888,49632,0.049336616
14889,68697,0.037660237
14890,98944,7.080086e-05
14891,99951,0.00016918474
14892,21097,0.030947117
14893,94816,0.023820162
14894,79390,2.4031322e-05
14895,17793,5.9854017e-05
14896,88872,0.0055271364
14897,80145,0.026135925
14898,40740,0.00016350867
14899,36384,0.005888243
14900,104948,0.07408704
14901,51609,4.0946484e-06
14902,71147,0.17672649
14903,90577,0.017561007
14904,40009,0.008337848
14905,85883,0.013332178
14906,26425,0.17688967
14907,106423,0.11376301
14908,29339,0.00046161778
14909,50253,0.012290965
14910,92081,0.011088824
14911,43936,0.1221643
14912,17857,9.104486e-07
14913,82525,0.08131125
14914,52015,5.961242e-06
14915,52149,0.029797807
14916,50994,7.702792e-06
14917,102031,0.03305783
14918,68895,0.307479
14919,31954,0.026181428
14920,55956,0.0016623812
14921,103208,0.08733429
14922,50440,0.09320422
14923,15881,0.029797807
14924,102531,0.0001463153
14925,35150,0.026181428
14926,12673,9.091072e-06
14927,2900,0.03274969
14928,52867,1.16532265e-05
14929,17200,2.064485e-06
14930,105761,0.07408704
14931,21648,1.4322882e-05
14932,24022,0.04393397
14933,45634,0.00053793075
14934,105441,0.00034951986
14935,115363,0.003996376
14936,47609,0.09032336
14937,10575,0.04140525
14938,12674,0.021830883
14939,9172,5.2657856e-06
14940,86514,0.00030104484
14941,37829,0.05803009
14942,63578,0.005937719
14943,58087,0.008468298
14944,21210,0.032980677
14945,87979,0.0072950013
14946,69169,0.09320422
14947,88688,0.14264643
14948,31878,1.6781686e-06
14949,71356,0.011679627
14950,79008,0.0059590633
14951,13292,0.024926446
14952,98382,1.2359338e-06
14953,70287,0.029797807
14954,101918,0.02443708
14955,3587,0.0005528155
14956,34821,0.049336616
14957,76181,6.119696e-06
14958,82015,0.0044016256
14959,44703,0.0064678607
14960,22388,0.04061991
14961,104885,0.00010594001
14962,113365,0.08733429
14963,77796,1.2639124e-05
14964,52874,0.008498998
14965,88489,0.04929791
14966,11356,0.054022547
14967,106227,0.002712891
14968,89936,6.1365795e-06
14969,15575,0.030108871
14970,3709,0.02232074
14971,90528,0.0038123818
14972,23331,0.020080255
14973,41120,1.5602634e-05
14974,32500,1.5347827e-05
14975,47757,0.00032918
14976,96094,5.936648e-07
14977,58385,0.07412055
14978,113531,2.873897e-05
14979,51231,4.076076e-06
14980,76691,0.058013294
14981,68691,0.1975387
14982,18031,7.2924195e-05
14983,112130,9.606202e-06
14984,108756,0.021672681
14985,36452,3.0294062e-10
14986,12753,7.721554e-06
14987,96076,0.00012533799
14988,109910,0.04265979
14989,42814,0.029797807
14990,27569,0.049310457
14991,5701,0.08731945
14992,36409,0.07225981
14993,40649,0.07717003
14994,38579,0.04539426
14995,96781,0.021672681
14996,58961,0.0025213368
14997,49454,0.02621972
14998,86463,0.0015032707
14999,60077,0.00071523926
15000,44005,0.037072923
15001,72250,0.00027988336
15002,98917,0.0029469274
15003,69255,0.1138376
15004,37972,0.0022023008
15005,44337,0.0064678607
15006,33982,0.021710591
15007,49572,0.049336616
15008,80131,0.021065777
15009,56627,0.00014630191
15010,91637,1.1769357e-05
15011,99976,0.00029945927
15012,58335,0.10034625
15013,3005,0.0027910594
15014,81109,0.0065763663
15015,8535,3.3407016e-06
15016,69866,0.0034389058
15017,7903,4.6346137e-05
15018,109414,0.02377865
15019,110152,6.46247e-06
15020,80053,1.0964086e-05
15021,85841,0.0013258058
15022,47128,0.005528397
15023,112237,0.023820162
15024,42865,0.00090382394
15025,23949,1.6222895e-05
15026,70175,1.8314646e-05
15027,80907,0.044971406
15028,55990,0.023820162
15029,83881,0.0041900417
15030,48138,5.4155596e-05
15031,3459,0.00041802687
15032,26091,0.026142929
15033,82939,4.026693e-05
15034,31251,0.04393397
15035,56947,0.00037208127
15036,58599,0.08738392
15037,27010,0.14925276
15038,7864,0.00025502805
15039,97669,0.02377865
15040,72506,0.006100282
15041,25672,0.00014615076
15042,87839,4.3432872e-05
15043,84644,0.0053558815
15044,104057,9.6901626e-05
15045,81570,0.0002349431
15046,82221,0.02377865
15047,44029,1.2913254e-06
15048,7993,0.0001842476
15049,78699,1.5505197e-05
15050,55189,7.841646e-06
15051,110731,0.05427509
15052,85929,2.6524908e-06
15053,15678,5.040189e-06
15054,83118,1.1612158e-05
15055,83229,0.04393397
15056,71782,0.07225981
15057,106596,9.549274e-09
15058,33192,0.09320422
15059,28298,0.005528397
15060,58984,2.0728301e-05
15061,63391,0.027014287
15062,15390,0.01869363
15063,7397,0.0003974951
15064,70997,0.002712891
15065,12893,1.071436e-12
15066,73463,0.00036863863
15067,106860,0.00020422845
15068,107298,0.0021623722
15069,57669,0.0059590633
15070,25985,0.023781514
15071,103769,2.2100046e-05
15072,90588,0.029797807
15073,108602,0.02999175
15074,77562,0.1138376
15075,84318,0.06384397
15076,78654,0.08012241
15077,102065,0.0049985927
15078,60101,0.0022984236
15079,71345,0.00018928468
15080,39869,0.017274432
15081,6038,0.0003849154
15082,54192,0.00052013714
15083,52508,0.004544401
15084,61465,0.002712891
15085,115230,0.0298863
15086,109593,6.377675e-05
15087,86075,0.04393397
15088,12291,0.1162526
15089,57290,0.005287984
15090,18785,0.03767116
15091,32183,0.026181428
15092,110984,0.021672681
15093,72070,0.026493507
15094,65850,3.3076876e-06
15095,41056,0.0027693426
15096,19443,0.026187854
15097,17459,1.1382178e-06
15098,66820,0.09716657
15099,55388,0.00021013238
15100,87871,0.038768277
15101,97609,8.938531e-05
15102,77741,0.023785751
15103,59395,0.09024858
15104,32468,0.056739822
15105,115383,4.2040556e-05
15106,2850,0.0002723132
15107,7263,0.07753899
15108,109934,6.0796337e-06
15109,52368,3.416326e-05
15110,6846,0.25140077
15111,40109,0.0056501776
15112,23117,5.0230064e-08
15113,114241,5.4173724e-05
15114,100961,0.009329939
15115,92097,0.1221643
15116,90826,0.08738392
15117,41261,0.021679174
15118,71308,0.007572133
15119,112517,0.014761976
15120,10101,0.0008036229
15121,25851,0.005528397
15122,95668,0.022418557
15123,2814,0.049451713
15124,47961,0.0008862659
15125,108724,0.0069065066
15126,62917,0.08131125
15127,33343,0.056739822
15128,18495,0.21266392
15129,87000,0.0059239045
15130,62809,0.00031748335
15131,35030,0.020493431
15132,49503,0.049336616
15133,111428,3.100582e-07
15134,107171,0.00015157751
15135,2181,0.0020593738
15136,45312,0.0023194642
15137,51161,2.9420447e-05
15138,1336,1.082722e-05
15139,105988,0.0022936142
15140,74030,0.004544401
15141,52949,8.998598e-08
15142,51149,0.035874978
15143,67521,0.010499098
15144,87670,0.0962711
15145,82682,0.013495838
15146,114547,0.026221486
15147,19529,0.0005878396
15148,84025,0.010493834
15149,79141,0.026963117
15150,101771,4.7296663e-07
15151,99778,5.2675427e-05
15152,47686,0.021679174
15153,55040,0.011097109
15154,19675,1.8663794e-06
15155,13305,0.026173297
15156,1516,2.7509904e-07
15157,24980,0.0031149923
15158,91223,5.2031623e-06
15159,61919,0.13613263
15160,52748,7.4970108e-06
15161,12550,0.0001385349
15162,67590,0.017561007
15163,18461,0.0010098966
15164,86889,2.9973617e-07
15165,79,7.3055184e-05
15166,11294,8.001747e-06
15167,56076,9.926362e-06
15168,82816,0.07224388
15169,109715,0.082365364
15170,26407,0.049310457
15171,48962,1.248885e-05
15172,15072,0.03767116
15173,113252,0.0052326177
15174,100880,4.067882e-06
15175,84063,0.1162526
15176,67253,0.17672649
15177,92958,0.026135925
15178,114269,0.0010466016
15179,110793,0.00012713647
15180,86621,0.026135925
15181,9298,2.8123146e-05
15182,89162,0.00026952566
15183,108716,0.03819129
15184,49880,3.630415e-05
15185,46252,0.012269409
15186,105684,8.9103014e-05
15187,61589,0.0022984236
15188,66321,0.022603992
15189,64541,0.001339119
15190,16955,0.0035121108
15191,80135,0.021672681
15192,58390,3.4574296e-06
15193,21935,3.0243978e-05
15194,40832,0.03179176
15195,9045,0.00012936276
15196,35650,0.0023059489
15197,8390,4.7791087e-05
15198,1005,1.082722e-05
15199,70587,0.005874181
15200,89996,0.038221132
15201,75440,0.011679627
15202,15759,0.19907019
15203,71385,0.026135925
15204,69462,0.0017817128
15205,19936,0.0013210097
15206,2962,8.522808e-06
15207,90547,0.021672681
15208,15572,4.1709034e-05
15209,30112,5.523959e-07
15210,46658,0.00015179068
15211,72545,4.026693e-05
15212,41137,0.001202394
15213,105132,0.05315191
15214,52799,0.0002187756
15215,22917,6.9772714e-06
15216,58209,0.012030361
15217,58113,0.010562283
15218,60401,0.00076750154
15219,100530,0.00019237529
15220,99122,0.02277482
15221,51480,0.019675843
15222,110189,0.08733429
15223,36108,0.015931148
15224,21231,0.029797807
15225,83323,0.030011497
15226,61774,0.004615148
15227,53143,0.021231076
15228,78685,0.0022978769
15229,85267,0.002712891
15230,36118,0.11523532
15231,59929,0.08862705
15232,65715,9.395906e-08
15233,12724,0.021728687
15234,52433,0.0009472693
15235,95337,0.08737103
15236,95919,0.105041265
15237,93072,0.008491745
15238,58769,7.858366e-05
15239,35490,0.26610762
15240,62771,0.006220099
15241,23045,6.1169114e-05
15242,52384,0.0067657153
15243,60152,0.09962154
15244,113241,2.3673927e-05
15245,28151,6.1341177e-07
15246,48411,6.1518786e-06
15247,14238,2.0422965e-05
15248,34247,0.023820162
15249,72541,5.651107e-06
15250,108710,0.09820678
15251,109957,0.0022883825
15252,6470,7.0219226e-06
15253,67637,0.0018191853
15254,104542,0.08734493
15255,56191,0.026181428
15256,62664,0.021679174
15257,36240,0.09962154
15258,40989,3.961323e-06
15259,63545,1.4936165e-07
15260,17589,0.02616657
15261,1504,0.0006792102
15262,39624,0.00016632384
15263,31790,0.023820162
15264,107218,0.00013373347
15265,46624,1.0891739e-05
15266,100987,0.0582493
15267,38322,0.026963117
15268,57656,0.049336616
15269,18119,0.09320422
15270,55412,0.00060517294
15271,59858,0.03995029
15272,85421,6.8767486e-07
15273,100503,0.0067060706
15274,91651,3.4189454e-06
15275,92596,0.08738392
15276,66313,7.4609425e-06
15277,20502,0.018643433
15278,12068,0.026173297
15279,7913,0.03274922
15280,93834,0.002712891
15281,58760,0.010650898
15282,114344,1.5222028e-07
15283,55884,0.09822407
15284,12172,0.00046834614
15285,7456,0.00015560028
15286,84897,0.012102011
15287,4751,0.09669842
15288,88070,0.0046281493
15289,64745,0.005874181
15290,53232,0.60890335
15291,99765,0.015027496
15292,95764,0.006936145
15293,13535,0.023812074
15294,5609,9.875142e-05
15295,105800,0.021672681
15296,96694,0.0005972579
15297,65691,9.024508e-06
15298,108849,0.0034547283
15299,15241,8.801323e-05
15300,39240,0.035874978
15301,109807,0.0022296296
15302,61537,0.0007772775
15303,70989,0.004544401
15304,110280,0.0071041533
15305,27795,0.020727588
15306,44918,0.021679174
15307,11548,0.0004361845
15308,34336,0.09320422
15309,59598,7.8799604e-07
15310,3341,0.00023931329
15311,4321,0.00031374235
15312,45245,5.595254e-10
15313,80788,0.045353234
15314,55303,0.020780627
15315,33147,2.6524908e-06
15316,109633,1.5917657e-06
15317,15722,9.872361e-06
15318,58936,0.026181428
15319,57417,8.282346e-06
15320,63818,0.028615188
15321,53438,0.00016526341
15322,109942,2.0394707e-05
15323,37356,0.13738473
15324,66628,1.6024511e-08
15325,1647,0.1379863
15326,65819,0.005275688
15327,86677,0.004465827
15328,33765,6.055637e-06
15329,2661,0.16527988
15330,29093,2.0269468e-05
15331,51972,1.198498e-05
15332,84508,4.5794506e-05
15333,106854,9.628211e-05
15334,71742,9.519156e-06
15335,102142,0.01333251
15336,61870,1.1119222e-06
15337,68634,0.0001396157
15338,31357,0.16891932
15339,40425,2.1891108e-06
15340,97400,0.0015032328
15341,84103,0.056715835
15342,16961,1.0106465e-06
15343,37811,0.00044700384
15344,108683,3.9719043e-07
15345,95193,0.04534585
15346,115871,0.049283862
15347,57344,6.1518786e-06
15348,56155,0.009386319
15349,56067,0.023820162
15350,39537,0.056719538
15351,102061,0.0053558815
15352,101932,1.1374278e-06
15353,44527,0.0023194642
15354,79575,0.035874978
15355,2554,0.024920937
15356,34564,0.023843173
15357,38734,0.09053307
15358,43190,0.14560477
15359,79674,0.026963117
15360,92405,0.080324754
15361,11849,6.0126495e-05
15362,50521,7.6568185e-08
15363,9010,0.026154451
15364,83316,1.7666298e-06
15365,45492,2.5498121e-08
15366,54821,0.006045044
15367,6813,0.014447276
15368,12162,9.599068e-06
15369,3482,0.19400503
15370,79367,0.011679627
15371,33471,0.023820162
15372,52705,0.048140943
15373,35416,0.09320422
15374,85492,2.606285e-05
15375,64338,8.067235e-06
15376,18469,1.142055e-06
15377,63115,0.04393397
15378,69053,0.07412055
15379,90962,0.0972324
15380,112214,1.7446317e-07
15381,85868,0.049336616
15382,112822,0.003825692
15383,3473,0.20278373
15384,63447,0.049336616
15385,3066,0.0007922473
15386,42838,1.2319512e-07
15387,110725,0.007951576
15388,42635,0.029797807
15389,94029,6.7416186e-05
15390,40280,0.013164223
15391,26886,0.020493431
15392,79202,0.00010348094
15393,60884,0.08738392
15394,98789,2.6172145e-06
15395,87717,0.08859832
15396,12993,0.2137466
15397,102390,0.00016635319
15398,62264,5.489974e-05
15399,59803,6.3779044e-06
15400,88992,9.438946e-06
15401,45452,0.0055128075
15402,13946,9.991713e-07
15403,6697,0.00019133733
15404,63918,3.4770942e-06
15405,32727,0.05803009
15406,2328,0.12594849
15407,39564,0.026142929
15408,87938,0.002716312
15409,94485,0.017413767
15410,93760,0.02613434
15411,36164,2.0521484e-05
15412,89340,0.12041605
15413,91090,2.6682974e-06
15414,57401,7.4970108e-06
15415,12492,0.0005572466
15416,97629,5.151649e-05
15417,103727,0.016694305
15418,36003,0.09962154
15419,91853,0.009634675
15420,23405,2.0521484e-05
15421,74204,0.02658666
15422,83948,0.021672681
15423,71538,0.026135925
15424,35699,1.9697277e-06
15425,39790,1.0833021e-06
15426,14563,0.0518825
15427,56079,0.07412055
15428,55136,0.056739822
15429,44225,0.051653266
15430,56681,0.00698774
15431,47031,0.00041620375
15432,52708,0.04393397
15433,80827,3.8171846e-05
15434,56922,0.012290965
15435,90987,6.4272007e-07
15436,22391,0.01975799
15437,75798,0.07412055
15438,15632,0.0004458032
15439,110434,0.02377865
15440,10766,0.00086932594
15441,111835,0.049283862
15442,41253,0.042505115
15443,49834,0.000114804345
15444,68305,0.004544401
15445,73176,0.00046475898
15446,1399,0.08731945
15447,96163,0.021672681
15448,26161,7.5935973e-06
15449,12816,4.3577193e-06
15450,69851,0.06259403
15451,75383,0.07412055
15452,109816,0.0005857417
15453,71199,8.428425e-05
15454,67480,0.013979069
15455,2359,0.002915546
15456,47043,0.023781514
15457,31381,6.0049088e-06
15458,53856,0.080362685
15459,92132,0.0067062485
15460,11158,0.08733589
15461,84946,3.49485e-06
15462,55001,0.09962154
15463,38695,0.0014557933
15464,64921,0.0003925959
15465,6474,0.0039052165
15466,82612,0.08131125
15467,57829,0.0069630705
15468,87721,0.08738392
15469,7742,0.03877623
15470,100477,0.09020935
15471,45557,0.0018189792
15472,113395,3.2671949e-06
15473,83652,4.0126756e-06
15474,95411,7.631508e-06
15475,73319,1.8314646e-05
15476,73953,2.3831531e-07
15477,67102,0.08892729
15478,57324,0.023650363
15479,61449,5.387052e-06
15480,56320,3.3375616e-06
15481,35672,0.003481513
15482,102384,0.09024858
15483,26537,0.0038846056
15484,104731,0.02377865
15485,51843,0.0016888067
15486,110618,0.038548287
15487,95348,0.1138376
15488,29141,9.0191725e-06
15489,103562,7.3847295e-05
15490,98767,0.006100282
15491,17001,4.816796e-05
15492,50169,0.04539426
15493,71837,0.0023059489
15494,3438,0.051869284
15495,46766,0.049310457
15496,5524,0.0005559548
15497,30898,0.176776
15498,82198,3.9419974e-06
15499,91306,0.11930205
15500,56083,9.8575405e-11
15501,41856,0.059558474
15502,98068,0.005874181
15503,65647,3.245512e-05
15504,17858,9.569263e-06
15505,70058,0.05803009
15506,52602,0.011679627
15507,65913,0.00015693686
15508,68180,0.010870939
15509,107205,0.022664648
15510,81449,1.4783244e-07
15511,106017,0.00012853731
15512,115801,0.057320416
15513,45128,0.047045927
15514,20150,0.02616657
15515,12806,8.267715e-06
15516,86541,2.064682e-05
15517,83178,2.3980272e-05
15518,94162,0.0053558815
15519,32686,0.0055257264
15520,59353,0.021710591
15521,74772,1.3000841e-05
15522,71413,1.8314646e-05
15523,27962,1.0891739e-05
15524,42739,0.16270195
15525,31950,0.021679174
15526,103775,0.004544401
15527,27713,0.049310457
15528,57571,0.021710591
15529,87218,6.307148e-05
15530,93892,0.02613434
15531,24762,0.02252195
15532,50419,0.04393397
15533,94045,0.00641699
15534,14244,0.045339257
15535,51482,0.020780627
15536,54204,0.080362685
15537,16963,0.11538479
15538,108322,0.050723717
15539,59298,0.021190042
15540,20455,0.0001280077
15541,28518,0.09320422
15542,78914,0.01936364
15543,58763,0.05500862
15544,37088,3.0939693e-09
15545,52,0.0058685923
15546,70003,4.325955e-05
15547,11258,0.0014597852
15548,78548,1.0052473e-08
15549,89685,0.004465827
15550,81714,5.549818e-06
15551,35888,0.09320422
15552,95209,4.099833e-05
15553,76066,1.1455617e-05
15554,4414,0.09032336
15555,113952,0.005226399
15556,74564,0.005937719
15557,42785,0.021679174
15558,39605,0.60890335
15559,83399,0.0009119775
15560,72933,5.5396335e-06
15561,15697,0.029797807
15562,86378,0.026135925
15563,54704,7.4970108e-06
15564,17840,6.560156e-05
15565,114028,0.0961626
15566,59358,0.09024858
15567,81116,1.8865171e-07
15568,79614,0.035874978
15569,84015,2.4805233e-05
15570,84086,0.0053558815
15571,64481,0.34076983
15572,54872,6.5579356e-05
15573,27144,0.07225981
15574,115309,1.667799e-08
15575,3074,0.0001788645
15576,38061,2.24994e-07
15577,66042,1.6523387e-07
15578,28136,0.020727588
15579,71761,0.007133553
15580,20014,0.0013722053
15581,114067,0.051729362
15582,41352,0.0030750658
15583,65125,5.5524756e-06
15584,97739,0.08737103
15585,98832,0.011088824
15586,109951,0.023139397
15587,31133,4.101088e-05
15588,90984,0.00012562767
15589,54108,0.026181428
15590,111608,0.02277482
15591,76907,0.015515815
15592,87193,0.0010895338
15593,64417,0.005937719
15594,13587,6.510448e-05
15595,29319,0.056917984
15596,219,3.1701882e-06
15597,26677,0.049310457
15598,12779,0.1458472
15599,111395,0.021672681
15600,77752,2.2624987e-05
15601,112137,0.00014355071
15602,82856,0.002712891
15603,29184,2.0441616e-05
15604,93494,5.977239e-07
15605,106136,0.008453693
15606,55595,0.026181428
15607,58774,5.528018e-06
15608,15647,6.029913e-07
15609,20500,0.053164907
15610,49390,0.038295813
15611,3595,9.401502e-06
15612,1319,7.0936244e-06
15613,25132,2.0914413e-05
15614,60601,7.3429746e-06
15615,73360,7.683071e-06
15616,51357,1.8768278e-05
15617,44570,0.0005982821
15618,47577,5.961242e-06
15619,50623,9.739353e-05
15620,21733,0.049336616
15621,63747,0.01554043
15622,29222,0.080349706
15623,97481,0.09422034
15624,59135,0.121121824
15625,84987,4.4995304e-06
15626,23364,1.3460669e-09
15627,27424,0.08862705
15628,2786,0.0007593347
15629,13996,2.4155535e-05
15630,54257,0.0010346442
15631,58684,0.05910951
15632,63043,6.2021095e-06
15633,68961,0.049336616
15634,46535,1.5679498e-05
15635,9484,0.0030857818
15636,109594,0.023801154
15637,18595,0.053443428
15638,25822,0.021679174
15639,58176,0.0053558815
15640,16743,0.005531024
15641,50845,1.9697277e-06
15642,22085,0.15469432
15643,30412,4.28056e-05
15644,42777,0.04393397
15645,107608,0.038046364
15646,56687,0.017561007
15647,72604,5.5396335e-06
15648,26823,0.005528397
15649,97527,0.08559784
15650,18056,9.38254e-05
15651,104075,0.020436222
15652,91729,0.0972324
15653,115358,0.026181428
15654,44127,1.4276379e-05
15655,61195,4.5796776e-05
15656,87644,0.00034951986
15657,80015,0.005531024
15658,101949,0.08737103
15659,63628,0.002091582
15660,16646,0.00036401753
15661,12704,0.14169523
15662,102361,0.050497808
15663,113274,9.6901626e-05
15664,85244,0.020977527
15665,53290,0.016483126
15666,22884,0.12420485
15667,57659,5.672765e-05
15668,87908,0.116239734
15669,65605,9.024508e-06
15670,38167,0.0059590633
15671,30200,0.09669684
15672,43547,0.026142929
15673,97982,0.037660237
15674,28029,0.1162526
15675,26758,0.24243036
15676,33191,0.107299305
15677,37912,0.023781514
15678,85961,0.0031264233
15679,151,8.104381e-05
15680,43226,1.21226585e-05
15681,37582,0.082209826
15682,104863,8.306361e-06
15683,60002,7.4609425e-06
15684,71877,4.9296727e-06
15685,41185,0.08428694
15686,69956,2.6174441e-06
15687,59750,0.0006210787
15688,5449,3.724781e-06
15689,95132,0.08737103
15690,6559,0.0004877753
15691,28988,0.0006371323
15692,65,0.026026938
15693,40162,0.0002473274
15694,38868,2.6184828e-06
15695,26,0.0004101502
15696,11128,3.0004156e-08
15697,84794,0.005555831
15698,114654,0.00062822126
15699,35758,0.0059590633
15700,47601,0.00020163071
15701,110122,4.892366e-05
15702,58362,0.021710591
15703,64638,6.007905e-06
15704,46108,0.062948346
15705,77900,0.049336616
15706,53245,0.0031419564
15707,26540,0.029797807
15708,89510,0.004544401
15709,91698,0.002712891
15710,113926,9.583493e-05
15711,79357,0.05671502
15712,79956,0.04393397
15713,85947,0.004544401
15714,20105,2.568952e-05
15715,49706,7.0836715e-05
15716,61658,0.1138376
15717,54295,0.0133647015
15718,47375,0.04393397
15719,115669,8.002082e-07
15720,18353,0.034822382
15721,89819,0.012102011
15722,105393,0.0010930201
15723,13006,0.00014958101
15724,63853,0.056715835
15725,73703,0.09962154
15726,10029,0.049447946
15727,28702,0.005888243
15728,73608,0.002712891
15729,83766,0.005273019
15730,101013,0.038046364
15731,103112,2.873897e-05
15732,62974,1.1646305e-05
15733,14433,0.009777572
15734,96384,0.003117054
15735,100220,0.11376301
15736,104805,3.1782556e-06
15737,75232,4.4995304e-06
15738,84686,0.026135925
15739,29885,0.017274432
15740,114261,3.1906247e-06
15741,66334,1.1627628e-05
15742,11512,1.940315e-05
15743,48434,9.049388e-06
15744,4655,0.0068263565
15745,76890,3.167435e-06
15746,78742,4.0300174e-06
15747,61170,6.584216e-05
15748,22649,7.289304e-05
15749,50109,3.4189454e-06
15750,95901,8.862305e-05
15751,10124,0.08864416
15752,22602,0.0130269565
15753,96970,0.04929791
15754,27467,0.026181428
15755,60043,1.9763773e-05
15756,35066,1.4614259e-05
15757,17092,4.4051257e-07
15758,35435,0.00026521133
15759,69737,0.004544401
15760,115747,0.002712891
15761,2034,2.8825764e-09
15762,4801,0.00016152178
15763,415,3.833592e-06
15764,108563,1.7759134e-05
15765,26628,0.029797807
15766,63149,0.0053558815
15767,65835,0.0022978769
15768,68171,1.9763773e-05
15769,69319,0.02377865
15770,15422,1.2107038e-05
15771,64735,0.0022984236
15772,29661,1.3022619e-05
15773,24034,0.02078164
15774,5439,0.031633597
15775,57747,9.2450597e-10
15776,19633,0.024026698
15777,81472,0.0053558815
15778,63580,3.4076652e-07
15779,57777,0.0001888585
15780,64857,0.0002811331
15781,58347,0.014005615
15782,30246,0.026181428
15783,95653,0.02377865
15784,113215,0.00014779053
15785,60322,0.10823642
15786,50453,0.00021951154
15787,8235,0.049447946
15788,39714,0.0022184397
15789,59065,0.00020851138
15790,11484,0.017549848
15791,5954,0.049447946
15792,107300,5.3632255e-05
15793,96351,0.000114430884
15794,105645,5.0764856e-07
15795,25634,1.688621e-08
15796,14715,2.4200313e-07
15797,76977,7.486365e-06
15798,44363,1.4733318e-05
15799,31151,1.3828853e-07
15800,99878,4.1433905e-05
15801,91553,0.026135925
15802,10000,0.001122043
15803,16530,3.9698436e-05
15804,101139,0.0014021979
15805,42936,0.062131003
15806,81104,0.09024858
15807,74393,8.428425e-05
15808,84988,0.057988025
15809,53211,0.026181428
15810,67879,2.010342e-08
15811,4761,0.053829532
15812,26682,3.0192766e-06
15813,84405,0.0005810626
15814,34008,0.049283862
15815,48440,0.07225981
15816,725,0.00026940415
15817,108791,0.02277482
15818,24134,8.636283e-05
15819,37118,0.021830883
15820,31966,4.101088e-05
15821,27564,0.026181428
15822,13443,1.082722e-05
15823,84629,0.02377865
15824,55249,0.049336616
15825,101267,0.005937719
15826,93105,0.012030361
15827,243,0.03767116
15828,22832,0.020810252
15829,87298,0.004544401
15830,68791,2.6461869e-06
15831,83907,0.013495838
15832,58173,2.21297e-05
15833,80117,0.24963516
15834,12428,0.05673552
15835,46086,0.012440107
15836,52549,0.0053558815
15837,86771,7.949659e-06
15838,7886,0.0002694355
15839,102162,0.026135925
15840,51109,0.0012576933
15841,20637,0.035995085
15842,99356,0.0067060706
15843,9486,0.049447946
15844,52955,0.026181428
15845,96803,0.02665678
15846,65729,0.027327675
15847,55672,0.07225981
15848,1057,0.10756636
15849,103741,0.04534585
15850,71879,0.026135925
15851,58526,0.0133647015
15852,37704,0.00045658284
15853,60314,0.03767647
15854,113355,0.19348894
15855,6645,0.00086932594
15856,60078,0.023820162
15857,94388,0.09422598
15858,25483,0.0005009109
15859,104164,0.02613434
15860,57836,9.28394e-07
15861,18397,7.2924195e-05
15862,57542,0.0972324
15863,52059,0.11065459
15864,25640,0.0053107133
15865,54647,5.3543977e-07
15866,98641,2.9909734e-06
15867,45059,0.04393397
15868,11607,0.096716374
15869,70824,5.2675427e-05
15870,32502,0.026181428
15871,102895,0.0024225842
15872,64148,0.038295813
15873,13641,0.037673306
15874,74709,0.080085464
15875,19929,1.8466333e-05
15876,84057,0.006723107
15877,29495,7.7748904e-05
15878,52001,0.00011221356
15879,91085,0.044319175
15880,2784,4.9152102e-05
15881,26912,0.0012949809
15882,64209,0.0016018822
15883,10166,5.4851178e-05
15884,51940,0.026181428
15885,56548,0.008964647
15886,33118,0.023820162
15887,5423,5.613062e-07
15888,22967,7.4866225e-06
15889,13401,0.2137466
15890,46463,0.06463914
15891,75237,0.020436222
15892,34787,0.096716374
15893,22220,2.3365521e-08
15894,13041,0.021258758
15895,226,2.2307984e-05
15896,69618,5.489974e-05
15897,36159,0.023820162
15898,51901,0.020493431
15899,76043,4.3900826e-07
15900,1503,3.061895e-05
15901,73139,0.0009796993
15902,28185,0.05315191
15903,73316,0.02164696
15904,25992,2.2140472e-16
15905,106366,0.00057417376
15906,11996,1.1628138e-05
15907,28158,0.0053107133
15908,51983,7.4624795e-06
15909,109364,8.4443363e-10
15910,411,0.017267156
15911,79625,0.023801154
15912,52903,5.4310376e-06
15913,16097,1.082722e-05
15914,98847,8.355441e-08
15915,42107,2.6184828e-06
15916,111711,0.021672681
15917,73951,0.0053558815
15918,31890,0.005888243
15919,102041,0.08737103
15920,66064,0.0055510015
15921,40099,0.016483126
15922,39933,1.6555608e-05
15923,101766,0.011366514
15924,75745,0.058013294
15925,31912,0.00209755
15926,6219,0.00019693963
15927,89216,0.0053558815
15928,96830,0.08738392
15929,73279,0.037904825
15930,59301,0.09320422
15931,65207,6.824348e-05
15932,19870,0.049336616
15933,28866,0.005528397
15934,70126,0.0004668928
15935,12948,0.08731945
15936,71575,0.09422598
15937,72938,0.03688575
15938,46098,0.049310457
15939,18682,0.07225981
15940,86244,0.002712891
15941,104797,0.022900727
15942,80065,0.0014896997
15943,32973,4.7108142e-07
15944,19442,0.009450559
15945,82673,0.0007839384
15946,49219,3.2584571e-06
15947,68252,0.005874181
15948,67239,0.0045348913
15949,5709,0.11523459
15950,15493,1.4924626e-05
15951,29823,0.021830883
15952,26325,0.026142929
15953,32506,0.0038709352
15954,35307,0.056739822
15955,9961,0.09960311
15956,2099,6.784209e-05
15957,12977,0.00022781316
15958,108516,0.08734058
15959,61523,0.09320422
15960,6015,0.0002781516
15961,42189,1.1012289e-05
15962,4141,1.900982e-05
15963,89312,0.035874978
15964,64004,1.9238261e-07
15965,531,0.00048731331
15966,73043,0.0001893428
15967,9509,0.012843177
15968,91604,0.07393369
15969,39069,0.023781514
15970,106852,0.043887034
15971,6073,0.024920635
15972,52152,1.054464e-06
15973,107563,0.00043374623
15974,89104,0.0053558815
15975,114061,0.023820162
15976,78443,0.0015447469
15977,25310,0.14925276
15978,74928,0.004544401
15979,16144,0.0008877174
15980,67147,0.08738392
15981,103614,0.15601686
15982,30954,8.462854e-05
15983,75619,0.002712891
15984,74386,0.01333251
15985,90113,7.488785e-05
15986,67700,0.0031732032
15987,11609,9.7560194e-05
15988,17175,0.097816624
15989,47540,0.029797807
15990,26791,0.023820162
15991,12308,4.2233554e-05
15992,78770,1.8660625e-05
15993,84912,0.00044660878
15994,56647,0.026181428
15995,86013,0.09024858
15996,17686,0.056731988
15997,38837,2.6795205e-05
15998,77723,0.011679627
15999,110314,0.023801154
16000,80633,0.0077646347
16001,95772,2.0504287e-05
16002,115065,0.010619825
16003,75409,0.004544401
16004,18061,0.023806605
16005,49229,0.0023059489
16006,98953,0.004544401
16007,85178,1.0039291e-05
16008,26075,0.00038641837
16009,51215,0.049336616
16010,80609,0.0058592446
16011,2171,0.053829532
16012,114255,0.07412055
16013,30757,0.00023568506
16014,76430,0.00017678761
16015,60822,0.010650898
16016,95616,0.037660237
16017,44726,2.1213253e-05
16018,20497,0.020493431
16019,88832,0.002712891
16020,93053,0.07991798
16021,18936,4.7678328e-05
16022,45630,0.056719538
16023,68133,0.08738392
16024,13444,0.023812074
16025,60833,0.0053558815
16026,27595,2.2869856e-06
16027,80738,0.026222328
16028,35297,0.0010644946
16029,76783,3.0289324e-05
16030,105811,0.02377865
16031,87581,7.3094265e-07
16032,5128,0.0028697962
16033,78926,1.4095694e-08
16034,69142,0.00015110691
16035,87158,1.6951537e-05
16036,37566,0.04539426
16037,51047,0.00018367368
16038,12496,8.850735e-06
16039,59532,0.09320422
16040,90951,0.0051683513
16041,44097,0.0010020937
16042,90479,7.9762176e-05
16043,114769,2.5606082e-06
16044,57927,7.4970108e-06
16045,109517,8.37751e-05
16046,114638,0.074576065
16047,14872,0.0037760467
16048,105708,2.4377755e-06
16049,97679,0.021672681
16050,4545,0.04090679
16051,67610,0.0008114429
16052,13797,0.020493431
16053,76045,0.002712891
16054,28129,0.04393397
16055,8715,0.00043526053
16056,30055,0.005133466
16057,105758,4.3576197e-06
16058,85714,0.0070779263
16059,106464,0.019720268
16060,94037,0.004025589
16061,68671,0.0053558815
16062,102927,2.9931777e-09
16063,73730,0.04539426
16064,103152,0.0067737084
16065,109033,0.0052626817
16066,36381,2.9420447e-05
16067,22269,4.4133296e-07
16068,47107,0.023781514
16069,40582,1.1888799e-05
16070,41653,0.020493431
16071,97021,0.11376301
16072,114425,7.5260065e-10
16073,108048,0.04380691
16074,85913,0.005933206
16075,33358,0.09960151
16076,105332,9.116901e-06
16077,96590,0.005275688
16078,99897,0.062256794
16079,94176,0.0053558815
16080,109228,0.02277482
16081,63760,0.001221517
16082,80211,0.020436222
16083,382,0.00014166076
16084,9285,0.054678805
16085,17050,2.6504351e-06
16086,41772,0.07225981
16087,66995,0.11344775
16088,84011,2.0782913e-05
16089,81866,2.5826264e-06
16090,6693,0.049447946
16091,115018,0.023801154
16092,24733,2.0521484e-05
16093,97510,0.09820678
16094,64974,0.00037544378
16095,66869,1.4220789e-05
16096,48974,0.04539426
16097,28470,0.023820162
16098,92665,0.11379456
16099,41135,0.08862705
16100,91490,0.021672681
16101,50199,0.010924481
16102,25116,1.950532e-05
16103,68653,0.05315191
16104,54496,0.09962154
16105,104574,9.071983e-06
16106,9673,0.0024908574
16107,50337,0.0005848762
16108,59641,0.09962154
16109,51416,0.049336616
16110,58902,0.023820162
16111,59398,9.44157e-05
16112,104658,6.862107e-10
16113,31068,4.4806578e-10
16114,51531,0.005498547
16115,44652,1.3866054e-07
16116,82536,0.010493834
16117,74554,1.5798228e-06
16118,10763,0.0005522504
16119,70754,0.23538908
16120,29307,0.00013198685
16121,64568,7.635221e-06
16122,73902,9.492051e-05
16123,104546,0.012979741
16124,57007,6.8114826e-11
16125,102881,9.838535e-06
16126,3921,0.000118975695
16127,40031,0.011160305
16128,108372,0.02277482
16129,27570,0.021679174
16130,13175,0.020604797
16131,16717,7.783673e-05
16132,84843,3.5519508e-07
16133,50469,6.916832e-05
16134,79279,6.9561215e-09
16135,102227,0.08737103
16136,33194,0.053443428
16137,70470,9.45522e-05
16138,95472,0.021065777
16139,9114,0.036972463
16140,34716,0.023820162
16141,104233,2.2351851e-05
16142,33700,0.017274432
16143,106559,0.08102568
16144,40570,0.00042435536
16145,112943,0.049283862
16146,18657,0.0033832863
16147,43025,2.9638628e-07
16148,53762,0.012030361
16149,32606,0.012391421
16150,15081,4.9046143e-05
16151,86455,0.002712891
16152,114696,0.0023876035
16153,67999,0.085608646
16154,35984,0.04756374
16155,59928,0.021710591
16156,65702,6.2859533e-07
16157,96714,0.037660237
16158,82574,5.808014e-05
16159,33647,2.1356598e-05
16160,9219,0.031894423
16161,33952,0.042505115
16162,107918,0.027124299
16163,102453,6.6444977e-06
16164,59265,0.012290965
16165,962,0.00015007005
16166,75128,2.1162432e-05
16167,11957,0.026173297
16168,110477,0.00010277633
16169,23547,0.00026066566
16170,39745,0.026963117
16171,13518,0.1278291
16172,114326,0.03683928
16173,72065,0.0019099059
16174,64706,2.076655e-08
16175,29660,4.7373404e-05
16176,61967,0.008851278
16177,18795,3.3582725e-07
16178,86598,0.035404924
16179,88845,0.08131125
16180,60403,0.004544401
16181,47537,0.049310457
16182,100962,0.13833961
16183,98806,0.104524136
16184,44240,0.026181428
16185,57790,0.026181428
16186,66474,0.005874181
16187,6185,0.017701583
16188,39305,0.0054213
16189,110832,0.00043446606
16190,71463,0.02000054
16191,99158,0.013999118
16192,104003,0.00019765731
16193,25191,0.0053107133
16194,37244,0.026181428
16195,57870,0.00070725055
16196,19669,0.04539426
16197,6387,2.3072907e-05
16198,101399,0.052189328
16199,114266,1.4248958e-05
16200,87867,0.036868095
16201,15985,5.1334253e-05
16202,9176,0.00041902368
16203,75927,0.02377865
16204,11159,0.0012048831
16205,38640,0.09320422
16206,72480,0.006100282
16207,104064,4.6429936e-06
16208,74798,0.017265417
16209,20513,0.0074700736
16210,4064,7.870253e-05
16211,104212,0.062948346
16212,42466,0.054022547
16213,19444,4.74936e-08
16214,26315,7.716907e-05
16215,113894,0.038046364
16216,79843,0.113523215
16217,95770,0.007992439
16218,50940,0.049336616
16219,58304,0.084146656
16220,26041,4.7135194e-07
16221,57217,0.009943415
16222,24968,3.0888357e-05
16223,45469,0.012269409
16224,71035,0.049336616
16225,66997,0.02377865
16226,93921,0.03178816
16227,96664,0.025687402
16228,50299,0.026181428
16229,23465,9.1240544e-08
16230,91362,0.05315191
16231,47717,0.1162526
16232,85782,0.049336616
16233,32952,0.029797807
16234,1675,1.6733338e-05
16235,92115,3.875335e-06
16236,54116,0.026181428
16237,94259,7.5251366e-05
16238,59650,0.005915201
16239,64019,0.049117714
16240,81452,4.4995304e-06
16241,29756,0.049283862
16242,84577,0.022951873
16243,48501,0.0053558815
16244,35294,0.049336616
16245,79660,0.002712891
16246,8722,0.08864416
16247,72937,0.098173305
16248,22145,6.709973e-05
16249,14026,0.006723107
16250,75425,0.045353234
16251,36413,0.005299632
16252,89746,0.09670204
16253,103942,0.05535355
16254,30957,0.026181428
16255,21585,8.456062e-08
16256,35722,0.026181428
16257,4490,6.9394137e-06
16258,50710,0.112460144
16259,58934,6.0102775e-07
16260,10687,8.58372e-05
16261,104977,0.00024440847
16262,4241,1.9243964e-06
16263,31205,0.021679174
16264,82966,0.002712891
16265,67585,0.00022473649
16266,107449,0.019720268
16267,104380,0.09020935
16268,111565,0.038751595
16269,53007,8.613917e-08
16270,3161,2.3464534e-05
16271,25098,0.026142929
16272,74590,2.3673927e-05
16273,20794,0.0002279894
16274,52925,1.270678e-05
16275,4355,0.0001496445
16276,101677,0.02377865
16277,33410,9.586892e-06
16278,102490,0.00015490776
16279,15660,0.06833075
16280,25545,7.843434e-06
16281,106066,0.0067060706
16282,80021,0.045339257
16283,84125,0.038751595
16284,53388,2.5993645e-06
16285,79571,0.021672681
16286,2727,0.00042425987
16287,71074,4.425001e-06
16288,25283,0.0064350194
16289,105264,0.02277482
16290,12028,8.6405835e-06
16291,53240,0.020493431
16292,66016,1.5505197e-05
16293,114939,0.005337438
16294,48832,5.961242e-06
16295,20499,3.348149e-05
16296,100877,6.793933e-05
16297,93139,0.005287984
16298,25055,7.3367046e-05
16299,85925,0.008498998
16300,78483,8.3136045e-05
16301,31515,0.00013476808
16302,32669,0.09320422
16303,88053,0.007911737
16304,114422,7.702792e-06
16305,59752,0.029508699
16306,56167,9.071983e-06
16307,52585,0.0053558815
16308,80164,4.760188e-07
16309,94187,0.054984495
16310,111775,0.021672681
16311,14699,3.7010097e-05
16312,22941,0.00061682606
16313,32807,0.00049475697
16314,72706,0.026963117
16315,9174,0.0003772921
16316,14227,0.00015780644
16317,47323,5.994759e-07
16318,51238,2.1196456e-06
16319,49770,0.010059811
16320,27141,0.021679174
16321,92675,0.021065777
16322,65088,1.1627628e-05
16323,1934,2.8014361e-05
16324,63566,5.5647954e-05
16325,90372,0.021672681
16326,4640,0.010201843
16327,79733,0.06384397
16328,1796,0.027779121
16329,94053,0.08738392
16330,114463,0.000485274
16331,11506,0.0003043561
16332,69048,0.04539426
16333,98964,0.100328624
16334,42953,1.1696895e-05
16335,64016,0.005874181
16336,32194,5.0304457e-06
16337,62456,0.0972324
16338,10214,0.038565386
16339,99177,0.09020935
16340,49192,2.9091927e-06
16341,42199,0.0023792644
16342,8619,0.04432362
16343,86805,0.10455603
16344,106995,0.023608273
16345,1074,8.4714685e-07
16346,81605,0.014005615
16347,70825,1.16876135e-08
16348,66202,0.09190428
16349,66624,0.00011224459
16350,110145,3.3789624e-06
16351,60381,0.053443428
16352,23101,7.289304e-05
16353,65199,2.1162432e-05
16354,101489,0.07408704
16355,4953,0.0877399
16356,86492,8.339945e-06
16357,10913,7.851804e-05
16358,63893,1.018075e-08
16359,97684,0.036695685
16360,93800,0.009689379
16361,87145,0.09320422
16362,99196,0.0053558815
16363,24852,0.18280467
16364,16562,2.4438705e-05
16365,87955,0.08738392
16366,12332,0.0035987594
16367,43448,0.017274432
16368,65209,0.0022978769
16369,92377,0.0055271364
16370,76973,5.103996e-05
16371,53652,0.002712891
16372,87222,0.09320422
16373,64487,2.5838262e-06
16374,86473,0.005555831
16375,80878,0.010826234
16376,93091,0.60890335
16377,43554,0.023781514
16378,99615,0.02613434
16379,12972,2.363799e-05
16380,95001,1.0932783e-05
16381,29285,0.056739822
16382,20538,7.289304e-05
16383,17914,0.015696693
16384,75509,0.0069217016
16385,34156,0.03767647
16386,63150,3.1012967e-06
16387,11440,0.0013295675
16388,104912,0.0053533465
16389,89651,0.02927802
16390,40415,0.008384108
16391,95047,1.5798228e-06
16392,95439,8.002082e-07
16393,4541,0.08731945
16394,49713,0.021710591
16395,17167,0.03285552
16396,74060,0.042505115
16397,11811,3.4563514e-06
16398,3108,0.00046074906
16399,27864,0.00038613685
16400,13263,0.00030631723
16401,58131,0.0065589654
16402,6113,3.4324644e-06
16403,11469,0.014447276
16404,74849,0.084192276
16405,82067,0.029797807
16406,41538,0.037661344
16407,72953,0.002712891
16408,29227,0.013680306
16409,101888,0.08895924
16410,3942,0.05673552
16411,37048,2.2276424e-06
16412,11177,0.0003752139
16413,112151,0.010358963
16414,48073,0.056715835
16415,94456,0.04539426
16416,7338,0.10339549
16417,59541,9.087152e-05
16418,57665,0.08131125
16419,108440,0.004544401
16420,37746,0.010509218
16421,9640,0.00019693963
16422,10816,0.0016094177
16423,19070,2.4473748e-06
16424,26012,8.1577804e-05
16425,69686,0.026626956
16426,5976,8.380467e-05
16427,94349,0.09960683
16428,103317,0.02613434
16429,21979,7.3055184e-05
16430,62528,0.02658666
16431,77832,0.000303141
16432,114801,3.197379e-05
16433,55785,0.026181428
16434,89481,0.021710591
16435,103471,0.00013353558
16436,28841,0.09320422
16437,9343,0.00019416484
16438,47082,1.0891739e-05
16439,105286,0.08734493
16440,5029,0.033713084
16441,74260,0.03688575
16442,25957,0.013485792
16443,70318,0.004544401
16444,25471,0.049310457
16445,26999,4.7373404e-05
16446,67183,2.6461869e-06
16447,3261,7.0936244e-06
16448,103448,9.206024e-05
16449,45091,0.049310457
16450,52854,0.056739822
16451,19532,0.056469362
16452,58603,0.00047527993
16453,55855,0.026181428
16454,75978,2.3692357e-05
16455,50410,0.09962154
16456,27613,7.191412e-07
16457,109487,0.082365364
16458,42287,1.4320422e-05
16459,10835,8.167367e-06
16460,40075,0.026142929
16461,88359,0.005273019
16462,60394,0.016483126
16463,96782,0.057988025
16464,56017,0.1138376
16465,20979,0.049336616
16466,80574,8.471263e-06
16467,93961,2.6039328e-09
16468,113715,0.06217889
16469,25045,2.0914413e-05
16470,26515,0.008276556
16471,115261,4.9452392e-05
16472,57838,0.004430205
16473,28943,0.018004056
16474,52475,0.023172531
16475,12952,0.026173297
16476,103443,0.0008406093
16477,19512,0.015696693
16478,96157,0.08501622
16479,48451,0.013495838
16480,20190,0.09962154
16481,21209,3.4703625e-11
16482,81519,2.606285e-05
16483,42347,0.037661344
16484,96191,3.080199e-05
16485,42515,0.05803009
16486,77641,9.216472e-09
16487,44538,0.0005035076
16488,102067,0.021672681
16489,46334,1.0891739e-05
16490,26927,0.00021836841
16491,26660,1.27764e-06
16492,43907,0.0023255853
16493,103006,0.018238086
16494,108574,0.02613434
16495,40184,3.7476133e-07
16496,115963,3.0107949e-05
16497,40232,0.00013386398
16498,88647,0.0053558815
16499,10698,5.102536e-05
16500,81980,0.0060895914
16501,71062,0.08862705
16502,71026,0.04539426
16503,26022,1.1481497e-06
16504,20815,1.0954417e-08
16505,112472,0.024480496
16506,66167,1.05047675e-07
16507,107685,0.07069297
16508,51406,2.8985838e-05
16509,42728,0.0018716557
16510,61694,0.08738392
16511,72195,0.1138376
16512,33468,0.0021602623
16513,87174,0.049336616
16514,37177,2.62419e-06
16515,24206,0.0159726
16516,67226,0.04393397
16517,44622,0.097816624
16518,15459,0.00012035926
16519,10758,7.086261e-06
16520,106373,3.628247e-06
16521,77613,1.5640295e-05
16522,17970,0.010211267
16523,63359,0.08738392
16524,83104,2.9259958e-08
16525,84484,0.021672681
16526,107556,7.103868e-07
16527,92440,8.794229e-06
16528,103546,0.022900727
16529,65275,0.0022978769
16530,84933,0.071108036
16531,95904,5.8886963e-05
16532,22461,1.6555608e-05
16533,68094,1.5047801e-09
16534,90651,0.002712891
16535,13849,0.0001118562
16536,82139,0.024604997
16537,38926,0.00013151598
16538,108620,0.0044382173
16539,13592,0.33489522
16540,31673,0.04393397
16541,100240,0.02377865
16542,56654,0.00020494631
16543,86757,0.02377865
16544,92121,5.5396335e-06
16545,108762,0.02613434
16546,12020,0.00013945099
16547,82489,0.004544401
16548,25611,0.004942228
16549,79800,0.026963117
16550,105287,0.049283862
16551,44046,0.026142929
16552,51774,0.005531024
16553,115243,0.002704239
16554,39270,0.005888243
16555,18354,0.00018289268
16556,33566,4.680906e-05
16557,102705,0.09422598
16558,105759,0.07075189
16559,33820,2.4287155e-07
16560,12919,3.221159e-05
16561,68022,0.020374464
16562,9881,0.0024795379
16563,29201,4.929861e-06
16564,113197,0.08734493
16565,104743,0.00028657063
16566,69558,0.017452875
16567,9971,0.06990568
16568,61676,7.1026275e-06
16569,71329,0.05315191
16570,61988,0.010650898
16571,38221,0.12112153
16572,85316,6.768315e-06
16573,39530,0.05803009
16574,14786,0.0006625307
16575,41795,0.17678331
16576,96932,0.021672681
16577,49723,0.038768277
16578,48079,1.47998435e-05
16579,4162,0.0003974951
16580,50129,0.00042436123
16581,80488,0.011160305
16582,26815,0.023253461
16583,67946,0.02092175
16584,33581,0.0004626768
16585,28704,0.04393397
16586,94684,0.06384397
16587,82900,0.046333645
16588,19923,0.023806605
16589,33203,0.023820162
16590,866,1.537199e-08
16591,50531,0.026181428
16592,115557,0.09960151
16593,114604,1.2930005e-05
16594,25993,0.00038193603
16595,36510,0.034892205
16596,80022,0.004544401
16597,7368,6.4084267e-09
16598,82449,0.00020997114
16599,49663,0.00012209272
16600,39026,3.721092e-06
16601,29829,0.009208665
16602,48681,0.005275688
16603,71172,0.08738392
16604,102054,0.020436222
16605,99628,9.850793e-11
16606,32250,0.0023129375
16607,12987,4.1090432e-05
16608,84079,1.7892171e-05
16609,48119,0.029659962
16610,58367,0.012030361
16611,91377,4.599588e-05
16612,7346,0.04090679
16613,52894,0.026181428
16614,90215,0.020485038
16615,37718,0.026142929
16616,69498,2.6461869e-06
16617,22409,0.044531874
16618,26673,7.686091e-06
16619,8373,0.014447276
16620,34649,0.013230633
16621,108664,0.006100282
16622,94700,0.0002614716
16623,22325,7.289304e-05
16624,28673,0.0004165586
16625,42791,0.03995029
16626,46506,5.3086518e-05
16627,114170,0.11065459
16628,53860,0.011679627
16629,83261,0.106780924
16630,63219,0.00014476351
16631,37349,0.016474448
16632,78301,0.011088824
16633,44054,0.005888243
16634,60350,4.2587846e-05
16635,5190,1.13474725e-05
16636,95056,0.005275688
16637,100440,2.827247e-10
16638,32326,0.17688967
16639,34012,0.013447453
16640,50415,0.24986164
16641,8936,0.00028969065
16642,73249,0.012095702
16643,68806,0.020436222
16644,57925,6.133061e-05
16645,115507,0.02613434
16646,69270,0.01194953
16647,35432,0.05315191
16648,112176,7.7257505e-07
16649,6543,0.00027192716
16650,31050,6.796972e-05
16651,24191,0.09320422
16652,4305,0.0007329125
16653,60201,8.30123e-06
16654,29084,0.023820162
16655,104535,0.021801373
16656,6383,0.033713084
16657,14448,2.7626634e-06
16658,71727,0.049336616
16659,16345,0.00012702256
16660,8085,0.008842836
16661,11530,2.8347487e-09
16662,83785,0.022432785
16663,104562,0.08734493
16664,89301,1.0240977e-06
16665,66229,0.005523811
16666,42064,0.21266392
16667,22755,7.3055184e-05
16668,87472,0.08738392
16669,8634,4.52325e-09
16670,81074,0.0053558815
16671,4268,9.332254e-06
16672,5116,3.6892015e-05
16673,88062,0.00039944192
16674,22781,0.0136639085
16675,13718,1.8017578e-05
16676,53857,0.12273055
16677,104280,0.0001419504
16678,76367,4.365585e-06
16679,35403,0.05803009
16680,70330,0.038067337
16681,105974,0.000107681735
16682,72780,0.08738392
16683,79092,0.00027988336
16684,58233,0.011097109
16685,16276,0.03767116
16686,28849,0.05803009
16687,32095,0.13457988
16688,99598,0.004544401
16689,3890,0.0017324629
16690,23598,0.04393397
16691,17810,0.01545187
16692,10544,0.0018298188
16693,87566,0.026963117
16694,56464,0.09822407
16695,72778,0.0013831174
16696,60591,0.002716312
16697,46205,0.00062368874
16698,50900,0.0059304535
16699,109385,0.04534585
16700,53272,0.11523532
16701,98128,8.002082e-07
16702,31344,7.1652794e-05
16703,38790,0.03442018
16704,73237,2.6524908e-06
16705,68479,0.09962154
16706,52068,2.7347173e-06
16707,108601,0.09020935
16708,106979,7.052868e-05
16709,105925,0.049283862
16710,82561,0.026181428
16711,50206,0.026181428
16712,24467,0.06064718
16713,112542,4.044812e-05
16714,22992,0.036391884
16715,31324,0.026181428
16716,95374,7.289077e-06
16717,17179,0.21004729
16718,99941,2.6172145e-06
16719,73740,0.011679627
16720,65350,3.3165697e-06
16721,32886,0.049283862
16722,113140,7.5719036e-06
16723,17776,0.02955809
16724,23510,0.14925276
16725,73097,1.3000841e-05
16726,56402,9.071983e-06
16727,66478,1.1228029e-06
16728,18398,1.1621066e-05
16729,99272,1.1646305e-05
16730,108287,3.6309586e-05
16731,107056,0.02210321
16732,3462,4.5574718e-05
16733,80016,8.875092e-05
16734,55427,0.071170345
16735,9164,0.00066892355
16736,99994,0.04929791
16737,14641,4.308318e-09
16738,53796,0.0023520163
16739,59782,2.2713406e-05
16740,29357,2.75207e-05
16741,66783,0.00025931865
16742,59133,0.052223112
16743,113093,0.08102648
16744,24061,1.9697277e-06
16745,59173,0.00037955405
16746,39083,0.013495838
16747,69667,0.02000054
16748,25454,0.06064718
16749,54167,0.0059590633
16750,21490,0.00599666
16751,55176,0.04393397
16752,67501,0.08738392
16753,65498,1.4374031e-05
16754,2438,7.0936244e-06
16755,99347,0.08124007
16756,77368,0.0463383
16757,59704,0.005275688
16758,65782,0.086699754
16759,90693,0.021672681
16760,56465,0.021830883
16761,30734,0.07840325
16762,28410,1.2105641e-05
16763,93730,0.021672681
16764,50664,2.2604561e-05
16765,860,0.031898722
16766,35453,0.00040381055
16767,34589,0.03767647
16768,101196,0.0011093123
16769,101611,0.07408704
16770,75065,0.0012888814
16771,98460,0.08737103
16772,6051,0.000388778
16773,88976,0.04393397
16774,59432,0.005874181
16775,100138,0.0363466
16776,10390,0.08864416
16777,82277,0.000128547
16778,92507,4.440565e-07
16779,107811,0.03819129
16780,82491,0.045353234
16781,16002,2.245168e-05
16782,2946,0.005888243
16783,9322,5.198867e-06
16784,39693,0.026142929
16785,53573,0.013776537
16786,1481,0.14169523
16787,77129,0.04432362
16788,80702,0.09320422
16789,55007,0.005287984
16790,60426,0.036731612
16791,46400,5.961242e-06
16792,54572,0.023820162
16793,60328,0.23973255
16794,53575,7.852547e-09
16795,16027,1.13093365e-05
16796,112201,0.00015119987
16797,32213,0.049283862
16798,115600,0.005841198
16799,29561,0.023820162
16800,82079,5.3205454e-06
16801,52203,6.742397e-06
16802,21926,0.023781514
16803,7136,0.0022158404
16804,107754,0.0053533465
16805,36740,0.0031419564
16806,40637,0.022792386
16807,25263,0.029797807
16808,107779,4.2361502e-05
16809,70376,0.021672681
16810,83556,0.014005615
16811,112936,0.023820162
16812,40360,0.017302139
16813,65305,3.9626793e-06
16814,25026,0.023781514
16815,57098,0.08738392
16816,16737,2.9553904e-09
16817,92704,0.08124007
16818,41248,0.015705625
16819,97077,0.10057983
16820,67419,0.00027019385
16821,67369,5.489974e-05
16822,187,2.5945674e-06
16823,39659,0.02927802
16824,104077,7.702902e-06
16825,41114,0.026142929
16826,112537,0.014761976
16827,17922,0.02616657
16828,72140,0.021710591
16829,77793,5.1555708e-05
16830,54189,0.017274432
16831,13756,0.034822382
16832,107386,0.08121795
16833,71024,6.4846085e-06
16834,22889,0.080349706
16835,67953,0.0051704235
16836,53792,0.0053558815
16837,17607,0.00023581297
16838,62576,1.0715445e-08
16839,38450,0.00056134287
16840,104789,0.09420895
16841,47130,0.07225981
16842,54402,0.038768277
16843,101367,0.005355378
16844,50820,0.026181428
16845,47899,9.979344e-06
16846,18916,0.052510794
16847,51280,1.1414853e-05
16848,18588,6.916488e-08
16849,106764,0.00011182122
16850,30937,0.11523345
16851,106082,0.0059379414
16852,54987,0.11065459
16853,103787,1.2761178e-06
16854,25543,0.04393397
16855,11761,0.00023412466
16856,108117,5.1760097e-05
16857,13226,9.5446085e-06
16858,57991,0.008498998
16859,23871,0.026142929
16860,6973,0.001711603
16861,90164,0.038768277
16862,4405,7.0642636e-05
16863,21569,0.023806605
16864,84313,0.005556081
16865,17463,0.00011011655
16866,6517,0.031745333
16867,80507,0.044319175
16868,69179,0.029797807
16869,110286,0.043854684
16870,38272,7.1356712e-06
16871,44896,5.3086518e-05
16872,58310,1.1671323e-05
16873,14056,0.12865111
16874,28930,0.026181428
16875,18421,0.01118921
16876,37926,5.961242e-06
16877,98491,1.8479654e-05
16878,83757,0.062131003
16879,28437,3.671211e-08
16880,44981,0.11457102
16881,66446,7.4609425e-06
16882,56937,0.07412055
16883,19880,0.075297765
16884,79823,0.09024858
16885,96277,0.0972324
16886,107265,0.022664648
16887,43992,0.0011302426
16888,42801,0.14560477
16889,26905,7.756419e-06
16890,59239,1.4722711e-08
16891,3378,0.0007593347
16892,33983,0.026181428
16893,28061,0.023820162
16894,85302,7.464942e-06
16895,26198,0.0059590633
16896,22966,4.568324e-05
16897,12941,0.00032740444
16898,13986,0.023172531
16899,67715,0.11930205
16900,109328,0.002659133
16901,103543,0.100557424
16902,61762,2.3692357e-05
16903,27611,0.021306146
16904,38793,0.056719538
16905,76072,0.00051832054
16906,44781,5.54178e-09
16907,10080,0.08731945
16908,8336,0.00032520725
16909,100099,7.646927e-05
16910,24964,0.099611595
16911,52709,0.033284225
16912,79361,0.010650898
16913,100005,0.00058063323
16914,34358,1.0891739e-05
16915,108749,0.0004893897
16916,57630,0.00014650977
16917,46087,0.02728844
16918,34663,0.00040381055
16919,94783,0.0053558815
16920,47279,0.01045819
16921,99905,0.04929791
16922,47079,0.021679174
16923,18547,6.3040447e-06
16924,85547,0.014005615
16925,18208,4.1322153e-05
16926,68581,0.038751595
16927,934,0.18276013
16928,108660,0.02277482
16929,59574,0.026181428
16930,61621,0.14258887
16931,72058,1.0010971e-08
16932,33275,0.023820162
16933,747,0.0023912862
16934,114481,0.026181428
16935,37909,0.049336616
16936,103917,2.5947902e-05
16937,93307,0.07412055
16938,31508,0.05803009
16939,90381,5.7822774e-07
16940,54450,0.021710591
16941,75924,0.08738392
16942,40007,0.09962154
16943,90901,3.1879194e-05
16944,105256,0.072241016
16945,78160,0.0021372754
16946,41128,0.0031419564
16947,804,0.049447946
16948,87768,6.961958e-07
16949,107074,0.0059341174
16950,64467,0.00025245955
16951,106400,6.7253825e-09
16952,99945,0.0069217016
16953,46529,3.9203973e-09
16954,14882,0.08892729
16955,14870,0.05842496
16956,8476,0.00022745221
16957,89561,0.02377865
16958,107684,0.0001245348
16959,77635,0.021672681
16960,57933,0.0028242425
16961,15560,0.0005678391
16962,90345,2.9117546e-06
16963,13390,0.023812074
16964,61178,0.061425816
16965,69012,3.9626793e-06
16966,8771,0.00014572204
16967,33134,0.026181428
16968,97520,0.022900727
16969,2937,9.401502e-06
16970,41394,0.025720535
16971,44218,0.026181428
16972,68551,0.004544401
16973,35537,0.010924481
16974,49575,5.1251045e-06
16975,102980,7.2991143e-06
16976,64694,0.005937719
16977,56884,0.019846259
16978,108555,3.0815507e-05
16979,54688,0.054022547
16980,57730,2.6134703e-05
16981,66888,0.02377865
16982,21753,3.348149e-05
16983,12064,3.9698436e-05
16984,68313,0.04393397
16985,63083,5.5396335e-06
16986,77324,0.049336616
16987,89807,4.1433905e-05
16988,50458,0.049336616
16989,50780,5.961242e-06
16990,96447,0.016967628
16991,6196,0.00054729456
16992,100725,0.082365364
16993,11207,8.145685e-05
16994,22648,0.03758484
16995,42021,1.7758066e-05
16996,196,0.0002613445
16997,98231,0.0053558815
16998,73340,0.07412055
16999,60978,0.13785324
17000,10461,0.08731945
17001,95822,0.038751595
17002,59051,0.00037650776
17003,52935,0.0069630705
17004,23933,0.001137494
17005,21509,0.00015185453
17006,42773,0.017274432
17007,6122,2.9436903e-06
17008,68622,0.038751595
17009,109340,0.047960825
17010,63454,0.00044660878
17011,3265,0.15464818
17012,12774,3.8905688e-05
17013,113539,0.06384397
17014,110089,4.0275177e-07
17015,30201,0.09669684
17016,32134,0.023820162
17017,36948,0.056719538
17018,80398,2.5996349e-05
17019,7371,0.046310052
17020,110135,0.028046679
17021,33361,0.00010024728
17022,94526,3.2438754e-06
17023,16379,9.569263e-06
17024,71087,1.8656567e-05
17025,115877,0.04664809
17026,25699,0.049310457
17027,104877,0.05535355
17028,77143,0.00011590564
17029,32682,0.037904825
17030,7441,8.514051e-06
17031,38207,0.60890335
17032,56166,1.2486912e-06
17033,40406,0.05803009
17034,63732,0.00018917641
17035,71219,0.10453837
17036,65629,1.7547465e-05
17037,97241,0.010650898
17038,43856,2.2307047e-05
17039,108954,0.0052626817
17040,22730,0.00018938957
17041,90767,0.021672681
17042,59584,0.13073318
17043,2115,7.702792e-06
17044,99757,3.183197e-06
17045,68408,0.026135925
17046,33482,0.029797807
17047,52967,0.038768277
17048,15307,2.8936041e-05
17049,30981,1.690289e-06
17050,103113,0.046606004
17051,37381,0.0034185948
17052,13386,6.0622997e-06
17053,64556,4.4406593e-06
17054,3297,0.046551578
17055,61736,0.08738392
17056,56951,9.071983e-06
17057,76341,0.00729631
17058,35465,0.0007974633
17059,52619,0.00083770516
17060,90218,2.5896504e-06
17061,20086,3.6050598e-09
17062,100139,8.002082e-07
17063,46366,0.024935337
17064,19741,0.0018787088
17065,19079,0.02616657
17066,103064,0.021065777
17067,25006,1.9950583e-05
17068,83461,0.017452875
17069,41268,0.006436416
17070,35462,0.011097109
17071,64012,4.586242e-05
17072,12420,1.1255721e-05
17073,92356,0.104524136
17074,31824,0.00014654206
17075,2079,0.03274969
17076,48758,0.5024314
17077,104679,0.039174963
17078,51740,1.9763773e-05
17079,70762,7.603279e-06
17080,18049,0.0130269565
17081,15192,0.012824781
17082,115980,0.08734493
17083,47820,2.62419e-06
17084,30861,0.023820162
17085,34248,0.005562384
17086,31189,0.00926755
17087,108174,0.011088824
17088,41953,0.16894756
17089,112998,0.0053533465
17090,52206,0.021710591
17091,62152,0.021679174
17092,103715,0.08734493
17093,28891,0.007572133
17094,40940,0.029797807
17095,6945,0.0051689716
17096,76547,5.0145684e-07
17097,68393,0.021672681
17098,77927,4.391198e-05
17099,81819,0.004544401
17100,55261,0.038768277
17101,110048,0.0053533465
17102,5112,0.00028619354
17103,72289,1.3614102e-08
17104,88258,1.0052473e-08
17105,35953,0.010079938
17106,51211,0.03185956
17107,88541,0.005273019
17108,51142,0.04393397
17109,33043,8.9642395e-05
17110,99392,5.3646067e-06
17111,23001,4.8008324e-06
17112,65885,2.0782913e-05
17113,21691,0.00042610182
17114,62328,0.0022984236
17115,82242,1.2752257e-07
17116,53367,0.03767647
17117,104799,0.08558676
17118,23285,0.049336616
17119,58267,0.004544401
17120,19068,5.961242e-06
17121,97447,0.062256794
17122,16099,2.3807527e-06
17123,101152,0.005937719
17124,111430,2.4879218e-05
17125,75303,0.042505115
17126,56741,0.004544401
17127,3563,4.8880855e-05
17128,61308,0.09024858
17129,38076,4.533597e-06
17130,17761,0.0045622033
17131,27091,2.93523e-06
17132,35421,0.00041690003
17133,6570,2.3941975e-06
17134,328,1.4733318e-05
17135,63726,1.23053305e-05
17136,74872,0.005937719
17137,49338,2.709301e-06
17138,91446,9.671452e-11
17139,72662,0.013495838
17140,84285,0.0053558815
17141,15306,9.706076e-07
17142,40104,8.12509e-07
17143,42402,0.007572133
17144,69134,0.07009033
17145,80201,0.09422598
17146,111873,0.0006441867
17147,10226,0.00015356137
17148,42862,0.0002096273
17149,70903,0.002712891
17150,71083,0.08738392
17151,84353,0.0053558815
17152,70339,0.09422598
17153,30880,0.03767647
17154,47739,0.056719538
17155,85770,2.5838262e-06
17156,103725,7.849158e-06
17157,7259,0.0008595871
17158,75268,1.8603943e-05
17159,73106,0.0133647015
17160,13571,0.026173297
17161,87920,0.08738392
17162,24748,1.9697277e-06
17163,20603,8.434712e-05
17164,6149,0.08731945
17165,32834,1.647489e-05
17166,3049,1.609562e-05
17167,99529,0.05671502
17168,83503,0.026135925
17169,32702,0.080349706
17170,36751,1.1301412e-05
17171,49966,0.07753072
17172,9370,0.00025502805
17173,95849,2.3684154e-06
17174,7817,0.09960311
17175,61857,0.0065763663
17176,34987,0.026181428
17177,27738,1.0962945e-05
17178,65652,0.0022978769
17179,10363,0.031894423
17180,87173,5.489974e-05
17181,87638,0.026135925
17182,39518,1.3917125e-07
17183,8141,3.61828e-05
17184,16155,7.608349e-06
17185,53467,0.005531024
17186,64606,0.0022984236
17187,71986,0.0072286734
17188,61618,0.021679174
17189,91290,0.026135925
17190,64521,0.01333251
17191,59825,1.8064469e-06
17192,61442,5.611916e-05
17193,81093,0.010108164
17194,94371,0.021710591
17195,75338,4.692686e-06
17196,75084,7.131283e-06
17197,71604,4.026693e-05
17198,48634,7.633239e-08
17199,26002,0.017561007
17200,54880,0.04432362
17201,77393,2.746022e-05
17202,21950,0.02252195
17203,50184,0.06233456
17204,61380,0.04393397
17205,10995,1.4584353e-05
17206,57661,0.021710591
17207,41366,3.1193937e-05
17208,25426,3.9340957e-06
17209,112666,8.306361e-06
17210,106174,0.0001237679
17211,6853,3.7005561e-06
17212,47293,0.026142929
17213,43858,0.005978615
17214,12379,0.027779121
17215,91047,0.026963117
17216,54476,0.026181428
17217,114701,0.0009802021
17218,75319,0.0022968461
17219,62175,0.020493431
17220,78755,0.026181428
17221,20152,0.098648354
17222,68494,0.026135925
17223,8049,0.27084234
17224,32212,3.1940996e-05
17225,69265,2.6174441e-06
17226,86373,0.039096594
17227,72039,0.08238045
17228,45365,0.036700565
17229,40685,0.0036979828
17230,24845,0.0059472816
17231,51552,2.279443e-05
17232,101464,0.004544401
17233,63036,0.026143705
17234,59726,0.09422598
17235,89513,0.08738392
17236,22285,5.961242e-06
17237,12210,0.0004032297
17238,16128,8.38847e-05
17239,31825,0.053443428
17240,106340,0.02613434
17241,40027,0.080349706
17242,96696,0.02377865
17243,58737,9.874691e-05
17244,58004,0.11345961
17245,40596,0.00023870643
17246,42611,0.0021636249
17247,100726,0.004544401
17248,97745,0.09626535
17249,30288,0.0055257264
17250,63741,3.9626793e-06
17251,53791,0.004544401
17252,73211,0.056715835
17253,19189,5.595254e-10
17254,1560,0.046564896
17255,29036,2.62419e-06
17256,44216,0.021710591
17257,70167,0.0065763663
17258,80926,1.26052155e-05
17259,23079,6.9772714e-06
17260,82364,0.000121982746
17261,50939,0.0059590633
17262,26738,0.05184182
17263,53152,1.1714712e-05
17264,31877,1.7564527e-06
17265,106522,0.017559148
17266,108053,0.00208229
17267,19425,0.0024816769
17268,49475,0.02468026
17269,4347,0.0007329125
17270,78771,0.00019180641
17271,64030,0.0069628158
17272,13410,1.6900853e-05
17273,38918,0.023781514
17274,25344,0.0059187314
17275,52928,0.002712891
17276,53323,0.0059187314
17277,103195,3.3809188e-06
17278,111340,0.05671502
17279,93858,1.8860027e-07
17280,95643,0.0047511463
17281,30715,0.0014660436
17282,30651,0.026181428
17283,100952,2.6076374e-05
17284,23858,0.026142929
17285,66657,2.1120586e-06
17286,62560,0.02616657
17287,88438,5.1594565e-05
17288,96556,1.12413524e-07
17289,23316,0.020080255
17290,32582,0.049283862
17291,108914,0.006397683
17292,111209,0.043854684
17293,9006,0.0009791105
17294,4738,0.08731945
17295,115919,0.039096378
17296,30322,4.601913e-06
17297,89741,0.08738392
17298,13487,3.7105798e-05
17299,45210,0.0050122146
17300,98098,0.021672681
17301,57771,0.049336616
17302,43908,0.056719538
17303,28018,0.0007597861
17304,46784,0.023781514
17305,5717,0.040336393
17306,86355,0.049336616
17307,65499,0.00011590564
17308,87848,0.0058861505
17309,72021,1.8656567e-05
17310,38810,0.025244145
17311,12436,0.09320422
17312,86041,0.0972324
17313,33602,0.018664291
17314,97709,0.007906993
17315,19154,0.10823642
17316,51680,0.0022939437
17317,33243,2.0521484e-05
17318,107301,0.050726887
17319,94458,0.026181428
17320,18733,9.5523974e-05
17321,83859,2.3433003e-08
17322,51396,0.011437419
17323,113503,0.005226399
17324,25599,1.950532e-05
17325,106934,6.7855806e-05
17326,43156,1.308314e-05
17327,54458,9.070296e-05
17328,32067,0.026181428
17329,64601,1.0513567e-07
17330,78810,0.026181428
17331,26172,0.1162526
17332,101947,8.916332e-06
17333,21766,0.026142929
17334,74288,0.00025117074
17335,114143,0.002712891
17336,99406,0.02613434
17337,33963,3.2671949e-06
17338,96868,0.022900727
17339,31756,0.021679174
17340,5611,0.00019006705
17341,63341,0.02616657
17342,102502,0.0016963369
17343,94264,0.008103337
17344,5398,0.003620531
17345,63521,0.00026901605
17346,20297,0.022951873
17347,66066,2.9232988e-06
17348,26569,1.558876e-05
17349,15446,7.001931e-05
17350,78455,0.021830883
17351,100175,0.0065249316
17352,80546,3.4595735e-06
17353,18725,1.0891739e-05
17354,105885,3.6309586e-05
17355,48224,0.049336616
17356,6143,0.00042363815
17357,49291,0.008465621
17358,41303,7.4712305e-05
17359,113251,0.42163402
17360,64216,0.01554043
17361,62218,3.0633125e-06
17362,58411,0.09962154
17363,52791,1.0922716e-05
17364,14143,9.44157e-05
17365,49122,1.2720129e-05
17366,100441,0.005275688
17367,10606,3.619574e-05
17368,91694,0.08738392
17369,78769,7.3429746e-06
17370,16286,0.16894756
17371,98285,1.8592998e-05
17372,87297,0.002712891
17373,5908,0.0075750686
17374,4334,0.049447946
17375,106014,3.6309586e-05
17376,24450,8.2948456e-05
17377,47073,0.00025280472
17378,77155,0.0013613325
17379,91854,0.021672681
17380,113146,0.03767647
17381,89217,0.08131125
17382,47184,0.023781514
17383,43261,1.8912879e-05
17384,48432,0.056715835
17385,73573,0.003139669
17386,47662,1.17948075e-05
17387,3593,0.10339549
17388,66663,0.0022984236
17389,25080,6.3335724e-06
17390,96315,0.00010745362
17391,104812,0.016521102
17392,81870,0.012023421
17393,6835,5.8372175e-06
17394,18073,0.05842496
17395,19658,1.4325368e-05
17396,62164,0.009386319
17397,4127,0.049447946
17398,85663,0.071170345
17399,37666,3.6756745e-07
17400,57743,0.0053686937
17401,64236,0.00025245955
17402,50386,0.04699515
17403,81321,0.005273149
17404,18440,2.0521484e-05
17405,90007,0.00016640364
17406,54158,0.008468298
17407,23817,0.0008263946
17408,9675,5.4851178e-05
17409,21156,0.012290965
17410,61866,0.0021636249
17411,46984,0.029797807
17412,39439,0.026142929
17413,97361,0.0001777158
17414,11743,0.020604797
17415,103174,0.020563647
17416,98190,0.00015119987
17417,26998,0.08940327
17418,90579,0.04929791
17419,91827,0.017577838
17420,81695,0.006100282
17421,2867,0.10339549
17422,35250,0.023820162
17423,11547,0.0002930776
17424,33390,3.9890615e-06
17425,68583,0.08738392
17426,48488,0.021065777
17427,93040,0.004544401
17428,35020,0.049336616
17429,68184,9.346122e-06
17430,16004,2.3151108e-05
17431,99571,1.8655268e-05
17432,46273,0.056719538
17433,3116,0.038565822
17434,20224,0.00016106208
17435,38440,3.3147285e-15
17436,28449,0.026181428
17437,101292,6.125944e-06
17438,6680,0.00015560028
17439,54443,0.008498998
17440,18168,8.667711e-06
17441,38004,0.0001820688
17442,80660,0.002712891
17443,7303,0.04743489
17444,19932,0.0842395
17445,4279,0.00051189744
17446,109917,0.016802087
17447,28225,1.2810571e-07
17448,11046,0.003935441
17449,108454,0.05671502
17450,96641,0.02377865
17451,21076,0.020949733
17452,14020,1.082722e-05
17453,72747,3.5252015e-05
17454,84393,0.023820162
17455,114383,0.049283862
17456,109808,0.0018759205
17457,106294,0.0001609471
17458,51964,7.677402e-06
17459,95551,0.0025055918
17460,36653,0.0137391025
17461,73723,0.00085745286
17462,102783,0.09024858
17463,104856,2.840666e-08
17464,81204,0.0069217016
17465,111061,0.12165344
17466,99125,0.02613434
17467,63429,0.14035119
17468,2686,0.0011282664
17469,91566,2.606285e-05
17470,11009,0.00019799666
17471,90293,0.07412055
17472,86070,0.03804659
17473,59517,0.0022984236
17474,9391,0.08731945
17475,49564,0.026181428
17476,74489,0.09962154
17477,70361,3.2817454e-05
17478,96707,0.004544401
17479,82983,3.8131404e-06
17480,60929,0.056739822
17481,18866,5.1610015e-05
17482,15130,0.013776537
17483,28477,0.099611595
17484,104965,7.223043e-07
17485,73653,0.011088824
17486,5336,2.9581975e-06
17487,85401,1.4670914e-07
17488,100468,0.12530005
17489,46440,5.961242e-06
17490,103114,1.3098997e-08
17491,92961,2.606285e-05
17492,63486,3.0355864e-08
17493,102699,0.022900727
17494,84260,0.08738392
17495,30611,0.0025633897
17496,33337,0.013776537
17497,17584,0.10819401
17498,73101,0.1162526
17499,67256,0.120403334
17500,97777,0.04431442
17501,67188,0.026135925
17502,38476,5.906892e-06
17503,90470,0.012102011
17504,103857,0.08734493
17505,106471,0.094229415
17506,6103,0.00024018304
17507,56553,0.020780627
17508,40795,0.00092367776
17509,97673,0.004544401
17510,56346,0.1138376
17511,33220,0.03767647
17512,64958,1.4795427e-05
17513,271,0.07932703
17514,43175,0.0025800634
17515,17828,7.96115e-05
17516,5807,0.15855291
17517,76239,0.049336616
17518,84728,0.002712891
17519,75700,0.07412055
17520,59581,5.3086518e-05
17521,28982,0.04393397
17522,50541,8.1145416e-05
17523,59322,5.3673443e-09
17524,88672,5.4769156e-08
17525,91906,5.5396335e-06
17526,99074,0.02277482
17527,99427,0.07408704
17528,9407,6.504938e-05
17529,58681,0.02864969
17530,14689,0.22693276
17531,38854,1.950532e-05
17532,20658,0.09091541
17533,109665,0.07408704
17534,54154,0.062948346
17535,55792,0.020780627
17536,113908,0.0065635554
17537,67538,0.012304425
17538,1307,0.049447946
17539,102456,0.038751595
17540,68815,0.09320422
17541,62526,0.023785751
17542,79157,1.8314646e-05
17543,46828,0.005888243
17544,27490,5.174338e-06
17545,63892,0.00025245955
17546,36204,8.113872e-10
17547,78113,7.0423506e-05
17548,13372,4.7756595e-05
17549,19153,0.020810252
17550,20777,6.1277414e-11
17551,13474,0.020604797
17552,96596,0.003111155
17553,77531,0.00034236116
17554,16221,0.0022818542
17555,90488,0.038751595
17556,86391,0.021830883
17557,13549,0.098173305
17558,39627,0.047045927
17559,3427,0.013649445
17560,3591,0.00035593894
17561,80274,0.049336616
17562,35548,0.00040437703
17563,49504,7.441828e-05
17564,22910,9.616401e-05
17565,113886,8.409578e-08
17566,27878,0.0059590633
17567,113363,0.11938822
17568,61239,0.049336616
17569,62923,0.08131125
17570,113315,0.0053533465
17571,19227,0.0006248305
17572,105821,0.09420895
17573,64867,9.9896e-06
17574,61790,8.2263694e-05
17575,81745,0.00081431854
17576,64161,2.2624987e-05
17577,65121,0.02658666
17578,70404,0.02377865
17579,91311,0.036868095
17580,40737,0.006471508
17581,33165,3.3231997e-06
17582,65501,0.005874181
17583,67273,0.026135925
17584,24221,1.3801722e-05
17585,34066,0.00012566482
17586,18907,0.03758484
17587,69492,0.017452875
17588,59030,0.030108871
17589,28926,0.034342896
17590,111049,0.12690915
17591,20629,6.5683357e-09
17592,69920,0.0003268163
17593,62050,0.049336616
17594,100571,0.070072025
17595,583,0.00024916814
17596,4276,0.0022147263
17597,31876,0.09960151
17598,64331,0.005937719
17599,73163,2.8078848e-06
17600,26730,0.021679174
17601,43512,0.037661344
17602,110177,0.00070095056
17603,7851,0.00014451085
17604,23355,0.080349706
17605,63749,5.1345225e-05
17606,98433,0.104524136
17607,56782,0.0005087873
17608,86915,2.0782913e-05
17609,105185,7.70285e-06
17610,33933,0.0005895638
17611,56333,0.05315191
17612,3070,0.00019693963
17613,27228,5.5233933e-05
17614,60483,0.08738392
17615,96320,0.043910734
17616,57749,0.0010908258
17617,101056,0.011679627
17618,10625,0.03274922
17619,72111,0.0053558815
17620,107144,0.01315603
17621,37862,6.579534e-05
17622,1231,0.0004702225
17623,8154,5.1110048e-05
17624,13049,0.017302154
17625,49904,6.1525085e-08
17626,28211,0.045339257
17627,53092,0.000100629426
17628,102694,6.864987e-07
17629,107763,0.002712891
17630,82152,0.00014199033
17631,113754,0.0093450425
17632,66993,0.09024858
17633,13615,0.09320422
17634,24267,0.029797807
17635,69148,0.00026861957
17636,73510,3.3734843e-05
17637,32374,0.016294818
17638,90936,0.03308177
17639,86852,3.259424e-06
17640,89249,0.005273019
17641,93828,0.088920005
17642,87723,0.00047462867
17643,102287,0.04539426
17644,98430,0.02613434
17645,112030,0.057988025
17646,51575,0.08785204
17647,89406,1.6603944e-05
17648,88666,0.0025275287
17649,72053,0.0023059489
17650,112808,3.4266235e-05
17651,106930,0.05671502
17652,67104,0.034249127
17653,93711,0.04929791
17654,38845,4.4004202e-05
17655,97821,2.1710168e-05
17656,15537,6.560156e-05
17657,8224,0.08731945
17658,98454,0.02613434
17659,15071,0.049336616
17660,36802,0.005888243
17661,49584,0.02544355
17662,105100,0.023801154
17663,102506,0.020977527
17664,40170,0.09962154
17665,59249,0.005275688
17666,99409,0.11376301
17667,76001,0.058013294
17668,71317,0.08738392
17669,42944,1.9612763e-07
17670,29677,0.026181428
17671,73901,0.04539426
17672,7402,3.0382507e-06
17673,83693,0.004465827
17674,11623,0.017267156
17675,72450,0.049336616
17676,56758,0.026963117
17677,30327,1.0102987e-05
17678,53097,9.028501e-06
17679,15291,5.6455374e-06
17680,93402,0.038751595
17681,58620,3.1559591e-06
17682,69902,0.0053558815
17683,74549,0.00018825298
17684,22277,0.0016859873
17685,77229,5.5396335e-06
17686,71967,0.021065777
17687,43228,0.049310457
17688,14999,0.005888243
17689,36712,0.008851278
17690,107216,0.0053533465
17691,5685,0.09960311
17692,95196,5.5396335e-06
17693,27496,1.1059228e-05
17694,98123,0.12652028
17695,58898,0.08738392
17696,75127,1.4327048e-05
17697,16911,4.3712105e-05
17698,98028,2.7120026e-07
17699,76164,0.058013294
17700,33377,0.026963117
17701,114527,0.00024132343
17702,34462,5.4406775e-07
17703,76717,0.026135925
17704,86950,0.0053558815
17705,86910,0.02377865
17706,112549,0.08734493
17707,64809,0.0029608617
17708,45772,0.00068619533
17709,108996,6.6800996e-09
17710,56169,0.024480496
17711,76041,0.005273149
17712,62861,0.00034236116
17713,12265,0.00010164379
17714,65029,0.04751189
17715,69409,0.08738392
17716,106806,0.11376301
17717,75197,5.647557e-06
17718,17220,0.0001385349
17719,28686,8.091546e-05
17720,89205,3.6698398e-06
17721,70805,0.08738392
17722,73990,0.09962154
17723,92931,0.0069630705
17724,115858,0.021014638
17725,23301,0.0036918093
17726,32991,0.029942963
17727,5389,0.15469432
17728,55807,0.038295813
17729,47562,0.020493431
17730,102731,9.071983e-06
17731,95694,1.2996415e-05
17732,21853,0.010493486
17733,54243,0.14925276
17734,113803,0.03683928
17735,42666,5.312696e-06
17736,60887,0.05315191
17737,52578,0.0053558815
17738,36250,2.0914413e-05
17739,33087,0.0005176434
17740,97368,0.012286764
17741,17931,0.0110890055
17742,88072,0.012102011
17743,41325,0.09962154
17744,45620,0.09320422
17745,15159,0.06657476
17746,679,9.568651e-06
17747,42609,0.1505082
17748,103374,0.011679627
17749,70068,0.07412055
17750,56507,0.012102011
17751,74888,0.020493431
17752,766,9.38254e-05
17753,30748,0.00081595633
17754,100613,0.09020935
17755,77945,3.6229812e-06
17756,31522,0.080349706
17757,72906,0.056715835
17758,28089,0.010108164
17759,57282,4.5755703e-05
17760,95864,2.6172145e-06
17761,19638,0.0213147
17762,2442,0.049451713
17763,34684,2.41784e-07
17764,75481,0.00729631
17765,46739,1.3472448e-05
17766,98794,0.24963516
17767,62414,0.02616657
17768,33975,0.021710591
17769,54485,1.7777129e-05
17770,88678,0.08315866
17771,70784,0.026135925
17772,63104,0.036491334
17773,77301,8.3660916e-07
17774,113914,0.37429652
17775,62093,0.0053558815
17776,97715,1.4801706e-05
17777,84872,0.009386319
17778,106080,7.496503e-06
17779,23689,1.5464897e-05
17780,60878,0.29680595
17781,74712,0.17666565
17782,91016,0.026135925
17783,57567,4.3890795e-05
17784,11115,5.4851178e-05
17785,54270,7.708376e-06
17786,98269,0.0028346018
17787,89523,0.1138376
17788,99459,6.5049135e-05
17789,112602,5.9984876e-07
17790,90885,0.0031419564
17791,37299,0.056739822
17792,86930,0.0053558815
17793,62000,0.08738392
17794,107843,0.043854684
17795,110823,0.02613434
17796,25821,0.00029702985
17797,34184,0.034503106
17798,63802,3.029146e-05
17799,82967,0.08131125
17800,3247,0.27913368
17801,107869,0.002712891
17802,44482,2.3519453e-07
17803,49819,5.961242e-06
17804,25043,4.4158094e-07
17805,99798,0.00048304905
17806,40305,0.056719538
17807,2883,0.0027910594
17808,85764,0.005555831
17809,96270,0.002712891
17810,24971,0.026142929
17811,67243,0.0037476576
17812,93646,0.008100467
17813,102062,2.6524908e-06
17814,101156,8.438799e-06
17815,67861,0.04393397
17816,51471,0.04539426
17817,9096,0.049447946
17818,55028,0.021710591
17819,70094,0.0001893428
17820,30098,0.00024092822
17821,73368,0.0008467299
17822,35155,7.702792e-06
17823,99591,0.024704296
17824,35027,0.0023059489
17825,8461,0.00039866223
17826,65164,6.8214904e-06
17827,27876,0.021679174
17828,9981,0.09960311
17829,6682,0.00019053282
17830,111000,0.00043446606
17831,73817,0.049336616
17832,109815,1.9136226e-06
17833,11055,2.8123146e-05
17834,46695,0.003132664
17835,75746,0.049336616
17836,18813,3.9877945e-05
17837,55616,0.023785751
17838,19700,4.6790577e-05
17839,20930,0.02616657
17840,55404,0.0064350194
17841,70355,0.113523215
17842,51822,2.62419e-06
17843,58947,0.04393397
17844,45671,0.021679174
17845,15676,0.0003850306
17846,28203,4.17995e-05
17847,31617,0.0038709352
17848,59753,0.0022984236
17849,28608,0.022885619
17850,93936,3.445478e-06
17851,101224,7.3926145e-05
17852,35657,0.010418018
17853,77998,0.04393397
17854,88635,0.15621154
17855,45401,0.0067664944
17856,43050,0.010132889
17857,39065,0.021830883
17858,12056,0.05673552
17859,41771,2.4918967e-05
17860,12,1.1382178e-06
17861,27815,0.020493431
17862,64457,3.441566e-07
17863,16115,1.1382178e-06
17864,87425,0.002712891
17865,81286,0.0053558815
17866,8697,0.00015936697
17867,83871,1.1618166e-06
17868,70274,0.049336616
17869,56445,0.011097109
17870,109057,0.0005509284
17871,61683,0.004544401
17872,18893,5.3052558e-05
17873,68842,0.02377865
17874,8834,0.090992585
17875,19152,1.3253245e-07
17876,91302,0.057988025
17877,77569,0.0050205356
17878,85705,4.3271157e-06
17879,99420,0.057988025
17880,102684,0.04539426
17881,90391,0.02377865
17882,71781,0.08738392
17883,43281,0.007960195
17884,24711,0.079933606
17885,75180,0.005937719
17886,11196,0.00037040585
17887,99047,0.012030361
17888,83571,0.0022179107
17889,70091,0.038067337
17890,95208,1.1230578e-06
17891,50806,0.0107475715
17892,35078,0.056739822
17893,56028,0.026181428
17894,105108,0.0022936142
17895,5379,0.0746777
17896,83023,0.021672681
17897,97995,0.020770412
17898,99497,6.119696e-06
17899,108733,0.0052626817
17900,51907,0.005299632
17901,5930,0.00015560028
17902,6832,0.005135054
17903,58409,0.053443428
17904,6434,1.4072242e-05
17905,34562,6.49029e-05
17906,110278,0.021672681
17907,11003,0.03274922
17908,1735,0.0009801316
17909,58116,4.5688004e-08
17910,30995,0.02468026
17911,19095,0.02169822
17912,37887,1.832285e-08
17913,12650,6.062924e-06
17914,63020,0.0003706289
17915,26278,0.026142929
17916,107286,0.07626605
17917,60600,0.093929775
17918,36205,5.5233933e-05
17919,48009,1.1615947e-05
17920,105601,0.02613434
17921,60896,1.0922497e-05
17922,24353,1.3472448e-05
17923,33878,0.0023129375
17924,12708,0.0022715838
17925,20057,0.018643433
17926,38467,1.9697277e-06
17927,8534,0.00024125233
17928,77548,0.00011967615
17929,73570,0.00030760726
17930,19362,7.227424e-06
17931,49551,0.049336616
17932,53948,0.0012640632
17933,56978,1.5630798e-05
17934,47057,0.021679174
17935,47974,0.0009662465
17936,9301,0.0010822358
17937,100045,0.010184126
17938,16982,0.14925276
17939,36037,0.027453968
17940,17809,0.00027635176
17941,27005,0.023820162
17942,111687,0.02613434
17943,49776,1.3472448e-05
17944,15801,6.0622997e-06
17945,77045,0.08473833
17946,11752,0.030405952
17947,3743,0.049451713
17948,58468,0.03791538
17949,50967,0.005531024
17950,15300,0.055101
17951,14000,0.03688575
17952,83498,0.050497808
17953,115155,0.038046364
17954,99981,0.0223023
17955,5616,0.06990568
17956,14756,8.4714685e-07
17957,37680,0.0027909968
17958,19268,0.19348894
17959,26384,0.00046825685
17960,93076,0.05671502
17961,79967,5.5396335e-06
17962,90211,0.04929791
17963,91642,0.012030361
17964,103287,8.3880956e-08
17965,34439,0.00049475697
17966,110375,0.0144524835
17967,106033,0.006100282
17968,100790,0.09422034
17969,113997,0.00023849167
17970,39752,0.021679174
17971,39720,0.021679174
17972,214,7.6560576e-07
17973,55373,7.4970108e-06
17974,100524,0.04929791
17975,8337,0.03172145
17976,40529,0.036103185
17977,43431,0.037661344
17978,96663,0.012102011
17979,24591,1.4278459e-07
17980,11941,0.021153634
17981,57887,0.029797807
17982,44679,1.4133584e-05
17983,10778,7.086261e-06
17984,77370,0.008518751
17985,36145,0.049336616
17986,47046,1.9697277e-06
17987,91995,0.0114241
17988,12792,0.00030165567
17989,3046,0.054678805
17990,47926,0.045339257
17991,55259,0.04393397
17992,11226,0.049447946
17993,41596,5.959633e-06
17994,12166,0.021153634
17995,64788,1.1627628e-05
17996,83060,0.06211413
17997,59284,1.38682e-06
17998,7289,8.987336e-06
17999,49611,0.09320422
18000,20566,0.15710871
18001,57049,0.023820162
18002,81217,2.796373e-05
18003,33504,0.049283862
18004,20616,0.03755829
18005,76057,0.0020081315
18006,62122,0.16895886
18007,54190,1.4143292e-05
18008,46331,0.0023352392
18009,81717,0.038768277
18010,8844,0.014447276
18011,92847,0.026888968
18012,85801,0.056715835
18013,21416,0.00026059433
18014,26040,0.081315435
18015,92530,0.06463914
18016,57938,0.12041605
18017,99298,0.02325349
18018,65488,2.1822677e-06
18019,93360,0.07412055
18020,43100,0.011831615
18021,47067,1.0037346e-06
18022,1003,2.8835106e-07
18023,32623,0.007861927
18024,29789,0.020727588
18025,111645,0.1138376
18026,34044,0.31281838
18027,89630,0.08131125
18028,99019,7.3685296e-05
18029,19799,3.5573162e-08
18030,101605,0.08737103
18031,105053,0.0005683264
18032,65247,0.000499914
18033,78010,1.4874922e-05
18034,52336,1.0237287e-06
18035,46090,0.026142929
18036,19530,6.32997e-07
18037,60319,0.038768277
18038,25951,0.026142929
18039,81742,0.020436222
18040,67095,0.012030361
18041,105569,0.021801373
18042,48593,0.002862696
18043,57797,0.020493431
18044,94448,0.113523215
18045,40179,0.023781514
18046,46351,0.026142929
18047,31573,1.9697277e-06
18048,5578,0.00022406809
18049,86462,7.164933e-07
18050,82880,1.43221305e-05
18051,63503,0.016595326
18052,6204,0.0006349246
18053,30502,1.9947552e-07
18054,34873,3.149054e-08
18055,24878,0.021679174
18056,91959,0.00022738824
18057,96843,0.011088824
18058,54312,0.015931148
18059,55512,6.8740082e-06
18060,30086,0.026181428
18061,101009,0.09820678
18062,44508,0.029797807
18063,106518,0.00044933107
18064,19509,5.961242e-06
18065,91676,3.9747643e-05
18066,97713,2.0674857e-05
18067,88042,0.005273019
18068,105360,0.029864581
18069,75522,1.8603943e-05
18070,47741,0.045339257
18071,114474,0.00015926444
18072,1466,1.9697277e-06
18073,78299,0.07412055
18074,58532,0.0073035657
18075,6503,3.688414e-08
18076,43502,0.0005982821
18077,44340,0.099611595
18078,114125,0.00019304303
18079,4727,0.04250325
18080,17530,0.0016639314
18081,57465,0.0023059489
18082,27169,0.048697554
18083,23327,0.0024274762
18084,86861,1.43221305e-05
18085,48034,0.026181428
18086,1530,1.5732026e-05
18087,99301,8.268602e-05
18088,84799,0.037660237
18089,108282,0.006100282
18090,105460,0.0053533465
18091,39580,0.003907714
18092,21806,2.3811888e-06
18093,52039,0.00026833953
18094,59942,0.14214107
18095,14850,0.000179001
18096,66078,1.28315005e-05
18097,48654,0.0002028877
18098,12955,0.012584036
18099,13407,1.2944057e-05
18100,114375,0.057532605
18101,55899,0.07412055
18102,42599,0.035837706
18103,13138,0.004406453
18104,73932,0.0053558815
18105,60892,0.08738392
18106,42950,0.049310457
18107,59229,0.09822407
18108,101260,0.0023400756
18109,54331,0.034269795
18110,43460,0.021679174
18111,85122,0.09822407
18112,64883,0.0002671831
18113,78564,8.875608e-09
18114,62889,0.00031748335
18115,112630,2.4132095e-07
18116,79974,0.0025091663
18117,6232,0.00015999383
18118,103380,0.0005368863
18119,97206,0.0053558815
18120,40554,6.676097e-06
18121,67711,0.08238045
18122,102360,0.004544401
18123,16432,0.0050727325
18124,78686,0.026181428
18125,84328,0.03688575
18126,34399,0.022681452
18127,79561,0.002712891
18128,29995,0.011097109
18129,78870,7.4609425e-06
18130,41069,0.033063255
18131,23454,5.961242e-06
18132,57761,3.830577e-08
18133,96718,0.020436222
18134,28314,0.049310457
18135,61253,0.09024858
18136,11627,0.00013512632
18137,76083,0.0020081315
18138,56328,0.0001888585
18139,91647,0.056715835
18140,7740,1.4229389e-06
18141,81088,0.0022968461
18142,99982,3.2473265e-06
18143,66814,4.1347856e-05
18144,41328,0.011097109
18145,78819,0.21266392
18146,67441,8.753719e-09
18147,94978,0.07408704
18148,71702,4.2686246e-05
18149,68363,0.0068951114
18150,107767,0.004544401
18151,74821,6.119696e-06
18152,55472,0.013507568
18153,67561,0.00028557837
18154,18219,6.1285436e-06
18155,87251,0.02377865
18156,15889,0.0002580165
18157,108209,0.08734493
18158,3432,0.031894423
18159,48455,0.00051515544
18160,30492,0.049283862
18161,54521,0.081077695
18162,46890,0.021679174
18163,32389,0.026181428
18164,114787,0.00018274502
18165,83067,0.026135925
18166,82378,0.020493431
18167,107507,7.074221e-05
18168,97264,0.08737103
18169,33526,0.0010559477
18170,41392,0.013776537
18171,44318,0.0065763663
18172,48522,0.0055767614
18173,20169,4.287325e-06
18174,80401,0.021672681
18175,86718,0.1162526
18176,33981,0.017274432
18177,52189,0.010418018
18178,9876,1.3467021e-08
18179,8308,2.9508481e-05
18180,53398,1.9047269e-07
18181,15813,0.00021720554
18182,24617,0.10823642
18183,101782,5.7766945e-05
18184,33207,0.0047901636
18185,102489,0.00015773633
18186,60599,0.24963516
18187,43287,4.1431966e-05
18188,82584,2.550949e-06
18189,91752,0.022951873
18190,69660,0.0001793697
18191,36127,0.00028105834
18192,38268,0.005888243
18193,37405,0.005937719
18194,71121,0.05074714
18195,93246,3.421244e-07
18196,16051,1.13093365e-05
18197,25693,2.6472621e-06
18198,97877,0.006936145
18199,73677,0.00030760726
18200,14664,0.0020926662
18201,102758,0.0016923718
18202,22840,4.695503e-05
18203,109898,0.017933529
18204,55029,0.005287984
18205,115839,4.6619145e-05
18206,106703,0.0003153455
18207,84170,0.002712891
18208,93487,0.105041265
18209,75459,0.002712891
18210,81534,0.09962154
18211,75592,1.8845094e-05
18212,4156,0.040336393
18213,72834,0.0053558815
18214,66773,0.026963117
18215,67046,0.08022873
18216,68550,0.021231076
18217,27373,0.021679174
18218,1412,0.0003974951
18219,30753,0.005888243
18220,84323,0.0022984236
18221,69241,5.303683e-05
18222,100489,0.14214107
18223,6848,0.059661612
18224,99854,0.02377865
18225,66398,0.0022978769
18226,27603,0.16891932
18227,48614,0.04393397
18228,46097,8.336002e-09
18229,44656,0.08307399
18230,99117,0.02277482
18231,99521,0.072241016
18232,23420,7.09329e-05
18233,14932,0.0035121108
18234,44443,8.718915e-05
18235,78892,0.050497808
18236,80382,0.00019614393
18237,54600,0.09320422
18238,27776,0.07905242
18239,88644,0.0022984236
18240,112599,1.437211e-07
18241,87841,0.07412055
18242,50747,2.932479e-05
18243,67527,8.428425e-05
18244,33904,0.021710591
18245,44690,0.008488988
18246,66765,0.00028557837
18247,40206,4.8910493e-07
18248,22350,5.1746574e-05
18249,76258,6.410186e-06
18250,36442,0.010509218
18251,6063,0.00042425987
18252,107053,0.02613434
18253,29636,3.6269405e-05
18254,30789,0.00049805734
18255,101755,0.00012073907
18256,764,3.061895e-05
18257,17488,9.914413e-06
18258,51549,0.0008944852
18259,3870,0.08548715
18260,68205,0.005287984
18261,4200,4.9767663e-05
18262,61387,0.05803009
18263,7006,4.3672313e-05
18264,27388,0.097816624
18265,44636,6.488816e-06
18266,68860,0.0013122794
18267,54068,0.006100282
18268,12758,6.433414e-05
18269,33159,0.1162526
18270,16847,0.00014747394
18271,3343,0.09960311
18272,37077,0.038754445
18273,841,2.145276e-05
18274,89092,3.6502828e-05
18275,100781,0.09020935
18276,95778,0.010650898
18277,87261,0.02313974
18278,52653,0.00015783925
18279,103780,9.069025e-06
18280,13119,3.420696e-07
18281,83475,0.026135925
18282,55456,3.6259895e-05
18283,36002,0.04393397
18284,60315,0.09024858
18285,10692,0.014447276
18286,79564,0.006100282
18287,46720,0.0001396157
18288,45024,0.038754445
18289,35094,0.021710591
18290,33382,0.024926446
18291,29210,0.023820162
18292,43977,1.8768278e-05
18293,71383,0.021672681
18294,102101,0.021065777
18295,38415,0.035874978
18296,37712,0.026181428
18297,98745,0.00012864191
18298,20400,0.1712346
18299,4188,0.007652671
18300,80357,0.057988025
18301,104345,0.0005450906
18302,5737,0.0010964167
18303,110616,0.004707329
18304,54475,5.873246e-05
18305,17874,0.00014747394
18306,104128,0.09020935
18307,22401,1.0525741e-06
18308,74983,0.017265417
18309,47032,0.0023194642
18310,28549,0.08862705
18311,21547,5.3758577e-05
18312,43435,0.085608646
18313,57881,0.0013871077
18314,7473,0.0004254867
18315,80219,2.8097916e-10
18316,72324,0.026493507
18317,94261,0.023700159
18318,84857,3.052709e-06
18319,16685,0.011097109
18320,16814,0.00034805082
18321,35597,0.005299632
18322,5757,0.11202961
18323,63181,3.5183854e-07
18324,74396,0.010650898
18325,49456,0.02621972
18326,57822,0.09320422
18327,35846,0.03767647
18328,90899,0.008273526
18329,71223,0.021672681
18330,102559,0.07412055
18331,34635,0.049336616
18332,69448,1.4220789e-05
18333,13892,2.7106423e-06
18334,23520,4.3284228e-05
18335,84098,0.062948346
18336,84534,0.0002656618
18337,78414,2.2937372e-06
18338,104344,0.08131125
18339,71157,0.0053558815
18340,104610,0.09020935
18341,2276,0.049451713
18342,62075,0.09422598
18343,112353,9.6901626e-05
18344,74876,1.1627628e-05
18345,64576,0.005874181
18346,108744,0.004544401
18347,99045,1.7216871e-05
18348,58543,0.021710591
18349,69004,0.1162526
18350,9920,7.873424e-09
18351,52047,8.894642e-06
18352,96519,2.8937975e-05
18353,97184,0.08737103
18354,12790,0.00039044247
18355,79643,0.017340163
18356,103610,0.00020422845
18357,40397,0.00045766504
18358,4394,1.7726188e-05
18359,794,0.00018289268
18360,4140,6.794095e-05
18361,24653,0.026142929
18362,76426,2.1078592e-06
18363,6069,7.3101596e-08
18364,83615,4.5820957e-07
18365,39188,0.042505115
18366,24303,8.4258616e-05
18367,17052,0.19196197
18368,89926,2.5525112e-06
18369,44569,9.3175426e-05
18370,89110,3.259424e-06
18371,48595,0.11065459
18372,87180,0.01554043
18373,56389,0.06759764
18374,37640,0.0004148255
18375,12968,0.14169523
18376,98879,6.116236e-06
18377,10594,0.00891306
18378,4472,3.201104e-05
18379,106216,0.11376301
18380,87959,0.04534585
18381,16435,0.00026936972
18382,89308,0.012095702
18383,28767,0.005528397
18384,26765,6.709973e-05
18385,79482,0.058013294
18386,24846,0.0016859873
18387,105255,0.02927802
18388,70085,0.08736613
18389,106888,0.10823642
18390,81827,0.056715835
18391,59834,0.00022435134
18392,60634,0.026181428
18393,114512,0.02490803
18394,30571,0.00015467677
18395,94241,0.00012693151
18396,41563,7.042384e-06
18397,109695,0.02613434
18398,109608,0.013495838
18399,67180,0.0605479
18400,99783,0.020436222
18401,77163,0.0022984236
18402,114360,0.0022715793
18403,28150,7.191412e-07
18404,20663,0.0035121108
18405,72126,0.011679627
18406,113464,0.023820162
18407,81070,2.5996349e-05
18408,112126,0.087707445
18409,48700,1.3199552e-06
18410,107322,1.4048103e-06
18411,72473,0.0053558815
18412,72179,1.4220789e-05
18413,41600,0.00013079261
18414,7367,0.11202961
18415,95065,0.020436222
18416,9610,0.00014624612
18417,3740,0.048911873
18418,72593,0.026135925
18419,32602,0.00026980898
18420,36203,0.09962154
18421,34402,2.313679e-06
18422,16096,4.685832e-05
18423,45823,0.085608646
18424,36131,0.0136639085
18425,26877,0.00022598275
18426,51988,0.049336616
18427,12221,0.012824781
18428,80029,0.057532605
18429,13394,0.00026281102
18430,82808,0.09962154
18431,94358,0.04929791
18432,77198,0.0069630705
18433,26013,0.007203439
18434,53046,9.1830634e-07
18435,100711,0.005937719
18436,63842,9.049388e-06
18437,108659,0.0016231617
18438,105377,0.0018124992
18439,92971,0.026135925
18440,52510,0.0053558815
18441,64985,0.0022978769
18442,60576,1.9763773e-05
18443,32013,0.13732068
18444,103189,2.1323263e-05
18445,8289,0.0004989771
18446,223,8.1782e-06
18447,28969,6.1341177e-07
18448,29465,2.7649708e-05
18449,20095,0.04539426
18450,104711,0.09020935
18451,36973,2.6835119e-06
18452,99998,0.00014583505
18453,32232,0.012304425
18454,105421,0.020710865
18455,55788,1.0727531e-06
18456,104858,0.00041601475
18457,91231,0.021065777
18458,26446,0.018664291
18459,106246,0.019720268
18460,21786,0.008627053
18461,60519,0.006100282
18462,22667,1.1461583e-05
18463,37620,2.291083e-05
18464,13752,6.0622997e-06
18465,34145,1.9697277e-06
18466,82340,0.0022967674
18467,85077,0.026135925
18468,21109,0.07008775
18469,67364,0.0045348913
18470,102449,0.026963117
18471,43488,2.6184828e-06
18472,34352,0.04539426
18473,32624,4.22524e-08
18474,53678,0.09320422
18475,106249,9.33914e-05
18476,28701,0.020727588
18477,90825,3.0480856e-05
18478,11169,4.9152102e-05
18479,93543,5.5396335e-06
18480,34953,4.1548217e-05
18481,110906,1.038398e-05
18482,19060,0.04539426
18483,50570,0.080362685
18484,1755,1.3829984e-05
18485,70531,0.026135925
18486,47314,0.012269409
18487,103673,0.08557166
18488,107844,0.08734493
18489,83670,0.07626605
18490,96799,5.6606613e-09
18491,113563,0.00028703027
18492,28055,2.0441616e-05
18493,14192,0.04393397
18494,65330,1.5505197e-05
18495,104602,0.0053533465
18496,26330,6.709973e-05
18497,73425,0.07412055
18498,40426,3.4634218e-07
18499,67943,0.08738392
18500,36616,3.5252008e-06
18501,30489,0.056739822
18502,65941,2.245657e-07
18503,104469,1.4760378e-05
18504,43560,2.1030275e-05
18505,26560,8.653298e-05
18506,104674,0.003958087
18507,36782,1.2979481e-06
18508,101946,0.012023789
18509,94556,0.04539426
18510,111497,1.8004583e-06
18511,15112,1.082722e-05
18512,24678,1.5679498e-05
18513,23618,0.005888243
18514,102473,0.12332918
18515,8948,0.11202961
18516,114499,6.7158617e-06
18517,49651,2.291083e-05
18518,59139,7.702792e-06
18519,61934,0.021679174
18520,42924,0.023781514
18521,107313,0.07408704
18522,25406,0.04393397
18523,30569,0.04393397
18524,47284,0.06064718
18525,50344,4.099051e-05
18526,77193,0.0019827613
18527,107719,2.3781158e-06
18528,4642,0.040336393
18529,1969,0.08731945
18530,22678,6.233755e-05
18531,39769,6.9814563e-09
18532,107676,2.0429163e-05
18533,6947,0.08791231
18534,78539,0.010395636
18535,37146,0.026142929
18536,109989,0.0008337831
18537,74049,0.00021008712
18538,64876,5.069098e-07
18539,23569,0.023949258
18540,98535,0.08737103
18541,59741,0.021710591
18542,66085,5.697699e-07
18543,82252,0.005933206
18544,52166,0.0054223537
18545,19628,0.049336616
18546,70565,0.0008088745
18547,78541,0.000119036864
18548,21113,0.049336616
18549,17331,4.3016717e-06
18550,61911,4.077394e-08
18551,114714,2.8844536e-08
18552,50232,0.047529697
18553,104670,0.05315191
18554,111073,2.840666e-08
18555,43900,2.58886e-07
18556,55067,0.026203942
18557,7172,4.9152102e-05
18558,43497,0.02645617
18559,17216,9.786918e-10
18560,29021,1.4733318e-05
18561,7895,5.3810327e-05
18562,83784,0.021157557
18563,42895,2.2136327e-07
18564,8309,0.10402867
18565,7723,7.280729e-07
18566,20394,0.09320422
18567,50954,0.030943377
18568,81892,0.05132132
18569,20596,0.00023403026
18570,76806,0.051829085
18571,60858,0.0053558815
18572,77715,0.0031419564
18573,71227,0.0053558815
18574,35342,4.2587846e-05
18575,11441,0.03172145
18576,26497,0.10029504
18577,79936,9.101227e-05
18578,56091,2.5033798e-05
18579,92694,0.08738392
18580,84695,7.18536e-08
18581,2649,7.0936244e-06
18582,113419,0.0013114173
18583,63393,0.00044660878
18584,50585,0.07840325
18585,44182,0.02000054
18586,72454,0.05074714
18587,79439,0.033284225
18588,52130,0.010418018
18589,64237,6.823975e-07
18590,56211,0.09422598
18591,73537,2.5680304e-06
18592,100898,0.005275688
18593,56300,0.09190428
18594,2105,0.0006072646
18595,106955,6.4799724e-06
18596,55190,3.8659296e-06
18597,77058,0.002301483
18598,110543,0.0022883825
18599,75650,0.0013467624
18600,15342,0.056731988
18601,22387,0.026142929
18602,59606,0.0022984236
18603,108278,0.026942547
18604,38307,0.053443428
18605,86630,7.683071e-06
18606,74031,0.60890335
18607,99212,0.00024257698
18608,38421,0.09320422
18609,59694,3.9899064e-06
18610,13800,0.13135494
18611,22908,0.0016130636
18612,108880,0.08734058
18613,78907,2.8742781e-05
18614,114746,0.026942547
18615,99437,5.8952596e-06
18616,22139,0.0130269565
18617,94756,0.08738392
18618,92882,0.07412055
18619,61528,0.004544401
18620,78882,0.005888243
18621,1124,9.579023e-06
18622,16201,3.9698436e-05
18623,59640,0.005556081
18624,92338,0.0034891975
18625,39751,0.026142929
18626,4421,0.049447946
18627,93573,0.00015791589
18628,54616,3.992483e-06
18629,7818,0.09960311
18630,2628,0.0035095266
18631,2076,0.053161666
18632,82679,0.021672681
18633,1599,0.046564896
18634,91448,0.05927176
18635,59303,0.020493431
18636,4626,0.00027812005
18637,87068,0.00089664746
18638,45336,0.02252195
18639,37715,7.527225e-05
18640,35847,0.026181428
18641,13475,4.5915374e-05
18642,81174,3.752027e-05
18643,692,0.030312449
18644,55862,0.01665498
18645,70872,0.02000054
18646,7020,4.6346137e-05
18647,97991,0.04534585
18648,44820,1.3801722e-05
18649,10440,0.00012446333
18650,83855,5.735338e-06
18651,64068,0.0055510015
18652,31580,1.0891739e-05
18653,56726,0.0011792493
18654,17595,0.0024849395
18655,51300,0.0023059489
18656,11951,0.0035221963
18657,51783,0.080362685
18658,59604,2.6524908e-06
18659,31999,0.021679174
18660,68353,0.00020524043
18661,73201,0.0020172114
18662,6487,7.1101567e-06
18663,56831,0.014005615
18664,50838,0.08013552
18665,113445,0.0002545478
18666,86242,0.021535534
18667,71167,0.02377865
18668,67265,0.120403334
18669,69885,0.049336616
18670,7496,0.12415071
18671,15945,0.00025708877
18672,78401,2.8937975e-05
18673,60466,0.012290965
18674,102527,0.026135925
18675,85760,0.00068051287
18676,14444,0.029797807
18677,83810,2.1323174e-06
18678,72426,0.002712891
18679,86934,0.0972324
18680,101929,0.016464306
18681,115418,0.005337438
18682,103462,0.094207056
18683,88877,0.09313801
18684,114689,2.873897e-05
18685,25087,0.021679174
18686,13348,0.05153293
18687,75384,0.002712891
18688,57917,0.020780627
18689,114646,0.005841198
18690,91756,0.011181294
18691,112693,7.3012835e-08
18692,101215,4.0269106e-07
18693,78344,2.6472621e-06
18694,80693,1.5798228e-06
18695,85499,0.00026952566
18696,84576,0.004544401
18697,114555,0.07412055
18698,23639,0.0064678607
18699,1312,0.021834107
18700,57257,1.9763773e-05
18701,4894,0.00020459565
18702,39703,1.9697277e-06
18703,27633,0.013485792
18704,2176,0.047567304
18705,78855,1.3093195e-09
18706,111680,0.0007055491
18707,60707,8.6239306e-05
18708,21463,1.0891739e-05
18709,50162,0.0059590633
18710,61872,0.037663013
18711,84702,0.004544401
18712,94050,0.042820025
18713,5013,8.152461e-05
18714,71466,0.049336616
18715,108030,0.09020935
18716,86069,0.026135925
18717,24920,0.09960151
18718,81635,0.005273149
18719,46525,0.026142929
18720,94239,0.0053558815
18721,88963,0.116239734
18722,59356,0.09024858
18723,56222,0.090254165
18724,58728,0.000605449
18725,658,7.690944e-05
18726,64756,3.0156369e-05
18727,82362,0.026963117
18728,6329,2.9436903e-06
18729,102601,2.3513076e-05
18730,103848,8.858141e-06
18731,67780,2.7850887e-05
18732,85174,0.008498998
18733,69459,0.005531024
18734,99992,0.08735417
18735,22945,0.00046799405
18736,35460,1.9697277e-06
18737,96514,0.085307695
18738,62686,0.09024858
18739,89445,6.776812e-05
18740,89179,0.004465827
18741,34560,4.5972858e-05
18742,9555,0.10402867
18743,67698,0.08022873
18744,48270,1.9518507e-14
18745,70415,0.026135925
18746,45996,6.874065e-05
18747,707,0.033063255
18748,29516,0.020493431
18749,92224,4.7223566e-06
18750,106897,0.0093450425
18751,85708,0.049336616
18752,97905,4.131057e-05
18753,15309,0.046169385
18754,88787,0.021065777
18755,9807,0.07791698
18756,8423,0.038565386
18757,735,0.0005296824
18758,89521,0.08738392
18759,67195,0.00011221356
18760,45967,0.010509218
18761,11412,0.04090679
18762,100997,0.0582493
18763,19023,0.034447044
18764,15663,0.0020612462
18765,3004,0.0746777
18766,102392,0.00013863904
18767,44544,2.5286812e-05
18768,6429,0.033713084
18769,72299,0.010493834
18770,31446,1.8718446e-06
18771,21997,0.060745828
18772,7460,0.00046074906
18773,50495,0.026181428
18774,98582,0.09820678
18775,53187,0.049336616
18776,75584,0.058013294
18777,10590,0.046310052
18778,75606,0.09320422
18779,115168,3.6244546e-05
18780,66947,0.09320422
18781,49884,2.62419e-06
18782,3171,3.6409587e-05
18783,18833,2.0088203e-08
18784,51457,0.0023059489
18785,9767,1.7073722e-05
18786,43015,2.6401665e-05
18787,104086,0.00010215198
18788,58372,0.023820162
18789,107950,1.8592998e-05
18790,29246,0.03767647
18791,113807,0.002712891
18792,51952,0.20843384
18793,20845,2.568952e-05
18794,104229,0.08737103
18795,86618,0.045596153
18796,24259,0.029797807
18797,98204,0.020476043
18798,41835,0.002606079
18799,60924,0.0022984236
18800,111900,0.036719114
18801,80790,0.002712891
18802,14018,0.022951873
18803,97964,0.021448929
18804,25418,0.049310457
18805,50133,1.8172184e-08
18806,41864,0.16894756
18807,23487,0.026142929
18808,45693,0.07394152
18809,65603,7.4609425e-06
18810,53217,0.027453968
18811,72997,0.053443428
18812,53612,0.1162526
18813,113991,0.09024858
18814,63292,0.0139655955
18815,51803,0.09951277
18816,79290,0.005275688
18817,59327,4.746559e-09
18818,22400,0.09053307
18819,7189,7.5972266e-06
18820,99476,3.7006674e-05
18821,105364,0.0972324
18822,74223,0.005937719
18823,50990,0.020780627
18824,28606,9.092632e-06
18825,111498,4.5866404e-05
18826,39916,0.019132903
18827,42697,1.086621e-07
18828,79452,0.02597207
18829,114839,0.0039368803
18830,30725,0.026181428
18831,95610,0.026963117
18832,22246,0.0141935805
18833,93907,0.004025589
18834,58870,0.044971406
18835,93841,0.00020203696
18836,100249,1.7712331e-05
18837,59026,0.07251909
18838,42216,5.3053773e-05
18839,14003,2.0521484e-05
18840,99076,0.10217533
18841,2116,0.0006414057
18842,93111,0.018238086
18843,42318,4.2874435e-06
18844,38500,0.04975418
18845,21551,1.4288771e-07
18846,38259,0.04393397
18847,92116,0.002712891
18848,86382,5.489974e-05
18849,107140,2.3698924e-07
18850,98551,0.005874181
18851,31296,0.17122293
18852,94929,0.07408704
18853,115594,1.3766438e-08
18854,13301,6.3151047e-06
18855,45468,2.2995388e-05
18856,14521,0.00016063233
18857,54149,0.0069630705
18858,72837,2.4482139e-05
18859,83063,4.0420167e-05
18860,1813,2.4794472e-05
18861,81784,3.387153e-07
18862,37314,0.03767647
18863,21721,0.0130269565
18864,88662,9.66787e-08
18865,17912,0.04539426
18866,45162,0.012269409
18867,85324,0.0022967674
18868,99346,0.10217533
18869,88504,0.056715835
18870,60212,0.08738392
18871,91303,3.7310805e-08
18872,112342,0.023820162
18873,89466,0.0034891975
18874,93431,0.004544401
18875,1192,0.16736706
18876,10391,0.046310052
18877,70583,0.011679627
18878,25524,5.2189503e-06
18879,66219,2.0348974e-05
18880,45595,0.056719538
18881,101467,0.02613434
18882,77938,0.026963117
18883,45138,0.16939104
18884,191,0.04072977
18885,68453,0.056715835
18886,47476,0.026142929
18887,75430,5.5396335e-06
18888,104129,0.00019765731
18889,104685,0.02613434
18890,48972,0.0064350194
18891,441,2.5075466e-05
18892,107837,1.5790516e-06
18893,25783,0.0023129375
18894,788,0.0001280077
18895,57136,0.00056252035
18896,12399,0.020770412
18897,25842,3.0532818e-05
18898,109583,0.017265417
18899,33860,1.9763773e-05
18900,58399,0.00023805027
18901,90064,0.08131125
18902,2322,0.00042425987
18903,113764,0.0063725286
18904,94278,0.0065763663
18905,68880,0.021672681
18906,94058,1.1492244e-06
18907,18632,0.000104050276
18908,30897,3.4490386e-06
18909,23640,0.00016737131
18910,17861,0.16270195
18911,85414,0.09320422
18912,34957,0.026181428
18913,20430,9.565302e-06
18914,38888,2.2446095e-05
18915,68444,7.3870666e-08
18916,65687,8.264343e-07
18917,113882,0.0012059364
18918,87376,0.029797807
18919,83231,0.0032369865
18920,64878,5.2689193e-05
18921,45962,0.04393397
18922,73750,2.6174441e-06
18923,48399,0.0013495248
18924,31495,1.0891739e-05
18925,100270,6.793933e-05
18926,104250,0.011088824
18927,110364,0.02377865
18928,42061,0.015705625
18929,44824,8.469857e-06
18930,70340,0.026135925
18931,22021,0.0021636249
18932,10176,1.13474725e-05
18933,86874,0.017413767
18934,50878,0.021830883
18935,114430,0.056739822
18936,77818,0.029797807
18937,25518,0.045339257
18938,9441,0.08731945
18939,52146,0.03767647
18940,5442,2.0479585e-05
18941,16713,0.03701975
18942,43927,0.049310457
18943,58363,0.0004839563
18944,107965,0.07408704
18945,48936,0.005888243
18946,47794,0.021710591
18947,76502,0.058013294
18948,47455,0.056719538
18949,75015,1.7679187e-05
18950,85261,0.0001822962
18951,67668,8.778316e-06
18952,53222,0.021830883
18953,98845,0.09626535
18954,52710,3.497757e-07
18955,71478,0.07412055
18956,21949,0.02252195
18957,12472,0.0011624868
18958,9084,0.00010044507
18959,48183,0.05803009
18960,91271,0.013999118
18961,108243,4.0232285e-06
18962,32460,2.6664393e-10
18963,42451,4.6327004e-05
18964,43906,0.023781514
18965,51931,0.054022547
18966,98153,0.026963117
18967,11029,2.699336e-06
18968,75847,0.00022223213
18969,93460,0.07552126
18970,45800,0.0064678607
18971,94558,0.036731612
18972,76926,0.02377865
18973,61209,1.0566953e-05
18974,1340,0.09962154
18975,108617,0.023801154
18976,8408,0.11523459
18977,115544,0.005234147
18978,90387,0.08131125
18979,89287,0.023650363
18980,91797,0.054985315
18981,22077,1.9697277e-06
18982,102971,7.5251366e-05
18983,63046,0.021672681
18984,13074,0.00021112328
18985,75839,5.808014e-05
18986,33264,0.026181428
18987,732,3.946719e-07
18988,57362,0.084192276
18989,43578,0.0028128482
18990,20495,6.399565e-05
18991,115259,0.03345777
18992,109151,0.00012073907
18993,28361,0.049310457
18994,48688,1.5505197e-05
18995,69760,0.0065763663
18996,25445,0.020493431
18997,74994,0.00088344555
18998,76892,0.037904825
18999,5812,0.049447946
19000,104243,0.02377865
19001,36309,2.1050058e-05
19002,38234,0.0064678607
19003,26780,1.9697277e-06
19004,6296,0.0571985
19005,110184,4.026693e-05
19006,52008,0.0140962675
19007,37938,0.00030204357
19008,42026,0.026142929
19009,25097,0.02252195
19010,35153,0.04393397
19011,46104,0.011097109
19012,63532,0.02864969
19013,62831,0.021679174
19014,49690,0.1162526
19015,27161,0.021679174
19016,91387,0.013819422
19017,50354,0.026181428
19018,17597,0.05803009
19019,66250,7.4609425e-06
19020,32496,2.62419e-06
19021,92143,7.6552686e-07
19022,44733,0.021679174
19023,21185,0.0010846391
19024,1286,0.00081390934
19025,39151,3.0040694e-05
19026,49282,0.16501828
19027,89943,0.00016012233
19028,47276,0.026142929
19029,47493,0.008200729
19030,54400,0.08862705
19031,85298,0.02665678
19032,113723,0.023820162
19033,39689,1.9697277e-06
19034,2783,0.03274969
19035,11097,0.0003583333
19036,3131,0.06657476
19037,60524,0.014005615
19038,25722,0.013507568
19039,86655,0.036839973
19040,67865,0.00011448065
19041,114062,1.6767925e-05
19042,73184,0.02654842
19043,112481,0.005234147
19044,99563,0.02377865
19045,113555,0.043854684
19046,17262,7.2924195e-05
19047,55740,1.1714712e-05
19048,68808,0.022324553
19049,111055,4.360415e-05
19050,2358,0.053161666
19051,83694,0.00057909515
19052,104158,1.160784e-05
19053,42243,0.010949085
19054,83338,7.5841507e-07
19055,15635,0.0012622187
19056,72845,3.7799897e-08
19057,38032,0.0065763663
19058,24096,0.023781514
19059,86973,2.058332e-05
19060,62674,0.00059174787
19061,112303,0.019720268
19062,37318,4.606285e-07
19063,27512,1.9697277e-06
19064,79083,0.07412055
19065,49729,1.9697277e-06
19066,110330,3.1382453e-05
19067,55875,0.013507568
19068,89811,0.010485919
19069,55163,0.0139655955
19070,76130,0.002712891
19071,30326,2.62419e-06
19072,98786,0.017265417
19073,3152,5.497885e-05
19074,22804,3.6686357e-05
19075,112649,0.00025644028
19076,44415,0.00019396794
19077,26543,0.026142929
19078,65259,7.46601e-05
19079,110928,0.002712891
19080,66700,6.766714e-06
19081,85380,7.804804e-05
19082,56301,0.010418018
19083,2283,0.068933524
19084,38358,1.9697277e-06
19085,93303,0.011088824
19086,22698,0.00010119023
19087,27659,1.9679514e-05
19088,92450,0.0010622345
19089,67213,0.110581465
19090,109412,0.05671502
19091,74263,0.017452875
19092,91027,0.004544401
19093,45197,0.037550148
19094,107935,0.08734493
19095,30986,0.048154723
19096,15044,0.06833075
19097,17780,0.00016778469
19098,87040,0.020485038
19099,46910,6.13896e-05
19100,75108,5.5396335e-06
19101,6245,4.6375364e-05
19102,82614,0.006528719
19103,52253,2.379906e-06
19104,62532,0.023782896
19105,60976,1.16532265e-05
19106,95682,0.006397683
19107,51451,0.09320422
19108,33494,0.00037843906
19109,57652,0.026626956
19110,41591,2.9420447e-05
19111,4468,9.568277e-06
19112,2491,4.6375364e-05
19113,24568,0.023781514
19114,94372,0.0490802
19115,103875,1.4564604e-05
19116,1343,8.114937e-05
19117,30282,0.05315191
19118,75676,0.001474416
19119,87593,3.0482981e-05
19120,65336,0.02658666
19121,16306,8.7754273e-07
19122,10630,0.0032530588
19123,105958,0.000795642
19124,61041,0.0022984236
19125,20591,0.035995085
19126,46045,0.029797807
19127,108181,3.6309586e-05
19128,16844,0.00014747394
19129,102020,0.0053558815
19130,94428,0.026181428
19131,78968,0.051811375
19132,85368,0.09962154
19133,3242,0.0002723132
19134,84991,0.002653919
19135,91667,0.057988025
19136,115466,0.005337438
19137,100192,0.003974704
19138,33771,1.9697277e-06
19139,82372,0.02377865
19140,88713,5.719604e-09
19141,76646,3.1915408e-06
19142,87052,0.037660237
19143,70163,0.0043353904
19144,35463,0.011097109
19145,88203,9.310223e-08
19146,97706,1.2338242e-07
19147,100390,0.00862556
19148,115798,0.072241016
19149,99350,0.012084704
19150,84607,0.09024858
19151,15103,4.9046143e-05
19152,66350,3.4496209e-06
19153,21934,0.029797807
19154,25971,0.020493431
19155,8296,0.0026215268
19156,27030,0.011160305
19157,36129,0.026181428
19158,81044,5.328599e-06
19159,79050,0.023820162
19160,66018,0.00020938559
19161,71798,0.033284225
19162,58086,0.010388088
19163,65954,0.00028286886
19164,57825,5.5864684e-06
19165,27039,0.00055007497
19166,74179,0.00042236492
19167,3024,0.00046275594
19168,75282,0.021533782
19169,63728,0.013237825
19170,41094,0.085608646
19171,70379,0.04539426
19172,30450,0.026181428
19173,46825,5.3758577e-05
19174,72175,0.12041605
19175,12984,0.026173297
19176,28256,1.2379945e-05
19177,59892,0.023820162
19178,72182,0.07412055
19179,67491,0.017265417
19180,61281,5.2872554e-05
19181,73173,1.5149084e-06
19182,69764,0.021672681
19183,17017,1.4320422e-05
19184,27937,0.00017162488
19185,58245,0.013776537
19186,31292,0.0043799113
19187,19092,0.07840325
19188,107821,0.010221513
19189,87654,1.7512963e-07
19190,113406,1.2989662e-05
19191,93100,0.07932703
19192,72844,0.020080255
19193,54891,0.0055767614
19194,5646,0.06990568
19195,36358,0.08862705
19196,22006,9.710837e-05
19197,102810,0.0069157225
19198,37141,0.026142929
19199,20296,0.0002454687
19200,54624,0.023820162
19201,60372,0.08131125
19202,84032,0.08738392
19203,38315,0.026142929
19204,97258,8.928205e-05
19205,86018,2.0749371e-07
19206,72765,0.0003774299
19207,45152,0.013476603
19208,110223,2.221346e-06
19209,16875,0.3065326
19210,863,0.056731988
19211,28326,1.9679514e-05
19212,51868,0.056739822
19213,62043,2.0521484e-05
19214,9465,0.00045666727
19215,38820,0.00015270834
19216,17039,0.030405952
19217,13045,3.7594505e-10
19218,23740,2.0521484e-05
19219,72237,0.002712891
19220,64283,6.574417e-07
19221,26902,6.1341177e-07
19222,14424,1.0248119e-06
19223,14572,3.6737085e-05
19224,51340,0.00022463259
19225,55172,6.5410284e-05
19226,115003,0.005226399
19227,68543,0.09024858
19228,45226,0.04539426
19229,40204,0.09320422
19230,14257,0.0463383
19231,46475,0.017021844
19232,74550,0.011679627
19233,97065,3.6169655e-05
19234,73554,0.010650898
19235,28096,1.4859057e-05
19236,63351,0.08277817
19237,66216,0.0006133877
19238,115757,0.00065333344
19239,77661,0.026135925
19240,24170,0.0023520163
19241,68317,0.022630887
19242,67063,0.0012725433
19243,27516,0.00034595153
19244,1309,0.05673552
19245,33041,0.017274432
19246,79618,0.05315191
19247,99870,0.04431442
19248,62986,7.4609425e-06
19249,53461,0.008468298
19250,17412,0.16906866
19251,67839,0.026135925
19252,23746,0.00033154528
19253,2281,0.00019693963
19254,8382,0.072671354
19255,109162,0.0055266777
19256,36181,0.24861853
19257,93000,0.008491745
19258,39895,2.8056957e-07
19259,113200,5.0148315e-05
19260,27187,0.00027086344
19261,101493,1.6343378e-07
19262,33978,0.029797807
19263,28984,0.00015525053
19264,112914,0.08121349
19265,97186,0.037660237
19266,13916,3.4563514e-06
19267,62960,5.1380586e-05
19268,88498,5.489974e-05
19269,18662,7.2924195e-05
19270,27646,0.0010346442
19271,25647,0.02000054
19272,61101,0.0005902205
19273,65272,1.1627628e-05
19274,46313,0.013507568
19275,84012,0.00017554578
19276,47305,7.4286555e-07
19277,13277,7.142904e-08
19278,35527,0.026181428
19279,69436,0.07840325
19280,15261,6.3876987e-06
19281,17510,0.0025644347
19282,63636,0.0022984236
19283,112715,0.004544401
19284,115035,0.005337438
19285,100132,0.002712891
19286,82445,0.010390707
19287,62171,2.7974345e-05
19288,96052,5.7261727e-06
19289,86133,1.8314646e-05
19290,114221,7.5251366e-05
19291,14429,6.891698e-06
19292,59811,0.08738392
19293,92019,0.09822407
19294,14630,5.212482e-07
19295,107883,4.102845e-06
19296,72975,0.0059590633
19297,94884,0.020436222
19298,15610,0.049336616
19299,29714,0.005888243
19300,80787,0.056715835
19301,115208,0.0510992
19302,7256,0.0025227703
19303,8158,8.055995e-06
19304,83527,2.0088203e-08
19305,73596,2.6174441e-06
19306,23255,0.080349706
19307,112613,0.08121349
19308,51816,0.16894756
19309,45167,0.026142929
19310,44014,2.3471113e-05
19311,28590,9.466197e-06
19312,89472,0.029797807
19313,13153,7.686655e-05
19314,107505,0.0069065066
19315,2545,0.0004107493
19316,85843,1.7099272e-05
19317,105688,0.082365364
19318,18182,3.4563514e-06
19319,60478,0.00076486764
19320,37532,0.008468298
19321,110396,0.02613434
19322,91896,0.0104106665
19323,98539,0.062256794
19324,110545,0.0026214086
19325,80910,0.0022968461
19326,88889,0.0002659545
19327,58516,0.11345961
19328,75286,0.016595326
19329,95592,1.4495417e-05
19330,12471,0.18276013
19331,67200,0.026135925
19332,15203,0.06048612
19333,87136,0.02377865
19334,90716,0.08131125
19335,62941,5.24791e-07
19336,82615,0.02153565
19337,44199,1.9697277e-06
19338,73702,3.6949405e-05
19339,24969,0.026841305
19340,14626,0.04393397
19341,31504,0.021679174
19342,70002,0.02377865
19343,39307,0.056719538
19344,46682,7.809093e-06
19345,87284,0.04662725
19346,1434,2.0349491e-06
19347,43910,5.961242e-06
19348,7569,0.049447946
19349,96438,8.477138e-06
19350,100632,0.026963117
19351,104272,4.4511407e-06
19352,53994,0.0055767614
19353,91283,0.012030361
19354,54777,0.1656218
19355,20884,0.020676242
19356,82085,0.15181816
19357,43944,1.4276379e-05
19358,57276,0.0003857669
19359,73420,4.9105252e-05
19360,80482,2.3673927e-05
19361,42529,0.20809695
19362,56309,0.11345961
19363,41814,0.005111798
19364,11473,0.049447946
19365,68492,0.0008032202
19366,92551,0.08124007
19367,68274,0.04393397
19368,35691,0.005299632
19369,8453,7.086261e-06
19370,6785,0.038565386
19371,19291,0.00599666
19372,108722,3.72783e-07
19373,68175,0.08738392
19374,15486,0.14150013
19375,45641,0.002487714
19376,73383,2.2624987e-05
19377,64031,1.5776631e-10
19378,15873,0.0035121108
19379,66784,0.007182378
19380,51787,0.049336616
19381,27364,1.2896783e-07
19382,51021,0.0023059489
19383,91962,0.026963117
19384,62896,0.08738392
19385,11333,0.00024699327
19386,86775,4.6202224e-08
19387,47013,1.0887655e-06
19388,33816,0.00040187026
19389,42863,0.019516952
19390,26755,0.00026851252
19391,20533,4.4051257e-07
19392,40890,0.007572133
19393,99152,0.0035496203
19394,44163,0.045339257
19395,106905,0.049283862
19396,11740,1.082722e-05
19397,21822,0.056719538
19398,82271,0.0053558815
19399,83555,7.391326e-06
19400,4837,0.248264
19401,43971,0.023781514
19402,1944,0.035861764
19403,5237,0.00030755534
19404,37286,0.16891932
19405,655,0.00079583423
19406,20498,0.004635571
19407,3981,6.2297855e-05
19408,84121,1.9991072e-05
19409,60778,0.001511235
19410,1529,4.307509e-05
19411,75529,3.9626793e-06
19412,96584,9.101227e-05
19413,31856,0.00014367329
19414,45164,0.008464008
19415,115060,0.07412055
19416,108010,0.0093450425
19417,58712,0.0001888585
19418,28175,0.0031419564
19419,94799,0.04929791
19420,8166,0.08869264
19421,45554,0.038754445
19422,79465,0.09020935
19423,23294,0.04393397
19424,83829,3.6428304e-05
19425,105257,0.009385361
19426,20688,0.012155406
19427,115336,0.010608924
19428,73867,0.00012562767
19429,19599,4.3262764e-07
19430,13055,0.00012075104
19431,106882,3.3891638e-06
19432,41947,0.1712346
19433,7126,0.00043640652
19434,104207,0.002712891
19435,57585,3.1559591e-06
19436,96751,2.2624987e-05
19437,90788,7.9859674e-08
19438,5886,0.00015560028
19439,52120,1.2279408e-07
19440,106797,0.0049109226
19441,52407,0.085608646
19442,45243,0.00014293416
19443,82325,0.00057909515
19444,47844,0.0023059489
19445,100783,0.055771064
19446,29244,5.976202e-05
19447,47102,0.023781514
19448,27663,0.000110362955
19449,11771,0.026173297
19450,84457,1.4220789e-05
19451,70761,0.0003550854
19452,20336,8.383096e-05
19453,715,1.3332186e-05
19454,62738,0.0022984236
19455,51271,0.026181428
19456,104162,0.025778564
19457,37550,3.0009656e-07
19458,76845,0.05074714
19459,51242,0.0059590633
19460,25057,0.103544794
19461,64646,4.520455e-06
19462,51385,7.858366e-05
19463,53811,0.023820162
19464,105135,0.00013491337
19465,108711,0.019516952
19466,58121,0.026181428
19467,90907,0.09313801
19468,20827,1.9697277e-06
19469,104224,0.08856894
19470,111444,3.0418344e-06
19471,64383,0.010038129
19472,56476,0.0059590633
19473,24524,0.026142929
19474,27845,0.0012907855
19475,40163,0.045339257
19476,90830,0.11379456
19477,87232,7.052053e-09
19478,23574,1.0253203e-06
19479,46115,0.021679174
19480,94188,2.606285e-05
19481,63317,0.001550613
19482,74534,0.002712891
19483,35291,4.682725e-08
19484,39596,4.2342217e-06
19485,23486,0.049336616
19486,81047,0.029797807
19487,93399,0.015819646
19488,83380,0.021672681
19489,112686,1.8314646e-05
19490,65446,5.846778e-06
19491,86247,0.049336616
19492,46955,1.5679498e-05
19493,87319,0.004424524
19494,24597,0.00971298
19495,62935,0.06957497
19496,29392,7.978082e-05
19497,102824,0.08238045
19498,50802,0.03636105
19499,89526,0.029797807
19500,30994,0.08892729
19501,76470,0.00034101194
19502,92564,0.0972324
19503,21399,0.004850109
19504,49224,1.7738212e-05
19505,29115,0.026181428
19506,59022,0.09024858
19507,3877,0.0010833576
19508,107838,0.0025800338
19509,84546,0.010395636
19510,109011,0.078394376
19511,36221,1.9697277e-06
19512,46666,0.01045819
19513,92721,0.08738392
19514,19285,0.056731988
19515,110957,2.6172145e-06
19516,32568,0.049283862
19517,50895,0.026181428
19518,3401,0.13799436
19519,19144,0.24963516
19520,12803,6.062924e-06
19521,27979,0.00027145262
19522,42619,0.010493486
19523,45769,1.9697277e-06
19524,92145,2.7816273e-05
19525,40953,1.1506673e-05
19526,81404,0.005937719
19527,27297,0.001936116
19528,24796,2.291083e-05
19529,67274,0.0045979386
19530,3259,0.00025502805
19531,103024,0.00025260352
19532,115925,0.09420895
19533,65145,1.7892171e-05
19534,45656,0.02078164
19535,39611,0.01943725
19536,86366,0.011679627
19537,49094,1.2288538e-05
19538,103841,0.0030650091
19539,113878,0.029637894
19540,79972,0.0053558815
19541,107901,0.0022936142
19542,14165,0.085608646
19543,108544,3.331539e-05
19544,15388,0.000112454996
19545,64024,2.0782913e-05
19546,63017,0.027014287
19547,114339,0.0006079441
19548,69477,0.021672681
19549,83102,0.08131125
19550,92765,0.08124007
19551,85825,0.049336616
19552,83026,5.059158e-16
19553,66109,0.00026901605
19554,92942,0.0020064025
19555,27404,0.023820162
19556,43249,7.989692e-05
19557,72228,0.026493507
19558,14492,6.433414e-05
19559,66488,0.050936967
19560,22058,0.026142929
19561,37892,0.05665598
19562,53361,0.0019635903
19563,77095,0.05039921
19564,43307,0.04539426
19565,92913,0.00940642
19566,59384,0.015564003
19567,35998,0.049336616
19568,54787,0.020780627
19569,77380,0.002712891
19570,63742,0.001066483
19571,55668,0.0033808306
19572,15670,0.008420925
19573,62802,0.1162526
19574,36645,0.029797807
19575,63321,0.00076108536
19576,19104,0.00038196845
19577,91919,5.3841282e-05
19578,31862,0.0059590633
19579,10252,5.3810327e-05
19580,98915,0.026963117
19581,63575,0.021517005
19582,71664,0.07412055
19583,14968,6.0622997e-06
19584,10837,0.031894423
19585,79621,0.0004621177
19586,110718,0.05315191
19587,88560,0.09422598
19588,26737,0.00022759475
19589,64126,1.6787284e-05
19590,72177,2.0013596e-07
19591,14911,0.008340573
19592,17140,0.032461915
19593,74681,0.029797807
19594,75966,0.0004633165
19595,34596,0.04487245
19596,63539,0.09320422
19597,87668,0.09313801
19598,36393,0.0069630705
19599,38233,0.00012707018
19600,80276,0.002875109
19601,54229,0.0069630705
19602,88354,0.037660237
19603,108176,2.6461869e-06
19604,62281,0.038754445
19605,107923,0.0024974665
19606,26889,2.6307216e-05
19607,38,0.039117854
19608,49617,9.9605095e-06
19609,50522,3.0433019e-05
19610,7764,0.001224617
19611,60727,0.00017678761
19612,37020,0.00012803773
19613,5988,0.0005865814
19614,88887,0.08131125
19615,77115,0.026963117
19616,22468,0.0001396157
19617,15551,6.0622997e-06
19618,13365,0.00015780644
19619,53286,0.04393397
19620,42574,6.0087918e-05
19621,22304,0.038067337
19622,24710,0.071775585
19623,19075,0.00019353288
19624,75507,0.002712891
19625,93081,0.09422598
19626,69354,0.031118546
19627,111490,2.0136115e-06
19628,111040,0.0035108577
19629,55994,0.09024858
19630,46703,1.9697277e-06
19631,70423,8.875752e-05
19632,104399,2.7884448e-07
19633,36401,0.026767338
19634,115684,0.00059086416
19635,1212,0.0035121108
19636,42030,0.026142929
19637,70759,0.00028082958
19638,98241,9.190114e-06
19639,112970,0.055773284
19640,81089,0.02000054
19641,39566,0.038754445
19642,108306,0.006938572
19643,35165,0.00014615076
19644,52261,0.023172531
19645,104936,0.00819929
19646,66158,0.022603992
19647,88313,0.04393397
19648,62361,4.5233563e-07
19649,89397,0.00010497793
19650,113404,0.023820162
19651,44403,0.0037816132
19652,65357,0.0022978769
19653,25001,0.007010514
19654,39196,0.042379335
19655,55169,1.3043512e-05
19656,101925,0.058919515
19657,37433,1.950532e-05
19658,87332,0.057988025
19659,105297,0.021190042
19660,64247,4.1850035e-06
19661,95334,8.706787e-07
19662,7427,0.000250042
19663,89289,0.047045927
19664,91542,3.4574296e-06
19665,90493,0.02377865
19666,86195,0.049336616
19667,115123,5.5158007e-06
19668,59287,0.14579327
19669,114911,0.050396565
19670,28663,0.09320422
19671,81118,0.0002656618
19672,24912,0.056719538
19673,2666,0.013570936
19674,65871,7.4609425e-06
19675,63464,6.468183e-05
19676,75838,0.0003033636
19677,65469,0.015839577
19678,103855,0.004011585
19679,108567,0.09313801
19680,99832,0.02613434
19681,23280,0.0005115462
19682,46644,0.00021882151
19683,18247,5.3086518e-05
19684,85649,0.056715835
19685,9385,0.00058699865
19686,63515,9.973379e-06
19687,85227,0.0022967674
19688,37134,0.037661344
19689,16991,0.0003583333
19690,74500,0.08022873
19691,61361,0.061425816
19692,96395,0.018238086
19693,38619,0.11342865
19694,77040,0.04393397
19695,4791,0.0063009514
19696,66676,0.0022885567
19697,100122,0.051729362
19698,26111,0.0059590633
19699,85249,0.014005615
19700,91512,0.012414498
19701,91892,0.007855253
19702,29490,0.026181428
19703,73736,0.0053558815
19704,96225,0.021672681
19705,20600,0.010509218
19706,46200,0.00062368874
19707,90386,0.12701173
19708,63754,5.063049e-08
19709,53135,0.00028862598
19710,78244,0.11345961
19711,81357,0.021830883
19712,54696,0.056739822
19713,99224,7.080086e-05
19714,113863,0.0006906139
19715,112877,0.012000824
19716,49915,0.008468298
19717,4780,0.19400503
19718,82699,0.021672681
19719,997,4.3533123e-06
19720,97789,6.152702e-10
19721,91310,0.04929791
19722,72479,1.6780247e-06
19723,115936,0.09420895
19724,100544,0.02613434
19725,77080,0.11345961
19726,105343,0.0016165044
19727,48574,0.0021636249
19728,51839,0.003132664
19729,13970,0.00060515886
19730,99468,6.793933e-05
19731,77298,0.04539426
19732,11591,0.08548715
19733,26204,1.3801722e-05
19734,96895,0.0114241
19735,9435,0.15710871
19736,18494,1.082722e-05
19737,3509,0.00020780799
19738,38435,0.0025780164
19739,70351,0.026135925
19740,41155,0.023781514
19741,68894,0.003631322
19742,88916,0.1138376
19743,106108,2.7520161e-07
19744,25629,0.017561007
19745,102974,0.0053558815
19746,50443,0.006100282
19747,14716,0.02616657
19748,81269,0.002712891
19749,12124,9.498081e-05
19750,55139,0.010924481
19751,88024,0.002712891
19752,66105,0.005874181
19753,97068,0.010730069
19754,78640,7.832667e-05
19755,82603,0.00057909515
19756,12598,4.816796e-05
19757,21696,0.026142929
19758,66582,0.0010888516
19759,30515,3.149054e-08
19760,50564,0.020493431
19761,62534,0.013776537
19762,65553,2.2304714e-09
19763,45356,3.259955e-06
19764,102710,0.051811375
19765,1413,0.1712346
19766,22195,0.00022578955
19767,110116,2.07158e-07
19768,105215,0.03305783
19769,113841,5.1104154e-05
19770,33238,0.031118546
19771,88955,0.015374665
19772,77307,0.026963117
19773,71163,0.00053273124
19774,14738,0.056731988
19775,65637,0.1221643
19776,104435,1.8314646e-05
19777,49725,0.02877411
19778,4119,0.032749455
19779,93148,4.3814893e-05
19780,11867,6.062924e-06
19781,60740,0.053443428
19782,105301,0.02613434
19783,114607,0.0059066657
19784,7532,0.0007475077
19785,106599,0.023801154
19786,12943,0.00022554706
19787,23515,0.0073035657
19788,90552,0.08738392
19789,70632,7.684874e-05
19790,80808,0.049336616
19791,104984,0.019720268
19792,74340,0.05803009
19793,106786,0.011679627
19794,63025,1.1646305e-05
19795,51188,2.1228834e-05
19796,74678,0.0017303695
19797,83786,0.026135925
19798,41239,0.053443428
19799,52497,0.012030361
19800,64373,1.2404018e-05
19801,1670,0.08779505
19802,28167,0.009208665
19803,31242,0.10823642
19804,33724,0.0028039198
19805,16329,3.4447353e-06
19806,72592,1.3000841e-05
19807,12868,1.142055e-06
19808,40616,2.0393593e-06
19809,111153,0.0223023
19810,9291,6.122689e-05
19811,71613,0.04539426
19812,32459,0.031638168
19813,106540,2.873897e-05
19814,21592,9.812439e-06
19815,12789,6.062924e-06
19816,39446,0.010391957
19817,71532,1.4884713e-05
19818,83856,0.00016433284
19819,92902,0.00067458354
19820,11524,0.000121937046
19821,23811,2.0645108e-05
19822,31991,0.00038734797
19823,33568,0.09081532
19824,2153,0.04631086
19825,23160,6.165899e-06
19826,2033,0.014456397
19827,78923,0.0022978769
19828,5668,0.049447946
19829,92887,0.026135925
19830,11363,0.00022324006
19831,75933,0.0053558815
19832,88621,0.00014715776
19833,68960,0.008498998
19834,110558,0.019720268
19835,65964,1.2150517e-05
19836,19514,0.0006535321
19837,40853,0.008900639
19838,45288,3.056761e-06
19839,95352,0.0022984236
19840,59436,5.2872554e-05
19841,87194,7.1149134e-07
19842,46865,0.02078164
19843,84465,0.017561007
19844,64018,1.0922497e-05
19845,8113,7.869855e-05
19846,59212,3.2146563e-05
19847,65234,0.0022978769
19848,23936,2.8503095e-05
19849,57891,3.1474945e-05
19850,63008,0.017270215
19851,82092,0.08862705
19852,34555,2.5369347e-05
19853,53900,0.40755442
19854,109378,0.09020935
19855,23987,7.406388e-05
19856,109500,0.023801154
19857,102569,0.04929791
19858,111617,0.00021981164
19859,26505,0.0023129375
19860,74891,2.417501e-05
19861,22342,1.9697277e-06
19862,28316,0.05803009
19863,97245,0.021672681
19864,112056,7.795811e-08
19865,18924,1.169021e-06
19866,39456,0.023781514
19867,44104,0.16721274
19868,32658,0.021679174
19869,42829,0.00041640498
19870,79091,9.049388e-06
19871,25308,0.11523345
19872,32147,0.00014293416
19873,59563,1.0944456e-05
19874,96650,0.02377865
19875,110224,4.0381826e-07
19876,23980,1.1760763e-05
19877,99576,0.005556081
19878,9098,0.014447276
19879,65883,2.9741264e-08
19880,64627,0.005874181
19881,100765,0.0022984236
19882,58091,0.13971053
19883,94918,0.00017788586
19884,66480,1.8656567e-05
19885,20679,3.1702897e-05
19886,83838,0.015777888
19887,45802,0.049310457
19888,24757,0.11523532
19889,44497,0.1221643
19890,88866,3.6425415e-06
19891,73968,4.6874677e-05
19892,45025,1.3186582e-05
19893,8357,3.1090492e-06
19894,84586,0.0002656618
19895,38501,0.026142929
19896,65205,2.052111e-05
19897,31378,0.056739822
19898,76889,0.02377865
19899,916,0.006113187
19900,54319,2.107772e-05
19901,8750,0.040336393
19902,94060,0.038751595
19903,76954,0.09320422
19904,6020,0.049447946
19905,95762,0.000114430884
19906,56949,0.00095377973
19907,93493,0.017265417
19908,89022,0.0022157582
19909,61430,0.015839577
19910,58328,0.10823642
19911,16886,0.0015722249
19912,86518,0.00030733846
19913,35244,1.3295074e-06
19914,14275,0.00013832015
19915,19307,0.00021704116
19916,35196,7.4624795e-06
19917,106224,0.100328624
19918,45900,0.0071927696
19919,9841,0.08731945
19920,13575,0.05673552
19921,33604,0.013444341
19922,80051,9.275363e-05
19923,101770,0.0055257264
19924,79906,0.010395636
19925,77757,1.5493107e-06
19926,64922,7.631508e-06
19927,52412,0.021710591
19928,31354,3.2766442e-10
19929,86238,0.009648504
19930,45645,0.021679174
19931,46257,0.018782822
19932,51662,7.6406536e-08
19933,84899,0.015777888
19934,20936,0.11065459
19935,7465,0.10402867
19936,93824,0.02613434
19937,56116,0.026181428
19938,97916,0.00017864804
19939,35366,1.0891739e-05
19940,22519,1.8824958e-05
19941,2532,0.0003020548
19942,105472,0.02277482
19943,73103,0.03995029
19944,31409,0.00033256525
19945,75952,0.09320422
19946,38044,0.07225981
19947,54605,0.004544401
19948,69006,0.02377865
19949,81230,0.085608646
19950,59156,0.00053493655
19951,71408,0.09024858
19952,80393,0.09822407
19953,10060,0.0008826244
19954,15674,0.1162526
19955,70390,2.0837844e-05
19956,4851,0.049447946
19957,66318,1.4374031e-05
19958,1784,0.0003840132
19959,89666,0.0053558815
19960,65565,6.468183e-05
19961,64812,2.020545e-07
19962,23597,0.0017145631
19963,55170,0.021710591
19964,112668,0.09960151
19965,59089,0.0022200583
19966,57782,0.0010908258
19967,24305,0.011097109
19968,13302,0.00599666
19969,35663,0.017021844
19970,41046,0.021830883
19971,46153,0.099611595
19972,1007,0.1162526
19973,114284,0.06217889
19974,51386,0.038768277
19975,102261,3.0595626e-09
19976,9018,8.914124e-08
19977,73622,0.011679627
19978,71616,5.2675427e-05
19979,109721,0.0007236876
19980,47677,0.005528397
19981,58946,0.0001769205
19982,32354,0.005888243
19983,81224,0.020436222
19984,22078,0.0001792061
19985,78193,0.010826234
19986,51035,5.032725e-06
19987,29501,2.319451e-05
19988,59849,0.020780627
19989,100372,6.793933e-05
19990,77302,0.010730069
19991,8713,0.00028452827
19992,10370,5.8652593e-05
19993,70456,0.04393397
19994,31147,0.049283862
19995,79352,0.057988025
19996,87188,0.012414498
19997,107591,5.533899e-06
19998,92592,0.054985315
19999,54554,0.015696693
20000,14892,1.7416427e-05
20001,57208,7.4970108e-06
20002,34311,0.00022212898
20003,83003,0.002712891
20004,18113,3.7625035e-05
20005,35519,3.9340957e-06
20006,41833,4.184861e-07
20007,47509,9.551583e-06
20008,109392,0.05671502
20009,76870,0.026135925
20010,103805,0.011088824
20011,85264,0.0002966563
20012,56523,0.097816624
20013,2770,0.014456397
20014,79924,5.795532e-05
20015,39515,0.0026434085
20016,98485,0.0014112627
20017,40725,0.0001316343
20018,36826,0.029797807
20019,49787,0.000122797
20020,60113,0.0002407264
20021,105085,0.08734493
20022,28974,0.049310457
20023,59013,0.056739822
20024,89465,2.8538734e-08
20025,1269,3.2646562e-06
20026,6801,0.014447276
20027,90549,0.017413767
20028,93776,0.002712891
20029,76751,0.004544401
20030,14765,7.993822e-06
20031,29010,8.80911e-07
20032,94423,3.4531485e-07
20033,115558,2.2356405e-06
20034,55768,0.015208975
20035,107555,0.09820678
20036,58642,0.1138376
20037,35653,0.03767647
20038,102984,0.036862634
20039,80882,0.005531024
20040,91293,0.057988025
20041,46630,4.101088e-05
20042,27679,0.2712632
20043,58393,9.629928e-05
20044,111283,0.0022322193
20045,97308,0.0053558815
20046,78558,2.9173527e-05
20047,84998,2.9806037e-07
20048,11734,0.14135665
20049,78078,0.0021636249
20050,68300,0.004544401
20051,98237,2.0521484e-05
20052,92759,0.09313801
20053,43432,0.04393397
20054,93628,0.06384397
20055,21966,2.2484359e-05
20056,35144,7.459193e-05
20057,64340,0.00015960848
20058,27806,0.009980611
20059,8363,0.0001132523
20060,10988,0.0036838376
20061,98693,0.005273149
20062,91000,0.002712891
20063,101017,8.002082e-07
20064,20705,7.984504e-06
20065,32358,0.026181428
20066,81687,0.002712891
20067,54575,1.8818715e-08
20068,11511,0.00023539063
20069,31261,0.026701422
20070,25204,0.0053107133
20071,31044,0.020780627
20072,21154,0.087942295
20073,108887,0.0053533465
20074,31654,0.049283862
20075,72018,0.049336616
20076,114530,0.0018627031
20077,31857,0.020780627
20078,8272,0.01201812
20079,21890,1.0891739e-05
20080,73972,5.3158383e-06
20081,88230,0.026135925
20082,84547,0.002712891
20083,78377,6.106456e-06
20084,56820,0.00034595153
20085,48550,9.514382e-06
20086,92828,2.5082334e-06
20087,78218,0.005523811
20088,58566,0.09024858
20089,70221,0.011827724
20090,25573,0.0020738235
20091,103102,0.010730069
20092,43326,5.7769976e-05
20093,86722,0.041412923
20094,40030,0.005888243
20095,67458,0.012102011
20096,49595,0.031001933
20097,111910,0.011088824
20098,83865,0.004544401
20099,14802,0.0060862037
20100,100602,0.005275688
20101,40012,0.038754445
20102,101893,0.057532605
20103,61300,0.009529882
20104,88615,1.43221305e-05
20105,54649,0.0022949206
20106,7133,2.5122574e-05
20107,87161,5.489974e-05
20108,113105,0.08102648
20109,46975,0.14560477
20110,15495,0.00043441242
20111,47206,0.030024623
20112,4215,2.292635e-06
20113,56173,0.04432362
20114,91018,2.1474186e-06
20115,10555,0.00023931329
20116,102110,0.09422598
20117,22514,0.00033496667
20118,12384,1.142055e-06
20119,47855,0.0023059489
20120,59320,0.08131125
20121,111343,1.3975775e-05
20122,31748,0.00031748335
20123,79095,0.0003268163
20124,31832,0.026181428
20125,6302,0.003402884
20126,70264,0.08738392
20127,110500,0.005933206
20128,16922,2.1531196e-06
20129,84632,0.049336616
20130,100887,0.02443708
20131,68875,0.00011448065
20132,96113,2.2978617e-09
20133,51290,0.09320422
20134,107376,0.0038832645
20135,104072,0.0003098253
20136,16342,7.792058e-06
20137,57635,3.1909698e-05
20138,88941,0.026135925
20139,67950,0.0064769466
20140,83127,0.0058729476
20141,71194,1.6722778e-08
20142,73605,0.012030361
20143,19910,0.0011156719
20144,31043,1.1510014e-08
20145,19467,0.038067337
20146,23690,0.054226797
20147,67578,0.09024858
20148,66370,0.005874181
20149,50819,0.026181428
20150,445,7.289304e-05
20151,21068,0.0017311512
20152,18647,0.049336616
20153,40217,0.029164841
20154,62112,2.9246567e-06
20155,94973,0.08737103
20156,41341,0.0007675433
20157,62785,0.038295813
20158,53931,8.95392e-05
20159,109811,0.0052626817
20160,21932,2.6624863e-07
20161,42491,1.4296515e-06
20162,51046,1.1265515e-06
20163,88802,6.1365795e-06
20164,84236,0.00027466723
20165,82305,0.038295813
20166,84172,1.8768278e-05
20167,114048,0.057988025
20168,7854,0.06994646
20169,31408,4.8077095e-06
20170,109850,0.000372791
20171,81482,0.002712891
20172,63449,4.3279975e-05
20173,80936,0.01333251
20174,100703,0.02613434
20175,66722,7.4536174e-06
20176,94716,0.026181428
20177,43872,6.291858e-06
20178,106148,0.0053533465
20179,83710,0.09962154
20180,62084,0.0069630705
20181,59706,7.06293e-05
20182,29199,0.026181428
20183,93149,0.010650898
20184,109935,0.2354637
20185,115057,0.09960151
20186,119,0.049447946
20187,109575,0.02613434
20188,63379,0.005556081
20189,37347,0.026181428
20190,6518,0.00014492124
20191,81628,1.7522283e-05
20192,248,9.761278e-05
20193,16123,7.993822e-06
20194,72830,1.0547452e-05
20195,48097,5.3086518e-05
20196,104445,0.11320436
20197,102474,0.012094505
20198,100304,8.275517e-06
20199,106063,2.9190028e-06
20200,82566,0.020493431
20201,51888,0.0023059489
20202,64905,0.00010847582
20203,83524,0.0042718593
20204,61365,0.021679174
20205,26387,5.961242e-06
20206,4099,0.028723901
20207,7983,0.0006901306
20208,46010,0.14627124
20209,31667,0.020780627
20210,53727,0.004544401
20211,96403,3.8526982e-06
20212,10514,0.0020458759
20213,72717,9.271889e-07
20214,85483,0.026135925
20215,31250,0.04539426
20216,103788,0.0052626817
20217,110998,0.3590971
20218,6427,0.025347317
20219,75066,0.005937719
20220,38319,4.7494145e-06
20221,106270,0.12038406
20222,110902,0.08131125
20223,100627,0.062948346
20224,4214,0.026026938
20225,985,0.0030642587
20226,31907,3.377055e-06
20227,80650,0.029797807
20228,22107,3.0842057e-05
20229,92139,0.0065286853
20230,59087,0.0064350194
20231,1787,3.2131469e-09
20232,110554,0.36687607
20233,103507,0.05671502
20234,74377,0.0011492824
20235,50722,0.00026521133
20236,41901,0.026963117
20237,59896,0.0022883825
20238,104859,0.049283862
20239,80360,0.10504658
20240,15830,0.056731988
20241,101091,0.002712891
20242,112997,0.012079337
20243,61079,1.1461583e-05
20244,91610,0.002712891
20245,55650,3.0363015e-06
20246,8127,0.00025502805
20247,9381,0.02475377
20248,1897,0.031745333
20249,50090,0.0023059489
20250,93156,0.04393397
20251,39320,0.00013663656
20252,11534,0.0011692485
20253,880,8.1503185e-06
20254,48586,0.08738392
20255,97309,0.059227556
20256,2312,8.152461e-05
20257,31996,3.2871674e-05
20258,43727,1.3801722e-05
20259,63080,0.023785751
20260,53184,1.9763773e-05
20261,100223,0.014453353
20262,63214,1.8314646e-05
20263,39338,0.0017819547
20264,55784,0.0024206962
20265,106436,0.02613434
20266,91852,0.04393397
20267,35249,1.3043512e-05
20268,75420,1.1792648e-05
20269,87939,0.0032299336
20270,93057,0.00014891954
20271,58379,0.09766033
20272,66710,0.0022984236
20273,109296,9.020775e-05
20274,83347,4.4995304e-06
20275,17775,0.000114731345
20276,54110,0.60890335
20277,54498,0.056739822
20278,16731,0.0035121108
20279,42636,0.00599666
20280,62508,0.0022984236
20281,90813,0.11930205
20282,41148,4.2587846e-05
20283,91873,0.08124007
20284,90738,2.3559128e-06
20285,50946,0.06463914
20286,70142,0.004544401
20287,97000,1.4452242e-09
20288,101154,0.00037056158
20289,29694,0.084539406
20290,49358,0.05803009
20291,73863,0.04539426
20292,17248,0.054134574
20293,55426,0.056739822
20294,47298,8.9638044e-05
20295,104837,3.7677064e-06
20296,14115,0.15759139
20297,9236,0.0013449576
20298,69802,0.034139957
20299,56090,2.5033798e-05
20300,35680,4.4004202e-05
20301,58033,0.08131125
20302,11215,0.0034414073
20303,115933,0.026544008
20304,34532,0.009983382
20305,100517,0.11376301
20306,23154,2.647241e-05
20307,97814,0.0582493
20308,11721,2.0479585e-05
20309,58604,0.00020975285
20310,115052,0.0023330073
20311,77188,0.00729631
20312,96437,0.08738392
20313,18101,0.02616657
20314,40165,0.012657297
20315,53450,0.009341079
20316,53568,4.5641896e-06
20317,57504,1.8314646e-05
20318,61933,0.11345961
20319,1842,0.00054729456
20320,19306,0.008488988
20321,107658,0.0023330073
20322,74403,0.0005915742
20323,46498,0.01936364
20324,62479,0.013776537
20325,40056,5.6183963e-10
20326,34940,5.961242e-06
20327,89098,0.00011452531
20328,98095,0.0067060706
20329,10916,0.103404395
20330,65497,1.4374031e-05
20331,76415,0.07412055
20332,57106,0.017561007
20333,1985,0.0003058687
20334,8856,0.11202961
20335,26847,0.005888243
20336,4240,0.0007922473
20337,112620,0.09420895
20338,45944,0.005562384
20339,92718,5.2675427e-05
20340,78138,0.000107858505
20341,18477,5.659811e-07
20342,44434,0.026142929
20343,73910,0.04539426
20344,105671,0.00036190095
20345,98642,0.046947517
20346,74997,0.017452875
20347,84640,0.10557968
20348,27991,0.0034331717
20349,26234,0.008488988
20350,38346,1.8877525e-05
20351,76998,0.008449042
20352,112850,0.023820162
20353,93077,0.00940642
20354,24753,0.00015902391
20355,100888,2.6172145e-06
20356,38683,4.028331e-08
20357,12184,6.062924e-06
20358,41096,7.0586546e-05
20359,106904,0.02105874
20360,10181,0.017267156
20361,107428,0.022664648
20362,115752,0.02613434
20363,52764,0.0031197357
20364,37163,0.16891932
20365,90153,0.09960683
20366,80205,0.002712891
20367,70401,3.029146e-05
20368,61611,0.038754445
20369,73090,0.008248376
20370,69989,0.0053558815
20371,31359,0.039727192
20372,62833,5.0501008e-06
20373,76227,2.1839635e-07
20374,18859,1.3829984e-05
20375,34016,2.570407e-06
20376,41281,0.015696693
20377,81363,0.02927802
20378,111197,2.7184422e-05
20379,34435,0.07022405
20380,81548,0.0006550199
20381,62400,0.038754445
20382,113463,0.03785717
20383,111183,0.10247747
20384,12397,7.091045e-05
20385,101485,0.072241016
20386,60166,0.0022984236
20387,57273,4.093228e-08
20388,105523,0.019720268
20389,65711,0.0022978769
20390,16026,0.033063255
20391,41093,0.026142929
20392,32844,0.59166044
20393,112869,0.008486816
20394,3423,0.01727792
20395,34646,0.021710591
20396,94277,4.683073e-08
20397,29618,0.04432362
20398,45926,0.086019956
20399,24089,7.6212677e-06
20400,91968,0.033848137
20401,47054,0.002442462
20402,4043,0.04631059
20403,91120,0.078394376
20404,14965,0.085608646
20405,16929,0.05803009
20406,2481,0.0746777
20407,47896,4.0881052e-05
20408,111730,0.05202208
20409,53131,6.776812e-05
20410,3455,0.049451713
20411,61212,0.023820162
20412,19051,9.875142e-05
20413,48622,0.01943725
20414,38059,1.4695463e-06
20415,46323,4.101088e-05
20416,37339,1.5390302e-06
20417,102926,0.0016871915
20418,98528,0.05671502
20419,91670,0.116239734
20420,100740,0.02377865
20421,795,0.049336616
20422,101190,0.0022984236
20423,24182,4.640107e-07
20424,115666,0.021801373
20425,43561,1.3801722e-05
20426,88271,0.02377865
20427,86709,0.0053558815
20428,68874,0.00013344444
20429,7755,0.0032368968
20430,13572,0.0136639085
20431,14801,0.00034805082
20432,19372,0.0001518664
20433,70110,0.012102011
20434,73126,0.18273632
20435,8268,0.00027192716
20436,1806,4.9152102e-05
20437,45810,0.080349706
20438,31724,6.0523427e-05
20439,14380,0.020493431
20440,98366,0.09960683
20441,79379,0.0009665338
20442,49126,0.049336616
20443,35809,0.0007597861
20444,112571,0.005216284
20445,44737,0.04539426
20446,2854,0.02232074
20447,39497,4.4533617e-09
20448,27877,0.035874978
20449,91498,0.00068481296
20450,72950,0.08738392
20451,75402,0.002712891
20452,23971,1.4276379e-05
20453,26584,0.049310457
20454,83336,0.056715835
20455,79808,3.6309586e-05
20456,38823,0.020493431
20457,107185,4.8538203e-07
20458,38246,2.6401665e-05
20459,38714,2.2446095e-05
20460,101843,4.3284846e-05
20461,55093,0.021710591
20462,35271,0.03767647
20463,12766,6.062924e-06
20464,36353,0.30520377
20465,22545,0.023172531
20466,6916,3.044069e-08
20467,6314,8.152461e-05
20468,66838,7.4609425e-06
20469,10099,0.0003769116
20470,58029,0.004544401
20471,21242,0.10063616
20472,109687,0.02613434
20473,16935,0.10823642
20474,25476,2.6184828e-06
20475,69824,0.09320422
20476,66325,1.3000841e-05
20477,74092,0.008498998
20478,87799,0.08738392
20479,57172,0.049336616
20480,51328,0.08371235
20481,105136,0.0972324
20482,72769,0.0059590633
20483,72616,0.013214114
20484,55571,7.935594e-06
20485,84425,1.9841124e-05
20486,19545,0.06638965
20487,82331,0.037660237
20488,92928,0.078394376
20489,98601,0.08737103
20490,14841,0.00060515886
20491,112798,0.053443428
20492,78922,0.00095276296
20493,105776,0.02613434
20494,67532,0.09822407
20495,10708,7.086261e-06
20496,52588,0.04539426
20497,114418,0.09020935
20498,84579,0.004544401
20499,87198,1.318662e-05
20500,689,5.593355e-05
20501,12670,0.05673552
20502,85531,9.8219774e-05
20503,38865,0.006723107
20504,98083,0.0017569779
20505,59106,0.08785204
20506,59437,1.8768278e-05
20507,95673,8.1314065e-06
20508,11980,9.498081e-05
20509,79684,0.0051704235
20510,11686,0.00095266313
20511,48887,0.09320422
20512,103957,1.1751173e-06
20513,63692,0.049115162
20514,107587,6.100886e-06
20515,72539,0.002712891
20516,5155,0.033713084
20517,4088,0.049447946
20518,82374,0.021065777
20519,12096,0.049336616
20520,96683,0.0053558815
20521,17989,6.0622997e-06
20522,85196,0.026135925
20523,86495,0.021710591
20524,31837,0.00023568506
20525,30292,1.650422e-05
20526,25309,0.021679174
20527,52507,0.006100282
20528,27801,0.021679174
20529,12971,7.148668e-05
20530,9913,0.0014507081
20531,79731,5.2675427e-05
20532,51708,0.0065763663
20533,100317,0.02230342
20534,100197,0.084176905
20535,51463,0.23972273
20536,83202,0.013495838
20537,8990,0.0571985
20538,73447,0.002712891
20539,76177,0.011088824
20540,31400,0.0023129375
20541,83389,0.049336616
20542,58790,0.045339257
20543,47369,0.00011221356
20544,88191,0.0055271364
20545,67246,0.057985272
20546,8317,0.00014691001
20547,84082,0.09313801
20548,68628,3.659603e-06
20549,111039,0.05427509
20550,37310,0.023781514
20551,86087,0.013495838
20552,65740,0.0022978769
20553,44181,0.009616035
20554,63325,2.6472621e-06
20555,62009,0.09822407
20556,8174,0.00019053282
20557,51281,0.0064350194
20558,54114,0.05315191
20559,10685,0.027480789
20560,100694,0.05671502
20561,94549,0.1138376
20562,7949,0.0011181782
20563,33379,0.049283862
20564,113836,7.044869e-05
20565,61734,0.013776537
20566,11650,7.086261e-06
20567,96357,0.09024858
20568,115934,0.057532605
20569,105895,0.011679627
20570,77133,1.5505197e-05
20571,43887,1.2295465e-05
20572,21285,0.000400898
20573,80492,4.4995304e-06
20574,89254,1.5958522e-05
20575,69702,0.020436222
20576,17021,4.2233554e-05
20577,78003,1.8768278e-05
20578,7108,0.08731945
20579,45161,0.11523345
20580,35163,0.00012707018
20581,32839,0.005888243
20582,97036,1.3199138e-05
20583,71037,0.0073035657
20584,25218,7.168405e-07
20585,72891,0.004544401
20586,70614,0.01554043
20587,75216,0.04432362
20588,101566,0.08121795
20589,125,6.508264e-05
20590,34886,0.056739822
20591,18806,0.026963117
20592,5614,0.0007329125
20593,3286,1.7515235e-07
20594,18137,3.1648057e-08
20595,27369,0.03688575
20596,38413,0.026142929
20597,68,0.02169822
20598,73862,2.1605595e-06
20599,108946,0.08121795
20600,87181,0.00042258218
20601,111833,0.0039884783
20602,41354,0.021679174
20603,74169,0.15069528
20604,50076,0.002141017
20605,79223,7.2577654e-06
20606,80125,0.017265417
20607,71810,0.009943415
20608,78673,0.01333251
20609,5099,0.000658319
20610,4265,0.12352965
20611,60,0.00012681125
20612,22713,0.036712963
20613,111247,3.7651523e-06
20614,7362,0.029988755
20615,21924,3.913553e-07
20616,67576,0.0010501246
20617,58144,0.002712891
20618,68710,0.0053558815
20619,2379,0.08731945
20620,73385,1.4891146e-05
20621,51650,0.04432362
20622,48765,0.0034877039
20623,48290,2.0521484e-05
20624,32006,0.00034595153
20625,56294,9.249105e-05
20626,83445,0.0053558815
20627,34604,0.05803009
20628,50092,0.049336616
20629,3129,0.00039787593
20630,10232,0.00051189744
20631,60438,0.012290965
20632,11732,0.00014991943
20633,53108,4.3432872e-05
20634,64926,0.00034236116
20635,112910,0.008613776
20636,36391,0.021710591
20637,36462,0.023820162
20638,75707,0.011215673
20639,47048,0.07225981
20640,104666,0.00023460128
20641,55083,0.045339257
20642,17442,7.993822e-06
20643,96079,0.002712891
20644,80947,1.6400054e-05
20645,98445,0.08737103
20646,18922,0.00012088273
20647,92365,0.026135925
20648,106452,6.872157e-09
20649,111816,3.2941094e-07
20650,75476,0.07412055
20651,93584,8.12509e-07
20652,87113,1.8351328e-05
20653,50920,0.080362685
20654,33186,0.026181428
20655,22566,0.023781514
20656,41188,0.051653266
20657,64995,1.1627628e-05
20658,81850,0.0053558815
20659,54695,1.0240537e-05
20660,95277,2.0430836e-05
20661,92012,0.07304012
20662,17521,0.0006023693
20663,19138,0.0001792061
20664,57698,4.3821783e-06
20665,70649,1.8656567e-05
20666,69098,0.001661457
20667,68835,0.056715835
20668,54359,0.0140930265
20669,102704,0.00037083283
20670,80447,0.00043374623
20671,78107,3.9626793e-06
20672,17047,6.383711e-05
20673,102916,7.753269e-06
20674,76252,0.022603992
20675,95900,0.010499098
20676,29784,0.026539646
20677,21048,0.09320422
20678,57275,1.3387558e-05
20679,101808,0.0023515522
20680,70543,0.06384397
20681,100617,3.259424e-06
20682,115759,0.057162806
20683,2049,0.00027361445
20684,37424,0.00023196338
20685,43519,9.902999e-05
20686,25027,0.0022883825
20687,20521,0.14577499
20688,31488,0.021679174
20689,25243,6.1625497e-07
20690,31885,7.1652794e-05
20691,2417,0.10402916
20692,39961,2.4565763e-06
20693,38856,0.020810252
20694,67598,0.04393397
20695,4199,4.9767663e-05
20696,80691,0.0057509392
20697,8683,9.817417e-05
20698,87743,0.0410023
20699,88932,1.5127403e-05
20700,11067,7.780883e-05
20701,3200,0.0001496445
20702,35131,0.0023059489
20703,96603,0.09960683
20704,3637,0.0007040818
20705,110513,0.019720268
20706,21844,0.026142929
20707,38689,0.021679174
20708,53723,1.3227376e-05
20709,13110,6.062924e-06
20710,13895,0.04539426
20711,48257,9.525137e-05
20712,35092,0.16894756
20713,75121,1.00652926e-07
20714,67056,0.010038129
20715,19573,0.023806605
20716,54445,7.776291e-10
20717,86694,0.0013524359
20718,36163,1.16532265e-05
20719,25363,0.0023129375
20720,12146,0.027779121
20721,15046,0.00019920687
20722,59447,0.08738392
20723,40462,1.9611467e-05
20724,87183,0.0014712651
20725,57206,0.07412055
20726,7750,0.002769506
20727,83901,0.012030361
20728,105781,0.026963117
20729,113099,1.2756706e-05
20730,107062,5.191146e-05
20731,96285,2.606285e-05
20732,77544,0.026135925
20733,109635,0.09960151
20734,83130,0.049336616
20735,31220,0.021679174
20736,75974,4.4995304e-06
20737,71309,0.07412055
20738,27315,0.049310457
20739,99618,0.02377865
20740,42957,1.018075e-08
20741,36758,0.0064678607
20742,19493,0.00047558406
20743,33403,1.149418e-05
20744,96574,0.021672681
20745,36528,7.4970108e-06
20746,11080,0.07791698
20747,91412,9.3118007e-07
20748,107934,0.00019765731
20749,35556,0.049336616
20750,60860,0.11523532
20751,96606,0.049790468
20752,106552,0.0016928754
20753,28104,0.13736826
20754,56608,0.01665498
20755,79786,0.049336616
20756,5966,0.0023559637
20757,54453,2.6524908e-06
20758,31417,0.036700126
20759,78426,0.100309476
20760,56414,0.026181428
20761,73594,0.021065777
20762,95156,0.113523215
20763,4591,0.00041802687
20764,24773,0.0024472682
20765,71089,4.0894734e-05
20766,68338,3.9626793e-06
20767,56443,0.09320422
20768,78867,0.00026521133
20769,95456,0.026181428
20770,60932,0.005937719
20771,32360,0.16883552
20772,39840,0.023781514
20773,11666,0.14135665
20774,4549,0.04432362
20775,88134,2.7527787e-05
20776,55505,0.022630887
20777,54755,5.5396335e-06
20778,53975,5.5396335e-06
20779,76133,1.1223244e-06
20780,6147,0.00012450833
20781,31516,0.00016433284
20782,9013,0.0010320103
20783,100745,0.09020935
20784,25847,0.00085417175
20785,34077,2.6524908e-06
20786,29646,0.00033596996
20787,28620,0.0030730667
20788,109153,1.1192856e-06
20789,18623,0.09320422
20790,108867,5.6818604e-05
20791,45323,0.026963117
20792,9633,0.0007922473
20793,34334,0.00914443
20794,56900,0.034269795
20795,32541,0.021679174
20796,78282,0.0062027792
20797,62697,0.016967628
20798,101063,0.019516952
20799,65105,1.5505197e-05
20800,72310,0.07412055
20801,43852,0.026142929
20802,60260,2.7804358e-06
20803,73334,0.05803009
20804,20237,0.045339257
20805,81658,0.045353234
20806,52124,0.0059590633
20807,84774,3.0257625e-06
20808,14562,8.494594e-06
20809,100444,9.951765e-06
20810,75385,4.193033e-06
20811,63733,0.005556081
20812,39047,0.00015783925
20813,103159,0.043887034
20814,60745,0.026181428
20815,72027,0.09024858
20816,22691,0.0064678607
20817,68773,1.5630798e-05
20818,35264,0.010339818
20819,82776,0.021672681
20820,104068,9.6901626e-05
20821,93535,0.06384397
20822,37976,6.2115646e-07
20823,82569,0.08131125
20824,5183,4.9152102e-05
20825,16472,1.294058e-07
20826,62165,6.5829504e-08
20827,72524,0.015696693
20828,37980,0.016758706
20829,104899,7.8162295e-05
20830,66636,2.9480609e-05
20831,71142,0.00022299158
20832,80671,5.0328213e-06
20833,13433,9.5446085e-06
20834,97160,0.029797807
20835,74738,0.010650898
20836,2869,0.03274969
20837,100424,0.008785493
20838,32737,0.029797807
20839,68883,0.021672681
20840,82920,0.013495838
20841,1342,0.005815279
20842,80335,0.0022984236
20843,115254,0.06217889
20844,90301,9.550026e-06
20845,42143,0.007613258
20846,93358,0.013461371
20847,19309,3.348149e-05
20848,23145,2.0776371e-05
20849,28112,2.00487e-06
20850,109065,0.038751595
20851,66494,1.4989379e-06
20852,39150,3.653365e-05
20853,106879,1.3393828e-05
20854,49964,0.0014494993
20855,460,2.0271016e-05
20856,28533,1.9679514e-05
20857,47852,0.00017678761
20858,95275,0.04534585
20859,66368,3.9028814e-06
20860,48493,0.00085520034
20861,27639,8.9804365e-05
20862,91902,0.0004424679
20863,85978,0.08738392
20864,66737,5.124553e-05
20865,886,0.0002794245
20866,80085,0.01642166
20867,81374,2.4856e-05
20868,85400,0.026135925
20869,10551,7.086261e-06
20870,87411,0.17370416
20871,97026,0.10217533
20872,52328,4.030644e-06
20873,72722,0.023172531
20874,91218,0.017561007
20875,76914,3.365108e-05
20876,102585,0.0032039708
20877,85106,0.002712891
20878,76355,0.00028716112
20879,84960,4.946518e-06
20880,11285,0.00023931329
20881,94032,0.011088824
20882,60112,0.10248803
20883,80423,0.04431442
20884,42027,0.015705625
20885,55585,1.5848187e-08
20886,23780,0.04393397
20887,47324,7.08953e-05
20888,21577,0.09962154
20889,74910,0.03088672
20890,59566,0.00015458668
20891,31176,0.026181428
20892,28490,0.00035043224
20893,58659,0.09422598
20894,101197,0.004084945
20895,98404,0.0410023
20896,22023,1.4430837e-07
20897,47690,2.0521484e-05
20898,82227,0.034138534
20899,46769,0.04539426
20900,11189,0.10403854
20901,9580,5.1110048e-05
20902,49172,0.05803009
20903,88179,0.026135925
20904,93293,0.04534585
20905,54411,1.3472448e-05
20906,75563,9.036296e-06
20907,11104,1.2349076e-06
20908,70084,0.08738392
20909,86066,0.049336616
20910,58534,0.00019584941
20911,25173,0.049310457
20912,111241,0.00014718763
20913,115932,0.04809342
20914,39719,0.029797807
20915,95387,0.005275688
20916,37483,4.7101184e-05
20917,19017,2.4416977e-07
20918,112660,0.010358963
20919,11156,7.102306e-05
20920,8963,0.08731945
20921,62588,0.012290965
20922,19891,0.0039485223
20923,59705,0.0811453
20924,28473,0.00019488373
20925,53087,0.04432362
20926,47789,0.08501622
20927,14632,0.0009652215
20928,4250,0.00022806853
20929,89119,0.012030361
20930,47278,0.04393397
20931,86690,0.026135925
20932,92978,0.009634675
20933,14318,1.0919966e-05
20934,23964,1.9697277e-06
20935,46837,6.0523427e-05
20936,1974,0.0055119474
20937,18709,2.3106802e-06
20938,9869,2.0422965e-05
20939,68729,9.550026e-06
20940,103146,0.09420895
20941,21177,7.289304e-05
20942,61616,5.3637527e-06
20943,34348,0.00014615076
20944,14943,0.098173305
20945,16947,1.1382178e-06
20946,108478,0.037660237
20947,81815,0.0972324
20948,79639,0.0010252846
20949,83839,0.010650898
20950,81460,0.021830883
20951,104419,0.06384397
20952,104311,0.02613434
20953,54633,4.2752905e-08
20954,78723,0.014005615
20955,91690,0.03178816
20956,12229,1.24989665e-05
20957,84344,0.10034625
20958,11959,5.302267e-05
20959,69181,0.011889775
20960,74635,0.00031301455
20961,52992,0.011679627
20962,78148,0.00028557837
20963,61420,0.017561007
20964,64768,3.515951e-06
20965,112769,0.023820162
20966,11620,0.0010605064
20967,64490,9.091149e-09
20968,46638,0.005888243
20969,20116,0.0013631891
20970,7655,0.00019379344
20971,65538,0.00010945576
20972,47917,5.489974e-05
20973,109518,0.0053533465
20974,90425,0.02377865
20975,106696,0.013506431
20976,107596,0.046606004
20977,56452,0.02468026
20978,85815,0.021830883
20979,11781,0.09962154
20980,32759,0.0003962559
20981,10190,0.0571985
20982,66562,0.005275688
20983,37907,2.291083e-05
20984,11452,8.514051e-06
20985,94098,1.304462e-05
20986,17935,7.993822e-06
20987,31008,0.03767647
20988,108621,1.8314646e-05
20989,42678,0.04539426
20990,115523,9.115915e-05
20991,57949,0.021710591
20992,5691,0.0013806892
20993,93349,0.00017386596
20994,32185,1.1888119e-08
20995,115248,0.023801154
20996,88905,0.036868095
20997,114698,0.11376301
20998,111939,0.08734493
20999,90339,0.02377865
21000,16538,0.00014747394
21001,48158,1.8656567e-05
21002,35344,0.0016332725
21003,102929,0.02613434
21004,79045,0.07412055
21005,58333,0.026181428
21006,44644,0.0007442098
21007,37156,0.026142929
21008,36643,9.786218e-05
21009,43225,0.038754445
21010,76011,0.0034780952
21011,65595,0.005874181
21012,31279,0.026841305
21013,38000,6.6452e-05
21014,94878,6.121725e-05
21015,2548,0.025353573
21016,98461,0.00015462929
21017,112007,0.021672681
21018,1300,0.00035593894
21019,47548,0.099611595
21020,95445,0.03683046
21021,10489,0.0011692485
21022,77086,8.646138e-05
21023,83648,0.18901686
21024,106111,2.2327627e-05
21025,81801,0.013495838
21026,82128,0.0053558815
21027,72385,6.932647e-10
21028,97965,3.0255987e-07
21029,68152,0.0962711
21030,69761,2.2506883e-05
21031,44454,2.6472621e-06
21032,24550,0.016967628
21033,14840,4.068088e-05
21034,115373,0.5740395
21035,58806,0.008498998
21036,48508,0.049336616
21037,28289,0.0059187314
21038,10385,0.049447946
21039,45532,0.0073035657
21040,54059,9.44157e-05
21041,8321,4.9152102e-05
21042,87659,9.574139e-05
21043,30577,0.026188651
21044,103624,0.013935149
21045,16520,1.6090237e-08
21046,71353,0.014803972
21047,63935,0.00025245955
21048,24227,0.052510794
21049,79946,0.1138376
21050,87501,0.0059239045
21051,31678,1.6427496e-09
21052,36593,1.1714712e-05
21053,110652,0.05028926
21054,89033,8.357923e-06
21055,6363,0.0008595871
21056,21872,0.0075480053
21057,107639,0.00015889402
21058,20701,4.101088e-05
21059,97376,2.6461869e-06
21060,51028,0.0016888067
21061,26010,0.04319495
21062,50550,0.04432362
21063,35448,0.06384397
21064,8110,0.001836615
21065,42719,2.0529056e-05
21066,113283,0.057532605
21067,42051,0.020099442
21068,104179,0.10451877
21069,12231,3.7817306e-05
21070,13021,0.049336616
21071,96853,0.0031419564
21072,101735,0.0031419564
21073,6614,0.09960311
21074,77376,0.056715835
21075,33454,0.0055257264
21076,109870,0.02613434
21077,8637,0.00023931329
21078,303,0.027779121
21079,24809,6.464693e-08
21080,84557,0.06233456
21081,105712,0.00018195808
21082,13398,0.012421627
21083,62287,0.021710591
21084,38171,0.0016292211
21085,87250,0.02377865
21086,97685,7.3741885e-06
21087,94786,0.08738392
21088,104970,0.023139397
21089,46189,0.0013656567
21090,47253,0.0045550605
21091,12723,0.0034559383
21092,73164,0.026135925
21093,6091,0.00027412045
21094,57876,0.08738392
21095,7528,0.049447946
21096,1287,0.19400503
21097,10867,0.00043523
21098,22096,4.8015374e-07
21099,64403,0.005275688
21100,114882,0.0045299367
21101,59948,0.0041604755
21102,110863,0.000354895
21103,4353,0.00014624612
21104,46849,0.023781514
21105,61824,0.07412055
21106,3635,0.0002723132
21107,25519,0.021679174
21108,5230,9.220854e-05
21109,65491,0.0001595683
21110,83735,0.023770144
21111,46416,0.026963117
21112,110969,0.038716786
21113,31353,0.0015422205
21114,78503,0.0059590633
21115,51323,0.0059590633
21116,44518,0.049310457
21117,33974,8.9642395e-05
21118,22236,2.6184828e-06
21119,107672,4.360415e-05
21120,37984,4.3752556e-05
21121,31650,0.00061324064
21122,111271,4.7094445e-06
21123,77481,0.036700126
21124,16548,0.017274432
21125,86686,0.004544401
21126,64965,0.00013741948
21127,70811,1.5798228e-06
21128,10077,0.0013954936
21129,26189,0.0037516905
21130,71623,0.026135925
21131,40887,1.5969208e-05
21132,43009,3.639569e-07
21133,74977,0.07224388
21134,21630,1.4322882e-05
21135,94618,0.015177455
21136,3219,0.19400503
21137,56316,0.026626956
21138,15244,2.8936041e-05
21139,28173,0.000223944
21140,89347,4.0340897e-06
21141,58306,0.00013847508
21142,25016,0.00071080244
21143,95617,2.7588487e-07
21144,39002,7.7178556e-05
21145,56307,0.011437419
21146,30647,3.630415e-05
21147,16883,0.0004257561
21148,86784,0.023895368
21149,113771,0.012095702
21150,59134,9.071983e-06
21151,11564,0.0015388936
21152,11328,0.08733589
21153,77896,0.020436222
21154,27058,1.980239e-05
21155,17177,4.4434873e-05
21156,5472,0.05673552
21157,69482,0.004544401
21158,18521,0.0052339705
21159,56391,0.021710591
21160,60898,1.3199552e-06
21161,93949,0.000117622614
21162,22646,0.000102607504
21163,113592,0.05202208
21164,14014,8.08825e-06
21165,40169,0.045339257
21166,43823,0.035874978
21167,42608,0.00599666
21168,40351,0.030245412
21169,39266,0.038754445
21170,76452,4.508611e-05
21171,18332,0.045339257
21172,71515,0.021672681
21173,72873,0.014385689
21174,59935,0.012102011
21175,11087,0.046310052
21176,75580,4.4995304e-06
21177,104682,0.02443708
21178,30238,9.092632e-06
21179,77480,0.0053558815
21180,67894,2.6461869e-06
21181,31745,0.00011967615
21182,103251,0.002712891
21183,16668,0.056731988
21184,106798,2.0551073e-05
21185,84815,0.021672681
21186,72002,0.026135925
21187,95212,0.09020935
21188,70548,0.049336616
21189,42436,0.06233456
21190,5107,0.00016998404
21191,88511,9.066646e-09
21192,72945,2.7848071e-05
21193,17186,1.7781096e-05
21194,96367,0.016528882
21195,80345,0.08737103
21196,29936,0.00016095201
21197,55528,0.0133647015
21198,84531,0.004544401
21199,32857,0.049283862
21200,105659,0.005874181
21201,81138,0.006100282
21202,14873,1.27529e-05
21203,108430,0.084192276
21204,59206,0.0972324
21205,78730,8.12509e-07
21206,4125,0.00013818806
21207,36702,0.005888243
21208,52144,3.0673743e-07
21209,98478,8.928205e-05
21210,42323,1.3396268e-05
21211,115068,0.097816624
21212,87486,0.049336616
21213,104045,0.12038406
21214,1745,0.013507568
21215,45327,0.00035043224
21216,27115,0.17122293
21217,102262,5.328599e-06
21218,58848,0.0001888585
21219,14890,3.144261e-06
21220,47162,1.5795728e-06
21221,15823,0.0028251747
21222,107682,0.002712891
21223,7901,0.014447276
21224,108811,3.7273232e-05
21225,80252,0.021065777
21226,40227,0.00017189757
21227,110986,0.02363941
21228,7442,0.0036479724
21229,105293,0.00028475866
21230,59162,0.017274432
21231,12757,0.020493431
21232,36001,0.021710591
21233,16166,0.021153634
21234,75033,5.808014e-05
21235,95300,9.299354e-05
21236,9687,0.049447946
21237,1053,0.08864416
21238,112979,0.00027988336
21239,85772,0.00034111092
21240,35148,3.4752004e-05
21241,93331,0.04929791
21242,57452,0.08655486
21243,45832,0.038754445
21244,90548,0.04929791
21245,26312,0.026701422
21246,101719,2.6172145e-06
21247,94780,0.006397683
21248,48187,0.0004820521
21249,11393,0.014447276
21250,23575,0.0011323781
21251,107208,3.2921946e-06
21252,17246,5.593355e-05
21253,113682,2.364884e-08
21254,68785,0.08738392
21255,112815,0.00041921885
21256,111036,0.020476043
21257,63925,0.0055510015
21258,12250,4.816796e-05
21259,110473,3.412383e-05
21260,96904,0.021672681
21261,18256,0.02616657
21262,55121,1.26052155e-05
21263,60444,0.004544401
21264,85981,2.239821e-06
21265,65794,0.0022978769
21266,95142,0.026181428
21267,11698,0.0015847485
21268,12377,2.655508e-06
21269,55861,0.03767647
21270,13106,0.012584036
21271,105710,0.0010543378
21272,15014,1.6080933e-09
21273,42884,0.023781514
21274,115179,0.0023176926
21275,43442,0.023781514
21276,5689,0.00022288083
21277,23864,2.0521484e-05
21278,41479,0.0013937531
21279,88175,0.08738392
21280,115442,0.058274638
21281,19222,0.020493431
21282,10357,0.03274922
21283,55756,7.060095e-05
21284,19725,2.5286812e-05
21285,8978,2.8123146e-05
21286,76677,0.026135925
21287,76457,1.7522283e-05
21288,107401,0.055771064
21289,112191,7.388345e-06
21290,86349,6.5394834e-06
21291,65243,1.1014862e-08
21292,37168,0.049283862
21293,113774,9.6901626e-05
21294,15531,0.012290965
21295,25272,0.0017311512
21296,1406,3.819872e-05
21297,51027,0.006340132
21298,72381,0.056997195
21299,14476,3.4447353e-06
21300,48011,0.0013643716
21301,112557,1.8852521e-08
21302,20666,1.3829984e-05
21303,53921,0.049336616
21304,66812,0.0022984236
21305,55267,2.2915368e-07
21306,62760,0.09320422
21307,95946,0.013999118
21308,892,0.053829532
21309,110994,0.0005218601
21310,79521,2.1111797e-05
21311,115260,0.021710591
21312,89625,0.0003362731
21313,107553,1.7181144e-06
21314,109174,0.011679627
21315,83820,0.038751595
21316,70384,0.0059590633
21317,54903,2.6723771e-06
21318,39945,0.026142929
21319,106685,0.0011567941
21320,44043,0.005978615
21321,55115,0.023820162
21322,15293,0.09849436
21323,82002,6.7488356e-05
21324,91648,0.004544401
21325,29614,0.029797807
21326,59920,0.08862705
21327,45517,0.00013928315
21328,99868,0.006499418
21329,57184,1.3043512e-05
21330,102768,0.038768277
21331,65242,0.005937719
21332,47860,0.011181294
21333,90662,0.0020686777
21334,48938,0.016967628
21335,80678,0.033284225
21336,106473,2.367151e-05
21337,64304,1.2317823e-05
21338,89876,0.021710591
21339,79126,0.057532605
21340,99417,8.8857545e-05
21341,45618,0.017452875
21342,94257,0.029797807
21343,36839,0.1692447
21344,75086,0.03088672
21345,21998,0.00014787639
21346,68943,0.12295235
21347,29722,0.176776
21348,35858,0.021710591
21349,6989,0.00025502805
21350,35202,0.020493431
21351,10008,0.00054564344
21352,5801,5.6749668e-05
21353,73788,3.9626793e-06
21354,22555,0.016483126
21355,100386,0.010730069
21356,103007,0.11938822
21357,26962,3.7141962e-07
21358,60495,0.033284225
21359,115694,1.6525765e-06
21360,53372,1.40983305e-08
21361,62472,0.049336616
21362,58425,0.1162526
21363,45773,0.012269409
21364,48300,8.428425e-05
21365,75198,0.080085464
21366,13709,0.03701975
21367,4594,0.05673552
21368,56071,0.021710591
21369,92046,0.0972324
21370,79686,3.788188e-05
21371,48516,1.3043512e-05
21372,12378,1.142055e-06
21373,82853,0.002712891
21374,106041,0.010810303
21375,40668,9.872644e-06
21376,50514,0.00786612
21377,34861,0.1162526
21378,24333,0.013507568
21379,68696,7.6947e-05
21380,72644,0.0053558815
21381,62340,0.00018825298
21382,6380,0.00021016263
21383,108056,5.09564e-08
21384,97830,0.0410023
21385,106691,4.986738e-05
21386,93991,0.03305783
21387,71612,3.9626793e-06
21388,11144,0.00020744273
21389,88309,0.005273019
21390,61304,0.11345961
21391,60085,1.9763773e-05
21392,76288,0.04977957
21393,39039,0.036712963
21394,114264,0.057532605
21395,22669,0.0003585636
21396,8478,0.00019764356
21397,107771,5.658847e-09
21398,78597,0.026135925
21399,49197,0.062948346
21400,9960,0.00022244094
21401,106044,0.008517438
21402,72414,0.026135925
21403,81667,6.119696e-06
21404,10152,0.03274922
21405,94323,0.08738392
21406,72298,0.029797807
21407,18774,0.02616657
21408,113061,0.0053533465
21409,105409,0.008538475
21410,106735,1.3628606e-06
21411,48480,0.020780627
21412,80324,0.00729631
21413,8300,0.00015560028
21414,107642,9.844361e-09
21415,47748,0.09320422
21416,32080,1.8516768e-06
21417,80550,2.6174441e-06
21418,108349,7.695251e-06
21419,80735,0.0058729476
21420,101471,0.00013292502
21421,19801,2.1142914e-06
21422,49039,0.020493431
21423,19226,1.3829984e-05
21424,112177,0.007572133
21425,15268,0.00021075962
21426,115219,2.62419e-06
21427,31615,2.9132464e-06
21428,115288,0.026181428
21429,113319,0.09420429
21430,48831,0.026181428
21431,92122,0.017265417
21432,31194,0.080349706
21433,55248,1.01643645e-05
21434,86531,0.023640115
21435,111584,0.00091958605
21436,105388,0.029797807
21437,42150,0.0025743013
21438,24423,2.0668884e-05
21439,67730,0.014494655
21440,108743,0.0032778287
21441,89805,0.004465827
21442,7585,0.046310052
21443,39928,3.0460174e-06
21444,98402,0.07112336
21445,54499,0.0059590633
21446,2313,0.03371559
21447,52284,0.0064350194
21448,44886,0.06463914
21449,98236,5.9142315e-07
21450,100366,0.04929791
21451,98672,0.08124007
21452,85163,0.020493431
21453,2337,0.02621972
21454,24488,0.013476603
21455,24714,0.013776537
21456,88930,0.007245848
21457,106870,0.004544401
21458,58322,0.09024858
21459,67958,0.09422598
21460,63757,0.015839577
21461,71830,6.266238e-08
21462,18145,2.0796335e-06
21463,28372,2.3631087e-06
21464,45281,1.6933677e-09
21465,15448,0.002104398
21466,90623,0.0002449798
21467,113485,0.0075712553
21468,17330,9.38254e-05
21469,16042,0.0035121108
21470,37469,0.0001535356
21471,9405,0.0008436924
21472,19659,0.020949733
21473,97078,0.08737103
21474,7458,0.0006202021
21475,93162,0.0053558815
21476,13637,0.0034559383
21477,75725,0.027453968
21478,73961,0.00033316948
21479,55315,2.052463e-06
21480,5049,0.03274922
21481,66142,0.014607486
21482,111168,6.9485764e-09
21483,80093,0.08131125
21484,48890,1.0026353e-08
21485,103277,8.8857545e-05
21486,97751,0.02613434
21487,32521,0.01911473
21488,62599,1.207178e-06
21489,27510,7.702792e-06
21490,67738,0.02377865
21491,50695,0.021710591
21492,10224,0.049447946
21493,83500,0.01554043
21494,95884,0.013461371
21495,24165,0.026142929
21496,102748,0.08738392
21497,26439,0.017561007
21498,16639,8.071522e-06
21499,90356,0.09422598
21500,53287,7.6568185e-08
21501,101569,0.122919805
21502,102664,0.04534585
21503,48099,0.07412055
21504,30486,0.026181428
21505,4969,0.33605537
21506,72684,0.020436222
21507,67329,0.026135925
21508,96713,2.0782913e-05
21509,101145,1.0920633e-05
21510,26006,2.4408694e-06
21511,11026,0.0007922473
21512,43787,0.021679174
21513,109,0.00023931329
21514,88605,2.5996349e-05
21515,12259,0.12472075
21516,111144,0.013992524
21517,94112,0.05671502
21518,85281,9.032247e-06
21519,87598,2.5996349e-05
21520,19393,0.046257675
21521,111392,2.6172145e-06
21522,11304,0.0010688835
21523,8537,3.951539e-06
21524,42365,0.021830883
21525,12322,3.6318232e-07
21526,28857,0.0015030389
21527,66594,0.013329179
21528,103973,0.00074147474
21529,77637,0.053443428
21530,54172,1.4097669e-05
21531,16062,6.2938807e-06
21532,86055,0.015688747
21533,36006,0.005888243
21534,101622,2.2374585e-05
21535,8032,0.0003020548
21536,105475,4.1759695e-06
21537,112426,0.00034951986
21538,105414,0.09313801
21539,53396,0.02666514
21540,40130,6.134676e-05
21541,77691,9.2907415e-09
21542,16672,0.0007566228
21543,98969,0.010730069
21544,78652,0.013776537
21545,89245,2.6174441e-06
21546,8430,0.049447946
21547,111278,1.1566943e-05
21548,34020,0.005888243
21549,29647,1.3022619e-05
21550,77394,0.021710591
21551,95110,1.7480073e-06
21552,96632,3.0730345e-11
21553,55860,0.05803009
21554,13679,0.000105564264
21555,67499,0.012304425
21556,31901,0.037550148
21557,78198,0.004544401
21558,14627,0.04393397
21559,5307,0.0010923742
21560,24628,2.0521484e-05
21561,57964,0.012102011
21562,78599,5.366356e-05
21563,48206,0.07224388
21564,14829,0.08041396
21565,75730,0.045353234
21566,109741,0.00024440847
21567,87191,2.6524908e-06
21568,46965,0.00017696555
21569,99554,0.02377865
21570,44486,0.022096086
21571,87028,0.021830883
21572,98097,5.5396335e-06
21573,96677,8.862305e-05
21574,18188,1.197822e-07
21575,80776,0.002712891
21576,43083,0.021679174
21577,32969,0.2423718
21578,24233,0.00025387522
21579,39890,4.117681e-09
21580,72863,0.012030361
21581,112884,0.057988025
21582,72703,0.026135925
21583,41672,0.16894756
21584,61488,0.00020975285
21585,51456,0.067599826
21586,73907,0.00080160267
21587,112189,0.082630284
21588,60067,0.011437419
21589,87439,0.02377865
21590,77348,0.029797807
21591,66729,1.4220789e-05
21592,93660,0.0023059489
21593,38974,1.0738626e-06
21594,95138,0.006100282
21595,64421,0.005937719
21596,107679,0.02613434
21597,44601,0.085608646
21598,101448,0.002712891
21599,41829,1.0207552e-06
21600,17766,3.880305e-05
21601,104671,0.0059341174
21602,34533,1.3387558e-05
21603,80720,0.004544401
21604,12582,2.9556777e-09
21605,32289,1.6933677e-09
21606,38149,1.5630798e-05
21607,107889,0.023801154
21608,34693,0.062948346
21609,15213,2.4490575e-07
21610,15479,0.018624028
21611,88186,0.004544401
21612,24986,0.05699746
21613,88497,7.1630393e-06
21614,109737,0.0053533465
21615,102650,4.5918685e-07
21616,31780,0.0011595992
21617,104082,9.535343e-05
21618,96549,1.7587909e-05
21619,112889,0.03178816
21620,55182,0.026181428
21621,97038,0.005937719
21622,19595,5.986789e-05
21623,28559,0.017662093
21624,32522,8.636283e-05
21625,1024,0.00018866573
21626,73765,0.026135925
21627,32336,0.0005481902
21628,105983,0.049530882
21629,59430,5.3086518e-05
21630,114187,0.00021008712
21631,20122,9.875142e-05
21632,66778,9.1872846e-07
21633,68498,0.00012976538
21634,102153,0.056715835
21635,4750,0.08731945
21636,2612,0.056739822
21637,37149,2.6184828e-06
21638,89332,0.005937719
21639,85986,0.0047511463
21640,58923,0.012290965
21641,88720,2.349388e-06
21642,69102,3.6551664e-05
21643,64778,0.0022984236
21644,108197,0.0526147
21645,16011,0.0058192923
21646,67771,0.026135925
21647,62964,0.026143705
21648,54721,0.0059590633
21649,9090,8.942279e-07
21650,96950,0.1313083
21651,112638,0.08121349
21652,47797,0.17672649
21653,88563,0.002712891
21654,14755,0.00046834614
21655,76756,0.058013294
21656,114131,2.6755467e-06
21657,63544,1.1646305e-05
21658,45506,0.00014381336
21659,33711,0.60890335
21660,57305,0.0007814774
21661,71306,2.4414119e-06
21662,47261,1.9697277e-06
21663,64454,1.1269459e-06
21664,49011,0.05803009
21665,31714,1.0413536e-08
21666,82737,0.00024112746
21667,38474,1.4733318e-05
21668,60229,0.025687402
21669,39402,2.0914413e-05
21670,87025,0.003773461
21671,10726,0.00015396133
21672,32574,0.021679174
21673,98105,5.946026e-07
21674,50081,0.026181428
21675,104043,1.0659931e-05
21676,97622,0.00016606016
21677,93278,0.09020935
21678,94265,2.3287623e-07
21679,26252,1.3938252e-05
21680,17349,0.00012818848
21681,54775,0.022062706
21682,22431,0.006723107
21683,83542,0.05315191
21684,61089,5.366356e-05
21685,12819,0.01596524
21686,32247,0.042505115
21687,91652,8.3392355e-05
21688,79055,3.1854775e-06
21689,114869,0.0010958179
21690,58068,0.00012210623
21691,24091,0.015696693
21692,85136,0.06384397
21693,101372,0.08737103
21694,8011,0.0004989771
21695,28213,0.021679174
21696,42956,1.3323213e-05
21697,28218,0.049310457
21698,78837,0.0062482697
21699,111007,0.002712891
21700,48995,0.023820162
21701,109709,0.0039400565
21702,94168,0.09020935
21703,36324,0.023820162
21704,30366,5.7173006e-06
21705,49444,0.049336616
21706,5501,0.037673306
21707,5943,0.14161082
21708,85936,0.15785247
21709,57231,0.1162526
21710,42626,0.007080028
21711,27936,0.00026861957
21712,4765,0.0022158404
21713,100622,1.1230578e-06
21714,74824,0.11124946
21715,52067,0.07394152
21716,32126,0.00025245955
21717,113593,0.00024440847
21718,103360,0.017745905
21719,23400,0.0047368207
21720,12255,0.1162526
21721,71325,1.5755694e-07
21722,28171,1.11192e-05
21723,29224,0.017933529
21724,113301,0.11330806
21725,75063,1.6348415e-05
21726,38957,0.005888243
21727,70998,0.1138376
21728,113128,0.023820162
21729,92527,0.00059672736
21730,111545,9.33914e-05
21731,83340,0.0022967674
21732,73261,0.026135925
21733,28980,0.023820162
21734,9494,6.762049e-05
21735,85071,0.00011160019
21736,73890,0.17672649
21737,54125,0.0031419564
21738,30630,0.04539426
21739,3506,0.00024125233
21740,91173,1.6058977e-05
21741,85889,0.017561007
21742,60802,3.179841e-06
21743,98871,0.02377865
21744,91106,0.012094505
21745,49558,0.02544355
21746,15260,6.715079e-07
21747,57186,2.7674153e-07
21748,83863,1.0433234e-05
21749,104148,0.09420895
21750,59842,0.026963117
21751,78307,0.059409834
21752,65574,0.021190042
21753,72040,0.0023059489
21754,100260,0.0223023
21755,44574,0.023781514
21756,39352,0.023781514
21757,36517,0.049336616
21758,29113,0.026181428
21759,49206,0.09962154
21760,92206,2.5286812e-05
21761,26376,0.049310457
21762,101547,0.00051290233
21763,61275,0.00020975285
21764,34479,4.1104657e-05
21765,92386,0.009634675
21766,113872,0.005226399
21767,6053,0.0013488341
21768,103594,3.8526982e-06
21769,54644,7.7844746e-08
21770,83623,7.0611386e-05
21771,19416,0.0042543993
21772,11310,4.9152102e-05
21773,61395,0.011097109
21774,8910,0.055004474
21775,86893,0.05671502
21776,94969,0.00013250299
21777,40863,0.065444686
21778,1553,0.0035121108
21779,53391,0.0065763663
21780,12482,7.1101567e-06
21781,47576,0.0012213821
21782,1592,3.983777e-05
21783,104185,1.1552501e-05
21784,45015,0.029977527
21785,99383,0.002712891
21786,96474,0.010485919
21787,9474,0.031894423
21788,91182,0.0031419564
21789,91325,0.004544401
21790,10608,1.483442e-08
21791,74083,0.07412055
21792,81091,6.727653e-09
21793,10135,7.3373136e-05
21794,16537,0.03767116
21795,16795,2.4058174e-05
21796,55239,0.017561007
21797,103300,0.02613434
21798,91010,0.026135925
21799,101128,9.703198e-07
21800,61544,2.0521484e-05
21801,89577,0.00034399488
21802,70368,9.600752e-05
21803,26398,0.010438793
21804,55017,0.04539426
21805,81225,0.09962154
21806,20894,0.00059239875
21807,24491,0.021679174
21808,75019,0.004544401
21809,94711,0.029797807
21810,61326,2.6472621e-06
21811,9253,0.04090679
21812,31875,0.021679174
21813,4152,0.00033216286
21814,79240,0.00016635319
21815,48085,0.08647778
21816,54654,8.477724e-05
21817,58699,2.9338946e-05
21818,76504,0.0053558815
21819,10717,0.024926446
21820,63994,9.087152e-05
21821,37486,0.013908158
21822,61698,4.391198e-05
21823,5213,0.05673552
21824,79626,0.013495838
21825,6718,5.4851178e-05
21826,2503,0.038565822
21827,33485,1.9697277e-06
21828,56376,2.1228834e-05
21829,99679,0.09960683
21830,36748,0.0016859873
21831,43003,0.005888243
21832,30365,0.030297609
21833,108277,0.02277482
21834,29879,0.00039944056
21835,71338,0.09320422
21836,103406,0.006500434
21837,51919,0.049336616
21838,110964,0.017413767
21839,108674,0.002290271
21840,8908,0.248264
21841,22501,1.6584434e-06
21842,78865,0.010870939
21843,33157,0.010364586
21844,95258,0.012030361
21845,16824,9.38254e-05
21846,47753,0.00025387522
21847,110812,0.0582493
21848,1575,0.0006018488
21849,58727,0.09320422
21850,72590,1.7154325e-06
21851,65507,1.1228029e-06
21852,11259,0.000105530344
21853,115025,0.026942547
21854,41957,0.21266392
21855,20723,2.2484359e-05
21856,28749,0.056739822
21857,27207,0.0065763663
21858,21830,0.0004984328
21859,98507,0.0025055918
21860,2364,0.0002723132
21861,4318,0.15464818
21862,15827,0.0002623311
21863,40514,1.7266133e-05
21864,7476,0.00052999373
21865,42722,0.005888243
21866,113016,0.03578482
21867,25906,0.0431963
21868,22776,0.0064678607
21869,99283,0.010650898
21870,83666,0.10823642
21871,101848,0.08737103
21872,111713,3.127239e-06
21873,94595,0.062256794
21874,78605,0.022131005
21875,25818,0.0059590633
21876,80159,0.0058861505
21877,89195,0.02377865
21878,100104,0.04929791
21879,10009,2.0422965e-05
21880,47861,2.62419e-06
21881,30182,0.045339257
21882,50292,2.7605907e-07
21883,68410,0.08738392
21884,6506,0.00017885036
21885,10956,0.2881892
21886,42053,1.678906e-08
21887,103003,0.004544401
21888,90796,0.00026952566
21889,9636,0.00011667532
21890,96295,0.038046364
21891,87107,0.0007219631
21892,66549,1.1014862e-08
21893,7963,0.00014624612
21894,42407,0.0074249734
21895,114666,0.002704239
21896,102661,1.9802053e-06
21897,87231,0.0014896997
21898,98012,0.09313801
21899,76379,0.058013294
21900,62188,2.6678672e-06
21901,85476,0.033284225
21902,44854,0.005978615
21903,106186,3.138389e-06
21904,53845,0.0065589654
21905,101332,9.929599e-05
21906,101695,0.012094505
21907,22035,4.701255e-06
21908,3178,0.040336855
21909,57448,0.004544401
21910,89581,0.09095838
21911,78650,0.00028557837
21912,32464,0.026181428
21913,20127,0.022951873
21914,107609,0.038046364
21915,85778,0.0053558815
21916,102854,0.00011476144
21917,83852,1.0026319e-07
21918,6998,0.05673552
21919,82811,2.6461869e-06
21920,69753,0.017452875
21921,659,0.0007025687
21922,25024,1.1510014e-08
21923,92194,0.00012177043
21924,109894,9.6901626e-05
21925,63750,0.015839577
21926,48901,0.0064865365
21927,3387,7.0936244e-06
21928,5987,2.0479585e-05
21929,43153,0.012290965
21930,66904,0.120403334
21931,35980,0.00011221356
21932,7945,4.6188757e-06
21933,96439,0.09313801
21934,103860,0.02105874
21935,95124,0.00020808834
21936,107588,8.413223e-05
21937,113428,0.020475568
21938,26808,0.049310457
21939,67965,0.02377865
21940,83048,0.035874978
21941,112260,9.6901626e-05
21942,115676,0.0053533465
21943,15425,0.030245412
21944,6338,0.00019006705
21945,115513,0.023820162
21946,26593,0.011097109
21947,102460,9.071983e-06
21948,82366,0.0022967674
21949,83918,0.005937719
21950,14964,0.05315191
21951,54995,0.056739822
21952,65683,4.4291122e-05
21953,12301,0.114384025
21954,73448,0.00019124267
21955,54273,0.0410023
21956,4059,0.0020136042
21957,43932,0.056719538
21958,27245,0.056739822
21959,25299,0.0064350194
21960,45960,8.2805804e-05
21961,16479,0.11538479
21962,28792,3.2744501e-06
21963,51875,0.023820162
21964,73112,0.002712891
21965,111107,0.02613434
21966,95691,0.08859832
21967,110124,0.002712891
21968,63923,0.002221843
21969,54388,0.09320422
21970,4617,0.053160775
21971,113299,5.74115e-06
21972,83213,0.09822407
21973,39339,0.026142929
21974,29984,0.026181428
21975,104112,0.00012832558
21976,17658,0.0013612041
21977,546,0.04048252
21978,93471,0.014978852
21979,49050,0.09320422
21980,10659,0.049447946
21981,38633,0.0023606082
21982,46373,3.637116e-07
21983,74915,0.0058729476
21984,23200,7.3055184e-05
21985,74591,1.4074667e-06
21986,101583,9.33914e-05
21987,78532,0.0007543245
21988,32941,0.0059187314
21989,75275,2.8516356e-09
21990,113920,0.094229415
21991,44313,2.6184828e-06
21992,94732,0.0107475715
21993,105500,9.438838e-06
21994,31513,2.9132464e-06
21995,2340,0.0746777
21996,96391,0.05315191
21997,111502,0.0053533465
21998,5818,0.09413357
21999,27239,0.29680595
22000,99640,0.04929791
22001,34699,2.62419e-06
22002,104947,2.0429163e-05
22003,60448,0.0053558815
22004,35206,0.021710591
22005,49657,0.005888243
22006,2009,0.07932703
22007,30751,0.029797807
22008,27048,0.09320422
22009,93740,0.0053558815
22010,88744,5.5769346e-05
22011,47119,0.007495515
22012,99327,0.02172431
22013,50615,0.03767647
22014,86102,0.002954201
22015,106595,8.803161e-05
22016,112928,0.0111472765
22017,109893,0.006397683
22018,2674,0.031745333
22019,87151,0.0022984236
22020,60238,0.029797807
22021,17575,0.00012458634
22022,51769,0.04432362
22023,68289,0.046333645
22024,54504,3.3582725e-07
22025,26618,3.0192766e-06
22026,5711,0.038565386
22027,46779,0.049310457
22028,16270,7.993822e-06
22029,67911,2.4897163e-05
22030,91869,0.09313801
22031,103631,0.08734493
22032,69273,0.0053558815
22033,434,0.054678805
22034,67603,0.12240422
22035,83553,0.1162526
22036,44585,1.0891739e-05
22037,31122,0.0053107133
22038,106439,0.002712891
22039,11263,0.033713084
22040,85976,1.1103485e-06
22041,74191,0.010650898
22042,84178,0.005937719
22043,22740,5.986789e-05
22044,80672,0.08738392
22045,23336,0.026142929
22046,112625,0.0053533465
22047,46472,8.421195e-09
22048,26122,6.836436e-07
22049,29621,0.0022684808
22050,59847,0.021710591
22051,80331,3.4189463e-05
22052,1457,0.013776537
22053,100196,0.084176905
22054,3914,0.11202961
22055,103708,0.005505845
22056,19636,0.0049999473
22057,87060,0.029797807
22058,51570,0.036700126
22059,63819,0.11124946
22060,33562,2.2109703e-05
22061,83635,0.02927802
22062,50800,0.30563676
22063,26718,0.020727588
22064,15058,8.2844264e-05
22065,88735,0.005256983
22066,66598,8.9642395e-05
22067,63829,0.0022984236
22068,30555,0.018664291
22069,90361,0.0053558815
22070,106175,6.0983257e-05
22071,98852,0.04929791
22072,12976,0.006928073
22073,37731,0.030312449
22074,77598,0.029797807
22075,40264,0.0038491678
22076,89219,7.81138e-06
22077,489,0.02616657
22078,48335,4.850789e-06
22079,26175,5.961242e-06
22080,45182,1.5679498e-05
22081,26820,0.05803009
22082,10944,0.004846812
22083,110287,0.005933206
22084,3054,0.00067687675
22085,100689,0.08737103
22086,58127,0.005275688
22087,38495,1.957111e-05
22088,45472,0.049310457
22089,17297,0.16554669
22090,13789,0.05803009
22091,107372,0.19382888
22092,47877,0.021830883
22093,50367,2.1811564e-05
22094,60756,0.34482288
22095,5480,0.10756636
22096,55498,1.8822448e-08
22097,53920,0.049336616
22098,89773,0.113523215
22099,19860,0.00017764313
22100,10776,0.049447946
22101,111685,0.023820162
22102,53133,0.000117840405
22103,83774,0.020436222
22104,47329,0.024737151
22105,25661,0.05315191
22106,86884,0.00025482656
22107,18620,0.056731988
22108,73337,0.00012145048
22109,9964,0.17720503
22110,35151,0.033063255
22111,32071,2.62419e-06
22112,76938,0.022575866
22113,53587,0.021231076
22114,39075,0.00020167763
22115,56968,2.4897163e-05
22116,57697,0.01665498
22117,13396,2.1695836e-07
22118,20080,0.017274432
22119,107690,0.02105874
22120,43707,0.05280404
22121,60763,0.029797807
22122,93264,0.0065286853
22123,90448,0.000464862
22124,112967,0.039096378
22125,101064,0.037340056
22126,14426,1.3472372e-06
22127,114434,0.1692447
22128,23412,0.029797807
22129,65898,0.0022978769
22130,63307,1.2417905e-12
22131,78759,4.8602606e-09
22132,87271,0.00022715944
22133,111462,0.005505845
22134,76498,2.0599913e-05
22135,36036,0.012290965
22136,105962,0.08734493
22137,44984,0.100250535
22138,108364,3.259424e-06
22139,32786,0.01254075
22140,83478,0.00022717656
22141,30059,4.3432872e-05
22142,115918,0.0005680459
22143,97291,0.012094505
22144,102578,0.057988025
22145,6146,0.00012450833
22146,85683,3.259424e-06
22147,10833,7.406077e-05
22148,27138,0.0015422205
22149,63885,2.4123449e-06
22150,67760,3.3982822e-05
22151,46061,1.4635799e-06
22152,86673,0.0031419564
22153,41240,0.09320422
22154,64928,0.10520371
22155,95584,0.08737103
22156,55073,1.1418345e-09
22157,11624,3.918308e-05
22158,16888,1.0153852e-06
22159,39845,0.07225981
22160,37284,0.005528397
22161,82400,0.005937719
22162,33488,0.097816624
22163,939,1.28262645e-05
22164,31382,4.887883e-07
22165,77135,0.0029605366
22166,76157,0.0069217016
22167,15067,0.09962154
22168,72867,0.026963117
22169,99953,2.1141474e-05
22170,29805,1.43485695e-05
22171,82223,0.049336616
22172,22655,0.023781514
22173,114101,2.3673927e-05
22174,94476,0.08102648
22175,38869,0.085016996
22176,15711,0.007572133
22177,65636,0.0022978769
22178,31841,0.0015422205
22179,76703,0.04537522
22180,97829,0.012094505
22181,62725,3.2447908e-05
22182,54367,1.1714712e-05
22183,64252,1.3168103e-07
22184,71853,1.8656567e-05
22185,19461,7.0064034e-06
22186,11619,0.11421148
22187,90410,7.4970108e-06
22188,25714,0.012673718
22189,100072,6.186687e-07
22190,65693,1.4074667e-06
22191,55529,1.1968822e-07
22192,26901,7.191412e-07
22193,4422,0.15464818
22194,865,0.09320422
22195,55236,1.3043512e-05
22196,65086,0.01554043
22197,25472,1.9765184e-05
22198,37957,0.012290965
22199,7613,0.05673552
22200,56122,1.2980994e-05
22201,17925,4.2999382e-08
22202,100425,0.02613434
22203,87507,1.2153391e-05
22204,79753,0.006100282
22205,14004,3.729019e-05
22206,64738,0.0022984236
22207,101553,0.022173718
22208,22360,0.09962154
22209,108362,0.0053533465
22210,110862,0.00011221356
22211,104142,0.0065763663
22212,96451,0.08738392
22213,86014,0.09024858
22214,112507,0.042820025
22215,84160,2.7848071e-05
22216,32182,1.5963248e-06
22217,95537,9.50203e-05
22218,7266,0.00028969065
22219,3619,0.04631086
22220,47630,8.02068e-08
22221,14654,0.02616657
22222,17554,4.6736393e-05
22223,110822,0.021672681
22224,114857,0.00092811376
22225,51762,9.071983e-06
22226,73562,7.4609425e-06
22227,67796,0.04393397
22228,39803,0.005888243
22229,110115,1.0182307e-07
22230,25115,0.026142929
22231,1922,0.00039787593
22232,84994,0.057532605
22233,98183,3.5228324e-05
22234,41044,0.03688575
22235,34775,0.13732068
22236,111845,0.12041605
22237,65489,4.8182024e-05
22238,81963,5.347608e-05
22239,48567,1.8210792e-05
22240,77792,2.6431226e-07
22241,41215,1.950532e-05
22242,111210,2.3673927e-05
22243,24778,0.026142929
22244,45022,0.038754445
22245,60398,0.02762765
22246,53482,0.09320422
22247,21923,3.702461e-05
22248,77196,0.0133647015
22249,108256,0.002290271
22250,45969,6.1440746e-06
22251,109276,0.08733429
22252,36436,0.021710591
22253,77366,0.00015926444
22254,71822,0.026135925
22255,105724,0.02613434
22256,69709,0.044523854
22257,18630,0.007961354
22258,28001,0.049283862
22259,32184,0.00061324064
22260,8036,0.00023931329
22261,44596,0.07394152
22262,40378,2.90304e-06
22263,101001,6.331289e-05
22264,17757,0.08779505
22265,65360,3.6353615e-06
22266,41290,0.0065763663
22267,105480,1.1749531e-05
22268,7241,0.046310052
22269,49184,3.715973e-05
22270,24520,0.010022987
22271,31660,0.049283862
22272,97557,5.2675427e-05
22273,61364,0.0218086
22274,40049,3.0608237e-05
22275,97473,0.08737103
22276,98703,0.0022984236
22277,75956,0.0017303695
22278,102025,0.010418018
22279,12563,1.4424166e-06
22280,63084,0.023650363
22281,33211,0.09960151
22282,20442,2.0844564e-05
22283,62502,0.021679174
22284,52714,0.014005615
22285,96262,3.6269405e-05
22286,28130,0.001221773
22287,50295,0.023820162
22288,93099,0.113010176
22289,29329,4.9296727e-06
22290,48280,2.291083e-05
22291,82664,0.016694603
22292,82974,0.00011476144
22293,10114,0.033713084
22294,1859,0.00054729456
22295,8392,0.013574274
22296,58963,0.08862705
22297,29455,8.038422e-06
22298,9,0.037673306
22299,102001,2.2768996e-08
22300,21216,0.016967628
22301,23847,0.026142929
22302,103749,1.2704054e-05
22303,115928,7.68239e-06
22304,44217,0.026142929
22305,86374,0.056715835
22306,35841,0.001728351
22307,54901,0.021710591
22308,52797,9.8771205e-05
22309,43871,0.07225981
22310,74015,0.004544401
22311,39977,0.005888243
22312,86824,8.214978e-05
22313,54803,0.0410023
22314,97548,0.0053558815
22315,20041,5.6042645e-06
22316,113434,0.0022715793
22317,100481,1.7499287e-05
22318,24918,0.026142929
22319,111118,0.05202208
22320,32594,0.0053107133
22321,84583,0.02445514
22322,96035,0.02613434
22323,114175,0.021190042
22324,52971,1.3295074e-06
22325,89263,0.04929791
22326,97260,0.014761976
22327,33849,0.008488988
22328,92109,5.489974e-05
22329,95038,0.04929791
22330,28230,4.5693972e-07
22331,78887,0.026963117
22332,12832,9.818197e-10
22333,549,0.00019693963
22334,82891,0.049336616
22335,19518,0.00047558406
22336,6140,0.0060491334
22337,10982,0.033713084
22338,65306,0.005874181
22339,109368,1.268812e-05
22340,52970,0.104970865
22341,70689,0.021757076
22342,39800,0.023781514
22343,63484,1.47998435e-05
22344,43619,0.04393397
22345,61670,0.004544401
22346,86650,0.026135925
22347,105620,1.361746e-06
22348,41040,0.00013351839
22349,115394,0.0030672578
22350,96964,0.021672681
22351,78849,0.055804443
22352,66006,1.063942e-06
22353,7965,0.07791698
22354,96100,0.04534585
22355,113747,2.3098512e-05
22356,9596,0.00046074906
22357,45380,0.00016890945
22358,24859,0.010509218
22359,36319,0.12112153
22360,57129,0.049336616
22361,86346,0.11746028
22362,56298,0.016967628
22363,29333,0.049283862
22364,81312,0.029797807
22365,46863,1.7185629e-08
22366,77991,0.046072017
22367,18544,2.0521484e-05
22368,109918,0.02377865
22369,89701,0.057988025
22370,40916,0.021679174
22371,31697,2.3371986e-05
22372,24214,0.05315191
22373,46756,1.0594496e-06
22374,28002,0.026181428
22375,74271,0.002712891
22376,90442,0.08738392
22377,102485,0.015060833
22378,108650,0.055771064
22379,30582,0.049283862
22380,62927,0.04393397
22381,39409,0.026142929
22382,45865,0.019123886
22383,24502,1.5390346e-07
22384,31657,0.014791264
22385,98403,8.306361e-06
22386,94236,6.121725e-05
22387,82934,0.0023059489
22388,96424,0.011679627
22389,109508,2.367151e-05
22390,3948,0.007575409
22391,62132,0.00031985642
22392,115160,0.049283862
22393,80669,6.4958134e-05
22394,46685,9.235256e-06
22395,23211,0.054988895
22396,115181,0.0024874855
22397,112109,0.0053533465
22398,77895,0.005937719
22399,37814,1.6596381e-07
22400,90150,1.5933962e-05
22401,63371,0.07412055
22402,42677,1.7955987e-06
22403,104231,8.002082e-07
22404,26860,0.00015731141
22405,35814,0.08013552
22406,1390,5.3348504e-08
22407,55329,8.918612e-06
22408,80213,3.1068528e-06
22409,105534,0.012079337
22410,24192,0.056719538
22411,86878,0.05315191
22412,65602,0.0022978769
22413,8221,0.00024125233
22414,44955,0.1009661
22415,53943,0.014005615
22416,24345,0.013495838
22417,111981,1.8164459e-06
22418,86151,0.020493431
22419,104255,2.8190063e-06
22420,28661,0.020727588
22421,16591,1.5594262e-06
22422,49911,0.023820162
22423,48271,1.0738626e-06
22424,102537,0.08738392
22425,104211,0.02377865
22426,2353,1.8836529e-06
22427,76226,0.00025547927
22428,9190,0.04432362
22429,18871,0.03767116
22430,87306,0.0012743123
22431,9127,5.4851178e-05
22432,53159,0.09962154
22433,83576,0.005933206
22434,51439,0.026181428
22435,2848,5.798192e-07
22436,5819,0.00041802687
22437,80411,0.021190042
22438,24325,1.9840782e-05
22439,51029,0.05315191
22440,110369,0.08781427
22441,104734,0.049283862
22442,51058,0.056739822
22443,34165,6.560551e-07
22444,24779,0.026142929
22445,22573,0.033063255
22446,3160,0.056739822
22447,84890,0.026135925
22448,108787,0.006100282
22449,76763,0.029797807
22450,59587,0.020606395
22451,100534,2.7578842e-05
22452,87351,0.09320422
22453,9022,0.00090974226
22454,23822,0.080362685
22455,90466,0.0053558815
22456,113824,2.9240277e-11
22457,65041,1.7892171e-05
22458,40350,0.013227321
22459,25797,0.029393738
22460,98405,0.08737103
22461,69560,0.00121963
22462,4869,4.9152102e-05
22463,102319,0.0022984236
22464,93609,0.00017472784
22465,6910,7.086261e-06
22466,49483,0.030108871
22467,16309,9.6457306e-08
22468,50685,0.05315191
22469,9145,0.0003494051
22470,49243,0.013507568
22471,16526,9.548546e-05
22472,13211,1.142055e-06
22473,44654,0.016712068
22474,101398,0.019979643
22475,101804,0.09820678
22476,105678,7.326282e-08
22477,54349,1.392579e-05
22478,102018,0.02658666
22479,26824,1.8458232e-06
22480,53492,1.3043512e-05
22481,105098,0.0053533465
22482,108222,0.008486816
22483,58522,0.0034103664
22484,91148,0.026135925
22485,46150,5.961242e-06
22486,17034,0.056731988
22487,98070,0.02613434
22488,43765,0.060716964
22489,60362,0.015564003
22490,97573,7.074322e-05
22491,90463,0.02377865
22492,24088,0.030024623
22493,29948,0.080349706
22494,63082,0.021679174
22495,96229,9.6928976e-05
22496,21291,0.0003788506
22497,18816,0.08124393
22498,30712,0.011467089
22499,61556,1.1230578e-06
22500,89820,0.0011195921
22501,32109,0.00033044652
22502,70335,2.6174441e-06
22503,9122,0.00012947778
22504,16487,1.1382178e-06
22505,95684,0.02613434
22506,3106,2.0373259e-06
22507,64913,0.086699754
22508,42996,2.7812774e-05
22509,16649,0.00015332273
22510,21652,0.00038196845
22511,30990,0.00035043224
22512,108549,0.02277482
22513,18211,0.00010107247
22514,32809,1.8861016e-07
22515,26231,0.0007339074
22516,33429,0.013444341
22517,17560,0.04393397
22518,18819,0.01975799
22519,115534,0.00066225324
22520,115849,1.1732713e-05
22521,25252,0.021306146
22522,35528,0.0023059489
22523,105780,0.036862634
22524,108915,0.0016437756
22525,38007,0.09320422
22526,23399,0.049336616
22527,55174,0.026181428
22528,57404,0.010650898
22529,64230,6.1333385e-06
22530,67908,0.0058729476
22531,94939,0.024469329
22532,101937,6.894906e-07
22533,18476,0.00025070587
22534,48598,0.11065459
22535,113620,1.0136534e-05
22536,92657,0.021541197
22537,102820,1.9467926e-08
22538,57119,0.07225981
22539,13144,0.018976327
22540,107590,7.68239e-06
22541,12810,0.0007255189
22542,57597,7.702792e-06
22543,67835,3.259424e-06
22544,11991,1.9123901e-05
22545,88775,0.08738392
22546,76858,0.021830883
22547,62648,0.001056556
22548,18532,8.2844264e-05
22549,36298,0.000473958
22550,2021,0.0007922473
22551,96518,0.00041239613
22552,107032,0.12038406
22553,103002,0.08738392
22554,38220,0.1492601
22555,19195,0.009439905
22556,76153,0.00050329836
22557,24280,0.004975568
22558,77898,0.016595326
22559,11076,2.9926005e-05
22560,103519,1.1690578e-06
22561,24247,7.989692e-05
22562,47224,0.026142929
22563,42932,7.686091e-06
22564,73437,3.9626793e-06
22565,114707,8.3658066e-05
22566,37122,0.023781514
22567,89967,0.006788726
22568,66538,1.3000841e-05
22569,26196,2.8089964e-06
22570,63109,0.1138376
22571,41042,0.011160305
22572,14874,0.25140077
22573,15740,0.02616657
22574,35906,0.026181428
22575,60818,1.7738973e-08
22576,41026,0.023781514
22577,28713,1.9679514e-05
22578,114896,1.5742025e-06
22579,64155,0.0022984236
22580,70194,0.04393397
22581,103613,0.07408704
22582,75703,0.017265417
22583,43415,2.0649184e-05
22584,28734,0.008464008
22585,69121,0.026493507
22586,58572,0.09320422
22587,15581,0.00018252595
22588,23334,0.020080255
22589,98291,0.08124007
22590,93403,0.0067062485
22591,26180,0.0059590633
22592,89102,0.0033410788
22593,49159,0.04319495
22594,52758,0.026181428
22595,45346,0.021679174
22596,99718,0.0005064633
22597,7038,0.0013811252
22598,102564,1.1681712e-05
22599,26975,0.026181428
22600,77737,2.9232988e-06
22601,53191,0.021710591
22602,43219,0.02078164
22603,93190,0.0024416093
22604,91938,0.026135925
22605,66232,0.006958927
22606,84907,0.0016048293
22607,51135,0.0031419564
22608,98803,1.7406348e-05
22609,38410,0.020727588
22610,62396,1.9763773e-05
22611,24864,0.029797807
22612,85190,8.168842e-05
22613,84527,0.00014728324
22614,2874,0.026026938
22615,110561,0.022603992
22616,48057,0.035874978
22617,107180,4.6359364e-06
22618,79090,1.4594382e-08
22619,85741,8.254535e-06
22620,104273,0.012023789
22621,32820,1.3801722e-05
22622,43268,1.2729017e-06
22623,37233,0.0023129375
22624,32905,0.053443428
22625,100662,0.043910734
22626,52474,0.012030361
22627,48398,8.073439e-07
22628,73436,0.061710425
22629,103199,3.894074e-06
22630,41252,7.686091e-06
22631,99638,0.0044016256
22632,97198,0.00012119158
22633,16478,0.00013798277
22634,82471,0.011125464
22635,109083,0.01333251
22636,76522,2.9338331e-05
22637,55631,0.005723988
22638,13910,0.00012609153
22639,44420,6.399565e-05
22640,66754,7.4609425e-06
22641,55510,5.127378e-06
22642,5862,0.049447946
22643,86222,0.0002717509
22644,24133,0.021679174
22645,101707,0.059222322
22646,64937,1.1627628e-05
22647,73037,7.843435e-08
22648,94891,2.0478414e-05
22649,50745,0.013776537
22650,50906,0.0059590633
22651,42982,0.0053591793
22652,39875,0.056719538
22653,100621,0.08737103
22654,87930,0.01346953
22655,61876,0.005937719
22656,33915,6.529467e-08
22657,111052,0.014005615
22658,50062,1.7511975e-05
22659,64782,3.3801643e-06
22660,115946,0.0049724197
22661,79232,0.016562393
22662,19676,5.2117106e-05
22663,70135,5.303683e-05
22664,88453,8.434213e-05
22665,91915,0.026135925
22666,26461,0.004465827
22667,74869,0.002712891
22668,77980,0.08892729
22669,5619,0.00014624612
22670,26301,2.732137e-07
22671,91258,2.368678e-10
22672,88702,0.038768277
22673,25568,4.101088e-05
22674,34284,0.09962154
22675,45279,0.000200185
22676,74040,0.026135925
22677,82864,3.397184e-05
22678,100975,0.043910734
22679,53296,0.13135494
22680,45851,0.01830362
22681,45247,0.012269409
22682,30514,0.026181428
22683,34300,0.0463383
22684,19388,1.9765184e-05
22685,108667,0.016521102
22686,98216,1.5505197e-05
22687,42083,7.524329e-06
22688,44276,0.0073035657
22689,106913,0.02613434
22690,91969,0.0067062485
22691,33290,0.00016925592
22692,74170,0.017452875
22693,48580,0.026181428
22694,48790,0.07934575
22695,97896,0.05671502
22696,57177,0.020780627
22697,108682,0.0053533465
22698,93204,0.037660237
22699,71135,0.002712891
22700,100752,0.02613434
22701,108377,0.02105874
22702,53549,5.5769346e-05
22703,39786,1.9697277e-06
22704,92157,0.004544401
22705,33349,2.0574882e-05
22706,17851,2.6481524e-05
22707,5235,0.00016710722
22708,46738,0.026142929
22709,17252,3.8178983e-05
22710,90344,0.09024858
22711,104569,0.0582493
22712,52310,8.1145416e-05
22713,15656,0.013776537
22714,114449,0.055698715
22715,13763,0.1728417
22716,43305,0.1162526
22717,113726,0.005505845
22718,65494,1.1627628e-05
22719,88933,0.01554043
22720,90216,3.259424e-06
22721,23196,1.46010635e-08
22722,103527,6.4598885e-06
22723,110717,0.094229415
22724,47907,0.0023907619
22725,79116,0.026181428
22726,2760,0.22828296
22727,95751,0.010957566
22728,76234,0.053443428
22729,78572,0.029475853
22730,22419,0.00016126799
22731,51286,0.030943377
22732,57222,9.724063e-06
22733,59613,0.026181428
22734,12788,0.00020967967
22735,101501,0.00062276534
22736,78289,5.3086518e-05
22737,8070,0.02464462
22738,77101,2.3806644e-05
22739,52562,0.0463383
22740,107134,1.3244341e-05
22741,100603,0.046333645
22742,49624,0.005888243
22743,69446,0.017803457
22744,101939,0.021672681
22745,58053,0.00028557837
22746,51025,0.049336616
22747,106710,0.023801154
22748,68957,7.5400504e-07
22749,76612,0.002712891
22750,87843,0.020436222
22751,112647,0.055773284
22752,108792,0.03870017
22753,97921,0.0053558815
22754,23551,2.291083e-05
22755,46677,0.13585861
22756,66128,0.00014796766
22757,91029,0.00010805338
22758,72929,1.4085522e-10
22759,110950,0.08734493
22760,8446,0.00051189744
22761,62970,0.023785751
22762,8783,4.9152102e-05
22763,68420,0.026135925
22764,22543,0.0011301877
22765,57204,0.049336616
22766,100056,7.68239e-06
22767,51288,4.1433905e-05
22768,57735,0.08131125
22769,54960,0.009293324
22770,107361,0.0008857639
22771,48015,0.00015761501
22772,49838,0.023820162
22773,103549,0.09020935
22774,69298,0.00037955405
22775,115220,0.026181428
22776,85455,9.231902e-07
22777,53235,0.00013136708
22778,90724,0.026135925
22779,81525,0.08892729
22780,61855,0.041363332
22781,8415,0.0037380047
22782,55250,3.0435638e-06
22783,41642,0.04539426
22784,24727,2.6472621e-06
22785,11976,8.082747e-05
22786,96281,0.04929791
22787,108492,0.017265417
22788,65648,3.8483543e-07
22789,32754,0.03767647
22790,61945,0.012290965
22791,75310,0.084192276
22792,97522,0.0055149985
22793,95563,0.055771064
22794,78394,0.049336616
22795,23631,5.961242e-06
22796,59835,0.013776537
22797,84878,0.04432362
22798,21350,7.289304e-05
22799,59383,0.07009033
22800,57653,8.9642395e-05
22801,90250,2.9005747e-05
22802,45064,1.4733318e-05
22803,107683,2.606285e-05
22804,67749,1.1646305e-05
22805,24430,2.6184828e-06
22806,78372,4.391198e-05
22807,50396,8.348095e-09
22808,74383,0.0107475715
22809,77272,0.021672681
22810,113398,0.000102334096
22811,824,3.4563514e-06
22812,109501,3.3062588e-06
22813,102342,0.09020935
22814,7386,7.086261e-06
22815,12822,1.082722e-05
22816,12679,1.0320053e-07
22817,8170,0.040336393
22818,31275,0.021679174
22819,36093,0.0012509044
22820,47652,0.0073035657
22821,16953,0.08041396
22822,47466,1.0332072e-06
22823,94199,0.057988025
22824,41616,0.037661344
22825,33859,0.011160305
22826,88844,0.08738392
22827,28508,0.049310457
22828,107461,0.029797807
22829,68619,1.3000841e-05
22830,53663,4.3432872e-05
22831,55025,0.00048467534
22832,68670,1.966123e-15
22833,45859,0.021679174
22834,51620,0.056739822
22835,14642,0.026963117
22836,108669,2.5996349e-05
22837,41082,1.4320422e-05
22838,6095,2.3072907e-05
22839,79900,0.0002485825
22840,4079,0.049447946
22841,64712,5.2918407e-05
22842,65751,0.010394001
22843,113195,0.0059066657
22844,46574,0.0021636249
22845,36180,0.00025307768
22846,24595,7.662714e-06
22847,38712,1.9697277e-06
22848,82677,2.68092e-08
22849,84510,0.085608646
22850,20928,0.00026235788
22851,34652,0.021231076
22852,36687,0.018280406
22853,20959,0.006723107
22854,8756,0.0009318437
22855,29652,6.884121e-05
22856,110687,2.6172145e-06
22857,40092,0.080340244
22858,14381,3.4320902e-07
22859,101894,0.049790468
22860,4432,0.059661612
22861,89587,0.08131125
22862,11800,6.062924e-06
22863,13600,7.091045e-05
22864,36867,0.056719538
22865,94281,2.3061598e-07
22866,55712,7.211357e-10
22867,99505,0.016886836
22868,91411,0.052717723
22869,109343,0.08733429
22870,53665,0.0053558815
22871,73154,0.07412055
22872,93420,0.19336608
22873,47816,0.020493431
22874,81176,5.733122e-07
22875,110548,9.6901626e-05
22876,26357,5.089449e-05
22877,79295,2.2703867e-07
22878,76971,7.867767e-08
22879,57014,0.016483126
22880,74920,0.004544401
22881,94205,0.062143344
22882,48386,5.5396335e-06
22883,76621,0.005556081
22884,94734,0.100328624
22885,105220,0.037660237
22886,100352,2.5838262e-06
22887,66665,1.5505197e-05
22888,65473,5.6967643e-08
22889,12254,0.25140077
22890,94537,1.5798228e-06
22891,31549,4.202617e-06
22892,85376,3.7528205e-06
22893,103520,0.10823642
22894,16277,0.023806605
22895,93161,0.009943415
22896,54263,0.0020172114
22897,45306,1.1533996e-05
22898,91957,8.207179e-06
22899,7314,0.00049397943
22900,38525,1.308314e-05
22901,21407,1.3829984e-05
22902,95407,0.00013332629
22903,43594,0.021830883
22904,68051,0.0023059489
22905,22564,0.023781514
22906,100179,0.00018021588
22907,105881,0.0009927583
22908,23518,3.983887e-05
22909,89210,0.04393397
22910,1718,0.03876283
22911,86528,4.6776346e-05
22912,71259,0.0053558815
22913,74428,0.0017303695
22914,40777,4.553618e-05
22915,96334,0.038751595
22916,110645,0.002712891
22917,49193,0.12604754
22918,98714,0.0009927583
22919,76455,0.050497808
22920,17624,7.9807565e-09
22921,8247,4.9152102e-05
22922,29100,3.0192766e-06
22923,16942,9.817417e-05
22924,76248,1.1553773e-06
22925,12234,0.023812074
22926,6594,0.027475785
22927,49377,0.005299632
22928,97650,7.68239e-06
22929,37782,0.07932703
22930,54044,0.0051704235
22931,90809,4.9782074e-08
22932,49182,0.017561007
22933,47173,0.017274432
22934,7318,0.10402867
22935,56241,0.012414498
22936,56250,0.023820162
22937,2183,6.2560804e-07
22938,54582,0.021710591
22939,112978,0.08734493
22940,35142,0.012290965
22941,59749,0.00023807593
22942,4465,0.41473773
22943,60068,0.12990464
22944,110488,0.048140943
22945,44974,4.101088e-05
22946,60613,8.3136045e-05
22947,74968,0.00010771152
22948,94370,1.06128944e-07
22949,65583,0.0022978769
22950,40541,0.043086786
22951,57181,0.049336616
22952,100996,0.09020935
22953,14346,0.063401416
22954,108688,1.4495168e-05
22955,74192,1.4103326e-09
22956,10115,0.0017214918
22957,97274,1.9756442e-05
22958,81506,7.4609425e-06
22959,43334,0.09320422
22960,112037,0.0022861029
22961,67032,5.2347477e-05
22962,80543,0.056715835
22963,101101,0.002712891
22964,111802,0.12041605
22965,98828,0.05671502
22966,104020,1.1472344e-05
22967,34848,1.6621653e-08
22968,67041,0.020493431
22969,26995,1.4483865e-05
22970,95052,1.2996415e-05
22971,51498,0.035874978
22972,7777,0.0013185567
22973,12712,0.049336616
22974,78368,3.9340957e-06
22975,30851,0.007572133
22976,47382,2.6184828e-06
22977,55651,0.011097109
22978,95712,0.022900727
22979,8843,0.00086932594
22980,47290,2.2732e-05
22981,46513,0.023781514
22982,15224,5.5160715e-05
22983,1728,1.1493363e-08
22984,54737,0.026181428
22985,28782,0.018664291
22986,46230,0.026142929
22987,32555,0.021679174
22988,100320,5.1866305e-06
22989,29675,0.0001793697
22990,76873,3.6309586e-05
22991,89488,0.044319175
22992,41804,4.2830343e-06
22993,99942,0.008506978
22994,77238,0.04393397
22995,42977,1.3412567e-09
22996,78948,0.5024314
22997,1562,0.098395966
22998,43948,0.00020684015
22999,105680,0.004544401
23000,114780,0.008642454
23001,41433,0.036712963
23002,54212,0.026181428
23003,72300,1.4359217e-07
23004,3769,0.35568196
23005,5418,0.059661612
23006,36062,0.00011448065
23007,28021,1.4733318e-05
23008,68238,8.1547856e-05
23009,113124,0.057988025
23010,63410,7.5251366e-05
23011,16282,0.04393397
23012,113276,0.00040818067
23013,97900,2.6172145e-06
23014,109867,7.6531603e-10
23015,35565,0.056739822
23016,84909,0.00044660878
23017,97854,0.036695685
23018,42382,0.00016862268
23019,61115,0.08468841
23020,45173,0.049310457
23021,48199,0.09320422
23022,88611,0.0022984236
23023,110555,0.04431442
23024,103747,0.08734493
23025,89124,2.6174441e-06
23026,88939,0.0003534809
23027,42309,1.8877525e-05
23028,74411,0.0073035657
23029,30351,5.182356e-05
23030,33641,0.024294911
23031,36708,8.9976915e-05
23032,40246,0.03688575
23033,42902,0.10400389
23034,110646,0.00018835513
23035,77490,0.0023059489
23036,54376,6.4846085e-06
23037,6726,4.972973e-07
23038,74059,3.9626793e-06
23039,15538,0.06384397
23040,66483,0.005523811
23041,21438,0.023806605
23042,78205,0.005299632
23043,112083,0.037889227
23044,91076,0.09960683
23045,19089,5.2117106e-05
23046,65232,2.5838262e-06
23047,78589,0.0064350194
23048,15710,5.626756e-07
23049,16053,9.515109e-06
23050,34089,0.00029812098
23051,76245,0.005937719
23052,84669,1.5798228e-06
23053,14116,5.5309974e-06
23054,34495,0.0059304535
23055,77805,0.0053558815
23056,8893,0.0002548161
23057,622,0.00023364033
23058,14471,0.09320422
23059,61014,0.015696693
23060,106476,1.162886e-05
23061,495,5.593355e-05
23062,76358,0.09320422
23063,844,0.020810252
23064,57811,0.026181428
23065,114734,0.0059066657
23066,92988,0.0053558815
23067,60332,3.31731e-06
23068,33346,6.511067e-07
23069,81527,0.0053558815
23070,59021,0.020436222
23071,5047,0.12352965
23072,14740,8.167367e-06
23073,5428,0.000984581
23074,89749,0.0053558815
23075,53169,1.5734537e-09
23076,94879,0.0008171013
23077,115510,0.009714099
23078,54837,0.0006063415
23079,10257,0.0012544033
23080,8629,0.0005521286
23081,74134,0.09024858
23082,112947,0.08238045
23083,21683,9.39951e-05
23084,71250,0.05803009
23085,38256,2.4273497e-06
23086,3318,0.0007040818
23087,36283,0.078513965
23088,79463,0.00065333344
23089,83724,0.049336616
23090,61997,0.021679174
23091,1844,0.00010212335
23092,104165,0.029797807
23093,60986,0.08738392
23094,70739,0.05315191
23095,63548,0.005275688
23096,78238,0.034249127
23097,106787,1.162886e-05
23098,97631,0.011679627
23099,7551,0.00035500093
23100,10889,0.038565386
23101,93547,0.02613434
23102,110310,0.09420429
23103,2497,0.03274969
23104,61829,2.3673927e-05
23105,76334,0.000303141
23106,61918,0.0012361576
23107,31094,0.07225981
23108,105478,0.07552126
23109,15589,0.02567775
23110,108655,0.008849563
23111,39260,0.085608646
23112,34811,9.772976e-05
23113,52876,0.021157557
23114,40614,3.783139e-09
23115,31313,0.00021721923
23116,76369,1.4327048e-05
23117,80445,0.007917132
23118,40250,9.706076e-07
23119,45269,0.007010514
23120,110922,1.038398e-05
23121,12992,0.11538479
23122,102362,0.08737103
23123,26373,0.038754445
23124,10699,0.014447276
23125,14071,0.0010393095
23126,111771,0.05315191
23127,87923,0.0059239045
23128,10067,0.11202961
23129,27301,0.075297765
23130,66024,0.00016982025
23131,67390,0.011160305
23132,58168,0.055773284
23133,39871,3.630415e-05
23134,7223,0.26389262
23135,112946,0.08121349
23136,68872,0.00052013714
23137,105350,0.02613434
23138,54316,2.1228834e-05
23139,88122,0.04929791
23140,46689,0.009287767
23141,9886,0.00072145375
23142,108645,0.05535355
23143,51024,0.049336616
23144,37007,0.00049475697
23145,2534,0.0007040818
23146,113561,0.055771064
23147,102670,0.024908362
23148,46389,1.3801722e-05
23149,43930,4.0365197e-05
23150,53736,0.018280406
23151,11655,3.689219e-05
23152,51335,0.04393397
23153,52662,0.002712891
23154,9585,9.432067e-05
23155,27182,2.5286812e-05
23156,34078,0.026181428
23157,5169,0.00011703145
23158,56602,0.009386319
23159,77149,0.011626372
23160,83696,1.0704047e-08
23161,67319,0.09822407
23162,62750,0.055773284
23163,10563,0.014447276
23164,53694,0.08895924
23165,29562,7.0836715e-05
23166,73909,0.007884145
23167,84474,1.0521391e-05
23168,75341,0.011088824
23169,83296,0.016594702
23170,45682,0.049310457
23171,45622,0.0003900422
23172,5140,0.00018388938
23173,61831,0.023785751
23174,13985,0.023172531
23175,109750,0.006100282
23176,68378,0.18273632
23177,63734,0.022603992
23178,92552,0.026013896
23179,78773,0.04194202
23180,97330,9.101227e-05
23181,40664,0.09096794
23182,30458,0.0016888067
23183,81907,0.045353234
23184,39218,0.026142929
23185,55866,0.0017755268
23186,6384,0.0018355856
23187,22664,8.062424e-05
23188,55567,0.04393397
23189,16773,1.2606244e-08
23190,92264,3.2730597e-05
23191,50992,0.04393397
23192,104741,3.378017e-07
23193,63474,0.00030398203
23194,80438,1.2996415e-05
23195,29485,0.06233456
23196,59838,2.7596193e-06
23197,110584,0.09420895
