index,ID,fraud_flag
0,64707,7.423923e-22
1,63919,3.0134685e-16
2,15664,0.003849625
3,6626,0.015298703
4,26766,0.00067453913
5,2055,0.009126271
6,80703,4.6773253e-06
7,45482,0.20830144
8,91264,3.3776446e-06
9,1049,1.5027722e-28
10,67644,0.01568494
11,17283,3.1602995e-12
12,111047,0.00790578
13,6283,0.0031529434
14,10932,6.888051e-12
15,6866,0.00024079412
16,32797,0.0077562737
17,87632,0.016494239
18,20830,3.6450812e-19
19,70988,0.006556368
20,2589,0.0017362648
21,76471,0.016494239
22,57026,0.013391664
23,34068,0.0038427904
24,110099,3.3605941e-12
25,44409,9.8804916e-14
26,98424,0.040500082
27,100327,7.380858e-05
28,85449,0.039593685
29,105123,0.0006942356
30,115595,3.9382417e-09
31,34762,0.0034673691
32,30440,0.008028029
33,395,3.1029543e-07
34,34667,0.20961268
35,87615,0.008089195
36,43712,1.5067213e-13
37,17074,2.0962663e-08
38,68564,0.026713273
39,91813,0.029361214
40,62080,0.001341142
41,12050,5.704251e-21
42,63426,4.7891824e-09
43,93726,0.0008937112
44,21287,0.19031109
45,25800,0.007791001
46,33442,0.057304375
47,46493,2.245806e-12
48,105529,0.0038637838
49,25747,1.8949298e-10
50,105901,0.0007225808
51,53369,0.0042712325
52,80105,0.0014907434
53,93931,0.008091315
54,106790,0.0765383
55,17416,2.5995688e-14
56,105290,3.670977e-07
57,58133,5.1183554e-07
58,81540,0.0038987673
59,23236,0.0057043466
60,62711,1.2818629e-14
61,20999,0.024776157
62,103783,2.6573214e-21
63,17545,0.026713273
64,91278,0.0038637838
65,16821,0.123319544
66,47115,0.007791001
67,101433,0.0038676527
68,64042,4.7891824e-09
69,2158,4.7227164e-07
70,44272,0.016525099
71,88331,4.6773253e-06
72,6698,5.2105033e-08
73,69531,4.6773253e-06
74,30625,0.00067453913
75,11877,2.7989404e-20
76,52353,1.4145224e-12
77,31005,0.024806844
78,101230,0.016539916
79,60853,1.142525e-13
80,56734,0.22953705
81,53707,0.0577544
82,50265,9.692902e-13
83,72607,0.08187375
84,49053,5.077816e-16
85,36071,0.0013494677
86,40741,0.086733356
87,56960,1.422441e-06
88,53425,2.588567e-20
89,81012,2.6072398e-11
90,103397,4.9787028e-05
91,115241,0.0077562737
92,16477,3.7977027e-15
93,106300,0.044960506
94,778,4.0662372e-14
95,54111,1.0712066e-17
96,43160,0.0013641858
97,13312,1.22414585e-05
98,40729,0.0022999768
99,29282,0.008028029
100,2486,0.008346664
101,81324,0.0020921822
102,75361,0.0074967635
103,83557,3.0263077e-12
104,78430,0.00347492
105,58733,0.008028029
106,4100,1.844373e-10
107,89993,0.02050013
108,85173,0.016494239
109,100381,0.048003506
110,19324,0.004262849
111,71719,4.6773253e-06
112,89961,6.8591085e-05
113,87549,2.7410535e-05
114,82988,1.1731111e-17
115,22403,0.0034607893
116,51891,1.1114349e-15
117,45978,3.9299675e-07
118,20555,0.010881814
119,55970,0.06139194
120,47319,0.0015381369
121,74241,0.7523303
122,103281,4.6796687e-09
123,108240,3.2400624e-11
124,61359,0.0077871648
125,71663,0.005038059
126,89413,0.047915254
127,39662,0.023405334
128,112982,3.9510635e-16
129,56650,0.059635594
130,8849,2.2267943e-09
131,12567,1.0926745e-27
132,73998,0.0077935676
133,1712,0.0031529434
134,112407,6.0849703e-05
135,15075,2.2418201e-17
136,101430,0.0032855538
137,79990,1.0371575e-15
138,52886,6.575106e-05
139,87463,0.047915254
140,61955,0.010517384
141,30263,5.6400313e-07
142,85593,2.2907589e-17
143,103216,1.3930483e-13
144,39612,0.009095178
145,44407,5.626851e-16
146,98760,1.740404e-05
147,17265,0.00044330675
148,106871,0.00081616663
149,83690,0.005038059
150,107039,0.006893433
151,57715,3.7351487e-14
152,41191,0.00817733
153,101274,3.5451476e-14
154,85340,3.677826e-16
155,42354,5.25498e-06
156,36079,1.39413645e-08
157,71215,0.0005564786
158,39362,1.01387356e-16
159,5693,0.0025513505
160,78375,0.0021339823
161,61534,3.5352826e-10
162,67488,0.0014849189
163,15561,0.008047925
164,16157,0.005038059
165,17,7.77156e-10
166,29639,0.008028029
167,91112,1.7001807e-16
168,104649,0.04818268
169,693,0.007768419
170,4689,2.531019e-10
171,58919,0.008028029
172,36766,0.008028029
173,15077,0.007768419
174,37006,0.0029201212
175,93345,0.010517384
176,44664,2.1928036e-19
177,18762,7.0503465e-06
178,22379,0.007791001
179,89724,1.2434492e-20
180,3745,1.6234824e-06
181,83488,0.008891696
182,108394,1.3666461e-21
183,8641,0.050531164
184,69466,3.3776446e-06
185,25047,2.9863437e-18
186,39695,0.0001497607
187,57982,2.2907589e-17
188,90462,3.7164703e-08
189,112752,6.0849703e-05
190,117,0.0009913916
191,98398,3.575652e-14
192,19002,2.7829374e-06
193,100559,4.6349368e-07
194,11291,7.502761e-06
195,72304,0.0005574171
196,23250,1.0446981e-07
197,99518,1.595832e-16
198,105725,0.010017514
199,55984,3.1203972e-19
200,97310,0.001341142
201,39077,4.9755764e-16
202,110918,0.016556531
203,41184,0.16586275
204,9739,8.264765e-19
205,6322,0.01764077
206,10936,2.7058826e-07
207,92917,2.3245864e-05
208,16710,0.005038059
209,113964,1.9181634e-13
210,110281,0.0014796258
211,501,6.2967027e-09
212,38063,2.0398556e-08
213,53303,1.0529324e-14
214,75137,0.0006456536
215,31793,0.11839662
216,77822,1.963423e-07
217,22821,6.450135e-05
218,79560,0.016539916
219,1724,0.0031529434
220,41295,0.024727335
221,114664,1.4204808e-05
222,83239,3.431993e-11
223,76161,0.0014779106
224,12812,0.0038328238
225,73079,0.01568494
226,33477,4.4711552e-14
227,110911,9.285568e-06
228,74088,0.0010755223
229,91464,4.6773253e-06
230,78965,1.5046693e-15
231,115734,0.024709625
232,39064,0.00067453913
233,87531,0.0035860299
234,21392,0.00042472465
235,85410,4.766764e-09
236,101374,0.00427104
237,61893,0.02345937
238,35957,0.020164473
239,18330,3.609456e-09
240,25920,1.8491217e-17
241,29321,0.008028029
242,50864,1.4388821e-12
243,16324,1.7360617e-10
244,107063,0.04818268
245,62263,0.007195014
246,38175,0.0006956626
247,36909,1.7632008e-08
248,97440,0.044904742
249,107136,0.0043459623
250,51426,0.025576562
251,62186,0.001341142
252,57941,0.06248945
253,88610,0.0007850549
254,77426,2.1408736e-10
255,63630,3.8189663e-10
256,97452,3.868407e-18
257,27847,1.5174119e-10
258,72330,0.0577544
259,83242,0.007883797
260,99627,0.043884896
261,55561,5.088196e-07
262,21229,7.526559e-27
263,43254,0.059635594
264,46349,8.117126e-05
265,32885,0.003860181
266,63211,0.0014779106
267,74017,0.0014779106
268,112309,2.3906753e-12
269,71080,1.2192769e-06
270,11233,2.6108697e-07
271,65032,5.2354176e-12
272,62670,4.4378884e-12
273,34602,3.6358463e-19
274,113971,0.15933236
275,44728,0.044231094
276,78716,4.6773253e-06
277,60993,0.001341142
278,62434,0.034557536
279,13314,4.397997e-12
280,9420,0.007768419
281,94502,0.01568494
282,14782,3.5088096e-06
283,105399,0.031200785
284,26114,3.9818759e-13
285,94952,1.8581935e-10
286,63121,0.0006456536
287,17505,1.4991673e-10
288,23853,8.047306e-10
289,76294,0.0008937112
290,79180,0.0047046267
291,66894,3.3776446e-06
292,97408,5.3773147e-06
293,33501,1.5047883e-17
294,50551,0.05098831
295,80870,0.008089195
296,36561,0.008891696
297,41816,0.0021603084
298,62882,5.462743e-25
299,34681,0.008028029
300,114749,0.021416616
301,8606,1.8498874e-07
302,42446,3.0926076e-12
303,53904,0.0509507
304,22551,6.7732026e-10
305,94510,1.778026e-16
306,1373,4.9431087e-10
307,82674,0.004262849
308,40993,0.007791001
309,92014,0.010517384
310,73191,0.029672049
311,106449,3.7388304e-12
312,58423,2.4280403e-16
313,27731,3.8550024e-10
314,89611,0.0008937112
315,64260,4.7891824e-09
316,94809,4.5729557e-06
317,102324,7.56715e-20
318,86926,0.010517384
319,49185,9.586763e-08
320,57289,0.0010755223
321,2655,0.0031490463
322,2988,7.331177e-11
323,545,4.8131042e-08
324,28457,4.3430584e-14
325,14596,2.0542666e-27
326,79184,0.06139194
327,15201,5.2362076e-08
328,56585,0.0022641714
329,6307,0.0022381118
330,98730,0.035745014
331,51980,5.077816e-16
332,80528,4.6773253e-06
333,22762,1.88937e-12
334,51747,2.0710248e-13
335,18778,7.4898765e-10
336,47414,0.00031525563
337,72518,0.16074675
338,13949,0.06310122
339,55661,0.008028029
340,89809,1.6493353e-18
341,61393,4.087041e-06
342,75157,0.016494239
343,49321,0.033706147
344,32608,0.001565089
345,5749,1.2663749e-11
346,4497,1.0421577e-09
347,5680,0.004396726
348,9543,1.5101006e-07
349,3613,0.05962266
350,74486,1.2167922e-05
351,92762,2.8273854e-15
352,26829,8.45546e-13
353,87804,6.9082045e-13
354,64122,3.2933013e-08
355,6967,0.004908372
356,33595,5.936025e-16
357,29196,0.008028029
358,51322,4.57969e-11
359,103698,6.6640727e-18
360,30082,0.008028029
361,45037,0.0034607893
362,104501,2.1256094e-08
363,28006,5.138733e-15
364,1572,7.153218e-10
365,105217,0.010556085
366,48157,0.06310122
367,48353,0.0014779106
368,5189,1.8973826e-07
369,62531,0.003860181
370,93051,0.032137424
371,38760,2.505338e-05
372,51776,0.005038059
373,31602,7.782904e-15
374,109562,0.013195704
375,65343,1.1020418e-14
376,32437,0.009132841
377,5350,2.2089822e-19
378,97738,5.071879e-21
379,83307,0.02471286
380,29927,0.016556531
381,101416,0.0006456536
382,94024,3.0679186e-13
383,72374,6.391479e-14
384,72292,4.2541322e-16
385,56177,0.0403012
386,9135,0.0032737528
387,78647,4.3737933e-17
388,59323,0.013391664
389,79453,0.0014779106
390,11380,0.0011522636
391,45280,0.016525099
392,24095,1.08145056e-17
393,90252,0.030200627
394,101354,2.7854622e-08
395,39613,3.760235e-16
396,56024,0.0577544
397,29067,0.025853444
398,72766,0.9976336
399,91040,0.026802782
400,102100,0.008028029
401,91937,1.3331501e-06
402,33126,0.010517384
403,43785,3.9864637e-14
404,23703,0.008038916
405,3837,0.008123187
406,7726,1.4958961e-06
407,9364,0.008123187
408,111757,4.0894893e-06
409,9181,2.5835616e-08
410,87618,3.4715563e-21
411,76250,3.4335021e-06
412,36068,0.009132841
413,46893,0.008079731
414,114571,2.1274363e-06
415,38291,1.0361251e-08
416,67623,1.2167922e-05
417,101068,0.0074967635
418,85744,7.490217e-18
419,53069,0.0038427904
420,80582,4.6773253e-06
421,50799,0.0077562737
422,112728,0.026459238
423,102871,1.1020866e-09
424,20702,7.1281236e-12
425,50019,0.0509507
426,114385,0.016556531
427,88270,0.00038308173
428,87238,1.6762397e-07
429,80143,7.6002614e-08
430,71196,0.0014779106
431,57365,9.9313314e-05
432,95054,0.015743928
433,74508,0.0006456536
434,61161,2.4556838e-26
435,26538,1.04254e-08
436,56029,0.029361214
437,31570,9.476844e-16
438,106217,2.4895666e-09
439,12642,7.779686e-18
440,112036,0.029184973
441,34514,0.0077562737
442,93450,3.9288435e-07
443,38545,0.0577544
444,107432,2.3899446e-07
445,3722,1.1414862e-09
446,57759,0.014802449
447,82794,9.96816e-16
448,64296,2.5509885e-16
449,7803,0.0017362167
450,45852,0.057786684
451,19727,0.10392527
452,101122,5.3884306e-14
453,59991,0.123743504
454,15276,3.8947166e-19
455,21190,4.533916e-21
456,57751,2.300004e-18
457,48048,0.02680864
458,14201,2.0702892e-29
459,104452,0.016556531
460,61560,1.914004e-06
461,13655,2.3610981e-23
462,111774,0.00076433754
463,29079,0.051028132
464,32527,0.009132841
465,112644,3.9510635e-16
466,89335,0.0002539573
467,106410,0.013195704
468,88697,0.017133752
469,68809,1.5819923e-11
470,19408,3.0659166e-06
471,278,3.2319272e-11
472,111383,3.380483e-13
473,67563,4.682876e-12
474,112976,0.0012896353
475,102347,5.7430847e-09
476,4923,0.0035321566
477,92434,4.1590288e-15
478,49135,4.7056687e-06
479,24611,1.4212852e-17
480,104534,2.8639634e-18
481,67830,0.010517384
482,112269,4.0971455e-21
483,72199,4.6773253e-06
484,93470,4.4901644e-06
485,92290,0.029361214
486,62790,3.163388e-19
487,29962,0.008028029
488,43340,0.19031109
489,95912,1.1215079e-06
490,2054,0.009126271
491,105031,0.0038637838
492,82647,0.0014626036
493,4104,6.749814e-05
494,32165,0.012692844
495,3485,0.37385133
496,53150,1.1731111e-17
497,55810,1.0426713e-08
498,96529,0.0029160744
499,61429,3.6806154e-18
500,82759,0.00084511004
501,98261,2.7338117e-12
502,73851,4.087041e-06
503,96701,9.837972e-18
504,108510,6.637231e-18
505,4513,1.7540773e-05
506,7989,1.1844977e-08
507,52209,3.712608e-05
508,51706,0.006891227
509,75132,0.00427104
510,88174,1.4158924e-21
511,70443,0.025592234
512,79727,4.766764e-09
513,75815,0.0024241232
514,109976,0.0014796258
515,40198,0.9042696
516,56110,0.0403012
517,105614,0.00095901743
518,51330,1.275646e-10
519,89294,0.0014779106
520,29257,2.4715706e-15
521,100033,1.4204808e-05
522,67397,1.6968641e-15
523,105967,2.7175483e-07
524,38882,0.024727335
525,63066,0.0007850549
526,99436,0.042376153
527,75724,0.09115786
528,79512,2.3285958e-13
529,22706,2.9538873e-08
530,2749,8.981764e-11
531,31627,0.003860181
532,40317,7.686665e-13
533,47068,0.007883797
534,112718,4.5455614e-05
535,48713,2.8008113e-05
536,39577,0.010837356
537,65495,2.3315556e-13
538,14485,3.2718225e-10
539,56594,4.0850614e-06
540,62322,0.047915254
541,69218,3.64704e-05
542,50698,2.7191787e-19
543,105068,1.2167922e-05
544,64397,4.6643395e-10
545,92772,0.016539916
546,74760,7.2639973e-13
547,58341,2.1742473e-10
548,92893,0.051038433
549,50706,0.0038427904
550,3254,0.0031490463
551,87809,0.047915254
552,105595,9.102237e-20
553,108347,0.013195704
554,11053,1.4423032e-08
555,50097,1.525603e-23
556,86132,1.11548985e-10
557,36263,3.5088096e-06
558,95855,2.2666028e-17
559,83201,2.2907589e-17
560,18947,0.0001643018
561,15456,0.012986035
562,102205,0.00061613333
563,37779,1.8718628e-15
564,46785,0.00052209815
565,76488,1.4886828e-23
566,102027,0.008089195
567,8838,1.072985e-18
568,55321,6.9819205e-17
569,32597,0.035262115
570,11647,5.985633e-11
571,15613,0.21081
572,80527,0.0077562737
573,23335,0.016494239
574,77863,0.01036664
575,19824,8.155977e-15
576,38893,4.892199e-09
577,34168,0.008028029
578,44081,0.007791001
579,59661,2.5621344e-07
580,10466,0.0032737528
581,96815,3.4213132e-11
582,44377,0.008028029
583,100864,0.008091315
584,94430,0.008028029
585,87742,6.70475e-16
586,65674,6.122069e-17
587,104512,0.0013397379
588,24492,8.349303e-06
589,49739,4.892199e-09
590,80417,0.0014779106
591,99334,0.005695477
592,112122,0.0014796258
593,101283,4.6773253e-06
594,21677,0.0077871648
595,95083,0.0006456536
596,106571,4.635101e-06
597,90303,0.02283054
598,9299,1.2530886e-10
599,6426,8.8953994e-10
600,94693,2.5097115e-19
601,63857,1.2208151e-06
602,88880,0.029672049
603,1883,9.775169e-09
604,84356,0.0014779106
605,61747,0.013317945
606,41443,0.005038059
607,12360,6.6640727e-18
608,78005,3.391921e-17
609,94849,4.7891824e-09
610,22284,0.008079731
611,29215,3.1389142e-19
612,82606,0.016494239
613,104103,0.0006456536
614,36447,0.01036664
615,41050,2.8930345e-29
616,9949,2.3147944e-08
617,45600,5.72976e-16
618,73479,9.698941e-11
619,46979,0.0077562737
620,41784,8.047306e-10
621,90034,0.048119143
622,19768,2.0050327e-21
623,20081,0.06845318
624,63156,2.1883041e-15
625,50526,5.6914605e-17
626,33958,2.2184372e-14
627,14261,2.880332e-18
628,35991,6.387668e-06
629,51997,0.04022754
630,79806,6.4053675e-14
631,95620,0.004273326
632,34320,0.06102716
633,21679,3.2163532e-13
634,103104,0.040500082
635,68491,0.0005191841
636,79707,0.040500082
637,83363,1.2124209e-08
638,45483,0.006983701
639,31264,0.003860181
640,37724,7.4003546e-11
641,93250,0.010517384
642,103271,0.0006456536
643,64938,4.7891824e-09
644,533,4.5284628e-17
645,67037,0.0020933005
646,93473,0.055597
647,31665,0.083558194
648,102196,0.0020921822
649,45224,0.010517384
650,83765,3.724652e-12
651,101763,4.6773253e-06
652,42042,0.00046739265
653,67828,0.01694021
654,59157,0.01568494
655,99616,0.048119143
656,375,1.5681037e-08
657,69416,3.216508e-16
658,63999,7.423923e-22
659,78883,0.0042712325
660,31772,3.0091942e-09
661,67449,0.01575699
662,48837,0.008028029
663,37881,0.083558194
664,105357,2.1349027e-11
665,57189,0.039300192
666,98878,0.005038059
667,98940,0.05121239
668,15375,6.0050753e-10
669,99199,3.4379977e-09
670,57281,9.823218e-21
671,109732,1.3106362e-13
672,13354,2.880332e-18
673,72902,4.6773253e-06
674,113479,2.0579786e-10
675,58274,0.08129434
676,104509,1.4204808e-05
677,44498,0.008079731
678,39696,0.026713273
679,21928,2.6834411e-20
680,47299,0.008079731
681,112470,0.04818268
682,84809,3.3776446e-06
683,34971,0.005038059
684,9567,7.7300444e-11
685,58474,3.868407e-18
686,34696,0.0006956626
687,33177,5.986677e-13
688,30371,7.146488e-08
689,111751,2.7175483e-07
690,58321,5.410976e-07
691,14148,8.6855805e-05
692,15809,0.0006956626
693,65457,0.0029160744
694,111372,0.04818268
695,36594,0.0013494677
696,102912,0.0014779106
697,52753,1.9354844e-09
698,65752,4.7876105e-17
699,115710,0.013195704
700,23591,0.003860181
701,17983,2.0764004e-24
702,45798,1.04842975e-17
703,106725,0.0056346687
704,66451,0.045164015
705,107430,0.0013397379
706,4661,1.4167716e-08
707,10387,1.9003528e-09
708,78369,6.70475e-16
709,16948,2.9851542e-14
710,17737,9.660135e-18
711,21807,5.7602133e-19
712,111914,0.0029152634
713,106711,3.4705923e-12
714,54179,0.00527734
715,2255,8.2843415e-10
716,102888,0.0077562737
717,70070,0.007472167
718,13371,8.0077145e-09
719,15328,8.1264244e-27
720,5326,0.0002220682
721,98753,0.0055391686
722,15979,7.700437e-11
723,69201,0.0014099019
724,68233,0.008089195
725,43903,0.003860181
726,61446,0.028968716
727,107870,1.0616959e-08
728,64151,3.713657e-12
729,39190,0.004262849
730,60485,0.047915254
731,61360,0.0014779106
732,92658,0.0007850549
733,90645,0.0077935676
734,84042,2.2258591e-10
735,99935,0.015743928
736,29513,0.016556531
737,34249,1.16131195e-17
738,10336,0.0053577055
739,16350,1.0909769e-24
740,56866,3.402407e-05
741,37369,2.5441934e-05
742,16662,2.390898e-09
743,1938,1.7216859e-16
744,12555,0.0577544
745,99851,2.548983e-25
746,90916,0.02050013
747,75043,0.0074967635
748,65278,0.0029160744
749,42076,0.009095178
750,91286,1.8420991e-07
751,76276,1.5757486e-16
752,73158,0.0577544
753,92448,2.1915404e-12
754,74964,9.159859e-18
755,55257,1.9801947e-11
756,108498,0.051038433
757,9208,1.2415592e-05
758,56508,0.0014626036
759,72341,0.008089195
760,65967,4.7817523e-09
761,31113,6.758326e-13
762,93318,2.5508478e-12
763,22480,1.0956497e-05
764,75752,1.5123319e-18
765,16697,0.016494239
766,26579,1.7264145e-16
767,6534,0.05781429
768,56725,2.66696e-05
769,72510,1.0546218e-12
770,22674,8.685722e-07
771,57898,1.7208415e-13
772,90026,2.3349665e-19
773,88601,0.000113770446
774,8652,0.029874584
775,7408,3.449874e-09
776,34244,3.6358463e-19
777,89968,2.9493916e-10
778,100214,0.00077814166
779,2891,4.175746e-06
780,12559,6.973999e-14
781,49025,2.0792268e-05
782,33870,3.6358463e-19
783,69606,0.008089195
784,57042,0.004262849
785,114064,0.016556531
786,728,4.899146e-09
787,71654,4.020501e-16
788,47027,0.007791001
789,41250,5.522825e-14
790,1630,0.00014630902
791,55361,0.008028029
792,63639,7.457124e-09
793,115273,9.474792e-14
794,43430,0.0065901084
795,111233,4.8485572e-24
796,93160,0.032137424
797,27887,0.057786684
798,21843,0.008079731
799,79166,4.0643312e-07
800,98456,9.4700106e-09
801,19852,2.6308829e-15
802,16831,3.857665e-10
803,103336,0.04818268
804,100769,7.0871353e-10
805,46063,0.008079731
806,34534,1.11456085e-13
807,115948,1.4814928e-07
808,87782,0.029361214
809,87652,0.0007850549
810,26365,0.02558698
811,100684,2.1831579e-09
812,14358,6.2914634e-18
813,18797,0.0070406324
814,76235,0.005038059
815,18255,2.7515357e-19
816,34981,8.430314e-06
817,885,2.7627287e-10
818,39133,4.9076748e-17
819,22504,1.4597629e-13
820,57135,0.07093826
821,96741,0.0077935676
822,35895,0.04767911
823,15442,0.0022999768
824,28839,2.4715706e-15
825,90862,5.5161534e-13
826,57101,3.868407e-18
827,20459,2.0391403e-07
828,106982,0.035686146
829,89803,0.0007850549
830,75674,2.93608e-16
831,103938,6.81419e-05
832,26549,5.25498e-06
833,51210,2.66696e-05
834,22082,4.911325e-10
835,99316,0.048119143
836,37683,2.7464578e-06
837,102322,0.030912777
838,12356,0.00035139036
839,2765,0.0031490463
840,74343,2.677489e-07
841,113233,1.0486385e-08
842,66575,2.2980559e-19
843,85051,0.008089195
844,64211,5.216322e-11
845,106908,0.00081616663
846,91261,0.00017528601
847,63342,1.3948319e-10
848,10069,1.30591e-13
849,73421,0.0009134363
850,69688,0.004459713
851,1916,9.194234e-11
852,60627,4.7891824e-09
853,65061,1.2654163e-15
854,98762,7.307707e-05
855,110721,0.028968716
856,71075,0.05121239
857,36583,7.181568e-11
858,37828,3.944673e-11
859,31886,8.349303e-06
860,50401,0.0509507
861,95231,0.015743928
862,72370,2.7401237e-08
863,81888,0.044231094
864,91872,0.0014779106
865,69257,0.047915254
866,85541,0.009092403
867,110988,0.00016252566
868,29389,0.0035401913
869,73105,1.4158924e-21
870,60871,7.75746e-07
871,85124,1.48285e-06
872,66055,4.7876105e-17
873,79308,0.006964409
874,69138,0.06248945
875,43470,0.057786684
876,22682,2.6040578e-12
877,71908,0.025684046
878,112624,0.04818268
879,86645,2.804906e-19
880,79794,2.5324283e-18
881,93410,1.6825147e-07
882,18488,0.008047925
883,87727,0.002915908
884,24604,7.597622e-16
885,858,4.4767907e-20
886,40474,3.8404543e-11
887,102567,6.37253e-06
888,26475,1.07497067e-13
889,39434,0.00398546
890,4280,0.013572928
891,4363,0.024790043
892,75693,4.6773253e-06
893,37366,1.0772182e-09
894,45766,6.787938e-20
895,95063,0.029305182
896,53878,0.0006456536
897,5385,0.0061882436
898,13919,0.00020048891
899,8778,1.844373e-10
900,43603,0.057786684
901,36953,0.007230439
902,114804,0.021416616
903,7047,1.049547e-08
904,113578,2.2018428e-16
905,61299,0.003860181
906,69762,1.4640991e-09
907,34228,0.0029182504
908,97227,3.942907e-14
909,75009,0.02579965
910,32689,0.025853444
911,114483,0.024806844
912,9028,1.9407316e-11
913,72784,0.025853444
914,43102,1.1141871e-20
915,17174,4.0102197e-10
916,108850,2.1220292e-07
917,93274,6.679622e-05
918,111350,4.6773253e-06
919,101529,2.7175483e-07
920,36379,1.1568842e-20
921,33392,0.008028029
922,114841,0.010582884
923,78860,0.0005405492
924,111563,4.624479e-09
925,54796,1.8129538e-07
926,64079,9.260209e-16
927,6668,6.994621e-07
928,22115,2.2295925e-30
929,11711,0.0035321566
930,107304,1.3601421e-10
931,30788,1.9260284e-08
932,100674,1.1914991e-16
933,57164,0.020329589
934,91601,1.0209358e-11
935,93919,1.1963272e-05
936,53392,1.8395963e-16
937,110586,1.3955885e-06
938,7210,2.6149039e-05
939,5815,6.2967027e-09
940,19593,3.5310215e-06
941,64384,0.001341142
942,110494,5.50052e-06
943,55333,0.033706147
944,103234,0.05590158
945,88602,0.02050013
946,58152,3.3776446e-06
947,35486,3.0829713e-20
948,106966,0.0012506918
949,28743,0.00051294756
950,92010,5.607174e-11
951,68967,3.2933013e-08
952,114683,2.1412491e-10
953,55680,1.8395963e-16
954,111861,2.8639634e-18
955,110932,0.03494701
956,354,0.0509507
957,39998,1.3472068e-10
958,19200,0.007883797
959,76143,0.0029159163
960,1617,1.8970697e-11
961,45206,4.1232348e-14
962,74375,0.009092403
963,28730,0.20057586
964,51172,0.025576562
965,113597,0.00030498233
966,40816,0.012522128
967,108785,1.5378052e-07
968,92298,0.0009134363
969,6549,1.0085086e-07
970,91511,3.869666e-06
971,93581,2.1530794e-15
972,9051,0.0013157417
973,62544,0.029361214
974,64378,0.00047763984
975,48466,1.1764807e-18
976,84038,0.0403012
977,39096,4.7627723e-06
978,111852,0.0047083725
979,12418,0.007214841
980,96796,1.1358091e-09
981,40636,0.0004793765
982,48293,0.047915254
983,4943,0.023474745
984,94920,7.970986e-10
985,54345,0.00022603424
986,109443,2.2381264e-19
987,23715,0.0035321566
988,37474,0.020164473
989,104222,0.0109907985
990,64986,0.0020933005
991,115836,3.726617e-10
992,52932,0.00010287448
993,99150,0.0006942356
994,51139,0.008028029
995,26034,0.003860181
996,25497,0.0013494677
997,53976,0.020619221
998,85045,7.11957e-07
999,63763,1.2706846e-06
1000,73927,0.028322274
1001,78763,0.019628607
1002,40524,1.4703252e-05
1003,60080,6.391479e-14
1004,38018,2.6234486e-05
1005,37104,0.0003086525
1006,66782,2.4280403e-16
1007,95262,0.0023767564
1008,62423,2.2678723e-26
1009,99900,0.1331813
1010,66071,2.5509885e-16
1011,68684,3.1053185e-06
1012,63647,4.7891824e-09
1013,102818,0.0008073197
1014,77240,0.0029168383
1015,12171,1.22414585e-05
1016,11744,1.0926745e-27
1017,65812,4.0874615e-06
1018,79056,4.1023115e-11
1019,66526,2.627245e-13
1020,113751,4.1456638e-13
1021,56106,2.5253383e-10
1022,39448,0.007410337
1023,4372,0.0035321566
1024,78001,2.66696e-05
1025,32123,1.1473413e-15
1026,73152,0.008153063
1027,34136,0.0577544
1028,61539,0.0029160744
1029,36696,0.01568494
1030,45526,0.008079731
1031,56,0.0076018325
1032,20686,4.728913e-08
1033,21765,2.6234486e-05
1034,99170,0.024709625
1035,64623,4.7891824e-09
1036,109437,0.03567427
1037,79064,0.055597
1038,100984,5.3795788e-14
1039,28997,0.003860181
1040,101693,2.7175483e-07
1041,104025,3.8565217e-05
1042,17388,2.421116e-05
1043,100747,0.009567131
1044,110907,6.902804e-13
1045,80508,0.026748953
1046,14628,1.5663388e-17
1047,44227,3.1299853e-17
1048,16513,0.0070406324
1049,51743,1.525603e-23
1050,64927,0.00050368113
1051,102125,8.211319e-17
1052,98729,2.6063932e-12
1053,32824,5.2114178e-08
1054,67448,0.0043147327
1055,41982,1.7271952e-12
1056,104531,5.1068885e-19
1057,84893,1.2236375e-15
1058,27235,5.920766e-14
1059,63674,3.9284578e-07
1060,101362,2.6076336e-14
1061,72224,0.028968716
1062,89172,0.047915254
1063,64679,5.9902943e-18
1064,106421,0.013195704
1065,38230,1.849949e-15
1066,99629,0.000934609
1067,90571,2.8954508e-15
1068,92202,0.013828899
1069,98812,1.4158924e-21
1070,2886,1.43848435e-08
1071,4475,3.417579e-13
1072,72438,0.008089195
1073,46830,0.0038987673
1074,11309,5.985633e-11
1075,60096,0.0007850549
1076,76773,3.5427913e-16
1077,47830,3.258066e-14
1078,107459,0.015743928
1079,111236,1.9895186e-08
1080,102154,0.0509507
1081,65859,1.4200383e-25
1082,20280,3.5088096e-06
1083,93545,0.047915254
1084,113800,1.2130521e-12
1085,40355,2.035446e-10
1086,78950,0.029672049
1087,79619,0.05780216
1088,47530,0.007791001
1089,81065,0.0024653396
1090,94171,0.059596222
1091,31247,0.003860181
1092,55209,9.9609e-16
1093,19954,2.2604071e-21
1094,19819,0.008891696
1095,87990,0.0007315772
1096,30269,0.016556531
1097,41171,2.0611757e-18
1098,71168,0.06248945
1099,9658,2.3406937e-10
1100,40734,1.7102718e-21
1101,32263,0.057819508
1102,1616,2.4103223e-08
1103,42637,0.04179281
1104,74937,0.12564132
1105,27883,8.8629584e-08
1106,55033,0.009132841
1107,85715,0.006891227
1108,85586,5.25498e-06
1109,60693,0.026713273
1110,22213,5.5579087e-14
1111,11864,0.024790043
1112,53100,0.008028029
1113,73228,1.2167922e-05
1114,1925,0.0031490463
1115,21479,8.047306e-10
1116,22312,2.4715706e-15
1117,4507,0.004560521
1118,43922,2.942993e-20
1119,95504,0.001341142
1120,42621,2.4715706e-15
1121,72500,0.01568494
1122,107281,4.724313e-09
1123,28987,6.255992e-05
1124,101461,4.0065836e-16
1125,113804,9.7089745e-18
1126,7724,0.0062888265
1127,47947,0.01568494
1128,76811,2.4978279e-28
1129,45423,3.5582824e-18
1130,45359,7.519427e-16
1131,28778,0.0033909257
1132,60952,1.22414585e-05
1133,101849,0.005038059
1134,16514,0.008047925
1135,98234,0.006855374
1136,71740,0.095406115
1137,59947,1.1469746e-21
1138,27786,0.03636212
1139,13035,0.078709215
1140,114671,0.007413368
1141,9837,5.419872e-13
1142,28881,0.16586275
1143,58143,0.006891227
1144,34,5.6764225e-07
1145,107355,0.008091315
1146,31607,3.0091942e-09
1147,57851,6.391479e-14
1148,15377,0.01516842
1149,114384,0.012965259
1150,49200,0.0267177
1151,54311,1.3453641e-16
1152,43165,0.008079731
1153,108889,8.053622e-20
1154,3483,0.07549378
1155,81811,2.0446689e-09
1156,83437,1.5298044e-16
1157,85147,0.044231094
1158,44221,7.57379e-28
1159,17742,1.03755465e-05
1160,95774,0.007883797
1161,105010,0.013195704
1162,61835,0.003860181
1163,64746,1.3443511e-12
1164,100840,0.030200627
1165,9885,0.013345595
1166,6167,0.024790043
1167,57636,2.8356268e-15
1168,28662,0.00019491534
1169,40488,0.001549751
1170,74414,2.2258591e-10
1171,4376,9.880874e-07
1172,15554,2.5015499e-18
1173,73550,0.0077562737
1174,69666,1.3098131e-18
1175,115701,3.707591e-16
1176,59627,0.001341142
1177,106212,1.2130521e-12
1178,32771,1.1376604e-17
1179,69075,0.036315333
1180,59036,4.2249448e-14
1181,29176,0.008028029
1182,113306,4.436524e-09
1183,107175,0.024709625
1184,101901,0.038721465
1185,59467,0.0077562737
1186,38473,0.008079731
1187,10377,2.3393647e-09
1188,106110,0.00081616663
1189,41331,0.007791001
1190,87936,4.925849e-17
1191,60400,3.3776446e-06
1192,78124,0.0013494677
1193,33217,0.0077562737
1194,12427,0.0054831086
1195,70075,1.3440755e-10
1196,63249,0.008047925
1197,108599,3.192809e-13
1198,75415,2.4612439e-12
1199,101168,0.001341142
1200,32392,0.034557663
1201,19637,1.0914176e-10
1202,102708,6.835206e-19
1203,114611,2.4447958e-10
1204,85287,1.4158924e-21
1205,45764,2.057686e-06
1206,181,1.3406084e-05
1207,78327,0.016748393
1208,80244,0.042199478
1209,78021,0.0077562737
1210,32878,0.06692734
1211,20175,4.4540175e-05
1212,48863,0.007883797
1213,111485,0.022182668
1214,108217,0.0020876515
1215,107648,0.016556531
1216,97857,0.0043147327
1217,11504,4.0113719e-07
1218,90089,0.059275787
1219,39604,0.008079731
1220,84807,0.026748953
1221,106625,0.026802782
1222,6456,5.672522e-15
1223,22968,4.1908285e-17
1224,92475,1.1688512e-22
1225,93927,0.030011307
1226,27566,0.005038059
1227,78996,0.000116006035
1228,32560,0.003860181
1229,49832,0.00012665114
1230,62046,1.6280687e-11
1231,109154,0.008091315
1232,86551,0.0008937112
1233,16617,0.044231094
1234,21015,4.7045676e-16
1235,89597,0.032416485
1236,11084,1.844373e-10
1237,40579,6.5064177e-07
1238,74513,2.5329375e-20
1239,17247,5.767774e-20
1240,32201,0.0077562737
1241,6719,0.00037575368
1242,7939,0.013573701
1243,55465,3.9478944e-11
1244,98033,6.0849703e-05
1245,71987,0.0005359187
1246,59034,4.892199e-09
1247,54016,0.008028029
1248,40253,0.0014989981
1249,61684,0.0006456536
1250,38881,0.0052435203
1251,99388,2.7175483e-07
1252,74963,1.2096217e-15
1253,114861,2.2724036e-09
1254,32967,8.7548835e-10
1255,51427,9.642358e-17
1256,40277,0.0036370647
1257,71827,0.005038059
1258,90220,6.055585e-06
1259,8951,2.7618963e-10
1260,60385,0.029361214
1261,62776,0.0077871648
1262,53996,3.8565217e-05
1263,32446,5.980155e-11
1264,31365,0.0013494677
1265,2476,1.2173807e-06
1266,66190,4.7817523e-09
1267,65475,1.2831196e-15
1268,284,0.0018089174
1269,103193,3.519003e-17
1270,96326,0.006648282
1271,35520,0.0004784279
1272,60476,0.0007850549
1273,104790,0.008091315
1274,38251,2.747167e-23
1275,7164,1.0189398e-11
1276,112414,0.04818268
1277,25207,7.085079e-06
1278,102156,0.009092403
1279,57237,0.010837356
1280,59244,0.0040524765
1281,53411,2.565592e-13
1282,18093,2.293169e-27
1283,16971,0.05121239
1284,46013,2.2373982e-14
1285,40727,0.001549751
1286,29424,0.0509507
1287,36140,5.378303e-05
1288,66114,2.744118e-09
1289,114970,2.2275307e-19
1290,89907,0.00021719644
1291,58803,5.8276673e-06
1292,110153,0.02169412
1293,105739,3.028938e-05
1294,95655,0.040500082
1295,8167,1.1382276e-12
1296,92330,0.0006456536
1297,111895,0.026802782
1298,92323,0.0038637838
1299,6045,0.0010233003
1300,78568,0.008028029
1301,75350,0.025853444
1302,24386,1.4212852e-17
1303,42967,1.0894433e-07
1304,94790,0.016539916
1305,3391,0.00031419314
1306,96097,0.008091315
1307,48473,0.18689777
1308,3832,0.033774532
1309,97505,0.03494701
1310,26460,0.00012665114
1311,65091,4.0874615e-06
1312,69346,1.2790963e-17
1313,97281,0.048003506
1314,72344,0.0074967635
1315,9382,0.0006475633
1316,65977,1.2118958e-12
1317,26854,8.652942e-12
1318,10622,0.00015693252
1319,23393,1.7803795e-18
1320,6607,0.0017362167
1321,22903,2.0906904e-17
1322,96644,0.0043147327
1323,35836,3.0829713e-20
1324,98743,0.008091315
1325,91116,3.868407e-18
1326,94529,0.042376153
1327,114616,2.5756532e-13
1328,98303,5.789418e-06
1329,72496,3.8937125e-16
1330,18843,3.7659608e-17
1331,43354,2.0792268e-05
1332,90002,9.9313314e-05
1333,58219,4.6773253e-06
1334,74614,0.02579965
1335,15354,0.0015663607
1336,103943,0.06282126
1337,88119,2.4699872e-15
1338,52250,0.3628409
1339,33355,0.1907366
1340,42025,1.6984636e-15
1341,92576,0.044904742
1342,31699,0.0077562737
1343,57444,7.4104e-14
1344,37040,0.026713273
1345,85224,0.0077935676
1346,12778,5.059221e-29
1347,72732,0.0029168383
1348,32704,0.011272258
1349,41160,0.003860181
1350,83491,7.431437e-13
1351,100278,0.008091315
1352,82218,0.004700935
1353,109638,0.03035353
1354,38079,0.007791001
1355,94249,0.047915254
1356,49308,5.2807097e-19
1357,70011,7.100067e-26
1358,30364,0.00020869596
1359,12784,1.14583995e-17
1360,65998,4.9224568e-14
1361,58695,0.007195014
1362,40463,0.012522128
1363,12606,1.5750947e-22
1364,56419,6.2503925e-05
1365,12869,2.6962254e-13
1366,1087,1.8682802e-09
1367,104251,0.005038059
1368,26286,0.014581853
1369,113612,0.026463047
1370,101828,2.8638298e-12
1371,28409,1.0401576e-21
1372,99684,4.9220066e-06
1373,77835,0.0037888936
1374,49570,0.0002539573
1375,98088,6.190233e-05
1376,65384,2.370822e-20
1377,59876,0.02471286
1378,58832,3.5088096e-06
1379,108940,0.044960506
1380,1066,5.999934e-05
1381,121,6.913964e-17
1382,97401,0.044725854
1383,88148,0.00023350534
1384,39420,9.1268654e-10
1385,30010,0.008028029
1386,100467,4.5335094e-07
1387,13659,0.007763525
1388,33096,0.004262849
1389,113716,0.0076280036
1390,59006,1.1236791e-06
1391,18719,3.9214235e-08
1392,96988,0.0008937112
1393,24228,0.023405334
1394,101059,2.4766462e-09
1395,53500,0.008028029
1396,107285,0.0029152634
1397,39675,5.2807097e-19
1398,17491,0.008047925
1399,68433,0.0043147327
1400,65906,0.0029160744
1401,84677,3.5955006e-28
1402,72191,0.00019655263
1403,85111,0.021737345
1404,39501,2.6234486e-05
1405,56841,0.0042712325
1406,22280,5.777459e-14
1407,4566,0.024790043
1408,58637,0.010842438
1409,34847,1.914004e-06
1410,35298,0.19031109
1411,33590,0.0066678915
1412,48731,1.373717e-15
1413,77005,0.020338738
1414,17692,0.044231094
1415,66240,4.089727e-06
1416,101117,4.767331e-15
1417,98959,3.3284552e-20
1418,10225,3.581034e-12
1419,106890,1.673614e-20
1420,71355,0.0074967635
1421,22768,9.590036e-12
1422,79593,0.00020048891
1423,109335,4.635101e-06
1424,115302,1.1169092e-15
1425,80722,0.0074561853
1426,39029,8.014285e-09
1427,40672,4.9069516e-14
1428,60254,1.989945e-14
1429,71424,4.6773253e-06
1430,89849,1.075665e-11
1431,80933,0.015734917
1432,58150,0.0019666015
1433,20808,1.1883633e-07
1434,68166,2.7131304e-17
1435,75995,5.2048378e-17
1436,114856,0.008028029
1437,86892,0.008089195
1438,10028,1.1231805e-09
1439,3137,0.002550813
1440,47892,3.3776446e-06
1441,76113,3.974934e-16
1442,112597,2.7364629e-06
1443,44291,5.2807097e-19
1444,34448,0.05121239
1445,75208,4.087041e-06
1446,8590,1.0753622e-17
1447,78234,1.3633264e-10
1448,32396,0.004262849
1449,8156,1.2267808e-11
1450,43528,6.9819205e-17
1451,19802,1.0323397e-19
1452,3057,0.0011549102
1453,56703,0.008028029
1454,8569,0.00037575368
1455,55656,3.7956605e-15
1456,40236,5.3105407e-07
1457,59297,4.635101e-06
1458,13578,1.7089225e-07
1459,56020,0.0072111264
1460,11127,9.4771926e-11
1461,86320,2.1442344e-16
1462,17966,5.9220695e-16
1463,51337,1.4577962e-16
1464,4313,1.4445652e-07
1465,45021,0.024727335
1466,83472,1.2342393e-19
1467,40048,2.6975874e-10
1468,97214,1.03977885e-17
1469,7243,6.819064e-10
1470,51745,0.00712693
1471,101904,1.03977885e-17
1472,56297,0.047915254
1473,115947,5.8356785e-11
1474,46011,5.3269133e-14
1475,20786,2.6504714e-18
1476,112547,0.04818268
1477,52872,5.4423194e-06
1478,19187,8.047306e-10
1479,74605,1.7714887e-06
1480,33960,0.00012665114
1481,40566,0.24138007
1482,59117,0.008028029
1483,102697,4.3988722e-11
1484,83607,4.5849765e-07
1485,106644,7.292665e-09
1486,66001,4.0636613e-15
1487,28655,1.774194e-13
1488,61723,2.838201e-16
1489,14741,2.719479e-12
1490,88008,0.016539916
1491,31747,6.6308486e-12
1492,10436,0.028980374
1493,7713,1.7494987e-09
1494,74178,1.2210993e-10
1495,27381,2.4629899e-20
1496,108552,0.01055873
1497,103653,0.013195704
1498,39144,4.7627723e-06
1499,22773,7.532742e-10
1500,98322,3.9285476e-07
1501,90041,0.05780216
1502,93887,0.0038637838
1503,2202,5.3077327e-11
1504,15219,0.0015663607
1505,83899,2.353358e-05
1506,5286,1.4423032e-08
1507,58351,0.016494239
1508,39048,1.0905836e-13
1509,48696,4.0299445e-16
1510,13551,0.00712693
1511,112522,1.4920677e-07
1512,35156,2.0338874e-16
1513,37757,1.2582826e-15
1514,82016,1.1393133e-20
1515,101816,3.5011812e-17
1516,1792,6.3675976e-09
1517,38658,1.3411616e-17
1518,21607,1.3303138e-24
1519,11888,0.00011848344
1520,6071,0.0017362167
1521,35184,0.005038059
1522,99532,2.5591312e-06
1523,4516,0.00017986688
1524,6642,0.0014767816
1525,70177,0.06139194
1526,14696,2.3850328e-08
1527,44332,7.0145866e-20
1528,107112,4.724313e-09
1529,75930,0.0029159163
1530,48545,3.5088096e-06
1531,31819,2.4609476e-16
1532,86502,1.326696e-08
1533,14908,2.902437e-17
1534,10325,0.00010444344
1535,59655,0.022182668
1536,42023,3.1160952e-09
1537,32604,9.257504e-13
1538,112319,0.0039097727
1539,109855,5.6619883e-05
1540,98150,1.3766868e-14
1541,22546,2.4483972e-11
1542,13856,0.01568494
1543,33693,3.3368646e-09
1544,34576,0.00010323611
1545,52813,0.0043147327
1546,33012,0.016556531
1547,113354,0.0006456536
1548,22836,6.1882986e-08
1549,5207,0.008123187
1550,65748,4.7817523e-09
1551,74478,0.00043822662
1552,66337,5.5021457e-17
1553,75300,2.4175785e-23
1554,41751,2.3799923e-05
1555,96248,0.047915254
1556,3884,1.8498874e-07
1557,70218,0.0509507
1558,85675,0.016494239
1559,32676,3.406954e-15
1560,2794,1.0380933e-06
1561,90622,3.5427913e-16
1562,109306,0.048256118
1563,105296,5.425712e-05
1564,52648,0.16586275
1565,71675,0.010517384
1566,113497,0.029542837
1567,8609,9.039903e-08
1568,75044,4.268109e-17
1569,13204,3.964667e-16
1570,94399,2.1037155e-05
1571,56692,1.4212852e-17
1572,4792,1.6380142e-07
1573,69771,5.140395e-09
1574,31656,6.3211182e-06
1575,21348,0.00088066544
1576,32642,5.0875983e-12
1577,12222,4.3819776e-24
1578,18462,0.000116006035
1579,29050,4.2249448e-14
1580,45895,0.008079731
1581,90338,0.047915254
1582,88369,0.0006456536
1583,94707,9.194419e-09
1584,44256,0.008079731
1585,12767,3.6218972e-09
1586,56439,0.0403012
1587,26262,0.00010323611
1588,56607,0.042199478
1589,5056,7.929623e-09
1590,82953,1.8935096e-05
1591,34347,0.0021339823
1592,52605,0.0038427904
1593,6278,0.0017362167
1594,35241,0.0003769319
1595,33491,3.7807274e-18
1596,7112,1.2766011e-06
1597,63497,0.0070253937
1598,108973,1.3666461e-21
1599,69734,0.007883797
1600,56574,9.606085e-17
1601,112694,1.4776558e-08
1602,93525,1.6936242e-06
1603,56150,1.22414585e-05
1604,113125,0.04818268
1605,14821,4.1390155e-11
1606,38923,8.063748e-17
1607,10890,5.8689952e-08
1608,84019,0.005038059
1609,91238,0.038721465
1610,527,8.904724e-20
1611,66535,4.7817523e-09
1612,41987,0.004262849
1613,32323,0.02558698
1614,74485,0.004700935
1615,72705,0.0077562737
1616,14688,0.039300192
1617,107206,1.1947708e-10
1618,103148,2.3899446e-07
1619,62411,1.0806122e-06
1620,32140,1.3191609e-09
1621,98279,5.5440393e-14
1622,69204,0.019531352
1623,98340,4.0904642e-06
1624,93528,0.044260383
1625,39847,1.7772809e-06
1626,79321,0.010585875
1627,33714,0.009132841
1628,8185,0.0012180936
1629,33287,2.588567e-20
1630,71824,4.203601e-19
1631,110247,1.4811665e-15
1632,12700,2.7654292e-09
1633,70960,0.06907045
1634,39957,2.2708035e-05
1635,64404,1.3443511e-12
1636,29548,0.004293476
1637,67866,0.0006456536
1638,8942,1.4258117e-07
1639,8793,0.0076018325
1640,1984,2.330609e-09
1641,54083,2.2745968e-10
1642,12403,0.008038916
1643,89358,0.06139194
1644,26051,3.1389142e-19
1645,113947,1.1686585e-16
1646,19534,1.297088e-06
1647,8431,2.8840958e-08
1648,80430,0.0006456536
1649,82380,1.5313482e-07
1650,85256,4.6773253e-06
1651,33280,0.059635594
1652,82210,1.0357913e-19
1653,28072,7.966789e-18
1654,102469,0.03348353
1655,107699,0.025651136
1656,57321,1.914004e-06
1657,22349,0.005706795
1658,60153,0.047915254
1659,5061,1.7422733e-08
1660,23387,0.007791001
1661,5517,0.024398994
1662,65283,2.0396237e-14
1663,16901,5.3364726e-14
1664,87962,0.004267904
1665,9833,3.2768798e-11
1666,14035,5.3377725e-15
1667,84040,2.3105275e-05
1668,42855,0.0028859165
1669,81674,0.0040524765
1670,18309,6.885095e-16
1671,29220,0.024806844
1672,7715,2.027064e-06
1673,5539,0.0032691674
1674,37552,1.1376604e-17
1675,52302,0.0077562737
1676,68568,0.008089195
1677,38397,1.6368196e-05
1678,66331,1.0602797e-15
1679,70190,4.087041e-06
1680,97451,0.015298703
1681,83103,4.766764e-09
1682,36755,0.008079731
1683,107500,0.04818268
1684,41703,0.0013641858
1685,10429,1.17667785e-11
1686,104603,4.0915684e-06
1687,4449,0.013573701
1688,12725,1.7089225e-07
1689,57834,3.6358463e-19
1690,58780,7.2639973e-13
1691,2133,0.024806844
1692,114796,7.783365e-11
1693,26855,2.6234486e-05
1694,21580,6.0977885e-15
1695,69987,0.036315333
1696,27241,5.72976e-16
1697,32805,0.0509507
1698,12942,0.0008013013
1699,94222,0.008091315
1700,53274,2.5135514e-13
1701,58909,1.4158924e-21
1702,91989,0.044904742
1703,78903,0.0014779106
1704,63817,3.9284578e-07
1705,87824,4.6773253e-06
1706,66221,1.075084e-08
1707,7958,8.32859e-07
1708,16800,0.00029983209
1709,11136,6.4791232e-12
1710,79486,0.0038637838
1711,21459,4.2925658e-05
1712,355,0.0034607893
1713,63777,0.00037240595
1714,38675,1.0372951e-09
1715,91824,0.008089195
1716,70740,0.028968716
1717,2020,1.5437533e-07
1718,13667,3.5088096e-06
1719,72653,0.0038987673
1720,106911,0.0043459623
1721,87485,0.044260383
1722,40724,0.003860181
1723,52991,1.22414585e-05
1724,27590,2.7038913e-26
1725,16494,8.475338e-24
1726,111847,1.8373142e-19
1727,76855,0.008089195
1728,85458,0.0577544
1729,115911,0.04818268
1730,54354,0.0509507
1731,36635,0.057786684
1732,43654,1.7824429e-13
1733,45006,5.25498e-06
1734,43523,3.353292e-21
1735,58853,0.029361214
1736,30509,6.966858e-18
1737,14466,6.7774047e-13
1738,107166,1.5300911e-15
1739,44103,5.8082945e-11
1740,98741,4.8611137e-09
1741,102953,8.369134e-05
1742,78272,0.05121239
1743,103495,6.4171486e-16
1744,35789,0.008028029
1745,96531,0.0038637838
1746,113386,4.436524e-09
1747,69839,0.044231094
1748,101149,4.7891824e-09
1749,35988,0.0021339823
1750,99748,1.14061496e-10
1751,64633,0.008159509
1752,86532,1.074998e-08
1753,64094,0.0013300558
1754,114755,1.5595696e-12
1755,7168,0.0032691674
1756,90819,5.315747e-06
1757,45718,0.028968716
1758,20429,0.014581853
1759,34947,0.008028029
1760,14928,1.3707545e-22
1761,10891,1.4731688e-05
1762,105920,0.008978341
1763,68527,1.0955899e-16
1764,95399,0.0009134363
1765,4292,0.027330413
1766,73850,3.283254e-05
1767,80860,0.16586275
1768,70131,7.423923e-22
1769,15511,3.1505584e-29
1770,33010,0.008028029
1771,45403,0.007791001
1772,46449,6.877851e-08
1773,33663,0.013828899
1774,113527,1.00094294e-22
1775,13964,3.761245e-13
1776,52993,0.01568494
1777,46923,6.833112e-06
1778,23507,0.00046739265
1779,86992,4.6773253e-06
1780,96366,2.6590478e-19
1781,17387,4.6260624e-11
1782,90873,0.006964409
1783,105686,3.3776446e-06
1784,58073,1.22414585e-05
1785,81778,4.6773253e-06
1786,6472,0.0031529434
1787,102875,0.0077935676
1788,53876,0.036106855
1789,36387,4.2614356e-11
1790,25810,0.010842438
1791,44996,0.0005769958
1792,80050,1.0379016e-15
1793,560,0.05781429
1794,102463,0.006891227
1795,48204,0.23565465
1796,79421,1.5587689e-07
1797,25339,2.990999e-08
1798,54848,0.028968716
1799,23317,0.039593685
1800,74234,3.5955006e-28
1801,113327,0.051038433
1802,42063,6.066627e-23
1803,88450,0.0014779106
1804,75418,8.936871e-15
1805,100510,0.009092403
1806,103342,1.9126469e-07
1807,79440,2.3296206e-18
1808,112749,0.031200785
1809,70701,2.1020173e-14
1810,82386,0.0120065585
1811,28908,4.0299445e-16
1812,11501,7.7533197e-10
1813,36576,0.0026472744
1814,38710,0.016494239
1815,104125,0.040500082
1816,62095,1.5842449e-11
1817,53574,6.255992e-05
1818,90966,3.3776446e-06
1819,71970,0.010517384
1820,24668,1.5745211e-18
1821,75564,0.0073624235
1822,5627,5.808649e-11
1823,81830,1.1238201e-07
1824,53804,4.448113e-10
1825,18676,0.06488239
1826,107019,3.013492e-05
1827,24132,4.096729e-11
1828,112275,0.028064068
1829,107299,0.008091315
1830,68457,1.2939128e-16
1831,16066,1.1424222e-25
1832,70353,3.677826e-16
1833,16532,2.9959847e-11
1834,82071,0.002810344
1835,72110,3.677826e-16
1836,90378,0.06268074
1837,43970,0.003860181
1838,100267,1.493013e-20
1839,83474,1.48285e-06
1840,69741,4.6773253e-06
1841,21047,6.516032e-19
1842,29173,1.502335e-15
1843,23608,1.411319e-06
1844,13079,8.461128e-08
1845,98290,1.1836264e-15
1846,103442,6.355175e-16
1847,41176,7.307431e-06
1848,38716,5.077816e-16
1849,74958,8.844707e-11
1850,96913,0.07283948
1851,99496,8.041262e-17
1852,29143,0.02558698
1853,57810,0.0043147327
1854,46041,0.039300192
1855,14392,0.016494239
1856,71139,0.23565465
1857,72092,0.06248945
1858,31331,1.1420265e-16
1859,56763,0.010517384
1860,64044,2.5446154e-14
1861,43101,1.7772809e-06
1862,60420,6.2379585e-10
1863,43678,7.125742e-24
1864,62924,2.2820108e-17
1865,36371,0.016494239
1866,18949,8.2441545e-08
1867,111922,0.0006456536
1868,3596,8.566676e-09
1869,11714,0.006563739
1870,49380,3.1884145e-21
1871,112519,7.0127203e-06
1872,72064,0.026713273
1873,29973,1.2082467e-16
1874,38252,0.99996793
1875,103931,4.980438e-16
1876,45509,0.12475631
1877,48802,0.008028029
1878,16175,1.1325003e-15
1879,83451,2.5816241e-06
1880,53553,0.020164473
1881,51019,2.8924807e-08
1882,68472,0.0003817775
1883,91793,0.026459238
1884,41660,0.005038059
1885,4368,0.0076018325
1886,20448,0.005706795
1887,24473,6.787938e-20
1888,93090,3.1910665e-14
1889,42878,0.00026020233
1890,37313,2.9196776e-13
1891,98800,0.00038618082
1892,53218,0.036106855
1893,4511,4.9274855e-09
1894,110041,1.2167922e-05
1895,77048,0.008028029
1896,94858,1.1890761e-21
1897,24203,0.024727335
1898,71044,0.0077935676
1899,80359,3.4268515e-11
1900,51850,4.659919e-05
1901,37119,1.547056e-11
1902,32712,0.024806844
1903,53139,0.03092738
1904,74775,1.4540813e-15
1905,36828,0.007883797
1906,69251,0.006891227
1907,110236,7.307707e-05
1908,59680,1.2876073e-13
1909,51903,0.0077562737
1910,57658,0.00527734
1911,25120,1.8349304e-29
1912,26900,9.9037605e-09
1913,87396,0.87724334
1914,19255,4.2132192e-18
1915,42336,1.436222e-20
1916,38050,0.0006956626
1917,1081,6.5895484e-11
1918,46451,0.008079731
1919,113329,1.2790367e-11
1920,50348,3.17756e-07
1921,50075,0.03092738
1922,67370,0.00083204184
1923,47568,1.11456085e-13
1924,22477,7.015136e-16
1925,39525,1.8209047e-10
1926,111884,2.7175483e-07
1927,68605,0.0006456536
1928,77109,0.070172034
1929,104009,0.001185438
1930,63890,0.20961268
1931,36011,8.9424185e-10
1932,86858,1.3331501e-06
1933,57494,2.7776088e-09
1934,43799,2.8930345e-29
1935,19721,5.253872e-09
1936,84654,4.6773253e-06
1937,70290,0.004262849
1938,107557,0.0043459623
1939,85934,0.0005574171
1940,2561,0.0031490463
1941,80215,6.729458e-14
1942,2374,1.3380352e-08
1943,13007,0.23110333
1944,59644,0.0006456536
1945,27988,4.5551943e-18
1946,41193,2.613026e-10
1947,42188,0.03092738
1948,79473,0.0013755052
1949,115486,1.4934103e-22
1950,16313,2.5310901e-22
1951,86285,0.032263808
1952,80602,2.0120296e-12
1953,88642,1.4158924e-21
1954,18454,1.7894604e-07
1955,64272,6.1244964e-07
1956,103269,0.016556531
1957,17261,1.1082671e-09
1958,81505,9.596335e-11
1959,110465,9.758649e-08
1960,24794,2.4811866e-08
1961,16393,1.3415174e-13
1962,13454,2.1060524e-16
1963,5730,0.036559373
1964,63782,4.837522e-19
1965,48940,0.05121239
1966,56551,0.06248945
1967,31188,0.057819508
1968,95600,0.018354623
1969,100178,0.030833948
1970,85187,3.97769e-11
1971,75273,4.6773253e-06
1972,78051,6.2434193e-22
1973,13439,1.0917035e-20
1974,8586,0.028980374
1975,56341,0.007195014
1976,18102,0.044806793
1977,50284,5.8287784e-12
1978,42809,0.0509507
1979,111555,0.0038637838
1980,21996,1.1066686e-12
1981,82115,0.0014779106
1982,57363,0.0403012
1983,83009,0.0020921822
1984,42252,6.170271e-10
1985,97422,0.06282126
1986,6259,9.599677e-09
1987,76777,1.5664221e-10
1988,54386,4.7224342e-11
1989,31880,2.1471765e-20
1990,44853,6.787938e-20
1991,99025,0.037504602
1992,52071,0.009132841
1993,157,1.5037126e-07
1994,60004,0.005827817
1995,45976,3.7300335e-16
1996,47080,0.00010323611
1997,16757,1.3007833e-29
1998,31179,0.008028029
1999,45745,1.7824429e-13
2000,66155,0.10677547
2001,109292,4.6796687e-09
2002,302,8.8460386e-15
2003,96501,0.0020677901
2004,81103,0.004700935
2005,48345,0.0002980542
2006,96653,0.047915254
2007,61494,0.042199478
2008,75222,0.0014779106
2009,78280,7.676843e-14
2010,23672,7.205227e-17
2011,41067,6.9669968e-09
2012,54155,0.008028029
2013,12892,1.22414585e-05
2014,109945,0.044290293
2015,25108,0.007791001
2016,63053,0.047915254
2017,7659,0.0011522636
2018,99917,7.973841e-11
2019,89490,0.0043147327
2020,98975,6.9928734e-07
2021,56850,0.0007850549
2022,33198,0.004262849
2023,94326,1.3323519e-06
2024,62604,4.8141004e-07
2025,44687,2.0792268e-05
2026,26247,0.0267177
2027,24596,5.6852932e-11
2028,22471,5.253872e-09
2029,109546,0.0038637838
2030,86555,7.881097e-10
2031,114176,0.0029129926
2032,93601,0.010517384
2033,46224,1.3411616e-17
2034,24626,0.005038059
2035,54807,0.024806844
2036,11987,0.03273285
2037,49808,0.031392477
2038,89284,7.982852e-07
2039,72669,0.008089195
2040,72532,0.0021957483
2041,62652,0.005038059
2042,57371,4.0874032e-14
2043,71497,0.047915254
2044,85389,0.005592714
2045,23681,0.0053577055
2046,115368,4.6773253e-06
2047,86800,5.3411013e-12
2048,65479,2.4376995e-10
2049,80989,1.2239123e-16
2050,71459,0.0006456536
2051,1012,2.2967657e-07
2052,93177,0.06282126
2053,5660,0.030685203
2054,88966,0.0014779106
2055,61819,0.003860181
2056,113078,0.057819508
2057,8250,4.4335272e-10
2058,50744,0.004262849
2059,65438,2.3194792e-08
2060,77728,0.007883797
2061,72949,0.010517384
2062,105733,0.005038059
2063,98874,0.042376153
2064,42888,0.016525099
2065,5058,3.9561e-09
2066,46238,1.9758064e-08
2067,76112,8.7465707e-10
2068,79422,0.004029583
2069,58364,1.3504497e-08
2070,103132,0.026802782
2071,30453,0.008028029
2072,24839,1.1838324e-06
2073,106520,0.0040177796
2074,17376,6.2262856e-10
2075,103529,6.1038112e-09
2076,57527,0.0042712325
2077,7789,0.05781429
2078,4470,0.0025513505
2079,100541,0.016539916
2080,74073,0.0013494677
2081,78194,4.7056687e-06
2082,95070,0.004233159
2083,31883,0.044231094
2084,73918,0.00047763984
2085,88812,4.7891824e-09
2086,88058,0.008089195
2087,79973,0.0577544
2088,15050,5.0771488e-12
2089,87898,0.0047046267
2090,53266,1.1469746e-21
2091,105488,4.3584825e-07
2092,33053,1.2890951e-15
2093,62380,0.016612984
2094,103824,2.5320954e-14
2095,69182,0.02471286
2096,69850,0.007997669
2097,19832,3.0829713e-20
2098,10170,0.0062888265
2099,1867,0.0012480678
2100,62655,3.6806154e-18
2101,88004,0.06248945
2102,70672,4.855314e-16
2103,59656,0.009132841
2104,4022,3.7107964e-12
2105,87877,0.047915254
2106,27386,2.9246195e-18
2107,8091,1.9632114e-07
2108,1443,0.008038916
2109,58006,0.00010928368
2110,49371,1.525603e-23
2111,76643,0.008089195
2112,49817,0.016494239
2113,108537,8.393605e-26
2114,64336,4.7891824e-09
2115,31511,6.099506e-09
2116,11783,1.3455865e-21
2117,6984,3.339588e-10
2118,33397,6.7951054e-15
2119,97416,0.06282126
2120,112949,4.6773253e-06
2121,33271,0.00048933655
2122,43688,0.00046739265
2123,16905,5.421923e-19
2124,73308,3.0011003e-17
2125,34695,3.1723072e-11
2126,11672,4.315383e-06
2127,30066,0.026713273
2128,20886,0.0013641858
2129,57423,0.009132841
2130,66527,1.3984832e-15
2131,97271,0.051038433
2132,11563,1.5826407e-08
2133,95709,0.0014779106
2134,930,2.867567e-07
2135,80442,0.00046739265
2136,30413,2.096718e-06
2137,18223,1.8257266e-08
2138,4234,6.2727364e-14
2139,58383,7.054984e-17
2140,66593,2.777902e-19
2141,22741,1.1059486e-09
2142,112243,0.032263808
2143,111177,0.011543036
2144,33624,0.016556531
2145,103358,1.3666461e-21
2146,48701,1.1428764e-16
2147,81221,0.0577544
2148,1882,0.37385133
2149,95330,5.841126e-14
2150,36832,0.010517384
2151,48370,7.555141e-15
2152,16422,5.9220695e-16
2153,36970,0.0072111264
2154,26670,0.024727335
2155,62453,0.008047925
2156,27696,4.850927e-08
2157,59190,0.0072111264
2158,96994,0.000113770446
2159,75150,0.026070708
2160,52818,4.0299445e-16
2161,95540,0.016539916
2162,62769,0.00015562358
2163,9868,8.4664835e-09
2164,76152,0.0509507
2165,75112,0.0029159163
2166,67588,3.528466e-07
2167,30815,1.9557176e-05
2168,42923,0.007791001
2169,71706,0.008089195
2170,8009,1.7604489e-06
2171,36870,0.025576562
2172,98351,0.0014779106
2173,38693,0.009095178
2174,81602,0.015734917
2175,16265,2.4748619e-05
2176,38570,1.4074195e-09
2177,77756,0.029672049
2178,75096,3.868407e-18
2179,338,7.7533197e-10
2180,108308,1.5971946e-18
2181,112029,4.6773253e-06
2182,52982,0.013828899
2183,34188,5.969326e-06
2184,27565,4.5551943e-18
2185,110748,0.026463047
2186,1405,7.015136e-16
2187,2349,2.175842e-05
2188,82866,1.0760403e-15
2189,18444,1.6342653e-12
2190,63707,1.0799797e-08
2191,97657,6.9419383e-13
2192,92621,0.0006456536
2193,58380,1.1414862e-09
2194,58270,0.005592714
2195,84842,6.212491e-13
2196,12365,2.4000817e-24
2197,11124,0.0007924391
2198,29343,1.8483153e-12
2199,112106,1.2707096e-07
2200,104130,1.2172909e-09
2201,58259,3.3618005e-07
2202,24219,0.08129434
2203,7689,3.0612963e-09
2204,12530,8.718804e-14
2205,13532,1.3455865e-21
2206,84528,0.008089195
2207,5803,0.0028671653
2208,109419,4.635101e-06
2209,109649,2.2907589e-17
2210,28634,3.2157473e-06
2211,53288,0.008028029
2212,12263,0.008038916
2213,86509,1.1401436e-07
2214,23760,2.6663965e-08
2215,99052,2.8447792e-07
2216,19147,9.702382e-11
2217,95004,0.028672019
2218,97053,0.005038059
2219,40793,0.014358408
2220,53059,8.023524e-05
2221,98564,4.7891824e-09
2222,89700,0.026802782
2223,104846,3.3776446e-06
2224,10623,0.0017362167
2225,75728,2.4106736e-14
2226,54508,3.719966e-12
2227,57346,1.4999665e-12
2228,29279,1.2427635e-17
2229,15797,1.2567298e-05
2230,39118,0.0052435203
2231,81518,0.0063421484
2232,65496,0.0029160744
2233,20854,0.0013641858
2234,89525,0.04616737
2235,102812,0.029305182
2236,89115,0.005038059
2237,13558,7.113433e-18
2238,30471,0.0509507
2239,19881,1.525603e-23
2240,107607,0.0013397379
2241,87400,0.016494239
2242,85549,0.0014779106
2243,113757,5.7855976e-14
2244,18115,0.026713273
2245,32618,7.565279e-11
2246,35257,6.9819205e-17
2247,7222,1.951057e-07
2248,63868,2.656624e-12
2249,76847,4.5356412e-08
2250,98309,2.8784774e-17
2251,34796,0.0013497357
2252,24285,0.003860181
2253,62115,0.040308196
2254,57267,1.2116463e-05
2255,68902,8.4445965e-06
2256,29634,0.016556531
2257,9648,1.0887177e-27
2258,30411,3.4379977e-09
2259,14944,1.6959028e-19
2260,67951,0.0025549824
2261,47045,0.0013571137
2262,62458,0.00046739265
2263,62789,3.163388e-19
2264,17085,0.06310122
2265,94494,0.00010323611
2266,44828,7.467502e-12
2267,69556,4.7116174e-12
2268,80161,0.006964409
2269,30358,2.21983e-10
2270,79804,4.925849e-17
2271,33670,5.25498e-06
2272,90744,0.24008952
2273,114362,4.436524e-09
2274,98168,0.0006456536
2275,7523,0.038558695
2276,37423,4.0850614e-06
2277,108526,0.0016804704
2278,26729,0.003860181
2279,74565,0.0014779106
2280,48846,0.06139194
2281,4425,4.210132e-08
2282,34282,2.7705484e-18
2283,33891,0.057819508
2284,80110,0.030200627
2285,5980,0.0011522636
2286,32195,0.002002421
2287,88598,0.047915254
2288,22443,1.587509e-22
2289,81236,0.0063810246
2290,86908,0.026459238
2291,108086,8.2897664e-13
2292,81584,0.0077562737
2293,50817,1.8112613e-10
2294,46799,0.007791001
2295,60386,0.008028029
2296,1602,0.0509507
2297,78096,0.0077935676
2298,82995,6.0849703e-05
2299,100473,4.1720948e-13
2300,21181,2.6834411e-20
2301,98603,0.008091315
2302,89491,4.299036e-12
2303,52682,0.00016252566
2304,18714,0.01568494
2305,87119,2.0539515e-05
2306,38383,0.00031525563
2307,29444,2.588567e-20
2308,104226,0.0020933005
2309,62808,2.2195186e-06
2310,97139,0.03494701
2311,8706,3.7134747e-11
2312,3631,0.008123187
2313,66798,5.1339107e-08
2314,11710,5.940677e-05
2315,75968,0.00012665114
2316,69233,4.087041e-06
2317,22547,1.5800885e-16
2318,19872,1.3244607e-05
2319,102413,0.0013726569
2320,76700,0.0020921822
2321,35667,0.00067453913
2322,75641,0.0014779106
2323,30773,9.588285e-11
2324,94740,1.8102333e-16
2325,11742,0.008038916
2326,72467,0.013391664
2327,106428,0.043431353
2328,80087,1.2130521e-12
2329,33563,0.0509507
2330,12407,9.824331e-16
2331,66863,4.7891824e-09
2332,20710,1.3698578e-11
2333,110260,4.6773253e-06
2334,67431,4.6773253e-06
2335,71155,4.6773253e-06
2336,43943,0.044231094
2337,101109,3.1302083e-12
2338,45442,3.6330625e-10
2339,81646,0.005038059
2340,31037,0.00046739265
2341,26366,0.005038059
2342,74630,4.6424532e-17
2343,106069,1.5583752e-06
2344,82843,4.030794e-14
2345,13395,0.0038328238
2346,88639,5.758725e-17
2347,3664,0.0076018325
2348,1190,0.1237788
2349,67788,0.00011545447
2350,113303,4.436524e-09
2351,81958,0.016494239
2352,108177,0.008091315
2353,15532,0.0005769958
2354,109613,0.044971768
2355,7194,0.0025513505
2356,74927,1.0283304e-12
2357,72263,7.606135e-08
2358,7838,1.2662554e-09
2359,71486,0.004700935
2360,35028,4.4494933e-15
2361,111132,4.624479e-09
2362,67447,0.029672049
2363,87836,0.047915254
2364,48677,1.5167146e-21
2365,56735,0.042199478
2366,43078,3.1662316e-15
2367,63305,0.010517384
2368,88183,0.0009628536
2369,88984,5.4408036e-17
2370,35873,1.0576082e-25
2371,68185,0.06845318
2372,5937,2.8722478e-09
2373,9821,4.5229768e-07
2374,96476,0.026802782
2375,109445,1.5590011e-06
2376,106753,0.015743928
2377,36220,0.0267177
2378,15163,7.826932e-24
2379,12295,0.0024382365
2380,111744,3.3656473e-13
2381,72828,8.815809e-06
2382,45214,0.003860181
2383,33490,0.33871713
2384,45746,1.525603e-23
2385,18612,1.6884081e-12
2386,93732,0.0038637838
2387,49298,2.7731263e-12
2388,8785,1.9738401e-08
2389,47252,0.09170251
2390,88138,0.04767911
2391,21159,0.15999861
2392,2640,2.3655439e-06
2393,66433,7.09255e-16
2394,95763,0.047915254
2395,95351,0.026623527
2396,83309,3.677826e-16
2397,114228,7.307707e-05
2398,67144,0.007883797
2399,6436,2.6857296e-09
2400,96872,1.5838823e-11
2401,40342,0.012522128
2402,32978,0.010517384
2403,37763,2.2389731e-06
2404,85559,2.4612439e-12
2405,54442,0.0051186415
2406,13461,5.7175675e-19
2407,101359,0.026802782
2408,66068,4.7817523e-09
2409,46247,0.00053740235
2410,100513,2.0434987e-17
2411,58957,0.000846277
2412,71402,0.00042007194
2413,41699,0.01036664
2414,13227,9.796298e-09
2415,113766,0.01975413
2416,85595,0.008089195
2417,47175,3.7707795e-07
2418,60076,2.39597e-20
2419,11579,0.20057586
2420,114994,4.8104794e-06
2421,33306,0.0077562737
2422,26188,2.7392337e-09
2423,42130,0.00023081219
2424,305,8.349303e-06
2425,18561,1.28356275e-11
2426,16146,2.4428218e-08
2427,94285,9.233741e-11
2428,108075,0.004270969
2429,57522,0.004700935
2430,66843,7.423923e-22
2431,87228,0.005038059
2432,71239,0.0038637838
2433,71204,1.8141627e-07
2434,104972,0.06282126
2435,85721,0.0006456536
2436,28498,0.18964931
2437,51049,0.0038427904
2438,60773,1.7871067e-13
2439,83679,0.010517384
2440,85333,1.4289083e-15
2441,1514,2.6763792e-26
2442,67159,2.5576685e-12
2443,99681,0.048119143
2444,100048,6.4468014e-12
2445,78552,0.008028029
2446,35622,2.2566856e-13
2447,23973,2.5837468e-17
2448,51233,1.5123319e-18
2449,38453,0.00088066544
2450,5108,7.3681073e-17
2451,5279,4.7591445e-08
2452,93151,1.6767002e-07
2453,112281,0.042199478
2454,59124,0.0403012
2455,96793,0.029361214
2456,105466,0.0009993198
2457,71262,5.48979e-12
2458,712,0.03824747
2459,87522,0.05121239
2460,79206,1.2266151e-14
2461,23900,4.155444e-07
2462,22198,3.0829713e-20
2463,88709,0.016539916
2464,103324,0.04818268
2465,74172,4.7891824e-09
2466,97568,0.01599627
2467,52717,1.2699239e-14
2468,79529,0.0018411742
2469,114695,0.010659237
2470,107384,0.042376153
2471,15704,2.1556583e-09
2472,3614,0.013130239
2473,54375,0.00527734
2474,104923,2.6376376e-05
2475,108568,0.00067609927
2476,108019,0.04818268
2477,114895,0.0006448873
2478,73785,0.0013494677
2479,53970,0.0029175638
2480,94314,0.0021041848
2481,13054,0.007763525
2482,67100,3.8565217e-05
2483,52768,3.0091942e-09
2484,92641,0.044725854
2485,8597,2.920615e-05
2486,30062,2.3586658e-17
2487,102649,0.040500082
2488,60836,2.9066437e-12
2489,71249,0.008089195
2490,4895,2.495614e-09
2491,50060,0.0038427904
2492,23903,2.6234486e-05
2493,84818,5.1569693e-10
2494,105467,3.232368e-13
2495,87624,0.0005574171
2496,37678,9.406253e-05
2497,13947,7.5564765e-20
2498,80955,3.8483717e-12
2499,43777,0.0040542376
2500,40536,9.58935e-10
2501,41462,0.0509507
2502,64680,2.3395796e-16
2503,93271,0.0038637838
2504,63535,3.2573323e-06
2505,15018,0.00019654755
2506,100075,1.493013e-20
2507,71661,0.008089195
2508,44139,2.3536953e-17
2509,26665,0.016525099
2510,87097,0.010517384
2511,106339,6.650402e-13
2512,4570,2.2457463e-05
2513,102651,1.1701161e-18
2514,9782,0.03326309
2515,46691,2.0906904e-17
2516,102363,0.004700935
2517,111708,4.6773253e-06
2518,28128,4.9895457e-09
2519,72924,7.8856756e-05
2520,54309,4.7056687e-06
2521,71560,0.008089195
2522,110944,0.0038637838
2523,79805,2.0219931e-20
2524,49620,0.05589207
2525,93058,4.6773253e-06
2526,4025,2.6149039e-05
2527,31871,0.0053273165
2528,33169,3.087417e-22
2529,85461,0.013391664
2530,36369,0.00088066544
2531,57617,0.00046739265
2532,51195,3.9598086e-07
2533,23112,1.7803795e-18
2534,106784,0.00081616663
2535,90505,0.016539916
2536,23015,4.496774e-16
2537,40173,2.4629899e-20
2538,89870,0.005309537
2539,108860,0.04821274
2540,59720,2.3850328e-08
2541,98082,9.878521e-16
2542,23928,0.0039738906
2543,23332,2.0373317e-12
2544,78834,4.767837e-09
2545,87946,0.005038059
2546,67664,0.0063259327
2547,88274,0.029361214
2548,1774,0.030200627
2549,105319,0.044960506
2550,88417,0.008089195
2551,23222,4.0588344e-05
2552,49392,4.892199e-09
2553,36241,2.3799334e-05
2554,108854,0.06282126
2555,71900,0.0006456536
2556,64820,0.0029160744
2557,78241,0.016494239
2558,1531,1.844373e-10
2559,53654,4.6773253e-06
2560,41175,7.307431e-06
2561,94552,0.004709926
2562,10309,1.8221068e-10
2563,55223,0.08138075
2564,26748,0.0006956626
2565,46244,2.4024919e-08
2566,45200,1.08483795e-11
2567,29916,0.010384085
2568,78703,0.025684046
2569,98520,0.008091315
2570,65044,0.001341142
2571,113206,7.0499784e-10
2572,51540,8.023524e-05
2573,18906,0.007768419
2574,45956,0.006983701
2575,70072,0.0077935676
2576,6783,0.009124947
2577,84452,1.9331277e-12
2578,60050,0.0005442905
2579,71615,9.878176e-17
2580,71498,4.892199e-09
2581,95117,0.001341142
2582,72948,4.413348e-06
2583,46084,2.0317867e-08
2584,11682,0.036559373
2585,77762,0.008028029
2586,102294,0.013391664
2587,51097,1.4146851e-18
2588,9136,1.4423032e-08
2589,25029,0.007791001
2590,2080,0.0012179763
2591,62749,0.047915254
2592,8845,1.4423032e-08
2593,107578,2.3899446e-07
2594,86152,0.008089195
2595,26609,3.343745e-09
2596,99339,0.030200627
2597,59542,0.00073901174
2598,85827,1.1393133e-20
2599,103743,0.030833948
2600,106328,0.04818268
2601,85755,3.5427913e-16
2602,33623,0.00010287448
2603,33999,0.009132841
2604,88363,0.001115657
2605,77724,1.2699239e-14
2606,70180,0.0013494677
2607,87870,0.0038427904
2608,105218,4.062223e-21
2609,111373,0.013195704
2610,29261,1.5194195e-13
2611,97371,3.3243623e-09
2612,100044,1.3323519e-06
2613,43899,9.787896e-16
2614,57626,9.822584e-13
2615,35970,1.4212852e-17
2616,86590,0.0509507
2617,37296,0.0077562737
2618,33183,0.033784725
2619,68070,0.026713273
2620,72838,0.023089577
2621,76357,1.800574e-20
2622,37817,6.787938e-20
2623,112488,4.9719387e-14
2624,65053,1.7718811e-20
2625,61599,0.003860181
2626,101496,0.004273326
2627,106255,0.027177565
2628,31087,0.008028029
2629,13338,5.170731e-13
2630,33272,4.9895457e-09
2631,10543,1.0416098e-08
2632,101093,0.0109907985
2633,5308,5.990299e-09
2634,27886,0.008028029
2635,71297,4.8702778e-11
2636,11569,0.005038059
2637,96111,0.0077935676
2638,46255,2.4629899e-20
2639,111218,0.030194256
2640,38245,1.525603e-23
2641,4258,0.004586983
2642,6858,3.0284257e-09
2643,72240,0.008089195
2644,91568,0.008089195
2645,19576,1.5917611e-07
2646,79951,4.925849e-17
2647,54711,0.008089195
2648,68629,1.0751655e-09
2649,7946,0.18032852
2650,44979,6.787938e-20
2651,42705,1.7824429e-13
2652,39528,0.0023144083
2653,86094,0.005111881
2654,94623,6.746294e-14
2655,105498,0.021416616
2656,22592,0.0005248972
2657,71006,0.0077935676
2658,14490,6.2577206e-16
2659,46342,8.4445965e-06
2660,108553,0.008091315
2661,5399,0.0028671653
2662,100551,2.5734964e-10
2663,101396,0.0004929385
2664,64817,4.7891824e-09
2665,39658,4.050637e-19
2666,48452,1.6274365e-32
2667,88059,1.3331501e-06
2668,534,9.1287136e-17
2669,59428,0.047915254
2670,17734,3.1446308e-19
2671,103762,0.0050030868
2672,74941,6.3407283e-06
2673,103726,1.6893048e-18
2674,2086,1.4588069e-11
2675,22240,3.9090452e-14
2676,81442,0.0014779106
2677,12009,2.380703e-18
2678,77883,1.3294987e-06
2679,44500,0.08309375
2680,111938,4.624479e-09
2681,49414,0.010517384
2682,97215,0.0077935676
2683,96887,0.0077935676
2684,74903,3.6093266e-12
2685,21236,1.4074667e-06
2686,28830,0.016525099
2687,75445,8.211319e-17
2688,3905,9.214542e-08
2689,102588,5.7789077e-16
2690,33589,0.010517384
2691,58722,0.026459238
2692,98883,3.1389142e-19
2693,44925,1.9626694e-14
2694,110178,0.0029152634
2695,85243,0.0013393838
2696,36023,0.008028029
2697,16690,1.397885e-16
2698,83985,0.0040524765
2699,46958,0.003860181
2700,115434,1.04035465e-16
2701,32949,4.0299445e-16
2702,54082,0.006556368
2703,84467,0.01099087
2704,68150,0.0020709047
2705,62073,2.7740758e-14
2706,93464,0.04616737
2707,53685,3.5088096e-06
2708,33923,0.00047904148
2709,65981,4.7817523e-09
2710,99768,4.7891824e-09
2711,110454,1.7935812e-07
2712,34936,0.0038427904
2713,7203,0.0002220682
2714,12652,1.0268009e-21
2715,107163,0.0005405492
2716,26585,2.6443191e-05
2717,104578,0.00027496513
2718,46693,0.22269486
2719,64512,0.001341142
2720,12032,0.008038916
2721,22127,2.3356293e-16
2722,45441,0.0003792137
2723,114562,2.720455e-06
2724,10129,5.185494e-10
2725,102744,0.00095729576
2726,49499,0.008028029
2727,95059,4.7891824e-09
2728,11544,0.13646607
2729,75771,2.990999e-08
2730,26933,0.016525099
2731,73047,0.029361214
2732,96374,0.006964409
2733,82986,1.1105423e-12
2734,65620,4.7817523e-09
2735,72620,0.026459238
2736,92951,9.711995e-14
2737,6447,0.0061882436
2738,60330,0.01568494
2739,19894,0.0011045771
2740,75297,1.0915045e-11
2741,55845,2.0152051e-09
2742,90551,0.005038059
2743,95263,0.004233159
2744,78126,0.0014779106
2745,98738,0.027189903
2746,8162,0.08292896
2747,22441,4.111739e-28
2748,68818,1.6692121e-08
2749,937,6.716565e-08
2750,81094,4.6773253e-06
2751,14061,0.11504285
2752,13296,2.421116e-05
2753,3348,4.6192977e-08
2754,48543,2.588567e-20
2755,37621,1.2780733e-15
2756,25973,3.738031e-20
2757,98955,0.00010287448
2758,66638,2.020947e-10
2759,32507,4.1148227e-09
2760,96284,4.0971455e-21
2761,72194,0.008089195
2762,88576,7.407002e-08
2763,52785,2.6234486e-05
2764,76421,0.015734917
2765,27077,4.0299445e-16
2766,56318,1.7076785e-12
2767,49316,6.9819205e-17
2768,78162,3.131707e-08
2769,47752,1.1570236e-08
2770,40347,0.0074506365
2771,66463,8.163884e-15
2772,87910,1.7088799e-17
2773,18852,0.0006956626
2774,55925,9.423792e-13
2775,85500,0.016494239
2776,110639,0.049219437
2777,2955,7.7895373e-07
2778,42003,4.58375e-09
2779,76705,4.6773253e-06
2780,46452,0.0509507
2781,105613,5.785553e-14
2782,10538,9.300864e-13
2783,94941,0.048003506
2784,113486,0.094108574
2785,82209,0.005708678
2786,58561,2.66696e-05
2787,89858,1.5969049e-06
2788,31224,0.0033284351
2789,98598,0.0053713806
2790,49086,0.0665401
2791,36237,0.008028029
2792,30256,2.6234486e-05
2793,80338,0.0133984955
2794,96364,5.8142198e-09
2795,67633,0.008089195
2796,100496,0.0056914715
2797,102256,3.6544907e-13
2798,73339,1.0446981e-07
2799,81048,1.1628786e-14
2800,27347,0.0029182504
2801,105049,3.5838937e-10
2802,103322,0.026802782
2803,60688,8.8050086e-13
2804,74302,0.0014779106
2805,101411,4.7891824e-09
2806,4042,0.011670537
2807,98289,3.216508e-16
2808,33448,0.0070778257
2809,70763,0.00092736684
2810,46770,0.01568494
2811,100794,2.1160473e-15
2812,90082,0.0038637838
2813,63511,4.7891824e-09
2814,115683,4.1880096e-05
2815,89304,4.7891824e-09
2816,98907,4.7891824e-09
2817,78538,8.211319e-17
2818,31773,2.0570786e-15
2819,85220,0.005326922
2820,30465,6.3904926e-10
2821,108515,0.026463047
2822,845,1.2925497e-11
2823,51494,0.00024128707
2824,34584,4.0299445e-16
2825,109698,0.019027771
2826,109339,0.0006456536
2827,25540,1.5538957e-08
2828,77718,3.5955006e-28
2829,110464,1.3955885e-06
2830,86740,0.008089195
2831,85573,1.9415516e-05
2832,1962,8.101763e-10
2833,14179,2.172877e-27
2834,47480,0.003860181
2835,92388,0.026623527
2836,4857,0.00037584107
2837,17678,9.946818e-15
2838,64751,3.8823415e-21
2839,95160,0.0002415769
2840,44421,0.00817733
2841,48145,3.953361e-13
2842,113794,0.0011389897
2843,86802,4.6773253e-06
2844,16244,2.0542666e-27
2845,93114,2.8954508e-15
2846,96392,7.0127203e-06
2847,110406,3.6662418e-16
2848,26925,0.06139194
2849,34346,7.5191625e-10
2850,59209,0.042199478
2851,64730,2.3285958e-13
2852,99151,6.903189e-07
2853,104437,0.0051873475
2854,99110,6.526341e-07
2855,44672,7.185548e-09
2856,115986,3.5027028e-10
2857,55577,0.008028029
2858,44271,5.638679e-20
2859,89111,0.0077935676
2860,4530,2.3917184e-07
2861,32044,1.0129818e-21
2862,72156,0.062168974
2863,86976,3.2924637e-13
2864,36665,0.02050013
2865,40303,3.0829713e-20
2866,45194,1.0410304e-22
2867,10236,0.123319544
2868,34739,5.25498e-06
2869,102728,0.00010891686
2870,45043,0.00038216021
2871,70991,0.0038637838
2872,82159,0.005038059
2873,39846,8.944438e-16
2874,25980,2.6234486e-05
2875,61453,0.0014779106
2876,9402,0.006563739
2877,8520,5.37438e-07
2878,13297,0.084524624
2879,112813,0.04818268
2880,114851,9.474792e-14
2881,62258,0.08138075
2882,104471,3.4248824e-16
2883,46173,0.0034809986
2884,81871,4.767837e-09
2885,7776,0.00037575368
2886,26162,3.7307676e-19
2887,100950,0.008091315
2888,93238,2.830109e-12
2889,964,3.4300915e-13
2890,108972,4.6773253e-06
2891,72985,4.6773253e-06
2892,61424,0.0077871648
2893,70108,0.008089195
2894,19778,3.294041e-09
2895,17250,1.3455865e-21
2896,16763,3.294041e-09
2897,72257,0.025684046
2898,64600,1.2899455e-06
2899,53206,0.03092738
2900,38042,0.03092738
2901,69262,0.0038637838
2902,81981,5.7176432e-08
2903,71525,0.0008937112
2904,62257,4.507476e-05
2905,9705,8.9754575e-12
2906,35111,6.0891816e-17
2907,4720,1.6799495e-09
2908,2424,0.07058928
2909,6469,1.0573424e-09
2910,17870,0.008047925
2911,92111,7.2253375e-12
2912,56839,1.22414585e-05
2913,21624,6.1994206e-14
2914,78042,2.8938166e-07
2915,18622,1.6884081e-12
2916,48830,4.494133e-16
2917,114806,2.8344064e-14
2918,5095,0.11678572
2919,86481,4.6773253e-06
2920,103297,1.2130521e-12
2921,86136,0.008089195
2922,114650,1.5145789e-06
2923,77761,4.7876105e-17
2924,55256,3.5088096e-06
2925,107734,0.04818268
2926,91501,5.474646e-06
2927,91394,2.123895e-12
2928,2967,0.046525016
2929,84544,7.5685e-14
2930,28658,5.077816e-16
2931,33917,3.8541093e-23
2932,49112,1.1469746e-21
2933,20842,9.000933e-12
2934,64112,0.00037240595
2935,76300,1.2118958e-12
2936,58584,0.0136319995
2937,46966,0.024727335
2938,38469,0.0577544
2939,9255,6.2938893e-10
2940,44884,5.890537e-20
2941,59642,0.0004707735
2942,108189,0.008091315
2943,47793,0.0509507
2944,38811,3.7288114e-06
2945,3336,6.465945e-10
2946,111116,0.0013393838
2947,17439,2.6962254e-13
2948,48439,1.4409278e-16
2949,84779,0.010517384
2950,114963,1.1657896e-07
2951,42793,0.0067136306
2952,24945,9.2843743e-07
2953,83722,0.11305409
2954,74762,2.3325864e-14
2955,100321,0.006623689
2956,114447,0.0005574171
2957,111610,0.0014796258
2958,6561,0.06938854
2959,107231,0.0043459623
2960,78118,6.3140546e-21
2961,86394,0.009092403
2962,94467,3.3568767e-13
2963,36406,0.0075158607
2964,81567,2.1660783e-06
2965,75408,6.143789e-14
2966,103919,0.016556531
2967,61050,0.047915254
2968,30277,8.20369e-05
2969,95023,4.7891824e-09
2970,70871,1.3363923e-16
2971,56779,0.0014779106
2972,90999,3.677826e-16
2973,89121,2.1372227e-07
2974,61563,0.001341142
2975,104492,0.017695738
2976,3081,0.0017362648
2977,104892,3.018189e-21
2978,102199,0.0075494484
2979,16677,1.0266098e-12
2980,1393,3.596936e-08
2981,28160,0.010517384
2982,94483,9.1638435e-18
2983,57046,0.016494239
2984,77085,5.5368104e-14
2985,56440,1.1414862e-09
2986,5883,6.2967027e-09
2987,60234,0.0006456536
2988,46556,1.525603e-23
2989,111857,0.0038637838
2990,40446,2.0544502e-16
2991,59659,0.029672049
2992,53952,4.6773253e-06
2993,11545,0.07058928
2994,20725,0.11045558
2995,64911,4.481328e-16
2996,8884,0.00048933655
2997,98805,1.9702767e-07
2998,69261,4.519957e-16
2999,320,0.0025513505
3000,55817,2.66696e-05
3001,7067,1.4423032e-08
3002,79035,0.0006004586
3003,43186,0.009095178
3004,56649,1.9748097e-05
3005,40819,7.5064165e-08
3006,105276,0.042376153
3007,24159,0.0509507
3008,925,6.3407283e-06
3009,5347,8.758474e-06
3010,6595,0.0062888265
3011,27146,0.00021395362
3012,3251,0.0076018325
3013,111032,2.3611946e-10
3014,5510,1.9939916e-10
3015,65152,1.8287075e-18
3016,106849,8.492432e-15
3017,33106,0.02558698
3018,49436,2.1750524e-17
3019,83740,2.6156324e-15
3020,111921,1.3211384e-19
3021,104880,1.4556798e-15
3022,82228,5.4423194e-06
3023,110469,5.1276495e-15
3024,100587,0.0077935676
3025,70568,0.0038637838
3026,48609,0.009132841
3027,12105,4.519404e-09
3028,46929,0.06310122
3029,108266,0.006964409
3030,62211,0.059635594
3031,89648,0.0014779106
3032,101285,9.701356e-07
3033,73373,0.0020933005
3034,80446,0.026748953
3035,99041,1.8208186e-13
3036,87279,0.0577544
3037,35518,0.0077562737
3038,63606,0.0042712325
3039,17733,8.521729e-09
3040,18144,0.024776157
3041,37235,0.005038059
3042,105146,3.9283864e-07
3043,75821,0.0014779106
3044,10406,0.00330176
3045,33352,3.0829713e-20
3046,31097,0.014581853
3047,8102,2.883518e-12
3048,70847,2.096237e-13
3049,35771,1.11456085e-13
3050,40620,5.2048192e-09
3051,3243,4.8904894e-06
3052,93296,0.029361214
3053,20035,3.0024695e-20
3054,26058,0.057786684
3055,22117,0.0004945424
3056,71257,0.0021957483
3057,96049,1.093375e-12
3058,14888,0.0016565701
3059,94268,0.0048150187
3060,63556,1.1468628e-06
3061,110478,0.029184973
3062,115917,0.035686146
3063,10186,4.0113719e-07
3064,42912,3.0829713e-20
3065,24822,9.725111e-08
3066,3645,0.013572928
3067,76878,6.11076e-05
3068,93049,0.0006456536
3069,7686,2.9517552e-10
3070,50693,0.00024786685
3071,16372,2.619398e-14
3072,77167,6.2267e-29
3073,46569,0.024727335
3074,114394,6.4241767e-09
3075,70831,0.06139194
3076,62839,0.047915254
3077,102240,0.047915254
3078,25303,2.6234486e-05
3079,10632,1.4423032e-08
3080,87631,0.026802782
3081,104252,0.09117121
3082,23699,1.715792e-08
3083,112570,5.7650072e-11
3084,56051,0.035935007
3085,6861,1.4834411e-07
3086,84028,0.051038433
3087,108015,1.2033529e-08
3088,90629,0.0038637838
3089,80595,3.929282e-07
3090,42290,0.016525099
3091,57555,0.0077562737
3092,75604,6.9942787e-20
3093,77873,0.0006942356
3094,75423,5.374093e-10
3095,75490,2.1660783e-06
3096,29355,0.004762553
3097,49793,3.902549e-14
3098,33430,1.0700916e-05
3099,53547,0.0034607893
3100,19704,1.5907375e-10
3101,94466,0.008028029
3102,71665,8.3652925e-09
3103,15087,9.508149e-12
3104,14739,2.0764004e-24
3105,54419,1.7764727e-06
3106,101358,0.008091315
3107,11229,7.465678e-07
3108,46422,0.044231094
3109,43120,1.8155643e-17
3110,37745,0.03092738
3111,4907,2.6347375e-09
3112,25728,9.8804916e-14
3113,36354,0.0006956626
3114,27172,2.6234486e-05
3115,97124,3.438155e-06
3116,94491,0.047915254
3117,45253,8.023524e-05
3118,30952,1.39413645e-08
3119,21137,0.19031109
3120,111339,2.64488e-15
3121,93989,1.3244607e-05
3122,73934,2.648376e-13
3123,61738,0.01568494
3124,108296,0.01055873
3125,85731,1.0620926e-16
3126,113076,2.1912104e-08
3127,63015,4.7666386e-08
3128,33120,9.3074756e-11
3129,18459,1.2972608e-13
3130,11778,1.0935944e-15
3131,46936,0.008079731
3132,39513,0.031392477
3133,2332,0.07549378
3134,2526,1.551253e-17
3135,9994,1.2415592e-05
3136,109484,2.2381264e-19
3137,13091,1.4947827e-31
3138,78334,0.015651632
3139,45853,1.3411616e-17
3140,83080,2.2678723e-26
3141,100306,4.034324e-18
3142,1372,0.0032691674
3143,57862,0.047915254
3144,111810,0.029184973
3145,32866,0.0014637406
3146,44020,0.008079731
3147,62605,1.4212852e-17
3148,75736,0.015734917
3149,38204,0.19563495
3150,2369,0.004586983
3151,69028,0.0403012
3152,49191,0.09714703
3153,113035,0.00081616663
3154,63987,2.5509885e-16
3155,73894,0.0014779106
3156,1083,6.885016e-16
3157,109939,0.008091315
3158,114754,2.0897597e-15
3159,58434,0.0577544
3160,96740,0.042376153
3161,99013,0.0006456536
3162,26617,1.07497067e-13
3163,89964,0.007883797
3164,87018,7.4514526e-07
3165,22859,1.8612957e-08
3166,54563,9.824653e-19
3167,3582,0.005646244
3168,33866,0.0016056952
3169,80465,0.016494239
3170,83300,5.4235392e-05
3171,75713,0.00047763984
3172,95154,4.925849e-17
3173,70438,0.332036
3174,19731,1.6342653e-12
3175,76277,2.1660783e-06
3176,2377,0.008383125
3177,115263,2.3786399e-05
3178,50690,0.016494239
3179,62217,0.004866967
3180,76671,0.025576562
3181,115459,5.891056e-12
3182,12661,9.961328e-14
3183,106147,0.00081616663
3184,75274,4.767837e-09
3185,34442,1.0268025e-18
3186,88906,0.0019666015
3187,115495,0.017133752
3188,111630,1.5380104e-07
3189,27073,0.005038059
3190,113178,1.4847786e-11
3191,67258,1.2118958e-12
3192,107539,2.3899446e-07
3193,30545,0.0072111264
3194,10677,6.4791232e-12
3195,14846,3.2631233e-17
3196,87043,7.2738278e-09
3197,93417,4.892199e-09
3198,6887,1.5437533e-07
3199,63373,4.7891824e-09
3200,73889,0.000716834
3201,4439,5.4243265e-10
3202,102230,0.016494239
3203,83754,0.0077466764
3204,45667,0.0011291384
3205,104151,6.9095717e-07
3206,32693,0.025853444
3207,107808,2.8639634e-18
3208,101395,1.2255015e-07
3209,9858,0.0011522636
3210,88064,1.0593199e-18
3211,110356,2.1488978e-12
3212,32275,0.0021339823
3213,34607,3.0829713e-20
3214,114776,3.665781e-08
3215,41848,0.007791001
3216,106997,0.0008687161
3217,106939,0.029184973
3218,114580,3.2080563e-14
3219,4126,0.00025306034
3220,40149,8.4445965e-06
3221,14088,5.296122e-19
3222,21939,7.526559e-27
3223,79196,0.06282126
3224,21172,1.8545347e-07
3225,103691,0.016556531
3226,57655,0.016494239
3227,13812,0.010517384
3228,67812,0.008089195
3229,1197,3.862087e-15
3230,7413,0.00051210116
3231,26574,1.9532558e-09
3232,88206,6.5904504e-12
3233,79459,0.016539916
3234,21595,0.00074053596
3235,102006,4.154267e-07
3236,55245,4.0299445e-16
3237,27596,0.016525099
3238,7631,0.028980374
3239,19312,0.0509507
3240,48684,1.8102333e-16
3241,4339,0.09416267
3242,93902,8.023524e-05
3243,45178,0.008079731
3244,16930,0.05121239
3245,33770,0.008028029
3246,66940,0.00064514973
3247,113680,0.015743928
3248,83826,1.5554483e-17
3249,31976,1.9952441e-07
3250,32338,1.1376604e-17
3251,31065,4.3391524e-28
3252,57576,0.012948824
3253,22538,0.0006956626
3254,83602,9.723073e-15
3255,61504,0.027336922
3256,82552,0.044725854
3257,106467,3.979343e-07
3258,6924,0.0053577055
3259,59140,0.0577544
3260,41249,1.3166629e-08
3261,64544,1.3363923e-16
3262,93438,0.0006456536
3263,27160,0.003860181
3264,29860,0.024806844
3265,1002,0.008047925
3266,104921,9.725816e-08
3267,36788,0.0077562737
3268,63000,2.5129437e-16
3269,26504,1.2640233e-05
3270,105701,0.026463047
3271,75299,4.074169e-15
3272,11683,1.7422733e-08
3273,77495,3.3776446e-06
3274,101632,0.9367222
3275,62673,9.537923e-15
3276,1691,7.8339815e-09
3277,98361,8.450558e-06
3278,76545,0.018307231
3279,3773,0.00021607547
3280,92514,0.010574474
3281,92258,1.371949e-12
3282,112962,6.072825e-06
3283,8486,1.9328347e-10
3284,104687,2.2930705e-14
3285,36871,0.01568494
3286,23168,0.008079731
3287,14092,8.263991e-08
3288,112451,0.0051077963
3289,99380,2.9066437e-12
3290,15807,5.5116844e-09
3291,31777,0.030200627
3292,46223,2.942993e-20
3293,43736,3.716491e-12
3294,80253,0.008089195
3295,96865,4.6773253e-06
3296,16943,1.6342653e-12
3297,105274,0.0066632004
3298,94811,5.9916807e-13
3299,3600,0.0031490463
3300,109863,0.008091315
3301,55493,0.0029168383
3302,26834,1.2367495e-05
3303,73153,0.008089195
3304,86336,0.0014779106
3305,105604,0.016556531
3306,76251,4.767837e-09
3307,31775,0.00011297004
3308,44319,6.5071227e-24
3309,49262,5.0804666e-10
3310,69137,0.00047791377
3311,73635,0.0006942356
3312,26616,0.0077562737
3313,80071,1.8566135e-10
3314,113832,4.1325965e-10
3315,110118,4.6773253e-06
3316,46215,1.914004e-06
3317,111070,1.2130521e-12
3318,102930,3.345951e-10
3319,19028,0.024776157
3320,39130,7.972444e-07
3321,111445,5.4408036e-17
3322,16033,0.005038059
3323,13691,0.016494239
3324,111607,1.493013e-20
3325,65610,0.0029160744
3326,89067,0.005693995
3327,28205,8.047306e-10
3328,36476,0.0509507
3329,30945,6.8193953e-12
3330,48363,1.8596102e-19
3331,76221,0.0014779106
3332,83083,5.9088643e-07
3333,94940,2.2381845e-07
3334,109455,5.7707744e-10
3335,16588,1.8552437e-05
3336,67878,0.0006942356
3337,8775,0.00024039957
3338,60914,0.00047763984
3339,5806,1.4120706e-10
3340,38376,3.490736e-11
3341,26654,0.00019149193
3342,90160,0.06139194
3343,9747,1.2080977e-11
3344,32804,5.2807097e-19
3345,82518,0.044725854
3346,44515,6.787938e-20
3347,27323,0.003494472
3348,77663,0.025592234
3349,105199,0.0071890526
3350,79654,4.6773253e-06
3351,24057,0.005038059
3352,31942,5.847358e-10
3353,69387,5.140395e-09
3354,51893,0.0509507
3355,63296,0.0006949933
3356,32333,0.007264772
3357,47447,0.003860181
3358,28615,0.016525099
3359,76145,0.016494239
3360,12713,2.293169e-27
3361,74556,0.16586275
3362,29235,1.5123319e-18
3363,3907,1.4524401e-08
3364,111636,0.035440825
3365,105380,0.06546738
3366,83345,4.0870564e-06
3367,33340,1.1714433e-07
3368,9406,1.9015274e-09
3369,95093,0.05780216
3370,109913,0.0077935676
3371,55012,0.008028029
3372,108089,1.484576e-17
3373,3858,4.9431087e-10
3374,41025,9.3169414e-15
3375,47139,0.20057586
3376,78189,4.892199e-09
3377,96,0.026713273
3378,69487,0.0019666015
3379,11827,2.6443191e-05
3380,33076,0.00846725
3381,9862,8.264765e-19
3382,60423,1.2118958e-12
3383,5395,3.1736054e-09
3384,78365,3.0829713e-20
3385,40375,1.4280632e-08
3386,56846,6.77455e-05
3387,60360,5.3374254e-07
3388,98009,0.0007135505
3389,47697,0.00019491534
3390,75882,0.026748953
3391,52627,2.5581108e-17
3392,55034,0.0029168383
3393,25186,0.005038059
3394,77004,0.0038427904
3395,111089,4.6773253e-06
3396,34299,3.8100573e-12
3397,6377,0.0022381118
3398,53457,0.00031966768
3399,17259,1.8552437e-05
3400,5877,8.809566e-08
3401,23687,0.07777989
3402,51978,4.2499443e-07
3403,42618,6.878217e-16
3404,1646,6.5895484e-11
3405,50427,5.0586626e-21
3406,105869,0.0006456536
3407,53668,0.0006456536
3408,27913,0.019323386
3409,68884,0.0038637838
3410,48474,0.000846277
3411,36840,1.8131972e-06
3412,90710,0.0038637838
3413,78601,8.0077145e-09
3414,19198,3.751474e-12
3415,56858,1.1513244e-19
3416,7754,0.0035321566
3417,101964,0.0040524765
3418,33022,4.3708912e-17
3419,4400,0.0032691674
3420,14710,0.024159517
3421,42157,9.85332e-13
3422,112663,4.7726435e-06
3423,57466,0.0021339823
3424,66545,0.001341142
3425,115004,4.125241e-10
3426,36580,0.03847054
3427,29729,0.003860181
3428,42058,0.01568494
3429,102215,0.0077935676
3430,58189,0.0577544
3431,32284,0.006616753
3432,41945,0.0004753085
3433,12799,1.2197618e-05
3434,38818,1.0607506e-12
3435,82322,1.7224324e-11
3436,115685,1.77698e-18
3437,61630,1.22414585e-05
3438,47618,0.016525099
3439,77333,2.7426725e-10
3440,90982,0.0074967635
3441,48526,0.004700935
3442,7286,0.00025306034
3443,56591,0.0038427904
3444,24029,1.8131972e-06
3445,24607,0.03092738
3446,87893,0.0013357647
3447,86441,0.016494239
3448,17618,0.00029983209
3449,113481,5.6703886e-12
3450,43566,1.4809607e-18
3451,69055,3.6677767e-18
3452,6838,5.0723324e-06
3453,55835,0.015317024
3454,14961,0.007768419
3455,8598,5.980015e-06
3456,29512,3.1884145e-21
3457,84983,0.0029160744
3458,1821,0.0022258519
3459,33093,4.130821e-15
3460,20743,0.020164473
3461,102691,2.2054626e-19
3462,63644,3.9864637e-14
3463,96496,0.03035353
3464,81383,4.499263e-08
3465,95672,0.008091315
3466,84767,0.0014779106
3467,103878,1.9883799e-05
3468,80413,0.008089195
3469,21221,3.2123624e-09
3470,82994,0.044725854
3471,83745,0.0005574171
3472,82904,0.00023408135
3473,36638,0.037192035
3474,68537,2.724659e-13
3475,23855,8.823681e-18
3476,98228,4.5675147e-10
3477,105007,0.06282126
3478,95291,0.010842438
3479,51376,2.4473974e-19
3480,98345,2.2967987e-15
3481,27553,0.00031525563
3482,4782,0.0031529434
3483,59120,0.0072111264
3484,16587,1.8552437e-05
3485,42279,0.008079731
3486,50943,0.020164473
3487,59746,1.7314437e-12
3488,115859,1.3578093e-10
3489,55231,0.0014779106
3490,5403,2.2326027e-10
3491,1147,1.0082008e-07
3492,57367,9.9313314e-05
3493,79784,4.766764e-09
3494,115257,4.297889e-19
3495,115183,0.0403012
3496,105169,0.016556531
3497,64356,3.55944e-16
3498,35417,4.892199e-09
3499,115770,0.010582884
3500,40212,0.007200391
3501,86343,0.01036664
3502,77397,1.2534086e-18
3503,18980,0.026713273
3504,4473,0.07058928
3505,44134,0.057786684
3506,25811,0.014310983
3507,115298,3.1852715e-10
3508,32196,1.1283849e-10
3509,28434,1.103558e-07
3510,14407,2.160672e-09
3511,33712,0.0070778257
3512,39672,0.059635594
3513,109465,1.3794695e-05
3514,64903,0.114541315
3515,60676,1.4158924e-21
3516,104389,4.087041e-06
3517,88166,4.7891824e-09
3518,35413,3.0829713e-20
3519,98644,2.624835e-05
3520,59731,1.22414585e-05
3521,75206,3.0658076e-09
3522,75478,1.5275106e-11
3523,75504,2.2907589e-17
3524,29311,0.00046739265
3525,46534,0.008079731
3526,36600,9.5775184e-15
3527,58401,9.147921e-17
3528,115779,0.010582884
3529,102190,0.0047046267
3530,68355,1.914004e-06
3531,69287,0.0077935676
3532,26753,1.2427635e-17
3533,1167,0.03326309
3534,4124,0.0031529434
3535,108797,0.9999366
3536,27071,0.0004784279
3537,97425,0.030011307
3538,45681,0.039300192
3539,54765,0.044231094
3540,5752,6.2967027e-09
3541,110130,0.06929412
3542,14618,0.003849625
3543,54350,0.028968716
3544,87597,9.565741e-06
3545,66618,4.087454e-06
3546,87082,1.114555e-16
3547,15861,2.0352643e-07
3548,106501,0.00015904682
3549,96242,0.009092403
3550,33627,0.01568494
3551,50298,0.008028029
3552,3729,1.5468524e-07
3553,106742,0.00089064584
3554,66968,0.006891227
3555,30575,7.649673e-10
3556,64348,5.177352e-17
3557,76282,0.026748953
3558,22406,4.3939123e-09
3559,40821,2.3139087e-18
3560,34742,0.008163503
3561,2611,9.708579e-08
3562,69521,1.5742622e-19
3563,99863,8.7094826e-17
3564,110746,4.6773253e-06
3565,52996,1.2137275e-07
3566,37766,0.04179281
3567,12155,1.4550889e-06
3568,94688,2.1037155e-05
3569,41144,9.2473194e-17
3570,78692,8.349303e-06
3571,100090,0.016539916
3572,113160,4.5257704e-09
3573,25293,0.22269486
3574,50988,0.00712693
3575,30764,0.00046739265
3576,29960,0.02558698
3577,17333,5.193488e-05
3578,14313,5.808649e-11
3579,95829,1.2096217e-15
3580,8013,6.4791232e-12
3581,35786,4.977075e-09
3582,30568,0.037192035
3583,48362,2.9406753e-09
3584,49720,7.986051e-05
3585,96789,0.010517384
3586,64218,1.7029055e-25
3587,35665,3.4550612e-10
3588,34031,1.1883633e-07
3589,37517,0.007791001
3590,23422,0.044231094
3591,33113,1.0129818e-21
3592,6190,7.546526e-08
3593,69379,0.032917436
3594,107254,1.9475275e-16
3595,69752,4.9445237e-10
3596,111165,2.7175483e-07
3597,53061,6.255992e-05
3598,79394,1.9872814e-15
3599,40904,2.2271223e-12
3600,79376,0.05627423
3601,60205,0.0072111264
3602,115596,1.5583752e-06
3603,25979,0.008079731
3604,14524,4.57852e-11
3605,17803,0.03092738
3606,11290,0.00037575368
3607,57883,0.0577544
3608,410,5.2105033e-08
3609,33723,4.994471e-19
3610,61374,0.005111881
3611,46735,0.008079731
3612,79201,1.0456544e-16
3613,58775,0.013828899
3614,14849,1.9003528e-09
3615,115352,7.330599e-16
3616,114095,4.0097987e-14
3617,102802,5.4408036e-17
3618,57396,2.5947184e-11
3619,64645,2.3770246e-13
3620,64167,0.00037240595
3621,71893,0.016494239
3622,17468,6.342379e-26
3623,70388,1.6027871e-16
3624,13689,4.13649e-26
3625,12726,0.007763525
3626,81509,8.679216e-14
3627,92581,0.013828899
3628,97601,0.004273326
3629,20059,0.014581853
3630,81800,0.005038059
3631,67919,0.001001919
3632,60121,0.00252838
3633,14857,4.526151e-16
3634,90323,1.8857789e-10
3635,59681,0.013391664
3636,87169,1.4717594e-09
3637,111336,3.4623583e-17
3638,106234,4.089248e-06
3639,3977,4.8131042e-08
3640,19861,4.8449536e-08
3641,7572,1.2198777e-07
3642,63126,0.22953705
3643,89257,5.7096555e-19
3644,33642,1.0069754e-06
3645,105170,1.4576451e-10
3646,78287,0.001341142
3647,61428,0.0403012
3648,3043,7.134394e-08
3649,16056,2.0972367e-07
3650,93287,7.249776e-26
3651,102354,0.0077935676
3652,95021,4.2181e-06
3653,34130,0.008028029
3654,37181,2.942993e-20
3655,10333,2.1651902e-06
3656,76337,1.4158924e-21
3657,51192,0.00052319065
3658,58101,2.492524e-05
3659,74407,0.0008937112
3660,19250,1.4802126e-14
3661,14894,0.016494239
3662,106878,7.220165e-05
3663,77709,8.2039586e-10
3664,567,1.906112e-05
3665,29341,6.3407283e-06
3666,79549,0.008091315
3667,92253,4.892199e-09
3668,52233,0.005038059
3669,105109,0.016556531
3670,82922,1.1754761e-10
3671,82787,0.005038059
3672,38947,0.01036664
3673,75819,0.059275787
3674,104301,0.0006071641
3675,85363,1.6847585e-14
3676,19150,7.760384e-12
3677,45397,9.376029e-28
3678,5048,0.006563739
3679,66740,1.989945e-14
3680,55909,0.032263808
3681,85707,1.2539636e-10
3682,44790,0.007791001
3683,62821,3.767106e-08
3684,17315,0.01568494
3685,80613,3.553325e-14
3686,105338,0.00089064584
3687,72625,0.0038987673
3688,43280,9.505233e-15
3689,93829,1.0434262e-10
3690,21550,1.1376604e-17
3691,77090,3.4498124e-14
3692,34385,0.005038059
3693,9349,3.4606913e-07
3694,56088,0.022182668
3695,39500,0.006983701
3696,5477,3.380947e-13
3697,38504,0.01568494
3698,108078,0.00089064584
3699,95438,0.0013104703
3700,81377,2.8954508e-15
3701,29593,2.0206628e-05
3702,85286,1.5275647e-09
3703,98834,0.010536521
3704,37963,0.16019998
3705,24079,0.009095178
3706,48275,0.00064514973
3707,108663,0.0006456536
3708,19177,3.5310215e-06
3709,104806,0.00790578
3710,91003,4.020501e-16
3711,50084,0.008028029
3712,12348,0.008038916
3713,39379,0.00012665114
3714,47971,1.0858897e-18
3715,13643,7.11991e-05
3716,115497,0.008028029
3717,190,0.0018089174
3718,24416,0.008079731
3719,77006,2.134819e-07
3720,109054,0.020164473
3721,98111,0.010903423
3722,74394,0.0053092
3723,12526,0.025853444
3724,4216,0.0059254155
3725,18997,0.0002977418
3726,18316,1.0887177e-27
3727,72566,4.4031713e-18
3728,69323,0.023389323
3729,20576,2.6234486e-05
3730,87275,1.5983461e-07
3731,47890,4.948828e-24
3732,34750,7.404592e-18
3733,104101,0.03348353
3734,85186,0.0509507
3735,86309,2.3349665e-19
3736,111694,0.026802782
3737,63138,4.6773253e-06
3738,105883,1.8587597e-11
3739,97731,2.973506e-13
3740,18467,0.059635594
3741,30939,0.008028029
3742,103046,2.910753e-17
3743,90433,0.044725854
3744,63761,5.1579135e-10
3745,110976,0.0077562737
3746,56587,0.0509507
3747,50821,0.00088066544
3748,66763,3.0134685e-16
3749,35777,0.008028029
3750,95649,0.048003506
3751,42571,0.004262849
3752,96903,1.03977885e-17
3753,87013,2.9290162e-12
3754,53635,5.8755014e-20
3755,98313,1.6107946e-28
3756,88292,3.677826e-16
3757,107410,2.2427217e-14
3758,954,0.0011522636
3759,85990,0.0014779106
3760,50195,0.0509507
3761,38844,0.030200627
3762,36744,0.00570204
3763,34823,0.0577544
3764,102149,1.276216e-07
3765,105849,2.3971972e-06
3766,64496,7.3647007e-06
3767,12734,0.016494239
3768,99186,0.00081616663
3769,53084,4.6773253e-06
3770,101596,0.019647213
3771,110051,1.1149931e-06
3772,26146,1.04842975e-17
3773,66057,1.8287075e-18
3774,33089,0.024806844
3775,23929,0.008079731
3776,79782,0.0040524765
3777,51219,1.9070056e-08
3778,8957,0.00037575368
3779,115387,9.922868e-05
3780,41801,1.7274936e-10
3781,112490,0.06282126
3782,114464,1.299872e-12
3783,14414,2.0352643e-07
3784,95289,3.0651626e-10
3785,99558,0.026802782
3786,55336,4.892199e-09
3787,93929,0.024709625
3788,111676,0.04818268
3789,33018,0.005038059
3790,31981,2.0716777e-16
3791,17555,0.026713273
3792,56383,0.008655971
3793,101495,0.0018829411
3794,43131,5.0097493e-14
3795,45587,0.008079731
3796,61480,3.6358463e-19
3797,11660,1.2267808e-11
3798,104905,1.5836737e-15
3799,26184,1.8056787e-06
3800,1477,0.013573701
3801,66015,5.1074824e-07
3802,12274,6.263779e-11
3803,56378,0.0065901084
3804,108529,0.0006942356
3805,86768,5.6467626e-16
3806,49085,0.008028029
3807,109264,1.3312574e-25
3808,95693,0.00050368113
3809,54002,0.018354623
3810,68388,2.7609973e-05
3811,52011,0.02050013
3812,91688,1.411319e-06
3813,108786,7.380946e-07
3814,60764,0.010517384
3815,57722,0.009132841
3816,75320,5.425712e-05
3817,91492,6.122069e-17
3818,56861,0.02471286
3819,100923,2.4571138e-05
3820,25778,0.0077562737
3821,5771,0.004586983
3822,82711,0.0038637838
3823,33045,1.3181666e-14
3824,92727,1.2167922e-05
3825,345,9.726307e-06
3826,52000,0.008028029
3827,69929,0.030200627
3828,107997,3.2523673e-21
3829,27975,1.5021462e-06
3830,3518,3.1029543e-07
3831,73884,4.020501e-16
3832,80599,9.2298014e-10
3833,83749,4.594849e-09
3834,90104,0.0014779106
3835,13004,6.456203e-27
3836,18282,0.025535604
3837,108583,0.010903423
3838,110877,0.24727741
3839,108462,0.00035675731
3840,89759,0.0077935676
3841,3003,0.011670537
3842,46050,0.010384085
3843,60016,0.016494239
3844,13201,1.4809607e-18
3845,72036,0.06248945
3846,94967,4.635101e-06
3847,83226,2.5278995e-12
3848,25002,2.0257662e-07
3849,54951,5.4423194e-06
3850,112144,0.06282126
3851,80425,9.1698604e-10
3852,15761,0.00010576932
3853,78890,0.0020933005
3854,85031,2.7410535e-05
3855,2846,3.4226089e-09
3856,77514,1.6133999e-08
3857,73812,7.676843e-14
3858,83728,0.004262849
3859,49694,8.0666206e-07
3860,10739,1.2815092e-09
3861,22296,1.0692848e-07
3862,60230,0.016494239
3863,87948,0.016539916
3864,85431,4.766764e-09
3865,63227,0.06248945
3866,51844,1.4212852e-17
3867,4677,0.00036189094
3868,55630,2.7410535e-05
3869,103020,0.06248945
3870,111440,0.0403012
3871,12985,0.005053979
3872,32399,0.009132841
3873,84836,4.020501e-16
3874,35531,2.3165817e-13
3875,31059,3.8939508e-08
3876,110764,0.0019666015
3877,87408,0.016494239
3878,59427,0.016494239
3879,48993,2.1393491e-23
3880,105188,1.350439e-16
3881,106835,1.5583752e-06
3882,90471,4.5022584e-12
3883,30338,0.008028029
3884,88977,0.047915254
3885,23383,0.007791001
3886,68318,7.2639973e-13
3887,105105,4.9397598e-15
3888,1006,0.0011522636
3889,45579,3.7300335e-16
3890,60695,0.0070253937
3891,100673,0.048003506
3892,103852,1.3831281e-09
3893,102781,1.4204808e-05
3894,110802,0.024709625
3895,43304,0.059635594
3896,15009,5.411085e-23
3897,98858,2.2251318e-15
3898,8320,1.844373e-10
3899,107593,7.307707e-05
3900,55438,0.008028029
3901,7642,6.1555103e-09
3902,74763,3.4146172e-15
3903,25335,7.779686e-18
3904,36375,1.525603e-23
3905,82310,0.0014779106
3906,100364,0.007889245
3907,12935,0.041671257
3908,13136,1.22414585e-05
3909,54515,6.255992e-05
3910,5592,0.05781429
3911,47112,9.207264e-06
3912,86306,4.925849e-17
3913,23729,0.011661306
3914,52392,2.3417842e-07
3915,79775,0.015734917
3916,68141,0.006891227
3917,106533,0.0014796258
3918,71977,0.042199478
3919,75782,0.0014779106
3920,110784,8.420262e-17
3921,41049,2.6234486e-05
3922,50739,3.0829713e-20
3923,92008,7.691606e-17
3924,67681,0.0403012
3925,23297,0.028322274
3926,8628,3.596936e-08
3927,74703,5.9691256e-18
3928,92906,0.016539916
3929,104189,0.00081616663
3930,101132,0.00015019988
3931,72312,0.006891227
3932,93396,0.06282126
3933,3741,6.1555103e-09
3934,94451,0.016539916
3935,97421,0.009667851
3936,72391,4.6773253e-06
3937,85910,3.5564928e-17
3938,55159,2.250909e-12
3939,12592,2.459966e-13
3940,31183,1.2325518e-09
3941,14539,1.0887177e-27
3942,100124,0.0048150187
3943,99027,0.0014779106
3944,42043,0.005038059
3945,86756,0.0014779106
3946,67727,1.1744876e-14
3947,16241,0.007768419
3948,2060,0.002550813
3949,46099,0.00817733
3950,83526,0.0039277454
3951,39623,0.008079731
3952,33104,0.010517384
3953,50649,0.0070778257
3954,20493,1.6342653e-12
3955,50835,1.2342393e-19
3956,92433,4.6773253e-06
3957,110237,7.307707e-05
3958,70993,1.1323157e-13
3959,34721,0.024806844
3960,96907,7.3406525e-14
3961,52309,9.627697e-16
3962,7017,1.9939916e-10
3963,49425,2.9121627e-10
3964,103910,0.0029152634
3965,8428,0.004560521
3966,50026,8.228814e-10
3967,71771,0.02471286
3968,69117,0.0403012
3969,60117,0.8802474
3970,66428,1.3443511e-12
3971,58486,0.010517384
3972,94630,0.03035353
3973,87022,3.595377e-13
3974,115093,0.00036724858
3975,101381,6.952471e-10
3976,91734,2.8723367e-08
3977,105342,1.4770013e-09
3978,32651,0.044231094
3979,64199,0.001341142
3980,112607,0.0077562737
3981,96564,0.0038637838
3982,83379,3.5293313e-15
3983,51203,0.016494239
3984,58954,3.5255824e-12
3985,80864,0.0024241232
3986,69398,4.087041e-06
3987,24384,8.480904e-08
3988,48252,3.677826e-16
3989,27101,6.9299306e-12
3990,58060,0.0043147327
3991,52760,4.7549045e-09
3992,36852,0.008079731
3993,55657,5.716919e-17
3994,8448,0.033774532
3995,12771,1.9894817e-22
3996,37435,0.003860181
3997,68554,2.964319e-22
3998,22727,0.007883797
3999,89144,6.9399833e-12
4000,48773,6.509301e-11
4001,42930,0.010349591
4002,35372,1.7632008e-08
4003,87080,0.0014779106
4004,86257,4.6773253e-06
4005,26251,0.003860181
4006,106864,0.00081616663
4007,88722,0.026623527
4008,106640,0.033312056
4009,106509,0.008091315
4010,61317,0.047915254
4011,52943,0.01568494
4012,68573,6.255992e-05
4013,8129,0.00012076796
4014,70913,0.0002539573
4015,27184,1.4529702e-06
4016,9314,0.013130239
4017,100346,0.028968716
4018,84089,0.0509507
4019,57541,3.5560897e-05
4020,110370,2.5349396e-05
4021,49734,0.0577544
4022,108477,0.00019521646
4023,7910,0.00040105684
4024,17266,5.3364726e-14
4025,38222,7.7098985e-06
4026,28765,2.9725693e-06
4027,34963,0.0029175638
4028,48,1.0697825e-15
4029,47621,4.1462426e-06
4030,46982,0.057786684
4031,31464,1.7823039e-09
4032,25731,4.450101e-09
4033,36735,0.00032277606
4034,84571,0.008089195
4035,51446,0.0034607893
4036,38101,1.8541983e-06
4037,96773,0.008922201
4038,68148,5.4204478e-14
4039,81131,0.0043147327
4040,25277,0.008053782
4041,63154,0.0034607893
4042,109211,2.2381264e-19
4043,31759,0.0509507
4044,69644,1.4084491e-19
4045,93625,0.008091315
4046,60677,5.25498e-06
4047,37352,1.22414585e-05
4048,94819,2.3864538e-06
4049,48482,0.016725253
4050,32060,0.02558698
4051,84027,0.0509507
4052,60551,3.3776446e-06
4053,89125,1.0373928e-19
4054,37521,0.20057586
4055,106498,0.044960506
4056,90839,0.008089195
4057,94678,1.368196e-20
4058,112573,5.033208e-24
4059,45594,0.003860181
4060,50868,1.525603e-23
4061,22952,0.0056522144
4062,74420,2.1249392e-13
4063,34612,5.969326e-06
4064,16110,0.00080143916
4065,57793,0.0043147327
4066,4197,6.5895484e-11
4067,93652,0.0060845916
4068,4467,2.0203823e-12
4069,113975,0.03348353
4070,35443,0.0577544
4071,57432,4.892199e-09
4072,94014,0.00077814166
4073,65606,1.3577665e-12
4074,113256,0.0013290688
4075,64257,4.7891824e-09
4076,55655,0.0077562737
4077,76932,0.007264772
4078,70437,1.4753388e-06
4079,5150,1.1231805e-09
4080,9246,1.072985e-18
4081,59222,0.018789941
4082,43983,0.08138075
4083,34185,3.35421e-08
4084,68154,1.6496777e-07
4085,55183,4.0299445e-16
4086,72790,0.030200627
4087,85241,0.028394716
4088,95972,1.09822545e-17
4089,44352,0.03446149
4090,74195,0.0403012
4091,83600,0.04615515
4092,62377,0.0509507
4093,82161,0.0022258519
4094,62550,0.008047925
4095,11224,5.1783747e-05
4096,49366,0.01568494
4097,52044,0.00039266326
4098,102659,0.016494239
4099,52964,5.9208487e-05
4100,112908,1.1731111e-17
4101,34509,9.842083e-14
4102,27914,8.047306e-10
4103,80198,0.00020048891
4104,34041,0.0077562737
4105,77160,1.4788369e-12
4106,115741,0.004700935
4107,82329,0.0008937112
4108,6770,0.034317352
4109,45134,8.156161e-08
4110,44943,1.525603e-23
4111,7604,0.23110333
4112,65902,0.0020933005
4113,105192,2.0986255e-09
4114,69215,1.0289121e-05
4115,4540,0.0062888265
4116,13539,1.0917035e-20
4117,90979,0.008089195
4118,49874,3.4428257e-10
4119,83824,2.5329375e-20
4120,99592,1.9883799e-05
4121,74953,0.0509507
4122,95222,0.008028029
4123,46853,0.0029201212
4124,74154,0.225625
4125,78674,1.5466394e-23
4126,81591,0.042199478
4127,17721,1.1486668e-10
4128,45270,4.2454164e-13
4129,93504,2.2666028e-17
4130,84769,4.020501e-16
4131,81201,1.2167922e-05
4132,30938,1.22414585e-05
4133,101427,0.035686146
4134,112879,0.00049185875
4135,14669,2.3610981e-23
4136,62706,0.016494239
4137,50537,0.008028029
4138,108373,0.026802782
4139,79168,7.6112056e-14
4140,16736,0.00012230677
4141,91700,0.044904742
4142,42964,6.8591085e-05
4143,89645,0.000122068974
4144,28191,0.041821215
4145,6679,5.5359243e-07
4146,12414,9.277598e-25
4147,87525,0.029361214
4148,63224,1.4212852e-17
4149,109386,4.6773253e-06
4150,4407,0.1237788
4151,28950,9.083153e-14
4152,29680,0.042396132
4153,48351,2.588567e-20
4154,101694,9.265259e-09
4155,6671,5.724949e-07
4156,30123,4.0299445e-16
4157,92740,7.138974e-14
4158,69437,7.2601615e-05
4159,59523,0.0034607893
4160,92165,0.0039029391
4161,97047,7.881097e-10
4162,16150,0.016494239
4163,82266,0.0006456536
4164,44858,6.939614e-19
4165,45420,5.25498e-06
4166,72504,0.07093826
4167,31437,0.0077562737
4168,42771,4.6946704e-09
4169,104623,2.624835e-05
4170,25766,0.007791001
4171,75539,3.3744651e-21
4172,61071,0.005038059
4173,74480,0.0077935676
4174,20587,2.6834411e-20
4175,41803,3.0430704e-12
4176,1808,1.9731868e-14
4177,9741,0.018921046
4178,104157,1.1707826e-06
4179,48515,4.7891824e-09
4180,76699,7.380946e-07
4181,6224,2.330609e-09
4182,95225,2.1961963e-17
4183,76676,0.0015518212
4184,63262,0.042199478
4185,51334,5.524508e-06
4186,26498,0.003494472
4187,58247,2.6184244e-10
4188,17819,0.013828899
4189,112965,0.013195704
4190,8996,0.008123187
4191,113106,6.2412207e-17
4192,14815,3.761245e-13
4193,25936,0.052883994
4194,28510,3.1389142e-19
4195,3019,2.6146072e-05
4196,36534,1.525603e-23
4197,69967,3.102226e-19
4198,100512,1.993216e-10
4199,110289,0.08584125
4200,82289,0.006891227
4201,44170,0.00054167205
4202,115063,2.1096682e-11
4203,93577,0.0014395164
4204,12499,0.008038916
4205,45495,5.2613046e-08
4206,101208,1.9833395e-07
4207,29728,0.003860181
4208,26724,0.0013494677
4209,63979,0.00047763984
4210,46370,0.00023081219
4211,108290,0.0017335609
4212,15193,9.148834e-16
4213,85954,1.2083616e-09
4214,41721,0.007791001
4215,45499,0.0013571137
4216,47088,1.0410304e-22
4217,72560,4.6773253e-06
4218,46866,0.008079731
4219,103280,0.0014796258
4220,14558,0.21081
4221,104745,7.1547226e-09
4222,86059,0.013391664
4223,92079,1.390016e-07
4224,67807,0.008089195
4225,42556,0.07675227
4226,103579,0.0077935676
4227,72143,4.456482e-08
4228,92892,0.00067609927
4229,83053,0.0004996417
4230,4834,0.0031529434
4231,23082,1.1469746e-21
4232,62669,0.0014779106
4233,25787,5.2575047e-15
4234,109961,0.016556531
4235,86543,0.008089195
4236,31846,0.00048933655
4237,13149,0.016494239
4238,21022,0.020164473
4239,87614,0.047915254
4240,2252,0.00037584107
4241,67827,0.005695477
4242,57166,2.049621e-06
4243,22873,4.050637e-19
4244,92197,0.037106685
4245,25180,5.976651e-16
4246,41411,0.008079731
4247,51193,0.0013494677
4248,109925,0.0032747872
4249,38809,1.17317735e-11
4250,45003,0.008079731
4251,33713,0.008028029
4252,77563,0.026713273
4253,40431,0.012522128
4254,47439,0.05121239
4255,24624,0.0013571137
4256,16406,0.024776157
4257,68465,0.0077935676
4258,64509,0.0013375316
4259,97969,0.048003506
4260,98414,0.0005001208
4261,98681,0.05121239
4262,70524,3.7332126e-07
4263,41736,5.25498e-06
4264,6810,1.4524401e-08
4265,105294,3.1700854e-16
4266,98015,0.048003506
4267,24313,0.0002671831
4268,42001,0.008079731
4269,48031,0.013270958
4270,91907,0.03348353
4271,89945,3.8688167e-12
4272,19272,1.4990756e-05
4273,49051,0.024806844
4274,25212,0.026713273
4275,23682,0.0053577055
4276,63704,2.5509885e-16
4277,67061,0.00064514973
4278,78520,0.016494239
4279,35370,0.016494239
4280,42832,1.4988363e-09
4281,45004,2.2694373e-06
4282,62451,5.071879e-21
4283,87375,0.0013357647
4284,88207,7.6757604e-14
4285,64741,0.0020933005
4286,10025,3.7343872e-10
4287,69948,0.20852888
4288,109919,9.922868e-05
4289,6713,0.0035321566
4290,40332,0.016494239
4291,103045,0.009092403
4292,88704,0.0009888352
4293,39230,7.5283196e-17
4294,47798,0.008089195
4295,77035,0.0009134363
4296,16219,2.0542666e-27
4297,42412,0.008079731
4298,6490,0.0030896745
4299,19538,2.4516883e-10
4300,69508,0.0038637838
4301,69528,0.010517384
4302,93905,0.026802782
4303,40948,0.007791001
4304,59076,4.7891824e-09
4305,39017,1.5242577e-10
4306,60753,4.7891824e-09
4307,69054,0.0013033814
4308,103877,0.044960506
4309,79729,0.0018411742
4310,32409,4.0299445e-16
4311,99473,0.0056914715
4312,72488,0.0006456536
4313,58873,0.055597
4314,91526,0.0042712325
4315,6762,0.0031529434
4316,97858,0.0006456536
4317,28823,1.3112655e-06
4318,35586,1.02060614e-16
4319,55363,1.233488e-16
4320,77072,1.0680351e-19
4321,40978,3.056731e-05
4322,438,1.7847213e-14
4323,30972,4.0299445e-16
4324,49326,0.004262849
4325,508,0.028980374
4326,110180,1.482835e-14
4327,60661,0.004262849
4328,15868,0.0025443682
4329,10308,4.472595e-11
4330,50032,0.005038059
4331,55381,0.0509507
4332,26154,2.6450758e-12
4333,103935,1.0305255e-05
4334,64902,0.0020933005
4335,108344,2.5912578e-10
4336,63073,2.2008895e-20
4337,59759,6.2379585e-10
4338,100206,0.031580828
4339,101822,0.048003506
4340,77259,5.004262e-16
4341,70996,0.047915254
4342,41735,8.0251615e-20
4343,9608,0.024790043
4344,106362,3.3776446e-06
4345,54023,4.0299445e-16
4346,55649,0.0077562737
4347,7076,1.4486903e-07
4348,114985,2.8344064e-14
4349,47151,0.008079731
4350,12633,0.0017362167
4351,61338,2.6600068e-15
4352,66591,1.800574e-20
4353,10567,1.0082008e-07
4354,49859,0.016494239
4355,94746,0.0038427904
4356,82346,0.009092403
4357,51425,5.6403675e-05
4358,17483,9.188914e-09
4359,100101,0.024709625
4360,15612,4.6033137e-13
4361,14834,2.7469662e-07
4362,34193,1.6493353e-18
4363,92991,3.3150085e-14
4364,14737,3.9171387e-05
4365,94426,0.029000944
4366,102051,0.00056475546
4367,62507,0.008047925
4368,99264,0.029542837
4369,39778,0.009455685
4370,12385,0.03282425
4371,72254,0.02471286
4372,51885,1.7632008e-08
4373,88898,2.2894997e-18
4374,40532,7.952904e-20
4375,55761,1.2342393e-19
4376,43658,7.881097e-10
4377,84789,4.7891824e-09
4378,16781,0.016494239
4379,36166,6.5138943e-19
4380,44938,0.0034607893
4381,83318,0.08138075
4382,22872,3.0914193e-10
4383,25051,2.929878e-26
4384,24910,1.5594337e-11
4385,86911,3.5955006e-28
4386,55763,2.4347448e-17
4387,82245,0.0077935676
4388,14400,0.0034607893
4389,108519,7.088368e-13
4390,32996,7.0597515e-09
4391,41334,5.25498e-06
4392,97939,0.0014467266
4393,67193,1.876179e-07
4394,89246,0.010842438
4395,12277,7.7920534e-15
4396,52184,0.6124844
4397,41974,0.008079731
4398,58802,4.0630545e-16
4399,54939,1.0426776e-11
4400,73624,0.008089195
4401,9866,3.2943674e-09
4402,69238,3.868407e-18
4403,31351,2.9090398e-12
4404,86156,4.7891824e-09
4405,44379,0.01568494
4406,9329,1.5338063e-17
4407,54181,0.00052319065
4408,92246,3.0106634e-07
4409,81550,1.5298044e-16
4410,2857,0.0031490463
4411,94217,0.032137424
4412,63427,2.571807e-06
4413,96095,3.2261135e-11
4414,102738,0.06282126
4415,52643,1.4158924e-21
4416,12376,0.00021390223
4417,106046,0.009092403
4418,76823,3.410102e-14
4419,61842,1.4200383e-25
4420,93037,0.047915254
4421,96790,4.3695998e-13
4422,91605,0.0008937112
4423,111105,0.0074967635
4424,108964,0.026802782
4425,74268,2.5810949e-11
4426,111970,0.0038637838
4427,74938,1.800574e-20
4428,30069,1.1878308e-26
4429,52590,0.0008937112
4430,105222,0.04818268
4431,22142,1.6026388e-18
4432,79132,1.4409278e-16
4433,67301,0.00037302743
4434,91720,3.0042956e-05
4435,112703,0.24008952
4436,32048,0.008028029
4437,41359,2.2575043e-06
4438,53902,1.2342393e-19
4439,74299,0.004700935
4440,1194,1.4381324e-05
4441,62921,0.055597
4442,25362,3.1658493e-20
4443,51239,0.00020048891
4444,77059,4.0299445e-16
4445,3609,0.10519523
4446,33703,1.9830382e-10
4447,103625,7.7734946e-08
4448,73848,9.823928e-14
4449,90182,3.8688167e-12
4450,49131,0.010384085
4451,45849,7.41115e-10
4452,90922,3.3776446e-06
4453,107501,2.3899446e-07
4454,6033,4.9040055e-10
4455,88243,0.0014779106
4456,6012,1.4130277e-13
4457,75767,2.7426725e-10
4458,110587,0.026802782
4459,107527,1.435906e-10
4460,20745,0.007768419
4461,101749,0.032137424
4462,60536,1.4868611e-08
4463,23373,0.006983701
4464,59757,0.0029160744
4465,53527,1.9638082e-21
4466,30131,4.9895457e-09
4467,113660,6.2140837e-19
4468,12141,7.1021047e-09
4469,34276,5.0022063e-14
4470,29529,6.0800735e-20
4471,45986,0.0033686915
4472,80975,0.00048375476
4473,1122,7.0503465e-06
4474,90892,0.051038433
4475,90226,0.029361214
4476,95197,0.00011723003
4477,115072,4.1880096e-05
4478,32198,7.3754483e-09
4479,108918,0.06193382
4480,112345,1.2811482e-08
4481,77993,0.012669041
4482,57674,1.9708681e-05
4483,25073,1.0772182e-09
4484,35852,7.57379e-28
4485,39350,0.010384085
4486,11745,6.176722e-06
4487,110550,2.0242277e-16
4488,100298,0.008091315
4489,67330,0.02471286
4490,9400,1.6013305e-06
4491,68843,0.006891227
4492,21601,6.8276313e-09
4493,7384,3.5136616e-11
4494,94624,0.00068096595
4495,46831,5.081923e-09
4496,76708,0.015734917
4497,62,3.003288e-09
4498,32474,2.0808865e-11
4499,3649,4.8316657e-08
4500,51703,0.008028029
4501,41837,0.0007213696
4502,33676,7.5714226e-20
4503,79353,0.048003506
4504,89078,8.450558e-06
4505,96009,0.042199478
4506,675,9.552728e-07
4507,108465,0.0006456536
4508,86169,3.677826e-16
4509,7909,2.3393647e-09
4510,114579,0.08433751
4511,46044,0.008079731
4512,66563,7.7141486e-08
4513,44571,5.087487e-10
4514,21347,0.008891696
4515,953,2.3393647e-09
4516,66702,5.403942e-05
4517,15098,1.0708064e-24
4518,96061,3.695491e-08
4519,53119,1.2914187e-22
4520,101507,3.7283717e-22
4521,17928,2.0542666e-27
4522,29608,9.35961e-09
4523,71558,0.030188166
4524,95497,0.048003506
4525,84033,0.008089195
4526,57909,3.6358463e-19
4527,101844,0.0008932558
4528,47693,2.6803168e-08
4529,69086,4.17771e-16
4530,66470,0.0020933005
4531,103335,0.033891905
4532,40728,0.007883797
4533,62252,4.0870356e-11
4534,59919,4.087041e-06
4535,25944,0.007791001
4536,85736,4.766764e-09
4537,101098,4.654224e-11
4538,33380,0.0066678915
4539,93899,6.0849703e-05
4540,39429,0.16019998
4541,22262,4.496774e-16
4542,59826,1.8718628e-15
4543,65787,1.0357447e-06
4544,63266,3.5001143e-16
4545,84142,5.14862e-08
4546,68069,0.0403012
4547,41092,0.005038059
4548,10987,8.831453e-08
4549,114451,2.9905877e-16
4550,45839,0.057786684
4551,80330,0.0077935676
4552,96316,0.010517384
4553,13389,0.00067453913
4554,32422,0.008028029
4555,70096,0.014380422
4556,29090,9.9313314e-05
4557,81641,0.00067989924
4558,63947,0.0018766454
4559,24260,5.081923e-09
4560,58726,2.6687057e-16
4561,53777,0.04179281
4562,54049,0.010517384
4563,106194,2.0146429e-10
4564,107616,0.04818268
4565,65876,4.7876105e-17
4566,37966,0.0019186474
4567,94645,4.925849e-17
4568,7322,7.2796535e-10
4569,102277,0.0006456536
4570,110688,0.06282126
4571,49346,4.532437e-10
4572,68988,0.008089195
4573,12069,7.503871e-15
4574,1220,0.06938854
4575,18466,5.767774e-20
4576,84765,0.016494239
4577,51887,0.0908458
4578,10564,0.0031529434
4579,81751,9.819422e-16
4580,84216,3.163388e-19
4581,85342,0.0008685237
4582,110958,4.6773253e-06
4583,90080,1.1497364e-06
4584,88461,1.1824637e-12
4585,115441,0.038900875
4586,64709,0.005693995
4587,35221,0.0038427904
4588,35735,0.005038059
4589,65436,0.0053092
4590,80435,0.0006456536
4591,33136,4.0299445e-16
4592,62410,0.010517384
4593,33265,0.00018583552
4594,17314,1.6342653e-12
4595,61530,0.00016252566
4596,87505,0.0014779106
4597,17892,1.5101006e-07
4598,21406,1.5543166e-23
4599,84787,0.008089195
4600,102341,0.00046739265
4601,6732,0.03616825
4602,10046,0.0062888265
4603,76838,4.6773253e-06
4604,73797,0.0014779106
4605,59978,0.14273551
4606,2973,4.3696999e-13
4607,4888,0.009124947
4608,114881,4.8839572e-09
4609,64442,2.2820108e-17
4610,102706,4.6773253e-06
4611,105865,2.3216397e-05
4612,3693,4.107407e-08
4613,13448,1.974104e-15
4614,9429,6.765159e-06
4615,39241,0.0006956626
4616,103242,0.040500082
4617,99187,2.8321856e-10
4618,40538,2.3249508e-18
4619,43198,1.22414585e-05
4620,93330,0.0014779106
4621,105997,8.770991e-11
4622,37533,8.0332885e-10
4623,28332,0.0013494677
4624,90667,0.047915254
4625,24284,0.005038059
4626,82886,5.25498e-06
4627,84122,7.3698575e-15
4628,44175,0.0509507
4629,103750,0.032137424
4630,10093,0.0031529434
4631,19526,1.3303138e-24
4632,84223,0.028968716
4633,58477,0.0038427904
4634,60313,0.009132841
4635,49417,1.9830382e-10
4636,4846,0.05781429
4637,28069,0.009899596
4638,62864,0.047915254
4639,45896,2.3742008e-10
4640,83320,1.6408272e-16
4641,55102,6.641094e-14
4642,34359,0.0070778257
4643,102133,0.029305182
4644,47884,1.3443511e-12
4645,84486,4.6493595e-12
4646,46314,2.4646843e-18
4647,88946,5.0877303e-21
4648,25479,1.525603e-23
4649,111250,0.002418666
4650,30965,0.016444813
4651,108989,2.8969042e-11
4652,105124,1.8802679e-19
4653,97647,0.044904742
4654,67238,0.00064514973
4655,78110,1.525603e-23
4656,61931,1.9229628e-20
4657,71670,0.0070778257
4658,31355,0.003860181
4659,103044,1.2130521e-12
4660,76812,1.906579e-13
4661,96503,0.0077935676
4662,10294,0.00330176
4663,35398,7.75303e-16
4664,58829,0.016494239
4665,64625,2.3296206e-18
4666,39595,3.5115806e-07
4667,4356,0.0017362167
4668,113027,0.0014796258
4669,66394,9.102237e-20
4670,45146,1.3687275e-14
4671,17548,3.111109e-15
4672,9891,6.093206e-08
4673,81175,0.0038637838
4674,13565,7.779686e-18
4675,22037,1.9155237e-13
4676,22972,1.5907375e-10
4677,52846,0.0077562737
4678,61752,0.028394716
4679,82802,0.026748953
4680,86501,0.00072019565
4681,22955,0.00067453913
4682,54226,0.0045458595
4683,34683,0.0577544
4684,95146,9.3061395e-08
4685,20526,1.972247e-07
4686,83343,3.929282e-07
4687,112372,2.0056463e-12
4688,102696,0.051038433
4689,31093,1.5553596e-07
4690,96459,0.026463047
4691,27956,0.016525099
4692,51087,0.0072111264
4693,79693,0.030912777
4694,20780,0.0013641858
4695,21589,1.2574317e-10
4696,70942,0.044231094
4697,1155,0.03391854
4698,62723,0.047915254
4699,77824,4.6773253e-06
4700,11817,3.0285058e-17
4701,108272,2.0484283e-20
4702,59611,4.2541322e-16
4703,108034,0.013758435
4704,91430,0.0042712325
4705,68499,3.677826e-16
4706,37876,0.000104468636
4707,87323,6.1630605e-14
4708,113052,0.013195704
4709,14350,0.008047925
4710,88503,0.008891696
4711,15609,0.0152895525
4712,23293,2.619474e-17
4713,39586,0.007883797
4714,85470,2.1924099e-12
4715,25496,0.008079731
4716,112268,0.0029152634
4717,19963,1.0594506e-08
4718,3468,0.0002220481
4719,42248,0.016525099
4720,8018,4.1904443e-07
4721,32302,2.969482e-13
4722,83806,0.030912777
4723,10657,0.012971883
4724,19714,1.4149824e-10
4725,114995,4.5678505e-08
4726,115296,0.00054797524
4727,44704,0.0014500597
4728,70631,0.13628653
4729,47995,0.009092403
4730,18507,4.814184e-17
4731,84906,1.8599457e-07
4732,78952,0.00012665114
4733,27026,0.0013494677
4734,100484,2.39597e-20
4735,59147,0.030188166
4736,12881,2.1198385e-07
4737,18953,1.0032514e-23
4738,90856,0.00712693
4739,113819,0.0008209363
4740,2785,0.002550813
4741,60652,1.3344256e-09
4742,11677,0.0031529434
4743,38992,7.144343e-21
4744,44769,1.1709035e-08
4745,48607,2.7356847e-08
4746,5467,0.024790043
4747,49418,3.755338e-28
4748,104132,0.019647213
4749,115171,1.210797e-18
4750,40751,7.952904e-20
4751,81364,4.6773253e-06
4752,44944,0.01568494
4753,73548,0.12465692
4754,27349,5.969326e-06
4755,97656,0.02050013
4756,3746,1.6234824e-06
4757,24922,3.317908e-20
4758,11945,1.7111017e-05
4759,15482,6.130078e-19
4760,106477,0.0020933005
4761,92712,3.163388e-19
4762,94895,0.0006456536
4763,26391,1.0927257e-10
4764,69143,0.0136319995
4765,40401,1.3670573e-22
4766,71228,1.0620926e-16
4767,48708,0.059635594
4768,37199,0.034445174
4769,73489,2.7408106e-10
4770,11216,1.0567728e-11
4771,13430,0.11032205
4772,35687,0.0077562737
4773,23567,0.008079731
4774,87088,0.002915908
4775,8906,0.0031529434
4776,51556,6.2691165e-06
4777,74011,0.028968716
4778,17241,2.0035643e-14
4779,35246,0.0577544
4780,101222,2.1248916e-12
4781,73438,3.528466e-07
4782,90246,4.6773253e-06
4783,115411,6.9399833e-12
4784,64170,1.2258948e-06
4785,21341,0.0013641858
4786,44847,3.6163695e-27
4787,86556,6.470084e-07
4788,113739,0.05121239
4789,90429,0.044231094
4790,81571,4.6773253e-06
4791,86552,6.0891816e-17
4792,56896,0.0577544
4793,39181,4.7823e-09
4794,103728,2.5349396e-05
4795,24584,0.008153063
4796,4106,5.8689952e-08
4797,109413,1.2773623e-06
4798,87075,5.0141328e-12
4799,98176,0.0048150187
4800,8627,0.033774532
4801,17469,0.00024042754
4802,59828,0.14853963
4803,108522,0.0020876515
4804,21919,7.991716e-11
4805,32317,0.010517384
4806,35623,2.2483473e-06
4807,41313,0.010517384
4808,57009,3.4013656e-10
4809,60081,0.022916336
4810,43643,6.466677e-20
4811,98576,0.048003506
4812,29189,1.905541e-11
4813,80309,1.7230035e-12
4814,31105,0.0029182504
4815,61596,1.7214231e-16
4816,57150,7.5370423e-13
4817,98141,0.008258688
4818,66762,4.7891824e-09
4819,57063,2.66696e-05
4820,82294,0.00047763984
4821,49336,0.0577544
4822,13422,0.0577544
4823,86809,5.638734e-16
4824,20580,0.00091578695
4825,43033,0.0072107604
4826,96570,0.042376153
4827,45351,0.0817255
4828,50910,7.1749764e-06
4829,72125,2.9833372e-11
4830,47661,0.008079731
4831,3634,0.11839662
4832,111978,0.044725854
4833,3340,0.008123187
4834,62155,0.042199478
4835,35775,4.3210244e-09
4836,75190,2.0482189e-11
4837,26454,0.003860181
4838,105242,3.8685277e-09
4839,79533,2.6590478e-19
4840,108531,0.029164772
4841,9074,4.8131042e-08
4842,41639,1.8612957e-08
4843,30856,0.0034482498
4844,36226,0.016494239
4845,52225,0.0038427904
4846,16862,0.005038059
4847,37476,0.016525099
4848,100378,0.0005574171
4849,11748,4.8780797e-14
4850,100719,2.0958623e-06
4851,19600,0.04616737
4852,91837,4.2723715e-12
4853,33439,1.5685615e-05
4854,37944,3.5352826e-10
4855,14903,1.0017792e-15
4856,41436,0.04179281
4857,114595,3.904781e-15
4858,42781,0.0006956626
4859,42288,0.0267177
4860,13416,5.2756505e-21
4861,65383,4.0874615e-06
4862,98984,0.013304895
4863,84993,0.010536521
4864,72537,0.0008937112
4865,32761,0.01568494
4866,102598,1.5345149e-06
4867,114782,2.048244e-17
4868,94859,6.164501e-12
4869,66269,5.071879e-21
4870,37610,1.2729547e-15
4871,65786,0.008159509
4872,11429,0.0031529434
4873,68712,0.0006456536
4874,2648,0.0018209057
4875,109379,6.3269766e-07
4876,83078,0.02050013
4877,102426,0.029672049
4878,32732,0.0021339823
4879,94692,0.001341142
4880,3564,0.0031490463
4881,57884,0.0577544
4882,21534,1.1245796e-06
4883,40705,7.243232e-09
4884,44205,9.207264e-06
4885,9759,6.533366e-08
4886,14726,1.0708064e-24
4887,27602,0.059635594
4888,104376,0.025567163
4889,51607,1.2480175e-10
4890,83975,0.008089195
4891,83792,0.0403012
4892,94587,3.034608e-12
4893,55935,0.042199478
4894,66580,1.1742889e-07
4895,33445,0.00570204
4896,35365,3.8775124e-06
4897,38402,2.0717915e-13
4898,88398,8.4445965e-06
4899,111360,0.010202557
4900,111791,3.410102e-14
4901,9333,7.5700534e-08
4902,47786,1.8395963e-16
4903,40137,0.010517384
4904,57407,0.00046739265
4905,62540,4.8751645e-12
4906,107855,1.2167922e-05
4907,32291,1.1685245e-09
4908,108393,0.042376153
4909,37069,0.04175355
4910,43695,2.2575043e-06
4911,69139,0.0007850549
4912,20053,0.008047925
4913,78405,7.722201e-06
4914,62347,0.029361214
4915,92016,1.8043595e-16
4916,73813,0.0014779106
4917,66719,0.001341142
4918,108639,8.226938e-08
4919,113890,0.044971768
4920,19015,3.6158124e-06
4921,19118,2.6234486e-05
4922,43779,0.007791001
4923,63759,2.650615e-24
4924,57349,5.152009e-12
4925,8209,1.7135507e-07
4926,103463,4.6546016e-09
4927,74731,0.02579965
4928,90119,0.044725854
4929,95327,4.381959e-07
4930,96779,0.004029583
4931,66592,5.0392426e-08
4932,66680,3.148475e-17
4933,49064,0.0136319995
4934,115696,5.48979e-12
4935,23546,1.2453736e-17
4936,20597,0.007768419
4937,7857,8.264765e-19
4938,7938,0.008123187
4939,77877,0.059635594
4940,61042,0.0403012
4941,27250,1.2824188e-09
4942,23521,6.977971e-27
4943,31053,0.0005442905
4944,15568,0.04324529
4945,100787,0.024709625
4946,111586,1.0744696e-07
4947,26976,1.5676483e-24
4948,95618,3.7660357e-07
4949,23897,1.525603e-23
4950,97740,0.004273326
4951,92214,0.047915254
4952,29211,0.016525099
4953,59093,1.8395963e-16
4954,33225,1.525603e-23
4955,103999,0.042199478
4956,81640,3.356525e-09
4957,74064,2.4556838e-26
4958,84968,0.0006456536
4959,58338,2.7457362e-20
4960,42045,3.7300335e-16
4961,15024,0.011661306
4962,62881,0.0007850549
4963,44627,0.052883994
4964,103993,3.161866e-05
4965,107612,6.661043e-08
4966,114615,2.4466553e-15
4967,49957,0.22253428
4968,108739,1.0034114e-17
4969,80478,2.3349665e-19
4970,41769,2.3536168e-15
4971,103926,8.605685e-09
4972,44954,1.525603e-23
4973,63600,1.2096217e-15
4974,1683,0.0026847622
4975,50255,0.024806844
4976,35457,0.008028029
4977,13965,1.7020776e-21
4978,94438,0.008028029
4979,99802,0.015743928
4980,29668,0.0509507
4981,88146,0.047915254
4982,93541,1.4158924e-21
4983,115908,3.1452108e-09
4984,107387,4.6773253e-06
4985,86804,0.0006456536
4986,41246,3.0829713e-20
4987,72345,1.9516805e-13
4988,97692,1.3556233e-05
4989,29265,0.016525099
4990,112350,4.624479e-09
4991,55074,2.6234486e-05
4992,103694,3.4136322e-20
4993,85702,6.122069e-17
4994,85856,2.0034394e-09
4995,80504,0.0074967635
4996,56304,9.7514125e-08
4997,104240,0.009092403
4998,50338,0.0029175638
4999,41505,0.003860181
5000,8682,0.00042303946
5001,11712,0.00330176
5002,74894,0.0403012
5003,38249,0.008079731
5004,30264,0.008028029
5005,50703,0.00010421154
5006,81247,0.030181268
5007,37317,0.009455685
5008,47564,6.9819205e-17
5009,52229,1.22414585e-05
5010,92976,1.5275106e-11
5011,11496,4.3365646e-16
5012,13029,0.024790043
5013,46155,0.0001526028
5014,114874,1.4204808e-05
5015,89192,0.039274212
5016,77242,0.047915254
5017,42066,0.08138075
5018,20988,0.0013641858
5019,80774,1.9067481e-26
5020,12666,0.008038916
5021,41670,0.030200627
5022,6236,0.0062888265
5023,40013,0.021733183
5024,55632,0.001001919
5025,6459,7.1528095e-10
5026,77347,0.026459238
5027,28212,0.00026378903
5028,38132,5.8082945e-11
5029,95925,0.0039042355
5030,99401,0.000716834
5031,8074,1.844373e-10
5032,70877,0.07093826
5033,8329,2.3393647e-09
5034,69009,0.01568494
5035,14331,0.24945135
5036,18485,1.1737444e-21
5037,45235,0.008079731
5038,52783,3.3767474e-08
5039,49491,0.016494239
5040,36160,0.0038427904
5041,34159,0.059635594
5042,61011,0.0014779106
5043,33463,0.0006956626
5044,103081,0.0077935676
5045,63119,0.08170206
5046,8493,2.7958842e-08
5047,66491,1.4538824e-14
5048,64025,2.2820108e-17
5049,112444,3.2078853e-05
5050,70967,2.2366602e-10
5051,92705,9.0520216e-14
5052,54531,0.0036370647
5053,59940,0.047915254
5054,110441,9.212333e-22
5055,30678,1.7981856e-05
5056,112000,0.042199478
5057,105427,0.04818268
5058,35912,0.008028029
5059,10851,0.2700221
5060,47233,4.496774e-16
5061,114933,0.005622142
5062,57258,4.394771e-06
5063,94972,4.7891824e-09
5064,57102,1.4158924e-21
5065,18352,5.9220695e-16
5066,114842,1.3117823e-12
5067,72209,9.035713e-12
5068,20507,0.00053740235
5069,96257,2.1660783e-06
5070,74463,6.122069e-17
5071,97156,0.010536521
5072,19364,2.2837621e-06
5073,11970,2.088382e-05
5074,17516,0.026713273
5075,91897,1.18718384e-17
5076,56498,0.026459238
5077,110574,1.09546974e-14
5078,63310,0.0053092
5079,114124,1.404693e-19
5080,17791,0.004262849
5081,15492,7.507352e-18
5082,55783,0.0013494677
5083,29269,0.0029182504
5084,75272,0.0077466764
5085,101973,5.4408036e-17
5086,15496,0.0044069593
5087,6378,0.004586983
5088,82055,2.6278804e-10
5089,61878,0.0014779106
5090,83170,0.044725854
5091,31533,0.008028029
5092,115723,2.7175483e-07
5093,60309,0.07093826
5094,20410,1.5940847e-10
5095,31964,2.6234486e-05
5096,42700,2.753659e-10
5097,78210,1.1731111e-17
5098,111783,9.878176e-17
5099,13132,0.03636212
5100,23503,0.028968716
5101,13150,0.0015049365
5102,57312,2.1034922e-15
5103,69638,0.047915254
5104,99606,4.0072248e-09
5105,62134,1.4125164e-12
5106,16990,0.00012665114
5107,87318,1.4505215e-12
5108,61602,4.7891824e-09
5109,55736,0.0075158607
5110,64117,4.7891824e-09
5111,20163,0.008047925
5112,5415,6.3008548e-18
5113,27206,0.025592234
5114,110120,8.2628215e-09
5115,35566,1.090444e-17
5116,56096,0.0007850549
5117,39902,7.5714226e-20
5118,76622,0.0038987673
5119,69047,3.216508e-16
5120,70767,0.0077562737
5121,59341,0.20297179
5122,89285,0.016426366
5123,115527,0.0014796258
5124,54093,0.0013494677
5125,102794,4.767837e-09
5126,69962,0.0043147327
5127,104421,4.3491186e-10
5128,59819,0.047915254
5129,37427,0.2075659
5130,9602,5.985633e-11
5131,36300,5.4796985e-22
5132,78137,0.020164473
5133,64653,1.1533896e-13
5134,15677,2.6443191e-05
5135,113009,0.0042229807
5136,15451,8.1264244e-27
5137,95076,1.4994188e-10
5138,81530,0.06139194
5139,44957,6.426851e-07
5140,27588,0.00019491534
5141,58579,0.0042027966
5142,6230,1.18298665e-07
5143,35915,3.613074e-08
5144,103467,7.0127203e-06
5145,103720,0.026802782
5146,53823,1.860053e-16
5147,113019,0.010585875
5148,51183,1.5676483e-24
5149,58214,0.030188166
5150,71816,0.0006456536
5151,69570,0.0015276042
5152,14360,2.7989404e-20
5153,14052,1.8020574e-21
5154,78953,3.868407e-18
5155,111641,0.0038637838
5156,22062,0.0006956626
5157,50846,4.496774e-16
5158,4021,0.024790043
5159,4117,4.0208486e-11
5160,108135,0.0053713806
5161,104715,2.3216397e-05
5162,44935,0.0013631709
5163,53732,0.0006956626
5164,16766,1.02036167e-22
5165,918,1.5916062e-07
5166,85460,0.0006547359
5167,35714,0.026713273
5168,28313,0.009455685
5169,90758,0.005038059
5170,80829,4.675692e-08
5171,96020,0.00016560366
5172,92053,4.6715077e-06
5173,54118,0.008303841
5174,72266,1.03121865e-05
5175,111001,0.0014796258
5176,84241,0.0013267258
5177,109724,2.774286e-15
5178,95108,0.007883797
5179,54558,0.008028029
5180,6119,0.011670537
5181,38688,0.007791001
5182,31849,7.4427017e-20
5183,104065,0.037033394
5184,83265,3.5624104e-11
5185,26194,0.0013494677
5186,106636,0.059596222
5187,52461,2.507205e-11
5188,43215,0.024727335
5189,112441,0.03567427
5190,26328,8.981199e-05
5191,83315,1.01137445e-08
5192,47433,1.1878308e-26
5193,27019,0.008028029
5194,58685,6.055608e-06
5195,81737,0.042199478
5196,77339,1.5842449e-11
5197,13932,0.20450231
5198,92790,4.402833e-19
5199,106994,0.001000921
5200,24532,6.787938e-20
5201,113615,0.048256118
5202,30474,2.6874063e-12
5203,82917,0.0008783315
5204,29716,0.0071160127
5205,7890,2.710901e-07
5206,18568,2.942993e-20
5207,17986,5.3364726e-14
5208,77412,4.7891824e-09
5209,78528,1.1331035e-05
5210,18135,1.6342653e-12
5211,67836,0.00018232608
5212,61720,0.00047763984
5213,40041,1.1957374e-10
5214,27412,1.4597726e-15
5215,7153,4.5971192e-05
5216,39003,0.018001132
5217,22396,1.4212852e-17
5218,68534,1.9984977e-12
5219,44976,0.03092738
5220,96513,0.0038637838
5221,108616,4.635101e-06
5222,30073,0.0013494677
5223,20234,8.592306e-08
5224,112494,0.016556531
5225,41368,0.02558698
5226,76601,4.6773253e-06
5227,62642,7.934349e-15
5228,3210,4.789605e-08
5229,35715,1.898157e-17
5230,102122,0.0013815863
5231,94454,0.0038427904
5232,2007,0.007607165
5233,2638,4.899146e-09
5234,91701,0.0018887141
5235,56784,8.808251e-09
5236,101178,1.4305761e-09
5237,51399,7.6646385e-15
5238,8071,6.663298e-07
5239,34687,0.6420797
5240,91074,0.0077935676
5241,787,1.8567498e-08
5242,12719,6.8102293e-09
5243,91298,1.906774e-05
5244,9679,0.013573701
5245,12011,1.0268009e-21
5246,84808,0.008089195
5247,133,0.011661306
5248,69879,8.6285166e-07
5249,64375,2.463107e-07
5250,82381,0.004700935
5251,82978,0.0013393838
5252,72762,0.016494239
5253,105564,0.00089064584
5254,74599,1.4659079e-19
5255,110966,7.6991794e-17
5256,89533,0.047915254
5257,60104,0.18629587
5258,52581,4.6773253e-06
5259,71576,2.9260843e-16
5260,44914,2.2921779e-05
5261,42588,5.2807097e-19
5262,85257,0.0077935676
5263,74975,2.3714341e-15
5264,113443,5.070783e-11
5265,19251,8.8952744e-05
5266,104248,0.006964409
5267,56147,1.7386837e-05
5268,71934,3.9377082e-13
5269,46729,0.007791001
5270,69222,9.823928e-14
5271,82551,0.0038637838
5272,110457,0.008058755
5273,74922,1.4158924e-21
5274,51812,0.0077562737
5275,2050,0.0005241385
5276,61575,2.2008895e-20
5277,71261,3.677826e-16
5278,25863,0.00014392736
5279,55328,0.010517384
5280,1361,1.8395622e-15
5281,86745,0.008089195
5282,95180,0.029305182
5283,55837,0.000116006035
5284,21959,2.816435e-17
5285,29193,0.007230439
5286,70725,1.9748097e-05
5287,5975,2.4362132e-09
5288,70797,0.006891227
5289,77842,2.2907589e-17
5290,92474,0.0056914715
5291,37661,4.896527e-18
5292,6155,0.0062888265
5293,87969,2.2894997e-18
5294,89915,0.7377591
5295,55964,0.047915254
5296,111352,3.9364563e-06
5297,74780,5.425712e-05
5298,10134,1.1977562e-06
5299,96812,7.148377e-21
5300,56912,0.0038427904
5301,8438,3.976676e-07
5302,33971,1.07319074e-16
5303,15477,0.0044069593
5304,99498,4.5335094e-07
5305,65028,0.053382087
5306,28317,0.0013494677
5307,71164,0.044231094
5308,75305,8.211319e-17
5309,105766,5.7855976e-14
5310,28108,0.016525099
5311,58527,1.2876073e-13
5312,104369,1.1967562e-08
5313,65590,8.9081486e-14
5314,101309,0.026802782
5315,49484,0.02050013
5316,10460,4.9431087e-10
5317,25840,0.07283948
5318,114015,2.8466673e-10
5319,40764,9.771053e-06
5320,5424,0.0062888265
5321,37360,2.0792268e-05
5322,76549,5.071879e-21
5323,84267,0.008089195
5324,68350,0.04616737
5325,97428,0.051038433
5326,40934,5.2807097e-19
5327,7994,1.1788664e-10
5328,1767,3.5596713e-08
5329,104193,0.00095901743
5330,76813,2.2914131e-18
5331,106705,5.1657964e-15
5332,96358,0.015743928
5333,86486,0.007883797
5334,62616,0.009099318
5335,82351,1.560379e-12
5336,91077,0.051038433
5337,47191,1.0097251e-07
5338,23915,6.598577e-19
5339,96604,2.2188302e-11
5340,59326,0.0077562737
5341,96406,0.015743928
5342,95473,0.010517384
5343,57274,1.5440672e-18
5344,105796,0.009567131
5345,110874,0.010556085
5346,35313,0.010517384
5347,18820,5.0385896e-08
5348,47970,0.046062976
5349,104346,7.078871e-09
5350,106011,0.001341229
5351,52969,0.059275787
5352,3772,0.004560162
5353,102641,0.03174463
5354,83687,0.00010323611
5355,76706,0.008089195
5356,14,5.1783747e-05
5357,31520,2.9181901e-06
5358,92381,0.0038637838
5359,98747,0.05780216
5360,70597,0.008089195
5361,42267,1.4981081e-12
5362,68468,0.0007850549
5363,66826,0.025684046
5364,64643,1.3363923e-16
5365,102993,1.0919203e-12
5366,110090,0.0008505742
5367,33078,6.255992e-05
5368,24466,0.03636212
5369,2884,0.008123187
5370,102622,9.823928e-14
5371,62017,1.1392877e-12
5372,45229,0.003860181
5373,77599,0.0034607893
5374,24720,0.033706147
5375,78816,0.0577544
5376,8961,1.844373e-10
5377,80151,7.189665e-23
5378,67704,4.286196e-13
5379,84446,1.2791036e-05
5380,82493,0.0029159163
5381,107747,0.026802782
5382,74563,7.700036e-05
5383,67653,4.087041e-06
5384,111866,2.7175483e-07
5385,77827,5.4423194e-06
5386,43482,0.003860181
5387,85253,3.6566575e-10
5388,31970,0.008028029
5389,74578,0.004700935
5390,40408,2.1459351e-17
5391,45183,0.008079731
5392,52257,4.892199e-09
5393,1715,1.4597629e-13
5394,105845,2.8639634e-18
5395,55859,5.25498e-06
5396,634,5.5602554e-09
5397,90102,0.010517384
5398,90516,1.03977885e-17
5399,26321,1.2427635e-17
5400,103838,0.0014796258
5401,10990,0.0035321566
5402,89305,5.016708e-15
5403,74750,0.0029160744
5404,5160,6.9834832e-12
5405,25359,9.5500656e-11
5406,107915,1.3323519e-06
5407,114659,0.024806844
5408,105583,0.032137424
5409,99760,2.2881185e-12
5410,6905,1.2265721e-08
5411,48105,0.0014779106
5412,73523,8.4445965e-06
5413,22786,5.2822998e-12
5414,18681,0.00015031509
5415,6889,3.2881113e-07
5416,88132,0.0006456536
5417,110506,0.0077935676
5418,108712,1.5378052e-07
5419,89464,0.0006456536
5420,69010,4.408331e-18
5421,108410,3.3956855e-11
5422,55615,0.0077562737
5423,45458,5.638679e-20
5424,88147,4.7891824e-09
5425,114845,1.0471585e-06
5426,31980,0.0021339823
5427,63141,0.042199478
5428,89687,5.25498e-06
5429,97463,0.0005001208
5430,35226,0.008028029
5431,52898,7.4514526e-07
5432,1223,2.4146506e-05
5433,102077,1.4468479e-10
5434,62169,0.00050368113
5435,14973,1.0909769e-24
5436,17077,2.9243955e-26
5437,23039,3.797751e-20
5438,43260,2.2575043e-06
5439,107850,2.3899446e-07
5440,55068,2.1037155e-05
5441,101863,1.9583508e-06
5442,32130,1.4390421e-06
5443,65744,4.7817523e-09
5444,75129,3.97769e-11
5445,90467,0.0047046267
5446,51624,0.0077562737
5447,85180,4.2925173e-18
5448,83266,1.0426906e-09
5449,38703,0.0022725598
5450,38369,0.0006956626
5451,41424,0.0038308327
5452,45827,0.015318835
5453,45640,0.020164473
5454,41521,1.2985894e-06
5455,3322,7.322741e-10
5456,36886,0.00031966768
5457,27675,0.041821215
5458,98488,0.00019660643
5459,58647,0.025651136
5460,46816,0.007883797
5461,76154,0.016494239
5462,102576,3.6969391e-10
5463,45158,0.007883797
5464,63038,4.6773253e-06
5465,100808,0.048003506
5466,2636,6.630823e-12
5467,83467,0.004700935
5468,64545,4.7891824e-09
5469,52691,0.023980321
5470,41782,1.525603e-23
5471,108533,0.008091315
5472,56919,0.008028029
5473,28448,0.035655506
5474,59407,8.7276136e-16
5475,2767,0.006563739
5476,97379,5.365057e-11
5477,50959,0.0817255
5478,115852,0.008091315
5479,94540,0.0050823707
5480,40195,1.525603e-23
5481,8022,1.6380142e-07
5482,2708,0.039300192
5483,76383,3.163388e-19
5484,50439,1.9337638e-25
5485,36340,0.0077562737
5486,2896,5.8521226e-07
5487,78482,1.7467502e-10
5488,40443,0.054608226
5489,58983,0.0072111264
5490,82609,0.044725854
5491,4380,0.0031529434
5492,92791,2.3238423e-18
5493,63962,1.5306613e-10
5494,986,0.01568494
5495,27762,0.041821215
5496,86301,6.0849703e-05
5497,68784,2.643133e-09
5498,44736,1.8155643e-17
5499,88316,3.1335595e-08
5500,10260,7.170901e-07
5501,62908,0.008078688
5502,27992,1.22414585e-05
5503,78387,7.779686e-18
5504,64207,0.0020933005
5505,102008,3.2571035e-10
5506,80838,1.1731111e-17
5507,107764,1.0955899e-16
5508,84713,1.2042317e-07
5509,33360,0.0066678915
5510,61325,4.0971455e-21
5511,62948,1.22414585e-05
5512,41458,0.024727335
5513,18138,0.027271759
5514,198,0.0048364326
5515,80548,0.005038059
5516,17370,0.212975
5517,14089,2.888877e-14
5518,91828,0.0006456536
5519,69321,7.055903e-16
5520,63390,4.49885e-16
5521,26147,3.1388064e-19
5522,52816,0.0043147327
5523,79926,0.0014779106
5524,76994,0.0006456536
5525,51428,0.008028029
5526,36149,0.005038059
5527,103053,0.0077935676
5528,64107,2.634016e-07
5529,1623,3.7810475e-09
5530,30531,0.0072111264
5531,104511,1.9763959e-14
5532,41139,3.167965e-19
5533,31807,0.00048933655
5534,43055,1.0636163e-10
5535,24521,0.009095178
5536,77331,0.010517384
5537,85812,0.026748953
5538,78270,6.255992e-05
5539,71477,0.029361214
5540,65666,9.102237e-20
5541,97319,2.30862e-07
5542,16728,3.885145e-12
5543,80088,4.0870564e-06
5544,102209,4.020501e-16
5545,105476,0.005038059
5546,55908,6.044625e-05
5547,60464,3.3776446e-06
5548,39475,1.7251166e-17
5549,46450,0.020164473
5550,34157,0.06139194
5551,86869,3.0990895e-13
5552,50054,6.0703585e-14
5553,73293,2.707591e-05
5554,115437,3.110563e-15
5555,12321,5.9878026e-11
5556,15232,0.0016893583
5557,14214,5.3377725e-15
5558,32120,5.061796e-11
5559,28118,2.2389731e-06
5560,54797,3.6358463e-19
5561,82114,0.026459238
5562,33351,0.005038059
5563,97677,0.0014395164
5564,104214,0.008091315
5565,70359,7.5215745e-17
5566,39349,1.0273875e-23
5567,92586,0.044904742
5568,4196,0.08595798
5569,24930,0.12383192
5570,40345,3.742646e-09
5571,111422,5.8825112e-06
5572,24966,0.005038059
5573,66292,1.3616144e-13
5574,14540,0.008047925
5575,73787,0.042199478
5576,84445,0.010517384
5577,66258,3.709399e-10
5578,19685,4.3533281e-13
5579,62140,0.012948824
5580,30485,1.7803795e-18
5581,100724,2.8612985e-05
5582,103078,0.010517384
5583,16769,1.778378e-17
5584,21559,0.11045558
5585,23118,2.0490067e-20
5586,97704,0.044904742
5587,99268,3.331354e-11
5588,36885,0.0013494677
5589,25509,2.6508016e-07
5590,87476,0.005326922
5591,53858,0.016494239
5592,216,0.11344382
5593,30404,1.4190645e-06
5594,73011,5.071879e-21
5595,20386,0.008562871
5596,28273,3.3629075e-09
5597,49668,0.008028029
5598,97017,1.1426913e-06
5599,93441,0.008091315
5600,86483,1.3331501e-06
5601,76524,0.00020048891
5602,1500,0.026217172
5603,105493,3.5456853e-08
5604,103111,0.06282126
5605,1763,1.6413543e-06
5606,3930,0.008123187
5607,62556,8.023524e-05
5608,37591,0.042396132
5609,97144,0.0014044115
5610,30009,0.0077562737
5611,100586,7.380946e-07
5612,99742,3.2857496e-14
5613,62161,0.026713273
5614,23529,1.4212852e-17
5615,4357,0.0061882436
5616,39980,0.016494239
5617,96407,8.033583e-05
5618,111262,0.008091315
5619,73992,0.006556368
5620,57023,1.2936737e-12
5621,54828,0.005038059
5622,13882,0.0049005384
5623,109950,0.010903423
5624,7095,1.9407316e-11
5625,76697,2.3349665e-19
5626,51896,0.0029175638
5627,66049,4.7817523e-09
5628,30524,0.0077562737
5629,2278,3.8831947e-09
5630,16047,0.024776157
5631,2201,1.253743e-11
5632,79143,4.6773253e-06
5633,37309,1.6018514e-07
5634,55738,0.0006956626
5635,39485,0.010517384
5636,100410,0.013195704
5637,95940,2.0446689e-09
5638,102178,0.020287523
5639,108752,9.056741e-17
5640,93863,0.009567131
5641,3414,5.1060633e-06
5642,70338,0.036315333
5643,85966,3.2694397e-10
5644,91478,0.010517384
5645,39046,0.04016227
5646,42193,0.059635594
5647,76350,1.6484761e-06
5648,31104,0.00011297004
5649,80794,7.380946e-07
5650,68827,4.9014106e-06
5651,44136,9.3987865e-06
5652,65857,4.7817523e-09
5653,21370,4.0235007e-12
5654,61982,0.116498254
5655,55316,2.1982632e-20
5656,25910,0.0033909257
5657,55037,2.4748619e-05
5658,5573,0.05781429
5659,71888,0.00025526452
5660,10651,5.633436e-19
5661,17677,3.51701e-07
5662,101183,4.7891824e-09
5663,108528,4.925849e-17
5664,85131,2.4280403e-16
5665,68397,0.07777989
5666,10652,0.0018089174
5667,11971,7.331177e-11
5668,53731,0.00012665114
5669,82157,0.028968716
5670,109858,7.0716646e-09
5671,74155,1.2821204e-07
5672,57464,0.0077562737
5673,60070,4.4978e-25
5674,88089,3.1817583e-06
5675,24681,6.633525e-05
5676,65453,1.335728e-11
5677,19999,8.718771e-14
5678,93758,4.157837e-06
5679,94654,4.35946e-13
5680,75837,0.026748953
5681,43737,0.0509507
5682,81752,2.3244518e-20
5683,18824,1.7682844e-10
5684,41068,0.016494239
5685,43683,0.016525099
5686,58119,0.0077562737
5687,68761,1.914004e-06
5688,13917,0.026713273
5689,41482,4.8613657e-12
5690,16843,0.024776157
5691,38608,0.00016710038
5692,16358,3.1599676e-16
5693,64055,3.767106e-08
5694,94115,4.925849e-17
5695,50260,2.0792268e-05
5696,60755,0.00088066544
5697,35285,1.6274365e-32
5698,103501,4.717394e-18
5699,7716,3.3044465e-18
5700,67223,4.8702778e-11
5701,103327,5.7855976e-14
5702,61795,7.676843e-14
5703,86119,0.028968716
5704,95266,3.6648558e-17
5705,34968,0.22269486
5706,365,0.07058928
5707,29229,0.0509507
5708,50999,3.7434136e-11
5709,30476,0.0013152424
5710,42357,1.04842975e-17
5711,46386,0.0029201212
5712,73260,5.056774e-05
5713,28867,2.3586658e-17
5714,113634,3.60622e-10
5715,10765,4.694187e-09
5716,2887,0.0031490463
5717,51293,7.181568e-11
5718,93454,1.6104214e-06
5719,91590,0.042199478
5720,69158,1.7417603e-17
5721,87636,3.6813513e-15
5722,19215,0.00010323611
5723,13426,6.6126677e-07
5724,20821,1.7429367e-17
5725,57972,0.0038427904
5726,37865,2.9639735e-11
5727,27468,0.08138075
5728,1665,0.0032691674
5729,103895,2.0146429e-10
5730,48499,1.4278166e-10
5731,74759,4.6773253e-06
5732,90880,0.016539916
5733,5231,2.6693408e-06
5734,95324,0.034924332
5735,76453,4.868111e-16
5736,101714,1.2097908e-06
5737,3849,8.10543e-13
5738,91136,0.0039029391
5739,81951,0.026637876
5740,113117,4.4525036e-06
5741,42242,1.3747433e-09
5742,64760,1.1020418e-14
5743,65052,6.122069e-17
5744,10443,4.2213486e-08
5745,40758,0.0044080555
5746,82758,0.0038637838
5747,879,4.270872e-05
5748,49408,2.8954508e-15
5749,28912,1.2427635e-17
5750,37014,4.2249448e-14
5751,27140,0.019561075
5752,56515,0.047915254
5753,10798,1.7422733e-08
5754,30071,0.01568494
5755,6736,8.253011e-12
5756,41668,0.007200391
5757,23512,1.7289298e-11
5758,91844,0.016539916
5759,413,1.1788664e-10
5760,14668,4.908407e-16
5761,57666,0.0013494677
5762,21736,4.8989446e-15
5763,85212,1.4910642e-08
5764,29560,0.001341142
5765,105807,2.7175483e-07
5766,34786,2.7651777e-23
5767,89367,0.00046739265
5768,77344,3.677826e-16
5769,4552,3.8753093e-08
5770,17429,0.0577544
5771,46459,4.7627723e-06
5772,115756,2.2122992e-09
5773,52916,6.3140546e-21
5774,92273,0.021747567
5775,73219,0.0038987673
5776,15225,0.0145161245
5777,70056,0.0014779106
5778,113290,0.0013290688
5779,106757,3.1995715e-08
5780,63452,0.008047925
5781,46300,6.787938e-20
5782,22183,0.008079731
5783,20822,1.8424036e-18
5784,45833,4.1462426e-06
5785,14451,8.349303e-06
5786,42010,0.008079731
5787,80380,1.5686619e-13
5788,61295,0.047915254
5789,21937,0.024727335
5790,81986,0.044231094
5791,7618,0.011304136
5792,17923,2.6443191e-05
5793,65881,1.4993002e-08
5794,35508,1.7968237e-07
5795,76864,0.00046739265
5796,34569,4.701384e-12
5797,88019,6.1905743e-09
5798,89692,0.0007278738
5799,31278,0.003860181
5800,3570,7.959022e-08
5801,42450,4.4505073e-17
5802,90529,0.026802782
5803,95535,4.7647746e-27
5804,67269,3.868407e-18
5805,27272,0.00067453913
5806,87887,0.00011333938
5807,111846,0.006964409
5808,102269,0.0577544
5809,53439,0.0038427904
5810,33839,0.052758865
5811,2030,0.09416267
5812,13502,6.653599e-13
5813,106740,1.9883799e-05
5814,101747,1.2097908e-06
5815,46350,0.028968716
5816,65580,9.102237e-20
5817,82519,1.1459809e-15
5818,57918,6.3140546e-21
5819,24594,3.2241253e-08
5820,21688,2.9890523e-07
5821,56012,0.005038059
5822,77214,0.047915254
5823,3126,0.0031490463
5824,107453,0.024709625
5825,24977,0.0013571137
5826,87368,0.0074967635
5827,2314,1.7422733e-08
5828,79162,2.1093783e-07
5829,51691,0.0077562737
5830,22046,2.360987e-18
5831,10173,9.9162636e-11
5832,49910,0.0014372249
5833,91425,0.008089195
5834,4429,1.4423032e-08
5835,3672,8.0748765e-13
5836,107365,6.192106e-07
5837,102176,1.2403573e-10
5838,3163,5.8277827e-18
5839,61874,0.012100477
5840,35400,0.008028029
5841,62895,0.008078688
5842,82040,3.07153e-10
5843,83642,0.0008685237
5844,2842,6.630823e-12
5845,50302,0.008028029
5846,115469,1.2219546e-21
5847,13968,0.01568494
5848,91169,0.00953514
5849,1069,0.028322274
5850,68939,0.0038637838
5851,66372,2.2820108e-17
5852,13524,1.7802253e-05
5853,40826,0.0044080555
5854,1649,1.525603e-23
5855,7676,0.001702015
5856,92002,0.010517384
5857,37750,4.9561914e-11
5858,95041,0.0043147327
5859,62176,1.0104104e-08
5860,104621,6.1929815e-32
5861,24045,0.0013571137
5862,4296,1.4126063e-06
5863,68764,0.008089195
5864,114191,0.05590158
5865,98165,2.0808974e-08
5866,6151,0.0017362167
5867,16791,1.4991673e-10
5868,26495,6.054248e-05
5869,107222,1.6665166e-13
5870,15027,5.8898144e-07
5871,12419,9.895584e-13
5872,69274,0.0006456536
5873,29881,5.25498e-06
5874,109163,0.051038433
5875,81880,4.6773253e-06
5876,92072,0.0014779106
5877,47536,0.008079731
5878,109498,0.044290293
5879,62557,7.779686e-18
5880,93416,1.5699192e-13
5881,39247,8.047306e-10
5882,27964,0.010517384
5883,51225,5.0380747e-14
5884,45439,0.025853444
5885,11882,4.7591445e-08
5886,40497,0.01143294
5887,68220,9.777471e-11
5888,20791,0.00010323611
5889,5214,0.00037584107
5890,57236,1.6248352e-12
5891,37760,6.2163885e-10
5892,28110,8.1441885e-06
5893,12002,2.4000817e-24
5894,115147,1.447535e-14
5895,8080,1.083015e-10
5896,33632,0.016556531
5897,93877,0.0074967635
5898,6611,7.5609475e-12
5899,41166,0.024727335
5900,25638,2.3625546e-06
5901,87760,0.014266475
5902,3606,0.10519523
5903,67862,0.047915254
5904,2384,0.0031490463
5905,113335,4.436524e-09
5906,100825,0.00017535505
5907,9503,0.0032109774
5908,97547,0.05780216
5909,76951,1.1393133e-20
5910,27499,0.030200627
5911,41084,0.0077466764
5912,104735,0.0646341
5913,86367,1.0751655e-09
5914,84886,0.02471286
5915,98720,4.635101e-06
5916,72114,4.6773253e-06
5917,698,9.277598e-25
5918,30035,1.525603e-23
5919,29983,0.0029182504
5920,81153,0.032263808
5921,101204,6.9942787e-20
5922,97129,0.048003506
5923,57300,0.0034607893
5924,65102,9.734074e-08
5925,62614,1.5842449e-11
5926,113589,0.009710815
5927,3364,3.3405578e-09
5928,72474,0.0014779106
5929,100423,0.009567131
5930,80959,3.3779657e-15
5931,50424,2.226432e-14
5932,51965,0.0054120566
5933,78611,0.0077562737
5934,58156,0.0014779106
5935,72907,4.6773253e-06
5936,101781,1.7096988e-20
5937,53753,3.315796e-12
5938,54486,2.4215506e-13
5939,65573,1.989945e-14
5940,69166,1.5960533e-21
5941,94207,0.026802782
5942,4951,0.008123187
5943,21545,2.148747e-15
5944,82241,4.925849e-17
5945,11872,2.7246573e-14
5946,71077,2.199031e-06
5947,46343,6.193542e-19
5948,110188,0.048256118
5949,80394,0.047915254
5950,13161,2.3610981e-23
5951,26382,0.066782095
5952,97015,0.007883797
5953,111259,0.029542837
5954,15005,0.00019654755
5955,73501,6.317569e-22
5956,31636,4.0299445e-16
5957,91402,2.9195913e-11
5958,22310,0.0013641858
5959,18032,4.13649e-26
5960,4992,8.56465e-09
5961,34624,0.016494239
5962,4534,1.4445652e-07
5963,95298,0.048003506
5964,57707,1.4281331e-17
5965,73024,0.03348353
5966,102730,2.0695314e-05
5967,49674,3.9075276e-05
5968,37045,0.02734337
5969,98490,0.042376153
5970,3546,0.024806844
5971,104330,1.3598772e-18
5972,9839,0.059622005
5973,1023,0.007768419
5974,1341,0.0059622442
5975,19397,0.007768419
5976,70448,0.0043147327
5977,65597,4.7817523e-09
5978,40167,0.0034607893
5979,82912,0.010517384
5980,87746,1.9401238e-12
5981,60297,5.25498e-06
5982,96671,4.121632e-07
5983,59396,3.6581448e-13
5984,77956,0.0006456536
5985,27173,1.7151709e-07
5986,87551,0.000116006035
5987,48517,0.047915254
5988,90267,0.06907045
5989,94724,2.6522812e-06
5990,73218,0.023089577
5991,50751,6.4755677e-06
5992,9691,0.037877217
5993,32303,6.9819205e-17
5994,25537,0.20278355
5995,95949,4.6773253e-06
5996,72498,4.0971455e-21
5997,97322,2.4754374e-06
5998,75883,7.380946e-07
5999,38946,0.01036664
6000,41168,1.525603e-23
6001,61647,0.008047925
6002,16129,9.286147e-14
6003,61008,0.0034607893
6004,40273,0.00088066544
6005,64954,9.910365e-11
6006,6746,0.005646244
6007,64029,0.00037240595
6008,46510,0.005038059
6009,91058,0.00010323611
6010,94577,1.0085739e-15
6011,8807,1.2662554e-09
6012,33146,0.0077562737
6013,92231,4.7118502e-20
6014,41872,5.522825e-14
6015,102566,5.5755736e-15
6016,7171,2.7499163e-05
6017,113091,2.3786399e-05
6018,59526,1.9353433e-10
6019,69119,0.00031966768
6020,93335,0.016539916
6021,23081,4.034211e-28
6022,40175,0.0999307
6023,64789,1.2827914e-08
6024,95104,0.00010323611
6025,55617,0.020164473
6026,64048,7.472293e-05
6027,41687,1.7772809e-06
6028,41533,1.2640233e-05
6029,6055,3.9561e-09
6030,20436,7.6178055e-20
6031,20801,4.7026727e-13
6032,94767,9.464037e-12
6033,10628,3.9468195e-14
6034,43638,0.003860181
6035,4150,0.0031529434
6036,50998,0.0070778257
6037,66786,0.007883797
6038,84480,0.0577544
6039,61466,4.6773253e-06
6040,30191,0.022857659
6041,46560,6.787938e-20
6042,45715,0.039300192
6043,29314,0.0002633553
6044,103572,0.0008813529
6045,2550,0.0031490463
6046,46727,1.8559902e-10
6047,36465,4.892199e-09
6048,107674,0.0006456536
6049,50017,7.214573e-11
6050,62973,2.0459917e-20
6051,73187,0.0006942356
6052,76260,0.001341142
6053,84255,0.06268074
6054,34098,0.008028029
6055,5935,1.1376604e-17
6056,58326,5.6277786e-05
6057,42794,0.0019213055
6058,67859,1.4158924e-21
6059,13428,0.007763525
6060,49802,0.008028029
6061,105303,9.1453427e-07
6062,102816,0.013195704
6063,51090,4.1531422e-07
6064,96977,8.0077145e-09
6065,111836,0.06248945
6066,97370,0.0005574171
6067,72410,0.030200627
6068,93868,0.0042711473
6069,53690,3.4571125e-13
6070,68332,3.2481326e-10
6071,66732,4.087041e-06
6072,113444,4.436524e-09
6073,77744,0.016494239
6074,108421,1.2791036e-05
6075,108169,0.0038637838
6076,2634,1.3875447e-07
6077,65235,4.7876105e-17
6078,70721,0.0013494677
6079,70275,3.8619228e-16
6080,113031,4.6773253e-06
6081,83377,8.496023e-07
6082,85709,5.3310803e-05
6083,95089,0.042376153
6084,56745,7.2639973e-13
6085,17109,1.6760904e-08
6086,91428,0.028968716
6087,65099,8.473491e-10
6088,50333,0.01036664
6089,43036,0.0013631709
6090,23028,1.525603e-23
6091,29252,4.312412e-09
6092,33072,0.003860181
6093,72648,2.4609476e-16
6094,101450,2.1044769e-10
6095,73455,1.2534086e-18
6096,62204,5.1812396e-05
6097,106277,0.036684476
6098,105056,7.33054e-17
6099,55566,0.0045458595
6100,33063,0.016556531
6101,20380,0.008047925
6102,63400,0.0029160744
6103,81854,0.0014779106
6104,92449,0.008089195
6105,53344,0.0029175638
6106,95726,0.047915254
6107,114237,0.0013290688
6108,45373,0.059635594
6109,79711,6.120018e-08
6110,12634,1.8150142e-13
6111,7468,5.2289655e-14
6112,11766,1.4158456e-11
6113,104599,4.1376698e-13
6114,96897,0.015743928
6115,10075,6.879018e-12
6116,37539,1.5269247e-08
6117,20892,0.007768419
6118,37537,0.00038518925
6119,44161,0.0817255
6120,22437,1.9070056e-08
6121,100243,4.087041e-06
6122,61769,2.0762821e-16
6123,10047,0.0062888265
6124,18863,2.360987e-18
6125,82458,2.7439674e-12
6126,72626,4.6773253e-06
6127,34764,6.758326e-13
6128,57588,1.5349708e-10
6129,61215,0.07283948
6130,31245,4.730786e-06
6131,59182,0.0029160744
6132,45456,1.0314858e-07
6133,98704,1.1193517e-25
6134,71699,0.025401758
6135,51,2.8669853e-22
6136,71409,0.025592234
6137,86388,0.008089195
6138,85409,3.1542115e-08
6139,8364,0.00066842645
6140,90405,4.068633e-11
6141,46687,9.247027e-19
6142,38618,3.1662316e-15
6143,91440,0.008089195
6144,103144,0.029184973
6145,70489,4.6773253e-06
6146,27433,3.3809748e-12
6147,70062,0.00028509958
6148,76952,9.070051e-17
6149,11284,9.499276e-10
6150,86791,2.420952e-19
6151,24862,0.07186079
6152,99506,0.048119143
6153,51345,0.0509507
6154,61766,0.016494239
6155,89856,6.824668e-15
6156,66242,2.5509885e-16
6157,21420,1.3303138e-24
6158,44729,0.005038059
6159,40136,7.5714226e-20
6160,53562,1.411319e-06
6161,56611,2.4347448e-17
6162,97298,0.048003506
6163,88109,0.0039029391
6164,47664,0.00012725763
6165,29546,0.0509507
6166,27274,1.3268121e-16
6167,67349,1.9064957e-05
6168,34132,2.2788172e-05
6169,59289,0.0015276042
6170,75739,0.013391664
6171,93004,5.25498e-06
6172,66672,4.7891824e-09
6173,108773,0.0029152634
6174,91376,2.0898554e-15
6175,36501,2.4748619e-05
6176,47029,2.6234486e-05
6177,63347,2.7888326e-08
6178,20097,2.360987e-18
6179,50305,0.04734075
6180,84305,0.029361214
6181,50742,0.010837356
6182,5353,0.14297737
6183,97302,0.011852997
6184,75156,0.0029159163
6185,48503,0.06907045
6186,95887,1.36173e-11
6187,100956,0.028506143
6188,42522,2.1150058e-08
6189,71021,0.025684046
6190,114413,1.0604906e-14
6191,57703,0.0060755266
6192,86143,0.001341142
6193,70956,2.2907589e-17
6194,49607,0.008028029
6195,110273,7.0973404e-16
6196,81883,0.0029159163
6197,112642,6.4820715e-10
6198,83280,0.044725854
6199,7957,3.0354167e-07
6200,10157,1.2662554e-09
6201,97687,0.008091315
6202,72011,0.06193382
6203,35664,0.0509507
6204,77099,0.008028029
6205,51462,5.969326e-06
6206,43893,0.007791001
6207,92120,1.0008824e-21
6208,51681,0.0029175638
6209,95898,4.925849e-17
6210,32169,0.016556531
6211,69944,0.0007850549
6212,16644,0.008047925
6213,86434,0.0064024376
6214,77260,0.0577544
6215,75972,0.0509507
6216,99677,1.05570805e-13
6217,10072,0.03326309
6218,90200,0.029361214
6219,28959,0.0013494677
6220,108911,4.6796687e-09
6221,8660,1.9276075e-07
6222,59153,8.1123335e-19
6223,37692,6.7170215e-05
6224,93696,1.3142676e-18
6225,45427,6.787938e-20
6226,62867,1.9426651e-11
6227,2426,0.14297737
6228,103428,0.056061447
6229,58935,1.1731111e-17
6230,114437,5.2583937e-06
6231,102309,6.3407283e-06
6232,79393,0.001983117
6233,6123,0.0031529434
6234,92739,1.3011989e-16
6235,80974,3.6406836e-15
6236,115552,4.6773253e-06
6237,53353,8.211319e-17
6238,97901,1.2247351e-07
6239,1263,0.01036664
6240,44676,4.4123426e-22
6241,6937,6.465945e-10
6242,99428,0.0009877161
6243,59462,0.007883797
6244,52161,0.0038427904
6245,104543,7.3370043e-09
6246,59533,1.1394945e-15
6247,92346,0.027336922
6248,41403,0.0267177
6249,11814,1.0926745e-27
6250,63183,0.024776157
6251,108685,0.05590158
6252,36771,0.005038059
6253,57745,0.0509507
6254,62405,7.180525e-19
6255,41905,0.01568494
6256,74255,0.004700935
6257,99147,4.6805927e-11
6258,34378,1.1010348e-19
6259,95413,8.494115e-23
6260,71564,0.008089195
6261,42945,0.08138075
6262,115987,4.6773253e-06
6263,35506,0.024806844
6264,109475,0.0109907985
6265,48361,3.5088096e-06
6266,79603,2.4433148e-06
6267,10929,2.2604071e-21
6268,12190,4.8173325e-14
6269,30385,0.057819508
6270,82100,0.026459238
6271,77234,0.008028029
6272,81966,0.016494239
6273,8391,1.1344581e-09
6274,89632,1.4158924e-21
6275,62726,4.5409954e-21
6276,75984,3.5070032e-06
6277,7048,1.2662554e-09
6278,74935,0.16586275
6279,24412,3.164584e-05
6280,22771,1.7142184e-12
6281,115736,0.035686146
6282,21055,5.5617047e-14
6283,21940,7.5969186e-18
6284,98425,0.06282126
6285,51739,0.0038427904
6286,83540,0.042199478
6287,83853,0.0013393838
6288,98078,2.7050463e-19
6289,32229,2.5094918e-05
6290,90085,0.007950903
6291,111442,4.56204e-06
6292,1493,1.411319e-06
6293,24046,3.035064e-09
6294,84372,0.0001526028
6295,71598,2.5324283e-18
6296,77717,1.1393133e-20
6297,113102,3.3631758e-07
6298,54004,0.020619221
6299,23786,3.4830136e-05
6300,94196,2.2133279e-10
6301,26678,0.013614417
6302,100312,0.013691436
6303,109060,0.0014796258
6304,91441,0.027776225
6305,61794,0.0074967635
6306,17785,1.0708064e-24
6307,90597,1.821812e-13
6308,48719,0.04179281
6309,16303,1.6821028e-18
6310,11685,0.013076113
6311,26646,0.0014636422
6312,34572,0.024806844
6313,96547,1.3323519e-06
6314,95336,2.5129437e-16
6315,115491,0.008028029
6316,3258,0.0003531912
6317,21738,2.6331332e-14
6318,47822,0.047915254
6319,6344,4.9274855e-09
6320,26191,0.0014527701
6321,107973,0.021416616
6322,77520,1.7240069e-07
6323,101601,0.0029153784
6324,98544,1.4158924e-21
6325,2584,9.708579e-08
6326,65773,4.7817523e-09
6327,35368,7.720889e-16
6328,106079,7.6976116e-20
6329,76307,1.7084661e-13
6330,19229,9.729155e-08
6331,75171,4.767837e-09
6332,3237,0.05781429
6333,30800,3.3368646e-09
6334,41948,1.6625066e-17
6335,44825,0.0007487204
6336,62880,1.7714887e-06
6337,3747,1.3628851e-09
6338,95478,0.048003506
6339,111592,0.008091315
6340,20316,0.04179281
6341,16735,0.00040619675
6342,108258,0.05590158
6343,73140,5.071879e-21
6344,43161,0.005038059
6345,60865,0.016494239
6346,73690,2.8961697e-22
6347,95890,3.4365072e-14
6348,30626,0.008028029
6349,4128,0.024790043
6350,115289,0.15933236
6351,110797,0.017673109
6352,40698,4.496774e-16
6353,25369,2.005128e-25
6354,92864,1.7468849e-16
6355,20562,1.8707201e-08
6356,19644,2.6234486e-05
6357,90565,0.016539916
6358,57565,0.05738898
6359,84357,0.0014779106
6360,97336,5.89241e-07
6361,55192,2.720053e-07
6362,42127,0.016494239
6363,29254,0.00014549863
6364,73705,8.24797e-05
6365,59066,1.1414862e-09
6366,89063,0.07693402
6367,107815,1.1923006e-14
6368,102554,5.896143e-10
6369,75741,0.0509507
6370,83223,1.4158924e-21
6371,71193,0.010517384
6372,11931,1.8774631e-14
6373,114917,1.7434788e-13
6374,32927,1.22414585e-05
6375,77024,0.0015840689
6376,59983,6.00922e-11
6377,113500,4.436524e-09
6378,109574,0.008091315
6379,62040,0.0006456536
6380,79301,0.015743928
6381,79807,0.029361214
6382,78788,0.0077562737
6383,70785,7.023842e-15
6384,59403,0.07093826
6385,54895,2.7965797e-14
6386,34763,0.059635594
6387,6781,3.4578267e-12
6388,54280,0.00052319065
6389,37408,9.403816e-15
6390,52839,0.04177891
6391,98007,0.042376153
6392,77693,0.0043147327
6393,2001,6.695799e-07
6394,98686,0.000113770446
6395,5513,0.008123187
6396,51177,1.525603e-23
6397,44470,1.3407184e-06
6398,70184,0.0077935676
6399,52635,4.6773253e-06
6400,107069,0.004270969
6401,94957,0.0013104703
6402,6716,4.3939123e-09
6403,84645,4.6773253e-06
6404,89562,4.2147807e-17
6405,96089,0.0077935676
6406,25502,5.8905254e-09
6407,42970,4.7708803e-05
6408,68415,0.032263808
6409,40862,9.510142e-20
6410,70643,0.010517384
6411,89952,0.0077935676
6412,78802,8.450379e-10
6413,70697,2.3327347e-09
6414,27538,8.248553e-17
6415,1502,2.0604785e-08
6416,13759,2.2334282e-18
6417,103389,0.048256118
6418,64465,4.4513655e-13
6419,62732,1.0614765e-17
6420,38899,2.8023079e-11
6421,282,2.1952934e-08
6422,23155,3.0829713e-20
6423,110373,0.044290293
6424,81196,0.00071533193
6425,92724,0.0038637838
6426,92693,0.010517384
6427,91248,0.16019998
6428,85609,0.0577544
6429,70606,3.3776446e-06
6430,57351,0.24012622
6431,11049,4.886019e-08
6432,15471,0.0025815463
6433,110763,4.780815e-12
6434,57334,7.734347e-12
6435,20089,0.0066679553
6436,21475,1.1376604e-17
6437,17885,2.4204612e-06
6438,94950,0.010517384
6439,1870,8.348839e-10
6440,85948,0.044231094
6441,2637,0.0031490463
6442,113812,2.4221825e-10
6443,92207,0.010517384
6444,101173,4.7891824e-09
6445,66416,4.089727e-06
6446,69798,1.03977885e-17
6447,9232,5.1783747e-05
6448,19046,1.0307542e-07
6449,101437,0.042376153
6450,91821,0.026459238
6451,94284,0.000113770446
6452,92800,0.0049185366
6453,80395,0.010536521
6454,53357,1.2558654e-08
6455,50923,0.008028029
6456,22247,1.5907375e-10
6457,111192,8.461983e-08
6458,82832,0.016494239
6459,92498,4.6773253e-06
6460,86689,1.2342393e-19
6461,59760,4.7891824e-09
6462,31301,4.831882e-06
6463,90933,3.3776446e-06
6464,47538,0.00031525563
6465,10629,8.063747e-05
6466,104909,1.4204808e-05
6467,44641,9.0297773e-29
6468,53223,5.251697e-13
6469,36450,4.7918157e-08
6470,62021,7.259207e-20
6471,4346,0.00024039957
6472,91321,0.008089195
6473,66043,4.7817523e-09
6474,17138,3.3195285e-20
6475,57895,2.255569e-11
6476,99284,0.024709625
6477,33708,4.9895457e-09
6478,95338,0.010517384
6479,20371,0.01099087
6480,64832,0.00047763984
6481,42532,3.5088096e-06
6482,107985,0.04818268
6483,104594,4.6773253e-06
6484,85439,6.7252495e-07
6485,20151,5.0560247e-19
6486,73897,4.6773253e-06
6487,83759,0.0038637838
6488,106866,4.784341e-10
6489,86974,2.118035e-14
6490,67206,0.047915254
6491,110078,0.048256118
6492,65056,0.00050368113
6493,1657,6.0745464e-08
6494,96630,0.004029583
6495,15339,6.1588223e-09
6496,40392,0.007195014
6497,12164,3.7749894e-19
6498,44347,6.787938e-20
6499,108464,0.0021440734
6500,9274,3.074482e-19
6501,50287,3.095629e-12
6502,2525,0.0031490463
6503,100795,0.035745014
6504,57974,0.008028029
6505,112209,0.04818268
6506,113691,4.6773253e-06
6507,36344,8.047306e-10
6508,69247,2.9848668e-08
6509,66973,0.047915254
6510,110062,4.691421e-05
6511,50003,1.6915894e-16
6512,95640,2.6590478e-19
6513,46820,1.525603e-23
6514,28851,0.0013494677
6515,73171,0.0577544
6516,29749,2.5329375e-20
6517,114592,0.0403012
6518,109792,0.015585719
6519,43408,0.016525099
6520,71041,0.06139194
6521,103936,0.0002505195
6522,29146,5.25498e-06
6523,37764,0.0081708
6524,4567,0.024790043
6525,78937,0.008891696
6526,22599,3.5310215e-06
6527,85471,3.3776446e-06
6528,39962,0.034557663
6529,10725,7.760636e-08
6530,84134,0.0029160744
6531,7770,0.024790043
6532,52591,0.0014779106
6533,53746,0.008028029
6534,87430,1.9229628e-20
6535,29484,2.7684806e-16
6536,109036,1.4819566e-09
6537,47052,2.965008e-07
6538,53783,0.002805583
6539,41110,2.6234486e-05
6540,109110,3.005942e-20
6541,28024,4.0299445e-16
6542,92662,0.00079996244
6543,79076,1.0104104e-08
6544,61640,4.7891824e-09
6545,8646,0.00024160866
6546,97414,0.0029160744
6547,103678,4.499501e-09
6548,86323,0.013691436
6549,82220,0.0020921822
6550,88990,0.0014779106
6551,115348,2.2561703e-12
6552,108074,0.0014796258
6553,35383,1.3507977e-19
6554,42518,0.0072107604
6555,54971,0.0038427904
6556,93356,0.000846277
6557,14403,2.7638412e-06
6558,55876,4.879797e-12
6559,9692,0.012855764
6560,108538,0.004273326
6561,25215,0.008079731
6562,93178,0.039552744
6563,55753,0.018789941
6564,28349,1.3970357e-26
6565,14910,3.4751145e-17
6566,9393,0.00018325612
6567,35544,9.3074756e-11
6568,19385,0.007768419
6569,77611,0.0005190119
6570,109319,0.0018462657
6571,37850,7.57379e-28
6572,3508,0.0062888265
6573,52025,0.01568494
6574,26141,0.00019714536
6575,79725,1.5298044e-16
6576,88928,0.0077935676
6577,94646,4.8399644e-09
6578,71049,0.047915254
6579,22252,3.367649e-14
6580,30185,2.4932674e-21
6581,91372,2.1330362e-13
6582,52220,9.381834e-05
6583,17768,9.765262e-05
6584,11774,6.216882e-19
6585,26491,2.0206628e-05
6586,91243,4.6902963e-07
6587,6863,3.5908537e-13
6588,101736,0.013691436
6589,60787,0.042199478
6590,91867,0.016539916
6591,67109,0.0038637838
6592,92891,0.016539916
6593,58989,1.4158924e-21
6594,111768,0.04818268
6595,76191,0.0057258713
6596,33339,0.0021339823
6597,71522,1.915408e-12
6598,98584,0.0077935676
6599,112465,0.0029134771
6600,1828,0.0031490463
6601,83149,0.0006029512
6602,37967,0.005038059
6603,29899,7.257036e-08
6604,17543,0.0267177
6605,31608,0.003860181
6606,50339,0.005038059
6607,4236,4.1776314e-08
6608,75158,1.5384582e-18
6609,8457,1.8090189e-08
6610,34708,0.005038059
6611,44940,1.169936e-13
6612,37378,0.0054015
6613,28842,0.003860181
6614,93027,0.00025526452
6615,27637,5.273673e-08
6616,93353,0.047915254
6617,84541,6.7230125e-08
6618,372,1.4991673e-10
6619,87903,0.047915254
6620,90525,0.009092403
6621,75623,0.00042007194
6622,56639,0.042199478
6623,114039,2.7175483e-07
6624,2787,0.0062888265
6625,109749,1.5915205e-10
6626,17943,4.9976363e-11
6627,70842,0.010517384
6628,2880,0.036559373
6629,11844,8.3806266e-16
6630,18743,1.6916351e-08
6631,102981,1.3244607e-05
6632,50538,0.0004784279
6633,47796,3.952603e-15
6634,50955,6.3140546e-21
6635,99541,0.044904742
6636,104675,1.1826578e-12
6637,36706,4.299315e-12
6638,114169,0.042199478
6639,41729,0.01568494
6640,21970,0.024727335
6641,84612,0.0014779106
6642,72428,7.381581e-10
6643,86525,2.2133604e-11
6644,15622,0.00029532405
6645,49715,3.17756e-07
6646,11240,1.4158456e-11
6647,67482,0.0014849189
6648,38627,0.00088066544
6649,32380,2.6234486e-05
6650,64771,6.9819205e-17
6651,94065,0.016612984
6652,93203,0.008091315
6653,86575,7.629968e-11
6654,87285,0.0070778257
6655,7832,0.0032691674
6656,16482,0.00029983209
6657,18698,1.0307542e-07
6658,106909,0.0031249048
6659,95519,3.6049693e-07
6660,100059,0.032137424
6661,103493,1.6984517e-14
6662,78776,6.391479e-14
6663,4391,6.788994e-07
6664,4438,0.00037584107
6665,59729,6.77455e-05
6666,80587,0.033312056
6667,4091,5.906163e-09
6668,66920,4.7891824e-09
6669,49719,8.213329e-08
6670,50628,0.008028029
6671,105046,3.9840445e-15
6672,44427,0.005038059
6673,28251,0.0013494677
6674,11785,0.008038916
6675,92438,0.029361214
6676,26217,0.024727335
6677,5731,1.5437533e-07
6678,6067,7.669066e-12
6679,97748,8.0077145e-09
6680,49963,0.005695477
6681,14692,9.207264e-06
6682,56751,0.0006456536
6683,52571,0.0006456536
6684,67860,5.3204945e-22
6685,77550,7.6965557e-07
6686,86140,0.0019336094
6687,105232,2.0146429e-10
6688,19014,7.015136e-16
6689,82957,4.0641965e-11
6690,52372,1.11456085e-13
6691,96027,4.635101e-06
6692,21295,0.008047925
6693,114211,2.0823961e-06
6694,87872,2.39597e-20
6695,36012,0.04179281
6696,89909,1.330525e-12
6697,48053,1.2239123e-16
6698,76662,0.026748953
6699,112951,0.016556531
6700,25500,0.01568494
6701,94784,0.042376153
6702,29867,0.008028029
6703,98694,0.016539916
6704,94057,1.2540886e-07
6705,82501,2.3349665e-19
6706,22942,8.1309265e-18
6707,52269,0.00011085171
6708,10426,2.3357754e-07
6709,16052,0.025535604
6710,41680,6.4763147e-17
6711,19112,5.9244814e-18
6712,53238,0.016494239
6713,73971,0.0005574171
6714,80172,9.4025395e-12
6715,31737,0.036286853
6716,17905,1.11330925e-17
6717,45815,1.8685734e-08
6718,20366,0.0018549177
6719,2830,0.0062888265
6720,76100,0.00013066448
6721,50454,3.8623945e-16
6722,51674,0.008028029
6723,29157,1.7156097e-05
6724,9258,0.0032737528
6725,109634,0.025799757
6726,6701,4.856686e-08
6727,31114,0.024806844
6728,6371,0.0035321566
6729,62375,0.0014779106
6730,41946,0.19031109
6731,111831,0.026802782
6732,5248,1.3540469e-07
6733,18452,5.5463983e-10
6734,87942,0.016539916
6735,20652,4.62708e-21
6736,3383,0.0062888265
6737,49796,7.884741e-16
6738,42673,0.005038059
6739,112612,0.0009103137
6740,37272,0.010517384
6741,21413,0.027099127
6742,22525,0.11839662
6743,6343,1.1376604e-17
6744,69853,0.0020933005
6745,75999,0.0008783315
6746,49348,0.016494239
6747,77446,1.5171679e-07
6748,3084,0.0017362648
6749,78406,0.0021339823
6750,12721,1.8774631e-14
6751,47570,0.005038059
6752,62862,1.7699001e-22
6753,54998,0.020164473
6754,90193,0.0006456536
6755,61241,6.391479e-14
6756,51088,1.0620926e-16
6757,77907,2.8954508e-15
6758,97091,0.005038059
6759,24698,0.00088066544
6760,1474,4.5955835e-07
6761,90201,5.6403675e-05
6762,95043,0.0020933005
6763,109821,3.0854085e-19
6764,67957,9.927502e-19
6765,37345,4.0299445e-16
6766,339,5.186444e-10
6767,93650,8.644118e-08
6768,21570,0.010517384
6769,932,0.008801561
6770,14751,1.2377481e-10
6771,11297,1.1619814e-09
6772,30840,0.008028029
6773,88214,0.044260383
6774,45364,0.015318835
6775,91214,0.052883994
6776,69642,0.02471286
6777,39589,0.016494239
6778,54284,7.441589e-14
6779,73538,0.0074967635
6780,14760,0.000105094914
6781,112600,2.0334081e-22
6782,17139,1.0578567e-13
6783,36172,0.020164473
6784,95575,0.001341142
6785,18770,0.08138075
6786,75993,1.3672736e-26
6787,114133,0.005473203
6788,40561,0.003876337
6789,58821,1.9176415e-08
6790,27708,4.9895457e-09
6791,39793,0.03636212
6792,4167,0.0031529434
6793,81817,0.010517384
6794,50329,0.006556368
6795,106689,0.044290293
6796,98147,0.008091315
6797,19940,1.6342653e-12
6798,105522,0.008091315
6799,47916,0.0008140385
6800,109710,0.0351138
6801,38905,3.9864637e-14
6802,56495,3.0335138e-16
6803,89635,0.005038059
6804,40005,9.599052e-17
6805,99950,0.008091315
6806,112852,0.008058755
6807,107330,7.046673e-17
6808,14578,2.4889087e-11
6809,55562,1.22414585e-05
6810,112848,0.04818268
6811,86255,0.008089195
6812,11955,0.0038328238
6813,60767,0.00019118104
6814,77962,0.008028029
6815,72886,0.0014779106
6816,59913,0.004262849
6817,90711,0.016539916
6818,27126,7.742524e-12
6819,97922,1.5584527e-18
6820,67086,4.7891824e-09
6821,64200,5.425712e-05
6822,53927,0.026713273
6823,108629,3.9335944e-05
6824,63516,4.701855e-10
6825,10612,0.0053577055
6826,80798,0.050786518
6827,79226,7.0127203e-06
6828,46547,0.028322274
6829,58701,0.0032891957
6830,22300,1.7142184e-12
6831,47321,0.007791001
6832,58210,7.6068694e-17
6833,63055,1.1183923e-16
6834,75377,0.0029159163
6835,40769,6.9931866e-07
6836,42543,1.6219202e-10
6837,61280,5.071879e-21
6838,47494,0.008079731
6839,18245,3.7706605e-10
6840,36485,0.0019343164
6841,103084,0.0019022161
6842,101370,0.008091315
6843,53686,1.1414862e-09
6844,102310,0.009567131
6845,18229,1.1469746e-21
6846,32065,7.4580545e-05
6847,85973,0.016494239
6848,43259,3.431993e-11
6849,40684,5.101096e-05
6850,27191,3.566434e-19
6851,70741,0.00010323611
6852,83996,0.0013815863
6853,50761,0.016494239
6854,36521,0.0070778257
6855,15769,7.526486e-16
6856,71949,0.010517384
6857,15695,1.06676495e-07
6858,14129,1.0026585e-15
6859,44751,0.0817255
6860,46594,0.008079731
6861,8968,4.1791234e-11
6862,72429,0.0014779106
6863,107546,2.6123417e-15
6864,28654,7.1714618e-12
6865,111510,0.008091315
6866,86623,0.0014779106
6867,24398,0.005038059
6868,11301,0.00010170109
6869,35191,1.27885e-13
6870,100126,0.026802782
6871,76657,0.0014779106
6872,20857,2.6687057e-16
6873,71429,4.999032e-17
6874,109886,4.6773253e-06
6875,115551,0.048256118
6876,59172,0.0509507
6877,39833,9.3471745e-06
6878,87039,0.044231094
6879,89467,7.995597e-09
6880,88221,5.7096555e-19
6881,85866,0.044231094
6882,48414,2.258396e-31
6883,49562,9.742425e-21
6884,111205,7.794072e-08
6885,83371,0.005038059
6886,111310,2.5677611e-09
6887,46210,0.024727335
6888,59910,7.779686e-18
6889,68298,0.02471286
6890,20990,2.5184504e-10
6891,91457,2.3285958e-13
6892,106901,1.4003063e-11
6893,92558,2.7410535e-05
6894,34956,2.6234486e-05
6895,39478,8.20369e-05
6896,63142,1.7748225e-14
6897,33804,1.2040383e-21
6898,42720,4.959099e-13
6899,17396,0.003849625
6900,45217,6.255992e-05
6901,829,9.910379e-08
6902,80556,1.531907e-08
6903,63039,0.0065901084
6904,66274,4.7817523e-09
6905,80066,1.2859181e-14
6906,111458,0.06248945
6907,64669,0.001341142
6908,75669,1.6484761e-06
6909,80184,0.031783845
6910,12117,3.5678538e-09
6911,669,3.3166612e-09
6912,112404,0.0030388378
6913,61980,0.025853444
6914,85037,2.2666028e-17
6915,16760,0.0011196124
6916,84224,2.2258591e-10
6917,93136,0.028968716
6918,112211,5.231413e-06
6919,10561,0.024790043
6920,17117,0.00024039957
6921,100363,2.3190133e-13
6922,89056,0.008089195
6923,54601,0.05121239
6924,71655,0.0008937112
6925,1971,0.00010815006
6926,103086,0.0006456536
6927,27737,3.5193257e-06
6928,83736,1.8831713e-23
6929,112842,0.051038433
6930,98063,3.6669405e-09
6931,88619,0.023389323
6932,28088,0.008085171
6933,106567,2.1348415e-15
6934,27963,0.003860181
6935,106505,0.002418666
6936,8258,5.808649e-11
6937,49815,6.774026e-11
6938,44827,3.112181e-20
6939,43646,0.007791001
6940,97418,0.013304895
6941,22057,0.08703777
6942,108857,0.021416616
6943,50498,0.016494239
6944,108945,2.813642e-10
6945,112034,0.027997281
6946,22635,0.008079731
6947,93544,1.4158924e-21
6948,85536,0.028064068
6949,756,5.615778e-06
6950,66074,0.0005168762
6951,109570,0.0068923165
6952,78037,0.0136319995
6953,87494,0.047915254
6954,97155,0.005345043
6955,107124,0.0014796258
6956,22265,7.7949626e-16
6957,50211,6.3140546e-21
6958,21081,0.003713595
6959,65696,7.558704e-18
6960,100546,0.013304895
6961,46279,5.847358e-10
6962,65622,5.071879e-21
6963,29464,3.0829713e-20
6964,80999,6.164066e-16
6965,19009,2.7515357e-19
6966,96289,3.1013633e-11
6967,24709,0.004262849
6968,79011,3.1861083e-11
6969,48045,0.0072111264
6970,114879,1.595832e-16
6971,11828,9.551101e-06
6972,30417,5.68932e-14
6973,24229,0.016525099
6974,21482,1.0129818e-21
6975,1914,1.0082008e-07
6976,86204,3.9358077e-17
6977,98344,0.0006456536
6978,77483,0.08187375
6979,110908,6.9450405e-05
6980,109084,1.6294692e-08
6981,90527,4.057524e-09
6982,43771,0.3334028
6983,83045,0.011852997
6984,113789,1.4934103e-22
6985,102932,6.1357945e-09
6986,19456,0.008047925
6987,32984,1.6493353e-18
6988,90256,0.010517384
6989,28162,4.689728e-10
6990,94544,5.25498e-06
6991,55106,0.0006456536
6992,69232,0.08138075
6993,49125,0.7339775
6994,92905,0.02471286
6995,35190,0.0077562737
6996,31474,3.9864637e-14
6997,44663,5.665857e-09
6998,39531,0.003860181
6999,29786,1.5047883e-17
7000,26922,0.0001059785
7001,51786,0.0019213055
7002,72211,0.008089195
7003,5081,4.4018478e-09
7004,12545,7.329166e-18
7005,90713,1.0751655e-09
7006,114415,1.6044354e-20
7007,56240,3.1029646e-16
7008,67897,0.0077935676
7009,112208,1.4576451e-10
7010,88855,0.016539916
7011,48658,0.011149538
7012,73033,0.0014779106
7013,30420,0.008028029
7014,64791,0.0002980542
7015,21635,5.4572357e-13
7016,93786,0.008091315
7017,32205,0.0077562737
7018,77872,1.3309412e-12
7019,81106,0.016494239
7020,35305,3.5088096e-06
7021,18206,1.4465477e-13
7022,33653,8.70706e-24
7023,22961,0.0577544
7024,76287,0.0509507
7025,10862,0.0047850152
7026,26717,1.3249798e-18
7027,16213,4.7030366e-11
7028,72892,0.0013494677
7029,96593,2.886251e-07
7030,64402,5.2058784e-14
7031,115651,1.1792616e-11
7032,69830,0.030188166
7033,92542,0.008089195
7034,6107,0.010850398
7035,41843,6.8591085e-05
7036,97492,1.8102333e-16
7037,65424,3.1910665e-14
7038,92451,0.0009787552
7039,110780,0.008091315
7040,961,0.008460542
7041,114621,7.0323816e-11
7042,82523,0.047915254
7043,80851,0.026748953
7044,32979,0.016556531
7045,47728,0.12165184
7046,100744,0.037207283
7047,5030,3.8974176e-07
7048,56420,3.6395172e-06
7049,43914,0.016556531
7050,97583,0.06282126
7051,32665,4.270797e-09
7052,27027,0.010517384
7053,24175,0.012844041
7054,55670,0.9999931
7055,81306,0.06727911
7056,28813,0.010517384
7057,74104,0.0077935676
7058,105482,0.005038059
7059,28919,0.006616753
7060,56998,0.008028029
7061,97575,0.037106685
7062,15566,9.552728e-07
7063,39563,1.1469746e-21
7064,23076,1.1005994e-24
7065,9599,5.7731747e-10
7066,62617,1.411319e-06
7067,111129,9.990122e-09
7068,5320,0.013573701
7069,65656,0.0029160744
7070,27559,1.9532988e-11
7071,29338,0.0077562737
7072,76644,0.008089195
7073,104085,1.8692664e-14
7074,37255,0.008079731
7075,50552,0.025576562
7076,64651,3.3272467e-14
7077,100810,5.0947514e-05
7078,33527,3.7373095e-17
7079,26911,6.024015e-14
7080,112387,0.001451424
7081,9221,0.008123187
7082,19810,8.047306e-10
7083,92866,0.0038637838
7084,80635,0.005038059
7085,78038,0.0020933005
7086,89911,0.00018775302
7087,66363,4.463904e-05
7088,21337,3.910654e-15
7089,1641,3.544072e-18
7090,30373,0.010517384
7091,55414,1.3747433e-09
7092,86401,3.3776446e-06
7093,34746,0.8940471
7094,37058,5.8082945e-11
7095,113816,6.222989e-16
7096,48266,0.0007850549
7097,7580,1.34419995e-08
7098,52974,2.1276797e-14
7099,87500,1.4284658e-09
7100,35802,0.016494239
7101,78710,1.8758328e-12
7102,65189,4.8702778e-11
7103,2148,4.6192977e-08
7104,30312,7.6909254e-26
7105,85798,9.681248e-08
7106,78015,1.3491582e-06
7107,55898,0.026459238
7108,89322,0.0007850549
7109,8196,2.3393647e-09
7110,41421,8.1769995e-06
7111,41451,2.9235872e-22
7112,96223,0.047915254
7113,47249,0.020164473
7114,115126,0.020315628
7115,104463,0.029135652
7116,49091,3.3401146e-15
7117,4770,0.001702015
7118,3520,0.14031051
7119,32645,0.024806844
7120,110207,0.040500082
7121,16434,5.2756505e-21
7122,25155,0.024727335
7123,99440,1.4204808e-05
7124,84979,0.005326922
7125,24637,0.028968716
7126,95270,9.891324e-12
7127,94632,0.0014779106
7128,85602,0.020164473
7129,102021,7.6391204e-09
7130,31521,9.191503e-10
7131,1059,1.0899707e-08
7132,39393,0.024727335
7133,25939,1.3411616e-17
7134,13754,2.1595481e-12
7135,89529,4.6773253e-06
7136,114729,4.4112903e-06
7137,47468,0.03636212
7138,85423,1.48285e-06
7139,107873,0.0012993613
7140,103869,0.0014796258
7141,74243,0.016494239
7142,65779,5.425712e-05
7143,47016,0.026713273
7144,88404,0.007883797
7145,3478,0.0062888265
7146,88151,0.047915254
7147,41061,0.008079731
7148,62942,0.044231094
7149,96642,1.2342393e-19
7150,4904,0.00037584107
7151,3711,1.4423032e-08
7152,29953,0.0007835355
7153,28220,0.006983701
7154,37271,0.0013494677
7155,11217,0.009124947
7156,107085,4.995124e-17
7157,35749,1.41463405e-14
7158,34312,4.7056687e-06
7159,106406,3.5453516e-07
7160,51678,0.0005569227
7161,108091,0.0029152634
7162,46227,6.29524e-08
7163,2038,1.7422733e-08
7164,51695,9.603888e-09
7165,91335,0.008089195
7166,100100,3.2371838e-11
7167,36761,2.0906904e-17
7168,33246,0.0001437159
7169,54452,1.233488e-16
7170,48377,1.2550596e-25
7171,79088,1.139074e-13
7172,58464,0.0043147327
7173,20885,1.0129818e-21
7174,6968,3.3739987e-08
7175,26965,9.4827114e-14
7176,38913,0.046341725
7177,85425,1.0620926e-16
7178,94877,0.044904742
7179,102078,0.0029168383
7180,70043,0.00010323611
7181,59098,4.6601906e-12
7182,71197,0.008089195
7183,65867,2.08252e-13
7184,21901,8.9833306e-13
7185,33781,0.0509507
7186,109515,0.02283054
7187,36287,0.024806844
7188,114236,0.061606772
7189,40328,0.014581853
7190,109479,3.1073405e-13
7191,102443,9.529582e-10
7192,22415,0.059635594
7193,67868,0.0038637838
7194,40722,6.144789e-09
7195,97750,3.9285476e-07
7196,100229,0.016539916
7197,97056,4.6773253e-06
7198,105547,3.7420875e-10
7199,7170,1.0340126e-08
7200,37694,3.1801737e-09
7201,39763,1.1877124e-06
7202,1628,9.8240635e-17
7203,39526,0.005038059
7204,46183,1.04254e-08
7205,106530,0.008091315
7206,57071,4.7190933e-15
7207,4771,6.439078e-07
7208,109529,0.048256118
7209,39628,3.0829713e-20
7210,1442,8.37228e-10
7211,58968,0.004262849
7212,25628,0.0013494677
7213,47317,6.787938e-20
7214,17623,0.016494239
7215,65008,4.0965125e-07
7216,73491,0.005827817
7217,11360,7.170901e-07
7218,38387,8.061159e-11
7219,10106,2.1201826e-05
7220,17048,5.3364726e-14
7221,26343,3.1778948e-16
7222,8904,2.2267943e-09
7223,84343,0.02471286
7224,16978,2.2499689e-16
7225,40867,0.00052449136
7226,115516,0.0014796258
7227,56135,0.0403012
7228,63945,0.0020933005
7229,59132,2.300004e-18
7230,112964,0.0077562737
7231,21588,1.2230236e-19
7232,9068,2.2967657e-07
7233,102763,4.6773253e-06
7234,67192,0.0038637838
7235,113158,0.010464814
7236,56954,1.3197258e-07
7237,102407,0.015695691
7238,43791,1.8141627e-07
7239,13839,8.5986414e-14
7240,96470,4.6796687e-09
7241,36216,1.0014346e-09
7242,16950,0.008047925
7243,114078,3.963046e-10
7244,40776,0.027256053
7245,242,0.00037584107
7246,82620,0.044725854
7247,9268,0.0076018325
7248,23,1.0416098e-08
7249,71980,7.423923e-22
7250,57654,4.5374707e-10
7251,36514,0.008028029
7252,96862,4.6773253e-06
7253,51443,0.00527734
7254,114886,0.00019756462
7255,95510,1.7417603e-17
7256,66867,1.03977885e-17
7257,11234,0.00330176
7258,75283,7.088646e-11
7259,96177,0.0014779106
7260,66464,9.102237e-20
7261,81198,0.015734917
7262,25399,0.007355757
7263,110226,9.836406e-16
7264,78900,0.0014779106
7265,32285,0.024806844
7266,27405,0.0013494677
7267,8497,5.614307e-09
7268,112466,2.7175483e-07
7269,50583,3.0829713e-20
7270,106760,3.311691e-10
7271,88373,0.016539916
7272,94016,0.032137424
7273,110071,3.5446666e-18
7274,70162,0.06248945
7275,71481,4.925849e-17
7276,82328,5.3411013e-12
7277,95520,1.5002836e-09
7278,40327,0.010517384
7279,111405,0.008091315
7280,1386,2.2164388e-06
7281,112526,0.0039097727
7282,102983,0.047915254
7283,64311,0.0029160744
7284,89794,0.005038059
7285,35559,0.024806844
7286,6271,0.0031529434
7287,61377,6.3193184e-10
7288,97929,0.007889245
7289,5203,0.0048364326
7290,3966,0.1237788
7291,15367,2.0604785e-08
7292,59285,0.0010755223
7293,47258,0.09374211
7294,56879,2.5722644e-14
7295,106974,0.008091315
7296,38215,3.6807045e-08
7297,75056,2.6590478e-19
7298,107738,2.537292e-18
7299,82240,4.0850695e-12
7300,71022,0.0014779106
7301,115760,0.013195704
7302,15220,1.1609499e-30
7303,78396,0.0006456536
7304,3985,1.4423032e-08
7305,88168,0.05780216
7306,55142,1.535021e-13
7307,37263,0.02880621
7308,80830,4.6773253e-06
7309,64565,3.0118662e-19
7310,38176,0.003860181
7311,84390,0.004262849
7312,52861,0.0006456536
7313,109921,0.0011411845
7314,184,2.6834411e-20
7315,114684,6.190233e-05
7316,40229,0.005038059
7317,91279,0.0038637838
7318,33181,1.914004e-06
7319,97970,0.00047547166
7320,65542,4.7817523e-09
7321,70427,0.06193382
7322,103273,2.4612439e-12
7323,25682,0.008079731
7324,94302,5.0596762e-17
7325,104433,0.0077935676
7326,99883,0.040500082
7327,43663,6.466677e-20
7328,110416,0.0048150187
7329,51588,0.0038427904
7330,4832,0.0031529434
7331,85436,0.0052435203
7332,65134,1.09982905e-13
7333,79360,4.020501e-16
7334,2319,2.7051335e-08
7335,88485,4.6773253e-06
7336,56795,0.0072111264
7337,80767,0.0014779106
7338,76868,0.005038059
7339,85067,3.3776446e-06
7340,9278,0.036559373
7341,38485,0.010517384
7342,44750,0.08309375
7343,79491,4.607723e-13
7344,110073,0.0077935676
7345,64776,1.2534086e-18
7346,87206,1.0368187e-05
7347,36659,0.008079731
7348,13039,1.4939211e-17
7349,11681,8.56465e-09
7350,64518,1.1393133e-20
7351,70252,0.047915254
7352,9099,6.4791232e-12
7353,115213,1.3618273e-05
7354,92647,0.0038637838
7355,84710,0.010517384
7356,108021,3.0854085e-19
7357,103127,0.004270969
7358,43214,0.007791001
7359,41223,0.025853444
7360,50515,6.847576e-19
7361,94551,0.0015538713
7362,65408,4.092111e-06
7363,106048,2.7175483e-07
7364,62160,1.8380798e-10
7365,38765,9.724069e-05
7366,62092,2.7410535e-05
7367,99092,0.055597
7368,79331,0.048119143
7369,17285,0.004262849
7370,69668,7.0503465e-06
7371,74051,3.868407e-18
7372,96551,0.0039042355
7373,36137,0.0006956626
7374,16987,2.2499689e-16
7375,1902,0.013572928
7376,66905,1.971717e-09
7377,46898,2.6486251e-08
7378,99223,0.055597
7379,42420,0.007791001
7380,39276,8.529945e-12
7381,75526,0.0403012
7382,100208,0.0053713806
7383,21445,1.9895929e-17
7384,43383,8.047306e-10
7385,115136,0.043045577
7386,8441,0.013130239
7387,82587,0.0038637838
7388,3329,0.0017362648
7389,36186,1.6465808e-19
7390,17724,5.8394387e-12
7391,8855,8.279167e-08
7392,58795,0.0072111264
7393,110617,4.499501e-09
7394,54524,6.6066286e-14
7395,20802,0.01036664
7396,44361,1.7522446e-08
7397,11468,6.4791232e-12
7398,17454,1.6342653e-12
7399,77580,0.010517384
7400,52479,0.0013494677
7401,71274,0.0005574171
7402,42541,5.186495e-13
7403,54800,0.008028029
7404,6450,3.251704e-07
7405,33625,0.05106865
7406,36891,0.008891696
7407,115709,4.6773253e-06
7408,9064,1.1438781e-11
7409,76150,7.423923e-22
7410,85811,8.997062e-10
7411,45819,0.007791001
7412,87931,0.000722035
7413,50605,5.8632867e-09
7414,98301,0.030200627
7415,19883,3.3770108e-16
7416,51879,1.8632837e-09
7417,54234,0.00022721272
7418,7199,6.6758564e-17
7419,29542,9.158228e-08
7420,22576,7.8811944e-08
7421,114460,4.4112903e-06
7422,70981,0.0038637838
7423,74853,2.8115956e-08
7424,43508,1.8591244e-06
7425,91202,0.0074967635
7426,66610,0.001341142
7427,86359,2.6193181e-14
7428,111191,0.00081616663
7429,104635,0.040529314
7430,27763,0.009132841
7431,76345,3.2554448e-14
7432,44285,0.003860181
7433,18637,0.0065901084
7434,36977,1.4212852e-17
7435,4419,0.013573701
7436,34354,0.0038427904
7437,45069,0.007791001
7438,29019,0.024806844
7439,27705,3.0810104e-11
7440,427,3.613074e-08
7441,58261,0.047915254
7442,103240,4.5729557e-06
7443,89113,0.0077935676
7444,102861,6.580527e-12
7445,23846,0.051028132
7446,52756,0.123743504
7447,26449,0.00010568342
7448,112448,0.03567427
7449,46813,0.0034809986
7450,20531,3.1170685e-10
7451,20749,0.11969394
7452,18759,1.6342653e-12
7453,98145,1.3944746e-11
7454,34806,0.0006956626
7455,45788,0.00015267616
7456,69371,5.25498e-06
7457,9422,0.006396474
7458,3786,0.0031529434
7459,64144,2.2820108e-17
7460,109167,0.0038637838
7461,24810,3.7368997e-15
7462,17273,1.7790374e-08
7463,22486,8.987812e-15
7464,113441,1.8102333e-16
7465,56005,0.029361214
7466,17235,2.7716004e-14
7467,40510,0.04792217
7468,92708,0.0014779106
7469,7282,1.2530886e-10
7470,62795,0.013391664
7471,65493,8.7752275e-14
7472,105334,0.005038059
7473,114902,4.3543147e-10
7474,43461,0.0072107604
7475,76555,0.009455685
7476,93288,0.0007850549
7477,88936,1.0456544e-16
7478,78168,0.00018156727
7479,24144,0.0013571137
7480,103735,4.6773253e-06
7481,114216,0.042199478
7482,47003,0.025592234
7483,85542,0.008089195
7484,86228,8.7285593e-13
7485,35744,0.0029175638
7486,7141,0.00037575368
7487,37047,6.739028e-10
7488,55380,0.03635928
7489,100570,0.0008937112
7490,35638,0.027946135
7491,593,4.2541565e-12
7492,103202,2.7175483e-07
7493,105774,1.595832e-16
7494,79862,0.06139194
7495,3437,6.465945e-10
7496,9214,0.0032691674
7497,46005,0.00031525563
7498,75646,0.0051958784
7499,104541,0.0013521822
7500,98378,0.0020933005
7501,104688,3.9711404e-11
7502,60724,0.032263808
7503,95539,2.6590478e-19
7504,31462,4.2541322e-16
7505,114692,0.004732071
7506,102702,0.007883797
7507,385,4.9982627e-12
7508,67601,0.0043147327
7509,87071,0.0069352677
7510,115184,1.5988364e-08
7511,32667,0.0509507
7512,13458,8.349303e-06
7513,1487,6.877634e-06
7514,39813,0.0001497607
7515,47554,2.2378419e-14
7516,60603,2.3914865e-06
7517,24664,2.023507e-11
7518,53242,3.6358463e-19
7519,92407,4.6773253e-06
7520,100029,0.008091315
7521,112033,0.04818268
7522,111733,0.0029152634
7523,100542,0.05780216
7524,28809,0.026713273
7525,31757,0.003860181
7526,104598,1.3601421e-10
7527,71221,4.6773253e-06
7528,61522,0.008047925
7529,83937,0.032263808
7530,99390,2.012854e-09
7531,10879,0.013076113
7532,19264,1.935102e-05
7533,6817,6.774433e-13
7534,56616,0.00031123954
7535,73844,9.317581e-06
7536,100110,0.0077935676
7537,34539,3.0829713e-20
7538,58435,0.032263808
7539,36219,5.25498e-06
7540,82023,2.2687427e-14
7541,94109,3.410102e-14
7542,115079,7.0127203e-06
7543,45001,3.7300335e-16
7544,18962,2.7062558e-10
7545,8410,0.008079731
7546,86837,2.5525558e-16
7547,53239,0.02283054
7548,74913,0.015734917
7549,49994,1.3992511e-05
7550,73746,3.868407e-18
7551,79934,4.766764e-09
7552,111754,0.04818268
7553,51671,2.505222e-14
7554,16783,0.059635594
7555,59354,0.0005574171
7556,84284,0.06566771
7557,18584,1.4991673e-10
7558,96617,1.2823262e-16
7559,51360,0.06907045
7560,78459,0.001565089
7561,48109,2.2847406e-14
7562,9613,0.013573701
7563,56619,0.0509507
7564,91901,0.0038637838
7565,65757,1.2298633e-06
7566,58636,0.016494239
7567,107723,7.220165e-05
7568,111686,2.5349396e-05
7569,15356,2.0604785e-08
7570,52896,4.6773253e-06
7571,33644,0.008079731
7572,95328,0.015743928
7573,11305,1.8001985e-10
7574,70646,0.006891227
7575,68963,4.0971455e-21
7576,23835,6.432953e-10
7577,42121,0.016494239
7578,42821,0.024727335
7579,26818,0.0509507
7580,73273,0.048278984
7581,76530,0.0577544
7582,66440,4.7817523e-09
7583,12098,5.3377725e-15
7584,60151,0.047915254
7585,5769,0.00037584107
7586,74774,0.0403012
7587,82980,0.02471286
7588,7576,2.1454599e-10
7589,28564,1.8603236e-15
7590,42583,0.057786684
7591,25270,0.007727077
7592,70316,0.01590463
7593,105772,0.013547115
7594,29391,2.096718e-06
7595,108595,0.024709625
7596,83334,1.0568006e-12
7597,91717,0.047915254
7598,19065,1.3303138e-24
7599,66977,6.7473935e-16
7600,53729,0.0043147327
7601,47397,1.8460604e-12
7602,3026,0.0031490463
7603,91105,5.6713217e-11
7604,15501,0.01011391
7605,62593,0.0014779106
7606,64185,0.0029160744
7607,111229,4.624479e-09
7608,27351,7.0597515e-09
7609,40486,4.727957e-23
7610,50362,0.22269486
7611,29041,0.008028029
7612,63803,2.4173086e-10
7613,115046,1.4204808e-05
7614,43080,8.20369e-05
7615,92761,3.1936465e-15
7616,30410,0.00013876893
7617,83460,1.3323519e-06
7618,27543,0.003860181
7619,23827,1.7452755e-13
7620,31214,0.006983701
7621,40516,0.0022253194
7622,51973,0.123743504
7623,63536,5.1310204e-13
7624,48276,0.008089195
7625,38106,0.0022663309
7626,71090,3.0917905e-14
7627,48458,0.0006456536
7628,61499,3.3368646e-09
7629,58175,0.0065901084
7630,66382,1.6140733e-20
7631,47886,4.7817523e-09
7632,67867,0.0006456536
7633,41767,1.9231054e-05
7634,24063,0.008079731
7635,92342,4.390186e-12
7636,60538,0.00057854626
7637,12468,6.1167855e-12
7638,80290,0.026802782
7639,20161,1.188113e-09
7640,46107,0.03800975
7641,22848,8.20369e-05
7642,95446,4.6773253e-06
7643,107407,2.3899446e-07
7644,73680,4.6773253e-06
7645,49508,2.8770122e-28
7646,36876,2.8954508e-15
7647,9321,0.0025513505
7648,48365,0.013391664
7649,37442,6.2045554e-21
7650,86898,1.2342393e-19
7651,38393,0.0509507
7652,105737,1.6301755e-11
7653,4525,3.5220046e-07
7654,57603,0.029672049
7655,103056,1.4206693e-05
7656,102825,1.4158924e-21
7657,9992,0.00039573116
7658,85876,3.163388e-19
7659,53117,0.13628653
7660,85729,0.008089195
7661,103620,0.009710815
7662,112995,2.5946113e-17
7663,37078,1.834697e-05
7664,70434,2.0800202e-12
7665,96002,4.573817e-14
7666,47997,3.1322805e-16
7667,101442,0.024709625
7668,102735,0.0109907985
7669,13787,0.0665401
7670,58268,0.0006456536
7671,73386,5.6403675e-05
7672,30689,0.003860181
7673,107701,3.3776446e-06
7674,78969,1.8718628e-15
7675,63507,1.600906e-06
7676,113454,0.0029129926
7677,91408,0.016539916
7678,78161,0.0038427904
7679,9649,6.847735e-11
7680,113976,2.595884e-06
7681,56928,1.5285599e-07
7682,59336,0.00712693
7683,18563,0.00037575368
7684,81692,2.4105763e-11
7685,77578,2.0028853e-13
7686,73185,0.0577544
7687,105798,2.7175483e-07
7688,35237,0.059635594
7689,89796,0.016539916
7690,21160,0.000225572
7691,64134,2.39597e-20
7692,115715,0.0014796258
7693,77970,0.0008937112
7694,68377,0.030200627
7695,67524,0.004700935
7696,56844,0.047915254
7697,72990,3.525784e-27
7698,86579,3.3387463e-05
7699,98713,0.048003506
7700,26984,1.1183923e-16
7701,33111,0.0066678915
7702,37630,0.023405334
7703,112745,0.00049185875
7704,109701,0.04616737
7705,13130,0.008038916
7706,111311,0.00024044586
7707,94672,2.5677619e-16
7708,106323,1.4920292e-11
7709,5219,0.078709215
7710,73804,0.020338738
7711,22814,1.0506611e-07
7712,39963,2.6234486e-05
7713,46003,0.003860181
7714,113681,9.927502e-19
7715,95842,0.008091315
7716,115023,0.06282126
7717,96402,0.047915254
7718,33689,0.0066678915
7719,24861,2.3848235e-08
7720,52788,0.00846725
7721,65359,1.02233884e-07
7722,54946,0.031797543
7723,55046,0.08138075
7724,77659,5.5763154e-16
7725,6558,2.0668847e-10
7726,81327,1.3350645e-13
7727,75407,5.6107357e-15
7728,30578,5.349898e-06
7729,971,5.600103e-17
7730,26334,4.7056687e-06
7731,65196,2.5313337e-13
7732,2519,0.0048364326
7733,36492,0.010384085
7734,45527,0.008079731
7735,30599,0.008028029
7736,60059,1.2118958e-12
7737,9752,6.4791232e-12
7738,78571,4.7056687e-06
7739,35493,2.588567e-20
7740,75301,0.0403012
7741,35839,0.0077562737
7742,53428,3.6358463e-19
7743,96219,1.0955899e-16
7744,53177,0.00050439074
7745,88419,8.4012036e-17
7746,106717,0.0037277406
7747,10852,7.7675874e-18
7748,71521,1.898198e-12
7749,18644,1.3075564e-11
7750,97365,6.122069e-17
7751,1129,0.03092738
7752,24194,2.8668357e-12
7753,111469,1.078024e-09
7754,56800,0.0006456536
7755,46024,0.0006594204
7756,102115,0.047915254
7757,3358,1.4524401e-08
7758,10858,2.5969163e-07
7759,113214,4.6668468e-11
7760,7849,9.202981e-09
7761,67177,0.02471286
7762,69305,4.6773253e-06
7763,17301,7.120901e-10
7764,727,0.0062888265
7765,104938,0.04818268
7766,103379,0.0070778257
7767,20200,0.016494239
7768,52028,5.031569e-12
7769,65929,0.001341142
7770,80490,2.6590478e-19
7771,95788,0.0077950275
7772,67116,0.00035675731
7773,52676,0.016494239
7774,70804,0.0013494677
7775,31625,0.00026020233
7776,16819,1.02036167e-22
7777,26248,3.382827e-05
7778,36667,0.0013641858
7779,53026,0.0029175638
7780,36531,0.039593685
7781,10653,3.1911833e-07
7782,103459,4.0894893e-06
7783,41204,0.026713273
7784,48220,0.0014779106
7785,60526,0.011852997
7786,53132,0.010517384
7787,4948,8.8953994e-10
7788,30606,1.3085088e-05
7789,102241,0.00046739265
7790,23357,0.04179281
7791,44812,0.010517384
7792,5532,4.3023807e-13
7793,25459,4.5267345e-10
7794,1497,4.2274483e-12
7795,59511,3.7132732e-20
7796,105549,1.0377195e-07
7797,8564,1.9739271e-19
7798,83802,0.0049185366
7799,21358,6.7136854e-05
7800,94028,0.006648282
7801,114644,2.648261e-16
7802,104235,0.029305182
7803,10032,1.5084206e-17
7804,25326,2.3875457e-15
7805,74744,1.800574e-20
7806,33994,9.992431e-05
7807,44605,0.01568494
7808,6354,5.095689e-08
7809,34398,0.0038427904
7810,69849,1.2290613e-12
7811,32614,1.1183923e-16
7812,60269,0.007883797
7813,80349,0.0038637838
7814,45460,1.5883482e-18
7815,109685,0.010903423
7816,103502,4.6773253e-06
7817,17676,9.036417e-09
7818,85271,0.00020048891
7819,50727,2.5712015e-09
7820,40652,0.012510901
7821,43444,4.7627723e-06
7822,18984,6.0891816e-17
7823,100031,5.57174e-10
7824,87342,1.4361864e-16
7825,98841,0.026623527
7826,69901,1.0620926e-16
7827,36299,2.4347963e-13
7828,13840,0.0012451409
7829,85952,1.4158924e-21
7830,68676,1.5316548e-17
7831,1594,3.1326515e-08
7832,1707,0.008038916
7833,75372,3.363562e-06
7834,73704,3.868407e-18
7835,37882,0.01568494
7836,81471,0.0008937112
7837,85691,0.02471286
7838,19665,2.673271e-08
7839,100871,0.010536521
7840,63528,1.3443511e-12
7841,90811,0.0038637838
7842,108761,0.0006485849
7843,49391,0.008028029
7844,77742,0.02035345
7845,29685,0.003860181
7846,48816,3.868407e-18
7847,96146,7.131173e-11
7848,105655,0.0014796258
7849,32395,1.5286838e-07
7850,68174,0.00019118104
7851,98331,3.5875247e-14
7852,102010,1.2860653e-06
7853,49514,4.051911e-08
7854,35338,0.053069074
7855,77688,2.9833372e-11
7856,35195,2.8239469e-15
7857,14153,0.010517384
7858,35170,7.146488e-08
7859,14923,9.855364e-06
7860,68428,0.029361214
7861,78736,2.0716709e-15
7862,32954,0.003860181
7863,58357,0.026713273
7864,3487,0.37385133
7865,85789,0.0001526028
7866,9046,1.2267808e-11
7867,48918,1.4212852e-17
7868,63402,0.008047925
7869,75103,4.767837e-09
7870,51124,3.6358463e-19
7871,86979,0.0038427904
7872,30899,1.0576082e-25
7873,5528,0.08595798
7874,62227,0.0077871648
7875,69016,3.8685968e-19
7876,9171,1.9441075e-14
7877,17561,1.6342653e-12
7878,81544,0.028806305
7879,108318,1.3666461e-21
7880,37934,2.0916144e-11
7881,22287,0.033710793
7882,103303,0.0219166
7883,95745,3.6089056e-09
7884,78734,0.047915254
7885,19938,5.120369e-11
7886,2192,2.5921302e-08
7887,102353,1.1025938e-12
7888,101594,0.0008931005
7889,52288,0.010842438
7890,42380,0.03092738
7891,4684,2.1405888e-09
7892,4690,0.0031529434
7893,46968,0.015298919
7894,39313,0.008079731
7895,35341,1.525603e-23
7896,42249,8.9865275e-11
7897,38071,0.0004838433
7898,63335,0.0014779106
7899,1448,0.06938854
7900,28555,4.7649817e-09
7901,34707,0.0070778257
7902,115754,0.0038637838
7903,105691,1.2791036e-05
7904,2672,0.0002220481
7905,96568,0.026802782
7906,32097,0.026713273
7907,79412,4.088117e-06
7908,14108,0.008047925
7909,75002,4.767837e-09
7910,20384,1.0493028e-08
7911,27855,0.004343157
7912,51796,0.024806844
7913,8326,9.647994e-08
7914,26322,0.008079731
7915,33887,2.2184372e-14
7916,31139,0.0077562737
7917,112084,1.7975723e-23
7918,8319,1.844373e-10
7919,29781,1.525603e-23
7920,76364,7.643846e-08
7921,4285,1.7216859e-16
7922,30510,0.008028029
7923,32009,0.003860181
7924,3853,6.630823e-12
7925,95116,4.5653776e-15
7926,54875,0.016494239
7927,19164,0.052883994
7928,25608,0.016525099
7929,26776,1.3200204e-11
7930,13963,0.0021703113
7931,59152,1.990442e-18
7932,101394,0.030833948
7933,78989,4.6773253e-06
7934,2669,8.122256e-08
7935,17217,4.080367e-07
7936,21471,1.8424036e-18
7937,114396,4.436524e-09
7938,77848,3.8565217e-05
7939,2408,0.007607165
7940,6795,3.0013542e-08
7941,49000,0.0029175638
7942,53748,0.020654991
7943,65521,1.6558651e-12
7944,57709,7.986051e-05
7945,39147,0.0023144083
7946,83013,1.082156e-10
7947,87316,0.042199478
7948,10358,9.908999e-08
7949,10062,1.6593509e-10
7950,37164,0.041821215
7951,67149,0.0029168383
7952,112050,4.6773253e-06
7953,723,0.017109975
7954,84036,0.010881814
7955,92841,7.676843e-14
7956,25312,1.5030913e-08
7957,107793,2.5349396e-05
7958,82509,2.3109628e-10
7959,49260,0.0042712325
7960,110019,0.009567131
7961,77201,0.02680864
7962,8888,2.9653745e-12
7963,111669,1.255927e-09
7964,36434,0.020164473
7965,8355,0.013573701
7966,91791,1.6484761e-06
7967,10288,0.0031529434
7968,71047,4.068633e-11
7969,22701,5.786483e-13
7970,69027,0.0038637838
7971,110531,1.3132203e-06
7972,50165,7.661919e-05
7973,45141,3.5088096e-06
7974,76127,6.3407283e-06
7975,107258,0.042376153
7976,13536,0.20175782
7977,27335,2.9246195e-18
7978,61061,0.0038427904
7979,101069,0.048003506
7980,86387,0.001341142
7981,14416,9.552728e-07
7982,6166,7.331177e-11
7983,48554,2.9406753e-09
7984,17234,6.659903e-11
7985,99054,0.048003506
7986,61160,0.016494239
7987,34994,0.010517384
7988,102960,0.008089195
7989,72168,4.6773253e-06
7990,57764,0.007883797
7991,38787,8.141783e-12
7992,103350,0.008091315
7993,65587,2.789185e-22
7994,18818,5.075233e-19
7995,45011,0.0038987673
7996,32208,1.7985591e-09
7997,45101,0.0013571137
7998,56215,0.017493429
7999,21717,2.751157e-05
8000,113415,0.00712693
8001,7773,6.2967027e-09
8002,33252,0.016556531
8003,37744,0.02558698
8004,39267,0.00037859313
8005,98210,7.329738e-22
8006,11417,0.036559373
8007,51525,1.03121865e-05
8008,77195,2.374827e-09
8009,36077,1.1331035e-05
8010,38932,3.8802273e-12
8011,23579,0.06139194
8012,74310,2.8761743e-08
8013,35228,0.0038427904
8014,87428,0.0070778257
8015,20660,0.005038059
8016,13280,2.6051941e-06
8017,50248,2.6234486e-05
8018,79306,3.293937e-11
8019,74959,0.0577544
8020,19858,0.000225572
8021,588,2.3610981e-23
8022,2936,3.3262206e-13
8023,10521,0.009124947
8024,79504,2.2907589e-17
8025,58678,2.1442344e-16
8026,13971,0.020164473
8027,41373,3.6450812e-19
8028,31160,0.0072111264
8029,115286,4.1836426e-16
8030,22928,0.0509507
8031,47551,9.8804916e-14
8032,88028,0.006891227
8033,43124,6.5847637e-14
8034,91668,0.0403012
8035,26200,1.525603e-23
8036,102223,0.053000126
8037,79044,0.0403012
8038,78207,4.925849e-17
8039,27629,9.040977e-07
8040,65970,4.4807793e-09
8041,108540,9.658248e-12
8042,53701,4.892199e-09
8043,111295,2.6732097e-08
8044,105323,0.010517384
8045,10234,9.599677e-09
8046,21131,1.22414585e-05
8047,27909,0.003860181
8048,114867,1.6836976e-06
8049,61743,0.0007850549
8050,78840,6.137523e-07
8051,46672,0.008079731
8052,41793,0.0509507
8053,38980,2.0792268e-05
8054,39647,0.008079731
8055,108039,0.04818268
8056,27198,0.00048933655
8057,54877,0.010517384
8058,88998,0.047915254
8059,66621,0.95591825
8060,71128,0.01568494
8061,104888,0.00081616663
8062,69348,0.0038637838
8063,47496,0.010517384
8064,8130,2.97244e-07
8065,98257,0.0109907985
8066,111023,6.391479e-14
8067,3230,0.013572928
8068,111657,3.519003e-17
8069,6819,6.0492886e-07
8070,15311,1.8707201e-08
8071,81445,0.007883797
8072,27311,5.061796e-11
8073,103387,5.814718e-13
8074,38914,8.987387e-07
8075,104478,0.024709625
8076,61646,1.2096217e-15
8077,21552,0.007768419
8078,37643,0.0019995149
8079,99773,0.008091315
8080,77735,2.2907589e-17
8081,109103,1.1905379e-13
8082,55558,8.20369e-05
8083,94352,0.008028029
8084,76630,7.676843e-14
8085,68590,0.016494239
8086,69494,0.030117422
8087,96530,0.0029160744
8088,91371,1.6484761e-06
8089,20810,1.4440243e-18
8090,9443,0.00025306034
8091,58047,6.3140546e-21
8092,6092,0.0591641
8093,19579,1.387554e-13
8094,23099,5.72976e-16
8095,20474,3.367649e-14
8096,103863,0.016556531
8097,24702,5.25498e-06
8098,111180,6.230422e-09
8099,66324,2.3063652e-18
8100,109143,4.7090384e-16
8101,24744,0.008079731
8102,111677,0.008091315
8103,87120,0.04022754
8104,18717,0.0013641858
8105,7916,2.3393647e-09
8106,51064,0.0054120566
8107,33955,0.00010323611
8108,50824,0.008028029
8109,19705,1.3303138e-24
8110,75960,4.6773253e-06
8111,30177,4.0092005e-15
8112,14491,0.00712693
8113,36153,0.024806844
8114,36008,2.7323387e-14
8115,2576,0.00024039957
8116,1515,9.893305e-16
8117,91225,0.0008505742
8118,33973,8.4206663e-20
8119,30015,7.4232886e-25
8120,115560,0.0014796258
8121,62150,0.0007850549
8122,111308,1.3666461e-21
8123,30339,0.016556531
8124,86688,0.0008937112
8125,107773,0.029184973
8126,30749,1.525603e-23
8127,39474,0.04179281
8128,39748,4.8395754e-17
8129,6173,0.010989855
8130,9220,1.2265721e-08
8131,13247,9.207264e-06
8132,6237,4.2987876e-13
8133,23188,1.1005994e-24
8134,63490,0.0014779106
8135,105887,0.0068923165
8136,63009,0.0077871648
8137,40399,6.605464e-08
8138,714,1.9483731e-10
8139,85255,3.1985337e-06
8140,63591,1.5742622e-19
8141,40220,7.470439e-19
8142,21858,2.4588965e-13
8143,86825,4.0883583e-06
8144,78586,0.0049185366
8145,62020,0.035935007
8146,83125,7.0715256e-10
8147,12281,0.078709215
8148,38805,0.008079731
8149,36117,4.963295e-15
8150,26144,0.00712693
8151,78300,0.0577544
8152,56085,0.055597
8153,67495,1.4075517e-12
8154,30284,0.0052226544
8155,108095,3.1241235e-20
8156,24149,0.014581853
8157,30588,0.017118597
8158,11206,1.844373e-10
8159,26859,3.586649e-14
8160,105363,3.3776446e-06
8161,4312,1.1176595e-07
8162,2091,0.00066135667
8163,40687,1.1978974e-09
8164,19747,3.303771e-15
8165,30024,0.008028029
8166,48585,4.892199e-09
8167,89991,3.102226e-19
8168,98444,8.209214e-11
8169,24310,0.010517384
8170,63631,1.9475009e-13
8171,94173,0.011960738
8172,111063,5.7083445e-13
8173,94679,0.016539916
8174,102841,2.7410535e-05
8175,105051,0.008091315
8176,63997,0.03092738
8177,4927,0.0031529434
8178,35407,2.6234486e-05
8179,44188,1.247785e-09
8180,21799,4.0584952e-11
8181,65923,4.7817523e-09
8182,25316,8.864621e-22
8183,58284,6.70475e-16
8184,92766,0.037106685
8185,4416,0.039300192
8186,91536,1.1388189e-11
8187,72056,0.0038427904
8188,110629,0.06282126
8189,41468,0.019441366
8190,64291,1.5746566e-14
8191,61851,1.4540813e-15
8192,79882,1.0062442e-09
8193,23917,0.01568494
8194,50569,4.892199e-09
8195,24053,0.039593685
8196,57292,1.1391479e-13
8197,64346,1.541332e-09
8198,58900,1.5619003e-16
8199,55565,0.07881989
8200,109632,0.002029396
8201,113792,0.05590158
8202,111351,0.013195704
8203,59856,0.0053092
8204,26009,0.00020339634
8205,54123,2.6338872e-05
8206,84866,1.7833688e-12
8207,63854,5.5206105e-15
8208,108052,3.5427913e-16
8209,40134,1.1183923e-16
8210,56437,0.0034607893
8211,43861,0.044231094
8212,48215,2.1182564e-11
8213,12477,1.2559444e-12
8214,103205,5.9752147e-06
8215,19394,7.0503465e-06
8216,29049,0.02558698
8217,3659,6.093206e-08
8218,15463,5.938886e-21
8219,64710,5.071879e-21
8220,63334,3.1701144e-05
8221,43964,0.008079731
8222,84681,0.0509507
8223,17670,9.419385e-10
8224,112439,3.3651755e-11
8225,34235,2.498948e-24
8226,66789,0.016494239
8227,98502,1.3323519e-06
8228,45697,1.7004275e-08
8229,64385,4.4434786e-12
8230,95776,4.0800743e-10
8231,27609,2.300004e-18
8232,60728,0.016494239
8233,28605,0.030873029
8234,103301,0.029135652
8235,75495,4.0529606e-09
8236,114795,2.2855448e-12
8237,10940,5.44149e-09
8238,70198,7.4009584e-08
8239,102005,0.0010755223
8240,89069,4.6773253e-06
8241,45637,2.4748619e-05
8242,3727,0.07549378
8243,39678,3.1625908e-12
8244,28593,8.746289e-21
8245,113194,6.0432967e-06
8246,61421,0.0043147327
8247,87985,4.45461e-13
8248,113776,3.1074504e-11
8249,53030,4.0299445e-16
8250,34510,3.0829713e-20
8251,43311,0.0013641858
8252,100032,0.044904742
8253,115353,3.122882e-14
8254,49554,0.016494239
8255,101578,2.8885243e-14
8256,115673,1.6492702e-13
8257,19420,0.033409823
8258,91208,0.02471286
8259,11274,2.7051335e-08
8260,19931,2.6234486e-05
8261,44819,2.4629899e-20
8262,108099,0.035917893
8263,52587,9.698941e-11
8264,32253,0.008028029
8265,88856,0.00019660643
8266,69292,0.016494239
8267,70594,0.0006456536
8268,30121,0.009132841
8269,2024,0.011684538
8270,81849,0.010517384
8271,31616,5.6094202e-11
8272,65942,2.3315556e-13
8273,98376,0.048003506
8274,49774,5.6403675e-05
8275,113364,0.048256118
8276,71637,0.004262849
8277,35152,1.633073e-22
8278,780,8.7414964e-11
8279,82285,2.6984651e-08
8280,64009,4.7891824e-09
8281,13234,2.293169e-27
8282,103375,0.0062568975
8283,105570,9.102237e-20
8284,1374,2.0604785e-08
8285,113645,0.00712693
8286,82717,0.00427104
8287,87656,1.7906104e-06
8288,68432,6.255992e-05
8289,66373,0.0020933005
8290,16116,0.008047925
8291,99688,3.4877272e-19
8292,3289,0.011670537
8293,82000,1.1393133e-20
8294,57971,2.529309e-11
8295,97734,0.00095901743
8296,40962,0.044231094
8297,54827,0.004262849
8298,22352,2.6234486e-05
8299,48541,6.8417814e-26
8300,6425,4.343273e-06
8301,97576,1.4910774e-13
8302,49093,0.024806844
8303,96309,5.5796105e-17
8304,106535,0.029184973
8305,33369,0.0045086113
8306,53163,3.8532573e-05
8307,65238,2.2980666e-10
8308,32035,4.0092005e-15
8309,112175,0.0109907985
8310,104544,0.042376153
8311,72876,5.48979e-12
8312,9763,1.090774e-07
8313,633,0.007763525
8314,11557,0.002209236
8315,93376,8.5210564e-07
8316,29174,0.008028029
8317,59972,0.04616737
8318,86484,0.0029160744
8319,4589,0.0076018325
8320,13590,9.937323e-10
8321,81371,0.009132841
8322,487,1.275524e-06
8323,346,1.1036828e-21
8324,18973,3.8894274e-07
8325,58953,3.7593364e-07
8326,44985,0.026713273
8327,74021,1.2548723e-05
8328,73292,0.0040524765
8329,13584,1.4158456e-11
8330,95524,0.00057214673
8331,41635,0.004262849
8332,10710,1.7422733e-08
8333,32019,0.0013494677
8334,29526,3.3637985e-05
8335,86765,4.6773253e-06
8336,83403,0.0013393838
8337,73148,1.5513008e-06
8338,62341,0.005038059
8339,49615,5.452709e-17
8340,78490,2.2415043e-09
8341,34332,0.0038427904
8342,19790,1.22414585e-05
8343,105853,0.0071890526
8344,83006,1.9056564e-12
8345,77159,4.892199e-09
8346,21441,0.033409823
8347,23977,1.1957374e-10
8348,83733,3.4854837e-09
8349,3694,0.0031490463
8350,23173,7.301164e-14
8351,24879,6.9819205e-17
8352,93452,0.0006942356
8353,31208,8.7866834e-14
8354,35302,5.786483e-13
8355,76014,0.016494239
8356,65386,0.001341142
8357,40794,0.05589207
8358,103700,4.881569e-18
8359,8854,1.4423032e-08
8360,111025,4.4855593e-13
8361,60140,0.008028029
8362,34761,8.211319e-17
8363,113405,8.2913915e-10
8364,66290,2.5509885e-16
8365,94827,0.05121239
8366,70854,0.0038637838
8367,35280,0.008028029
8368,65267,1.3517442e-06
8369,32485,3.1648412e-16
8370,45451,0.010842438
8371,46836,0.0013571137
8372,83997,1.7801137e-06
8373,108092,0.0074967635
8374,36603,0.0077562737
8375,74991,0.014534691
8376,58745,6.3140546e-21
8377,93681,0.0006456536
8378,21058,1.7429367e-17
8379,20759,0.024776157
8380,94422,8.8495495e-15
8381,17915,5.488801e-07
8382,114784,1.846915e-17
8383,9582,2.6522435e-09
8384,80846,0.0029159163
8385,62450,1.914004e-06
8386,107768,0.010556085
8387,47533,8.152852e-11
8388,67838,0.010517384
8389,59649,2.0313292e-08
8390,29573,1.2396625e-09
8391,79260,6.77455e-05
8392,14844,1.1550019e-19
8393,74445,3.1413944e-11
8394,2839,0.028981568
8395,92259,0.008089195
8396,92781,6.700927e-20
8397,1095,0.0031529434
8398,26947,0.003860181
8399,93415,0.029361214
8400,92479,0.0074967635
8401,38520,1.7803795e-18
8402,68130,0.0018766454
8403,9416,1.3671074e-10
8404,49188,3.929904e-07
8405,36519,0.0013494677
8406,71533,0.0007850549
8407,86040,0.005038059
8408,99744,1.0126608e-14
8409,64482,4.8124702e-27
8410,21325,1.6012302e-14
8411,47827,3.3776446e-06
8412,3780,5.29988e-08
8413,87802,0.047915254
8414,22202,1.4764455e-14
8415,2074,5.506953e-07
8416,71951,4.1111388e-15
8417,80629,0.042199478
8418,41081,1.4987788e-17
8419,38361,1.7224324e-11
8420,99633,0.0014779106
8421,63954,1.3443511e-12
8422,113551,5.13964e-13
8423,73941,2.199031e-06
8424,17642,0.08170373
8425,54213,1.1414862e-09
8426,18768,1.6606537e-27
8427,15437,2.2468628e-17
8428,43537,2.149063e-26
8429,78964,1.2534086e-18
8430,115455,4.091229e-06
8431,42366,5.149955e-16
8432,76443,9.789162e-09
8433,98452,0.042376153
8434,34328,0.0072111264
8435,83183,1.5298044e-16
8436,84072,0.005038059
8437,104443,1.2167922e-05
8438,93351,0.008091315
8439,81868,2.9753116e-12
8440,44126,4.6921617e-10
8441,15836,9.0836526e-11
8442,76497,1.17001135e-14
8443,8231,1.79373e-15
8444,44166,0.003860181
8445,85105,2.32921e-12
8446,44532,0.016525099
8447,73221,0.0007850549
8448,64534,7.930806e-08
8449,54266,0.0077562737
8450,8862,5.0377827e-07
8451,66833,0.047915254
8452,113511,7.102212e-17
8453,35770,0.016494239
8454,38897,0.014581853
8455,109974,0.042376153
8456,85086,0.02283054
8457,41125,3.6703258e-17
8458,27233,1.1183923e-16
8459,17415,0.007883797
8460,29978,0.008028029
8461,86398,0.016494239
8462,9935,7.7300444e-11
8463,43342,0.025494013
8464,112397,0.01217267
8465,99244,1.0270275e-07
8466,61486,0.004262849
8467,51598,0.016494239
8468,60907,0.0007850549
8469,5194,9.564185e-09
8470,79267,2.6640945e-11
8471,76052,0.0014779106
8472,14501,1.0708064e-24
8473,100838,1.1326169e-15
8474,92993,0.047915254
8475,7007,1.5332626e-09
8476,26536,2.1907333e-31
8477,94131,2.2907589e-17
8478,84753,2.7800002e-12
8479,87965,0.002915908
8480,58818,1.0365001e-09
8481,42161,2.4629899e-20
8482,34875,9.586763e-08
8483,34216,0.009132841
8484,29551,0.0042713424
8485,114954,2.2275307e-19
8486,35473,3.929904e-07
8487,5824,0.045320593
8488,62521,0.042199478
8489,34102,0.0056526004
8490,7400,6.749814e-05
8491,3700,0.00066135667
8492,58337,0.06248945
8493,111624,9.733192e-10
8494,109488,7.543575e-12
8495,83301,3.677826e-16
8496,42652,2.6234486e-05
8497,80397,0.00016031208
8498,37772,0.00052319065
8499,83157,1.7304953e-07
8500,20798,2.819702e-10
8501,12276,0.084524624
8502,38719,4.169428e-10
8503,108320,0.04818268
8504,114431,0.026802782
8505,36586,0.0509507
8506,46490,1.525603e-23
8507,37358,0.014581853
8508,47627,1.1714433e-07
8509,36246,0.016494239
8510,57194,0.027271759
8511,65508,1.5275106e-11
8512,93424,5.854462e-23
8513,87671,2.0772931e-19
8514,48347,2.4347448e-17
8515,63908,2.125775e-20
8516,65917,1.1020418e-14
8517,109653,1.2167922e-05
8518,82616,0.000642458
8519,39035,1.3470382e-16
8520,111957,0.009132841
8521,83010,2.0389935e-14
8522,82401,1.4158924e-21
8523,84145,0.008562871
8524,61369,1.6929817e-11
8525,33028,8.047306e-10
8526,5115,3.0047764e-10
8527,77675,6.5678637e-19
8528,41747,3.5088096e-06
8529,33002,0.006983701
8530,102095,1.03977885e-17
8531,56225,0.0509507
8532,32577,0.006983701
8533,79319,1.7417603e-17
8534,85799,0.026748953
8535,25539,0.00570204
8536,79682,0.047915254
8537,76546,9.029931e-06
8538,23324,2.4023234e-26
8539,44717,0.0021603084
8540,15749,0.007768419
8541,44366,2.296095e-10
8542,40177,1.3970357e-26
8543,99775,1.2130521e-12
8544,41258,2.942993e-20
8545,71286,0.010517384
8546,52385,3.6806154e-18
8547,5208,1.0272508e-07
8548,86503,6.122069e-17
8549,9461,0.0031529434
8550,45584,0.00046739265
8551,8900,0.033774532
8552,72911,0.022182668
8553,28472,6.552802e-18
8554,78022,5.071879e-21
8555,67643,2.9406753e-09
8556,74615,1.1393133e-20
8557,107000,0.00047763984
8558,14292,5.7339843e-05
8559,9750,1.6380142e-07
8560,94183,0.021416616
8561,15883,4.444331e-10
8562,53319,0.0034607893
8563,86089,2.7836117e-07
8564,8245,1.844373e-10
8565,41502,0.0034607893
8566,45940,7.442581e-05
8567,59890,2.3699407e-16
8568,10109,6.659903e-11
8569,65770,4.7817523e-09
8570,8571,2.1318845e-10
8571,12402,3.9699133e-11
8572,15405,0.017109975
8573,19951,1.1278257e-17
8574,81273,5.071879e-21
8575,57827,0.044725854
8576,24152,1.7059869e-18
8577,77165,0.0038427904
8578,84915,0.00046739265
8579,80109,2.6481384e-06
8580,55218,7.9642266e-13
8581,97616,0.0020933005
8582,87327,0.0004914136
8583,93996,4.804116e-08
8584,15673,1.404352e-09
8585,47508,1.7824429e-13
8586,105934,4.812896e-18
8587,19743,1.4633449e-17
8588,11044,5.8214766e-09
8589,24775,0.007791001
8590,72091,0.0057124523
8591,44792,0.009095178
8592,2515,0.008435642
8593,16861,9.101059e-12
8594,30259,0.7013001
8595,8749,7.959022e-08
8596,73778,0.008089195
8597,59191,0.008028029
8598,64803,1.5215091e-06
8599,52454,2.1741504e-15
8600,61912,2.4325616e-06
8601,97605,0.044904742
8602,43399,0.00042472465
8603,72639,4.892199e-09
8604,105209,4.6773253e-06
8605,5224,6.090404e-06
8606,49598,5.2807097e-19
8607,49695,0.0042712325
8608,103370,0.0008687161
8609,74075,0.047915254
8610,25229,3.7300335e-16
8611,18016,5.25498e-06
8612,56684,0.0048737917
8613,21193,7.8629127e-14
8614,27528,0.0013494677
8615,33081,9.158228e-08
8616,84520,0.005038059
8617,24185,2.1059165e-08
8618,22844,7.5714226e-20
8619,90887,0.0039029391
8620,115129,3.362753e-07
8621,80847,1.4278166e-10
8622,46859,1.2892478e-07
8623,80104,1.3331501e-06
8624,112395,4.1613924e-07
8625,10808,7.5086236e-06
8626,26078,3.613074e-08
8627,55583,1.7001807e-16
8628,58130,0.006891227
8629,75567,7.263989e-15
8630,100505,0.0109907985
8631,33500,0.0077466764
8632,17348,3.2461393e-17
8633,26836,0.00022693169
8634,101336,0.032137424
8635,62962,3.7288114e-06
8636,3398,0.008435642
8637,55232,5.2818915e-14
8638,29825,1.0410304e-22
8639,113697,5.5086813e-23
8640,52173,3.3020358e-13
8641,57116,1.1414862e-09
8642,20668,0.02558698
8643,7887,0.00021607547
8644,14184,0.0017377976
8645,74852,1.3931084e-18
8646,44805,5.081923e-09
8647,103810,0.0076280036
8648,50466,0.02283054
8649,110885,0.020338738
8650,35973,0.0006956626
8651,38528,2.6234486e-05
8652,55967,0.0403012
8653,36841,0.16019998
8654,109398,4.6773253e-06
8655,41384,1.0410304e-22
8656,86594,0.00091768237
8657,15585,0.007768419
8658,67504,0.0049185366
8659,36844,2.3143969e-08
8660,47809,4.9508138e-08
8661,99328,0.048119143
8662,8033,1.7422733e-08
8663,92421,0.026802782
8664,44873,4.850927e-08
8665,113152,0.04818268
8666,46642,0.0509507
8667,39554,1.525603e-23
8668,4504,0.0031529434
8669,25413,0.008079731
8670,45786,6.787938e-20
8671,55342,0.0072111264
8672,1659,0.0038328238
8673,2005,1.201993e-07
8674,64258,3.0118662e-19
8675,42748,0.014581853
8676,50124,0.008028029
8677,54039,0.020164473
8678,15292,1.9814225e-15
8679,25473,3.6450812e-19
8680,65829,0.006400615
8681,114743,4.964444e-10
8682,66308,1.4551469e-15
8683,100438,0.008091315
8684,102483,0.048003506
8685,78158,6.5008552e-21
8686,98338,2.3315556e-13
8687,3763,1.7208703e-10
8688,31056,0.09714703
8689,9296,1.4106655e-10
8690,111678,0.0071992897
8691,79078,5.8082945e-11
8692,114273,3.5981209e-06
8693,3034,1.1414862e-09
8694,88584,2.8024384e-05
8695,111699,0.00089064584
8696,81543,6.0569395e-15
8697,111328,4.2486847e-15
8698,69916,0.0009877161
8699,104401,0.024709625
8700,28500,4.567266e-12
8701,114566,0.008028029
8702,108767,0.00076433754
8703,25360,3.17756e-07
8704,27634,0.08505002
8705,110343,2.4278073e-05
8706,54682,9.810317e-25
8707,44450,7.304637e-09
8708,62529,0.0077871648
8709,42254,2.4715706e-15
8710,77533,4.515194e-05
8711,47625,1.103558e-07
8712,79920,0.057720356
8713,36328,7.146488e-08
8714,87964,0.010517384
8715,87735,0.026802782
8716,17875,3.1502627e-11
8717,56637,4.892199e-09
8718,64513,0.0029160744
8719,8005,4.243834e-11
8720,13860,0.08138075
8721,63652,2.7740758e-14
8722,27176,0.003860181
8723,38677,0.007791001
8724,34048,0.0009943485
8725,15847,2.6325964e-10
8726,18048,0.00013596955
8727,17939,2.1199185e-14
8728,98496,3.0173942e-06
8729,111102,0.021798836
8730,5876,0.004560521
8731,2324,0.0031490463
8732,53837,3.566434e-19
8733,106006,6.800101e-10
8734,114992,2.2572515e-15
8735,66550,2.4312225e-05
8736,51975,6.8591085e-05
8737,79985,0.018354623
8738,4112,1.0325384e-06
8739,9157,0.058957707
8740,71301,0.0006456536
8741,32872,0.003860181
8742,47918,0.0008937112
8743,69884,0.0038637838
8744,89984,0.0077935676
8745,69886,0.030188166
8746,57668,0.008028029
8747,84831,0.025592234
8748,95485,0.038721465
8749,97596,4.0904642e-06
8750,11932,5.068466e-32
8751,28514,9.5252676e-23
8752,102975,1.8130941e-09
8753,43089,1.8591244e-06
8754,3947,1.4167716e-08
8755,22157,7.57379e-28
8756,85321,0.0013033814
8757,13696,0.03636212
8758,41731,0.04616737
8759,88676,7.4479963e-06
8760,49155,4.448113e-10
8761,46846,2.6234486e-05
8762,96398,4.325735e-12
8763,39472,2.0792268e-05
8764,89163,0.0074967635
8765,14133,7.77156e-10
8766,19236,1.0956497e-05
8767,91330,0.009092403
8768,83656,1.5584527e-18
8769,4606,3.573226e-07
8770,114535,4.5879387e-06
8771,74317,5.3950477e-16
8772,16239,2.015202e-12
8773,79743,0.019561075
8774,75194,1.1393133e-20
8775,18122,9.3729515e-21
8776,63766,1.6779637e-17
8777,49760,0.004262849
8778,104039,0.048256118
8779,31057,0.0509507
8780,60264,1.4212852e-17
8781,72836,0.0077466764
8782,108717,1.2992906e-14
8783,37225,9.417202e-08
8784,54262,0.008028029
8785,66041,0.0020933005
8786,33195,4.9895457e-09
8787,24417,0.014581853
8788,12549,9.751983e-13
8789,79742,0.0008937112
8790,20397,0.005706795
8791,95433,0.032137424
8792,99237,7.790897e-07
8793,35478,7.966789e-18
8794,28524,0.016525099
8795,52035,0.008028029
8796,1207,1.3671074e-10
8797,57032,2.0219931e-20
8798,87747,0.051038433
8799,42747,1.7369981e-06
8800,56959,0.00015065372
8801,90754,3.216508e-16
8802,22580,0.06907045
8803,76124,5.2127294e-08
8804,26864,0.0002538036
8805,2256,0.002550813
8806,48902,7.986051e-05
8807,53790,0.000116006035
8808,100335,1.2130521e-12
8809,84158,0.0069885333
8810,47821,5.99942e-10
8811,40255,2.4473974e-19
8812,79896,1.7416929e-18
8813,77443,4.0584464e-06
8814,76792,1.5642736e-16
8815,13602,7.747561e-08
8816,89108,0.016539916
8817,112410,0.057819508
8818,8301,6.2967027e-09
8819,99816,6.952471e-10
8820,59161,0.047915254
8821,113082,4.1726125e-09
8822,33512,3.566434e-19
8823,43517,1.525603e-23
8824,32739,0.009132841
8825,5970,0.05781429
8826,53925,0.008028029
8827,23479,2.2730447e-17
8828,2361,0.11678122
8829,21140,1.6601047e-17
8830,45593,0.0019343164
8831,106542,0.029184973
8832,49244,4.7287125e-09
8833,101306,0.0013397379
8834,75717,0.0008937112
8835,12967,1.3455865e-21
8836,35671,0.008028029
8837,95487,4.6773253e-06
8838,103023,1.0376795e-08
8839,76594,0.0074967635
8840,27874,2.21983e-10
8841,67049,0.042365033
8842,34976,3.0829713e-20
8843,29712,0.003723548
8844,50480,0.0077562737
8845,104140,6.81419e-05
8846,108505,5.9341443e-09
8847,27313,0.024806844
8848,48980,1.529245e-15
8849,26774,0.057786684
8850,86882,1.5707885e-12
8851,74960,0.0005574171
8852,28871,3.566434e-19
8853,22158,1.3341755e-10
8854,10925,0.024790043
8855,45367,1.6619698e-22
8856,87882,0.051038433
8857,38016,0.024727335
8858,38817,1.08397056e-16
8859,92531,7.771471e-10
8860,62269,0.006723651
8861,11160,2.9244782e-06
8862,49732,0.00019491534
8863,5530,1.794808e-11
8864,83146,0.0014779106
8865,42119,0.0013641858
8866,25588,0.03092738
8867,26048,0.008079731
8868,14644,0.03636212
8869,36013,0.03278488
8870,77496,0.0577544
8871,66642,4.8501e-21
8872,34520,2.6774535e-07
8873,93425,0.047915254
8874,56601,0.007195014
8875,57492,0.0006456536
8876,15004,0.00019654755
8877,81083,0.010517384
8878,106118,1.4314917e-11
8879,98771,3.3755828e-15
8880,113074,0.00076433754
8881,37739,3.813963e-15
8882,70712,4.6773253e-06
8883,92571,3.658917e-18
8884,20451,0.0509507
8885,39782,0.0004793765
8886,1725,2.7910667e-16
8887,27495,0.08138075
8888,75115,0.0403012
8889,37264,5.5732876e-06
8890,24098,0.01568494
8891,13743,1.4260363e-18
8892,51459,5.859876e-13
8893,60099,0.03840461
8894,110077,2.7175483e-07
8895,23883,0.123319544
8896,103557,0.008091315
8897,18970,9.833639e-14
8898,63308,2.8954508e-15
8899,8400,0.036559373
8900,52089,0.0014372249
8901,87393,4.020501e-16
8902,36636,3.1629939e-09
8903,7191,6.4791232e-12
8904,85793,0.0006456536
8905,50070,0.008028029
8906,92437,0.044904742
8907,66837,6.540828e-07
8908,71179,0.007195014
8909,52179,0.0072111264
8910,89826,0.047915254
8911,47349,0.034557663
8912,88250,7.306062e-05
8913,88254,6.122069e-17
8914,33261,0.024806844
8915,114209,0.0005896895
8916,87739,0.0577544
8917,61467,1.989945e-14
8918,4341,1.3186036e-07
8919,89011,0.05780216
8920,11539,9.107456e-18
8921,89054,0.005038059
8922,20813,4.3948343e-09
8923,40540,0.03608507
8924,13450,0.29665148
8925,48537,0.0014779106
8926,20921,5.897843e-13
8927,194,0.00037584107
8928,30294,7.9434576e-05
8929,102086,5.25498e-06
8930,85383,2.78719e-07
8931,2093,3.2555639e-07
8932,67918,0.0042712325
8933,92883,0.010440967
8934,87579,0.047915254
8935,101038,1.3955014e-19
8936,54671,1.8395963e-16
8937,111321,6.625319e-05
8938,76542,0.00047735378
8939,55628,9.319618e-13
8940,74210,1.3901725e-11
8941,77798,0.1248424
8942,56399,0.006715138
8943,33200,2.9485126e-11
8944,45820,1.19932555e-14
8945,90358,0.026459238
8946,3449,0.024806844
8947,39849,0.123319544
8948,85803,0.008089195
8949,22268,9.639413e-10
8950,101115,7.966687e-13
8951,79054,0.006715138
8952,45847,0.0019666015
8953,4259,1.7422733e-08
8954,75867,7.559815e-14
8955,54680,0.0006456536
8956,18077,2.804213e-10
8957,25623,9.9313314e-05
8958,105244,1.3882588e-12
8959,83234,0.0018932635
8960,107141,4.724313e-09
8961,99010,0.00077814166
8962,39025,0.008079731
8963,106629,0.006964409
8964,68945,0.01568494
8965,104238,1.039446e-09
8966,65596,4.7817523e-09
8967,43077,4.5899917e-05
8968,12282,3.513072e-11
8969,104410,0.04818268
8970,57229,0.00016139308
8971,28484,3.4712958e-11
8972,32124,0.039300192
8973,104016,0.055426177
8974,43866,4.4608553e-26
8975,33819,9.272246e-12
8976,64523,4.0874615e-06
8977,43929,0.00011683732
8978,51178,1.525603e-23
8979,48787,8.951819e-06
8980,37840,0.00048933655
8981,62553,0.001341142
8982,27808,2.4629899e-20
8983,79499,0.040500082
8984,110463,1.3740858e-12
8985,57894,0.0042712325
8986,95748,5.5067973e-13
8987,4955,0.008123187
8988,28148,2.0453044e-13
8989,32203,0.04587023
8990,10281,0.010850398
8991,104995,4.925849e-17
8992,111017,0.00089064584
8993,51157,0.025576562
8994,4448,1.4716016e-10
8995,53704,0.19031109
8996,29281,0.004262849
8997,45555,0.030200627
8998,86317,0.008089195
8999,98341,4.201047e-14
9000,42106,0.030200627
9001,64708,0.0008904099
9002,63488,0.00015562358
9003,55728,0.024806844
9004,84587,0.044231094
9005,40544,0.017109975
9006,36206,0.008028029
9007,110300,4.6773253e-06
9008,30816,1.1376604e-17
9009,40841,2.1459351e-17
9010,108104,4.6773253e-06
9011,40214,0.008079731
9012,7244,0.0035321566
9013,52158,0.024806844
9014,109760,2.2666028e-17
9015,37115,9.929058e-11
9016,71785,0.047915254
9017,51034,1.6214769e-15
9018,54449,0.009132841
9019,72952,1.2559773e-05
9020,61312,0.016494239
9021,68343,3.677826e-16
9022,15006,0.00019654755
9023,85151,3.6493009e-06
9024,62052,4.6773253e-06
9025,55588,1.914004e-06
9026,22080,0.008079731
9027,34080,0.008028029
9028,14810,0.007883797
9029,18177,0.016494239
9030,102461,2.759368e-18
9031,114300,4.1880096e-05
9032,17913,3.352059e-05
9033,84009,2.8355165e-09
9034,69,0.2075659
9035,32365,5.25498e-06
9036,56429,0.047915254
9037,8882,1.4744399e-09
9038,60469,0.0006956626
9039,45264,0.01568494
9040,48529,0.008089195
9041,107638,2.3899446e-07
9042,50474,0.008028029
9043,56528,0.0070778257
9044,64498,2.5863408e-06
9045,77465,2.416678e-13
9046,7068,1.4423032e-08
9047,28264,1.0052741e-08
9048,67500,0.006964409
9049,83882,2.7062776e-09
9050,74304,6.9082045e-13
9051,44028,1.1523976e-17
9052,66748,0.0006942356
9053,99587,0.008091315
9054,106828,0.024709625
9055,106123,4.089248e-06
9056,26207,0.0013494677
9057,16039,1.12425445e-20
9058,76916,6.3407283e-06
9059,74818,2.6590478e-19
9060,108820,0.013691436
9061,77277,0.0029160744
9062,107471,6.162937e-16
9063,81290,2.5569106e-17
9064,52321,1.411319e-06
9065,75505,0.0006456536
9066,28710,0.0077562737
9067,103844,0.04818268
9068,71246,0.0014779106
9069,37497,0.11839662
9070,53893,2.2896713e-13
9071,58664,0.008028029
9072,43066,0.007791001
9073,89691,0.029361214
9074,35743,1.9557176e-05
9075,62745,4.7891824e-09
9076,16006,7.713315e-18
9077,5293,4.9274855e-09
9078,77882,1.0620926e-16
9079,13639,1.9778108e-32
9080,63569,4.7891824e-09
9081,95435,0.001341142
9082,40919,1.2640233e-05
9083,2513,1.8589672e-09
9084,113321,2.0027233e-05
9085,47277,0.052883994
9086,49160,0.0509507
9087,27891,1.4294593e-22
9088,96303,2.8838574e-13
9089,107182,7.34477e-07
9090,30519,0.005038059
9091,44743,5.0729756e-16
9092,80640,0.0014779106
9093,107173,0.02283054
9094,17703,0.03824747
9095,20797,2.4715706e-15
9096,44919,7.983286e-16
9097,35921,0.0013494677
9098,61512,0.09459509
9099,66787,5.171078e-16
9100,68285,0.042199478
9101,9113,0.05781429
9102,111588,0.0011521742
9103,42561,0.059275787
9104,109435,4.0505277e-12
9105,42311,8.944438e-16
9106,106960,0.06282126
9107,48886,0.016494239
9108,89656,0.0014779106
9109,63236,4.7891824e-09
9110,51317,1.1705343e-13
9111,9565,1.4971548e-11
9112,61277,0.0014779106
9113,114648,1.1686585e-16
9114,86370,3.1910665e-14
9115,105542,0.0071890526
9116,14107,0.03824747
9117,83319,3.5184658e-07
9118,87869,0.029361214
9119,82094,1.5298044e-16
9120,34531,0.016494239
9121,68066,4.892199e-09
9122,38352,7.661919e-05
9123,10960,0.013076113
9124,56683,1.904809e-09
9125,109267,7.088368e-13
9126,33359,0.009132841
9127,16923,0.0034607893
9128,48460,0.016494239
9129,69237,0.01568494
9130,57873,0.005038059
9131,40956,0.005038059
9132,2544,0.0031490463
9133,29428,5.4429787e-11
9134,66390,0.005693995
9135,61858,4.6773253e-06
9136,105346,0.0018462657
9137,10509,1.0340126e-08
9138,111620,2.7175483e-07
9139,1433,9.798937e-12
9140,37138,7.691606e-17
9141,84052,1.5329293e-09
9142,27509,0.005038059
9143,93835,2.8694158e-06
9144,25161,0.008153063
9145,18865,5.493058e-07
9146,80780,0.059635594
9147,10278,0.0062888265
9148,49924,0.009132841
9149,92980,0.030833948
9150,89313,0.0008718278
9151,98001,0.0029160744
9152,39355,0.00048933655
9153,15621,0.00029532405
9154,33837,4.7056687e-06
9155,11271,3.2718225e-10
9156,31483,1.2508045e-12
9157,76098,0.0577544
9158,94883,0.008028029
9159,63589,5.425712e-05
9160,40000,0.008079731
9161,102035,0.06145478
9162,92280,0.025827529
9163,70921,0.0020933005
9164,110840,0.0006456536
9165,92502,3.163388e-19
9166,32393,0.0032920514
9167,19978,3.367649e-14
9168,75428,4.087041e-06
9169,48303,0.012230176
9170,42581,8.261466e-09
9171,1419,8.94067e-12
9172,51660,0.08138075
9173,87401,0.016494239
9174,19735,8.9256486e-18
9175,77033,4.9103863e-11
9176,91221,0.0024991932
9177,71705,1.0620926e-16
9178,53074,0.012389922
9179,81491,1.5084784e-07
9180,100034,0.0077935676
9181,32932,1.7069908e-09
9182,2464,9.564185e-09
9183,25453,2.5143016e-19
9184,43012,3.2795033e-20
9185,41570,7.5714226e-20
9186,27819,1.22414585e-05
9187,79710,1.1393133e-20
9188,16925,8.263991e-08
9189,88854,0.010517384
9190,60486,0.01568494
9191,69022,1.276805e-17
9192,40690,7.704703e-17
9193,98143,0.019823518
9194,109289,0.048646793
9195,69210,0.047915254
9196,68376,1.1118928e-15
9197,107665,1.553207e-17
9198,539,9.08231e-09
9199,82338,7.472293e-05
9200,6258,0.0031529434
9201,83205,2.1899848e-13
9202,70625,0.016494239
9203,74458,7.5578435e-05
9204,81756,0.026748953
9205,9207,0.00024874587
9206,285,1.8094655e-10
9207,48077,1.1393133e-20
9208,74158,1.9042083e-14
9209,109383,0.006448524
9210,43639,2.898289e-09
9211,78942,2.2258591e-10
9212,99486,0.016539916
9213,93475,0.00038308173
9214,115400,0.0013290688
9215,85416,3.4396585e-08
9216,17226,1.8313678e-10
9217,8601,0.00051210116
9218,72024,0.0010422752
9219,24213,7.9434576e-05
9220,53063,0.0013494677
9221,34752,1.0017164e-26
9222,32789,2.4748619e-05
9223,43591,2.8526998e-18
9224,56532,0.2075659
9225,73553,0.0403012
9226,39134,2.6834411e-20
9227,65893,1.9505045e-13
9228,57187,4.1830672e-09
9229,101898,0.00037039683
9230,83851,0.0006456536
9231,32367,0.016556531
9232,74803,1.1393133e-20
9233,93986,0.010517384
9234,109834,3.0909248e-07
9235,12401,1.4158456e-11
9236,103147,6.498979e-11
9237,99669,0.0014779106
9238,54001,0.004700935
9239,15839,0.059635594
9240,85258,0.02471286
9241,11516,0.0024382365
9242,26134,0.008079731
9243,14098,0.24144693
9244,15651,9.3607804e-07
9245,105963,3.6662418e-16
9246,27395,0.041821215
9247,36632,3.0829713e-20
9248,81285,4.4797048e-08
9249,71591,0.008089195
9250,87918,0.0008505742
9251,70644,0.016494239
9252,115606,5.425712e-05
9253,48785,0.010384085
9254,100227,0.0048150187
9255,78440,1.800574e-20
9256,34123,1.889352e-05
9257,32211,3.5264548e-13
9258,24255,0.0017280186
9259,9860,0.117867246
9260,22930,1.525603e-23
9261,67581,0.01568494
9262,109798,0.022650788
9263,113382,1.3726092e-11
9264,106453,1.4247816e-05
9265,106820,3.0037518e-13
9266,83369,0.04615515
9267,45912,0.04179281
9268,39309,0.010517384
9269,101271,3.0990895e-13
9270,39363,1.22414585e-05
9271,73564,0.0043147327
9272,57670,0.0029168383
9273,9073,0.005038059
9274,60694,0.0006456536
9275,18431,1.1244392e-12
9276,18375,3.8961232e-14
9277,97634,0.0043147327
9278,70485,2.2907589e-17
9279,16065,3.0285058e-17
9280,73451,0.008089195
9281,61653,1.6368196e-05
9282,79256,1.0005836e-06
9283,79346,2.3437214e-11
9284,41611,0.016525099
9285,59802,0.0072111264
9286,27949,0.009899596
9287,23725,0.0017362167
9288,27104,0.008028029
9289,53101,4.892199e-09
9290,95084,0.007883797
9291,99619,0.000934609
9292,55132,1.4001294e-12
9293,110326,7.296843e-05
9294,41978,1.5097322e-18
9295,10215,0.004560521
9296,55514,0.080978595
9297,107441,2.3899446e-07
9298,4831,4.972684e-08
9299,18677,0.0031632534
9300,16136,9.736128e-17
9301,10809,1.7679608e-10
9302,97790,1.5745239e-06
9303,73416,1.9852765e-12
9304,99061,8.263502e-05
9305,99764,0.008091315
9306,113416,1.37756416e-14
9307,71773,0.008089195
9308,31932,0.00011297004
9309,64686,0.21663891
9310,24518,0.0509507
9311,109713,4.5007718e-09
9312,8761,0.00037575368
9313,79480,1.1049744e-09
9314,114363,4.6773253e-06
9315,37774,1.4212852e-17
9316,84428,1.9796495e-20
9317,82923,0.042199478
9318,68122,0.00011545447
9319,89211,0.039078597
9320,85545,0.0038987673
9321,98673,8.069751e-06
9322,80698,0.005038059
9323,14456,2.902437e-17
9324,95789,0.02050013
9325,32588,1.525603e-23
9326,37705,0.0033909257
9327,57332,1.7252365e-08
9328,53590,1.5341921e-10
9329,24633,7.9905e-05
9330,27029,7.348062e-18
9331,79791,0.008028029
9332,7666,0.0017362167
9333,68958,0.0006456536
9334,100954,1.4577962e-16
9335,111876,0.07117313
9336,31778,2.005128e-25
9337,30058,0.0013494677
9338,681,1.4597629e-13
9339,14051,1.22414585e-05
9340,99683,0.0006456536
9341,66901,2.39597e-20
9342,40552,1.6817125e-06
9343,65750,4.0874615e-06
9344,80945,4.767837e-09
9345,104504,0.08505002
9346,99079,1.2130521e-12
9347,53814,0.0006456536
9348,95607,0.029305182
9349,108175,1.41896865e-14
9350,90661,2.1239424e-05
9351,79563,0.002915908
9352,91108,7.773258e-08
9353,56262,0.042199478
9354,52759,0.008028029
9355,59969,0.059275787
9356,95754,0.004273326
9357,39599,2.8419907e-25
9358,39249,4.496774e-16
9359,51820,0.013391664
9360,11145,0.22970928
9361,65157,0.001341142
9362,40891,1.2454861e-12
9363,114719,1.111832e-06
9364,3368,0.00024039957
9365,24663,0.024727335
9366,97461,0.0077935676
9367,79667,0.042376153
9368,22192,2.033281e-06
9369,33601,0.009455685
9370,13653,6.6273136e-18
9371,393,3.6218972e-09
9372,4094,0.024790043
9373,88420,0.047915254
9374,30400,0.008028029
9375,92380,0.059596222
9376,108966,0.029472569
9377,113371,0.029135652
9378,100721,0.013195704
9379,40037,1.411319e-06
9380,16637,1.912419e-15
9381,115372,0.051038433
9382,113840,0.0403012
9383,51162,1.6465808e-19
9384,25052,0.010517384
9385,99978,0.007230439
9386,95136,1.1050612e-12
9387,92249,0.0005574171
9388,5425,0.0018209057
9389,8482,3.0350568e-06
9390,112359,0.0077562737
9391,47357,9.926424e-15
9392,113786,6.6431294e-19
9393,26547,0.0077562737
9394,95661,0.0007850549
9395,47431,0.039300192
9396,76649,0.008089195
9397,83739,0.0038637838
9398,33475,1.8094539e-06
9399,104595,0.04818268
9400,29431,0.00037859313
9401,18413,3.1608733e-15
9402,104780,0.038721465
9403,28226,3.4393416e-13
9404,86007,0.00031966768
9405,5762,0.0027582124
9406,74402,4.7891824e-09
9407,96961,1.1788634e-15
9408,64017,4.0874615e-06
9409,55902,0.055597
9410,75136,4.6773253e-06
9411,91773,0.02471286
9412,40483,8.1058354e-12
9413,82499,5.4235392e-05
9414,95598,0.008091315
9415,88235,0.008089195
9416,30106,0.008028029
9417,9092,1.4167716e-08
9418,33316,0.0020973952
9419,2002,6.695799e-07
9420,18845,0.0017280186
9421,6649,1.9675046e-14
9422,18873,7.0503465e-06
9423,66609,4.0239982e-05
9424,6553,8.8953994e-10
9425,11568,9.451963e-06
9426,60058,0.042199478
9427,67856,8.4445965e-06
9428,58488,6.3140546e-21
9429,96441,3.697419e-10
9430,68086,0.0136319995
9431,17741,0.007883797
9432,68693,2.1622112e-19
9433,45817,7.661919e-05
9434,70117,0.0006456536
9435,113887,4.5879387e-06
9436,27081,4.654224e-11
9437,38771,0.024727335
9438,10950,0.0032681127
9439,2360,1.4524401e-08
9440,15611,2.7449973e-09
9441,8851,0.013130239
9442,82488,1.9446862e-14
9443,87988,0.047915254
9444,114134,0.005473203
9445,15557,3.981468e-12
9446,9166,1.603324e-10
9447,92293,2.6435413e-13
9448,67058,3.9377082e-13
9449,17701,5.72976e-16
9450,70727,0.0014779106
9451,92701,0.032263808
9452,14518,3.388597e-17
9453,100309,0.051038433
9454,100057,5.25498e-06
9455,6079,2.492984e-12
9456,23796,0.016525099
9457,115016,0.016556531
9458,101642,1.493013e-20
9459,55502,8.637575e-27
9460,31946,1.8233419e-05
9461,68176,1.9984977e-12
9462,32366,0.024806844
9463,110036,0.0010109686
9464,87599,4.6773253e-06
9465,107456,0.008091315
9466,58833,1.914004e-06
9467,112154,0.0074967635
9468,88266,0.002915908
9469,1906,6.8623858e-09
9470,42229,0.00023350534
9471,45222,0.016525099
9472,88638,2.7900535e-10
9473,115051,3.108115e-18
9474,74109,0.020562049
9475,15264,2.0604785e-08
9476,4960,2.6423993e-15
9477,64358,2.2837535e-06
9478,89319,0.0038427904
9479,114379,0.016556531
9480,52029,0.047915254
9481,111600,2.4483515e-10
9482,52919,9.666785e-05
9483,73472,0.031797543
9484,51285,0.0403012
9485,75667,7.0503465e-06
9486,18679,3.1849833e-08
9487,68012,1.914004e-06
9488,8350,5.827306e-07
9489,82806,0.0038637838
9490,81029,0.0006456536
9491,6516,0.0005241748
9492,72,1.2505109e-16
9493,34597,0.00020048891
9494,10711,4.2290117e-06
9495,85331,2.5581108e-17
9496,11252,4.5229768e-07
9497,78533,2.3296206e-18
9498,38502,0.05121239
9499,15987,7.996215e-22
9500,20751,9.8804916e-14
9501,33707,0.009455685
9502,89420,9.655346e-18
9503,7086,0.009124947
9504,48020,2.3296206e-18
9505,45050,0.006983701
9506,19998,3.0417472e-12
9507,69513,0.008089195
9508,11610,1.2265721e-08
9509,13311,2.2065124e-21
9510,95307,1.2495986e-05
9511,71431,0.047915254
9512,71904,0.05121239
9513,81816,1.2167922e-05
9514,41980,0.008079731
9515,10317,0.001702015
9516,19430,0.059275787
9517,77886,0.020164473
9518,64162,1.6140733e-20
9519,5430,2.9745837e-07
9520,32266,0.0077562737
9521,3529,6.7404676e-07
9522,105709,0.04818268
9523,85005,0.03086417
9524,43001,0.003860181
9525,5808,9.2338564e-07
9526,17458,1.1592253e-13
9527,101478,0.0013397379
9528,34771,0.01568494
9529,96721,0.013512913
9530,60434,5.3155582e-17
9531,100631,0.007883797
9532,41560,0.008079731
9533,68394,0.047915254
9534,100318,2.4191156e-11
9535,42579,0.00067453913
9536,32569,2.8930345e-29
9537,4836,0.05781429
9538,107022,1.3323519e-06
9539,37603,5.6403675e-05
9540,100855,0.044260383
9541,56007,0.029672049
9542,31106,0.008028029
9543,7138,2.1075152e-16
9544,12654,1.404352e-09
9545,54969,0.005038059
9546,106681,0.04818268
9547,44430,0.05467183
9548,15111,2.3610981e-23
9549,76921,0.0020921822
9550,47640,0.008079731
9551,57791,0.008028029
9552,21957,1.0525627e-05
9553,30169,0.013123506
9554,3211,1.4423032e-08
9555,33844,2.474619e-14
9556,1689,0.004908372
9557,38649,2.5852455e-17
9558,81607,6.11076e-05
9559,71412,0.029361214
9560,71235,1.2167922e-05
9561,91130,0.0077935676
9562,87226,1.4418428e-13
9563,54933,0.012101554
9564,12174,0.0015312115
9565,18146,2.106121e-12
9566,88661,0.009092403
9567,86390,0.002326891
9568,42196,3.6275056e-27
9569,76482,0.0029159163
9570,86749,0.0008505742
9571,50388,1.3822472e-09
9572,102583,0.06145478
9573,2502,0.013572928
9574,80885,5.2127294e-08
9575,68232,0.006891227
9576,13784,8.107959e-06
9577,50445,0.010517384
9578,7230,1.8498874e-07
9579,101517,0.0029153784
9580,115916,0.03035353
9581,69982,0.0509507
9582,13962,0.051144186
9583,75379,0.030117422
9584,40711,0.014358408
9585,92732,0.044904742
9586,83998,0.0014779106
9587,55963,6.055608e-06
9588,84039,0.0019273793
9589,39251,8.20369e-05
9590,95907,0.029361214
9591,8136,2.720538e-07
9592,64108,2.2195186e-06
9593,21045,0.0056526004
9594,58622,2.39597e-20
9595,50278,4.0853224e-06
9596,94140,0.0009134363
9597,102404,0.008091315
9598,82849,6.615753e-23
9599,95906,0.0077935676
9600,66289,0.0029160744
9601,52688,0.0008937112
9602,37576,2.3488757e-12
9603,13714,8.263991e-08
9604,80706,0.030912777
9605,48170,1.5642736e-16
9606,82768,0.00092050433
9607,42871,0.008079731
9608,67706,0.0034543145
9609,85747,0.0006456536
9610,19828,0.013828899
9611,99446,0.008091315
9612,70589,0.029361214
9613,11192,0.0031529434
9614,41627,6.2094127e-06
9615,87878,1.7474174e-07
9616,1275,0.0032651408
9617,55478,0.00527734
9618,88686,1.6493353e-18
9619,49923,0.0006956626
9620,5088,0.0032691674
9621,32640,5.25498e-06
9622,69441,2.1249392e-13
9623,40447,1.4455186e-17
9624,5165,0.06969328
9625,15894,0.008047925
9626,74406,4.6773253e-06
9627,74582,1.5123319e-18
9628,31217,5.7096555e-19
9629,68692,2.4280403e-16
9630,72227,0.0006456536
9631,15038,0.011618912
9632,112362,0.01217267
9633,100217,0.026802782
9634,103950,8.005858e-15
9635,9745,0.0878166
9636,16845,6.9163855e-11
9637,70724,4.6773253e-06
9638,75714,8.6099914e-23
9639,22173,8.056557e-16
9640,99769,1.4684339e-09
9641,23467,2.4709673e-15
9642,53209,0.20830144
9643,114765,0.005473203
9644,103206,6.603535e-20
9645,13523,2.3610981e-23
9646,107902,0.010556085
9647,29633,0.008028029
9648,437,1.0129818e-21
9649,32677,0.008153063
9650,41701,1.4212852e-17
9651,70421,0.016612984
9652,91039,4.2563956e-06
9653,47423,1.0448014e-08
9654,62137,0.037019238
9655,54540,0.0006456536
9656,113641,0.0013290688
9657,99292,2.6701844e-05
9658,65285,0.0013815863
9659,57953,0.00048933655
9660,12388,5.9657146e-17
9661,68062,0.008089195
9662,13181,0.0012260876
9663,956,3.1362154e-07
9664,16469,4.099056e-12
9665,25569,7.57379e-28
9666,81779,0.00427104
9667,11381,4.9274855e-09
9668,67870,1.2489756e-05
9669,29044,0.004262849
9670,3133,0.11032205
9671,69231,0.000116006035
9672,53885,1.573442e-16
9673,48041,0.0006456536
9674,66913,6.056597e-07
9675,77870,0.0029168383
9676,114691,0.0006448873
9677,76480,0.0043147327
9678,96490,4.489146e-09
9679,98205,0.008091315
9680,10647,2.583394e-08
9681,114760,3.331354e-11
9682,26966,6.1111685e-05
9683,26906,2.6234486e-05
9684,11708,0.23110333
9685,55543,0.008028029
9686,53270,4.8013176e-06
9687,61224,0.035056345
9688,76577,0.00042007194
9689,21136,0.19031109
9690,101526,0.0038637838
9691,110401,1.0955899e-16
9692,38965,0.07186079
9693,39581,9.585708e-22
9694,24164,0.009455685
9695,42519,9.584092e-16
9696,106357,0.040500082
9697,67331,3.677826e-16
9698,34430,2.7847546e-20
9699,72376,3.3598422e-17
9700,44006,0.011095209
9701,65951,7.388532e-12
9702,4707,0.0035321566
9703,93501,0.027336922
9704,34835,0.0070778257
9705,43353,4.7627723e-06
9706,24484,0.008079731
9707,30701,3.0708105e-13
9708,77000,1.770551e-05
9709,77665,7.472293e-05
9710,101684,2.6918985e-07
9711,53693,0.016494239
9712,88539,0.0403012
9713,4083,7.546526e-08
9714,82638,7.423923e-22
9715,107138,0.00011297004
9716,69281,0.03092738
9717,75435,4.6773253e-06
9718,17183,0.00014468112
9719,97804,0.034557395
9720,40467,0.0012770096
9721,106980,0.000100844605
9722,101157,4.6469122e-05
9723,20272,1.6342653e-12
9724,25091,0.009151206
9725,72231,0.0014099019
9726,35540,6.40844e-16
9727,15623,2.9240624e-10
9728,11459,1.2415592e-05
9729,70010,0.042199478
9730,25561,0.008079731
9731,91024,3.749626e-07
9732,91671,0.00310858
9733,98916,6.9590405e-13
9734,165,1.4429333e-19
9735,89912,0.0039029391
9736,114744,1.3644495e-07
9737,28562,0.003494472
9738,86981,2.2258591e-10
9739,54183,0.0267177
9740,81552,0.042199478
9741,105361,0.008091315
9742,18789,1.11456085e-13
9743,111799,5.0501736e-08
9744,52987,1.1881701e-12
9745,83290,0.026748953
9746,5838,0.020071441
9747,102908,1.9904857e-20
9748,93269,1.7283914e-16
9749,5580,4.544656e-07
9750,55097,1.22414585e-05
9751,56815,0.06248945
9752,13424,2.7240192e-17
9753,38572,0.059275787
9754,89341,1.233488e-16
9755,11804,0.016494239
9756,10258,8.341513e-11
9757,10205,0.0017362167
9758,63510,1.4788369e-12
9759,34245,1.1572044e-16
9760,55551,0.02050013
9761,88298,0.06365936
9762,74117,0.02471286
9763,66203,9.102237e-20
9764,1958,0.0031490463
9765,41457,5.253872e-09
9766,7390,0.0012180936
9767,42786,1.3782404e-09
9768,52594,3.163388e-19
9769,97023,0.0009868296
9770,113484,4.436524e-09
9771,106579,0.013758435
9772,115355,0.043045577
9773,88413,3.9527983e-23
9774,98385,2.1125464e-08
9775,54424,1.4001294e-12
9776,4137,2.804759e-05
9777,33778,0.0020973952
9778,3946,1.3317037e-11
9779,74360,4.087041e-06
9780,38491,0.0065901084
9781,65797,4.7817523e-09
9782,22558,0.006983701
9783,77897,1.4158924e-21
9784,5820,0.0031529434
9785,93759,4.157837e-06
9786,6133,0.00037584107
9787,57644,0.00088066544
9788,26866,7.808654e-08
9789,43955,0.12383192
9790,34427,0.025576562
9791,21361,1.1376604e-17
9792,66060,4.7817523e-09
9793,35593,1.7950052e-20
9794,110324,5.7855976e-14
9795,7647,0.024790043
9796,78397,0.015734917
9797,97661,0.01377315
9798,52882,4.6773253e-06
9799,12687,0.08170373
9800,63981,0.0029160744
9801,79942,0.0577544
9802,29505,0.008028029
9803,25773,0.008079731
9804,82590,3.8417762e-17
9805,42612,0.016525099
9806,53963,3.1740123e-12
9807,35323,1.0523817e-15
9808,6903,6.4791232e-12
9809,104795,0.0077935676
9810,100315,7.78498e-08
9811,113379,0.00089064584
9812,58199,0.0014779106
9813,77438,9.609463e-08
9814,113995,0.048256118
9815,8649,3.6021156e-05
9816,83314,0.0039776163
9817,8920,0.0062888265
9818,20094,0.008047925
9819,18190,1.4473509e-09
9820,65694,9.102237e-20
9821,49521,0.016494239
9822,63852,3.9986036e-21
9823,11341,1.293923e-08
9824,16988,8.475338e-24
9825,14320,2.4000817e-24
9826,44578,0.05467183
9827,57093,0.0019666015
9828,367,1.4621356e-15
9829,47137,3.0374789e-13
9830,68614,3.465142e-12
9831,56737,0.01568494
9832,1991,0.0011549102
9833,112207,3.9510635e-16
9834,36331,0.0577544
9835,62672,0.00016139308
9836,38302,1.1520364e-11
9837,109674,1.5372708e-21
9838,111662,0.00089064584
9839,89450,0.047915254
9840,35794,5.25498e-06
9841,57514,0.028968716
9842,33615,0.008028029
9843,95715,0.000846277
9844,55458,0.0056526004
9845,73839,2.167346e-13
9846,13067,2.6051941e-06
9847,40749,2.4642437e-17
9848,40241,0.016494239
9849,63170,1.5218951e-07
9850,11205,0.006265647
9851,49784,8.942084e-16
9852,68726,6.512552e-19
9853,25475,4.091832e-15
9854,6484,6.2967027e-09
9855,61497,0.039300192
9856,22479,3.4254398e-11
9857,81924,0.0014025851
9858,70708,4.892199e-09
9859,115178,0.0008716385
9860,17639,9.876968e-10
9861,5062,0.20632942
9862,62660,6.5454234e-13
9863,3718,0.030218437
9864,13764,1.458144e-12
9865,66348,4.7817523e-09
9866,109176,0.010582884
9867,70545,1.4342868e-16
9868,92119,0.0039029391
9869,101402,1.6294692e-08
9870,102295,0.032263808
9871,11005,2.583394e-08
9872,109409,0.00089064584
9873,48876,0.0072111264
9874,108869,0.044290293
9875,8994,0.07549378
9876,51072,8.046579e-15
9877,92850,1.2104127e-06
9878,109540,0.048256118
9879,51327,0.005038059
9880,85004,0.0003929143
9881,7341,8.56465e-09
9882,52262,5.25498e-06
9883,74025,0.028968716
9884,90259,4.728775e-13
9885,21161,7.061724e-05
9886,91718,0.06310122
9887,25193,4.7056687e-06
9888,74892,0.001341142
9889,54615,9.273612e-05
9890,26155,0.00025248842
9891,92981,0.015743928
9892,84505,0.0045458595
9893,102084,0.0021041848
9894,2008,6.5895484e-11
9895,54922,0.0024604404
9896,102989,3.8959787e-27
9897,40643,2.3318107e-08
9898,6482,3.2561858e-09
9899,43039,4.815537e-12
9900,1927,8.314644e-09
9901,20461,0.01568494
9902,61237,0.0042712325
9903,82494,4.766764e-09
9904,28860,0.005038059
9905,106171,1.3115611e-21
9906,83030,0.0045458595
9907,51476,0.0136319995
9908,28550,4.361958e-12
9909,25049,0.0038987673
9910,72562,0.13532396
9911,41274,0.02558698
9912,49816,7.192794e-15
9913,56569,2.4347448e-17
9914,85997,0.000535896
9915,33985,5.6400313e-07
9916,90447,7.9069525e-13
9917,45942,3.0829713e-20
9918,100845,1.2130521e-12
9919,90518,0.047915254
9920,2083,1.4848036e-08
9921,91055,0.051038433
9922,23671,9.599677e-09
9923,51489,0.0577544
9924,12159,5.1060633e-06
9925,92516,3.9713427e-08
9926,53526,1.2275876e-05
9927,87569,1.2495986e-05
9928,104048,2.199088e-10
9929,102243,0.001375796
9930,39473,0.007791001
9931,30896,0.005038059
9932,55827,5.6311467e-08
9933,109229,2.6895327e-06
9934,1149,0.05962266
9935,32762,8.623435e-08
9936,84053,0.008562871
9937,8267,0.0062888265
9938,86282,6.5223676e-06
9939,58475,0.0403012
9940,68042,1.2939128e-16
9941,46926,0.009095178
9942,36059,6.3140546e-21
9943,67931,0.0509507
9944,69769,0.0038637838
9945,75048,0.016494239
9946,67544,0.028968716
9947,21301,3.9725016e-12
9948,55043,1.034998e-05
9949,72600,0.0403012
9950,7040,0.0031529434
9951,52615,1.411319e-06
9952,48043,5.6107357e-15
9953,6952,1.6342653e-12
9954,101933,0.0077935676
9955,52465,1.0620926e-16
9956,31542,0.0038427904
9957,94653,4.635472e-06
9958,58559,5.4423194e-06
9959,62977,4.6737247e-18
9960,5892,0.024790043
9961,5419,6.9834832e-12
9962,94979,4.7891824e-09
9963,90814,0.0038637838
9964,111276,7.34958e-17
9965,70985,0.0008937112
9966,32523,3.724652e-12
9967,18453,1.0467998e-16
9968,98863,0.044904742
9969,35359,4.0299445e-16
9970,92975,1.3612072e-16
9971,85569,6.047788e-18
9972,25447,0.016525099
9973,95509,6.8392924e-06
9974,70197,2.7683671e-14
9975,20573,9.328595e-10
9976,43234,2.7592558e-08
9977,107765,2.8888474e-19
9978,70609,0.008089195
9979,20520,4.3402386e-16
9980,85937,4.6773253e-06
9981,94782,0.042376153
9982,106765,0.04818268
9983,58677,0.026713273
9984,12333,7.0909684e-12
9985,109076,1.9786453e-20
9986,43112,0.024727335
9987,84962,3.3776446e-06
9988,7093,0.0076018325
9989,28117,1.4694862e-06
9990,46318,0.004262849
9991,32304,0.059635594
9992,44552,2.6984651e-08
9993,45653,9.5582765e-24
9994,28636,0.0007487204
9995,91724,0.026459238
9996,5723,0.011684538
9997,90937,0.009092403
9998,12070,2.1307945e-18
9999,27280,0.016525099
10000,24818,0.008079731
10001,85033,0.02471286
10002,75261,0.08133078
10003,104835,1.1421744e-09
10004,102997,0.0008937112
10005,97850,1.4158924e-21
10006,19857,3.5286735e-14
10007,59399,0.03348353
10008,58164,0.047915254
10009,114628,4.5879387e-06
10010,83713,1.3009712e-15
10011,108689,3.1617965e-11
10012,53125,0.0072111264
10013,56688,1.4212852e-17
10014,80545,0.008089195
10015,13604,0.21081
10016,62261,2.2681769e-17
10017,41550,0.024727335
10018,40754,0.001549751
10019,13131,0.025525533
10020,98561,0.030011307
10021,84381,1.6329908e-16
10022,41376,3.5088096e-06
10023,92617,3.1910665e-14
10024,65067,6.7496776e-18
10025,101928,0.042688277
10026,54818,4.496774e-16
10027,114014,0.0013290688
10028,38752,2.028658e-15
10029,41830,1.6758844e-05
10030,105074,6.41248e-22
10031,2065,6.5895484e-11
10032,95436,2.4947412e-14
10033,51387,0.035655506
10034,67567,0.016494239
10035,96654,0.22824179
10036,70227,0.0403012
10037,69576,3.7434136e-11
10038,52126,0.024806844
10039,85061,3.986637e-11
10040,17153,2.3610981e-23
10041,52190,0.0029175638
10042,1001,0.1237788
10043,86699,4.6773253e-06
10044,4551,0.0062888265
10045,84297,1.7096988e-20
10046,8857,0.008123187
10047,74999,0.00427104
10048,104579,1.6262955e-16
10049,100134,0.0014779106
10050,31892,1.1183923e-16
10051,9695,1.108048e-08
10052,48527,2.0324208e-07
10053,63828,0.0029160744
10054,36526,1.1469746e-21
10055,89126,2.6245425e-19
10056,49383,2.619474e-17
10057,56626,1.5010542e-12
10058,53471,8.399702e-16
10059,24534,6.787938e-20
10060,83113,4.6773253e-06
10061,29063,0.024806844
10062,77351,7.933827e-17
10063,40116,0.041671257
10064,66346,1.2118958e-12
10065,57817,2.4347448e-17
10066,101316,0.032137424
10067,14613,7.0824414e-15
10068,46139,2.0978578e-16
10069,99193,0.0006456536
10070,24235,0.6277643
10071,47033,0.00010287448
10072,16568,0.00013596955
10073,49120,1.1731111e-17
10074,38732,6.749496e-26
10075,50932,0.0007617911
10076,61641,2.9283607e-17
10077,112110,0.0006456536
10078,86639,0.008089195
10079,72640,2.7685383e-20
10080,99786,0.008091315
10081,106873,0.042376153
10082,34838,2.6234486e-05
10083,52979,2.0222607e-15
10084,43624,4.4807793e-09
10085,74710,4.7785433e-09
10086,16656,4.0099427e-11
10087,16868,2.3610981e-23
10088,9054,2.559558e-07
10089,31459,1.961171e-23
10090,76904,2.3325864e-14
10091,103881,6.1680465e-14
10092,88144,0.0077935676
10093,23083,0.0509507
10094,34069,6.7453006e-26
10095,71547,6.8855574e-19
10096,371,1.5694605e-10
10097,17411,9.7128755e-08
10098,13064,2.4277167e-08
10099,10097,1.5925445e-13
10100,15822,7.77156e-10
10101,95268,0.0007061407
10102,111084,0.016556531
10103,56056,3.2384692e-06
10104,67616,0.016494239
10105,12095,6.283399e-05
10106,97951,0.06145478
10107,19453,0.0012391838
10108,36154,0.016444813
10109,12346,0.03636212
10110,44324,2.6520194e-10
10111,71129,0.008089195
10112,110065,1.595832e-16
10113,97039,0.042376153
10114,48285,4.087041e-06
10115,83663,4.766764e-09
10116,30343,0.00026020233
10117,59590,2.1049388e-21
10118,86764,0.026459238
10119,17638,0.04419443
10120,63079,8.24797e-05
10121,46002,0.01099087
10122,49967,0.01036664
10123,67228,0.026599426
10124,47648,3.7463124e-07
10125,108500,0.031783845
10126,84492,0.0014779106
10127,90192,0.0077935676
10128,41954,0.00040038963
10129,90319,3.76408e-09
10130,19237,1.1069695e-10
10131,47182,6.273922e-10
10132,112289,6.391479e-14
10133,3854,8.314644e-09
10134,20255,6.661976e-05
10135,87050,0.0074967635
10136,57100,0.0023109273
10137,17995,2.8599377e-16
10138,95611,0.007883797
10139,25897,3.5931337e-25
10140,3909,7.8886164e-10
10141,93955,0.042376153
10142,4446,0.20826803
10143,110912,0.016556531
10144,39680,0.026713273
10145,34651,0.0577544
10146,20517,0.016494239
10147,39360,1.3370403e-08
10148,84283,0.0043147327
10149,8638,5.2105033e-08
10150,660,0.009124947
10151,16181,1.875012e-05
10152,12554,6.364079e-08
10153,23630,1.3976167e-11
10154,94468,0.021922944
10155,1364,1.5439996e-14
10156,37099,5.763263e-05
10157,45528,2.4629899e-20
10158,94052,4.892199e-09
10159,95930,4.034324e-18
10160,55156,0.008028029
10161,52895,4.6773253e-06
10162,102408,2.0532802e-07
10163,37051,0.0081708
10164,58356,0.045083903
10165,4095,0.024790043
10166,17219,1.4991673e-10
10167,52496,3.901307e-10
10168,109293,4.6796687e-09
10169,66153,2.1372227e-07
10170,80544,0.030912777
10171,25564,3.738031e-20
10172,88821,0.02050013
10173,22681,1.2717339e-05
10174,23219,0.007791001
10175,56788,7.246323e-10
10176,109973,1.3323519e-06
10177,27560,0.00052319065
10178,79445,2.2894997e-18
10179,50002,0.0042712325
10180,58656,0.0013494677
10181,59075,4.892199e-09
10182,8273,0.091152444
10183,111417,2.865408e-09
10184,108925,0.044960506
10185,71210,4.6773253e-06
10186,23596,2.6234486e-05
10187,5212,1.2265721e-08
10188,110283,4.6546016e-09
10189,29767,1.7971526e-17
10190,26030,0.00011448993
10191,76876,1.1393133e-20
10192,53877,0.002144661
10193,90648,0.026802782
10194,32728,2.588567e-20
10195,29188,0.0029182504
10196,28697,1.171545e-05
10197,38336,0.010517384
10198,75001,0.08204125
10199,52314,3.0829713e-20
10200,60760,4.087041e-06
10201,35567,0.42217258
10202,40506,5.5784705e-07
10203,7526,2.4348079e-11
10204,32831,5.713587e-08
10205,14410,3.7029445e-14
10206,75263,0.00017340454
10207,24601,4.061938e-09
10208,73032,3.1392306e-06
10209,34951,0.008028029
10210,42055,4.5261945e-12
10211,57314,2.4347448e-17
10212,73710,7.423923e-22
10213,13620,0.011618912
10214,84884,5.3827876e-05
10215,64059,3.0118662e-19
10216,2249,0.0017903015
10217,27580,2.4473974e-19
10218,89314,0.051038433
10219,47851,0.001341142
10220,59784,0.055597
10221,83914,0.09554847
10222,36,0.03636212
10223,49205,5.2807097e-19
10224,20074,3.6953154e-19
10225,92339,0.06268074
10226,78370,0.010517384
10227,65816,2.9196776e-13
10228,79610,4.94942e-14
10229,7340,0.039300192
10230,58030,0.0006456536
10231,11074,1.8441909e-09
10232,31187,1.7632008e-08
10233,48710,5.0264988e-14
10234,21388,6.753079e-10
10235,17270,1.6342653e-12
10236,108384,9.7595924e-17
10237,84678,3.1910665e-14
10238,19760,1.1376604e-17
10239,67667,0.0077935676
10240,9645,4.6447752e-09
10241,38064,2.235579e-08
10242,88593,6.69969e-08
10243,30653,0.0021339823
10244,110723,1.258312e-06
10245,38700,3.3171477e-13
10246,58480,1.36471616e-17
10247,110134,1.0604906e-14
10248,18335,0.008047925
10249,4284,0.013572928
10250,68416,1.1020418e-14
10251,109711,1.4805762e-07
10252,76872,1.4840644e-12
10253,42817,2.1766132e-07
10254,6,1.2681496e-06
10255,58472,8.405459e-19
10256,30956,0.0029182504
10257,81395,0.026459238
10258,103129,4.508117e-13
10259,54005,0.016494239
10260,57285,2.2890045e-08
10261,17565,6.086584e-05
10262,5302,3.8761038e-05
10263,5844,0.0047850152
10264,58458,0.0403012
10265,22617,1.3411616e-17
10266,15901,1.9106892e-09
10267,71902,0.010517384
10268,30733,1.1469746e-21
10269,98200,0.0077935676
10270,48374,0.00088066544
10271,11688,5.5359243e-07
10272,57284,2.0222607e-15
10273,55463,0.0036867915
10274,71019,1.03977885e-17
10275,82112,0.055597
10276,50987,0.00023586511
10277,80242,1.1212769e-06
10278,45535,0.0005769958
10279,1613,0.00330176
10280,18037,1.4947827e-31
10281,86603,0.0136319995
10282,77056,0.008028029
10283,73166,2.6261245e-05
10284,89633,3.8788107e-06
10285,8243,5.6716995e-06
10286,104431,1.0984418e-12
10287,80187,9.252297e-09
10288,22780,2.4847006e-08
10289,76897,0.008089195
10290,66511,2.1747533e-10
10291,61152,0.0034607893
10292,76980,0.00015444303
10293,73415,0.004824554
10294,18175,0.013828899
10295,28840,0.00011448993
10296,17159,9.094982e-13
10297,104448,0.016556531
10298,24655,0.04616737
10299,41124,8.232443e-13
10300,85880,0.0029160744
10301,45889,1.9298093e-07
10302,1910,0.19031109
10303,91889,6.6309365e-16
10304,59900,2.3714672e-10
10305,40182,7.9434576e-05
10306,18585,1.2913997e-05
10307,99693,3.5466814e-11
10308,50225,3.929904e-07
10309,98712,0.005038059
10310,11276,7.5700534e-08
10311,95869,1.0315763e-11
10312,72651,0.0038987673
10313,86741,0.010517384
10314,48003,0.0038427904
10315,7643,4.4517122e-07
10316,114008,4.091229e-06
10317,7641,0.0062888265
10318,62568,0.044725854
10319,32115,2.9553787e-13
10320,6082,1.2823934e-06
10321,94803,0.010517384
10322,50634,1.0161484e-12
10323,72208,0.010517384
10324,88689,0.013341639
10325,111381,0.0006456536
10326,22584,2.8502131e-07
10327,97987,0.001382424
10328,73530,1.6774504e-11
10329,85301,3.431993e-11
10330,58564,2.5987633e-16
10331,112485,0.0024241232
10332,52891,0.0077562737
10333,5909,2.2286384e-09
10334,60218,0.01339157
10335,86313,0.028394716
10336,90443,0.016539916
10337,80388,0.003046411
10338,78416,0.0077935676
10339,36508,0.007195014
10340,46421,2.6234486e-05
10341,33395,3.566434e-19
10342,87056,5.2127294e-08
10343,81510,4.767837e-09
10344,8328,0.007132523
10345,98779,4.0904642e-06
10346,73906,0.032263808
10347,61620,0.0006456536
10348,43271,0.007883797
10349,96867,0.038072456
10350,48628,0.005592714
10351,85945,3.668513e-21
10352,113587,0.03567427
10353,32530,8.0923235e-22
10354,11603,3.326722e-09
10355,41602,4.7627723e-06
10356,50600,0.008028029
10357,36825,0.00010369865
10358,95759,0.047915254
10359,36210,2.3417842e-07
10360,64050,3.751049e-10
10361,7699,3.26627e-12
10362,46698,0.91752195
10363,70664,0.0042712325
10364,65365,4.7817523e-09
10365,105535,0.024709625
10366,59149,0.009132841
10367,75098,1.6974705e-10
10368,28387,0.026713273
10369,60446,0.00016252566
10370,81547,4.880432e-11
10371,88105,0.0038987673
10372,24978,8.349303e-06
10373,49518,0.016494239
10374,31808,0.009132841
10375,20689,0.007883797
10376,98683,0.06282126
10377,88545,3.528466e-07
10378,65016,5.071879e-21
10379,48369,3.768422e-15
10380,100087,0.033312056
10381,13948,0.03800975
10382,88223,4.0870564e-06
10383,53464,0.09714703
10384,111930,1.259145e-06
10385,31492,4.6643395e-10
10386,41718,0.00021233676
10387,4861,1.4423032e-08
10388,42224,6.47466e-06
10389,17890,1.6342653e-12
10390,53674,8.920542e-18
10391,7586,0.0035321566
10392,60580,2.7861494e-18
10393,14270,1.6145595e-13
10394,41105,0.010384085
10395,100334,0.031200785
10396,111248,4.900108e-13
10397,77262,3.5943953e-10
10398,25788,3.9864637e-14
10399,105283,9.553e-07
10400,104455,5.2583937e-06
10401,92065,1.8542687e-12
10402,36807,7.779686e-18
10403,69684,0.0403012
10404,107211,3.007687e-19
10405,90095,0.0038427904
10406,29472,0.016556531
10407,31719,0.009132841
10408,106839,0.00011297004
10409,21719,0.008079731
10410,1218,8.430793e-12
10411,10452,5.523137e-08
10412,59902,1.6045842e-05
10413,42351,0.008079731
10414,42060,0.004262849
10415,9326,2.5091327e-15
10416,81766,0.00019491534
10417,49574,0.0577544
10418,7471,1.1231805e-09
10419,109956,1.0799033e-12
10420,21191,0.00012665114
10421,82096,0.010623864
10422,48462,0.00054153806
10423,62202,7.843543e-11
10424,15852,1.9542817e-06
10425,39215,0.010517384
10426,104728,0.057819508
10427,12057,9.531747e-06
10428,47700,5.081923e-09
10429,62843,0.008078688
10430,46553,0.003860181
10431,33068,8.047306e-10
10432,115143,0.0006448873
10433,61815,1.989945e-14
10434,80487,8.341332e-16
10435,91141,0.0014779106
10436,4229,1.5969216e-09
10437,51331,0.0005748908
10438,78167,0.0577544
10439,104457,0.0077935676
10440,50708,0.10515246
10441,4714,6.959014e-13
10442,76518,2.5598397e-16
10443,11715,1.844373e-10
10444,65695,2.370822e-20
10445,63642,4.5826263e-11
10446,80189,0.0006029512
10447,73412,0.0006456536
10448,60281,2.2439906e-12
10449,52164,2.4864775e-20
10450,64069,1.2564294e-06
10451,42208,4.0793014e-15
10452,100493,0.044904742
10453,28694,0.016525099
10454,97884,5.032173e-16
10455,95174,7.023845e-14
10456,98733,0.0055391686
10457,39112,8.812047e-05
10458,109214,2.7022462e-15
10459,66426,7.423923e-22
10460,8122,4.9274855e-09
10461,70532,5.428765e-22
10462,24375,2.9678363e-08
10463,115180,7.2704523e-07
10464,34688,6.3140546e-21
10465,87487,5.924362e-05
10466,101071,0.016539916
10467,51212,4.0853224e-06
10468,82774,1.22945875e-14
10469,64666,0.0020933005
10470,115816,0.0077935676
10471,54841,5.0650026e-11
10472,76526,0.047915254
10473,70017,0.005038059
10474,8249,1.2497237e-09
10475,102618,0.010536521
10476,108206,0.0029152634
10477,17336,3.294041e-09
10478,89412,3.102226e-19
10479,42247,0.03092738
10480,93704,0.034557395
10481,7477,2.5474094e-09
10482,822,2.6108697e-07
10483,10557,1.3975908e-10
10484,64824,1.1020418e-14
10485,43429,0.007791001
10486,28300,0.0014636422
10487,2725,0.70558107
10488,110311,9.285568e-06
10489,49305,0.012627624
10490,1917,0.033774532
10491,88742,1.5356623e-17
10492,66831,1.9353433e-10
10493,112380,4.6773253e-06
10494,62086,4.7891824e-09
10495,82752,0.0014779106
10496,65665,2.488291e-19
10497,77449,4.6773253e-06
10498,87099,0.021747567
10499,86290,7.423923e-22
10500,53644,4.6773253e-06
10501,4702,4.5388774e-08
10502,55669,0.0034607893
10503,71643,3.788661e-14
10504,54488,0.0509507
10505,10266,2.4362132e-09
10506,56319,0.00047791377
10507,82696,0.0038427904
10508,97507,0.0038637838
10509,5044,0.005646244
10510,89296,2.3285958e-13
10511,52685,0.0072111264
10512,38479,0.01568494
10513,88365,0.0042710137
10514,101534,0.04616737
10515,65503,5.071879e-21
10516,111060,2.1650828e-12
10517,55681,0.0030657302
10518,38217,6.2691165e-06
10519,11364,0.0047850152
10520,55369,2.588567e-20
10521,30271,0.00010323611
10522,99295,1.9637842e-07
10523,94245,0.036106855
10524,50953,0.05121239
10525,35484,1.6675362e-18
10526,70392,1.4432537e-10
10527,3573,0.0017362648
10528,94469,0.016539916
10529,102160,6.3499047e-27
10530,88807,0.008089195
10531,78243,0.0006456536
10532,52632,1.483744e-07
10533,11898,1.771569e-29
10534,90474,0.06268074
10535,51216,1.0819069e-20
10536,52936,7.4514526e-07
10537,102652,1.7417603e-17
10538,99613,4.1237177e-16
10539,46914,0.010517384
10540,44634,0.003860181
10541,16741,5.985633e-11
10542,58759,0.0403012
10543,10462,8.152678e-08
10544,64115,4.0874615e-06
10545,81610,3.2290297e-12
10546,29676,0.008028029
10547,47425,0.009095178
10548,55440,0.008978341
10549,92808,0.008058755
10550,78741,0.003860181
10551,23611,0.007791001
10552,37871,1.876179e-07
10553,2194,1.4381324e-05
10554,50683,0.007883797
10555,97985,0.032137424
10556,86942,1.1224148e-07
10557,81495,0.005592714
10558,103372,2.2773386e-19
10559,5632,6.2967027e-09
10560,89622,0.0077935676
10561,4084,0.011670537
10562,93956,1.2342393e-19
10563,76529,0.006891227
10564,61346,1.1744876e-14
10565,103034,1.5298044e-16
10566,11147,0.0032681127
10567,76663,1.0858897e-18
10568,92296,4.0850614e-06
10569,76064,4.767837e-09
10570,55064,0.07687515
10571,115067,2.7175483e-07
10572,80668,0.001341142
10573,90454,0.047915254
10574,62940,2.1526672e-09
10575,107169,0.0130470935
10576,70618,3.677826e-16
10577,2575,0.23110333
10578,62463,4.7891824e-09
10579,72667,0.0081034135
10580,112388,1.5743707e-11
10581,58796,0.00052319065
10582,109235,0.029135652
10583,61591,0.0077871648
10584,4231,1.02036167e-22
10585,96487,1.1459809e-15
10586,66170,1.6946307e-17
10587,108486,0.016556531
10588,39274,0.008079731
10589,50915,0.010517384
10590,47727,2.5837468e-17
10591,113462,0.05590158
10592,46393,1.6662578e-11
10593,92820,6.071037e-12
10594,66106,1.3375018e-12
10595,12412,9.516952e-15
10596,84796,0.00093194493
10597,11502,2.071195e-09
10598,11578,0.0031529434
10599,42388,1.39413645e-08
10600,54315,0.016494239
10601,70553,0.0077935676
10602,34271,3.566434e-19
10603,26797,3.2572766e-06
10604,21038,6.140819e-12
10605,3295,4.789605e-08
10606,9760,2.9517552e-10
10607,97580,4.0904642e-06
10608,8047,1.2052656e-07
10609,83186,3.3776446e-06
10610,110613,0.010582884
10611,88054,0.008153063
10612,95114,0.016539916
10613,81359,0.011272258
10614,79087,3.6806154e-18
10615,73999,0.0014779106
10616,54494,0.007883797
10617,10601,2.1929973e-06
10618,43543,0.003860181
10619,106470,0.0074967635
10620,38812,1.7803795e-18
10621,93209,0.021416616
10622,55027,0.00011103304
10623,4844,0.016494239
10624,51403,1.2342393e-19
10625,5805,0.0032691674
10626,64367,1.5079255e-10
10627,56542,0.0006276034
10628,44365,7.146488e-08
10629,62871,0.026713273
10630,61464,1.6329908e-16
10631,48094,7.472293e-05
10632,93175,0.025592234
10633,42538,5.2807097e-19
10634,14136,1.0528976e-19
10635,38762,5.25498e-06
10636,59478,0.044231094
10637,82960,0.0026962867
10638,69064,2.9833372e-11
10639,81831,4.6773253e-06
10640,33579,0.0066678915
10641,13145,5.3377725e-15
10642,103551,2.4718208e-11
10643,25970,8.480904e-08
10644,33808,0.016556531
10645,104284,0.016556531
10646,11518,6.774433e-13
10647,15060,1.2432727e-14
10648,92225,4.2925173e-18
10649,11658,5.985633e-11
10650,108458,3.0358786e-14
10651,108643,4.6796687e-09
10652,69601,2.6792428e-16
10653,17846,2.6948811e-11
10654,70281,9.450206e-15
10655,102451,0.012812877
10656,92060,0.005038059
10657,5898,0.00015451624
10658,75376,0.013391664
10659,11163,9.708579e-08
10660,56393,0.00052319065
10661,74416,1.1517507e-11
10662,31895,0.00011297004
10663,60316,0.016494239
10664,48546,4.7056687e-06
10665,64769,0.0029160744
10666,38261,5.638679e-20
10667,74319,0.0014779106
10668,66032,4.7817523e-09
10669,42869,7.692502e-13
10670,105060,0.032137424
10671,95698,2.9995312e-10
10672,29876,0.003494472
10673,62437,0.047915254
10674,12658,0.03616825
10675,105506,0.00076433754
10676,89722,0.05780216
10677,79432,6.4570523e-16
10678,46118,5.5619353e-06
10679,10530,6.4791232e-12
10680,19914,1.9246531e-10
10681,61642,0.06248945
10682,36651,0.008079731
10683,19972,3.724652e-12
10684,34243,5.72976e-16
10685,84706,0.042199478
10686,18761,5.0505045e-05
10687,105874,7.193154e-07
10688,42048,2.1474436e-08
10689,74027,2.1432372e-08
10690,76899,0.008089195
10691,91414,0.008089195
10692,25123,0.008079731
10693,73277,7.069654e-13
10694,60146,0.029361214
10695,59238,9.993382e-06
10696,28858,1.747404e-05
10697,15875,4.3939123e-09
10698,76203,0.0014779106
10699,83709,0.03847054
10700,51696,1.5110965e-20
10701,22577,0.024727335
10702,81433,3.1164777e-15
10703,79268,3.726617e-10
10704,41106,0.0040524765
10705,102183,0.016539916
10706,108700,0.030200627
10707,75227,0.0006456536
10708,73768,6.8591085e-05
10709,12465,2.918383e-15
10710,76629,9.159859e-18
10711,98660,3.0990384e-05
10712,73751,0.0008937112
10713,2601,1.5574273e-06
10714,107272,7.465676e-13
10715,3504,0.056933496
10716,12152,0.078709215
10717,43774,0.006983701
10718,53094,4.6773253e-06
10719,78978,2.2837535e-06
10720,25867,1.961428e-13
10721,45911,0.0013571137
10722,45831,0.00010369865
10723,1332,0.00021908936
10724,105254,2.6881226e-13
10725,22823,0.016494239
10726,88707,5.6539736e-08
10727,90304,0.006891227
10728,42525,5.0522157e-08
10729,72606,4.6773253e-06
10730,26202,0.0006004586
10731,3549,0.0017362648
10732,24962,1.0662314e-12
10733,39676,8.1309265e-18
10734,114631,0.043045577
10735,60714,0.016494239
10736,49937,0.009132841
10737,96201,0.001341142
10738,34153,3.6667008e-10
10739,54748,0.008028029
10740,75193,1.800574e-20
10741,38428,0.00011448993
10742,43323,1.1183923e-16
10743,113761,4.5879387e-06
10744,79414,1.3432261e-08
10745,2706,0.0002220481
10746,44883,6.7147105e-15
10747,60819,0.0014779106
10748,34995,4.978516e-10
10749,88824,0.005038059
10750,86214,0.044725854
10751,109473,1.9883799e-05
10752,76567,0.021798836
10753,59267,1.9229628e-20
10754,58952,0.0003340852
10755,81715,7.860288e-18
10756,40495,0.04792217
10757,59615,0.00086284574
10758,110592,0.051038433
10759,97957,0.040500082
10760,66236,3.2970404e-12
10761,56386,5.25498e-06
10762,26232,0.024727335
10763,101340,4.635101e-06
10764,81492,0.0014779106
10765,73494,0.008089195
10766,39333,1.2717339e-05
10767,104529,4.925849e-17
10768,89535,1.9229628e-20
10769,62010,0.026713273
10770,31732,0.003860181
10771,109477,0.017673109
10772,114798,7.2704523e-07
10773,46833,1.7080564e-12
10774,36568,2.5803212e-08
10775,94810,0.030252894
10776,63028,4.6773253e-06
10777,25160,0.008079731
10778,88471,0.047915254
10779,99396,4.6773253e-06
10780,25528,3.7300335e-16
10781,5902,7.546526e-08
10782,2595,0.008123187
10783,47040,6.1186754e-12
10784,52827,1.0061629e-18
10785,13105,5.695634e-08
10786,115924,0.0006456536
10787,18765,1.9000671e-12
10788,13912,8.7087477e-07
10789,79543,0.005038059
10790,108514,4.0894893e-06
10791,9100,1.072985e-18
10792,94930,0.010517384
10793,25876,3.7300335e-16
10794,76210,3.9311395e-18
10795,56332,0.047915254
10796,1624,6.9929294e-05
10797,112641,6.7727153e-09
10798,39484,1.1183923e-16
10799,81810,0.0045458595
10800,115477,0.0077562737
10801,54318,7.58435e-11
10802,37243,0.008079731
10803,22875,7.5714226e-20
10804,42564,0.016525099
10805,9698,0.011684538
10806,113933,1.7089597e-15
10807,32501,0.0003780893
10808,3008,0.00020517665
10809,91790,0.0014779106
10810,43192,6.747183e-10
10811,41950,0.0054120566
10812,23698,3.7526766e-12
10813,45263,0.0021603084
10814,18875,4.7055823e-12
10815,81786,0.0006456536
10816,49799,4.0853224e-06
10817,42007,5.762454e-07
10818,775,2.964355e-13
10819,71195,3.3776446e-06
10820,52299,1.6205448e-13
10821,83549,0.00011818126
10822,71332,0.047915254
10823,48805,0.0006956626
10824,13716,1.1077839e-19
10825,65731,1.5745239e-06
10826,14417,1.0887177e-27
10827,20997,1.7429367e-17
10828,46710,0.09714703
10829,114308,0.0074967635
10830,72841,0.0006942356
10831,10919,1.3653575e-08
10832,45232,0.0072107604
10833,32416,0.016556531
10834,24077,2.24339e-07
10835,55287,9.427265e-16
10836,47049,0.000535896
10837,9551,1.1231805e-09
10838,110766,2.5928134e-15
10839,51408,0.0015751387
10840,33412,0.016556531
10841,15236,1.033433e-08
10842,22153,0.008079731
10843,66432,4.7817523e-09
10844,57296,9.334173e-12
10845,3734,1.2013067e-24
10846,55238,4.8256987e-15
10847,24293,0.0027424477
10848,64484,9.395834e-12
10849,28044,2.619474e-17
10850,44067,0.005038059
10851,6318,0.02035345
10852,26292,0.003860181
10853,85108,5.071879e-21
10854,22275,4.063181e-15
10855,8287,6.659903e-11
10856,78007,9.987234e-15
10857,22554,1.7142184e-12
10858,103255,1.39935366e-14
10859,35218,1.2248156e-13
10860,75711,0.015734917
10861,19294,9.370835e-15
10862,12052,1.2634762e-24
10863,114877,9.922868e-05
10864,58376,0.013391664
10865,54739,0.005038059
10866,4273,1.4423032e-08
10867,45505,0.00012665114
10868,50215,0.009132841
10869,7813,1.3671074e-10
10870,67466,0.008089195
10871,101439,0.06282126
10872,103589,0.05590158
10873,87267,7.2308158e-06
10874,67425,1.03121865e-05
10875,10392,1.1344581e-09
10876,18338,1.4302258e-18
10877,67781,6.320823e-22
10878,87175,0.002915908
10879,58971,0.006891227
10880,3,6.255992e-05
10881,66132,3.0637295e-22
10882,101232,0.00050368113
10883,92250,7.7644725e-19
10884,22672,0.05589207
10885,70224,0.0038637838
10886,103227,1.03977885e-17
10887,80429,0.026748953
10888,91761,0.047915254
10889,63998,1.5745239e-06
10890,7694,0.011684538
10891,97868,1.056455e-10
10892,16017,4.3939123e-09
10893,57318,0.01568494
10894,39893,0.024727335
10895,90715,0.006964409
10896,22329,7.0503465e-06
10897,18896,0.016494239
10898,57309,0.0005574171
10899,16683,0.025535604
10900,68052,1.1020418e-14
10901,104690,1.03414964e-10
10902,10744,0.024790043
10903,7407,0.0053577055
10904,35018,4.5599544e-12
10905,67756,6.77455e-05
10906,115706,7.4829886e-19
10907,115414,0.0068957317
10908,26964,0.0077562737
10909,104109,0.03035353
10910,73856,0.036543068
10911,13695,2.9243955e-26
10912,18224,1.1550019e-19
10913,97407,0.026802782
10914,111965,6.793035e-07
10915,80743,1.1833814e-17
10916,33413,0.057819508
10917,93668,9.941555e-13
10918,48694,1.1020418e-14
10919,100860,0.003844196
10920,100152,0.008091315
10921,91841,1.17677324e-07
10922,53488,2.5135938e-10
10923,3062,0.00065712864
10924,67612,0.047915254
10925,69049,0.0069732657
10926,115214,0.020315628
10927,26414,0.016525099
10928,82756,0.0032441774
10929,44417,6.8754087e-09
10930,45655,6.833112e-06
10931,64888,2.5509885e-16
10932,114758,1.985011e-20
10933,42149,5.338707e-16
10934,107933,0.028064068
10935,20731,7.4898765e-10
10936,74796,0.00020048891
10937,75188,0.0006942356
10938,26950,1.0188296e-06
10939,29133,0.009455685
10940,52355,1.411319e-06
10941,89575,0.0077935676
10942,112348,1.1205834e-08
10943,92916,0.0007850549
10944,113611,3.2756082e-09
10945,68611,0.02471286
10946,2778,1.0272508e-07
10947,96817,0.0077935676
10948,39825,4.407664e-08
10949,11816,3.0285058e-17
10950,85497,0.0013393838
10951,2051,0.0005241385
10952,56403,0.0021464638
10953,85836,3.1326277e-08
10954,90944,4.6773253e-06
10955,51380,0.008028029
10956,40245,0.03636212
10957,75866,1.1393133e-20
10958,4678,1.2965509e-07
10959,70191,0.0077935676
10960,112369,5.976373e-10
10961,60920,0.0007850549
10962,51923,3.5088096e-06
10963,34989,4.831661e-06
10964,43441,0.007791001
10965,72947,0.008089195
10966,109656,0.008091315
10967,58424,0.00045334126
10968,1652,1.8821362e-09
10969,78801,4.46644e-11
10970,68606,0.008089195
10971,100292,5.4011666e-15
10972,85711,0.018354623
10973,28648,5.25498e-06
10974,87131,1.4158924e-21
10975,23464,6.0891816e-17
10976,27120,4.2572598e-11
10977,40216,0.09201539
10978,60901,0.037019238
10979,115420,4.0299445e-16
10980,80746,0.008089195
10981,2463,4.6192977e-08
10982,65874,1.1020418e-14
10983,76285,0.0014779106
10984,44244,5.081923e-09
10985,31185,3.6566344e-06
10986,104100,4.505085e-08
10987,41357,1.3143933e-25
10988,75201,0.0015276042
10989,2695,3.0047764e-10
10990,42362,5.923739e-17
10991,26821,0.08138075
10992,86482,0.21348888
10993,12078,0.005053979
10994,75850,0.0020921822
10995,22016,2.9365796e-19
10996,59964,2.9103532e-07
10997,65171,9.102237e-20
10998,39896,0.00019149193
10999,43812,4.2966434e-07
11000,37209,0.001341142
11001,20561,3.1560853e-18
11002,70743,0.0014779106
11003,15145,0.0036370647
11004,28190,1.4877334e-05
11005,43357,0.0038427904
11006,25457,0.015318835
11007,61412,0.009099318
11008,76117,3.3776446e-06
11009,36620,0.05467183
11010,38532,1.2453736e-17
11011,95518,0.048003506
11012,47949,0.0043147327
11013,26448,2.3089035e-08
11014,70228,1.9626745e-09
11015,15544,2.088382e-05
11016,98029,3.5255824e-12
11017,84105,0.0069885333
11018,103827,0.004732071
11019,90617,0.044725854
11020,115972,0.004520226
11021,60408,3.5434618e-07
11022,24577,0.003860181
11023,21155,0.00019491534
11024,99203,0.008091315
11025,86021,1.104739e-08
11026,51791,0.016494239
11027,103815,2.3512578e-14
11028,10577,2.9165999e-09
11029,60102,4.5896544e-13
11030,9810,8.8971494e-05
11031,42035,5.25498e-06
11032,35868,0.025592234
11033,52694,0.0018549177
11034,86042,2.7736158e-10
11035,93036,7.99338e-07
11036,54924,0.005038059
11037,47001,0.0034809986
11038,82617,0.047915254
11039,86128,0.030200627
11040,93129,1.0487209e-11
11041,6651,0.0031529434
11042,11476,0.011661306
11043,83683,5.971308e-12
11044,22365,7.57379e-28
11045,84386,0.0014779106
11046,50241,0.0034673691
11047,78154,0.031797543
11048,24094,3.6852105e-10
11049,53614,0.014581853
11050,113955,0.0076280036
11051,93685,1.3405601e-14
11052,38296,5.782683e-22
11053,63031,0.047915254
11054,112539,3.658917e-18
11055,41580,0.008079731
11056,19561,0.026713273
11057,46029,1.3560827e-14
11058,63462,1.7290512e-08
11059,58922,0.004262849
11060,7896,0.008079731
11061,88874,0.0038427904
11062,22026,0.0024382365
11063,62136,0.01568494
11064,15690,5.767774e-20
11065,111419,4.2650683e-08
11066,107438,2.3899446e-07
11067,49029,0.0077562737
11068,37131,0.0013748176
11069,45728,1.0410304e-22
11070,105355,4.6773253e-06
11071,21261,9.5500656e-11
11072,105959,0.051038433
11073,83056,2.2847406e-14
11074,87141,0.026802782
11075,16041,1.1550019e-19
11076,29696,0.008028029
11077,106351,0.06907045
11078,79171,1.4631295e-14
11079,57390,2.3950288e-06
11080,82793,3.080798e-19
11081,115054,7.049604e-17
11082,26444,0.007791001
11083,81370,0.00047735378
11084,32998,0.04190564
11085,115346,0.00016031544
11086,21706,1.2574317e-10
11087,100561,0.021416616
11088,104030,0.04818268
11089,21532,3.006316e-08
11090,113547,1.640628e-06
11091,89884,1.4795157e-10
11092,13529,6.979255e-07
11093,90660,2.4894383e-05
11094,68830,1.5275106e-11
11095,75906,0.00046739265
11096,24370,0.007791001
11097,10130,2.9517552e-10
11098,13167,1.5245883e-11
11099,71859,0.025684046
11100,10887,3.7925423e-11
11101,31749,4.8979157e-08
11102,79761,0.026459238
11103,85676,4.8089758e-15
11104,69206,0.016494239
11105,74626,1.0446981e-07
11106,103757,1.5793182e-06
11107,83425,0.00022624209
11108,75831,0.00031966768
11109,88999,4.7891824e-09
11110,70624,0.059635594
11111,55983,1.1706465e-12
11112,60015,0.0029160744
11113,1353,4.727498e-19
11114,24058,1.04842975e-17
11115,3371,7.5700534e-08
11116,52837,0.020164473
11117,61899,0.001001919
11118,29578,2.0052035e-11
11119,65798,0.09991364
11120,105354,0.0047083725
11121,21289,2.779398e-18
11122,55633,0.017118597
11123,29553,0.003494472
11124,58198,4.0299445e-16
11125,82597,6.11076e-05
11126,20235,1.8937157e-10
11127,78048,0.016494239
11128,96982,0.0038637838
11129,59540,0.0509507
11130,8602,1.35264916e-11
11131,88129,3.758809e-08
11132,51181,1.2342393e-19
11133,105985,9.056741e-17
11134,104066,1.1731111e-17
11135,59602,0.13538873
11136,19402,0.008047925
11137,55326,0.059635594
11138,18919,2.8551064e-10
11139,92021,1.3616144e-13
11140,39787,2.5334255e-06
11141,109399,1.5782356e-13
11142,59830,0.00053119083
11143,44834,0.0029201212
11144,48334,0.0007278738
11145,12615,6.938769e-11
11146,111790,4.6773253e-06
11147,89064,0.0053092
11148,43828,0.083558194
11149,1422,6.942883e-08
11150,100543,8.502877e-06
11151,17290,8.206248e-24
11152,47491,8.5660156e-07
11153,35121,0.005698262
11154,69779,0.047915254
11155,13915,0.030200627
11156,96879,1.2167922e-05
11157,83466,6.391479e-14
11158,39948,0.007791001
11159,62290,0.0020921822
11160,50917,0.010517384
11161,16321,8.475338e-24
11162,25258,0.024727335
11163,45426,0.026713273
11164,45898,9.479823e-28
11165,46709,0.016556531
11166,36590,0.6323156
11167,18538,2.3356293e-16
11168,91709,1.0751655e-09
11169,98810,0.00034392896
11170,105057,0.016556531
11171,22550,6.7732026e-10
11172,14983,5.24177e-13
11173,42020,2.8008113e-05
11174,7279,5.940677e-05
11175,44246,1.5123319e-18
11176,39617,0.008079731
11177,63095,0.0049185366
11178,60632,7.472293e-05
11179,113847,1.3008927e-05
11180,87236,4.707532e-15
11181,101435,0.008091315
11182,106169,3.079563e-20
11183,101378,0.0068923165
11184,55587,0.0042712325
11185,83603,0.02050013
11186,16034,1.4430354e-15
11187,78841,4.1409538e-13
11188,15841,2.6985619e-20
11189,82121,4.925849e-17
11190,79527,0.010517384
11191,16260,2.0542666e-27
11192,7829,3.7706605e-10
11193,39608,0.004762553
11194,105637,0.023385746
11195,97735,1.093375e-12
11196,31048,5.2070924e-13
11197,91366,8.494115e-23
11198,64919,0.008655971
11199,64719,1.6558651e-12
11200,50778,0.20982486
11201,96900,2.077364e-06
11202,69161,6.8156035e-18
11203,112925,0.013195704
11204,70041,4.892199e-09
11205,11455,0.0031529434
11206,15252,1.1197244e-08
11207,57756,0.00028816046
11208,103220,1.4379282e-06
11209,54967,1.6524496e-14
11210,90224,0.00016252566
11211,43045,0.0072107604
11212,37308,6.7067814e-13
11213,47737,0.01050044
11214,78740,3.6815676e-12
11215,54094,4.152046e-11
11216,23861,3.7787606e-21
11217,14497,3.8569e-06
11218,6078,2.3917184e-07
11219,36799,7.519427e-16
11220,109694,1.1261831e-06
11221,93369,0.051038433
11222,18412,0.083072715
11223,92946,3.163388e-19
11224,44360,0.0267177
11225,7677,0.0032691674
11226,79816,0.016494239
11227,33868,4.0419692e-08
11228,39750,0.01568494
11229,76860,1.2876504e-07
11230,30756,6.1745567e-07
11231,101903,1.2370772e-11
11232,7934,4.6732048e-08
11233,5404,0.012855764
11234,95807,0.026802782
11235,27717,5.5518425e-16
11236,2919,0.0017362648
11237,75803,0.015734917
11238,7328,1.3659463e-08
11239,33300,9.692618e-18
11240,65363,8.107272e-16
11241,70979,4.6773253e-06
11242,49601,0.019523552
11243,52670,0.0014779106
11244,102146,1.4158924e-21
11245,23557,3.4112786e-11
11246,63635,0.10922448
11247,3228,1.4464072e-09
11248,43514,0.03092738
11249,112670,0.00047547166
11250,79520,0.007883797
11251,112338,3.3776446e-06
11252,31315,0.025853444
11253,62331,0.008047925
11254,92364,0.047915254
11255,79146,0.0029159163
11256,101668,6.493715e-14
11257,85424,4.471128e-11
11258,85655,0.0014779106
11259,34942,0.009132841
11260,40914,0.3783093
11261,113880,0.016556531
11262,15460,4.573558e-28
11263,45338,0.014581853
11264,26432,0.024727335
11265,106859,0.008091315
11266,111627,0.07117313
11267,65182,4.7817523e-09
11268,97209,0.048119143
11269,97435,0.004273326
11270,43356,0.006983701
11271,84672,0.004262849
11272,82275,4.0676733e-25
11273,50757,0.010517384
11274,20768,1.1405855e-16
11275,59023,1.5738356e-12
11276,15829,0.003849625
11277,24253,0.007791001
11278,91534,0.028968716
11279,94986,4.6773253e-06
11280,94959,2.071675e-11
11281,28916,6.152515e-05
11282,3273,0.011684538
11283,80607,0.016494239
11284,17364,1.3245756e-06
11285,23356,0.016494239
11286,80812,3.1053185e-06
11287,20302,7.869298e-08
11288,90802,1.03121865e-05
11289,10126,0.048161574
11290,52612,0.044231094
11291,57392,4.6514187e-06
11292,84245,0.008089195
11293,46012,2.0792268e-05
11294,16832,1.8212338e-22
11295,105719,5.351962e-07
11296,57910,0.0002659857
11297,3311,0.0062888265
11298,46901,1.1883633e-07
11299,38578,1.3325795e-16
11300,111692,0.0008505742
11301,10286,0.0031529434
11302,61657,6.901342e-17
11303,109250,1.2167922e-05
11304,107989,1.2247351e-07
11305,29504,0.008028029
11306,7721,0.00037575368
11307,105822,8.489187e-09
11308,16246,1.0017792e-15
11309,62389,1.4158924e-21
11310,11457,7.7300444e-11
11311,102985,2.9624304e-15
11312,59743,2.0459917e-20
11313,77479,3.9597454e-13
11314,55755,0.0013494677
11315,76704,0.008089195
11316,18629,1.7500383e-10
11317,92001,0.0024991932
11318,106215,7.804664e-08
11319,71852,0.047915254
11320,63974,4.7891824e-09
11321,76466,0.0509507
11322,3539,0.0031490463
11323,19711,7.5765986e-19
11324,74365,0.016494239
11325,100201,0.029305182
11326,18635,8.112375e-09
11327,46391,2.8389497e-15
11328,43957,0.19031109
11329,26132,1.3205257e-16
11330,66858,1.3179055e-21
11331,68080,0.025651136
11332,92670,0.032263808
11333,34485,0.020164473
11334,26017,0.0015968273
11335,105999,4.6773253e-06
11336,113780,5.885681e-14
11337,38119,0.026713273
11338,77492,6.1685976e-11
11339,111190,0.009567131
11340,44860,0.005038059
11341,84248,0.0013815863
11342,74595,2.3325864e-14
11343,78822,4.892199e-09
11344,45187,0.008079731
11345,69312,0.0014779106
11346,57905,0.024806844
11347,25779,1.4409278e-16
11348,80061,2.9988136e-08
11349,3510,1.2681496e-06
11350,43661,9.8804916e-14
11351,36945,0.024727335
11352,2836,0.0031490463
11353,102306,0.006891227
11354,11656,1.27229805e-05
11355,37498,4.924117e-11
11356,8561,1.399591e-06
11357,75628,2.7956622e-14
11358,26471,7.348062e-18
11359,41107,0.06139194
11360,108798,0.07093826
11361,77522,0.020329589
11362,88953,0.026802782
11363,10113,2.9517552e-10
11364,88458,0.016539916
11365,33756,0.0021339823
11366,21265,0.007200391
11367,25617,0.008079731
11368,77335,0.012865722
11369,74166,0.0007850549
11370,56251,0.0077562737
11371,114070,4.6773253e-06
11372,46512,1.4440573e-06
11373,107841,0.033312056
11374,43926,3.984271e-06
11375,4582,8.411445e-07
11376,9717,4.789605e-08
11377,50476,1.31166284e-11
11378,47176,4.7862676e-07
11379,42017,0.003860181
11380,72466,0.00016252566
11381,26624,0.016525099
11382,15712,0.030172644
11383,37546,0.016525099
11384,62849,0.0136319995
11385,100344,0.0020933005
11386,6656,4.789605e-08
11387,83219,1.3549244e-06
11388,42662,1.1764735e-15
11389,74918,0.0053092
11390,40575,2.3282908e-08
11391,35136,0.0001429099
11392,25929,1.448305e-11
11393,70771,0.0403012
11394,9160,2.8384409e-15
11395,11809,4.13649e-26
11396,17958,0.03616825
11397,15011,8.875003e-08
11398,105080,0.00016252566
11399,115642,1.0584593e-11
11400,5417,0.008123187
11401,110351,1.4027407e-16
11402,110965,0.0014796258
11403,69819,1.4055625e-10
11404,28528,1.2636019e-16
11405,45429,0.004262849
11406,91785,0.0014779106
11407,64001,2.2820108e-17
11408,88237,1.3244607e-05
11409,101216,1.4967094e-11
11410,76493,7.671881e-18
11411,104113,0.0014796258
11412,67316,0.025684046
11413,61378,2.3285958e-13
11414,79798,0.016539916
11415,59547,0.047915254
11416,103675,0.016556531
11417,54321,3.1316314e-11
11418,52968,9.147472e-16
11419,92040,0.0005001208
11420,52572,0.0014779106
11421,39192,1.7803795e-18
11422,70223,0.02471286
11423,55844,0.016494239
11424,10197,0.0031529434
11425,23648,0.0007064187
11426,74996,0.005038059
11427,20832,0.0050910385
11428,100608,1.9487057e-12
11429,51134,1.3326841e-19
11430,114271,0.0014796258
11431,87450,1.0000097e-11
11432,6268,6.2967027e-09
11433,40239,2.6234486e-05
11434,22089,1.3303138e-24
11435,7059,4.8131042e-08
11436,85520,0.0014779106
11437,41305,5.253872e-09
11438,2286,0.37385133
11439,14093,0.010517384
11440,63625,0.0013815863
11441,111092,0.043798253
11442,110720,1.3437907e-06
11443,65347,0.0029160744
11444,94328,4.076727e-11
11445,110190,5.167347e-10
11446,55406,3.566434e-19
11447,20826,9.9313314e-05
11448,81161,0.0038637838
11449,9925,4.2441275e-10
11450,13951,0.01568494
11451,114983,5.757491e-11
11452,98349,4.635101e-06
11453,33387,0.016494239
11454,73411,0.0006456536
11455,3496,4.9274855e-09
11456,46802,4.963852e-12
11457,106987,0.0043459623
11458,102811,0.0004243776
11459,16278,0.0509507
11460,43773,0.024727335
11461,21428,0.005706795
11462,21298,7.6178055e-20
11463,74370,0.0014779106
11464,62874,0.010837356
11465,102406,2.3937773e-06
11466,71119,0.016494239
11467,33315,4.9895457e-09
11468,59673,0.0074510034
11469,69689,0.030188166
11470,25007,1.22414585e-05
11471,49950,5.25498e-06
11472,97366,2.7356743e-08
11473,77148,0.00088066544
11474,41679,0.007791001
11475,5440,3.4226089e-09
11476,13109,1.2013067e-24
11477,71418,0.023389323
11478,92918,1.410504e-10
11479,87125,2.097295e-11
11480,27452,4.0299445e-16
11481,21775,0.024727335
11482,11491,3.123741e-07
11483,53666,0.0014779106
11484,86569,0.031924915
11485,58377,9.142995e-26
11486,62142,0.001341142
11487,4577,0.024790043
11488,73874,0.006964409
11489,19842,2.4715706e-15
11490,101887,0.0014782526
11491,63696,0.12381386
11492,66316,5.425712e-05
11493,114484,0.008028029
11494,45267,0.009095178
11495,67039,0.047915254
11496,5159,7.57379e-28
11497,110422,0.0053492733
11498,369,0.0013641858
11499,35245,0.004262849
11500,29086,0.008028029
11501,11713,0.0031529434
11502,40490,0.022801192
11503,67185,0.0029168383
11504,25689,3.6450812e-19
11505,85759,1.8878234e-17
11506,105265,4.0894893e-06
11507,94215,3.9496157e-09
11508,91349,0.0074967635
11509,65523,3.3872766e-11
11510,106759,0.028968716
11511,28368,1.3112655e-06
11512,88095,0.00018775302
11513,72280,0.02471286
11514,43118,1.8591244e-06
11515,2805,0.0062888265
11516,86680,1.7088058e-12
11517,112071,1.8905735e-20
11518,56630,0.047915254
11519,44801,0.010517384
11520,62369,0.006891227
11521,42866,3.7300335e-16
11522,114649,1.1686585e-16
11523,77051,2.831984e-15
11524,107427,0.04818268
11525,21617,0.10670696
11526,111303,1.0752414e-05
11527,29292,4.0299445e-16
11528,102344,4.0904642e-06
11529,114598,1.0925313e-07
11530,25772,2.1032965e-18
11531,61026,0.026459238
11532,613,3.65726e-16
11533,14278,0.016494239
11534,101895,0.03951101
11535,76131,3.7372536e-09
11536,1292,8.56465e-09
11537,64355,1.8942152e-09
11538,98734,0.0014779106
11539,11863,1.6867417e-11
11540,7543,0.0044137095
11541,47328,0.024727335
11542,16941,0.0016428377
11543,18196,1.0917035e-20
11544,8954,2.375658e-07
11545,22629,1.0827388e-09
11546,31560,1.1469746e-21
11547,10539,0.004560521
11548,19510,0.016494239
11549,65552,2.370822e-20
11550,47412,0.016525099
11551,33702,3.755338e-28
11552,70473,0.0019512939
11553,68630,0.047915254
11554,35759,0.0577544
11555,44835,5.155958e-28
11556,111514,5.1952355e-07
11557,25093,1.0772182e-09
11558,5582,1.1788664e-10
11559,114479,0.051038433
11560,89186,0.0008937112
11561,38508,3.6566344e-06
11562,81189,0.007883797
11563,36874,0.0005442905
11564,78668,0.013391664
11565,20730,6.8696426e-16
11566,57470,0.01568494
11567,10334,2.9931502e-12
11568,109093,1.0725556e-06
11569,63140,0.03092738
11570,92277,4.6773253e-06
11571,26853,0.007791001
11572,110227,0.005038059
11573,53070,1.11265714e-14
11574,80526,1.0357913e-19
11575,23174,4.050637e-19
11576,4810,0.0062888265
11577,60474,0.0036370647
11578,16867,4.3939123e-09
11579,92528,0.02471286
11580,20342,0.12383192
11581,39872,3.0829713e-20
11582,13703,0.024790043
11583,115906,2.142401e-06
11584,69603,0.0043147327
11585,39014,0.028968716
11586,8204,0.00037575368
11587,104792,5.50052e-06
11588,74221,0.06248945
11589,75659,0.016494239
11590,31770,0.0072111264
11591,7579,0.091152444
11592,106715,0.016556531
11593,55020,0.009132841
11594,103605,0.04818268
11595,37979,1.7289298e-11
11596,78423,0.0029160744
11597,67737,7.2639973e-13
11598,96208,4.6773253e-06
11599,90672,5.2127294e-08
11600,34465,0.0509507
11601,114517,2.785925e-07
11602,13520,8.4226665e-18
11603,41567,4.2088513e-10
11604,97174,0.0040524765
11605,8662,9.879214e-13
11606,100843,0.005592714
11607,106619,0.07227391
11608,98742,3.1566568e-22
11609,22002,0.016006766
11610,105875,2.4639642e-15
11611,88346,1.22266945e-11
11612,86968,0.0008505742
11613,112667,0.0039097727
11614,106572,4.4072824e-13
11615,107398,2.3899446e-07
11616,4653,2.217588e-07
11617,89017,3.3598395e-11
11618,96256,0.0038637838
11619,69546,3.677826e-16
11620,71620,0.024714908
11621,21351,5.087487e-10
11622,65563,2.2138378e-22
11623,85630,1.411319e-06
11624,2499,0.0017362648
11625,63593,3.2933013e-08
11626,24537,1.6244123e-14
11627,29328,0.008028029
11628,39922,0.028322274
11629,69368,0.0014779106
11630,24359,6.787938e-20
11631,82097,4.154267e-07
11632,105771,0.051038433
11633,102265,7.4455963e-13
11634,89415,0.029361214
11635,13085,1.00886037e-19
11636,62784,1.03977885e-17
11637,88247,1.3307655e-09
11638,56373,0.00024404985
11639,45195,0.015562184
11640,30048,0.00016841282
11641,97337,1.6286057e-15
11642,48124,4.6773253e-06
11643,26156,0.0509507
11644,65089,2.08252e-13
11645,16131,2.0542666e-27
11646,70495,0.08138075
11647,69577,0.06907045
11648,88743,0.029361214
11649,71638,1.3556233e-05
11650,33805,0.0038427904
11651,60203,0.01568494
11652,11819,2.961371e-13
11653,46014,0.19031109
11654,29351,0.03092738
11655,46294,6.991999e-16
11656,100135,3.331354e-11
11657,98069,2.7348088e-07
11658,63676,1.9462417e-17
11659,83139,0.007883797
11660,45754,0.003860181
11661,61739,1.09601e-12
11662,62800,0.07093826
11663,12694,1.7435162e-16
11664,112658,0.0039097727
11665,86881,7.196259e-13
11666,16669,1.0708064e-24
11667,89096,4.0883583e-06
11668,5599,1.8002005e-08
11669,6864,0.0062888265
11670,56702,0.033784725
11671,95657,0.016539916
11672,71151,1.2636019e-16
11673,17590,0.0509507
11674,47333,0.010837356
11675,66174,3.2094646e-21
11676,24872,0.00011448993
11677,79565,0.0075494484
11678,111538,0.0077562737
11679,113368,0.009132841
11680,45649,2.3710858e-07
11681,16976,0.0509507
11682,40276,4.0832733e-06
11683,32976,1.7059869e-18
11684,62221,0.016494239
11685,36475,9.360096e-08
11686,50678,1.4212852e-17
11687,68255,0.0006456536
11688,85155,7.25389e-13
11689,96523,0.0038637838
11690,85671,3.5967165e-08
11691,114655,4.930128e-20
11692,73758,0.009899596
11693,23148,1.1005994e-24
11694,26880,4.9895457e-09
11695,2245,2.3917184e-07
11696,34756,0.010842438
11697,17444,2.0352643e-07
11698,67758,0.0006456536
11699,60458,7.730518e-18
11700,86609,2.8928653e-09
11701,8046,8.004878e-08
11702,115979,0.004812495
11703,9993,2.1722907e-10
11704,58498,9.035033e-10
11705,6775,6.725372e-08
11706,85263,1.2895946e-11
11707,37568,0.016525099
11708,63494,0.00050368113
11709,5551,0.0031529434
11710,12646,5.726567e-17
11711,75661,4.767837e-09
11712,90812,1.8691935e-08
11713,52738,5.4423194e-06
11714,103004,2.3349665e-19
11715,63199,8.8050086e-13
11716,71389,0.010517384
11717,68552,2.2980559e-19
11718,35212,0.0072111264
11719,59092,0.0070778257
11720,115857,0.0006456536
11721,2816,3.596936e-08
11722,109242,0.008091315
11723,107241,0.0029152634
11724,41039,0.016494239
11725,78128,4.218622e-11
11726,50523,8.081584e-23
11727,31774,2.929878e-26
11728,29605,1.1924565e-12
11729,21469,5.890537e-20
11730,61871,3.148475e-17
11731,28278,2.21983e-10
11732,92897,0.000506739
11733,47441,2.858407e-11
11734,43875,0.0001526223
11735,47854,4.892199e-09
11736,91613,8.2818746e-18
11737,72102,4.1884874e-13
11738,7911,5.985633e-11
11739,46186,0.008079731
11740,32252,3.9299675e-07
11741,76738,7.5015695e-18
11742,94088,4.6773253e-06
11743,41546,0.0013641858
11744,5613,7.083966e-08
11745,10874,0.0031529434
11746,114863,3.3305812e-17
11747,22321,1.8297766e-09
11748,3241,1.4023933e-08
11749,46193,3.979533e-15
11750,99711,0.0047046267
11751,89718,0.047915254
11752,87940,0.009092403
11753,115479,0.040500082
11754,108950,0.04821274
11755,21317,1.5169284e-14
11756,40484,1.1362078e-07
11757,88176,0.0077935676
11758,92987,0.004267904
11759,85493,0.027135313
11760,45711,0.0038987673
11761,2067,0.002238674
11762,93087,1.1210556e-12
11763,111258,0.005038059
11764,19846,0.039078597
11765,78683,1.4158924e-21
11766,1954,3.4125748e-14
11767,74813,0.12564132
11768,94541,0.05780216
11769,36065,0.0038427904
11770,113220,5.0475965e-06
11771,25947,0.031924915
11772,24470,2.707591e-05
11773,111868,0.005352778
11774,11108,9.027141e-06
11775,25,6.886249e-09
11776,89723,0.0038427904
11777,33127,1.1731111e-17
11778,59123,0.0403012
11779,32880,0.27919546
11780,52211,3.210662e-07
11781,28835,5.0189802e-17
11782,23919,1.8254184e-10
11783,59767,4.2467065e-08
11784,49978,0.008028029
11785,1627,7.676922e-09
11786,54457,0.012948824
11787,115637,3.3643403e-19
11788,26117,4.0358525e-08
11789,2216,8.8131495e-11
11790,49962,0.0029175638
11791,70552,0.010517384
11792,2815,3.596936e-08
11793,112277,0.009132841
11794,90537,0.019932976
11795,109277,4.6773253e-06
11796,80249,0.008089195
11797,14097,0.010517384
11798,46266,1.8395963e-16
11799,93434,0.042376153
11800,27501,0.0006004586
11801,93616,0.047915254
11802,60487,3.3776446e-06
11803,19086,3.4809004e-16
11804,50870,2.3850328e-08
11805,26828,0.005038059
11806,70222,0.0005748908
11807,16859,0.008047925
11808,88659,0.016539916
11809,1350,0.004454616
11810,23969,1.2518326e-24
11811,32965,3.161511e-16
11812,32066,0.0077562737
11813,20196,7.5765986e-19
11814,106827,0.0048150187
11815,104565,9.954313e-19
11816,45791,6.787938e-20
11817,105389,0.04818268
11818,47081,8.7900624e-08
11819,54629,2.2907589e-17
11820,95515,5.1555202e-15
11821,95357,0.06248945
11822,69435,5.844701e-11
11823,92625,0.047915254
11824,3380,1.3628851e-09
11825,75793,0.015734917
11826,46248,0.008079731
11827,16095,9.2685e-19
11828,32477,0.00053740235
11829,28492,0.044231094
11830,39692,1.0368308e-12
11831,80960,1.1020418e-14
11832,35161,4.1594665e-18
11833,109215,5.4455697e-13
11834,53456,0.0038427904
11835,24954,3.4840597e-10
11836,34463,0.024806844
11837,21613,0.0013641858
11838,98024,0.0038637838
11839,89394,0.016539916
11840,8048,0.0017362167
11841,95166,2.7270814e-06
11842,7587,0.008346664
11843,87242,1.9588597e-09
11844,32447,6.78557e-16
11845,80688,0.008089195
11846,84022,5.25498e-06
11847,2807,8.557377e-07
11848,102905,0.0077562737
11849,47776,9.822584e-13
11850,113304,4.6773253e-06
11851,5593,7.438257e-17
11852,93055,0.0029168383
11853,71537,2.7685383e-20
11854,94462,3.216508e-16
11855,37166,0.016556531
11856,23433,4.7505337e-06
11857,111307,0.00081616663
11858,111690,0.042376153
11859,4463,0.11344382
11860,26634,0.016525099
11861,45438,0.0509507
11862,78809,3.1910665e-14
11863,46621,0.016525099
11864,107203,1.1298623e-10
11865,49046,2.8008113e-05
11866,40526,3.0194828e-26
11867,78295,7.0503465e-06
11868,83092,0.008089195
11869,39337,0.016494239
11870,113305,0.002418666
11871,71730,0.005038059
11872,79526,6.633855e-06
11873,56740,2.588567e-20
11874,104095,1.8736378e-19
11875,87321,2.0207544e-10
11876,94872,8.801222e-11
11877,65352,6.6029233e-22
11878,82796,9.96816e-16
11879,65685,0.0029160744
11880,16535,9.000933e-12
11881,67720,0.010517384
11882,27711,5.3693046e-15
11883,24241,0.008079731
11884,14128,5.3377725e-15
11885,72276,0.008089195
11886,83654,3.2590887e-27
11887,50378,0.013828899
11888,21565,1.1376604e-17
11889,38602,2.9196776e-13
11890,8077,0.15083064
11891,53174,1.793023e-10
11892,49891,5.8315486e-08
11893,62026,0.006983701
11894,85498,0.008089195
11895,770,4.3939123e-09
11896,99330,7.4162534e-07
11897,8528,0.00330176
11898,5515,1.5081513e-08
11899,108933,0.0030245748
11900,100738,0.0029160744
11901,64197,1.2043261e-16
11902,83767,0.0049185366
11903,78876,1.2116463e-05
11904,23352,4.2561416e-10
11905,69144,4.892199e-09
11906,56258,1.27380915e-08
11907,83827,9.9313314e-05
11908,90742,0.047915254
11909,92150,1.3331501e-06
11910,34802,0.008028029
11911,51365,1.7798895e-19
11912,50197,0.008163503
11913,18541,1.3652202e-07
11914,80994,0.008562871
11915,105513,4.6773253e-06
11916,49240,0.006891227
11917,18817,1.411319e-06
11918,9069,3.1966547e-09
11919,95339,4.635101e-06
11920,82869,0.010517384
11921,66797,4.7891824e-09
11922,57997,6.9819205e-17
11923,39087,0.034906868
11924,17043,0.039593685
11925,107540,0.0053492733
11926,75403,8.374172e-08
11927,104058,4.012946e-09
11928,1640,1.2474196e-07
11929,83408,0.042199478
11930,21579,0.010517384
11931,115636,6.9082045e-13
11932,101363,0.008091315
11933,68145,0.0014779106
11934,102715,0.0029159163
11935,29262,0.020164473
11936,86927,0.0038987673
11937,33116,2.4748619e-05
11938,86615,0.016494239
11939,27531,3.1389142e-19
11940,42675,0.059635594
11941,105326,0.04818268
11942,30359,0.0077562737
11943,93486,0.009092403
11944,18023,2.6567212e-15
11945,2059,0.0031490463
11946,69767,0.0077935676
11947,92912,0.030833948
11948,53978,1.4158924e-21
11949,7016,1.2415592e-05
11950,54371,7.0914943e-16
11951,44300,7.661919e-05
11952,82200,1.0470037e-08
11953,81782,0.055597
11954,63087,0.0005732734
11955,109212,1.3008957e-07
11956,102032,0.008028029
11957,39383,0.028322274
11958,106748,2.8192217e-15
11959,57248,0.004700935
11960,66035,4.7817523e-09
11961,15548,5.9220695e-16
11962,74628,0.0014779106
11963,85849,0.016494239
11964,2530,0.07058928
11965,99009,8.9769e-05
11966,32255,0.16019998
11967,41756,0.009095178
11968,97624,7.0127203e-06
11969,36482,0.0077562737
11970,102372,0.005038059
11971,102807,0.015743928
11972,16043,9.313814e-15
11973,21491,0.0065901084
11974,16385,0.21081
11975,6577,0.0053577055
11976,103165,0.030472443
11977,25393,0.0021339823
11978,84603,1.2061336e-15
11979,42539,0.0021603084
11980,86816,4.635101e-06
11981,70958,0.008089195
11982,98281,0.044904742
11983,66271,2.1408736e-10
11984,61702,5.6980415e-10
11985,111005,6.3981354e-15
11986,31320,1.5901294e-05
11987,55545,4.892199e-09
11988,52488,0.036106855
11989,59042,1.0948907e-11
11990,59832,8.365467e-13
11991,78101,1.7417603e-17
11992,34782,0.00010421154
11993,75712,0.016494239
11994,392,1.4445652e-07
11995,52885,0.008028029
11996,37755,0.008079731
11997,35414,0.024806844
11998,8774,0.00024039957
11999,23859,1.9742836e-09
12000,9453,1.0339923e-09
12001,46071,0.003860181
12002,84596,8.5839956e-13
12003,15762,5.767774e-20
12004,108707,0.004270969
12005,64774,2.899461e-09
12006,48198,1.4626112e-13
12007,115966,4.925849e-17
12008,113318,4.610933e-09
12009,27954,1.0879298e-18
12010,55112,1.2219648e-12
12011,59501,3.482862e-06
12012,100163,0.0001773522
12013,88416,0.008089195
12014,80325,7.676843e-14
12015,1456,0.007791001
12016,95265,9.201977e-05
12017,73369,0.0006456536
12018,801,8.7221963e-07
12019,71831,3.2933013e-08
12020,54935,0.0034607893
12021,55799,0.9997178
12022,67413,0.008089195
12023,8173,8.909195e-08
12024,90342,0.010517384
12025,57152,0.0403012
12026,78738,0.008089195
12027,50164,0.010517384
12028,79783,3.0785597e-23
12029,77478,4.2249448e-14
12030,115605,0.021416616
12031,107266,0.0077935676
12032,37932,0.016494239
12033,46171,0.000535896
12034,114356,2.618569e-14
12035,15310,0.1988277
12036,26800,1.0410304e-22
12037,62483,0.003860181
12038,55047,0.08129434
12039,40930,0.0030657302
12040,50380,0.0013494677
12041,86146,3.100724e-07
12042,55092,4.7059006e-14
12043,10409,6.77855e-11
12044,46956,9.8804916e-14
12045,106402,0.044960506
12046,78657,3.0437459e-05
12047,98202,0.038721465
12048,84924,3.7196597e-09
12049,51127,1.5110965e-20
12050,17245,3.0285058e-17
12051,50457,0.008028029
12052,14067,1.7971837e-07
12053,12040,1.7352521e-12
12054,79663,0.0014782526
12055,5800,0.1237788
12056,84957,5.1742176e-15
12057,43642,2.426715e-07
12058,40150,2.4473974e-19
12059,70602,3.6915384e-12
12060,15305,8.242295e-06
12061,23568,0.12383192
12062,17171,2.2895862e-11
12063,48877,7.203974e-14
12064,24381,1.04842975e-17
12065,109028,0.0014796258
12066,67240,0.042199478
12067,8153,3.0207926e-07
12068,71662,0.008089195
12069,85888,9.444989e-13
12070,101158,6.0054074e-14
12071,102633,0.0006456536
12072,10383,0.0076018325
12073,61991,0.005693995
12074,46697,0.003860181
12075,107686,0.0014796258
12076,74604,0.001341142
12077,90430,5.25498e-06
12078,74632,0.00046739265
12079,103963,0.012676756
12080,75688,4.2659276e-17
12081,6999,0.024790043
12082,48723,0.004700935
12083,103898,0.008091315
12084,32441,0.004262849
12085,94362,8.712886e-14
12086,17651,2.0020629e-18
12087,43706,0.007791001
12088,83490,6.221022e-15
12089,83952,0.029361214
12090,49528,1.7224324e-11
12091,114965,2.486522e-15
12092,50606,2.2389731e-06
12093,21891,0.06139194
12094,68978,0.016494239
12095,70986,0.06248945
12096,91816,0.0038637838
12097,67476,1.2179282e-07
12098,37489,5.2807097e-19
12099,77154,4.0239982e-05
12100,48996,0.000116006035
12101,60908,0.044725854
12102,77204,4.6773253e-06
12103,96070,0.0077935676
12104,11631,0.00037575368
12105,105598,0.029184973
12106,72750,1.178111e-06
12107,24447,1.3049738e-13
12108,91977,0.010517384
12109,40520,2.1008102e-11
12110,97362,3.7586134e-09
12111,46130,2.6234486e-05
12112,83510,5.4235392e-05
12113,12443,2.3610981e-23
12114,112096,1.0905322e-08
12115,66501,2.5446154e-14
12116,24981,7.818982e-08
12117,20712,5.094479e-10
12118,15382,4.9510087e-13
12119,85170,0.0014779106
12120,54248,0.024806844
12121,54438,0.0015978006
12122,111471,2.6918985e-07
12123,91418,0.052883994
12124,10054,1.941783e-05
12125,8384,0.00021303963
12126,78250,3.305624e-15
12127,68911,0.016494239
12128,57908,0.006891227
12129,55296,0.008210831
12130,38945,1.6529297e-07
12131,75231,0.015734917
12132,30290,1.9557176e-05
12133,69083,1.0620926e-16
12134,53325,0.009132841
12135,20204,1.411319e-06
12136,41700,2.5511618e-10
12137,50899,7.700036e-05
12138,18498,3.7010643e-15
12139,21149,1.8395963e-16
12140,70360,6.626833e-18
12141,83203,0.013391664
12142,66982,0.010517384
12143,15980,9.552728e-07
12144,69185,4.1826324e-11
12145,113043,0.010582884
12146,72727,0.332036
12147,88013,6.3941e-18
12148,101857,0.044290293
12149,12796,3.0250233e-14
12150,32788,7.362682e-07
12151,51827,0.0394616
12152,98823,1.9300735e-08
12153,56271,0.042199478
12154,47179,2.3819522e-14
12155,90012,4.6773253e-06
12156,114762,4.4112903e-06
12157,91587,0.0018919376
12158,64253,5.425712e-05
12159,13171,0.66295576
12160,12677,0.0015049365
12161,31045,0.0034482498
12162,59906,0.016494239
12163,95414,2.9624304e-15
12164,35940,0.008028029
12165,76302,0.047915254
12166,84430,0.00048375476
12167,78011,2.7617654e-07
12168,44055,5.8525294e-12
12169,43428,8.950693e-05
12170,37441,1.563347e-06
12171,32776,1.525603e-23
12172,19695,4.3939123e-09
12173,66780,3.9456165e-07
12174,37183,0.0509507
12175,67566,0.028178
12176,89424,0.0014779106
12177,38665,0.0001649981
12178,75991,0.005038059
12179,38305,4.9895457e-09
12180,53842,3.1662316e-15
12181,44598,0.0010545232
12182,77949,0.005038059
12183,57902,5.012344e-16
12184,59995,1.2806058e-08
12185,107728,0.004270805
12186,40472,0.012522128
12187,43651,0.02558698
12188,46905,0.003860181
12189,25589,3.28324e-06
12190,39823,0.01568494
12191,60723,0.0042712325
12192,83167,2.2678723e-26
12193,22282,8.00826e-10
12194,58520,0.008028029
12195,76696,0.16478592
12196,112788,9.583987e-15
12197,98418,0.0064024376
12198,17287,2.9565174e-13
12199,111302,1.4027407e-16
12200,57381,6.2169164e-08
12201,25801,0.0013494677
12202,46887,1.6368196e-05
12203,49545,0.008028029
12204,47291,0.057786684
12205,55235,0.026713273
12206,24212,1.9765292e-09
12207,81276,0.00310858
12208,10272,0.1237788
12209,82033,0.0038987673
12210,109184,1.4071834e-24
12211,67154,2.9406753e-09
12212,12981,0.22278984
12213,45590,1.2654073e-06
12214,49129,0.007883797
12215,11257,0.004454616
12216,15837,4.1865088e-12
12217,91102,0.016539916
12218,94545,0.002093412
12219,64846,0.40140414
12220,19471,0.007768419
12221,11392,4.8131042e-08
12222,84947,0.0509507
12223,14166,0.00013682053
12224,43919,6.255992e-05
12225,5280,4.107407e-08
12226,73347,0.0013494677
12227,44514,0.024727335
12228,107240,1.5277096e-10
12229,62038,1.2043261e-16
12230,89923,1.5459958e-09
12231,38791,1.525603e-23
12232,6495,0.0002220682
12233,66352,0.0070131565
12234,105877,3.385844e-10
12235,44460,6.787938e-20
12236,9244,1.4167716e-08
12237,87674,0.047915254
12238,51159,2.2241835e-07
12239,56658,0.0034543145
12240,39436,0.008079731
12241,90426,0.0021041848
12242,87398,2.2669647e-06
12243,90553,6.3045297e-19
12244,55484,4.892199e-09
12245,101554,2.7175483e-07
12246,72563,0.0038427904
12247,28989,0.0007487204
12248,9928,1.2265721e-08
12249,2058,0.024806844
12250,48873,0.052883994
12251,115028,7.254932e-08
12252,96560,8.491995e-11
12253,63881,1.1512956e-23
12254,88006,9.585386e-13
12255,84376,0.008089195
12256,72548,6.2412207e-17
12257,86047,0.044725854
12258,105668,4.812896e-18
12259,3120,0.015318835
12260,86592,0.0077935676
12261,29741,0.008028029
12262,84340,0.044231094
12263,113340,2.9905877e-16
12264,30791,1.5520411e-16
12265,70440,0.0077935676
12266,54879,4.2481383e-13
12267,12242,2.308142e-19
12268,33542,3.39854e-09
12269,63966,0.009132841
12270,41173,0.024727335
12271,35005,7.349773e-07
12272,8517,0.024790043
12273,20033,1.5278452e-08
12274,34921,0.008028029
12275,99064,0.00081616663
12276,75942,0.0006942356
12277,89400,0.016539916
12278,90019,0.016539916
12279,109053,0.008091315
12280,35632,0.008028029
12281,57004,0.008028029
12282,63297,0.07283948
12283,33731,0.0066678915
12284,73773,0.023089577
12285,58003,0.0013494677
12286,66819,5.911156e-20
12287,44545,0.005038059
12288,106172,0.0038637838
12289,61891,4.6773253e-06
12290,79270,5.0268505e-19
12291,61270,0.00032220327
12292,96206,2.1660783e-06
12293,50482,5.2807097e-19
12294,54936,0.0015245904
12295,63931,7.423923e-22
12296,98356,1.09013266e-16
12297,109672,4.655738e-09
12298,22259,1.6606537e-27
12299,74643,0.02579965
12300,4517,1.8759688e-12
12301,12991,0.0015049365
12302,30426,4.885914e-09
12303,10799,1.587146e-14
12304,81223,1.7573539e-21
12305,3863,0.0031529434
12306,56853,0.0029168383
12307,29460,0.0509507
12308,52247,0.0077562737
12309,20611,0.00012665114
12310,27234,7.35475e-22
12311,69719,9.236034e-05
12312,72113,0.0014779106
12313,10421,1.4488535e-09
12314,64422,5.7060214e-11
12315,108438,0.024709625
12316,57034,9.4622945e-14
12317,82296,1.3705084e-05
12318,66508,1.7991446e-14
12319,1591,0.007883797
12320,22745,2.816435e-17
12321,47738,1.525603e-23
12322,83847,4.766764e-09
12323,13770,0.039078597
12324,54679,2.7479297e-10
12325,31493,0.026713273
12326,77089,0.026713273
12327,38735,0.00048933655
12328,70145,4.8702778e-11
12329,51490,0.026713273
12330,52216,4.0853224e-06
12331,4820,2.330609e-09
12332,3420,2.0542666e-27
12333,26659,0.06139194
12334,69324,1.6622627e-07
12335,70783,6.019281e-05
12336,74661,0.0006456536
12337,100105,4.8611137e-09
12338,65855,1.3443511e-12
12339,5714,6.2967027e-09
12340,4620,2.063547e-15
12341,79009,0.0021339823
12342,574,1.4597629e-13
12343,43778,3.997718e-14
12344,101133,2.6215507e-19
12345,66561,4.0707424e-12
12346,110876,0.0038637838
12347,42212,2.4629899e-20
12348,14554,0.0509507
12349,75691,1.2593772e-08
12350,4027,4.7591445e-08
12351,91686,1.2167922e-05
12352,42709,0.008079731
12353,66326,0.008159509
12354,112746,4.6668468e-11
12355,69645,0.007883797
12356,82438,0.025032748
12357,72724,0.010517384
12358,75665,1.2493304e-13
12359,70214,7.776409e-06
12360,40573,0.04033821
12361,69976,0.0006456536
12362,71583,2.674606e-05
12363,11152,0.006265647
12364,23602,1.39413645e-08
12365,48796,0.008028029
12366,54080,3.410102e-14
12367,32497,0.000116006035
12368,13699,5.298201e-20
12369,65388,4.0874615e-06
12370,21013,3.1689734e-08
12371,30033,1.3406651e-10
12372,110983,4.6212057e-07
12373,8818,2.86669e-05
12374,42138,5.440527e-08
12375,65132,4.7817523e-09
12376,19663,0.008047925
12377,113652,1.7800648e-13
12378,98930,0.00050368113
12379,4192,7.878087e-11
12380,61915,3.952603e-15
12381,56478,0.045936678
12382,15904,0.010517384
12383,114538,7.71125e-12
12384,112509,6.1430044e-10
12385,11670,8.751076e-06
12386,2356,5.9351794e-11
12387,97075,0.0043147327
12388,40525,1.20564455e-05
12389,1293,8.56465e-09
12390,76202,0.009092403
12391,21543,4.3944677e-23
12392,18167,9.552728e-07
12393,106769,1.5066018e-19
12394,27165,0.057786684
12395,89981,0.007950903
12396,35320,0.008028029
12397,103154,1.7417603e-17
12398,58371,0.004700935
12399,46303,0.007791001
12400,36460,0.010517384
12401,84633,2.6590478e-19
12402,35905,4.386451e-13
12403,75796,2.6223683e-05
12404,44521,0.0038987673
12405,2840,5.959112e-19
12406,107655,4.6773253e-06
12407,91028,0.00047547166
12408,90709,1.4158924e-21
12409,72538,2.199031e-06
12410,69897,2.0382215e-16
12411,112173,0.05819584
12412,15184,3.0123948e-19
12413,20404,3.4106264e-12
12414,4842,0.013573701
12415,28724,0.003860181
12416,87296,0.015743928
12417,3834,1.0525769e-18
12418,81397,4.46644e-11
12419,31042,2.5441934e-05
12420,25146,0.008079731
12421,103341,0.008058755
12422,101823,0.00027655234
12423,3885,0.0005241385
12424,8500,9.504601e-07
12425,27879,0.024806844
12426,97591,0.0018459501
12427,82133,5.9901175e-16
12428,86023,1.48285e-06
12429,38206,0.03922154
12430,81668,6.869329e-08
12431,114777,0.013391664
12432,75715,2.1660783e-06
12433,56895,1.4396956e-06
12434,96888,0.004029583
12435,27907,0.00052319065
12436,107586,2.2419329e-08
12437,31444,6.633525e-05
12438,114717,2.077352e-06
12439,114781,5.7177123e-05
12440,112781,0.0012731144
12441,68264,0.00046739265
12442,23284,4.5321535e-13
12443,49565,0.008028029
12444,61276,0.024776157
12445,26691,0.0509507
12446,100901,5.494624e-29
12447,15447,0.012986035
12448,5091,1.4524401e-08
12449,107094,0.0077935676
12450,84766,0.042199478
12451,21211,4.4921595e-17
12452,110678,2.4639642e-15
12453,84346,0.026459238
12454,53301,0.0038427904
12455,91482,0.0038637838
12456,42406,0.0019560189
12457,64206,0.0029160744
12458,39660,4.521894e-07
12459,70633,1.5526438e-10
12460,64154,4.7891824e-09
12461,88772,0.05780216
12462,92138,0.021737345
12463,38565,0.010881814
12464,55541,2.4748619e-05
12465,52485,7.676843e-14
12466,22445,0.0006956626
12467,90485,1.2401212e-07
12468,473,0.039593685
12469,97810,0.042376153
12470,46392,4.673784e-08
12471,52423,0.020164473
12472,18721,0.004262849
12473,30744,0.008028029
12474,69791,0.006891227
12475,96249,0.03348353
12476,62001,0.09711235
12477,74266,3.163388e-19
12478,56490,9.015952e-19
12479,111889,1.4204808e-05
12480,101073,1.6040282e-09
12481,74795,0.08204125
12482,46007,1.1344552e-14
12483,41418,0.003860181
12484,21145,4.1275075e-10
12485,35238,3.370327e-11
12486,87481,3.677826e-16
12487,464,1.3415174e-13
12488,51378,4.4341225e-16
12489,73632,0.008089195
12490,57945,5.4423194e-06
12491,58317,0.029361214
12492,57485,0.0403012
12493,60008,7.2639973e-13
12494,18099,0.011691301
12495,115851,6.767648e-18
12496,88103,0.06248945
12497,101613,0.00081616663
12498,42360,0.02558698
12499,7577,0.084120445
12500,6226,1.9328347e-10
12501,114623,0.06282126
12502,34468,2.4748619e-05
12503,30181,0.004262849
12504,38934,7.5714226e-20
12505,31701,0.0029182504
12506,54305,4.892199e-09
12507,69314,3.677826e-16
12508,98259,0.008091315
12509,44019,2.116674e-06
12510,30442,6.634575e-10
12511,71732,0.00088066544
12512,40732,0.008782653
12513,48136,2.2709975e-11
12514,31510,4.3404838e-10
12515,96889,0.047915254
12516,58276,0.0014779106
12517,100497,0.0077935676
12518,7921,1.777122e-11
12519,101481,0.0004932377
12520,39753,1.0573424e-09
12521,26302,5.25498e-06
12522,80499,4.8089758e-15
12523,65849,2.0219931e-20
12524,11244,0.058957707
12525,43583,0.020164473
12526,36699,0.03636212
12527,58387,7.054984e-17
12528,104980,7.33054e-17
12529,64109,8.450379e-10
12530,13833,0.01568494
12531,6562,8.801225e-18
12532,103288,8.165836e-10
12533,59038,4.925849e-17
12534,39386,0.009095178
12535,94160,1.459116e-06
12536,63670,0.18675913
12537,111916,0.009048929
12538,26173,0.008079731
12539,32224,0.016556531
12540,96706,9.837972e-18
12541,115522,3.528466e-07
12542,74594,9.621429e-14
12543,29806,8.047306e-10
12544,637,0.078709215
12545,56776,0.03958112
12546,82047,2.1194074e-08
12547,52655,1.0265902e-27
12548,77233,6.391479e-14
12549,377,1.4524401e-08
12550,96056,4.7891824e-09
12551,92954,0.0014779106
12552,97874,6.9928734e-07
12553,23880,0.0077562737
12554,49399,0.008028029
12555,11320,3.9090214e-11
12556,60273,0.024806844
12557,9856,0.0062888265
12558,24556,0.02558698
12559,105216,0.0014796258
12560,34306,0.008028029
12561,60397,1.3772296e-19
12562,107992,4.6773253e-06
12563,109472,5.5033254e-08
12564,16758,4.0961674e-18
12565,70652,3.5344768e-23
12566,83921,0.02471286
12567,46324,2.6234486e-05
12568,24843,0.00034960255
12569,110159,6.3686025e-07
12570,40476,0.010311356
12571,101193,2.0897597e-15
12572,23920,4.503616e-08
12573,80987,4.767837e-09
12574,96937,0.030011307
12575,21983,4.8763087e-07
12576,100650,0.023385746
12577,15630,2.9390168e-23
12578,44887,5.081923e-09
12579,52180,0.008028029
12580,33286,1.3354944e-25
12581,83208,0.02471286
12582,47356,3.7300335e-16
12583,38434,0.008079731
12584,112786,0.0013369565
12585,62797,6.076024e-10
12586,89370,0.01235733
12587,54809,0.0013494677
12588,98706,3.258502e-21
12589,66360,3.2582235e-09
12590,95846,0.024709625
12591,114871,9.462262e-06
12592,79484,0.008089195
12593,39194,4.0525447e-06
12594,15565,9.2205815e-10
12595,100188,0.009965714
12596,28355,0.003494472
12597,76211,9.159859e-18
12598,95950,0.029361214
12599,89493,0.016539916
12600,5901,0.0053391242
12601,41869,1.525603e-23
12602,18302,1.2164425e-07
12603,94744,0.000716834
12604,14390,0.010517384
12605,18086,2.7015805e-12
12606,63114,0.047915254
12607,10483,1.2662554e-09
12608,90620,0.0014779106
12609,43071,0.016525099
12610,16848,9.000933e-12
12611,59417,6.3303904e-11
12612,106971,6.510872e-09
12613,51730,0.0011221418
12614,44590,2.5852455e-17
12615,59779,3.3137816e-14
12616,15215,6.986061e-14
12617,60216,0.0013815863
12618,38557,4.689728e-10
12619,48799,4.6757133e-14
12620,74136,0.000116006035
12621,83015,0.00013007957
12622,71222,0.00037721967
12623,36262,0.123743504
12624,114242,0.016556531
12625,98458,1.7894357e-10
12626,42015,0.016494239
12627,79304,0.020338738
12628,74250,0.004271107
12629,9653,4.5967496e-07
12630,86008,4.6773253e-06
12631,12755,5.21033e-21
12632,81754,0.011149538
12633,87243,2.1326701e-05
12634,18712,1.1376604e-17
12635,18929,1.1376604e-17
12636,52538,0.00087171444
12637,112487,0.04818268
12638,78991,1.591802e-07
12639,87115,0.005038059
12640,10678,0.0011522636
12641,107960,0.057819508
12642,783,4.625867e-06
12643,83109,8.023524e-05
12644,23308,0.0004793765
12645,115443,1.8223371e-09
12646,30674,0.008028029
12647,102438,0.031200785
12648,21170,3.4712958e-11
12649,42142,1.885847e-14
12650,69030,3.250888e-08
12651,34757,0.028968716
12652,32004,1.6526994e-05
12653,66143,0.995285
12654,23132,0.0013641858
12655,83402,2.2258591e-10
12656,38343,1.8855971e-12
12657,83137,0.037303567
12658,106491,7.483672e-12
12659,112331,2.4639642e-15
12660,40898,2.284173e-15
12661,105742,8.5629344e-13
12662,26479,0.008079731
12663,84595,0.009455685
12664,109410,4.635101e-06
12665,4246,5.07044e-09
12666,93928,0.030011307
12667,34070,0.0070778257
12668,92186,5.7411846e-05
12669,45145,0.00047025117
12670,108051,0.01055873
12671,34473,3.0829713e-20
12672,87787,0.047915254
12673,19640,4.3717594e-09
12674,112043,0.009567131
12675,78676,0.020338738
12676,88808,0.06248945
12677,52775,0.0038427904
12678,38438,0.008079731
12679,31965,0.20057586
12680,79781,1.8358311e-07
12681,15312,0.0020576369
12682,115419,5.4852644e-05
12683,46584,6.255992e-05
12684,8656,2.199527e-07
12685,8334,1.3405454e-13
12686,31347,0.0509507
12687,46835,4.7404386e-22
12688,98856,3.1910665e-14
12689,98431,1.6491922e-16
12690,13009,0.0030455105
12691,82666,0.006964409
12692,35616,3.613074e-08
12693,69964,4.0835935e-10
12694,47091,5.081923e-09
12695,816,1.8612957e-08
12696,87307,0.0577544
12697,32025,0.0077562737
12698,32595,0.0013494677
12699,26639,1.0010368e-10
12700,58188,0.0014779106
12701,48067,0.0077562737
12702,111618,2.1021579e-06
12703,88918,0.047915254
12704,36550,0.00088066544
12705,14778,3.3128616e-20
12706,73110,0.0013472768
12707,13757,1.0887177e-27
12708,38457,0.0002659857
12709,41053,2.6234486e-05
12710,99269,1.595832e-16
12711,1331,6.4791232e-12
12712,89594,2.955433e-22
12713,22760,0.000116006035
12714,63941,2.7740758e-14
12715,48842,0.005038059
12716,69823,0.008089195
12717,33758,8.3988283e-07
12718,100058,0.0579222
12719,77736,1.6329908e-16
12720,32278,0.005038059
12721,20654,1.6601047e-17
12722,58334,3.1867557e-09
12723,94664,4.6773253e-06
12724,113940,6.6431294e-19
12725,86654,0.002915908
12726,26915,0.005038059
12727,88531,0.0074967635
12728,31674,0.010517384
12729,114506,0.016556531
12730,103422,4.436524e-09
12731,53129,0.0006956626
12732,103105,0.048256118
12733,19292,0.008047925
12734,113034,0.010582884
12735,5360,3.1591594e-09
12736,39684,0.026713273
12737,51673,0.03446149
12738,15789,3.9723654e-06
12739,35439,2.5824134e-12
12740,93631,6.122069e-17
12741,108138,1.31117455e-08
12742,50713,0.0038427904
12743,66733,4.8501e-21
12744,37018,1.8404456e-16
12745,50908,0.020164473
12746,31752,0.00022721272
12747,63838,3.3227724e-12
12748,25866,0.008079731
12749,99007,3.1190248e-05
12750,68459,0.0038637838
12751,92921,0.047915254
12752,47751,0.0022723922
12753,18084,0.007768419
12754,90499,0.014598319
12755,84876,2.2666028e-17
12756,109431,1.3787905e-12
12757,21680,0.008079731
12758,25018,2.9113014e-14
12759,79208,0.033312056
12760,91269,3.842247e-16
12761,27816,0.007230439
12762,42370,0.08138075
12763,10669,3.8492123e-10
12764,88616,0.010517384
12765,64674,4.9395845e-07
12766,59950,0.042199478
12767,82044,0.01099087
12768,53989,7.734603e-05
12769,4040,1.3172099e-09
12770,47747,0.0072107604
12771,76413,0.030200627
12772,15129,1.4098379e-06
12773,91002,3.677826e-16
12774,14260,9.148772e-29
12775,110752,0.026605539
12776,45792,4.964268e-06
12777,48006,0.0077562737
12778,114889,0.043045577
12779,8937,5.5268012e-09
12780,40599,1.3625835e-05
12781,47535,3.9299675e-07
12782,66034,0.0020933005
12783,57335,0.0029160744
12784,65811,4.65488e-19
12785,52344,0.009132841
12786,59349,0.024806844
12787,11668,0.00037603787
12788,88991,0.016539916
12789,99807,0.0006456536
12790,37824,2.0206628e-05
12791,93968,1.0751655e-09
12792,6308,0.013573701
12793,86381,3.868407e-18
12794,15629,0.00010576932
12795,75706,3.4687306e-17
12796,48104,1.547369e-07
12797,10492,0.008123187
12798,15322,4.913618e-15
12799,35843,0.005248681
12800,97710,0.015743928
12801,49945,1.090444e-17
12802,24602,2.6234486e-05
12803,8155,0.0025513505
12804,77660,4.0874615e-06
12805,95724,4.7891824e-09
12806,112675,0.014331533
12807,88462,0.011852997
12808,92351,0.002486382
12809,3382,3.4710196e-10
12810,33931,0.00026010335
12811,31035,5.547596e-13
12812,93614,0.005038059
12813,70165,0.0014779106
12814,110412,0.0077935676
12815,29571,1.0642709e-08
12816,16093,0.024776157
12817,61334,0.008047925
12818,109381,0.029135652
12819,92459,0.015743928
12820,108185,0.025651136
12821,6596,0.0017362167
12822,5692,0.00014981483
12823,1696,2.1198385e-07
12824,94605,4.6773253e-06
12825,107499,1.8868285e-11
12826,39037,2.816435e-17
12827,66164,0.0070131565
12828,73611,2.4612439e-12
12829,109468,7.428294e-07
12830,83977,0.026459238
12831,72087,0.044725854
12832,68989,1.6329908e-16
12833,65828,1.6496777e-07
12834,83519,0.007883797
12835,99570,8.574093e-10
12836,22659,1.5769217e-05
12837,109735,0.018354623
12838,101179,3.947665e-13
12839,52516,3.3776446e-06
12840,8463,2.8018098e-08
12841,106243,1.2755298e-09
12842,47735,0.008079731
12843,96776,4.6796687e-09
12844,12161,5.0025305e-14
12845,30318,0.0001059785
12846,105905,0.00081616663
12847,109984,0.016556531
12848,27842,0.0013494677
12849,37413,0.016494239
12850,51533,7.661919e-05
12851,60657,0.03092738
12852,101573,0.048003506
12853,77834,1.5701851e-10
12854,1811,4.528994e-05
12855,21318,2.2484038e-19
12856,46809,0.031924915
12857,89992,0.009092403
12858,72748,4.6912868e-05
12859,5074,0.028980374
12860,43484,0.030117422
12861,56565,0.0509507
12862,62501,0.0065901084
12863,88835,0.0403012
12864,97927,0.0013295478
12865,101327,0.044960506
12866,60962,1.2115745e-16
12867,107724,4.6773253e-06
12868,5913,2.4628366e-15
12869,29486,1.1731111e-17
12870,63662,0.029165084
12871,74208,0.0008607846
12872,57572,5.5518425e-16
12873,33993,4.7056687e-06
12874,13538,2.293169e-27
12875,108622,2.858453e-17
12876,1509,1.8552437e-05
12877,17864,2.7515357e-19
12878,33058,0.00031525563
12879,7891,1.4135088e-11
12880,16266,2.0352643e-07
12881,101440,0.0074967635
12882,64088,0.001341142
12883,100636,3.868407e-18
12884,3710,0.05781429
12885,72535,0.13532396
12886,46256,6.024015e-14
12887,58112,2.4347448e-17
12888,88925,3.5166252e-11
12889,113850,0.0403012
12890,54609,6.232725e-10
12891,10022,2.2967657e-07
12892,82181,0.055597
12893,112891,2.1474436e-08
12894,94359,0.0007850549
12895,58008,0.0013494677
12896,62978,4.629156e-09
12897,62509,4.8779924e-07
12898,110215,0.002418666
12899,70166,0.010517384
12900,88724,0.051038433
12901,106141,0.0038637838
12902,36253,0.0577544
12903,72031,4.2456507e-17
12904,94147,1.3323519e-06
12905,38638,1.57284e-11
12906,6613,2.2033884e-09
12907,97226,0.0038637838
12908,102890,7.676843e-14
12909,55416,0.006891227
12910,99179,4.6773253e-06
12911,72188,0.008089195
12912,60967,3.9377082e-13
12913,105027,0.032137424
12914,99342,5.8116057e-06
12915,48652,0.10336026
12916,6954,0.013573701
12917,12628,7.77156e-10
12918,18616,2.8669853e-22
12919,97952,7.9994247e-13
12920,95229,0.032137424
12921,79631,0.007883797
12922,111745,0.051038433
12923,114025,3.758809e-08
12924,57220,0.0077562737
12925,73066,0.016494239
12926,54468,1.1731111e-17
12927,31348,0.022857659
12928,13694,0.0509507
12929,87373,3.16341e-05
12930,112329,0.00049185875
12931,86302,0.0077935676
12932,75133,0.015734917
12933,26814,0.00800223
12934,21869,1.5907375e-10
12935,4982,2.4736847e-14
12936,63753,0.0029160744
12937,62944,0.04759076
12938,25663,7.779686e-18
12939,59582,0.029361214
12940,67526,0.026459238
12941,19751,1.1008833e-12
12942,89892,0.0014779106
12943,11416,3.7202992e-16
12944,30620,1.5316548e-17
12945,80892,2.8008113e-05
12946,12841,8.718186e-11
12947,54146,3.0305806e-13
12948,112053,0.005038059
12949,82102,8.884424e-05
12950,87764,6.900586e-15
12951,15745,0.00016211024
12952,24902,0.007791001
12953,87137,0.005038059
12954,61190,0.23565465
12955,37629,4.9895457e-09
12956,4644,1.844373e-10
12957,11327,0.02808171
12958,50294,1.525603e-23
12959,24893,0.04767911
12960,10783,0.030376686
12961,64411,7.33054e-17
12962,48769,0.0015271186
12963,69417,4.6773253e-06
12964,97808,1.2630181e-17
12965,114966,2.8279744e-18
12966,100053,0.011651996
12967,19165,7.664238e-20
12968,22518,7.7949626e-16
12969,60346,0.030188166
12970,40775,0.028445123
12971,107157,0.00047763984
12972,98443,0.00077814166
12973,67805,0.00048326643
12974,67428,0.007200391
12975,59215,0.001335708
12976,24932,0.024727335
12977,99968,0.004029583
12978,14863,0.017481886
12979,89291,0.029361214
12980,24020,3.7300335e-16
12981,9743,0.0032691674
12982,95346,0.000113770446
12983,10571,2.503183e-10
12984,57425,5.8716594e-16
12985,32172,4.0092005e-15
12986,38238,7.519427e-16
12987,77973,0.0018715237
12988,13866,0.0038987673
12989,103742,0.030833948
12990,114306,7.117513e-08
12991,26520,6.775268e-18
12992,60831,0.05335072
12993,2215,0.0017362648
12994,14258,2.3610981e-23
12995,88748,4.7891824e-09
12996,34316,0.016494239
12997,100824,0.0070778257
12998,2950,0.0062888265
12999,35682,0.000116006035
13000,35576,1.4212852e-17
13001,114589,0.010931975
13002,90023,0.0014779106
13003,18009,2.293169e-27
13004,105580,1.6947915e-05
13005,114349,1.1395582e-10
13006,56276,9.50372e-13
13007,100784,2.6076336e-14
13008,1496,7.331177e-11
13009,97367,1.0796232e-12
13010,102052,0.00024983205
13011,12125,0.007763525
13012,9798,5.8394387e-12
13013,48449,0.000116006035
13014,56777,0.042199478
13015,72890,4.8433813e-09
13016,6703,5.095689e-08
13017,47104,3.9299675e-07
13018,73023,0.020329589
13019,49801,3.0829713e-20
13020,76964,0.00082659983
13021,110168,0.010582884
13022,11388,1.3653575e-08
13023,80964,1.0881129e-17
13024,65439,1.0497141e-06
13025,48231,0.0049185366
13026,81053,4.6773253e-06
13027,110878,1.0672162e-27
13028,79063,1.2192769e-06
13029,67600,2.8558567e-11
13030,25169,0.016525099
13031,3638,0.008123187
13032,46194,4.5518657e-15
13033,37004,2.3384725e-09
13034,19253,8.047306e-10
13035,71797,0.008089195
13036,43495,0.008028029
13037,61482,0.06248945
13038,22601,0.005706795
13039,51683,0.010517384
13040,49232,1.7662688e-10
13041,89893,0.029227797
13042,32056,0.057819508
13043,42468,4.4807793e-09
13044,66437,0.0002195
13045,78760,0.008089195
13046,41523,2.045496e-09
13047,100492,3.155237e-06
13048,83480,1.0267576e-05
13049,105510,0.04818268
13050,50345,1.2349319e-11
13051,28738,0.08138075
13052,75769,0.004262849
13053,22056,0.007791001
13054,102427,0.032263808
13055,85670,0.030873029
13056,80094,8.12379e-12
13057,60349,0.042199478
13058,96119,3.668513e-21
13059,9399,4.609526e-09
13060,86907,0.042199478
13061,86989,6.232725e-10
13062,14105,7.442581e-05
13063,9560,6.3639307e-09
13064,64672,1.1033896e-07
13065,11006,0.00012371904
13066,53215,4.5399505e-16
13067,73170,2.5234406e-18
13068,83868,0.0038637838
13069,55476,0.13628653
13070,25377,4.242024e-07
13071,30654,4.2541322e-16
13072,98988,0.059596222
13073,17490,0.0017905402
13074,91338,0.006964409
13075,76564,0.0509507
13076,66365,3.0541198e-11
13077,29991,0.013828899
13078,19273,7.1930647e-16
13079,74691,2.7464578e-06
13080,60463,0.032263808
13081,49139,0.0042712325
13082,44530,0.0038987673
13083,69567,0.025684046
13084,58724,0.024806844
13085,59472,0.0403012
13086,108807,7.5215745e-17
13087,17847,3.6450812e-19
13088,10290,1.3653575e-08
13089,44165,5.077816e-16
13090,21460,0.00015031509
13091,115894,2.2434541e-17
13092,18357,1.749203e-05
13093,20395,0.08170373
13094,11978,3.9944878e-13
13095,108556,6.9326594e-18
13096,67977,0.16019998
13097,86534,2.0901306e-26
13098,29908,0.008028029
13099,170,4.3590285e-06
13100,17770,2.7515357e-19
13101,61426,6.228274e-12
13102,18754,0.059275787
13103,88251,5.2316587e-29
13104,57634,3.0131457e-09
13105,105106,1.2167922e-05
13106,83773,1.9085326e-07
13107,88869,0.0006456536
13108,5082,0.0025513505
13109,57319,4.850927e-08
13110,9581,0.013573701
13111,56633,3.9377082e-13
13112,3169,3.9561e-09
13113,75655,0.001335708
13114,82513,0.008028029
13115,52767,0.05537996
13116,23656,0.008079731
13117,27056,2.6443191e-05
13118,54806,3.5088096e-06
13119,16252,0.11504285
13120,100936,0.0077935676
13121,37087,4.9895457e-09
13122,3094,0.002550813
13123,107332,4.4578416e-12
13124,49016,0.0042712325
13125,4647,0.0058526876
13126,71455,0.0005216375
13127,79876,0.051038433
13128,17051,0.008047925
13129,107618,2.3899446e-07
13130,83107,0.016494239
13131,107156,0.0014796258
13132,76261,2.6435413e-13
13133,58844,3.5088096e-06
13134,87949,3.3598395e-11
13135,55743,4.892199e-09
13136,19124,1.6123112e-15
13137,112425,0.059596222
13138,38070,1.209021e-09
13139,62482,0.0006456536
13140,9331,0.0076018325
13141,46496,1.0124865e-15
13142,69177,0.013391664
13143,64722,5.071879e-21
13144,21009,1.3303138e-24
13145,100856,0.0005995962
13146,65396,3.32719e-10
13147,59932,0.016494239
13148,71826,1.557961e-16
13149,53281,8.622095e-21
13150,57803,4.7744593e-25
13151,112553,5.7576736e-16
13152,38048,0.00067453913
13153,73766,1.5275106e-11
13154,106337,0.0020933005
13155,24314,0.010517384
13156,95990,0.0014779106
13157,80225,0.0043147327
13158,26361,0.004262849
13159,53955,1.1927215e-06
13160,96324,4.6796687e-09
13161,46616,0.008079731
13162,2175,0.024806844
13163,16337,2.9697465e-18
13164,82480,3.785997e-17
13165,84775,3.9451786e-14
13166,72723,5.6357144e-19
13167,11312,1.1304658e-06
13168,85544,1.411319e-06
13169,30565,3.102881e-09
13170,89372,0.0006456536
13171,94779,7.661919e-05
13172,40997,0.008079731
13173,112040,1.9128532e-11
13174,107323,2.805356e-11
13175,86308,3.1910665e-14
13176,40066,4.7627723e-06
13177,40083,0.000116006035
13178,64909,0.09805596
13179,29903,5.1777455e-10
13180,71790,0.047915254
13181,85277,0.044231094
13182,53780,0.008028029
13183,22109,0.007791001
13184,81722,4.767837e-09
13185,66305,4.089727e-06
13186,72309,0.008089195
13187,43720,0.016525099
13188,49384,1.3164068e-08
13189,95137,0.0018139837
13190,16811,0.003849625
13191,71093,0.0006954876
13192,23234,2.6234486e-05
13193,26364,0.016525099
13194,10300,0.018921046
13195,87374,0.005038059
13196,86897,1.4158924e-21
13197,89497,0.08363998
13198,39570,6.3407283e-06
13199,77010,2.95144e-10
13200,41395,0.008079731
13201,108459,2.6856626e-13
13202,114789,6.043667e-08
13203,18054,4.5106083e-14
13204,33889,0.016556531
13205,91924,0.047915254
13206,59669,0.042199478
13207,50182,0.007883797
13208,52376,0.008028029
13209,99156,1.9833395e-07
13210,71287,0.0403012
13211,15824,0.007768419
13212,50587,0.010517384
13213,17316,0.007768419
13214,16753,8.202298e-18
13215,29865,1.0005836e-06
13216,5161,0.0032691674
13217,2603,9.853062e-12
13218,107526,2.0340302e-13
13219,58807,4.0874615e-06
13220,28360,0.0077562737
13221,77494,4.7891824e-09
13222,69812,0.000116006035
13223,46021,4.968465e-08
13224,84395,5.4423194e-06
13225,13125,0.005053979
13226,73935,0.009092403
13227,31651,0.025436373
13228,55179,0.016494239
13229,10997,1.3653575e-08
13230,94906,0.008028029
13231,79229,3.7023287e-11
13232,78871,0.022182668
13233,5402,2.1325162e-20
13234,82887,0.00019491534
13235,90278,0.030833948
13236,87110,1.4158924e-21
13237,12585,1.1469746e-21
13238,40903,0.0034607893
13239,13010,5.318698e-11
13240,56504,9.5974665e-06
13241,35494,2.6234486e-05
13242,30560,5.2869367e-12
13243,55613,0.016494239
13244,49482,1.0396784e-12
13245,52352,0.009132841
13246,63411,2.2847406e-14
13247,87724,0.007950903
13248,90397,0.00953514
13249,39857,0.02329991
13250,20243,0.008047925
13251,31435,0.015864318
13252,86095,1.9616394e-07
13253,33782,0.00069172576
13254,88846,0.028968716
13255,23886,0.030117422
13256,72728,0.047915254
13257,110479,2.4956252e-15
13258,90849,0.06268074
13259,26875,0.0003792137
13260,113679,0.15933236
13261,61561,5.715271e-14
13262,46583,0.008079731
13263,17506,1.7683441e-06
13264,24989,0.008079731
13265,76711,0.008089195
13266,4017,1.4381324e-05
13267,21876,7.526559e-27
13268,31244,9.375337e-08
13269,45054,0.052883994
13270,91328,0.059596222
13271,99947,0.008091315
13272,94801,4.925849e-17
13273,100296,3.2157473e-06
13274,51754,5.05487e-05
13275,92805,1.7260585e-09
13276,66893,0.0077935676
13277,11753,6.139239e-07
13278,6248,0.034558117
13279,49116,0.016494239
13280,45258,3.0044166e-13
13281,86894,4.4395016e-25
13282,50891,7.192794e-15
13283,73246,0.023089577
13284,53466,0.0014779106
13285,42056,1.4987419e-13
13286,43617,1.8078472e-05
13287,67212,0.044725854
13288,12033,0.008038916
13289,4800,0.025619866
13290,26830,0.008028029
13291,110204,0.048256118
13292,114402,6.561714e-05
13293,13864,0.071510516
13294,72509,1.4533316e-07
13295,67018,1.6329908e-16
13296,16167,0.008047925
13297,78392,3.3776446e-06
13298,77130,0.0034087754
13299,98142,0.051038433
13300,79024,0.005111881
13301,77864,9.230564e-20
13302,35703,3.2384692e-06
13303,108050,0.040500082
13304,78034,3.5561222e-12
13305,92895,4.6284663e-17
13306,50470,3.566434e-19
13307,2213,6.762617e-10
13308,90939,6.462685e-19
13309,112097,1.2167922e-05
13310,64410,0.0020933005
13311,50204,0.008028029
13312,109669,4.635101e-06
13313,10662,0.008123187
13314,79661,2.889115e-17
13315,41319,0.008079731
13316,2931,0.013572928
13317,26620,0.003860181
13318,93367,2.6590478e-19
13319,58129,0.009455685
13320,70591,0.00030130098
13321,91765,9.878176e-17
13322,75612,4.767837e-09
13323,36284,1.5818643e-20
13324,15752,0.0008993175
13325,57228,0.035935007
13326,51415,0.01568494
13327,103794,0.0109907985
13328,64010,4.7891824e-09
13329,113163,0.010582884
13330,104000,2.8639634e-18
13331,76448,0.026748953
13332,78575,1.5896008e-13
13333,37575,0.008028029
13334,20626,1.525603e-23
13335,46773,4.7627723e-06
13336,74247,4.087041e-06
13337,107145,1.2130521e-12
13338,42750,0.01568494
13339,68655,0.0014779106
13340,20170,0.016494239
13341,52855,7.986051e-05
13342,109380,2.3035474e-14
13343,12016,0.007763525
13344,93679,6.561714e-05
13345,93461,0.024709625
13346,36038,0.06139194
13347,65184,1.6136466e-15
13348,43606,2.6234486e-05
13349,56182,0.0009628536
13350,66264,7.20883e-09
13351,110533,6.9120304e-12
13352,90804,0.007883797
13353,51604,8.047306e-10
13354,1432,9.0276626e-17
13355,38478,2.1133438e-16
13356,722,0.0017362167
13357,41455,0.010517384
13358,20627,2.6234486e-05
13359,55507,0.008028029
13360,20946,0.00046739265
13361,83956,0.01568494
13362,114403,0.0010349163
13363,6946,1.9817828e-10
13364,104001,4.635101e-06
13365,100590,0.0077935676
13366,77783,0.006891227
13367,30320,0.016556531
13368,70716,0.044231094
13369,24010,2.5013845e-13
13370,50291,0.008028029
13371,49678,0.008028029
13372,21978,0.005591794
13373,41822,0.002921239
13374,25188,0.008079731
13375,97932,2.1406013e-20
13376,13168,1.0440315e-06
13377,53009,0.054526467
13378,57173,6.3140546e-21
13379,61691,0.0577544
13380,102923,1.0432197e-09
13381,548,5.25498e-06
13382,28071,5.916476e-14
13383,43309,1.525603e-23
13384,69799,0.008089195
13385,66703,1.4697229e-09
13386,114490,9.483598e-10
13387,15504,4.9196046e-21
13388,72372,6.3407283e-06
13389,13706,3.0658015e-05
13390,31710,9.313795e-19
13391,115235,1.2167922e-05
13392,100998,3.163388e-19
13393,104336,4.6773253e-06
13394,73621,0.001001919
13395,29131,0.008028029
13396,99302,0.0002539573
13397,67424,0.0019463744
13398,20330,0.007768419
13399,88833,8.941787e-05
13400,99259,1.4158924e-21
13401,90122,0.0007061407
13402,7457,0.0035321566
13403,54788,3.767106e-08
13404,2189,0.036559373
13405,28102,0.003860181
13406,13533,1.5750947e-22
13407,106434,0.044290293
13408,66705,6.122069e-17
13409,68375,0.010517384
13410,102711,0.007200391
13411,80896,0.0509507
13412,77920,3.4882956e-05
13413,85200,4.925849e-17
13414,67968,0.0049185366
13415,73590,0.008089195
13416,99850,6.802566e-10
13417,109658,1.11456085e-13
13418,16622,0.005038059
13419,208,0.0031529434
13420,76905,0.021747567
13421,14601,0.013828899
13422,60841,0.030188166
13423,17621,6.265073e-10
13424,77491,0.0007850549
13425,113186,0.0077562737
13426,33650,0.0509507
13427,68483,0.006891227
13428,35420,0.99527293
13429,108218,0.06546738
13430,12417,0.007214841
13431,102212,1.6246843e-06
13432,31937,0.006983701
13433,73725,0.008089195
13434,87530,0.007883797
13435,9619,2.1711701e-12
13436,24469,5.2921735e-08
13437,30888,0.008028029
13438,36188,0.0038427904
13439,92679,2.0966859e-06
13440,99567,8.198707e-09
13441,57016,0.101531684
13442,65837,7.558704e-18
13443,92782,0.059275787
13444,79821,1.9353433e-10
13445,75233,1.2118958e-12
13446,50517,0.00031525563
13447,87196,3.6039178e-13
13448,96317,0.010517384
13449,63879,5.5021457e-17
13450,26394,0.010517384
13451,16864,1.3707545e-22
13452,90196,0.00010323611
13453,47116,1.6582119e-10
13454,81136,1.7573539e-21
13455,75901,3.148475e-17
13456,1519,4.3939123e-09
13457,66359,5.420945e-07
13458,35369,0.0013494677
13459,103659,1.5532311e-09
13460,11900,0.11504285
13461,82460,0.0005574171
13462,90371,0.016539916
13463,30928,3.8685968e-19
13464,18315,1.6956786e-09
13465,58771,0.026459238
13466,102571,0.03035353
13467,36066,3.929904e-07
13468,46903,0.007791001
13469,94984,0.0014779106
13470,22742,1.4809607e-18
13471,113302,1.411319e-06
13472,74899,0.015734917
13473,78129,4.270082e-05
13474,2774,0.0017362648
13475,59273,0.0072111264
13476,70502,0.025684046
13477,4918,1.3628851e-09
13478,109270,9.878176e-17
13479,12756,1.4372797e-05
13480,97707,3.665076e-06
13481,59302,0.0072111264
13482,14058,4.13649e-26
13483,35117,0.009132841
13484,64681,4.1988477e-16
13485,20789,4.8758362e-11
13486,110017,4.6773253e-06
13487,107343,3.6662418e-16
13488,14663,0.004262849
13489,78031,0.0034607893
13490,35660,0.008028029
13491,72794,0.0038987673
13492,49752,1.22414585e-05
13493,61192,9.878176e-17
13494,91442,0.008629545
13495,6016,1.228328e-08
13496,96466,0.010517384
13497,15429,7.527799e-18
13498,115283,3.4250863e-07
13499,98,7.024828e-09
13500,74589,4.020501e-16
13501,111579,0.0109907985
13502,88454,0.032137424
13503,97849,0.0038637838
13504,109703,4.637861e-13
13505,30235,1.6522676e-05
13506,54105,0.015317024
13507,48929,0.010517384
13508,42154,0.008079731
13509,9351,7.781599e-22
13510,92532,0.0038637838
13511,49331,0.0040524765
13512,51458,0.0021143588
13513,107160,0.0043459623
13514,113966,0.032263808
13515,112564,0.05590158
13516,75291,0.013391664
13517,104408,0.008091315
13518,95429,0.001341142
13519,75832,0.0020921822
13520,554,1.0290049e-13
13521,97355,9.9313314e-05
13522,96825,2.1452967e-17
13523,54884,3.391921e-17
13524,88868,0.0006456536
13525,40791,4.925045e-08
13526,72445,0.0006456536
13527,86557,1.335728e-11
13528,42580,0.016525099
13529,37864,4.9895457e-09
13530,47161,3.318141e-07
13531,33257,0.016556531
13532,44558,0.008079731
13533,4375,0.0031529434
13534,85942,0.042199478
13535,69488,1.0446981e-07
13536,26309,3.1389142e-19
13537,34195,0.0077562737
13538,20650,0.00012665114
13539,4725,0.05781429
13540,12243,5.744109e-11
13541,81670,0.076701224
13542,52692,4.892199e-09
13543,74528,3.3776446e-06
13544,25234,0.00019785587
13545,86233,0.035935007
13546,73008,0.029361214
13547,66186,0.0042712125
13548,91838,0.010517384
13549,45654,0.027271759
13550,106594,0.00046732315
13551,79174,0.057720356
13552,82726,5.25498e-06
13553,77732,0.008028029
13554,97237,2.6590478e-19
13555,301,0.0031490463
13556,109496,0.048256118
13557,39346,0.028322274
13558,67074,9.52505e-06
13559,43721,6.787938e-20
13560,68143,1.3036788e-15
13561,29734,1.4084491e-19
13562,89847,7.488212e-27
13563,41899,0.00021721135
13564,43195,1.9434922e-14
13565,76726,5.7231397e-24
13566,35451,5.0804666e-10
13567,108134,0.3334028
13568,85647,4.76701e-05
13569,91138,1.2495986e-05
13570,36856,3.6450812e-19
13571,38971,1.5677328e-08
13572,85526,0.005038059
13573,109256,0.006964409
13574,46353,1.4008866e-14
13575,91104,0.055597
13576,21279,0.010517384
13577,9822,4.9574065e-09
13578,77020,0.0006456536
13579,2995,0.0031490463
13580,84396,0.042199478
13581,40417,4.588556e-26
13582,14017,7.0503465e-06
13583,46590,1.6862647e-12
13584,62751,0.03092738
13585,100230,0.005038059
13586,76626,0.011304136
13587,40965,1.5685615e-05
13588,45775,0.057786684
13589,27159,4.7056687e-06
13590,57357,0.047915254
13591,91115,0.048003506
13592,85790,0.004262849
13593,98518,0.023646774
13594,114681,4.5879387e-06
13595,52789,2.6338872e-05
13596,43969,0.008079731
13597,105886,2.8639634e-18
13598,43568,0.09816469
13599,76618,2.93608e-16
13600,57595,0.037192035
13601,9894,1.5226191e-17
13602,100639,0.015743928
13603,19205,1.7358754e-07
13604,12202,0.00023725472
13605,110973,1.9883799e-05
13606,40633,2.3249508e-18
13607,106914,0.008091315
13608,82875,0.0038637838
13609,43972,0.008079731
13610,32091,0.020669093
13611,34722,0.016494239
13612,108236,4.6796687e-09
13613,75416,0.0057124523
13614,56833,0.0038427904
13615,7703,6.2967027e-09
13616,20873,0.033710793
13617,113550,2.0579786e-10
13618,70858,0.0006456536
13619,106920,0.0013397379
13620,62972,0.0043147327
13621,59783,8.5781366e-13
13622,206,1.5578902e-08
13623,57840,0.001001919
13624,76616,0.001341142
13625,25715,1.216149e-07
13626,96877,2.9624304e-15
13627,48378,0.021640688
13628,81310,4.14909e-09
13629,44579,0.05467183
13630,7794,6.157345e-07
13631,5348,0.0032651408
13632,29463,5.061796e-11
13633,26689,0.05930886
13634,15798,0.010517384
13635,66746,2.9833372e-11
13636,60569,0.9904783
13637,83321,3.677826e-16
13638,114316,1.2037059e-09
13639,104153,1.0985189e-09
13640,109854,4.154167e-12
13641,26358,6.7178274e-10
13642,113787,0.044971768
13643,54209,0.008028029
13644,99126,1.2130521e-12
13645,112753,2.8368148e-24
13646,65767,4.4807793e-09
13647,10199,0.023416728
13648,58840,2.5811566e-09
13649,47442,2.5133542e-10
13650,91675,0.0403012
13651,3239,1.8498874e-07
13652,65240,8.211319e-17
13653,74147,0.000716834
13654,51969,4.892199e-09
13655,107353,9.26526e-07
13656,76013,0.0509507
13657,4663,8.446157e-10
13658,26208,0.0713959
13659,86469,0.008089195
13660,62421,1.2636019e-16
13661,3294,0.0062888265
13662,48161,7.7141486e-08
13663,112352,0.009132841
13664,44050,0.025853444
13665,95390,2.0987958e-05
13666,7863,2.2267943e-09
13667,66648,1.989945e-14
13668,34907,1.3193813e-06
13669,1586,0.0028704596
13670,84559,0.047915254
13671,106970,2.3899446e-07
13672,54904,0.008028029
13673,1281,1.8552437e-05
13674,51372,0.016494239
13675,93298,0.0077935676
13676,94031,8.4624895e-07
13677,52782,0.00044635875
13678,72291,0.005827817
13679,27421,0.016525099
13680,110070,5.425712e-05
13681,69385,4.6773253e-06
13682,110661,0.00011297004
13683,100076,1.493013e-20
13684,34689,0.008028029
13685,6753,1.17349515e-07
13686,58272,0.0577544
13687,14428,0.00026020233
13688,84874,1.48285e-06
13689,51004,4.6154756e-08
13690,776,0.00037584107
13691,1102,3.5820804e-06
13692,98477,0.008091315
13693,36681,0.024806844
13694,100588,0.0001771195
13695,8135,2.720538e-07
13696,58814,0.00032220327
13697,101455,2.5337643e-16
13698,75023,0.015734917
13699,48647,0.042199478
13700,108422,0.0038676527
13701,53451,1.0475894e-11
13702,35690,2.7471922e-20
13703,66000,1.0262871e-15
13704,109349,1.0354613e-08
13705,107569,8.566219e-09
13706,23286,0.003860181
13707,101963,0.0008937112
13708,115470,2.450145e-18
13709,79817,1.2239123e-16
13710,29909,0.016556531
13711,94915,3.768442e-12
13712,67716,0.0077935676
13713,32596,0.0077562737
13714,85344,0.0005740066
13715,10506,3.0284306e-07
13716,66148,0.00047763984
13717,29766,1.5945753e-20
13718,31101,4.0299445e-16
13719,6026,0.09198803
13720,68720,0.0008937112
13721,11316,0.0031529434
13722,20091,7.712533e-15
13723,98213,2.1402946e-07
13724,105337,0.0014796258
13725,21249,0.00012665114
13726,92783,0.037106685
13727,106004,9.432061e-21
13728,7466,0.00024039957
13729,17374,2.1578313e-05
13730,57716,3.9377082e-13
13731,75679,0.0509507
13732,77074,3.3919363e-08
13733,26647,1.9648514e-06
13734,73963,0.004262849
13735,89431,4.7891824e-09
13736,71707,1.0955899e-16
13737,34883,2.6181566e-16
13738,42746,0.0013641858
13739,48415,0.001341142
13740,73591,0.008089195
13741,55547,0.16019998
13742,5739,0.024790043
13743,63275,5.2998153e-21
13744,10624,0.0017362167
13745,87982,0.0018173662
13746,102560,1.0919203e-12
13747,98101,7.653368e-05
13748,1105,0.0017362167
13749,19194,1.1748966e-12
13750,24074,2.834358e-25
13751,110905,0.010556085
13752,110724,0.23285449
13753,30685,0.016556531
13754,50984,0.016494239
13755,38822,5.9311343e-24
13756,112136,2.7175483e-07
13757,97785,0.032137424
13758,46027,3.0829713e-20
13759,86877,2.2201705e-16
13760,92279,0.0006456536
13761,19944,0.20433207
13762,112385,0.04818268
13763,56086,0.044725854
13764,6684,0.0035321566
13765,72338,2.2820108e-17
13766,79537,3.3598395e-11
13767,106580,6.1789847e-06
13768,113060,0.0077562737
13769,69876,5.48979e-12
13770,91127,0.048003506
13771,104493,0.042376153
13772,3481,1.9106892e-09
13773,29207,0.25032914
13774,96082,5.8082945e-11
13775,21685,0.014581853
13776,28386,2.5296455e-12
13777,70314,0.005038059
13778,103396,0.04818268
13779,59833,5.071879e-21
13780,83387,8.979813e-18
13781,67404,0.1107309
13782,58026,0.008028029
13783,94436,4.7891824e-09
13784,103279,0.029542837
13785,114155,0.018676247
13786,36979,0.016494239
13787,86866,9.61705e-07
13788,27195,2.6234486e-05
13789,82630,0.025592234
13790,32157,1.0178365e-11
13791,23565,3.6643395e-09
13792,76026,7.0503465e-06
13793,69671,9.813793e-07
13794,97654,0.048003506
13795,31465,0.0077562737
13796,77876,2.666159e-05
13797,95882,1.6329908e-16
13798,34801,9.052901e-06
13799,27249,0.007230439
13800,53611,0.0042712325
13801,10269,0.011661306
13802,86773,1.4158924e-21
13803,18684,7.061724e-05
13804,50202,8.992565e-18
13805,105034,0.005038059
13806,99884,0.0014779106
13807,20491,9.1555596e-11
13808,72071,0.0013494677
13809,56547,1.9830382e-10
13810,52570,0.005038059
13811,84111,0.013391664
13812,23951,0.016556531
13813,105196,0.025567163
13814,24220,5.6852932e-11
13815,103470,0.008091315
13816,44322,0.0006933659
13817,29017,0.008028029
13818,4345,2.0436371e-19
13819,682,1.5681037e-08
13820,55295,1.1414862e-09
13821,28994,0.024806844
13822,11434,4.856686e-08
13823,29239,0.0077562737
13824,9404,4.8131042e-08
13825,73179,4.6773253e-06
13826,44872,0.006983701
13827,102478,9.1027786e-08
13828,73720,0.0074967635
13829,14921,0.00013394328
13830,113237,0.009710815
13831,9666,0.1237788
13832,96159,0.003788388
13833,95954,1.740404e-05
13834,55362,0.0038427904
13835,21130,7.115805e-15
13836,32607,0.003860181
13837,88100,0.031392477
13838,83544,0.004700935
13839,64718,9.902768e-11
13840,17860,1.3949163e-11
13841,112104,6.6431294e-19
13842,66577,0.0053092
13843,14800,0.028968716
13844,73505,2.707591e-05
13845,72824,0.008089195
13846,24867,4.566584e-13
13847,12446,2.0693587e-13
13848,105702,0.029184973
13849,11430,1.9276075e-07
13850,93719,2.4196344e-05
13851,53945,3.5189947e-14
13852,51626,0.0077562737
13853,83428,9.6713775e-05
13854,41633,6.255992e-05
13855,100095,3.8866756e-06
13856,84892,3.658917e-18
13857,70982,5.2127294e-08
13858,31069,0.004262849
13859,84227,3.3776446e-06
13860,97334,1.4445581e-19
13861,15251,2.0604785e-08
13862,38391,2.6314391e-12
13863,107589,2.142401e-06
13864,61443,0.008047925
13865,55695,0.008028029
13866,101451,0.0014782526
13867,92785,0.0014779106
13868,96559,7.17518e-13
13869,5422,0.023953483
13870,80516,5.6277786e-05
13871,18913,4.906851e-05
13872,66431,1.989945e-14
13873,76311,2.2914131e-18
13874,95367,0.024806844
13875,38388,0.010517384
13876,31449,0.005038059
13877,3951,2.9625298e-09
13878,3039,5.0377827e-07
13879,53868,0.010517384
13880,112491,2.2847406e-14
13881,7389,4.6732048e-08
13882,29802,0.057819508
13883,21253,0.003849625
13884,69966,2.2820108e-17
13885,104267,0.021416616
13886,40073,7.571658e-06
13887,45239,5.3721065e-05
13888,100913,0.0109907985
13889,8600,0.008123187
13890,32519,0.016556531
13891,49266,0.026713273
13892,29921,0.016556531
13893,50102,2.51459e-11
13894,68844,0.02471286
13895,63971,2.4178301e-21
13896,111940,2.2486326e-14
13897,240,1.0957506e-20
13898,51503,4.0853224e-06
13899,86535,3.1894266e-12
13900,90774,0.00034494066
13901,1879,0.0011288116
13902,102296,0.032263808
13903,3787,0.39043543
13904,77600,0.0014779106
13905,34036,0.00048933655
13906,110675,9.473713e-13
13907,64862,3.0136653e-15
13908,29595,0.19041821
13909,59837,1.1731111e-17
13910,38921,0.003860181
13911,49869,0.0038427904
13912,31237,0.016556531
13913,21742,1.7509073e-24
13914,98386,0.027189903
13915,103339,7.01897e-06
13916,102189,0.0014779106
13917,28359,4.4741261e-13
13918,85873,2.796896e-09
13919,94286,4.207184e-09
13920,57713,3.566434e-19
13921,13303,1.8234747e-12
13922,99729,1.4204808e-05
13923,69464,0.0014099019
13924,21971,1.2091488e-11
13925,81820,0.20507456
13926,16411,1.0887177e-27
13927,64727,3.7969658e-14
13928,91893,0.00019660643
13929,67000,4.7891824e-09
13930,53356,0.0077562737
13931,44210,2.6234486e-05
13932,108325,0.009092403
13933,80336,1.9883799e-05
13934,35382,0.0077562737
13935,107652,0.008091315
13936,17965,1.8395622e-15
13937,88549,3.2432139e-12
13938,71430,1.470351e-09
13939,36289,1.5123319e-18
13940,48725,0.20961268
13941,24279,0.0021603084
13942,41,8.98132e-18
13943,94280,8.774171e-05
13944,58149,4.6773253e-06
13945,35925,3.7063967e-12
13946,103883,1.7417603e-17
13947,81427,5.4423194e-06
13948,45566,0.00052209815
13949,12409,6.39938e-15
13950,6062,1.6960917e-10
13951,73057,3.528466e-07
13952,87729,0.009092403
13953,37632,0.0038987673
13954,97971,3.3883628e-18
13955,66175,4.4531574e-09
13956,113424,1.088509e-14
13957,58183,0.0038427904
13958,68638,7.423923e-22
13959,64195,5.071879e-21
13960,15595,1.0887177e-27
13961,112478,4.0918926e-06
13962,91054,4.2323322e-06
13963,94896,2.2907589e-17
13964,65454,3.1910665e-14
13965,68602,0.008089195
13966,82478,0.0403012
13967,56213,0.00712693
13968,20676,0.0509507
13969,68270,0.0007921405
13970,81140,3.163388e-19
13971,5880,0.00066135667
13972,1510,1.8552437e-05
13973,104337,0.052883994
13974,74023,2.7695214e-12
13975,89731,0.039274212
13976,68737,0.008089195
13977,91674,5.4408036e-17
13978,71770,0.008089195
13979,102540,3.1010683e-18
13980,29053,0.0006004586
13981,82142,0.0008937112
13982,30180,0.039799962
13983,93135,0.010517384
13984,72393,0.047915254
13985,76589,0.00048375476
13986,31659,4.0299445e-16
13987,67997,0.0049185366
13988,101798,9.329306e-10
13989,56255,0.016494239
13990,103488,6.1991905e-08
13991,99653,0.0039042355
13992,77959,0.004262849
13993,89511,0.0013357647
13994,30321,4.9895457e-09
13995,2670,0.0012179763
13996,108998,6.4946732e-09
13997,40679,9.031424e-23
13998,69135,0.0006456536
13999,64854,0.0070253937
14000,108336,0.003046411
14001,48566,0.0053092
14002,79354,1.9042994e-10
14003,60054,0.0006456536
14004,85777,0.030172644
14005,114166,0.0076280036
14006,84720,0.0005189001
14007,45402,0.009095178
14008,26513,0.0267177
14009,61301,0.0509507
14010,21600,1.8424036e-18
14011,54628,0.016494239
14012,90090,9.132812e-12
14013,8795,6.347468e-09
14014,79296,6.9590405e-13
14015,97618,0.0014779106
14016,109567,1.4428372e-15
14017,64581,7.020002e-25
14018,6605,0.117867246
14019,42834,3.566434e-19
14020,31786,0.005038059
14021,35193,1.5454603e-15
14022,98426,0.016539916
14023,114778,0.011514188
14024,7753,0.0035321566
14025,114583,1.5743707e-11
14026,33520,0.06139194
14027,36449,0.00052319065
14028,110728,0.015743928
14029,98620,0.032137424
14030,76535,6.122069e-17
14031,60796,1.7409037e-07
14032,53894,0.0006456536
14033,97224,0.0077935676
14034,24054,1.525603e-23
14035,44740,5.9852048e-09
14036,110518,0.0006456536
14037,20343,2.787084e-26
14038,9394,0.0011522636
14039,59559,9.143839e-17
14040,98602,0.009899596
14041,77903,3.1910665e-14
14042,38102,2.0484512e-07
14043,77359,5.071879e-21
14044,103421,1.2097908e-06
14045,69486,4.6773253e-06
14046,37511,1.7004275e-08
14047,19780,0.0014552874
14048,103440,2.8639634e-18
14049,46976,9.207264e-06
14050,110609,0.025592234
14051,2829,0.0031490463
14052,36050,1.6493353e-18
14053,84147,2.4912427e-07
14054,84262,1.0318652e-08
14055,15414,0.0016893583
14056,55340,0.008028029
14057,20360,3.5088096e-06
14058,66341,1.8841226e-20
14059,87992,0.0013357647
14060,61772,3.9279734e-12
14061,65861,2.955433e-22
14062,85597,1.6553763e-06
14063,61652,1.2913997e-05
14064,50346,4.892199e-09
14065,42424,0.0077943313
14066,94019,0.042376153
14067,98781,0.0005001208
14068,60917,1.7417603e-17
14069,33344,9.030114e-05
14070,41310,6.030939e-05
14071,28004,0.0077562737
14072,92352,0.044904742
14073,48317,0.00027125573
14074,34915,3.164584e-05
14075,108360,0.0077935676
14076,74898,3.164584e-05
14077,45399,0.007791001
14078,44816,0.016525099
14079,87542,0.004267904
14080,38789,0.0267177
14081,115206,0.00021637976
14082,45039,1.8852244e-18
14083,51857,0.65990406
14084,79705,1.3738642e-06
14085,42632,6.255992e-05
14086,57297,5.7207515e-27
14087,12207,0.078709215
14088,101725,3.840337e-11
14089,101591,4.9495973e-11
14090,1751,6.630823e-12
14091,97863,4.1561213e-07
14092,39460,4.6624482e-05
14093,73094,0.025684046
14094,23189,0.003860181
14095,2302,0.0031490463
14096,21083,1.9175708e-13
14097,49072,0.009132841
14098,80718,0.7121495
14099,85433,8.211319e-17
14100,49698,1.3085088e-05
14101,101718,5.0237143e-16
14102,85149,7.662463e-18
14103,114748,0.0042736162
14104,12862,8.281611e-13
14105,23090,1.4045534e-27
14106,35838,0.010517384
14107,46277,2.4629899e-20
14108,33391,6.8956556e-06
14109,6505,6.9834832e-12
14110,114436,0.042376153
14111,91155,0.004267904
14112,103618,0.0038987673
14113,72399,1.233488e-16
14114,67769,0.009092403
14115,32386,2.2018428e-16
14116,94263,0.011960738
14117,5034,6.9834832e-12
14118,28217,0.008028029
14119,54267,0.0006456536
14120,70962,0.010517384
14121,84055,0.0014779106
14122,34511,0.009132841
14123,25678,0.057786684
14124,40189,2.4715706e-15
14125,27458,0.0077562737
14126,62189,0.10515246
14127,55078,1.8081073e-09
14128,90659,0.0014779106
14129,41143,0.003860181
14130,106785,8.0577946e-14
14131,14055,4.0591247e-21
14132,62488,0.003860181
14133,65926,0.0020933005
14134,85653,0.008089195
14135,68085,0.03348353
14136,102555,1.5701176e-12
14137,111481,1.3083204e-10
14138,112229,0.04818268
14139,92760,0.0014779106
14140,13251,1.0887177e-27
14141,10918,0.010517384
14142,84337,0.010517384
14143,95471,6.4541703e-16
14144,44844,2.256976e-15
14145,3030,0.0053577055
14146,17170,0.009119634
14147,47610,0.0005769958
14148,110564,2.868058e-14
14149,58515,3.566434e-19
14150,5514,0.030218437
14151,19724,0.0050910385
14152,11150,0.00017986688
14153,64212,9.640423e-14
14154,82099,0.0006456536
14155,101998,7.0847295e-10
14156,36019,0.024806844
14157,89727,3.5466814e-11
14158,18010,0.00010576932
14159,87282,7.795931e-12
14160,98574,7.404876e-10
14161,61425,0.0034607893
14162,102688,1.2555022e-06
14163,67746,4.1202193e-06
14164,99599,0.008091315
14165,96896,4.6796687e-09
14166,10428,7.676922e-09
14167,105142,4.5014865e-08
14168,25532,0.016525099
14169,78990,0.028968716
14170,8393,0.02808171
14171,50488,6.495899e-13
14172,115413,5.9752147e-06
14173,61916,4.020501e-16
14174,53244,0.0034607893
14175,98498,0.00041562293
14176,34621,0.0509507
14177,80701,1.157753e-14
14178,55889,0.047915254
14179,95377,1.4158924e-21
14180,14158,2.5958793e-09
14181,66048,8.826603e-12
14182,101155,2.1231578e-12
14183,64245,3.0044166e-13
14184,27359,1.7167427e-14
14185,64110,1.331513e-15
14186,43395,0.009095178
14187,45987,0.008079731
14188,27653,1.6032795e-12
14189,16775,1.1114753e-11
14190,29736,2.66696e-05
14191,71750,7.423923e-22
14192,63279,0.003860181
14193,76286,2.7464578e-06
14194,61186,0.0042712325
14195,104198,1.5908505e-07
14196,29238,0.017118597
14197,77507,0.7523303
14198,20901,1.3879727e-12
14199,89226,2.0065788e-13
14200,49843,0.009132841
14201,65549,3.1910665e-14
14202,82456,0.07283948
14203,11340,9.336415e-20
14204,40733,0.021910924
14205,23721,8.804321e-24
14206,34396,0.02050013
14207,30113,1.9229628e-20
14208,78354,0.0020933005
14209,108564,0.008091315
14210,82573,0.015734917
14211,61638,0.013391664
14212,4320,1.4445652e-07
14213,40768,0.026713273
14214,43162,1.4418289e-17
14215,40970,2.6834411e-20
14216,94092,3.7434136e-11
14217,52005,0.029361214
14218,73845,0.0070778257
14219,35765,3.5576804e-13
14220,98572,3.9377147e-07
14221,98792,0.000576734
14222,103263,0.005038059
14223,76086,7.83947e-12
14224,7484,7.692576e-09
14225,29990,0.024806844
14226,57914,0.0021143588
14227,48966,1.1206227e-05
14228,24120,1.0836661e-05
14229,8813,6.680134e-10
14230,89286,3.1910665e-14
14231,87885,0.0077935676
14232,83176,0.0014779106
14233,2753,3.596936e-08
14234,110206,0.05590158
14235,4712,0.024398994
14236,114258,0.0009873318
14237,111230,4.624479e-09
14238,25134,0.000535896
14239,114174,1.2440111e-07
14240,89563,0.051038433
14241,87154,0.026802782
14242,101085,0.016539916
14243,78748,5.8326577e-24
14244,59586,0.01568494
14245,78477,0.0006956626
14246,32711,0.0034607893
14247,28771,4.0777757e-23
14248,28556,7.796862e-17
14249,63301,7.881097e-10
14250,59713,1.7004847e-17
14251,108132,4.6796687e-09
14252,6269,0.013573701
14253,43885,0.016525099
14254,24934,3.5088096e-06
14255,107348,4.6773253e-06
14256,91481,0.0038637838
14257,54236,3.6358463e-19
14258,38344,0.020164473
14259,17229,0.033710793
14260,2930,0.013572928
14261,37142,0.01568494
14262,88219,1.4361864e-16
14263,8959,2.5493438e-09
14264,46157,3.755338e-28
14265,77125,1.4084491e-19
14266,64297,1.5757486e-16
14267,67179,0.0157591
14268,93404,1.3331501e-06
14269,2482,0.0062888265
14270,103307,3.1444598e-21
14271,109609,4.6773253e-06
14272,58000,7.055903e-16
14273,21699,6.184156e-16
14274,106341,1.159041e-18
14275,166,0.042396132
14276,79381,0.0036867915
14277,24516,0.007791001
14278,16375,4.1599236e-05
14279,11736,7.937488e-10
14280,13206,5.019022e-08
14281,99218,0.013195704
14282,40782,0.05589207
14283,59031,0.00038425947
14284,79402,0.042376153
14285,40461,7.952904e-20
14286,16842,0.03824747
14287,12926,3.3195285e-20
14288,104192,0.029184973
14289,49897,0.007883797
14290,68924,2.1346432e-10
14291,67169,0.05121239
14292,9330,0.000118678145
14293,43550,0.00067453913
14294,115233,1.461139e-13
14295,40957,0.007883797
14296,11673,0.007132523
14297,92412,2.910753e-17
14298,2823,2.520105e-16
14299,55934,0.0077562737
14300,94310,6.012134e-18
14301,78667,2.1029767e-17
14302,87844,0.018354623
14303,31941,0.014581853
14304,68067,0.010517384
14305,37872,6.278637e-18
14306,14824,1.3366853e-20
14307,30931,0.0024120444
14308,79481,6.3979306e-18
14309,77749,0.0003769319
14310,34002,1.7059869e-18
14311,91235,0.007883797
14312,83282,0.008089195
14313,9234,2.4747854e-07
14314,41134,3.7300335e-16
14315,93411,6.120018e-08
14316,105828,2.361406e-14
14317,2344,8.9119057e-10
14318,59071,4.0676733e-25
14319,91179,0.010517384
14320,7306,0.009124947
14321,96680,5.425712e-05
14322,12191,2.421116e-05
14323,30913,0.044231094
14324,80699,0.005038059
14325,76463,0.0014779106
14326,73498,0.008089195
14327,92345,3.3776446e-06
14328,3238,0.024806844
14329,16323,3.548108e-07
14330,101687,0.042376153
14331,54159,0.024806844
14332,106460,0.057819508
14333,85668,0.044231094
14334,70699,2.1950561e-18
14335,39462,3.748899e-12
14336,17145,6.5129796e-10
14337,24218,2.5547433e-12
14338,19855,1.3851397e-07
14339,103425,0.016556531
14340,50094,8.047306e-10
14341,67732,2.422761e-07
14342,46398,0.016525099
14343,72812,1.6326672e-08
14344,76216,7.9236236e-12
14345,91227,0.029305182
14346,47924,0.008028029
14347,12561,2.1797365e-10
14348,44494,0.015318835
14349,45225,0.010517384
14350,31350,0.01938144
14351,82539,3.2747096e-16
14352,85223,0.0014779106
14353,112576,0.04818268
14354,83932,5.3700656e-14
14355,19767,1.39413645e-08
14356,1559,1.2468708e-10
14357,25870,0.016525099
14358,26183,3.2384692e-06
14359,58629,0.0077562737
14360,70863,1.4432537e-10
14361,90570,5.2127294e-08
14362,29746,2.6743107e-16
14363,16815,5.6343774e-28
14364,11651,0.004454616
14365,64034,0.0020677901
14366,14975,5.746052e-06
14367,77289,1.3244607e-05
14368,36197,4.9225582e-11
14369,46949,0.004972946
14370,97306,0.0006942356
14371,91731,4.6773253e-06
14372,94852,0.008028029
14373,3373,8.809566e-08
14374,63685,1.331513e-15
14375,40931,2.0535336e-16
14376,56422,1.2691017e-06
14377,20306,5.077816e-16
14378,1961,0.013572928
14379,83501,0.0020921822
14380,101745,0.0014779106
14381,3768,1.8037015e-13
14382,41203,3.0829713e-20
14383,103061,0.030011307
14384,91358,0.047915254
14385,113985,2.6369068e-11
14386,50161,1.1414862e-09
14387,105410,0.005345043
14388,71479,4.7876105e-17
14389,93712,1.800574e-20
14390,34042,3.7807274e-18
14391,102224,4.6773253e-06
14392,53019,0.0042712325
14393,41277,0.059635594
14394,103550,0.008091315
14395,41111,0.00026022937
14396,67435,0.0034226307
14397,76651,0.008089195
14398,105112,1.2167922e-05
14399,78191,4.7056687e-06
14400,2196,0.0017362648
14401,99680,2.5129437e-16
14402,15439,7.688852e-16
14403,31423,0.003860181
14404,41342,0.0267177
14405,43529,0.083558194
14406,100248,5.1102218e-26
14407,110117,1.912413e-21
14408,52857,4.0299445e-16
14409,32093,0.01568494
14410,114477,1.5664221e-10
14411,56862,0.008028029
14412,47156,1.525603e-23
14413,51733,0.0072111264
14414,40228,0.010517384
14415,91495,0.000846277
14416,16579,3.0649997e-07
14417,87057,0.031783845
14418,105093,0.04818268
14419,80390,0.055597
14420,46867,4.8246754e-12
14421,26850,0.003860181
14422,69597,6.70475e-16
14423,77337,2.2820108e-17
14424,38938,3.8027358e-06
14425,109106,0.049276546
14426,99183,0.05780216
14427,71008,1.7715726e-10
14428,44782,3.1940376e-06
14429,96633,4.6773253e-06
14430,106040,3.5427913e-16
14431,12858,2.3462482e-15
14432,34232,0.01568494
14433,3056,6.2727364e-14
14434,37646,0.016525099
14435,7078,3.6898826e-09
14436,21040,0.00020048891
14437,85963,2.106956e-05
14438,25331,0.008079731
14439,43536,5.4407012e-09
14440,83055,0.016494239
14441,102281,0.005038059
14442,49088,0.123743504
14443,75918,4.6773253e-06
14444,83564,7.3541345e-14
14445,19472,0.016494239
14446,115027,0.02173233
14447,45740,0.00016235653
14448,62163,0.0006456536
14449,1864,1.2267808e-11
14450,73700,0.008089195
14451,72189,5.071879e-21
14452,73587,9.237003e-05
14453,59901,0.025576562
14454,74107,0.05781131
14455,11893,5.812286e-18
14456,98394,0.008091315
14457,113449,0.089831635
14458,43184,1.7004847e-17
14459,30382,0.0077562737
14460,38445,2.0570943e-07
14461,58061,0.008028029
14462,46669,8.0134616e-16
14463,70891,1.4055625e-10
14464,85343,7.3370043e-09
14465,113826,0.0029129926
14466,16564,3.1469588e-19
14467,65504,1.3430364e-08
14468,62888,1.7409037e-07
14469,31571,8.183053e-06
14470,71063,7.2444086e-27
14471,15567,0.11839662
14472,7698,3.1966547e-09
14473,3731,2.6149039e-05
14474,63995,0.08296545
14475,37109,0.0003002065
14476,102914,0.032137424
14477,24566,1.0129818e-21
14478,97640,0.029305182
14479,32244,0.0001437159
14480,66073,2.2820108e-17
14481,30390,0.0077562737
14482,111505,1.1731111e-17
14483,108825,1.21480415e-17
14484,95150,1.0079005e-08
14485,23554,5.087487e-10
14486,40707,0.06580284
14487,92167,0.047915254
14488,104864,0.0047083725
14489,67194,5.071879e-21
14490,55015,4.3951887e-23
14491,56513,0.008028029
14492,70523,0.010517384
14493,15952,0.06310122
14494,40429,0.004957235
14495,81030,0.00712693
14496,8868,1.9632114e-07
14497,68852,0.008089195
14498,78333,8.4445965e-06
14499,15490,3.5021562e-32
14500,8159,2.3393647e-09
14501,90534,0.0077935676
14502,22185,7.9434576e-05
14503,86479,0.008089195
14504,97619,3.1910665e-14
14505,96393,0.048003506
14506,83277,9.878176e-17
14507,31257,6.8307863e-06
14508,105386,1.493013e-20
14509,88658,0.0002545983
14510,111221,0.00089064584
14511,79720,1.4204808e-05
14512,53529,0.005038059
14513,64542,7.423923e-22
14514,33473,1.07178914e-13
14515,102080,0.051038433
14516,44875,4.850927e-08
14517,32445,2.1184352e-25
14518,107065,7.558704e-18
14519,111990,5.425712e-05
14520,580,0.007883797
14521,80119,8.4445965e-06
14522,108428,0.06282126
14523,84656,0.009092403
14524,24965,5.081923e-09
14525,105704,4.6773253e-06
14526,4681,7.8886164e-10
14527,79493,0.0038637838
14528,63014,3.216508e-16
14529,23449,0.018442087
14530,36025,0.024806844
14531,54618,1.4396956e-06
14532,71036,0.047915254
14533,5390,0.0031529434
14534,74978,0.016494239
14535,72076,0.23565465
14536,99234,0.00145979
14537,1025,0.0031529434
14538,26683,0.0029182504
14539,71123,3.8306027e-21
14540,32832,0.003860181
14541,61542,0.00027655234
14542,23535,1.04842975e-17
14543,70457,6.3407283e-06
14544,76182,1.4158924e-21
14545,63048,0.003860181
14546,50219,0.0006456536
14547,52832,6.908129e-12
14548,92751,0.026802782
14549,309,9.816908e-17
14550,69440,0.08909831
14551,71293,1.0348493e-08
14552,77874,0.028968716
14553,19662,6.739051e-11
14554,15281,0.0015663607
14555,113384,0.028535044
14556,5600,3.669969e-07
14557,8878,7.5975545e-11
14558,9342,5.8384703e-06
14559,110755,9.878176e-17
14560,27477,0.006983701
14561,56411,3.8361193e-07
14562,28493,0.0005769958
14563,14708,1.5266275e-08
14564,30826,7.966789e-18
14565,14794,7.113433e-18
14566,92239,0.06268074
14567,83517,2.215096e-15
14568,15799,0.03824747
14569,99818,0.008159509
14570,87707,0.047915254
14571,114105,2.6740216e-11
14572,29205,5.25498e-06
14573,106861,0.015695691
14574,94763,1.1099516e-08
14575,90733,8.20369e-05
14576,85351,2.8475276e-16
14577,48803,0.048219755
14578,38446,0.030200627
14579,11096,2.5712996e-09
14580,55842,0.0577544
14581,67773,0.00011545447
14582,37612,9.986121e-09
14583,66674,3.0917905e-14
14584,31601,0.016556531
14585,109621,4.7584123e-05
14586,15055,1.3472198e-21
14587,17680,2.5555462e-09
14588,83024,1.2006149e-09
14589,39457,0.00048933655
14590,60702,3.3776446e-06
14591,39023,1.0887053e-12
14592,30684,1.22414585e-05
14593,41979,0.039078597
14594,34608,0.059635594
14595,38975,3.0829713e-20
14596,33959,0.044231094
14597,113696,3.7424607e-24
14598,86108,0.00086885644
14599,42269,0.008079731
14600,12294,1.6213242e-20
14601,34893,3.5308128e-15
14602,17356,2.0542666e-27
14603,84130,0.008089195
14604,113360,0.0029129926
14605,94304,8.328654e-14
14606,40644,7.999866e-17
14607,18827,1.1709035e-08
14608,12761,1.1115039e-13
14609,31137,0.0077562737
14610,24043,0.003860181
14611,98194,0.012676756
14612,78472,0.031797543
14613,26408,6.833112e-06
14614,47385,0.0072107604
14615,61968,0.009455685
14616,80943,1.2167922e-05
14617,95462,0.0043147327
14618,7192,9.005515e-09
14619,68481,0.028968716
14620,100815,0.0020933005
14621,75251,2.2820108e-17
14622,42136,0.005857628
14623,109782,0.09447625
14624,108241,0.008091315
14625,108487,0.042376153
14626,109725,0.0020876515
14627,77313,1.2564294e-06
14628,52231,0.010517384
14629,18437,4.3939123e-09
14630,88883,0.007883797
14631,83651,0.02050013
14632,56288,4.8417764e-08
14633,68212,2.5780896e-14
14634,94925,2.2195121e-14
14635,101284,0.008091315
14636,95543,0.020338738
14637,88696,0.00010323611
14638,89297,0.0014779106
14639,80728,6.116516e-06
14640,54115,0.0036370647
14641,18999,9.8804916e-14
14642,38855,2.0792268e-05
14643,51499,2.8954508e-15
14644,54535,2.9649167e-08
14645,103170,5.2583937e-06
14646,17496,1.338846e-17
14647,53650,0.0077562737
14648,74186,0.009092403
14649,7784,0.04179281
14650,75932,0.013391664
14651,11770,2.1578313e-05
14652,28034,1.0093837e-12
14653,108551,0.0005574171
14654,18021,1.1881224e-16
14655,89787,1.03977885e-17
14656,50837,0.0006956626
14657,79338,6.8692334e-13
14658,74841,1.0680351e-19
14659,49748,0.0006956626
14660,110740,0.013304895
14661,10535,0.0032681127
14662,8346,3.953718e-08
14663,62232,0.0014779106
14664,213,2.0792268e-05
14665,79183,0.0403012
14666,35072,1.2901411e-18
14667,9634,0.05781429
14668,48164,2.6234486e-05
14669,83119,4.9759565e-16
14670,88091,0.008089195
14671,19424,6.788804e-09
14672,13978,4.3633987e-15
14673,48709,2.3850328e-08
14674,113437,4.436524e-09
14675,91767,5.9786793e-09
14676,92076,1.991672e-11
14677,104681,0.0077935676
14678,112447,0.03567427
14679,26684,4.7649817e-09
14680,18130,1.5177828e-17
14681,54832,0.026713273
14682,16391,1.0887177e-27
14683,51963,5.1478235e-20
14684,102293,0.032263808
14685,97938,1.4673283e-20
14686,73984,0.042199478
14687,70651,1.8710522e-19
14688,94663,2.5097115e-19
14689,9816,0.00091578695
14690,60821,0.016494239
14691,89134,0.047915254
14692,37039,0.026713273
14693,75296,4.587395e-21
14694,87077,0.0577544
14695,89589,1.8063742e-12
14696,101943,0.040500082
14697,28398,0.005038059
14698,15802,1.3415174e-13
14699,32578,3.6566344e-06
14700,55171,1.1650045e-08
14701,27712,0.018867794
14702,32341,2.4159428e-07
14703,24270,0.007791001
14704,71141,0.008089195
14705,69634,0.008089195
14706,86678,0.0013357647
14707,26137,0.024727335
14708,50978,0.0075158607
14709,70265,1.6783968e-12
14710,81881,4.6773253e-06
14711,70973,1.8130941e-09
14712,78090,0.0065901084
14713,98395,0.10886286
14714,68639,0.0006456536
14715,39711,0.00023081219
14716,89142,0.0007850549
14717,105134,0.0006942356
14718,41694,0.003860181
14719,99371,0.000506739
14720,12718,4.0408643e-13
14721,56216,0.0077562737
14722,4561,0.00024039957
14723,39453,9.1268654e-10
14724,98296,0.017695738
14725,15297,0.008782653
14726,35741,0.024806844
14727,14584,9.2848794e-20
14728,38843,0.0908458
14729,47255,0.020164473
14730,9768,1.0272508e-07
14731,30418,2.0445031e-11
14732,83312,7.645593e-09
14733,52722,4.892199e-09
14734,19821,0.0577544
14735,66228,1.5745239e-06
14736,92920,0.0040524765
14737,96960,1.2308778e-11
14738,73042,0.023089577
14739,28889,0.00067453913
14740,115433,1.4045642e-12
14741,44702,0.0072107604
14742,7892,0.0035321566
14743,7363,0.0032691674
14744,70400,8.3460875e-13
14745,2124,1.4524401e-08
14746,6692,0.0062888265
14747,68763,0.008089195
14748,105608,0.0020933005
14749,59583,0.026713273
14750,71052,3.724652e-12
14751,48016,0.0006954876
14752,67733,0.06575416
14753,67539,7.423923e-22
14754,65369,0.05781131
14755,30917,0.00010323611
14756,12382,0.0015312115
14757,99560,2.0340302e-13
14758,61470,7.676843e-14
14759,109459,0.00089064584
14760,77157,2.8294671e-08
14761,44924,3.6450812e-19
14762,34613,2.619474e-17
14763,56444,0.029361214
14764,90956,0.047915254
14765,67461,4.6773253e-06
14766,110249,4.6546016e-09
14767,15491,2.0808037e-14
14768,89014,5.3756112e-17
14769,115192,0.0006448873
14770,20559,0.022250561
14771,107708,2.8639634e-18
14772,65644,4.7817523e-09
14773,25911,3.888605e-09
14774,100252,1.7096988e-20
14775,98304,4.4312112e-10
14776,8519,1.437151e-06
14777,24640,2.6443191e-05
14778,43809,0.005038059
14779,91272,2.1836866e-13
14780,115861,0.043045577
14781,82429,3.868407e-18
14782,47087,0.083558194
14783,104257,9.252297e-09
14784,59816,1.989945e-14
14785,77623,0.000116006035
14786,6898,5.095689e-08
14787,12206,0.66295576
14788,71721,0.0074967635
14789,12302,8.059894e-12
14790,5932,4.876829e-08
14791,42104,0.024727335
14792,87740,0.0077935676
14793,9779,0.14297737
14794,89149,5.1410466e-15
14795,13086,2.1198385e-07
14796,898,8.909195e-08
14797,78362,1.3056496e-15
14798,14684,0.007883797
14799,52942,0.01568494
14800,88900,0.06248945
14801,7432,0.028980374
14802,84674,1.0426906e-09
14803,38728,3.7300335e-16
14804,8670,1.1788664e-10
14805,105455,0.019067334
14806,75900,0.001341142
14807,55113,1.2416068e-06
14808,108408,0.0014796258
14809,54426,0.00047791377
14810,72787,0.001001919
14811,63207,0.032263808
14812,69572,0.047915254
14813,27544,0.016525099
14814,39057,1.296675e-16
14815,45567,1.914004e-06
14816,57672,9.014006e-16
14817,46120,1.4863688e-14
14818,79581,0.018761199
14819,94899,0.015743928
14820,96193,5.2284323e-12
14821,635,6.5895484e-11
14822,35626,0.0006956626
14823,94656,0.025592234
14824,28487,0.009132841
14825,11792,2.7240192e-17
14826,103627,7.555141e-15
14827,99867,0.048119143
14828,1259,0.05781429
14829,25077,1.666456e-17
14830,96329,0.007889245
14831,49446,2.4629899e-20
14832,89995,0.0008937112
14833,63872,4.218622e-11
14834,5359,3.1591594e-09
14835,49666,5.2807097e-19
14836,63499,3.7811358e-08
14837,25354,0.003860181
14838,4920,3.7278658e-06
14839,713,1.2195234e-14
14840,55341,1.4212852e-17
14841,112712,0.010582884
14842,51137,1.1593249e-09
14843,72218,2.5234406e-18
14844,49527,0.31398317
14845,85070,0.008089195
14846,65358,0.00033642352
14847,6807,0.0017362167
14848,2130,2.0423586e-06
14849,3739,9.833758e-07
14850,53212,9.403453e-16
14851,16013,1.3513735e-21
14852,69590,0.029361214
14853,112724,0.0014796258
14854,67669,2.4612506e-14
14855,12501,1.0926745e-27
14856,59554,0.0029160744
14857,32015,0.004262849
14858,103130,2.8043554e-15
14859,112161,0.0022714366
14860,114103,2.1182564e-11
14861,58381,1.1414862e-09
14862,99026,0.06145478
14863,24648,1.1183923e-16
14864,55061,3.566434e-19
14865,52931,0.004262849
14866,11634,0.0031529434
14867,3644,0.11344382
14868,50709,7.866996e-21
14869,66644,0.0008393011
14870,53249,0.008028029
14871,1238,0.00012665114
14872,89837,7.25389e-13
14873,78071,1.795862e-12
14874,67059,0.010517384
14875,110795,1.0711837e-14
14876,28848,0.008028029
14877,73762,4.6773253e-06
14878,59959,4.497622e-05
14879,93430,0.05780216
14880,51175,2.4748619e-05
14881,73776,0.020619221
14882,20657,8.521773e-14
14883,71372,0.0074967635
14884,104783,1.8612303e-17
14885,3221,0.00037584107
14886,110222,0.009667851
14887,43961,0.017118597
14888,49632,0.016494239
14889,68697,0.009092403
14890,98944,1.0620926e-16
14891,99951,1.00754145e-11
14892,21097,0.00047280395
14893,94816,0.0077562737
14894,79390,7.253586e-13
14895,17793,9.026919e-14
14896,88872,0.000113770446
14897,80145,0.008089195
14898,40740,2.9825944e-13
14899,36384,2.6234486e-05
14900,104948,0.040500082
14901,51609,3.7434136e-11
14902,71147,0.08187375
14903,90577,0.00712693
14904,40009,7.9911175e-08
14905,85883,5.4235392e-05
14906,26425,0.08129434
14907,106423,0.06282126
14908,29339,7.5372463e-07
14909,50253,0.0034607893
14910,92081,1.2167922e-05
14911,43936,0.08138075
14912,17857,6.098582e-14
14913,82525,0.044725854
14914,52015,3.0829713e-20
14915,52149,0.005038059
14916,50994,1.1414862e-09
14917,102031,0.020338738
14918,68895,0.05410443
14919,31954,0.008028029
14920,55956,1.8599457e-07
14921,103208,0.048256118
14922,50440,0.0509507
14923,15881,0.005038059
14924,102531,4.669411e-11
14925,35150,0.008028029
14926,12673,2.4000817e-24
14927,2900,0.0017362648
14928,52867,8.211319e-17
14929,17200,1.5973428e-23
14930,105761,0.040500082
14931,21648,7.6178055e-20
14932,24022,0.010517384
14933,45634,5.5518425e-16
14934,105441,7.0715256e-10
14935,115363,3.5519093e-10
14936,47609,0.04324529
14937,10575,0.030685203
14938,12674,5.25498e-06
14939,9172,1.9407316e-11
14940,86514,4.585569e-09
14941,37829,0.026713273
14942,63578,0.001341142
14943,58087,2.66696e-05
14944,21210,0.0031414246
14945,87979,6.0849703e-05
14946,69169,0.0509507
14947,88688,0.017964384
14948,31878,2.7030196e-15
14949,71356,0.0074967635
14950,79008,0.0013494677
14951,13292,0.00019491534
14952,98382,0.000501467
14953,70287,0.005038059
14954,101918,0.0033853932
14955,3587,1.9276075e-07
14956,34821,0.016494239
14957,76181,2.6590478e-19
14958,82015,0.0047676573
14959,44703,4.7627723e-06
14960,22388,0.005706795
14961,104885,0.00017630246
14962,113365,0.048256118
14963,77796,7.881041e-09
14964,52874,5.4423194e-06
14965,88489,0.016539916
14966,11356,3.8565217e-05
14967,106227,4.6773253e-06
14968,89936,3.102226e-19
14969,15575,0.0036370647
14970,3709,5.1783747e-05
14971,90528,4.7077033e-11
14972,23331,6.3407283e-06
14973,41120,5.0522157e-08
14974,32500,7.1936957e-16
14975,47757,2.096718e-06
14976,96094,1.3098131e-18
14977,58385,0.0403012
14978,113531,2.8639634e-18
14979,51231,5.68932e-14
14980,76691,0.026748953
14981,68691,0.004901067
14982,18031,1.6342653e-12
14983,112130,2.3075272e-10
14984,108756,0.0038637838
14985,36452,1.1658141e-07
14986,12753,3.6524577e-12
14987,96076,7.0320425e-08
14988,109910,2.691328e-10
14989,42814,0.005038059
14990,27569,0.016525099
14991,5701,0.0062888265
14992,36409,0.0267177
14993,40649,0.031626154
14994,38579,0.01568494
14995,96781,0.0038637838
14996,58961,8.8765383e-13
14997,49454,0.00091578695
14998,86463,9.178714e-10
14999,60077,3.5293313e-15
15000,44005,0.011095209
15001,72250,7.75746e-07
15002,98917,0.002371621
15003,69255,0.06248945
15004,37972,8.967566e-05
15005,44337,4.7627723e-06
15006,33982,0.0038427904
15007,49572,0.016494239
15008,80131,0.0008937112
15009,56627,4.654224e-11
15010,91637,7.16428e-17
15011,99976,1.233861e-05
15012,58335,0.03348353
15013,3005,0.0005774158
15014,81109,0.00010323611
15015,8535,1.5360141e-09
15016,69866,0.002144661
15017,7903,7.7300444e-11
15018,109414,0.0077935676
15019,110152,1.5217695e-12
15020,80053,1.9673148e-16
15021,85841,2.84736e-06
15022,47128,0.00011448993
15023,112237,0.0077562737
15024,42865,2.5335595e-10
15025,23949,2.5510367e-09
15026,70175,6.391479e-14
15027,80907,0.031797543
15028,55990,0.0077562737
15029,83881,1.3498554e-11
15030,48138,2.0523458e-21
15031,3459,0.00017986688
15032,26091,0.008079731
15033,82939,9.878176e-17
15034,31251,0.010517384
15035,56947,1.4486143e-11
15036,58599,0.047915254
15037,27010,0.07283948
15038,7864,4.789605e-08
15039,97669,0.0077935676
15040,72506,3.3776446e-06
15041,25672,1.4529702e-06
15042,87839,1.9229628e-20
15043,84644,0.0014779106
15044,104057,8.041262e-17
15045,81570,2.993716e-08
15046,82221,0.0077935676
15047,44029,8.567071e-08
15048,7993,6.0492886e-07
15049,78699,1.989945e-14
15050,55189,1.07178914e-13
15051,110731,0.060091816
15052,85929,1.233488e-16
15053,15678,5.0255495e-18
15054,83118,1.5298044e-16
15055,83229,0.010517384
15056,71782,0.0267177
15057,106596,5.3375246e-09
15058,33192,0.0509507
15059,28298,0.00011448993
15060,58984,5.156925e-12
15061,63391,0.021798836
15062,15390,0.020293191
15063,7397,1.4486903e-07
15064,70997,4.6773253e-06
15065,12893,1.182668e-10
15066,73463,1.9984977e-12
15067,106860,2.3971972e-06
15068,107298,2.4798902e-08
15069,57669,0.0013494677
15070,25985,0.007791001
15071,103769,0.0002541375
15072,90588,0.005038059
15073,108602,0.017695738
15074,77562,0.06248945
15075,84318,0.025592234
15076,78654,0.00896863
15077,102065,5.5619353e-06
15078,60101,4.7891824e-09
15079,71345,6.2379585e-10
15080,39869,0.0006956626
15081,6038,2.376553e-07
15082,54192,0.0017178432
15083,52508,0.0006456536
15084,61465,4.6773253e-06
15085,115230,0.0051077963
15086,109593,2.909022e-09
15087,86075,0.010517384
15088,12291,0.059635594
15089,57290,0.0029168383
15090,18785,0.009119634
15091,32183,0.008028029
15092,110984,0.0038637838
15093,72070,0.0080632195
15094,65850,7.96016e-12
15095,41056,8.937703e-08
15096,19443,0.16135558
15097,17459,2.0542666e-27
15098,66820,0.055779953
15099,55388,4.7059006e-14
15100,87871,0.0070778257
15101,97609,8.176245e-05
15102,77741,0.0077871648
15103,59395,0.042199478
15104,32468,0.024806844
15105,115383,3.1528732e-10
15106,2850,2.330609e-09
15107,7263,0.004454616
15108,109934,1.8409274e-19
15109,52368,8.4424926e-08
15110,6846,0.28334346
15111,40109,7.788952e-05
15112,23117,2.9737118e-12
15113,114241,2.8784774e-17
15114,100961,0.0031982835
15115,92097,0.08138075
15116,90826,0.047915254
15117,41261,0.003860181
15118,71308,0.000535896
15119,112517,1.807287e-05
15120,10101,4.0113719e-07
15121,25851,0.00011448993
15122,95668,0.012212343
15123,2814,0.0031490463
15124,47961,7.695491e-07
15125,108724,0.004270969
15126,62917,0.044725854
15127,33343,0.024806844
15128,18495,0.16019998
15129,87000,0.0013357647
15130,62809,9.3074756e-11
15131,35030,0.004262849
15132,49503,0.016494239
15133,111428,2.2798796e-09
15134,107171,1.0584593e-11
15135,2181,4.0599846e-07
15136,45312,5.081923e-09
15137,51161,2.4473974e-19
15138,1336,2.3610981e-23
15139,105988,4.724313e-09
15140,74030,0.0006456536
15141,52949,4.900653e-12
15142,51149,0.020164473
15143,67521,0.00048933655
15144,87670,0.029672049
15145,82682,0.0038987673
15146,114547,0.007553458
15147,19529,2.8102538e-09
15148,84025,0.00048375476
15149,79141,0.007883797
15150,101771,2.722479e-19
15151,99778,5.48979e-12
15152,47686,0.003860181
15153,55040,1.22414585e-05
15154,19675,4.760584e-17
15155,13305,0.008038916
15156,1516,4.274156e-16
15157,24980,1.3568327e-07
15158,91223,1.5134603e-14
15159,61919,4.9140656e-08
15160,52748,6.3140546e-21
15161,12550,1.0917035e-20
15162,67590,0.00712693
15163,18461,2.6267588e-07
15164,86889,5.5061228e-14
15165,79,1.7142184e-12
15166,11294,1.0126856e-11
15167,56076,4.627421e-11
15168,82816,0.026637876
15169,109715,0.013304895
15170,26407,0.016525099
15171,48962,9.3548485e-12
15172,15072,0.009119634
15173,113252,0.0029133803
15174,100880,4.945363e-07
15175,84063,0.059635594
15176,67253,0.08187375
15177,92958,0.008089195
15178,114269,8.5220854e-05
15179,110793,9.032488e-09
15180,86621,0.008089195
15181,9298,1.2267808e-11
15182,89162,3.5466814e-11
15183,108716,0.009567131
15184,49880,1.39413645e-08
15185,46252,0.0034809986
15186,105684,3.437833e-13
15187,61589,4.7891824e-09
15188,66321,0.00047763984
15189,64541,1.3659344e-10
15190,16955,2.0352643e-07
15191,80135,0.0038637838
15192,58390,1.1118928e-15
15193,21935,1.6606537e-27
15194,40832,0.012522128
15195,9045,9.158569e-10
15196,35650,4.892199e-09
15197,8390,3.2881113e-07
15198,1005,2.3610981e-23
15199,70587,0.0020933005
15200,89996,0.00953514
15201,75440,0.0074967635
15202,15759,0.22049785
15203,71385,0.008089195
15204,69462,4.128503e-06
15205,19936,2.559909e-08
15206,2962,1.3294145e-11
15207,90547,0.0038637838
15208,15572,6.6892056e-12
15209,30112,5.335607e-18
15210,46658,6.0891816e-17
15211,72545,9.878176e-17
15212,41137,2.5025942e-15
15213,105132,0.028968716
15214,52799,9.185911e-14
15215,22917,1.1005994e-24
15216,58209,0.006891227
15217,58113,1.345897e-10
15218,60401,1.0601958e-13
15219,100530,1.4446128e-12
15220,99122,2.7175483e-07
15221,51480,2.641505e-06
15222,110189,0.048256118
15223,36108,1.7204459e-06
15224,21231,0.005038059
15225,83323,0.017772706
15226,61774,4.242932e-09
15227,53143,0.008163503
15228,78685,4.7817523e-09
15229,85267,4.6773253e-06
15230,36118,0.123743504
15231,59929,0.044231094
15232,65715,1.15698915e-14
15233,12724,0.0038328238
15234,52433,4.2481383e-13
15235,95337,0.048003506
15236,95919,0.039552744
15237,93072,5.315747e-06
15238,58769,1.7138336e-11
15239,35490,0.008086621
15240,62771,0.0004406953
15241,23045,5.031419e-18
15242,52384,6.143504e-05
15243,60152,0.0577544
15244,113241,3.868407e-18
15245,28151,1.2790963e-17
15246,48411,3.566434e-19
15247,14238,5.985633e-11
15248,34247,0.0077562737
15249,72541,2.6010476e-21
15250,108710,0.032137424
15251,109957,4.6546016e-09
15252,6470,4.9950127e-06
15253,67637,1.621111e-05
15254,104542,0.04818268
15255,56191,0.008028029
15256,62664,0.003860181
15257,36240,0.0577544
15258,40989,8.726177e-17
15259,63545,2.2681769e-17
15260,17589,0.008047925
15261,1504,1.0981844e-08
15262,39624,3.7986572e-16
15263,31790,0.0077562737
15264,107218,6.043667e-08
15265,46624,5.2807097e-19
15266,100987,0.025567163
15267,38322,0.007883797
15268,57656,0.016494239
15269,18119,0.0509507
15270,55412,1.9516805e-13
15271,59858,0.0019213055
15272,85421,1.7573539e-21
15273,100503,1.3323519e-06
15274,91651,1.0712066e-17
15275,92596,0.047915254
15276,66313,5.071879e-21
15277,20502,3.5310215e-06
15278,12068,0.008038916
15279,7913,0.0017362167
15280,93834,4.6773253e-06
15281,58760,0.0043147327
15282,114344,6.2980687e-25
15283,55884,0.032263808
15284,12172,6.0745464e-08
15285,7456,6.2967027e-09
15286,84897,0.0007850549
15287,4751,0.0510622
15288,88070,0.0006954876
15289,64745,0.0020933005
15290,53232,0.99996793
15291,99765,3.1502033e-05
15292,95764,0.004271107
15293,13535,0.007763525
15294,5609,1.3842981e-19
15295,105800,0.0038637838
15296,96694,7.4255505e-11
15297,65691,9.102237e-20
15298,108849,2.1220292e-07
15299,15241,3.090247e-07
15300,39240,0.020164473
15301,109807,1.6467824e-11
15302,61537,2.6448491e-08
15303,70989,0.0006456536
15304,110280,0.0036098338
15305,27795,0.007230439
15306,44918,0.003860181
15307,11548,1.6796962e-07
15308,34336,0.0509507
15309,59598,4.873255e-17
15310,3341,9.202981e-09
15311,4321,4.107407e-08
15312,45245,2.8930345e-29
15313,80788,0.015734917
15314,55303,0.0072111264
15315,33147,1.233488e-16
15316,109633,3.3175242e-15
15317,15722,1.1366231e-18
15318,58936,0.008028029
15319,57417,8.3320904e-13
15320,63818,0.00037240595
15321,53438,2.9653135e-15
15322,109942,9.0185755e-17
15323,37356,0.03538757
15324,66628,1.5017857e-14
15325,1647,0.057044957
15326,65819,0.0029160744
15327,86677,9.9313314e-05
15328,33765,4.5180936e-06
15329,2661,0.11678122
15330,29093,4.94964e-09
15331,51972,7.2436973e-10
15332,84508,7.676843e-14
15333,106854,0.0020621782
15334,71742,7.254713e-15
15335,102142,5.425712e-05
15336,61870,1.4040712e-12
15337,68634,8.4445965e-06
15338,31357,0.041821215
15339,40425,2.1459351e-17
15340,97400,9.1698604e-10
15341,84103,0.02471286
15342,16961,1.439353e-21
15343,37811,4.8849537e-13
15344,108683,3.2079917e-16
15345,95193,0.015743928
15346,115871,0.016556531
15347,57344,3.566434e-19
15348,56155,2.7410535e-05
15349,56067,0.0077562737
15350,39537,0.024727335
15351,102061,0.0014779106
15352,101932,1.338156e-18
15353,44527,5.081923e-09
15354,79575,0.020164473
15355,2554,0.00023889335
15356,34564,0.0006004586
15357,38734,0.00067453913
15358,43190,0.083558194
15359,79674,0.007883797
15360,92405,0.012759489
15361,11849,6.073334e-18
15362,50521,2.1035521e-19
15363,9010,0.001702015
15364,83316,2.7861494e-18
15365,45492,7.7697776e-26
15366,54821,1.7981856e-05
15367,6813,0.00037575368
15368,12162,1.0268009e-21
15369,3482,0.07549378
15370,79367,0.0074967635
15371,33471,0.0077562737
15372,52705,0.00032220327
15373,35416,0.0509507
15374,85492,3.5427913e-16
15375,64338,4.0747486e-13
15376,18469,2.293169e-27
15377,63115,0.010517384
15378,69053,0.0403012
15379,90962,0.055597
15380,112214,5.7238005e-22
15381,85868,0.016494239
15382,112822,0.0031238506
15383,3473,0.16404395
15384,63447,0.016494239
15385,3066,1.5437533e-07
15386,42838,8.7015815e-24
15387,110725,7.307707e-05
15388,42635,0.005038059
15389,94029,7.731102e-07
15390,40280,0.007264772
15391,26886,0.004262849
15392,79202,3.2569822e-08
15393,60884,0.047915254
15394,98789,3.6662418e-16
15395,87717,0.044260383
15396,12993,0.23110333
15397,102390,5.8995283e-07
15398,62264,4.0971455e-21
15399,59803,7.760384e-12
15400,88992,5.1115865e-11
15401,45452,0.00031966768
15402,13946,1.793111e-11
15403,6697,5.095689e-08
15404,63918,9.621429e-14
15405,32727,0.026713273
15406,2328,0.008435642
15407,39564,0.008079731
15408,87938,3.6048402e-20
15409,94485,7.0127203e-06
15410,93760,0.008091315
15411,36164,1.4212852e-17
15412,89340,0.022182668
15413,91090,4.414746e-09
15414,57401,6.3140546e-21
15415,12492,7.3691213e-09
15416,97629,3.4106713e-16
15417,103727,1.5344973e-09
15418,36003,0.0577544
15419,91853,0.0005001208
15420,23405,1.4212852e-17
15421,74204,0.0013815863
15422,83948,0.0038637838
15423,71538,0.008089195
15424,35699,1.525603e-23
15425,39790,3.6953154e-19
15426,14563,0.00010576932
15427,56079,0.0403012
15428,55136,0.024806844
15429,44225,0.019711273
15430,56681,0.0042713424
15431,47031,9.946903e-05
15432,52708,0.010517384
15433,80827,1.7417603e-17
15434,56922,0.0034607893
15435,90987,1.6831869e-19
15436,22391,5.080845e-07
15437,75798,0.0403012
15438,15632,3.1219352e-06
15439,110434,0.0077935676
15440,10766,7.546526e-08
15441,111835,0.016556531
15442,41253,0.010842438
15443,49834,7.73291e-10
15444,68305,0.0006456536
15445,73176,1.2630882e-13
15446,1399,0.0062888265
15447,96163,0.0038637838
15448,26161,7.2476095e-21
15449,12816,4.45351e-11
15450,69851,0.00018234017
15451,75383,0.0403012
15452,109816,1.2333501e-07
15453,71199,2.9833372e-11
15454,67480,0.004716032
15455,2359,1.2799027e-05
15456,47043,0.007791001
15457,31381,2.819578e-14
15458,53856,0.025576562
15459,92132,1.3331501e-06
15460,11158,0.006265647
15461,84946,1.5537534e-08
15462,55001,0.0577544
15463,38695,1.8949298e-10
15464,64921,1.2298633e-06
15465,6474,0.044394974
15466,82612,0.044725854
15467,57829,0.0042712325
15468,87721,0.047915254
15469,7742,0.007132523
15470,100477,0.042376153
15471,45557,1.6045842e-05
15472,113395,1.1731111e-17
15473,83652,1.4013562e-15
15474,95411,6.1677975e-11
15475,73319,6.391479e-14
15476,73953,1.612874e-19
15477,67102,0.017118597
15478,57324,0.000846277
15479,61449,1.3439614e-12
15480,56320,1.4824906e-13
15481,35672,2.3818323e-08
15482,102384,0.042199478
15483,26537,8.1441885e-06
15484,104731,0.0077935676
15485,51843,1.3085088e-05
15486,110618,8.5351225e-05
15487,95348,0.06248945
15488,29141,2.4760038e-09
15489,103562,9.992412e-16
15490,98767,3.3776446e-06
15491,17001,1.7435162e-16
15492,50169,0.01568494
15493,71837,4.892199e-09
15494,3438,0.0010426561
15495,46766,0.016525099
15496,5524,4.742127e-05
15497,30898,0.0817255
15498,82198,6.164094e-22
15499,91306,0.08505002
15500,56083,1.0321437e-10
15501,41856,0.047221515
15502,98068,0.0020933005
15503,65647,4.3357552e-08
15504,17858,9.22619e-22
15505,70058,0.026713273
15506,52602,0.0074967635
15507,65913,5.0165536e-08
15508,68180,2.199031e-06
15509,107205,2.3899446e-07
15510,81449,2.0514128e-15
15511,106017,1.2371433e-11
15512,115801,0.003495706
15513,45128,0.0040524765
15514,20150,0.008047925
15515,12806,1.7022741e-19
15516,86541,1.6027871e-16
15517,83178,3.785301e-11
15518,94162,0.0014779106
15519,32686,0.00011297004
15520,59353,0.0038427904
15521,74772,2.2820108e-17
15522,71413,6.391479e-14
15523,27962,5.2807097e-19
15524,42739,0.09714703
15525,31950,0.003860181
15526,103775,0.0006456536
15527,27713,0.016525099
15528,57571,0.0038427904
15529,87218,1.4813827e-13
15530,93892,0.008091315
15531,24762,0.014581853
15532,50419,0.010517384
15533,94045,4.6715077e-06
15534,14244,0.013828899
15535,51482,0.0072111264
15536,54204,0.025576562
15537,16963,0.04652231
15538,108322,0.028535044
15539,59298,0.008159509
15540,20455,5.3364726e-14
15541,28518,0.0509507
15542,78914,0.011272258
15543,58763,0.023493344
15544,37088,3.6275056e-27
15545,52,1.1977562e-06
15546,70003,9.823928e-14
15547,11258,3.7181903e-07
15548,78548,3.2313375e-25
15549,89685,9.9313314e-05
15550,81714,2.4713054e-16
15551,35888,0.0509507
15552,95209,2.3661473e-08
15553,76066,1.3204313e-14
15554,4414,0.04324529
15555,113952,0.0029129926
15556,74564,0.001341142
15557,42785,0.003860181
15558,39605,0.9042696
15559,83399,2.024678e-06
15560,72933,1.4158924e-21
15561,15697,0.005038059
15562,86378,0.008089195
15563,54704,6.3140546e-21
15564,17840,5.3377725e-15
15565,114028,0.069533
15566,59358,0.042199478
15567,81116,1.5676853e-15
15568,79614,0.020164473
15569,84015,3.1062231e-15
15570,84086,0.0014779106
15571,64481,0.21054587
15572,54872,8.284135e-14
15573,27144,0.0267177
15574,115309,1.1509989e-20
15575,3074,8.9119057e-10
15576,38061,4.766627e-13
15577,66042,2.2415973e-10
15578,28136,0.007230439
15579,71761,0.0042068115
15580,20014,1.1614251e-13
15581,114067,0.002418666
15582,41352,6.7838903e-15
15583,65125,2.5129437e-16
15584,97739,0.048003506
15585,98832,1.2167922e-05
15586,109951,0.010903423
15587,31133,5.72976e-16
15588,90984,7.606135e-08
15589,54108,0.008028029
15590,111608,2.7175483e-07
15591,76907,0.0056924457
15592,87193,0.00075582217
15593,64417,0.001341142
15594,13587,9.605757e-09
15595,29319,0.0002633553
15596,219,1.4124398e-21
15597,26677,0.016525099
15598,12779,0.08309375
15599,111395,0.0038637838
15600,77752,1.1020418e-14
15601,112137,4.1279108e-13
15602,82856,4.6773253e-06
15603,29184,1.2427635e-17
15604,93494,9.9496866e-18
15605,106136,4.513029e-06
15606,55595,0.008028029
15607,58774,1.3179055e-21
15608,15647,3.3035095e-13
15609,20500,0.0022258519
15610,49390,0.009455685
15611,3595,8.8131495e-11
15612,1319,6.630823e-12
15613,25132,3.9864637e-14
15614,60601,2.8356268e-15
15615,73360,1.0426906e-09
15616,51357,1.6493353e-18
15617,44570,7.972444e-07
15618,47577,3.0829713e-20
15619,50623,0.00028952197
15620,21733,0.016494239
15621,63747,0.005693995
15622,29222,0.02558698
15623,97481,0.029305182
15624,59135,0.0012426232
15625,84987,1.1393133e-20
15626,23364,4.8082154e-26
15627,27424,0.044231094
15628,2786,9.708579e-08
15629,13996,6.659903e-11
15630,54257,1.9557176e-05
15631,58684,8.139017e-06
15632,63043,7.580177e-13
15633,68961,0.016494239
15634,46535,2.942993e-20
15635,9484,1.6785479e-15
15636,109594,0.00081616663
15637,18595,0.030200627
15638,25822,0.003860181
15639,58176,0.0014779106
15640,16743,0.000116006035
15641,50845,1.525603e-23
15642,22085,0.06938854
15643,30412,2.3560908e-12
15644,42777,0.010517384
15645,107608,0.03035353
15646,56687,0.00712693
15647,72604,1.4158924e-21
15648,26823,0.00011448993
15649,97527,0.06145478
15650,18056,1.4991673e-10
15651,104075,0.0005574171
15652,91729,0.055597
15653,115358,0.008028029
15654,44127,6.787938e-20
15655,61195,7.501356e-14
15656,87644,7.0715256e-10
15657,80015,0.000116006035
15658,101949,0.048003506
15659,63628,1.3506661e-08
15660,16646,9.919405e-11
15661,12704,0.078709215
15662,102361,0.0010755223
15663,113274,8.041262e-17
15664,85244,0.0056526004
15665,53290,0.0001526028
15666,22884,0.08217716
15667,57659,1.2356023e-09
15668,87908,0.059596222
15669,65605,9.102237e-20
15670,38167,0.0013494677
15671,30200,0.05106865
15672,43547,0.008079731
15673,97982,0.009092403
15674,28029,0.059635594
15675,26758,0.27697736
15676,33191,0.04022754
15677,37912,0.007791001
15678,85961,2.7387488e-05
15679,151,4.9040055e-10
15680,43226,3.9490997e-11
15681,37582,0.022801192
15682,104863,1.3556233e-05
15683,60002,5.071879e-21
15684,71877,1.1422891e-14
15685,41185,0.0027491145
15686,69956,3.677826e-16
15687,59750,2.0321187e-09
15688,5449,3.5908537e-13
15689,95132,0.048003506
15690,6559,8.1067596e-13
15691,28988,3.7239503e-15
15692,65,0.00066135667
15693,40162,2.9810323e-08
15694,38868,3.7300335e-16
15695,26,0.0022104597
15696,11128,1.0858424e-14
15697,84794,4.0870564e-06
15698,114654,1.2048658e-07
15699,35758,0.0013494677
15700,47601,5.8082945e-11
15701,110122,5.028977e-20
15702,58362,0.0038427904
15703,64638,9.143104e-10
15704,46108,0.01036664
15705,77900,0.016494239
15706,53245,0.00046739265
15707,26540,0.005038059
15708,89510,0.0006456536
15709,91698,4.6773253e-06
15710,113926,4.8839572e-09
15711,79357,0.024709625
15712,79956,0.010517384
15713,85947,0.0006456536
15714,20105,1.2073505e-20
15715,49706,7.146488e-08
15716,61658,0.06248945
15717,54295,5.6403675e-05
15718,47375,0.010517384
15719,115669,4.925849e-17
15720,18353,8.263991e-08
15721,89819,0.0007850549
15722,105393,0.0014947284
15723,13006,6.98967e-11
15724,63853,0.02471286
15725,73703,0.0577544
15726,10029,0.0031529434
15727,28702,2.6234486e-05
15728,73608,4.6773253e-06
15729,83766,0.002915908
15730,101013,0.03035353
15731,103112,2.8639634e-18
15732,62974,1.6329908e-16
15733,14433,0.0025443682
15734,96384,2.786393e-05
15735,100220,0.06282126
15736,104805,3.762779e-14
15737,75232,1.1393133e-20
15738,84686,0.008089195
15739,29885,0.0006956626
15740,114261,3.5171904e-10
15741,66334,1.5757486e-16
15742,11512,2.9911787e-10
15743,48434,1.0680351e-19
15744,4655,6.924929e-06
15745,76890,3.7213532e-14
15746,78742,3.162845e-19
15747,61170,4.8411644e-09
15748,22649,4.3939123e-09
15749,50109,1.0712066e-17
15750,95901,7.7063063e-13
15751,10124,0.0018089174
15752,22602,6.661976e-05
15753,96970,0.016539916
15754,27467,0.008028029
15755,60043,3.6358463e-19
15756,35066,1.2842661e-14
15757,17092,4.6083676e-23
15758,35435,1.6465808e-19
15759,69737,0.0006456536
15760,115747,4.6773253e-06
15761,2034,2.3926114e-18
15762,4801,3.0232215e-08
15763,415,7.5337215e-17
15764,108563,4.995124e-17
15765,26628,0.005038059
15766,63149,0.0014779106
15767,65835,4.7817523e-09
15768,68171,3.6358463e-19
15769,69319,0.0077935676
15770,15422,4.6859822e-21
15771,64735,4.7891824e-09
15772,29661,2.3586658e-17
15773,24034,0.0072107604
15774,5439,0.012855764
15775,57747,3.8801246e-19
15776,19633,1.5278452e-08
15777,81472,0.0014779106
15778,63580,3.0748665e-13
15779,57777,5.99942e-10
15780,64857,5.2354176e-12
15781,58347,0.004700935
15782,30246,0.008028029
15783,95653,0.0077935676
15784,113215,5.597627e-09
15785,60322,0.05121239
15786,50453,1.6802712e-06
15787,8235,0.0031529434
15788,39714,5.7115e-05
15789,59065,1.223323e-06
15790,11484,6.5308755e-05
15791,5954,0.0031529434
15792,107300,1.3178196e-14
15793,96351,3.331354e-11
15794,105645,1.6023905e-15
15795,25634,1.2337399e-27
15796,14715,1.3898384e-11
15797,76977,3.902549e-14
15798,44363,8.047306e-10
15799,31151,4.722442e-07
15800,99878,1.0751655e-09
15801,91553,0.008089195
15802,10000,5.9371524e-10
15803,16530,1.1550019e-19
15804,101139,2.2323254e-06
15805,42936,0.018442087
15806,81104,0.042199478
15807,74393,2.9833372e-11
15808,84988,0.026802782
15809,53211,0.008028029
15810,67879,7.100067e-26
15811,4761,0.0048364326
15812,26682,2.1032965e-18
15813,84405,8.491749e-08
15814,34008,0.016556531
15815,48440,0.0267177
15816,725,2.5995688e-14
15817,108791,2.7175483e-07
15818,24134,1.2105681e-07
15819,37118,5.25498e-06
15820,31966,5.72976e-16
15821,27564,0.008028029
15822,13443,2.3610981e-23
15823,84629,0.0077935676
15824,55249,0.016494239
15825,101267,0.001341142
15826,93105,0.006891227
15827,243,0.009119634
15828,22832,0.007200391
15829,87298,0.0006456536
15830,68791,1.0955899e-16
15831,83907,0.0038987673
15832,58173,0.00025183114
15833,80117,0.16586275
15834,12428,0.024790043
15835,46086,0.03603734
15836,52549,0.0014779106
15837,86771,5.1402645e-14
15838,7886,3.318066e-06
15839,102162,0.008089195
15840,51109,2.800523e-05
15841,20637,6.7136854e-05
15842,99356,1.3323519e-06
15843,9486,0.0031529434
15844,52955,0.008028029
15845,96803,4.8013176e-06
15846,65729,7.472293e-05
15847,55672,0.0267177
15848,1057,0.0058526876
15849,103741,0.015743928
15850,71879,0.008089195
15851,58526,5.6403675e-05
15852,37704,9.698756e-11
15853,60314,0.009132841
15854,113355,0.09170251
15855,6645,7.546526e-08
15856,60078,0.0077562737
15857,94388,0.029361214
15858,25483,0.0018209057
15859,104164,0.008091315
15860,57836,6.241975e-08
15861,18397,1.6342653e-12
15862,57542,0.055597
15863,52059,0.059275787
15864,25640,0.0029182504
15865,54647,7.451031e-11
15866,98641,1.6729107e-14
15867,45059,0.010517384
15868,11607,0.05098831
15869,70824,5.48979e-12
15870,32502,0.008028029
15871,102895,8.948763e-18
15872,64148,0.009455685
15873,13641,0.009124947
15874,74709,0.02579965
15875,19929,1.6595319e-13
15876,84057,1.411319e-06
15877,29495,3.0235135e-13
15878,52001,1.11456085e-13
15879,91085,0.025827529
15880,2784,1.844373e-10
15881,26912,5.5162767e-05
15882,64209,0.01305028
15883,10166,2.3393647e-09
15884,51940,0.008028029
15885,56548,0.0005514146
15886,33118,0.0077562737
15887,5423,7.272173e-14
15888,22967,1.2078627e-11
15889,13401,0.23110333
15890,46463,0.010384085
15891,75237,0.0005574171
15892,34787,0.05098831
15893,22220,1.05872336e-23
15894,13041,0.00019755558
15895,226,1.6493814e-08
15896,69618,4.0971455e-21
15897,36159,0.0077562737
15898,51901,0.004262849
15899,76043,9.559542e-11
15900,1503,1.404491e-17
15901,73139,1.6318927e-11
15902,28185,0.028968716
15903,73316,0.000909137
15904,25992,5.058556e-10
15905,106366,3.8688167e-12
15906,11996,5.4507916e-11
15907,28158,0.0029182504
15908,51983,5.1191324e-21
15909,109364,4.258307e-15
15910,411,0.011661306
15911,79625,0.00081616663
15912,52903,7.084425e-12
15913,16097,2.3610981e-23
15914,98847,2.399054e-11
15915,42107,3.7300335e-16
15916,111711,0.0038637838
15917,73951,0.0014779106
15918,31890,2.6234486e-05
15919,102041,0.048003506
15920,66064,4.0874615e-06
15921,40099,0.0001526028
15922,39933,1.2453736e-17
15923,101766,1.5378052e-07
15924,75745,0.026748953
15925,31912,2.6945537e-10
15926,6219,1.4423032e-08
15927,89216,0.0014779106
15928,96830,0.047915254
15929,73279,0.0077466764
15930,59301,0.0509507
15931,65207,3.7992118e-14
15932,19870,0.016494239
15933,28866,0.00011448993
15934,70126,7.428294e-07
15935,12948,0.0062888265
15936,71575,0.029361214
15937,72938,0.008153063
15938,46098,0.016525099
15939,18682,0.0267177
15940,86244,4.6773253e-06
15941,104797,0.0109907985
15942,80065,6.120018e-08
15943,32973,3.7229578e-14
15944,19442,3.0026912e-10
15945,82673,8.252461e-08
15946,49219,9.9008e-12
15947,68252,0.0020933005
15948,67239,0.00064514973
15949,5709,0.1237788
15950,15493,1.8078572e-11
15951,29823,5.25498e-06
15952,26325,0.008079731
15953,32506,2.522651e-06
15954,35307,0.024806844
15955,9961,0.05781429
15956,2099,4.9612987e-11
15957,12977,4.0795703e-13
15958,108516,0.04821274
15959,61523,0.0509507
15960,6015,4.6192977e-08
15961,42189,3.9318084e-07
15962,4141,1.4304334e-10
15963,89312,0.020164473
15964,64004,1.2361177e-14
15965,531,1.9559137e-07
15966,73043,1.3267286e-05
15967,9509,3.0697833e-05
15968,91604,0.027177565
15969,39069,0.007791001
15970,106852,0.010556085
15971,6073,0.00023874511
15972,52152,1.8940567e-16
15973,107563,0.0018462657
15974,89104,0.0014779106
15975,114061,0.0077562737
15976,78443,1.7386837e-05
15977,25310,0.07283948
15978,74928,0.0006456536
15979,16144,5.1723064e-14
15980,67147,0.047915254
15981,103614,0.21127653
15982,30954,3.4132614e-16
15983,75619,4.6773253e-06
15984,74386,5.425712e-05
15985,90113,6.6461403e-13
15986,67700,2.9476124e-07
15987,11609,1.3975908e-10
15988,17175,0.052883994
15989,47540,0.005038059
15990,26791,0.0077562737
15991,12308,2.2499689e-16
15992,78770,2.0401621e-20
15993,84912,4.49885e-16
15994,56647,0.008028029
15995,86013,0.042199478
15996,17686,0.024776157
15997,38837,5.524508e-06
15998,77723,0.0074967635
15999,110314,0.00081616663
16000,80633,7.6048935e-05
16001,95772,2.4344235e-14
16002,115065,0.004327362
16003,75409,0.0006456536
16004,18061,0.007768419
16005,49229,4.892199e-09
16006,98953,0.0006456536
16007,85178,2.4877602e-11
16008,26075,5.508881e-07
16009,51215,0.016494239
16010,80609,0.009529113
16011,2171,0.0048364326
16012,114255,0.0403012
16013,30757,6.966858e-18
16014,76430,9.070051e-17
16015,60822,0.0043147327
16016,95616,0.009092403
16017,44726,9.019204e-15
16018,20497,0.004262849
16019,88832,4.6773253e-06
16020,93053,0.031200785
16021,18936,4.1476304e-18
16022,45630,0.024727335
16023,68133,0.047915254
16024,13444,0.007763525
16025,60833,0.0014779106
16026,27595,3.9401514e-16
16027,80738,0.0008374929
16028,35297,4.0150855e-11
16029,76783,7.25389e-13
16030,105811,0.0077935676
16031,87581,5.0477034e-10
16032,5128,9.214542e-08
16033,78926,3.338124e-17
16034,69142,2.9970814e-19
16035,87158,4.3974673e-09
16036,37566,0.01568494
16037,51047,5.4917283e-08
16038,12496,5.908558e-22
16039,59532,0.0509507
16040,90951,2.7652346e-05
16041,44097,0.009897564
16042,90479,8.833993e-09
16043,114769,1.6893048e-18
16044,57927,6.3140546e-21
16045,109517,8.125729e-15
16046,114638,0.019956399
16047,14872,0.0074166353
16048,105708,9.144946e-19
16049,97679,0.0038637838
16050,4545,0.0053577055
16051,67610,6.6051085e-09
16052,13797,0.004262849
16053,76045,4.6773253e-06
16054,28129,0.010517384
16055,8715,2.7524274e-12
16056,30055,4.051911e-08
16057,105758,1.0796232e-12
16058,85714,1.548284e-11
16059,106464,1.4204808e-05
16060,94037,1.6825147e-07
16061,68671,0.0014779106
16062,102927,3.8784768e-14
16063,73730,0.01568494
16064,103152,8.6093564e-07
16065,109033,0.0029152634
16066,36381,2.4473974e-19
16067,22269,4.9195998e-23
16068,47107,0.007791001
16069,40582,2.2727926e-10
16070,41653,0.004262849
16071,97021,0.06282126
16072,114425,4.334086e-15
16073,108048,0.0065713925
16074,85913,0.0013393838
16075,33358,0.057819508
16076,105332,1.4925999e-07
16077,96590,0.0029160744
16078,99897,0.038721465
16079,94176,0.0014779106
16080,109228,2.7175483e-07
16081,63760,5.3350054e-06
16082,80211,0.0005574171
16083,382,6.970339e-11
16084,9285,0.004586983
16085,17050,1.1881224e-16
16086,41772,0.0267177
16087,66995,0.0710314
16088,84011,3.1910665e-14
16089,81866,2.2914131e-18
16090,6693,0.0031529434
16091,115018,0.00081616663
16092,24733,1.4212852e-17
16093,97510,0.032137424
16094,64974,1.2899455e-06
16095,66869,5.911156e-20
16096,48974,0.01568494
16097,28470,0.0077562737
16098,92665,0.06268074
16099,41135,0.044231094
16100,91490,0.0038637838
16101,50199,2.2389731e-06
16102,25116,1.0410304e-22
16103,68653,0.028968716
16104,54496,0.0577544
16105,104574,1.2342393e-19
16106,9673,5.019774e-05
16107,50337,2.9724234e-09
16108,59641,0.0577544
16109,51416,0.016494239
16110,58902,0.0077562737
16111,59398,4.996252e-08
16112,104658,3.9717847e-22
16113,31068,8.1059446e-23
16114,51531,5.566998e-05
16115,44652,4.8092974e-11
16116,82536,0.00048375476
16117,74554,4.020501e-16
16118,10763,2.199527e-07
16119,70754,0.029165084
16120,29307,0.0019343164
16121,64568,2.3731661e-12
16122,73902,7.972818e-08
16123,104546,2.5992456e-11
16124,57007,4.3891604e-14
16125,102881,7.3294534e-16
16126,3921,4.957742e-11
16127,40031,0.00012665114
16128,108372,2.7175483e-07
16129,27570,0.003860181
16130,13175,0.00013596955
16131,16717,1.8967884e-10
16132,84843,7.198037e-15
16133,50469,5.9910256e-18
16134,79279,6.723717e-27
16135,102227,0.048003506
16136,33194,0.030200627
16137,70470,5.2034714e-08
16138,95472,0.0008937112
16139,9114,0.0002220682
16140,34716,0.0077562737
16141,104233,4.8353644e-11
16142,33700,0.0006956626
16143,106559,0.028388081
16144,40570,6.7685983e-12
16145,112943,0.016556531
16146,18657,0.0005435642
16147,43025,3.003403e-09
16148,53762,0.006891227
16149,32606,3.792538e-13
16150,15081,8.875003e-08
16151,86455,4.6773253e-06
16152,114696,1.2549492e-06
16153,67999,0.06139194
16154,35984,0.0394616
16155,59928,0.0038427904
16156,65702,1.5414522e-13
16157,96714,0.009092403
16158,82574,2.2258591e-10
16159,33647,1.4660362e-12
16160,9219,0.0076018325
16161,33952,0.010842438
16162,107918,0.0007095764
16163,102453,5.075587e-09
16164,59265,0.0034607893
16165,962,1.7535097e-14
16166,75128,1.2118958e-12
16167,11957,0.008038916
16168,110477,2.4639642e-15
16169,23547,4.886862e-10
16170,39745,0.007883797
16171,13518,0.044806793
16172,114326,0.0076280036
16173,72065,9.839633e-06
16174,64706,3.8897346e-23
16175,29660,4.343598e-07
16176,61967,3.382827e-05
16177,18795,1.3876098e-06
16178,86598,0.0010350676
16179,88845,0.044725854
16180,60403,0.0006456536
16181,47537,0.016525099
16182,100962,0.08007113
16183,98806,0.035745014
16184,44240,0.008028029
16185,57790,0.008028029
16186,66474,0.0020933005
16187,6185,0.00024358119
16188,39305,0.00023507126
16189,110832,6.493372e-13
16190,71463,0.008891696
16191,99158,0.0047046267
16192,104003,1.5583752e-06
16193,25191,0.0029182504
16194,37244,0.008028029
16195,57870,1.3155577e-09
16196,19669,0.01568494
16197,6387,3.9781187e-09
16198,101399,0.0009771646
16199,114266,3.519003e-17
16200,87867,0.007950903
16201,15985,2.4290956e-09
16202,9176,0.00018484729
16203,75927,0.0077935676
16204,11159,9.36119e-05
16205,38640,0.0509507
16206,72480,3.3776446e-06
16207,104064,9.679683e-11
16208,74798,0.0006942356
16209,20513,8.184586e-08
16210,4064,1.228328e-08
16211,104212,0.01036664
16212,42466,3.8565217e-05
16213,19444,1.4447518e-18
16214,26315,2.8800281e-08
16215,113894,0.03035353
16216,79843,0.07093826
16217,95770,0.00010188853
16218,50940,0.016494239
16219,58304,0.114538625
16220,26041,5.2176517e-20
16221,57217,0.001001919
16222,24968,3.123716e-14
16223,45469,0.0034809986
16224,71035,0.016494239
16225,66997,0.0077935676
16226,93921,0.018354623
16227,96664,0.0015280626
16228,50299,0.008028029
16229,23465,5.108012e-29
16230,91362,0.028968716
16231,47717,0.059635594
16232,85782,0.016494239
16233,32952,0.005038059
16234,1675,4.774332e-10
16235,92115,2.8321856e-10
16236,54116,0.008028029
16237,94259,3.658917e-18
16238,59650,0.0013323812
16239,64019,0.029492939
16240,81452,1.1393133e-20
16241,29756,0.016556531
16242,84577,0.01099087
16243,48501,0.0014779106
16244,35294,0.016494239
16245,79660,4.6773253e-06
16246,8722,0.0018089174
16247,72937,0.011304136
16248,22145,2.4715706e-15
16249,14026,1.411319e-06
16250,75425,0.015734917
16251,36413,0.0029175638
16252,89746,0.051047247
16253,103942,0.029542837
16254,30957,0.008028029
16255,21585,2.3783659e-14
16256,35722,0.008028029
16257,4490,4.9092124e-16
16258,50710,0.10515246
16259,58934,5.822779e-19
16260,10687,7.7883583e-10
16261,104977,1.3955885e-06
16262,4241,2.0466625e-13
16263,31205,0.003860181
16264,82966,4.6773253e-06
16265,67585,1.9532117e-16
16266,107449,1.4204808e-05
16267,104380,0.042376153
16268,111565,0.006964409
16269,53007,9.019734e-27
16270,3161,5.4408767e-13
16271,25098,0.008079731
16272,74590,3.868407e-18
16273,20794,8.609788e-17
16274,52925,1.2181043e-05
16275,4355,3.4226089e-09
16276,101677,0.0077935676
16277,33410,1.0248741e-09
16278,102490,1.876457e-18
16279,15660,0.08623938
16280,25545,3.1662316e-15
16281,106066,1.3323519e-06
16282,80021,0.013828899
16283,84125,0.006964409
16284,53388,7.394082e-13
16285,79571,0.0038637838
16286,2727,8.909195e-08
16287,71074,1.2404786e-05
16288,25283,4.7056687e-06
16289,105264,2.7175483e-07
16290,12028,1.9834154e-26
16291,53240,0.004262849
16292,66016,1.989945e-14
16293,114939,0.001490444
16294,48832,3.0829713e-20
16295,20499,2.3356293e-16
16296,100877,1.2130521e-12
16297,93139,0.0029168383
16298,25055,2.1474436e-08
16299,85925,5.4423194e-06
16300,78483,2.4196344e-05
16301,31515,6.0627774e-11
16302,32669,0.0509507
16303,88053,0.00021719644
16304,114422,1.1414862e-09
16305,59752,5.993426e-05
16306,56167,1.2342393e-19
16307,52585,0.0014779106
16308,80164,1.3958247e-21
16309,94187,0.023385746
16310,111775,0.0038637838
16311,14699,2.1292344e-18
16312,22941,2.5889267e-07
16313,32807,6.758326e-13
16314,72706,0.007883797
16315,9174,1.6589544e-06
16316,14227,1.2077295e-18
16317,47323,6.3528947e-09
16318,51238,1.01895675e-16
16319,49770,0.006556368
16320,27141,0.003860181
16321,92675,0.0008937112
16322,65088,1.5757486e-16
16323,1934,2.7970348e-09
16324,63566,1.4432537e-10
16325,90372,0.0038637838
16326,4640,0.001798061
16327,79733,0.025592234
16328,1796,0.03616825
16329,94053,0.047915254
16330,114463,3.2652427e-08
16331,11506,1.5532082e-08
16332,69048,0.01568494
16333,98964,0.033312056
16334,42953,1.0058031e-16
16335,64016,0.0020933005
16336,32194,2.3732633e-14
16337,62456,0.055597
16338,10214,0.004560521
16339,99177,0.042376153
16340,49192,1.8859569e-12
16341,42199,2.1551732e-09
16342,8619,0.025853444
16343,86805,0.016065981
16344,106995,0.00093750306
16345,1074,8.349953e-10
16346,81605,0.004700935
16347,70825,9.5252676e-23
16348,66202,0.028178
16349,66624,1.952255e-06
16350,110145,2.6076336e-14
16351,60381,0.030200627
16352,23101,4.3939123e-09
16353,65199,1.2118958e-12
16354,101489,0.040500082
16355,4953,0.0061409376
16356,86492,1.3764558e-14
16357,10913,2.7325842e-10
16358,63893,5.503299e-25
16359,97684,0.015298703
16360,93800,0.00038618082
16361,87145,0.0509507
16362,99196,0.0014779106
16363,24852,0.2075659
16364,16562,7.570159e-18
16365,87955,0.047915254
16366,12332,4.2019037e-06
16367,43448,0.0006956626
16368,65209,4.7817523e-09
16369,92377,0.000113770446
16370,76973,2.4140577e-16
16371,53652,4.6773253e-06
16372,87222,0.0509507
16373,64487,2.3296206e-18
16374,86473,4.0870564e-06
16375,80878,2.1660783e-06
16376,93091,0.82970047
16377,43554,0.007791001
16378,99615,0.008091315
16379,12972,1.4096972e-10
16380,95001,3.9288435e-07
16381,29285,0.024806844
16382,20538,4.3939123e-09
16383,17914,0.0021143588
16384,75509,0.00427104
16385,34156,0.009132841
16386,63150,9.014006e-16
16387,11440,9.550541e-07
16388,104912,0.0014796258
16389,89651,0.02050013
16390,40415,4.1654934e-05
16391,95047,4.020501e-16
16392,95439,4.925849e-17
16393,4541,0.0062888265
16394,49713,0.0038427904
16395,17167,0.032989994
16396,74060,0.010842438
16397,11811,1.2013067e-24
16398,3108,3.596936e-08
16399,27864,1.0671266e-12
16400,13263,2.2230502e-10
16401,58131,0.013368934
16402,6113,6.013683e-14
16403,11469,0.00037575368
16404,74849,0.0136319995
16405,82067,0.005038059
16406,41538,0.009095178
16407,72953,4.6773253e-06
16408,29227,2.0471814e-05
16409,101888,0.017052261
16410,3942,0.024790043
16411,37048,1.5594337e-11
16412,11177,3.1326515e-08
16413,112151,0.006755252
16414,48073,0.02471286
16415,94456,0.01568494
16416,7338,0.013130239
16417,59541,4.2456507e-17
16418,57665,0.044725854
16419,108440,0.0006456536
16420,37746,2.0792268e-05
16421,9640,1.4423032e-08
16422,10816,1.2823934e-06
16423,19070,6.055608e-06
16424,26012,4.2696493e-06
16425,69686,0.0014099019
16426,5976,2.4533279e-08
16427,94349,0.05780216
16428,103317,0.008091315
16429,21979,1.7142184e-12
16430,62528,0.0013815863
16431,77832,0.00033746878
16432,114801,1.948452e-13
16433,55785,0.008028029
16434,89481,0.0038427904
16435,103471,2.4357628e-06
16436,28841,0.0509507
16437,9343,2.5661843e-06
16438,47082,5.2807097e-19
16439,105286,0.04818268
16440,5029,0.0011522636
16441,74260,0.008153063
16442,25957,0.006616753
16443,70318,0.0006456536
16444,25471,0.016525099
16445,26999,4.343598e-07
16446,67183,1.0955899e-16
16447,3261,6.630823e-12
16448,103448,2.4670787e-14
16449,45091,0.016525099
16450,52854,0.024806844
16451,19532,0.31554183
16452,58603,1.1288943e-15
16453,55855,0.008028029
16454,75978,3.163388e-19
16455,50410,0.0577544
16456,27613,2.402316e-17
16457,109487,0.013304895
16458,42287,7.5714226e-20
16459,10835,1.20741585e-11
16460,40075,0.008079731
16461,88359,0.002915908
16462,60394,0.0001526028
16463,96782,0.026802782
16464,56017,0.06248945
16465,20979,0.016494239
16466,80574,2.0091722e-16
16467,93961,2.1428726e-20
16468,113715,0.043045577
16469,25045,3.9864637e-14
16470,26515,0.0007819236
16471,115261,3.9810356e-08
16472,57838,0.00042897082
16473,28943,0.0017280186
16474,52475,0.010881814
16475,12952,0.008038916
16476,103443,9.92518e-14
16477,19512,0.0021143588
16478,96157,0.02283054
16479,48451,0.0038987673
16480,20190,0.0577544
16481,21209,1.4861795e-17
16482,81519,3.5427913e-16
16483,42347,0.009095178
16484,96191,3.7912095e-12
16485,42515,0.026713273
16486,77641,4.310623e-30
16487,44538,1.3425184e-09
16488,102067,0.0038637838
16489,46334,5.2807097e-19
16490,26927,1.5205261e-14
16491,26660,1.296675e-16
16492,43907,5.1698734e-09
16493,103006,3.3243623e-09
16494,108574,0.008091315
16495,40184,5.1888882e-21
16496,115963,6.218182e-13
16497,40232,2.4737425e-13
16498,88647,0.0014779106
16499,10698,1.1254714e-08
16500,81980,6.2245546e-09
16501,71062,0.044231094
16502,71026,0.01568494
16503,26022,0.001517073
16504,20815,7.526559e-27
16505,112472,0.00310858
16506,66167,1.885004e-23
16507,107685,0.13570172
16508,51406,2.4864775e-20
16509,42728,1.4396956e-06
16510,61694,0.047915254
16511,72195,0.06248945
16512,33468,6.8956556e-06
16513,87174,0.016494239
16514,37177,4.0299445e-16
16515,24206,1.7906104e-06
16516,67226,0.010517384
16517,44622,0.052883994
16518,15459,3.3195285e-20
16519,10758,6.4791232e-12
16520,106373,3.767929e-07
16521,77613,4.3293603e-15
16522,17970,0.00035824502
16523,63359,0.047915254
16524,83104,9.772731e-12
16525,84484,0.0038637838
16526,107556,1.3470015e-17
16527,92440,5.7096555e-19
16528,103546,0.0109907985
16529,65275,4.7817523e-09
16530,84933,0.0002980542
16531,95904,2.8812983e-11
16532,22461,1.2453736e-17
16533,68094,6.3902425e-27
16534,90651,4.6773253e-06
16535,13849,2.380703e-18
16536,82139,0.0004996417
16537,38926,1.5920023e-15
16538,108620,0.0021352263
16539,13592,0.005315343
16540,31673,0.010517384
16541,100240,0.0077935676
16542,56654,1.2564294e-06
16543,86757,0.0077935676
16544,92121,1.4158924e-21
16545,108762,0.008091315
16546,12020,6.947634e-13
16547,82489,0.0006456536
16548,25611,2.5193933e-06
16549,79800,0.007883797
16550,105287,0.016556531
16551,44046,0.008079731
16552,51774,0.000116006035
16553,115243,4.4112903e-06
16554,39270,2.6234486e-05
16555,18354,5.24177e-13
16556,33566,3.065423e-08
16557,102705,0.029361214
16558,105759,0.1331813
16559,33820,3.1670575e-06
16560,12919,5.9220695e-16
16561,68022,0.0010768345
16562,9881,9.3235285e-06
16563,29201,3.3137126e-10
16564,113197,0.04818268
16565,104743,1.595832e-16
16566,69558,7.0503465e-06
16567,9971,0.005646244
16568,61676,1.0021537e-05
16569,71329,0.028968716
16570,61988,0.0043147327
16571,38221,0.014310983
16572,85316,3.9067418e-18
16573,39530,0.026713273
16574,14786,3.168204e-07
16575,41795,0.08170373
16576,96932,0.0038637838
16577,49723,0.0070778257
16578,48079,3.6806154e-18
16579,4162,1.4486903e-07
16580,50129,0.0005748908
16581,80488,0.00012665114
16582,26815,0.014808374
16583,67946,0.00045334126
16584,33581,7.199144e-06
16585,28704,0.010517384
16586,94684,0.025592234
16587,82900,0.034557395
16588,19923,0.007768419
16589,33203,0.0077562737
16590,866,9.779688e-23
16591,50531,0.008028029
16592,115557,0.057819508
16593,114604,2.048244e-17
16594,25993,1.4971293e-22
16595,36510,0.00087132165
16596,80022,0.0006456536
16597,7368,1.0229827e-18
16598,82449,3.750072e-12
16599,49663,1.2779869e-07
16600,39026,2.2864268e-11
16601,29829,1.1685245e-09
16602,48681,0.0029160744
16603,71172,0.047915254
16604,102054,0.0005574171
16605,99628,2.691453e-16
16606,32250,4.9895457e-09
16607,12987,7.628174e-16
16608,84079,6.122069e-17
16609,48119,6.044625e-05
16610,58367,0.006891227
16611,91377,2.9206155e-19
16612,7346,0.0053577055
16613,52894,0.008028029
16614,90215,0.004267904
16615,37718,0.008079731
16616,69498,1.0955899e-16
16617,22409,0.00068512786
16618,26673,1.0573424e-09
16619,8373,0.00037575368
16620,34649,0.0001674168
16621,108664,3.3776446e-06
16622,94700,0.00036494737
16623,22325,4.3939123e-09
16624,28673,4.7448618e-11
16625,42791,0.0019213055
16626,46506,1.1469746e-21
16627,114170,0.059275787
16628,53860,0.0074967635
16629,83261,0.037303567
16630,63219,2.7247995e-09
16631,37349,8.977384e-10
16632,78301,1.2167922e-05
16633,44054,2.6234486e-05
16634,60350,7.779686e-18
16635,5190,4.13649e-26
16636,95056,0.0029160744
16637,100440,4.166596e-11
16638,32326,0.08129434
16639,34012,0.0028859165
16640,50415,0.16074675
16641,8936,5.5359243e-07
16642,73249,0.008058755
16643,68806,0.0005574171
16644,57925,6.704147e-13
16645,115507,0.008091315
16646,69270,0.0003149408
16647,35432,0.028968716
16648,112176,2.2034252e-21
16649,6543,2.2267943e-09
16650,31050,0.005591794
16651,24191,0.0509507
16652,4305,1.4445652e-07
16653,60201,2.5468957e-08
16654,29084,0.0077562737
16655,104535,0.0009103137
16656,6383,0.0011522636
16657,14448,5.633178e-19
16658,71727,0.016494239
16659,16345,3.4751145e-17
16660,8085,2.1417168e-06
16661,11530,8.264765e-19
16662,83785,0.00029563956
16663,104562,0.04818268
16664,89301,4.5134166e-13
16665,66229,4.089727e-06
16666,42064,0.16019998
16667,22755,1.7142184e-12
16668,87472,0.047915254
16669,8634,6.513414e-14
16670,81074,0.0014779106
16671,4268,2.0421824e-09
16672,5116,7.836164e-09
16673,88062,3.258472e-09
16674,22781,0.00020048891
16675,13718,2.995483e-18
16676,53857,0.033905458
16677,104280,3.1986445e-08
16678,76367,3.1472677e-21
16679,35403,0.026713273
16680,70330,0.030117422
16681,105974,1.0297397e-12
16682,72780,0.047915254
16683,79092,7.75746e-07
16684,58233,1.22414585e-05
16685,16276,0.009119634
16686,28849,0.026713273
16687,32095,0.019235607
16688,99598,0.0006456536
16689,3890,1.7224784e-07
16690,23598,0.010517384
16691,17810,2.5080589e-09
16692,10544,2.18602e-07
16693,87566,0.007883797
16694,56464,0.032263808
16695,72778,1.2097908e-06
16696,60591,3.6048402e-20
16697,46205,2.023507e-11
16698,50900,0.001338312
16699,109385,0.015743928
16700,53272,0.123743504
16701,98128,4.925849e-17
16702,31344,1.702449e-05
16703,38790,0.00094570825
16704,73237,1.233488e-16
16705,68479,0.0577544
16706,52068,1.5732188e-10
16707,108601,0.042376153
16708,106979,4.00965e-12
16709,105925,0.016556531
16710,82561,0.008028029
16711,50206,0.008028029
16712,24467,0.03636212
16713,112542,9.056741e-17
16714,22992,6.629807e-06
16715,31324,0.008028029
16716,95374,7.4474255e-10
16717,17179,0.009899596
16718,99941,3.6662418e-16
16719,73740,0.0074967635
16720,65350,9.387236e-12
16721,32886,0.016556531
16722,113140,4.648528e-11
16723,17776,0.010117567
16724,23510,0.07283948
16725,73097,2.2820108e-17
16726,56402,1.2342393e-19
16727,66478,2.370822e-20
16728,18398,3.3399856e-16
16729,99272,1.6329908e-16
16730,108287,2.3349665e-19
16731,107056,7.296843e-05
16732,3462,1.0995251e-09
16733,80016,8.0358815e-13
16734,55427,0.04587023
16735,9164,1.7472874e-07
16736,99994,0.016539916
16737,14641,9.215042e-29
16738,53796,8.023524e-05
16739,59782,1.2251047e-14
16740,29357,2.9815774e-16
16741,66783,6.3269766e-07
16742,59133,0.0009868296
16743,113093,0.028394716
16744,24061,1.525603e-23
16745,59173,1.36471616e-17
16746,39083,0.0038987673
16747,69667,0.008891696
16748,25454,0.03636212
16749,54167,0.0013494677
16750,21490,0.0013641858
16751,55176,0.010517384
16752,67501,0.047915254
16753,65498,4.7876105e-17
16754,2438,6.630823e-12
16755,99347,0.044904742
16756,77368,0.034557663
16757,59704,0.0029160744
16758,65782,0.046062976
16759,90693,0.0038637838
16760,56465,5.25498e-06
16761,30734,0.03092738
16762,28410,5.534506e-15
16763,93730,0.0038637838
16764,50664,9.6713775e-05
16765,860,0.007607165
16766,35453,5.2058784e-14
16767,34589,0.009132841
16768,101196,5.2556937e-10
16769,101611,0.040500082
16770,75065,0.003228267
16771,98460,0.048003506
16772,6051,1.8567498e-08
16773,88976,0.010517384
16774,59432,0.0020933005
16775,100138,0.0037242344
16776,10390,0.0018089174
16777,82277,8.9136144e-08
16778,92507,1.6437589e-09
16779,107811,0.009567131
16780,82491,0.015734917
16781,16002,5.767774e-20
16782,2946,2.6234486e-05
16783,9322,0.001267499
16784,39693,0.008079731
16785,53573,3.5088096e-06
16786,1481,0.078709215
16787,77129,0.025853444
16788,80702,0.0509507
16789,55007,0.0029168383
16790,60426,0.0009877161
16791,46400,3.0829713e-20
16792,54572,0.0077562737
16793,60328,0.033711568
16794,53575,2.815971e-26
16795,16027,3.7724857e-26
16796,112201,5.4408036e-17
16797,32213,0.016556531
16798,115600,0.0020634895
16799,29561,0.0077562737
16800,82079,5.9036654e-07
16801,52203,8.226954e-12
16802,21926,0.007791001
16803,7136,4.1904443e-07
16804,107754,0.0014796258
16805,36740,0.00046739265
16806,40637,0.0004793765
16807,25263,0.005038059
16808,107779,7.852965e-13
16809,70376,0.0038637838
16810,83556,0.004700935
16811,112936,0.0077562737
16812,40360,0.001549751
16813,65305,7.423923e-22
16814,25026,0.007791001
16815,57098,0.047915254
16816,16737,1.9778108e-32
16817,92704,0.044904742
16818,41248,0.0057043466
16819,97077,0.036467545
16820,67419,6.7646264e-11
16821,67369,4.0971455e-21
16822,187,5.2397507e-13
16823,39659,0.02050013
16824,104077,3.2397549e-10
16825,41114,0.008079731
16826,112537,1.807287e-05
16827,17922,0.008047925
16828,72140,0.0038427904
16829,77793,3.5084825e-16
16830,54189,0.0006956626
16831,13756,8.263991e-08
16832,107386,0.044960506
16833,71024,7.055903e-16
16834,22889,0.02558698
16835,67953,2.8008113e-05
16836,53792,0.0014779106
16837,17607,9.998357e-09
16838,62576,2.0024945e-14
16839,38450,1.6024174e-12
16840,104789,0.029184973
16841,47130,0.0267177
16842,54402,0.0070778257
16843,101367,0.0014782526
16844,50820,0.008028029
16845,47899,3.1560853e-18
16846,18916,9.207264e-06
16847,51280,1.6615789e-12
16848,18588,7.2819584e-10
16849,106764,1.5932424e-14
16850,30937,0.12383192
16851,106082,0.001341229
16852,54987,0.059275787
16853,103787,1.6748087e-12
16854,25543,0.010517384
16855,11761,1.9467232e-18
16856,108117,1.1176019e-11
16857,13226,9.277598e-25
16858,57991,5.4423194e-06
16859,23871,0.008079731
16860,6973,0.00034563802
16861,90164,0.0070778257
16862,4405,1.3172099e-09
16863,21569,0.007768419
16864,84313,4.087041e-06
16865,17463,1.1114753e-11
16866,6517,0.0032651408
16867,80507,0.025827529
16868,69179,0.005038059
16869,110286,0.010582884
16870,38272,5.9141186e-10
16871,44896,1.1469746e-21
16872,58310,8.261268e-11
16873,14056,0.000995064
16874,28930,0.008028029
16875,18421,2.354945e-05
16876,37926,3.0829713e-20
16877,98491,2.0585495e-12
16878,83757,0.018442087
16879,28437,3.5499923e-14
16880,44981,0.101108536
16881,66446,5.071879e-21
16882,56937,0.0403012
16883,19880,0.039078597
16884,79823,0.042199478
16885,96277,0.055597
16886,107265,2.3899446e-07
16887,43992,4.1390155e-11
16888,42801,0.083558194
16889,26905,5.847358e-10
16890,59239,6.7453006e-26
16891,3378,9.708579e-08
16892,33983,0.008028029
16893,28061,0.0077562737
16894,85302,1.6312055e-14
16895,26198,0.0013494677
16896,22966,3.645324e-23
16897,12941,1.5583609e-14
16898,13986,0.010881814
16899,67715,0.08505002
16900,109328,4.0954215e-05
16901,103543,0.09377018
16902,61762,3.163388e-19
16903,27611,0.0081708
16904,38793,0.024727335
16905,76072,1.3738642e-06
16906,44781,8.0227116e-28
16907,10080,0.0062888265
16908,8336,5.8689952e-08
16909,100099,1.829082e-13
16910,24964,0.057786684
16911,52709,0.00016252566
16912,79361,0.0043147327
16913,100005,1.4633312e-07
16914,34358,5.2807097e-19
16915,108749,1.5976157e-10
16916,57630,4.4394343e-07
16917,46087,0.00077311415
16918,34663,5.2058784e-14
16919,94783,0.0014779106
16920,47279,0.007508669
16921,99905,0.016539916
16922,47079,0.003860181
16923,18547,6.5230088e-15
16924,85547,0.004700935
16925,18208,1.4314113e-09
16926,68581,0.006964409
16927,934,0.20826803
16928,108660,2.7175483e-07
16929,59574,0.008028029
16930,61621,0.24012622
16931,72058,2.6679503e-25
16932,33275,0.0077562737
16933,747,1.971983e-05
16934,114481,0.008028029
16935,37909,0.016494239
16936,103917,3.1700854e-16
16937,93307,0.0403012
16938,31508,0.026713273
16939,90381,5.2856123e-17
16940,54450,0.0038427904
16941,75924,0.047915254
16942,40007,0.0577544
16943,90901,2.6435413e-13
16944,105256,0.026623527
16945,78160,4.7131348e-09
16946,41128,0.00046739265
16947,804,0.0031529434
16948,87768,4.327796e-13
16949,107074,0.0013397379
16950,64467,4.6643395e-10
16951,106400,3.525784e-27
16952,99945,0.00427104
16953,46529,3.755338e-28
16954,14882,0.017118597
16955,14870,0.03824747
16956,8476,3.1489786e-10
16957,89561,0.0077935676
16958,107684,3.5475628e-10
16959,77635,0.0038637838
16960,57933,9.791132e-11
16961,15560,2.1911964e-13
16962,90345,1.9351272e-12
16963,13390,0.007763525
16964,61178,0.037019238
16965,69012,7.423923e-22
16966,8771,1.611675e-06
16967,33134,0.008028029
16968,97520,0.0109907985
16969,2937,8.8131495e-11
16970,41394,0.00015334495
16971,44218,0.008028029
16972,68551,0.0006456536
16973,35537,2.2389731e-06
16974,49575,4.2111757e-12
16975,102980,2.8083315e-12
16976,64694,0.001341142
16977,56884,0.0015271186
16978,108555,1.2632513e-14
16979,54688,3.8565217e-05
16980,57730,3.7968898e-16
16981,66888,0.0077935676
16982,21753,2.3356293e-16
16983,12064,1.1550019e-19
16984,68313,0.010517384
16985,63083,1.4158924e-21
16986,77324,0.016494239
16987,89807,1.0751655e-09
16988,50458,0.016494239
16989,50780,3.0829713e-20
16990,96447,2.4748619e-05
16991,6196,4.972684e-08
16992,100725,0.013304895
16993,11207,7.7533197e-10
16994,22648,4.4540175e-05
16995,42021,3.1160952e-09
16996,196,6.015809e-09
16997,98231,0.0014779106
16998,73340,0.0403012
16999,60978,0.00031317218
17000,10461,0.0062888265
17001,95822,0.006964409
17002,59051,1.3388989e-06
17003,52935,0.0042712325
17004,23933,3.1396567e-07
17005,21509,1.4598994e-09
17006,42773,0.0006956626
17007,6122,1.4120706e-10
17008,68622,0.006964409
17009,109340,0.028683156
17010,63454,4.49885e-16
17011,3265,0.07058928
17012,12774,1.862244e-19
17013,113539,0.025592234
17014,110089,8.73816e-19
17015,30201,0.05106865
17016,32134,0.0077562737
17017,36948,0.024727335
17018,80398,2.2847406e-14
17019,7371,0.0035321566
17020,110135,0.13247587
17021,33361,1.743957e-14
17022,94526,2.1816287e-14
17023,16379,9.22619e-22
17024,71087,2.0219931e-20
17025,115877,4.1880096e-05
17026,25699,0.016525099
17027,104877,0.029542837
17028,77143,2.2749698e-10
17029,32682,0.0077466764
17030,7441,1.2925497e-11
17031,38207,0.07871229
17032,56166,2.1188605e-13
17033,40406,0.026713273
17034,63732,1.0040707e-06
17035,71219,0.035935007
17036,65629,5.883583e-05
17037,97241,0.0043147327
17038,43856,1.5944715e-13
17039,108954,0.0029152634
17040,22730,2.0236769e-11
17041,90767,0.0038637838
17042,59584,0.014802449
17043,2115,1.1414862e-09
17044,99757,2.8546493e-10
17045,68408,0.008089195
17046,33482,0.005038059
17047,52967,0.0070778257
17048,15307,2.0604785e-08
17049,30981,3.2243272e-06
17050,103113,0.005804813
17051,37381,1.3406084e-05
17052,13386,1.0887177e-27
17053,64556,4.2812847e-17
17054,3297,0.030426675
17055,61736,0.047915254
17056,56951,1.2342393e-19
17057,76341,6.11076e-05
17058,35465,1.07939725e-11
17059,52619,3.9713427e-08
17060,90218,2.5234406e-18
17061,20086,2.794739e-11
17062,100139,4.925849e-17
17063,46366,0.023656227
17064,19741,4.4167066e-07
17065,19079,0.008047925
17066,103064,0.0008937112
17067,25006,2.888854e-22
17068,83461,7.0503465e-06
17069,41268,4.7083086e-06
17070,35462,1.22414585e-05
17071,64012,2.488291e-19
17072,12420,6.935459e-19
17073,92356,0.035745014
17074,31824,1.4627332e-14
17075,2079,0.0017362648
17076,48758,0.6124844
17077,104679,0.00070683623
17078,51740,3.6358463e-19
17079,70762,1.5566863e-07
17080,18049,6.661976e-05
17081,15192,0.00021390223
17082,115980,0.04818268
17083,47820,4.0299445e-16
17084,30861,0.0077562737
17085,34248,0.001565089
17086,31189,0.004343157
17087,108174,1.2167922e-05
17088,41953,0.04179281
17089,112998,0.0014796258
17090,52206,0.0038427904
17091,62152,0.003860181
17092,103715,0.04818268
17093,28891,0.000535896
17094,40940,0.005038059
17095,6945,3.6021156e-05
17096,76547,7.5215745e-17
17097,68393,0.0038637838
17098,77927,3.148475e-17
17099,81819,0.0006456536
17100,55261,0.0070778257
17101,110048,0.0014796258
17102,5112,6.120669e-09
17103,72289,5.4053676e-24
17104,88258,3.2313375e-25
17105,35953,0.006693824
17106,51211,4.930832e-09
17107,88541,0.002915908
17108,51142,0.010517384
17109,33043,7.441589e-14
17110,99392,8.2019204e-11
17111,23001,5.2101253e-08
17112,65885,3.1910665e-14
17113,21691,3.1346006e-15
17114,62328,4.7891824e-09
17115,82242,3.169584e-12
17116,53367,0.009132841
17117,104799,0.06151898
17118,23285,0.016494239
17119,58267,0.0006456536
17120,19068,3.0829713e-20
17121,97447,0.038721465
17122,16099,4.3249486e-17
17123,101152,0.001341142
17124,111430,8.809425e-17
17125,75303,0.010842438
17126,56741,0.0006456536
17127,3563,6.544091e-07
17128,61308,0.042199478
17129,38076,1.9899874e-17
17130,17761,2.2248327e-07
17131,27091,8.442596e-14
17132,35421,2.620019e-06
17133,6570,2.7153357e-17
17134,328,8.047306e-10
17135,63726,3.3776616e-12
17136,74872,0.001341142
17137,49338,2.619955e-16
17138,91446,2.3791209e-20
17139,72662,0.0038987673
17140,84285,0.0014779106
17141,15306,8.117683e-13
17142,40104,6.603535e-20
17143,42402,0.000535896
17144,69134,0.02443907
17145,80201,0.029361214
17146,111873,4.026541e-06
17147,10226,9.864234e-19
17148,42862,1.3736719e-12
17149,70903,4.6773253e-06
17150,71083,0.047915254
17151,84353,0.0014779106
17152,70339,0.029361214
17153,30880,0.009132841
17154,47739,0.024727335
17155,85770,2.3296206e-18
17156,103725,1.6324249e-15
17157,7259,1.5961863e-06
17158,75268,1.800574e-20
17159,73106,5.6403675e-05
17160,13571,0.008038916
17161,87920,0.047915254
17162,24748,1.525603e-23
17163,20603,1.1660146e-14
17164,6149,0.0062888265
17165,32834,2.3246859e-17
17166,3049,4.5463325e-14
17167,99529,0.024709625
17168,83503,0.008089195
17169,32702,0.02558698
17170,36751,1.7396724e-07
17171,49966,0.00017384706
17172,9370,4.789605e-08
17173,95849,9.462146e-15
17174,7817,0.05781429
17175,61857,0.00010323611
17176,34987,0.008028029
17177,27738,3.9299675e-07
17178,65652,4.7817523e-09
17179,10363,0.0076018325
17180,87173,4.0971455e-21
17181,87638,0.008089195
17182,39518,2.4161219e-23
17183,8141,8.842519e-10
17184,16155,7.826932e-24
17185,53467,0.000116006035
17186,64606,4.7891824e-09
17187,71986,6.884554e-05
17188,61618,0.003860181
17189,91290,0.008089195
17190,64521,5.425712e-05
17191,59825,4.3765316e-09
17192,61442,8.390696e-10
17193,81093,2.1037155e-05
17194,94371,0.0038427904
17195,75338,1.1119576e-13
17196,75084,3.5494307e-10
17197,71604,9.878176e-17
17198,48634,1.8837715e-19
17199,26002,0.00712693
17200,54880,0.025853444
17201,77393,7.219899e-15
17202,21950,0.014581853
17203,50184,0.03847054
17204,61380,0.010517384
17205,10995,3.329229e-13
17206,57661,0.0038427904
17207,41366,4.5485296e-09
17208,25426,1.4597726e-15
17209,112666,1.3556233e-05
17210,106174,0.0031323258
17211,6853,6.159154e-08
17212,47293,0.008079731
17213,43858,0.0013571137
17214,12379,0.03616825
17215,91047,0.007883797
17216,54476,0.008028029
17217,114701,4.176436e-08
17218,75319,4.767837e-09
17219,62175,0.004262849
17220,78755,0.008028029
17221,20152,5.3749235e-21
17222,68494,0.008089195
17223,8049,0.024272216
17224,32212,2.969482e-13
17225,69265,3.677826e-16
17226,86373,0.038236767
17227,72039,0.013391664
17228,45365,0.015318835
17229,40685,8.958668e-06
17230,24845,0.0021603084
17231,51552,1.3494054e-14
17232,101464,0.0006456536
17233,63036,0.008078688
17234,59726,0.029361214
17235,89513,0.047915254
17236,22285,3.0829713e-20
17237,12210,2.0458234e-07
17238,16128,2.4019935e-11
17239,31825,0.030200627
17240,106340,0.008091315
17241,40027,0.02558698
17242,96696,0.0077935676
17243,58737,1.1352648e-06
17244,58004,0.030188166
17245,40596,1.4359221e-06
17246,42611,5.969326e-06
17247,100726,0.0006456536
17248,97745,0.02961261
17249,30288,0.00011297004
17250,63741,7.423923e-22
17251,53791,0.0006456536
17252,73211,0.02471286
17253,19189,2.8930345e-29
17254,1560,0.03033249
17255,29036,4.0299445e-16
17256,44216,0.0038427904
17257,70167,0.00010323611
17258,80926,2.49584e-11
17259,23079,1.1005994e-24
17260,82364,3.8577285e-15
17261,50939,0.0013494677
17262,26738,0.021733183
17263,53152,1.860053e-16
17264,31877,4.496774e-16
17265,106522,2.7376577e-08
17266,108053,1.389796e-11
17267,19425,1.1224881e-06
17268,49475,0.00052319065
17269,4347,1.4445652e-07
17270,78771,1.6558651e-12
17271,64030,0.0042712307
17272,13410,1.4302258e-18
17273,38918,0.007791001
17274,25344,0.0021339823
17275,52928,4.6773253e-06
17276,53323,0.0021339823
17277,103195,1.8828658e-12
17278,111340,0.024709625
17279,93858,5.875507e-18
17280,95643,1.3244607e-05
17281,30715,2.617911e-06
17282,30651,0.008028029
17283,100952,4.188465e-06
17284,23858,0.008079731
17285,66657,2.75209e-13
17286,62560,0.008047925
17287,88438,3.6254793e-08
17288,96556,1.6910118e-20
17289,23316,6.3407283e-06
17290,32582,0.016556531
17291,108914,4.635101e-06
17292,111209,0.010582884
17293,9006,2.409696e-06
17294,4738,0.0062888265
17295,115919,0.03823916
17296,30322,7.350503e-10
17297,89741,0.047915254
17298,13487,9.041874e-22
17299,45210,0.00052209815
17300,98098,0.0038637838
17301,57771,0.016494239
17302,43908,0.024727335
17303,28018,1.0488698e-17
17304,46784,0.007791001
17305,5717,0.0025513505
17306,86355,0.016494239
17307,65499,2.2749698e-10
17308,87848,0.0021041848
17309,72021,2.0219931e-20
17310,38810,0.00051859504
17311,12436,0.0509507
17312,86041,0.055597
17313,33602,2.0206628e-05
17314,97709,0.00021314244
17315,19154,0.05121239
17316,51680,4.7287125e-09
17317,33243,1.4212852e-17
17318,107301,0.028506143
17319,94458,0.008028029
17320,18733,6.5957195e-08
17321,83859,2.4978279e-28
17322,51396,0.00088066544
17323,113503,0.0029129926
17324,25599,1.0410304e-22
17325,106934,0.0055391686
17326,43156,2.5852455e-17
17327,54458,2.0156412e-07
17328,32067,0.008028029
17329,64601,3.427185e-22
17330,78810,0.008028029
17331,26172,0.059635594
17332,101947,8.4308815e-14
17333,21766,0.008079731
17334,74288,1.3239259e-15
17335,114143,4.6773253e-06
17336,99406,0.008091315
17337,33963,1.1731111e-17
17338,96868,0.0109907985
17339,31756,0.003860181
17340,5611,4.8131042e-08
17341,63341,0.008047925
17342,102502,1.2486802e-05
17343,94264,0.012881635
17344,5398,7.896316e-12
17345,63521,1.9426651e-11
17346,20297,0.01099087
17347,66066,1.2534086e-18
17348,26569,4.850927e-08
17349,15446,5.0304046e-17
17350,78455,5.25498e-06
17351,100175,0.00010765659
17352,80546,1.7249404e-08
17353,18725,5.2807097e-19
17354,105885,2.3349665e-19
17355,48224,0.016494239
17356,6143,7.38942e-08
17357,49291,7.986051e-05
17358,41303,1.0712416e-20
17359,113251,0.0008932558
17360,64216,0.005693995
17361,62218,3.6815676e-12
17362,58411,0.0577544
17363,52791,3.9284615e-07
17364,14143,4.996252e-08
17365,49122,5.3432202e-12
17366,100441,0.0029160744
17367,10606,2.360987e-18
17368,91694,0.047915254
17369,78769,2.8356268e-15
17370,16286,0.04179281
17371,98285,1.7575425e-20
17372,87297,4.6773253e-06
17373,5908,0.0006475633
17374,4334,0.0031529434
17375,106014,2.3349665e-19
17376,24450,1.8028462e-08
17377,47073,7.0120085e-15
17378,77155,1.2808377e-12
17379,91854,0.0038637838
17380,113146,0.009132841
17381,89217,0.044725854
17382,47184,0.007791001
17383,43261,1.4833434e-15
17384,48432,0.02471286
17385,73573,0.0006025683
17386,47662,8.214801e-08
17387,3593,0.013130239
17388,66663,4.7891824e-09
17389,25080,6.1322157e-16
17390,96315,1.8553929e-07
17391,104812,0.0053492733
17392,81870,4.738543e-06
17393,6835,5.0723324e-06
17394,18073,0.03824747
17395,19658,7.664238e-20
17396,62164,2.7410535e-05
17397,4127,0.0031529434
17398,85663,0.04587023
17399,37666,9.289818e-32
17400,57743,0.0002772358
17401,64236,4.6643395e-10
17402,50386,1.5166315e-09
17403,81321,0.0029159163
17404,18440,1.4212852e-17
17405,90007,1.1829928e-06
17406,54158,2.66696e-05
17407,23817,5.2921735e-08
17408,9675,2.3393647e-09
17409,21156,0.0034607893
17410,61866,5.969326e-06
17411,46984,0.005038059
17412,39439,0.008079731
17413,97361,2.4125031e-15
17414,11743,0.00013596955
17415,103174,0.0030210328
17416,98190,5.4408036e-17
17417,26998,0.012692844
17418,90579,0.016539916
17419,91827,0.00024124958
17420,81695,3.3776446e-06
17421,2867,0.013130239
17422,35250,0.0077562737
17423,11547,4.3872442e-10
17424,33390,2.5217838e-12
17425,68583,0.047915254
17426,48488,0.0008937112
17427,93040,0.0006456536
17428,35020,0.016494239
17429,68184,1.5329293e-09
17430,16004,1.6821028e-18
17431,99571,1.1566759e-14
17432,46273,0.024727335
17433,3116,0.004560162
17434,20224,3.294041e-09
17435,38440,6.2411174e-12
17436,28449,0.008028029
17437,101292,1.6195399e-10
17438,6680,6.2967027e-09
17439,54443,5.4423194e-06
17440,18168,1.59905e-23
17441,38004,6.8135157e-13
17442,80660,4.6773253e-06
17443,7303,0.08292896
17444,19932,0.0029267778
17445,4279,1.8498874e-07
17446,109917,0.0017633992
17447,28225,5.1768017e-16
17448,11046,0.00022317919
17449,108454,0.024709625
17450,96641,0.0077935676
17451,21076,1.0956497e-05
17452,14020,2.3610981e-23
17453,72747,2.9260843e-16
17454,84393,0.0077562737
17455,114383,0.016556531
17456,109808,0.0012296418
17457,106294,2.6018872e-09
17458,51964,3.4315405e-15
17459,95551,4.8530655e-06
17460,36653,3.2157473e-06
17461,73723,6.4237165e-06
17462,102783,0.042199478
17463,104856,2.7950507e-24
17464,81204,0.00427104
17465,111061,0.049973983
17466,99125,0.008091315
17467,63429,0.04400426
17468,2686,7.660885e-07
17469,91566,3.5427913e-16
17470,11009,2.3900487e-10
17471,90293,0.0403012
17472,86070,0.030351054
17473,59517,4.7891824e-09
17474,9391,0.0062888265
17475,49564,0.008028029
17476,74489,0.0577544
17477,70361,2.1898666e-14
17478,96707,0.0006456536
17479,82983,8.526221e-08
17480,60929,0.024806844
17481,18866,1.7004847e-17
17482,15130,3.5088096e-06
17483,28477,0.057786684
17484,104965,1.8343388e-18
17485,73653,1.2167922e-05
17486,5336,1.9763236e-11
17487,85401,9.673277e-15
17488,100468,2.2769154e-07
17489,46440,3.0829713e-20
17490,103114,2.7857222e-12
17491,92961,3.5427913e-16
17492,63486,3.5249808e-25
17493,102699,0.0109907985
17494,84260,0.047915254
17495,30611,4.6662944e-11
17496,33337,3.5088096e-06
17497,17584,0.29665148
17498,73101,0.059635594
17499,67256,0.02187541
17500,97777,0.025799757
17501,67188,0.008089195
17502,38476,2.724616e-14
17503,90470,0.0007850549
17504,103857,0.04818268
17505,106471,0.0006485849
17506,6103,1.0893555e-08
17507,56553,0.0072111264
17508,40795,4.4240472e-11
17509,97673,0.0006456536
17510,56346,0.06248945
17511,33220,0.009132841
17512,64958,1.5626903e-12
17513,271,0.039300192
17514,43175,1.3230236e-07
17515,17828,2.2556504e-15
17516,5807,0.1747107
17517,76239,0.016494239
17518,84728,4.6773253e-06
17519,75700,0.0403012
17520,59581,1.1469746e-21
17521,28982,0.010517384
17522,50541,5.0804666e-10
17523,59322,0.00028064087
17524,88672,1.3257658e-22
17525,91906,1.4158924e-21
17526,99074,2.7175483e-07
17527,99427,0.040500082
17528,9407,9.244994e-09
17529,58681,0.00037365666
17530,14689,0.0016565701
17531,38854,1.0410304e-22
17532,20658,0.033409823
17533,109665,0.040500082
17534,54154,0.01036664
17535,55792,0.0072111264
17536,113908,9.922868e-05
17537,67538,0.0034482498
17538,1307,0.0031529434
17539,102456,0.006964409
17540,68815,0.0509507
17541,62526,0.0077871648
17542,79157,6.391479e-14
17543,46828,2.6234486e-05
17544,27490,9.545353e-14
17545,63892,4.6643395e-10
17546,36204,9.942109e-16
17547,78113,1.2470699e-11
17548,13372,4.9337437e-11
17549,19153,0.007200391
17550,20777,3.657129e-05
17551,13474,0.00013596955
17552,96596,4.113528e-05
17553,77531,1.3443511e-12
17554,16221,2.2508685e-10
17555,90488,0.006964409
17556,86391,5.25498e-06
17557,13549,0.011304136
17558,39627,0.0040524765
17559,3427,0.00024039957
17560,3591,1.4167716e-08
17561,80274,0.016494239
17562,35548,0.013126354
17563,49504,2.5398603e-09
17564,22910,1.7479377e-09
17565,113886,7.644848e-13
17566,27878,0.0013494677
17567,113363,0.06845318
17568,61239,0.016494239
17569,62923,0.044725854
17570,113315,0.0014796258
17571,19227,7.1124845e-07
17572,105821,0.029184973
17573,64867,2.2086203e-11
17574,61790,1.9894204e-15
17575,81745,7.812755e-11
17576,64161,1.1020418e-14
17577,65121,0.0013815863
17578,70404,0.0077935676
17579,91311,0.007950903
17580,40737,6.9931866e-07
17581,33165,4.9919986e-06
17582,65501,0.0020933005
17583,67273,0.008089195
17584,24221,2.4629899e-20
17585,34066,4.4707483e-13
17586,18907,4.4540175e-05
17587,69492,7.0503465e-06
17588,59030,0.0036370647
17589,28926,0.0013292416
17590,111049,0.023543427
17591,20629,1.0812875e-21
17592,69920,3.0917905e-14
17593,62050,0.016494239
17594,100571,0.024374714
17595,583,1.0340126e-08
17596,4276,3.0482326e-07
17597,31876,0.057819508
17598,64331,0.001341142
17599,73163,1.1175095e-16
17600,26730,0.003860181
17601,43512,0.009095178
17602,110177,4.427219e-12
17603,7851,1.2530886e-10
17604,23355,0.02558698
17605,63749,3.0134685e-16
17606,98433,0.035745014
17607,56782,1.2691017e-06
17608,86915,3.1910665e-14
17609,105185,1.2172909e-09
17610,33933,3.584316e-11
17611,56333,0.028968716
17612,3070,1.4423032e-08
17613,27228,1.991672e-11
17614,60483,0.047915254
17615,96320,0.010536521
17616,57749,9.423792e-13
17617,101056,0.0074967635
17618,10625,0.0017362167
17619,72111,0.0014779106
17620,107144,0.007512992
17621,37862,1.3665794e-12
17622,1231,2.2417818e-07
17623,8154,4.444331e-10
17624,13049,0.011691301
17625,49904,4.3944284e-18
17626,28211,0.013828899
17627,53092,1.4001294e-12
17628,102694,9.3083134e-14
17629,107763,4.6773253e-06
17630,82152,3.235139e-08
17631,113754,2.5349396e-05
17632,66993,0.042199478
17633,13615,0.0509507
17634,24267,0.005038059
17635,69148,3.4498124e-14
17636,73510,1.1542824e-14
17637,32374,0.0007487204
17638,90936,0.020403732
17639,86852,1.03977885e-17
17640,89249,0.002915908
17641,93828,0.017133752
17642,87723,4.9085135e-11
17643,102287,0.01568494
17644,98430,0.008091315
17645,112030,0.026802782
17646,51575,0.06907045
17647,89406,1.5233586e-15
17648,88666,2.9861182e-09
17649,72053,4.892199e-09
17650,112808,1.12999416e-07
17651,106930,0.024709625
17652,67104,0.0013375316
17653,93711,0.016539916
17654,38845,3.391921e-17
17655,97821,4.883218e-14
17656,15537,5.3377725e-15
17657,8224,0.0062888265
17658,98454,0.008091315
17659,15071,0.016494239
17660,36802,2.6234486e-05
17661,49584,0.00015520463
17662,105100,0.00081616663
17663,102506,0.0056526004
17664,40170,0.0577544
17665,59249,0.0029160744
17666,99409,0.06282126
17667,76001,0.026748953
17668,71317,0.047915254
17669,42944,8.050075e-16
17670,29677,0.008028029
17671,73901,0.01568494
17672,7402,5.2077335e-11
17673,83693,9.9313314e-05
17674,11623,0.011661306
17675,72450,0.016494239
17676,56758,0.007883797
17677,30327,3.1787274e-11
17678,53097,8.093004e-07
17679,15291,3.2263487e-25
17680,93402,0.006964409
17681,58620,1.5047883e-17
17682,69902,0.0014779106
17683,74549,5.675177e-10
17684,22277,1.2640233e-05
17685,77229,1.4158924e-21
17686,71967,0.0008937112
17687,43228,0.016525099
17688,14999,2.6234486e-05
17689,36712,3.382827e-05
17690,107216,0.0014796258
17691,5685,0.05781429
17692,95196,1.4158924e-21
17693,27496,1.1580622e-14
17694,98123,0.06566771
17695,58898,0.047915254
17696,75127,4.2659276e-17
17697,16911,6.831258e-15
17698,98028,5.89375e-13
17699,76164,0.026748953
17700,33377,0.007883797
17701,114527,5.418631e-13
17702,34462,7.5534985e-15
17703,76717,0.008089195
17704,86950,0.0014779106
17705,86910,0.0077935676
17706,112549,0.04818268
17707,64809,0.07805565
17708,45772,1.6851522e-12
17709,108996,5.294632e-07
17710,56169,0.00310858
17711,76041,0.0029159163
17712,62861,1.3443511e-12
17713,12265,7.113433e-18
17714,65029,4.463904e-05
17715,69409,0.047915254
17716,106806,0.06282126
17717,75197,7.6879664e-10
17718,17220,1.0917035e-20
17719,28686,4.689728e-10
17720,89205,6.672028e-20
17721,70805,0.047915254
17722,73990,0.0577544
17723,92931,0.0042712325
17724,115858,0.0008716385
17725,23301,0.0018613375
17726,32991,0.0020973952
17727,5389,0.06938854
17728,55807,0.009455685
17729,47562,0.004262849
17730,102731,1.2342393e-19
17731,95694,2.2666028e-17
17732,21853,0.0077943313
17733,54243,0.07283948
17734,113803,0.0076280036
17735,42666,1.4809607e-18
17736,60887,0.028968716
17737,52578,0.0014779106
17738,36250,3.9864637e-14
17739,33087,1.7892879e-07
17740,97368,0.0034647204
17741,17931,7.4582283e-07
17742,88072,0.0007850549
17743,41325,0.0577544
17744,45620,0.0509507
17745,15159,0.045320593
17746,679,1.9508645e-10
17747,42609,0.02275151
17748,103374,0.0074967635
17749,70068,0.0403012
17750,56507,0.0007850549
17751,74888,0.004262849
17752,766,1.4991673e-10
17753,30748,1.2963909e-05
17754,100613,0.042376153
17755,77945,7.989044e-16
17756,31522,0.02558698
17757,72906,0.02471286
17758,28089,2.1037155e-05
17759,57282,3.6305086e-05
17760,95864,3.6662418e-16
17761,19638,1.5897145e-06
17762,2442,0.0031490463
17763,34684,1.5634113e-20
17764,75481,6.11076e-05
17765,46739,1.0129818e-21
17766,98794,0.16586275
17767,62414,0.008047925
17768,33975,0.0038427904
17769,54485,6.6175905e-17
17770,88678,0.02733092
17771,70784,0.008089195
17772,63104,0.008438758
17773,77301,1.76914e-19
17774,113914,0.01429507
17775,62093,0.0014779106
17776,97715,3.7055793e-18
17777,84872,2.7410535e-05
17778,106080,3.3215992e-09
17779,23689,4.48056e-08
17780,60878,0.20961268
17781,74712,0.08204125
17782,91016,0.008089195
17783,57567,7.19123e-15
17784,11115,2.3393647e-09
17785,54270,6.053817e-09
17786,98269,0.4397773
17787,89523,0.06248945
17788,99459,1.8572084e-10
17789,112602,4.459476e-19
17790,90885,0.00046739265
17791,37299,0.024806844
17792,86930,0.0014779106
17793,62000,0.047915254
17794,107843,0.010582884
17795,110823,0.008091315
17796,25821,2.250204e-07
17797,34184,0.0013152424
17798,63802,7.2639973e-13
17799,82967,0.044725854
17800,3247,0.023251025
17801,107869,4.6773253e-06
17802,44482,2.0070662e-08
17803,49819,3.0829713e-20
17804,25043,3.1171263e-11
17805,99798,2.9500231e-09
17806,40305,0.024727335
17807,2883,0.0005774158
17808,85764,4.0870564e-06
17809,96270,4.6773253e-06
17810,24971,0.008079731
17811,67243,2.3278683e-06
17812,93646,0.00046364055
17813,102062,1.233488e-16
17814,101156,5.5590597e-12
17815,67861,0.010517384
17816,51471,0.01568494
17817,9096,0.0031529434
17818,55028,0.0038427904
17819,70094,1.3267286e-05
17820,30098,5.1168713e-12
17821,73368,0.060368724
17822,35155,1.1414862e-09
17823,99591,2.2577521e-14
17824,35027,4.892199e-09
17825,8461,9.109405e-10
17826,65164,2.1984313e-12
17827,27876,0.003860181
17828,9981,0.05781429
17829,6682,7.676922e-09
17830,111000,6.493372e-13
17831,73817,0.016494239
17832,109815,1.2466615e-10
17833,11055,1.2267808e-11
17834,46695,2.707591e-05
17835,75746,0.016494239
17836,18813,8.062827e-09
17837,55616,0.0077871648
17838,19700,2.8669853e-22
17839,20930,0.008047925
17840,55404,4.7056687e-06
17841,70355,0.07093826
17842,51822,4.0299445e-16
17843,58947,0.010517384
17844,45671,0.003860181
17845,15676,6.7571144e-13
17846,28203,2.3290704e-25
17847,31617,2.522651e-06
17848,59753,4.7891824e-09
17849,28608,0.01570617
17850,93936,7.023845e-14
17851,101224,1.0581624e-15
17852,35657,0.007195014
17853,77998,0.010517384
17854,88635,0.012307341
17855,45401,6.152515e-05
17856,43050,0.007067903
17857,39065,5.25498e-06
17858,12056,0.024790043
17859,41771,3.3764527e-06
17860,12,2.0542666e-27
17861,27815,0.004262849
17862,64457,2.3485644e-10
17863,16115,2.0542666e-27
17864,87425,4.6773253e-06
17865,81286,0.0014779106
17866,8697,3.2347642e-11
17867,83871,7.404253e-18
17868,70274,0.016494239
17869,56445,1.22414585e-05
17870,109057,1.2076179e-06
17871,61683,0.0006456536
17872,18893,4.7026727e-13
17873,68842,0.0077935676
17874,8834,0.0030896745
17875,19152,5.432049e-18
17876,91302,0.026802782
17877,77569,0.0005442905
17878,85705,5.353658e-15
17879,99420,0.026802782
17880,102684,0.01568494
17881,90391,0.0077935676
17882,71781,0.047915254
17883,43281,7.661919e-05
17884,24711,0.031392477
17885,75180,0.001341142
17886,11196,2.1785547e-07
17887,99047,0.006891227
17888,83571,1.7563606e-06
17889,70091,0.030117422
17890,95208,2.39597e-20
17891,50806,7.4514526e-07
17892,35078,0.024806844
17893,56028,0.008028029
17894,105108,4.724313e-09
17895,5379,0.006563739
17896,83023,0.0038637838
17897,97995,0.007214841
17898,99497,2.6590478e-19
17899,108733,0.0029152634
17900,51907,0.0029175638
17901,5930,6.2967027e-09
17902,6832,1.9171027e-07
17903,58409,0.030200627
17904,6434,3.6218972e-09
17905,34562,2.9274827e-14
17906,110278,0.0038637838
17907,11003,0.0017362167
17908,1735,1.1898494e-06
17909,58116,3.2033963e-22
17910,30995,0.00052319065
17911,19095,0.003849625
17912,37887,1.4088494e-30
17913,12650,1.0926745e-27
17914,63020,1.2401212e-07
17915,26278,0.008079731
17916,107286,0.04616737
17917,60600,0.07004071
17918,36205,1.991672e-11
17919,48009,6.901342e-17
17920,105601,0.008091315
17921,60896,3.9284578e-07
17922,24353,1.0129818e-21
17923,33878,4.9895457e-09
17924,12708,7.2126745e-06
17925,20057,3.5310215e-06
17926,38467,1.525603e-23
17927,8534,4.9274855e-09
17928,77548,1.16131195e-17
17929,73570,2.0441532e-06
17930,19362,6.9225916e-07
17931,49551,0.016494239
17932,53948,3.6915384e-12
17933,56978,2.588567e-20
17934,47057,0.003860181
17935,47974,4.8687412e-05
17936,9301,9.4706465e-08
17937,100045,0.0033866402
17938,16982,0.07283948
17939,36037,7.700036e-05
17940,17809,4.9940153e-11
17941,27005,0.0077562737
17942,111687,0.008091315
17943,49776,1.0129818e-21
17944,15801,1.0887177e-27
17945,77045,0.0027668613
17946,11752,2.421116e-05
17947,3743,0.0031490463
17948,58468,0.00093194493
17949,50967,0.000116006035
17950,15300,0.010339047
17951,14000,0.008153063
17952,83498,0.0010755223
17953,115155,0.03035353
17954,99981,1.9883799e-05
17955,5616,0.005646244
17956,14756,8.349953e-10
17957,37680,0.0005769958
17958,19268,0.09170251
17959,26384,3.7463124e-07
17960,93076,0.024709625
17961,79967,1.4158924e-21
17962,90211,0.016539916
17963,91642,0.006891227
17964,103287,3.4291775e-12
17965,34439,6.758326e-13
17966,110375,8.8731715e-05
17967,106033,3.3776446e-06
17968,100790,0.029305182
17969,113997,1.6211737e-15
17970,39752,0.003860181
17971,39720,0.003860181
17972,214,4.219545e-16
17973,55373,6.3140546e-21
17974,100524,0.016539916
17975,8337,0.0032737528
17976,40529,1.20564455e-05
17977,43431,0.009095178
17978,96663,0.0007850549
17979,24591,5.379826e-07
17980,11941,1.8552437e-05
17981,57887,0.005038059
17982,44679,7.5191625e-10
17983,10778,6.4791232e-12
17984,77370,0.0014626036
17985,36145,0.016494239
17986,47046,1.525603e-23
17987,91995,0.0008505742
17988,12792,7.349911e-11
17989,3046,0.004586983
17990,47926,0.013828899
17991,55259,0.010517384
17992,11226,0.0031529434
17993,41596,1.4271898e-11
17994,12166,1.8552437e-05
17995,64788,1.5757486e-16
17996,83060,0.020485139
17997,59284,6.401133e-24
17998,7289,1.337736e-13
17999,49611,0.0509507
18000,20566,0.123319544
18001,57049,0.0077562737
18002,81217,3.1161737e-05
18003,33504,0.016556531
18004,20616,0.0067314007
18005,76057,0.008562871
18006,62122,0.041781444
18007,54190,5.2940525e-15
18008,46331,4.7831963e-06
18009,81717,0.0070778257
18010,8844,0.00037575368
18011,92847,0.0151211945
18012,85801,0.02471286
18013,21416,2.0680486e-13
18014,26040,0.00012880737
18015,92530,0.010384085
18016,57938,0.022182668
18017,99298,0.001693251
18018,65488,3.5404495e-11
18019,93360,0.0403012
18020,43100,1.890006e-05
18021,47067,8.5234395e-27
18022,1003,5.3484e-12
18023,32623,2.409553e-13
18024,29789,0.007230439
18025,111645,0.06248945
18026,34044,0.42649424
18027,89630,0.044725854
18028,99019,6.2489246e-14
18029,19799,4.5886787e-11
18030,101605,0.048003506
18031,105053,4.135433e-11
18032,65247,5.3812288e-11
18033,78010,4.8222314e-18
18034,52336,2.4015448e-11
18035,46090,0.008079731
18036,19530,1.879366e-10
18037,60319,0.0070778257
18038,25951,0.008079731
18039,81742,0.0005574171
18040,67095,0.006891227
18041,105569,0.0009103137
18042,48593,4.0348978e-06
18043,57797,0.004262849
18044,94448,0.07093826
18045,40179,0.007791001
18046,46351,0.008079731
18047,31573,1.525603e-23
18048,5578,3.8388177e-09
18049,86462,2.0191366e-17
18050,82880,4.2147807e-17
18051,63503,0.0053092
18052,6204,1.4771671e-05
18053,30502,1.6435687e-19
18054,34873,1.3326841e-19
18055,24878,0.003860181
18056,91959,4.325735e-12
18057,96843,1.2167922e-05
18058,54312,1.7204459e-06
18059,55512,6.6620714e-16
18060,30086,0.008028029
18061,101009,0.032137424
18062,44508,0.005038059
18063,106518,0.0038676527
18064,19509,3.0829713e-20
18065,91676,1.5266909e-09
18066,97713,6.919199e-14
18067,88042,0.002915908
18068,105360,0.067106
18069,75522,1.800574e-20
18070,47741,0.013828899
18071,114474,1.5664221e-10
18072,1466,1.525603e-23
18073,78299,0.0403012
18074,58532,6.255992e-05
18075,6503,1.8815102e-18
18076,43502,7.972444e-07
18077,44340,0.057786684
18078,114125,1.0663642e-07
18079,4727,0.010850398
18080,17530,6.616774e-12
18081,57465,4.892199e-09
18082,27169,0.05467183
18083,23327,4.242024e-07
18084,86861,4.2147807e-17
18085,48034,0.008028029
18086,1530,7.566133e-14
18087,99301,2.4571138e-05
18088,84799,0.009092403
18089,108282,3.3776446e-06
18090,105460,0.0014796258
18091,39580,3.5115806e-07
18092,21806,3.2319526e-18
18093,52039,7.140864e-11
18094,59942,0.06193382
18095,14850,3.2213576e-09
18096,66078,2.6168168e-10
18097,48654,6.3401036e-05
18098,12955,7.77156e-10
18099,13407,5.213634e-12
18100,114375,0.013195704
18101,55899,0.0403012
18102,42599,0.00046230666
18103,13138,0.0048905616
18104,73932,0.0014779106
18105,60892,0.047915254
18106,42950,0.016525099
18107,59229,0.032263808
18108,101260,2.1429702e-07
18109,54331,0.00089070055
18110,43460,0.003860181
18111,85122,0.032263808
18112,64883,8.405551e-07
18113,78564,8.017345e-31
18114,62889,9.3074756e-11
18115,112630,0.0030245748
18116,79974,6.177425e-05
18117,6232,5.555483e-10
18118,103380,1.209518e-11
18119,97206,0.0014779106
18120,40554,4.778259e-21
18121,67711,0.013391664
18122,102360,0.0006456536
18123,16432,5.5971594e-07
18124,78686,0.008028029
18125,84328,0.008153063
18126,34399,0.0004784279
18127,79561,4.6773253e-06
18128,29995,1.22414585e-05
18129,78870,5.071879e-21
18130,41069,0.02035345
18131,23454,3.0829713e-20
18132,57761,1.3893522e-24
18133,96718,0.0005574171
18134,28314,0.016525099
18135,61253,0.042199478
18136,11627,3.6425792e-08
18137,76083,0.008562871
18138,56328,5.99942e-10
18139,91647,0.02471286
18140,7740,5.745262e-14
18141,81088,4.767837e-09
18142,99982,1.1238592e-06
18143,66814,1.0114357e-09
18144,41328,1.22414585e-05
18145,78819,0.16019998
18146,67441,2.929878e-26
18147,94978,0.040500082
18148,71702,8.2101555e-18
18149,68363,0.022968637
18150,107767,0.0006456536
18151,74821,2.6590478e-19
18152,55472,0.0065901084
18153,67561,2.9406753e-09
18154,18219,1.38422e-10
18155,87251,0.0077935676
18156,15889,2.5682087e-07
18157,108209,0.04818268
18158,3432,0.0076018325
18159,48455,5.1740062e-05
18160,30492,0.016556531
18161,54521,0.042396132
18162,46890,0.003860181
18163,32389,0.008028029
18164,114787,4.6925484e-13
18165,83067,0.008089195
18166,82378,0.004262849
18167,107507,1.0368524e-16
18168,97264,0.048003506
18169,33526,1.5526254e-11
18170,41392,3.5088096e-06
18171,44318,0.00010323611
18172,48522,4.0853224e-06
18173,20169,1.2757368e-20
18174,80401,0.0038637838
18175,86718,0.059635594
18176,33981,0.0006956626
18177,52189,0.007195014
18178,9876,5.633436e-19
18179,8308,5.5159145e-08
18180,53398,2.1376621e-14
18181,15813,2.1509514e-09
18182,24617,0.05121239
18183,101782,2.0153886e-10
18184,33207,0.00010287448
18185,102489,1.2540886e-07
18186,60599,0.16586275
18187,43287,3.4425664e-08
18188,82584,8.911974e-10
18189,91752,0.01099087
18190,69660,3.8353283e-12
18191,36127,0.0006498509
18192,38268,2.6234486e-05
18193,37405,0.001341142
18194,71121,0.028322274
18195,93246,3.189507e-15
18196,16051,3.7724857e-26
18197,25693,1.1183923e-16
18198,97877,0.004271107
18199,73677,2.0441532e-06
18200,14664,3.5820804e-06
18201,102758,3.8399875e-10
18202,22840,5.5765746e-22
18203,109898,0.00011683732
18204,55029,0.0029168383
18205,115839,9.5072904e-17
18206,106703,5.736341e-09
18207,84170,4.6773253e-06
18208,93487,0.039552744
18209,75459,4.6773253e-06
18210,81534,0.0577544
18211,75592,1.604194e-16
18212,4156,0.0025513505
18213,72834,0.0014779106
18214,66773,0.007883797
18215,67046,0.025684046
18216,68550,0.008163503
18217,27373,0.003860181
18218,1412,1.4486903e-07
18219,30753,2.6234486e-05
18220,84323,4.7891824e-09
18221,69241,3.1421775e-16
18222,100489,0.06193382
18223,6848,0.0028671653
18224,99854,0.0077935676
18225,66398,4.7817523e-09
18226,27603,0.041821215
18227,48614,0.010517384
18228,46097,3.7542333e-14
18229,44656,0.053155422
18230,99117,2.7175483e-07
18231,99521,0.026623527
18232,23420,7.480233e-08
18233,14932,2.0352643e-07
18234,44443,0.005112509
18235,78892,0.0010755223
18236,80382,2.3850833e-07
18237,54600,0.0509507
18238,27776,0.076606356
18239,88644,4.7891824e-09
18240,112599,1.3211384e-19
18241,87841,0.0403012
18242,50747,7.3261433e-19
18243,67527,2.9833372e-11
18244,33904,0.0038427904
18245,44690,2.6443191e-05
18246,66765,2.9406753e-09
18247,40206,2.0442193e-14
18248,22350,1.6660543e-11
18249,76258,1.0742984e-13
18250,36442,2.0792268e-05
18251,6063,8.909195e-08
18252,107053,0.008091315
18253,29636,4.0092005e-15
18254,30789,8.3460875e-13
18255,101755,2.758032e-10
18256,764,1.404491e-17
18257,17488,1.0813065e-09
18258,51549,1.7818337e-10
18259,3870,0.036559373
18260,68205,0.0029168383
18261,4200,7.986012e-06
18262,61387,0.026713273
18263,7006,0.0001250535
18264,27388,0.052883994
18265,44636,5.4821933e-12
18266,68860,5.5145428e-17
18267,54068,3.3776446e-06
18268,12758,5.121949e-12
18269,33159,0.059635594
18270,16847,1.3415174e-13
18271,3343,0.05781429
18272,37077,0.006983701
18273,841,1.8192106e-10
18274,89092,0.00017264117
18275,100781,0.042376153
18276,95778,0.0043147327
18277,87261,0.010903207
18278,52653,2.5547433e-12
18279,103780,1.7050579e-09
18280,13119,9.1504436e-15
18281,83475,0.008089195
18282,55456,3.952603e-15
18283,36002,0.010517384
18284,60315,0.042199478
18285,10692,0.00037575368
18286,79564,3.3776446e-06
18287,46720,8.4445965e-06
18288,45024,0.006983701
18289,35094,0.0038427904
18290,33382,0.00019491534
18291,29210,0.0077562737
18292,43977,1.6493353e-18
18293,71383,0.0038637838
18294,102101,0.0008937112
18295,38415,0.020164473
18296,37712,0.008028029
18297,98745,6.4468014e-12
18298,20400,0.19031109
18299,4188,9.464549e-07
18300,80357,0.026802782
18301,104345,1.741596e-06
18302,5737,1.1425797e-09
18303,110616,8.605525e-08
18304,54475,6.088527e-11
18305,17874,1.3415174e-13
18306,104128,0.042376153
18307,22401,1.9982995e-12
18308,74983,0.0006942356
18309,47032,5.081923e-09
18310,28549,0.044231094
18311,21547,9.8804916e-14
18312,43435,0.06139194
18313,57881,1.360746e-05
18314,7473,8.899548e-08
18315,80219,4.1645956e-10
18316,72324,0.0080632195
18317,94261,1.87685e-07
18318,84857,3.4729496e-12
18319,16685,1.22414585e-05
18320,16814,5.812286e-18
18321,35597,0.0029175638
18322,5757,0.008123187
18323,63181,1.4460966e-11
18324,74396,0.0043147327
18325,49456,0.00091578695
18326,57822,0.0509507
18327,35846,0.009132841
18328,90899,0.00031817512
18329,71223,0.0038637838
18330,102559,0.0403012
18331,34635,0.016494239
18332,69448,5.911156e-20
18333,13892,8.784187e-06
18334,23520,2.3303477e-12
18335,84098,0.01036664
18336,84534,1.089807e-11
18337,78414,3.2980914e-08
18338,104344,0.044725854
18339,71157,0.0014779106
18340,104610,0.042376153
18341,2276,0.0031490463
18342,62075,0.029361214
18343,112353,8.041262e-17
18344,74876,1.5757486e-16
18345,64576,0.0020933005
18346,108744,0.0006456536
18347,99045,1.0010822e-11
18348,58543,0.0038427904
18349,69004,0.059635594
18350,9920,7.7675874e-18
18351,52047,8.4920605e-11
18352,96519,2.378395e-20
18353,97184,0.048003506
18354,12790,5.1173646e-07
18355,79643,0.0007061407
18356,103610,2.3971972e-06
18357,40397,4.7612836e-13
18358,4394,5.195493e-10
18359,794,5.24177e-13
18360,4140,4.614885e-12
18361,24653,0.008079731
18362,76426,2.3018117e-11
18363,6069,4.5836334e-14
18364,83615,9.283697e-23
18365,39188,0.010842438
18366,24303,5.452709e-17
18367,17052,0.2118248
18368,89926,5.7087616e-12
18369,44569,1.6377221e-07
18370,89110,1.03977885e-17
18371,48595,0.059275787
18372,87180,0.005693995
18373,56389,6.1158157e-06
18374,37640,1.876179e-07
18375,12968,0.078709215
18376,98879,5.205963e-12
18377,10594,1.2415592e-05
18378,4472,3.8325387e-10
18379,106216,0.06282126
18380,87959,0.015743928
18381,16435,6.602806e-12
18382,89308,0.008058755
18383,28767,0.00011448993
18384,26765,2.4715706e-15
18385,79482,0.026748953
18386,24846,1.2640233e-05
18387,105255,0.02050013
18388,70085,0.06743164
18389,106888,0.05121239
18390,81827,0.02471286
18391,59834,1.8395963e-16
18392,60634,0.008028029
18393,114512,0.00018775302
18394,30571,7.11628e-19
18395,94241,3.0076578e-06
18396,41563,6.539506e-14
18397,109695,0.008091315
18398,109608,0.0038987673
18399,67180,0.036315333
18400,99783,0.0005574171
18401,77163,4.7891824e-09
18402,114360,4.436524e-09
18403,28150,2.402316e-17
18404,20663,2.0352643e-07
18405,72126,0.0074967635
18406,113464,0.0077562737
18407,81070,2.2847406e-14
18408,112126,0.04856754
18409,48700,2.2907589e-17
18410,107322,2.2816074e-12
18411,72473,0.0014779106
18412,72179,5.911156e-20
18413,41600,7.532742e-10
18414,7367,0.008123187
18415,95065,0.0005574171
18416,9610,8.56465e-09
18417,3740,0.04016227
18418,72593,0.008089195
18419,32602,4.0684735e-13
18420,36203,0.0577544
18421,34402,1.859615e-14
18422,16096,1.5596641e-13
18423,45823,0.06139194
18424,36131,0.00020048891
18425,26877,1.4377196e-11
18426,51988,0.016494239
18427,12221,0.00021390223
18428,80029,0.013195704
18429,13394,5.8394387e-12
18430,82808,0.0577544
18431,94358,0.016539916
18432,77198,0.0042712325
18433,26013,1.0836661e-05
18434,53046,3.4370526e-17
18435,100711,0.001341142
18436,63842,1.0680351e-19
18437,108659,0.0015283958
18438,105377,2.4009149e-05
18439,92971,0.008089195
18440,52510,0.0014779106
18441,64985,4.7817523e-09
18442,60576,3.6358463e-19
18443,32013,0.20057586
18444,103189,3.436592e-18
18445,8289,5.2105033e-08
18446,223,4.082223e-10
18447,28969,1.2790963e-17
18448,29465,1.2078034e-05
18449,20095,0.01568494
18450,104711,0.042376153
18451,36973,6.441439e-13
18452,99998,5.6519654e-13
18453,32232,0.0034482498
18454,105421,0.0004918944
18455,55788,2.0413494e-16
18456,104858,5.1755836e-07
18457,91231,0.0008937112
18458,26446,2.0206628e-05
18459,106246,1.4204808e-05
18460,21786,1.2574317e-10
18461,60519,3.3776446e-06
18462,22667,1.4505215e-12
18463,37620,5.077816e-16
18464,13752,1.0887177e-27
18465,34145,1.525603e-23
18466,82340,4.766764e-09
18467,85077,0.008089195
18468,21109,0.00042423967
18469,67364,0.00064514973
18470,102449,0.007883797
18471,43488,3.7300335e-16
18472,34352,0.01568494
18473,32624,2.6756638e-19
18474,53678,0.0509507
18475,106249,1.493013e-20
18476,28701,0.007230439
18477,90825,1.3788108e-13
18478,11169,1.844373e-10
18479,93543,1.4158924e-21
18480,34953,1.898157e-17
18481,110906,7.954066e-06
18482,19060,0.01568494
18483,50570,0.025576562
18484,1755,2.6834411e-20
18485,70531,0.008089195
18486,47314,0.0034809986
18487,103673,0.061606772
18488,107844,0.04818268
18489,83670,0.04616737
18490,96799,2.0901306e-26
18491,113563,1.15622824e-10
18492,28055,1.2427635e-17
18493,14192,0.010517384
18494,65330,1.989945e-14
18495,104602,0.0014796258
18496,26330,2.4715706e-15
18497,73425,0.0403012
18498,40426,2.9490466e-15
18499,67943,0.047915254
18500,36616,4.9225582e-11
18501,30489,0.024806844
18502,65941,7.287696e-14
18503,104469,3.191705e-18
18504,43560,1.6036244e-06
18505,26560,3.9026684e-14
18506,104674,9.285568e-06
18507,36782,3.3955844e-17
18508,101946,0.0068923165
18509,94556,0.01568494
18510,111497,1.3104235e-17
18511,15112,2.3610981e-23
18512,24678,2.942993e-20
18513,23618,2.6234486e-05
18514,102473,0.040472187
18515,8948,0.008123187
18516,114499,1.3405286e-15
18517,49651,5.077816e-16
18518,59139,1.1414862e-09
18519,61934,0.003860181
18520,42924,0.007791001
18521,107313,0.040500082
18522,25406,0.010517384
18523,30569,0.010517384
18524,47284,0.03636212
18525,50344,1.4518968e-16
18526,77193,1.1650793e-17
18527,107719,1.2149457e-13
18528,4642,0.0025513505
18529,1969,0.0062888265
18530,22678,5.60365e-17
18531,39769,1.0342506e-28
18532,107676,9.7595924e-17
18533,6947,0.0059254155
18534,78539,0.0070253937
18535,37146,0.008079731
18536,109989,8.117873e-12
18537,74049,1.8102333e-16
18538,64876,9.9079145e-17
18539,23569,0.0006409089
18540,98535,0.048003506
18541,59741,0.0038427904
18542,66085,6.436386e-11
18543,82252,0.0013393838
18544,52166,0.00023586511
18545,19628,0.016494239
18546,70565,0.038280487
18547,78541,1.2617878e-13
18548,21113,0.016494239
18549,17331,4.444767e-12
18550,61911,1.1394337e-15
18551,114714,1.4934103e-22
18552,50232,0.0048619555
18553,104670,0.028968716
18554,111073,2.7950507e-24
18555,43900,2.5676624e-17
18556,55067,0.0008945632
18557,7172,1.844373e-10
18558,43497,0.00095160044
18559,17216,3.755148e-30
18560,29021,8.047306e-10
18561,7895,5.808649e-11
18562,83784,0.0005405492
18563,42895,5.3491606e-10
18564,8309,0.013573701
18565,7723,5.822362e-10
18566,20394,0.0509507
18567,50954,0.00047025117
18568,81892,0.011852997
18569,20596,9.657374e-10
18570,76806,0.033609133
18571,60858,0.0014779106
18572,77715,0.00046739265
18573,71227,0.0014779106
18574,35342,7.779686e-18
18575,11441,0.0032737528
18576,26497,0.010507518
18577,79936,3.410102e-14
18578,56091,1.2192868e-07
18579,92694,0.047915254
18580,84695,5.5420613e-18
18581,2649,6.630823e-12
18582,113419,7.0388865e-08
18583,63393,4.49885e-16
18584,50585,0.03092738
18585,44182,0.008891696
18586,72454,0.028322274
18587,79439,0.00016252566
18588,52130,0.007195014
18589,64237,8.9600065e-17
18590,56211,0.029361214
18591,73537,1.1276359e-18
18592,100898,0.0029160744
18593,56300,0.028178
18594,2105,2.069254e-07
18595,106955,6.83288e-13
18596,55190,1.9115713e-09
18597,77058,1.5812819e-07
18598,110543,4.6546016e-09
18599,75650,6.889398e-06
18600,15342,0.024776157
18601,22387,0.008079731
18602,59606,4.7891824e-09
18603,108278,0.00790578
18604,38307,0.030200627
18605,86630,1.0426906e-09
18606,74031,0.9988686
18607,99212,1.647549e-11
18608,38421,0.0509507
18609,59694,1.4264046e-13
18610,13800,0.06310122
18611,22908,1.9108257e-11
18612,108880,0.04821274
18613,78907,3.3887944e-15
18614,114746,0.00790578
18615,99437,1.0066061e-07
18616,22139,6.661976e-05
18617,94756,0.047915254
18618,92882,0.0403012
18619,61528,0.0006456536
18620,78882,2.6234486e-05
18621,1124,8.3605455e-15
18622,16201,1.1550019e-19
18623,59640,4.087041e-06
18624,92338,2.5072854e-08
18625,39751,0.008079731
18626,4421,0.0031529434
18627,93573,3.108368e-08
18628,54616,4.7078986e-12
18629,7818,0.05781429
18630,2628,1.4192742e-06
18631,2076,0.028981568
18632,82679,0.0038637838
18633,1599,0.03033249
18634,91448,0.0010454993
18635,59303,0.004262849
18636,4626,8.314644e-09
18637,87068,2.372029e-07
18638,45336,0.014581853
18639,37715,1.4604104e-11
18640,35847,0.008028029
18641,13475,1.7058143e-22
18642,81174,1.8028458e-16
18643,692,0.07186079
18644,55862,0.00527734
18645,70872,0.008891696
18646,7020,7.7300444e-11
18647,97991,0.015743928
18648,44820,2.4629899e-20
18649,10440,2.583394e-08
18650,83855,7.8745934e-13
18651,64068,4.0874615e-06
18652,31580,5.2807097e-19
18653,56726,4.408331e-18
18654,17595,6.3072707e-12
18655,51300,4.892199e-09
18656,11951,2.1198385e-07
18657,51783,0.025576562
18658,59604,1.233488e-16
18659,31999,0.003860181
18660,68353,8.410017e-07
18661,73201,9.381834e-05
18662,6487,6.9834832e-12
18663,56831,0.004700935
18664,50838,0.031924915
18665,113445,6.355175e-16
18666,86242,0.0006029512
18667,71167,0.0077935676
18668,67265,0.02187541
18669,69885,0.016494239
18670,7496,0.010989855
18671,15945,1.8791766e-13
18672,78401,2.378395e-20
18673,60466,0.0034607893
18674,102527,0.008089195
18675,85760,3.8788107e-06
18676,14444,0.005038059
18677,83810,5.7271276e-08
18678,72426,4.6773253e-06
18679,86934,0.055597
18680,101929,0.00014895036
18681,115418,0.001490444
18682,103462,0.029164772
18683,88877,0.051038433
18684,114689,2.8639634e-18
18685,25087,0.003860181
18686,13348,0.025619866
18687,75384,4.6773253e-06
18688,57917,0.0072111264
18689,114646,0.0020634895
18690,91756,0.00026020233
18691,112693,2.5207622e-21
18692,101215,6.394884e-17
18693,78344,1.1183923e-16
18694,80693,4.020501e-16
18695,85499,3.5466814e-11
18696,84576,0.0006456536
18697,114555,0.0403012
18698,23639,4.7627723e-06
18699,1312,0.00051210116
18700,57257,3.6358463e-19
18701,4894,2.495614e-09
18702,39703,1.525603e-23
18703,27633,0.006616753
18704,2176,0.03975775
18705,78855,3.1907735e-22
18706,111680,8.8442444e-09
18707,60707,6.5373884e-13
18708,21463,5.2807097e-19
18709,50162,0.0013494677
18710,61872,0.009099318
18711,84702,0.0006456536
18712,94050,0.031073272
18713,5013,7.8886164e-10
18714,71466,0.016494239
18715,108030,0.042376153
18716,86069,0.008089195
18717,24920,0.057819508
18718,81635,0.0029159163
18719,46525,0.008079731
18720,94239,0.0014779106
18721,88963,0.059596222
18722,59356,0.042199478
18723,56222,0.021208828
18724,58728,1.8384723e-10
18725,658,7.018134e-08
18726,64756,6.533948e-13
18727,82362,0.007883797
18728,6329,1.4120706e-10
18729,102601,1.2424984e-09
18730,103848,6.5487698e-06
18731,67780,4.825975e-15
18732,85174,5.4423194e-06
18733,69459,0.000116006035
18734,99992,0.048119143
18735,22945,5.9604417e-08
18736,35460,1.525603e-23
18737,96514,0.0014135904
18738,62686,0.042199478
18739,89445,7.881097e-10
18740,89179,9.9313314e-05
18741,34560,9.137874e-10
18742,9555,0.013573701
18743,67698,0.025684046
18744,48270,3.4236748e-12
18745,70415,0.008089195
18746,45996,3.3736399e-06
18747,707,0.02035345
18748,29516,0.004262849
18749,92224,1.0463079e-10
18750,106897,2.5349396e-05
18751,85708,0.016494239
18752,97905,8.1025816e-14
18753,15309,0.012923405
18754,88787,0.0008937112
18755,9807,0.00330176
18756,8423,0.004560521
18757,735,7.5700534e-08
18758,89521,0.047915254
18759,67195,1.11456085e-13
18760,45967,2.0792268e-05
18761,11412,0.0053577055
18762,100997,0.025567163
18763,19023,0.0030526535
18764,15663,0.046250522
18765,3004,0.006563739
18766,102392,0.0020480324
18767,44544,2.8954508e-15
18768,6429,0.0011522636
18769,72299,0.00048375476
18770,31446,5.2048378e-17
18771,21997,0.0004945424
18772,7460,3.596936e-08
18773,50495,0.008028029
18774,98582,0.032137424
18775,53187,0.016494239
18776,75584,0.026748953
18777,10590,0.0035321566
18778,75606,0.0509507
18779,115168,2.2275307e-19
18780,66947,0.0509507
18781,49884,4.0299445e-16
18782,3171,3.2156417e-13
18783,18833,1.9076745e-16
18784,51457,4.892199e-09
18785,9767,3.672422e-12
18786,43015,1.3341755e-10
18787,104086,5.611307e-10
18788,58372,0.0077562737
18789,107950,1.7575425e-20
18790,29246,0.009132841
18791,113807,4.6773253e-06
18792,51952,0.059484378
18793,20845,1.2073505e-20
18794,104229,0.048003506
18795,86618,0.0042027966
18796,24259,0.005038059
18797,98204,0.004273326
18798,41835,3.797789e-06
18799,60924,4.7891824e-09
18800,111900,0.0009800844
18801,80790,4.6773253e-06
18802,14018,0.01099087
18803,97964,0.0051873475
18804,25418,0.016525099
18805,50133,1.1878308e-26
18806,41864,0.04179281
18807,23487,0.008079731
18808,45693,0.027271759
18809,65603,5.071879e-21
18810,53217,7.700036e-05
18811,72997,0.030200627
18812,53612,0.059635594
18813,113991,0.042199478
18814,63292,0.0003780893
18815,51803,0.09669163
18816,79290,0.0029160744
18817,59327,1.0301743e-15
18818,22400,0.00067453913
18819,7189,4.9431087e-10
18820,99476,8.365778e-15
18821,105364,0.055597
18822,74223,0.001341142
18823,50990,0.0072111264
18824,28606,1.4084491e-19
18825,111498,1.3026966e-12
18826,39916,3.4623607e-08
18827,42697,3.5708576e-12
18828,79452,0.0014365639
18829,114839,4.993904e-07
18830,30725,0.008028029
18831,95610,0.007883797
18832,22246,0.024718655
18833,93907,1.6825147e-07
18834,58870,0.031797543
18835,93841,1.6865035e-11
18836,100249,1.0022915e-07
18837,59026,0.029299859
18838,42216,4.7054185e-13
18839,14003,1.4212852e-17
18840,99076,0.065455586
18841,2116,2.0698888e-06
18842,93111,3.3243623e-09
18843,42318,1.3117293e-09
18844,38500,0.0041496926
18845,21551,4.3627824e-07
18846,38259,0.010517384
18847,92116,4.6773253e-06
18848,86382,4.0971455e-21
18849,107140,5.358055e-21
18850,98551,0.0020933005
18851,31296,0.19041821
18852,94929,0.040500082
18853,115594,2.3604323e-07
18854,13301,1.5750947e-22
18855,45468,9.2989156e-20
18856,14521,3.2823985e-10
18857,54149,0.0042712325
18858,72837,1.2928124e-09
18859,83063,1.4542842e-07
18860,1813,6.6706514e-13
18861,81784,1.1554748e-09
18862,37314,0.009132841
18863,21721,6.661976e-05
18864,88662,2.3232521e-15
18865,17912,0.01568494
18866,45162,0.0034809986
18867,85324,4.766764e-09
18868,99346,0.065455586
18869,88504,0.02471286
18870,60212,0.047915254
18871,91303,5.821129e-14
18872,112342,0.0077562737
18873,89466,2.5072854e-08
18874,93431,0.0006456536
18875,1192,0.026217172
18876,10391,0.0035321566
18877,70583,0.0074967635
18878,25524,1.0018114e-12
18879,66219,2.5419546e-16
18880,45595,0.024727335
18881,101467,0.008091315
18882,77938,0.007883797
18883,45138,0.6414483
18884,191,0.004908372
18885,68453,0.02471286
18886,47476,0.008079731
18887,75430,1.4158924e-21
18888,104129,1.5583752e-06
18889,104685,0.008091315
18890,48972,4.7056687e-06
18891,441,4.7115046e-14
18892,107837,3.9510635e-16
18893,25783,4.9895457e-09
18894,788,5.3364726e-14
18895,57136,0.0002625821
18896,12399,0.007214841
18897,25842,2.3474017e-06
18898,109583,0.0006942356
18899,33860,3.6358463e-19
18900,58399,1.4835663e-12
18901,90064,0.044725854
18902,2322,8.909195e-08
18903,113764,4.5879387e-06
18904,94278,0.00010323611
18905,68880,0.0038637838
18906,94058,1.0040112e-12
18907,18632,4.069583e-17
18908,30897,5.0376964e-19
18909,23640,6.625937e-07
18910,17861,0.09714703
18911,85414,0.0509507
18912,34957,0.008028029
18913,20430,1.9246531e-10
18914,38888,1.7803795e-18
18915,68444,3.5650975e-21
18916,65687,1.7979694e-16
18917,113882,4.058588e-11
18918,87376,0.005038059
18919,83231,2.7464578e-06
18920,64878,2.5509885e-16
18921,45962,0.010517384
18922,73750,3.677826e-16
18923,48399,9.600939e-13
18924,31495,5.2807097e-19
18925,100270,1.2130521e-12
18926,104250,1.2167922e-05
18927,110364,0.0077935676
18928,42061,0.0057043466
18929,44824,2.563543e-09
18930,70340,0.008089195
18931,22021,5.969326e-06
18932,10176,4.13649e-26
18933,86874,7.0127203e-06
18934,50878,5.25498e-06
18935,114430,0.024806844
18936,77818,0.005038059
18937,25518,0.013828899
18938,9441,0.0062888265
18939,52146,0.009132841
18940,5442,6.5895484e-11
18941,16713,0.24144693
18942,43927,0.016525099
18943,58363,1.6702922e-06
18944,107965,0.040500082
18945,48936,2.6234486e-05
18946,47794,0.0038427904
18947,76502,0.026748953
18948,47455,0.024727335
18949,75015,9.356757e-16
18950,85261,8.808251e-09
18951,67668,1.9827998e-14
18952,53222,5.25498e-06
18953,98845,0.02961261
18954,52710,1.0097919e-12
18955,71478,0.0403012
18956,21949,0.014581853
18957,12472,1.3523248e-10
18958,9084,9.527257e-06
18959,48183,0.026713273
18960,91271,0.0047046267
18961,108243,4.5086393e-10
18962,32460,2.4849186e-23
18963,42451,4.2941528e-19
18964,43906,0.007791001
18965,51931,3.8565217e-05
18966,98153,0.007883797
18967,11029,1.2657169e-07
18968,75847,4.2880033e-09
18969,93460,0.012100477
18970,45800,4.7627723e-06
18971,94558,0.0009877161
18972,76926,0.0077935676
18973,61209,2.693748e-13
18974,1340,0.0577544
18975,108617,0.00081616663
18976,8408,0.1237788
18977,115544,0.0029134771
18978,90387,0.044725854
18979,89287,0.000846277
18980,91797,0.023389323
18981,22077,1.525603e-23
18982,102971,3.658917e-18
18983,63046,0.0038637838
18984,13074,8.022911e-09
18985,75839,2.2258591e-10
18986,33264,0.008028029
18987,732,2.1248225e-16
18988,57362,0.0136319995
18989,43578,0.002364498
18990,20495,2.619474e-17
18991,115259,5.0156348e-05
18992,109151,2.758032e-10
18993,28361,0.016525099
18994,48688,1.989945e-14
18995,69760,0.00010323611
18996,25445,0.004262849
18997,74994,7.1222723e-07
18998,76892,0.0077466764
18999,5812,0.0031529434
19000,104243,0.0077935676
19001,36309,3.6666233e-14
19002,38234,4.7627723e-06
19003,26780,1.525603e-23
19004,6296,0.033774532
19005,110184,9.878176e-17
19006,52008,8.925038e-05
19007,37938,2.7934856e-08
19008,42026,0.008079731
19009,25097,0.014581853
19010,35153,0.010517384
19011,46104,1.22414585e-05
19012,63532,0.00037365666
19013,62831,0.003860181
19014,49690,0.059635594
19015,27161,0.003860181
19016,91387,0.0018173662
19017,50354,0.008028029
19018,17597,0.026713273
19019,66250,5.071879e-21
19020,32496,4.0299445e-16
19021,92143,7.753858e-16
19022,44733,0.003860181
19023,21185,4.3717594e-09
19024,1286,6.093206e-08
19025,39151,1.7468182e-16
19026,49282,0.05877479
19027,89943,1.1432773e-09
19028,47276,0.008079731
19029,47493,1.3773935e-10
19030,54400,0.044231094
19031,85298,4.8013176e-06
19032,113723,0.0077562737
19033,39689,1.525603e-23
19034,2783,0.0017362648
19035,11097,1.2306919e-08
19036,3131,0.045320593
19037,60524,0.004700935
19038,25722,0.0065901084
19039,86655,0.0075158607
19040,67865,4.2249448e-14
19041,114062,4.3048214e-08
19042,73184,0.0007394549
19043,112481,0.0029134771
19044,99563,0.0077935676
19045,113555,0.010582884
19046,17262,1.6342653e-12
19047,55740,1.860053e-16
19048,68808,0.0006971592
19049,111055,2.4532044e-17
19050,2358,0.028981568
19051,83694,5.3700656e-14
19052,104158,1.5171468e-16
19053,42243,2.2575043e-06
19054,83338,5.837081e-11
19055,15635,2.7240192e-17
19056,72845,2.3922883e-21
19057,38032,0.00010323611
19058,24096,0.007791001
19059,86973,2.3313535e-11
19060,62674,3.767106e-08
19061,112303,1.4204808e-05
19062,37318,1.189569e-16
19063,27512,1.525603e-23
19064,79083,0.0403012
19065,49729,1.525603e-23
19066,110330,1.3876707e-06
19067,55875,0.0065901084
19068,89811,0.00047547166
19069,55163,0.0003780893
19070,76130,4.6773253e-06
19071,30326,4.0299445e-16
19072,98786,0.0006942356
19073,3152,2.5601126e-09
19074,22804,2.4253657e-08
19075,112649,7.70606e-05
19076,44415,1.2219648e-12
19077,26543,0.008079731
19078,65259,4.8668052e-11
19079,110928,4.6773253e-06
19080,66700,3.8638496e-18
19081,85380,1.3478744e-11
19082,56301,0.007195014
19083,2283,0.035173856
19084,38358,1.525603e-23
19085,93303,1.2167922e-05
19086,22698,3.2747127e-14
19087,27659,3.1389142e-19
19088,92450,3.8849813e-12
19089,67213,0.006080412
19090,109412,0.024709625
19091,74263,7.0503465e-06
19092,91027,0.0006456536
19093,45197,0.0066804676
19094,107935,0.04818268
19095,30986,0.027737556
19096,15044,0.08623938
19097,17780,1.6310114e-08
19098,87040,0.004267904
19099,46910,0.0032177854
19100,75108,1.4158924e-21
19101,6245,7.921421e-11
19102,82614,0.004279182
19103,52253,5.8678555e-15
19104,62532,0.00057854626
19105,60976,8.211319e-17
19106,95682,4.635101e-06
19107,51451,0.0509507
19108,33494,2.1766132e-07
19109,57652,0.0014099019
19110,41591,2.4473974e-19
19111,4468,1.9479494e-10
19112,2491,7.921421e-11
19113,24568,0.007791001
19114,94372,4.5997373e-11
19115,103875,1.2222911e-12
19116,1343,5.087487e-10
19117,30282,0.028968716
19118,75676,1.5256502e-06
19119,87593,4.227204e-13
19120,65336,0.0013815863
19121,16306,1.8461337e-24
19122,10630,6.429953e-07
19123,105958,8.661628e-05
19124,61041,4.7891824e-09
19125,20591,6.7136854e-05
19126,46045,0.005038059
19127,108181,2.3349665e-19
19128,16844,1.3415174e-13
19129,102020,0.0014779106
19130,94428,0.008028029
19131,78968,0.021747567
19132,85368,0.0577544
19133,3242,2.330609e-09
19134,84991,6.7230125e-08
19135,91667,0.026802782
19136,115466,0.001490444
19137,100192,5.6063793e-05
19138,33771,1.525603e-23
19139,82372,0.0077935676
19140,88713,6.047788e-18
19141,76646,1.0858897e-18
19142,87052,0.009092403
19143,70163,4.8763087e-07
19144,35463,1.22414585e-05
19145,88203,2.3181276e-14
19146,97706,5.0215067e-06
19147,100390,2.5690206e-05
19148,115798,0.026623527
19149,99350,0.00076919806
19150,84607,0.042199478
19151,15103,8.875003e-08
19152,66350,1.0262871e-15
19153,21934,0.005038059
19154,25971,0.004262849
19155,8296,2.3618792e-05
19156,27030,0.00012665114
19157,36129,0.008028029
19158,81044,4.268109e-17
19159,79050,0.0077562737
19160,66018,4.243342e-14
19161,71798,0.00016252566
19162,58086,0.0069690435
19163,65954,3.1233737e-12
19164,57825,1.7391251e-09
19165,27039,0.00015407002
19166,74179,0.00024402357
19167,3024,2.88777e-10
19168,75282,0.0058769025
19169,63728,0.0012107585
19170,41094,0.06139194
19171,70379,0.01568494
19172,30450,0.008028029
19173,46825,9.8804916e-14
19174,72175,0.022182668
19175,12984,0.008038916
19176,28256,2.7856013e-15
19177,59892,0.0077562737
19178,72182,0.0403012
19179,67491,0.0006942356
19180,61281,2.8479074e-16
19181,73173,1.3378005e-08
19182,69764,0.0038637838
19183,17017,7.5714226e-20
19184,27937,1.5134715e-06
19185,58245,3.5088096e-06
19186,31292,2.4626377e-06
19187,19092,0.03092738
19188,107821,0.00016071722
19189,87654,2.4690746e-14
19190,113406,2.2434541e-17
19191,93100,0.039300192
19192,72844,6.3407283e-06
19193,54891,4.0853224e-06
19194,5646,0.005646244
19195,36358,0.044231094
19196,22006,1.9336946e-13
19197,102810,0.0042710137
19198,37141,0.008079731
19199,20296,1.5677328e-08
19200,54624,0.0077562737
19201,60372,0.044725854
19202,84032,0.047915254
19203,38315,0.008079731
19204,97258,6.446721e-14
19205,86018,4.5232928e-13
19206,72765,1.3827288e-06
19207,45152,6.450135e-05
19208,110223,1.0064851e-11
19209,16875,0.3334028
19210,863,0.024776157
19211,28326,3.1389142e-19
19212,51868,0.024806844
19213,62043,1.4212852e-17
19214,9465,3.54977e-07
19215,38820,9.4658255e-08
19216,17039,2.421116e-05
19217,13045,1.2116739e-12
19218,23740,1.4212852e-17
19219,72237,4.6773253e-06
19220,64283,3.1023832e-17
19221,26902,1.2790963e-17
19222,14424,7.736749e-24
19223,14572,2.8084557e-15
19224,51340,5.8287784e-12
19225,55172,4.379452e-10
19226,115003,0.0029129926
19227,68543,0.042199478
19228,45226,0.01568494
19229,40204,0.0509507
19230,14257,0.034557663
19231,46475,0.00042472465
19232,74550,0.0074967635
19233,97065,3.4539194e-15
19234,73554,0.0043147327
19235,28096,4.5551943e-18
19236,63351,0.0024241232
19237,66216,1.33008925e-11
19238,115757,7.0716646e-09
19239,77661,0.008089195
19240,24170,8.023524e-05
19241,68317,0.00047791377
19242,67063,4.6480366e-09
19243,27516,5.5579047e-08
19244,1309,0.024790043
19245,33041,0.0006956626
19246,79618,0.028968716
19247,99870,0.025799757
19248,62986,5.071879e-21
19249,53461,2.66696e-05
19250,17412,0.041671257
19251,67839,0.008089195
19252,23746,7.0351525e-09
19253,2281,1.4423032e-08
19254,8382,0.00021303963
19255,109162,4.0894893e-06
19256,36181,0.6323156
19257,93000,5.315747e-06
19258,39895,4.0614655e-20
19259,113200,8.6501486e-17
19260,27187,2.8300714e-05
19261,101493,1.5457744e-13
19262,33978,0.005038059
19263,28984,2.7684806e-16
19264,112914,0.044971768
19265,97186,0.009092403
19266,13916,1.2013067e-24
19267,62960,3.0915514e-16
19268,88498,4.0971455e-21
19269,18662,1.6342653e-12
19270,27646,1.9557176e-05
19271,25647,0.008891696
19272,61101,3.5283072e-08
19273,65272,1.5757486e-16
19274,46313,0.0065901084
19275,84012,2.8193264e-07
19276,47305,2.541882e-12
19277,13277,3.9908063e-26
19278,35527,0.008028029
19279,69436,0.03092738
19280,15261,8.1264244e-27
19281,17510,1.8995932e-07
19282,63636,4.7891824e-09
19283,112715,0.0006456536
19284,115035,0.001490444
19285,100132,4.6773253e-06
19286,82445,0.0069885333
19287,62171,8.315282e-08
19288,96052,1.9588597e-09
19289,86133,6.391479e-14
19290,114221,3.658917e-18
19291,14429,4.616311e-12
19292,59811,0.047915254
19293,92019,0.032263808
19294,14630,9.537568e-13
19295,107883,3.9711404e-11
19296,72975,0.0013494677
19297,94884,0.0005574171
19298,15610,0.016494239
19299,29714,2.6234486e-05
19300,80787,0.02471286
19301,115208,0.049219437
19302,7256,1.5155282e-06
19303,8158,2.1081385e-12
19304,83527,1.9076745e-16
19305,73596,3.677826e-16
19306,23255,0.02558698
19307,112613,0.044971768
19308,51816,0.04179281
19309,45167,0.008079731
19310,44014,3.0197405e-08
19311,28590,1.7898774e-05
19312,89472,0.005038059
19313,13153,5.408483e-16
19314,107505,0.004270969
19315,2545,7.959022e-08
19316,85843,2.5437173e-18
19317,105688,0.013304895
19318,18182,1.2013067e-24
19319,60478,5.0335897e-10
19320,37532,2.66696e-05
19321,110396,0.008091315
19322,91896,0.000506739
19323,98539,0.038721465
19324,110545,2.5887886e-07
19325,80910,4.767837e-09
19326,88889,8.5839956e-13
19327,58516,0.030188166
19328,75286,0.0053092
19329,95592,5.1255505e-10
19330,12471,0.20826803
19331,67200,0.008089195
19332,15203,0.0037383102
19333,87136,0.0077935676
19334,90716,0.044725854
19335,62941,1.4456967e-15
19336,82615,0.00057716435
19337,44199,1.525603e-23
19338,73702,2.6338872e-05
19339,24969,0.03446149
19340,14626,0.010517384
19341,31504,0.003860181
19342,70002,0.0077935676
19343,39307,0.024727335
19344,46682,1.0426713e-08
19345,87284,0.005827817
19346,1434,2.2558793e-18
19347,43910,3.0829713e-20
19348,7569,0.0031529434
19349,96438,1.1580661e-15
19350,100632,0.007883797
19351,104272,3.0284874e-14
19352,53994,4.0853224e-06
19353,91283,0.006891227
19354,54777,0.07687515
19355,20884,0.010837356
19356,82085,0.019169066
19357,43944,6.787938e-20
19358,57276,6.185059e-07
19359,73420,3.9648415e-12
19360,80482,3.868407e-18
19361,42529,0.32123053
19362,56309,0.030188166
19363,41814,0.002740745
19364,11473,0.0031529434
19365,68492,1.2897471e-11
19366,92551,0.044904742
19367,68274,0.010517384
19368,35691,0.0029175638
19369,8453,6.4791232e-12
19370,6785,0.004560521
19371,19291,0.0013641858
19372,108722,7.16238e-21
19373,68175,0.047915254
19374,15486,0.06048965
19375,45641,0.020822464
19376,73383,1.1020418e-14
19377,64031,1.1783183e-17
19378,15873,2.0352643e-07
19379,66784,1.8202747e-06
19380,51787,0.016494239
19381,27364,1.5848209e-24
19382,51021,4.892199e-09
19383,91962,0.007883797
19384,62896,0.047915254
19385,11333,4.9494133e-09
19386,86775,8.97331e-25
19387,47013,2.516456e-15
19388,33816,4.5093354e-14
19389,42863,0.0054015
19390,26755,1.7880315e-05
19391,20533,4.6083676e-23
19392,40890,0.000535896
19393,99152,5.708817e-06
19394,44163,0.013828899
19395,106905,0.016556531
19396,11740,2.3610981e-23
19397,21822,0.024727335
19398,82271,0.0014779106
19399,83555,5.3749918e-11
19400,4837,0.06969328
19401,43971,0.007791001
19402,1944,0.00021607547
19403,5237,3.5842525e-08
19404,37286,0.041821215
19405,655,2.0762061e-13
19406,20498,2.1391905e-07
19407,3981,1.0334241e-10
19408,84121,1.3100084e-10
19409,60778,1.139091e-06
19410,1529,2.9517552e-10
19411,75529,7.423923e-22
19412,96584,3.410102e-14
19413,31856,3.2563698e-18
19414,45164,7.9434576e-05
19415,115060,0.0403012
19416,108010,2.5349396e-05
19417,58712,5.99942e-10
19418,28175,0.00046739265
19419,94799,0.016539916
19420,8166,0.0018537395
19421,45554,0.006983701
19422,79465,0.042376153
19423,23294,0.010517384
19424,83829,1.6135763e-18
19425,105257,2.736123e-05
19426,20688,8.20369e-05
19427,115336,0.0043318085
19428,73867,7.606135e-08
19429,19599,2.8456056e-16
19430,13055,1.03704385e-13
19431,106882,1.1947708e-10
19432,41947,0.19031109
19433,7126,2.5823292e-16
19434,104207,4.6773253e-06
19435,57585,1.5047883e-17
19436,96751,1.1020418e-14
19437,90788,5.902361e-15
19438,5886,6.2967027e-09
19439,52120,5.0691567e-19
19440,106797,5.061521e-13
19441,52407,0.06139194
19442,45243,3.613074e-08
19443,82325,5.3700656e-14
19444,47844,4.892199e-09
19445,100783,0.026463047
19446,29244,3.0011003e-17
19447,47102,0.007791001
19448,27663,2.6176912e-07
19449,11771,0.008038916
19450,84457,5.911156e-20
19451,70761,3.7760906e-08
19452,20336,2.3632603e-05
19453,715,2.8055324e-15
19454,62738,4.7891824e-09
19455,51271,0.008028029
19456,104162,0.010349117
19457,37550,5.0875983e-12
19458,76845,0.028322274
19459,51242,0.0013494677
19460,25057,0.03922154
19461,64646,1.3419425e-20
19462,51385,1.7138336e-11
19463,53811,0.0077562737
19464,105135,3.0743654e-11
19465,108711,0.0054015
19466,58121,0.008028029
19467,90907,0.051038433
19468,20827,1.525603e-23
19469,104224,0.044290293
19470,111444,3.1235817e-16
19471,64383,0.0064111045
19472,56476,0.0013494677
19473,24524,0.008079731
19474,27845,7.9736856e-05
19475,40163,0.013828899
19476,90830,0.06268074
19477,87232,1.4661158e-10
19478,23574,1.4049314e-08
19479,46115,0.003860181
19480,94188,3.5427913e-16
19481,63317,0.0074812146
19482,74534,4.6773253e-06
19483,35291,5.4796985e-22
19484,39596,4.0793014e-15
19485,23486,0.016494239
19486,81047,0.005038059
19487,93399,1.5443364e-06
19488,83380,0.0038637838
19489,112686,6.391479e-14
19490,65446,3.7529264e-16
19491,86247,0.016494239
19492,46955,2.942993e-20
19493,87319,1.8699994e-08
19494,24597,5.6852932e-11
19495,62935,5.4979505e-09
19496,29392,1.9137938e-12
19497,102824,0.013391664
19498,50802,0.020913444
19499,89526,0.005038059
19500,30994,0.017118597
19501,76470,6.37253e-06
19502,92564,0.055597
19503,21399,9.325311e-05
19504,49224,8.942191e-15
19505,29115,0.008028029
19506,59022,0.042199478
19507,3877,2.136273e-07
19508,107838,1.9512253e-14
19509,84546,0.0070253937
19510,109011,0.030833948
19511,36221,1.525603e-23
19512,46666,0.007508669
19513,92721,0.047915254
19514,19285,0.024776157
19515,110957,3.6662418e-16
19516,32568,0.016556531
19517,50895,0.008028029
19518,3401,0.056933496
19519,19144,0.16586275
19520,12803,1.0926745e-27
19521,27979,4.4513655e-13
19522,42619,0.0077943313
19523,45769,1.525603e-23
19524,92145,2.4334989e-11
19525,40953,1.1765105e-13
19526,81404,0.001341142
19527,27297,8.940056e-12
19528,24796,5.077816e-16
19529,67274,0.000819722
19530,3259,4.789605e-08
19531,103024,7.060714e-11
19532,115925,0.029184973
19533,65145,6.122069e-17
19534,45656,0.0072107604
19535,39611,0.012541158
19536,86366,0.0074967635
19537,49094,2.8012954e-24
19538,103841,6.3213347e-06
19539,113878,0.0008419076
19540,79972,0.0014779106
19541,107901,4.724313e-09
19542,14165,0.06139194
19543,108544,1.7467569e-10
19544,15388,2.4869094e-16
19545,64024,3.1910665e-14
19546,63017,0.021798836
19547,114339,3.1025394e-08
19548,69477,0.0038637838
19549,83102,0.044725854
19550,92765,0.044904742
19551,85825,0.016494239
19552,83026,6.4262573e-10
19553,66109,1.9426651e-11
19554,92942,2.839705e-07
19555,27404,0.0077562737
19556,43249,1.7004275e-08
19557,72228,0.0080632195
19558,14492,5.121949e-12
19559,66488,0.02663661
19560,22058,0.008079731
19561,37892,0.007270968
19562,53361,3.0665396e-06
19563,77095,0.00085466186
19564,43307,0.01568494
19565,92913,0.0004243776
19566,59384,0.005695477
19567,35998,0.016494239
19568,54787,0.0072111264
19569,77380,4.6773253e-06
19570,63742,5.8276673e-06
19571,55668,0.0009694615
19572,15670,4.380528e-06
19573,62802,0.059635594
19574,36645,0.005038059
19575,63321,2.8707113e-11
19576,19104,1.4228598e-15
19577,91919,0.0011375269
19578,31862,0.0013494677
19579,10252,5.808649e-11
19580,98915,0.007883797
19581,63575,1.9175654e-07
19582,71664,0.0403012
19583,14968,1.0887177e-27
19584,10837,0.0076018325
19585,79621,0.0035483
19586,110718,0.028968716
19587,88560,0.029361214
19588,26737,2.191645e-08
19589,64126,3.7277327e-14
19590,72177,5.5320393e-14
19591,14911,4.152829e-08
19592,17140,0.00044330675
19593,74681,0.005038059
19594,75966,1.1535259e-13
19595,34596,0.08543796
19596,63539,0.0509507
19597,87668,0.051038433
19598,36393,0.0042712325
19599,38233,2.8407184e-13
19600,80276,0.0066292766
19601,54229,0.0042712325
19602,88354,0.009092403
19603,108176,1.0955899e-16
19604,62281,0.006983701
19605,107923,2.0187377e-08
19606,26889,2.3143969e-08
19607,38,0.03800975
19608,49617,1.1349688e-09
19609,50522,7.9642266e-13
19610,7764,5.0770225e-08
19611,60727,9.070051e-17
19612,37020,1.1625743e-11
19613,5988,8.464624e-06
19614,88887,0.044725854
19615,77115,0.007883797
19616,22468,8.4445965e-06
19617,15551,1.0887177e-27
19618,13365,1.2077295e-18
19619,53286,0.010517384
19620,42574,3.333258e-20
19621,22304,0.030117422
19622,24710,0.00030852392
19623,19075,1.2049677e-19
19624,75507,4.6773253e-06
19625,93081,0.029361214
19626,69354,0.004762553
19627,111490,5.557625e-17
19628,111040,6.2051617e-09
19629,55994,0.042199478
19630,46703,1.525603e-23
19631,70423,8.053251e-13
19632,104399,8.462557e-21
19633,36401,0.020698765
19634,115684,2.1126016e-05
19635,1212,2.0352643e-07
19636,42030,0.008079731
19637,70759,3.0064226e-07
19638,98241,3.084056e-11
19639,112970,0.026459238
19640,81089,0.008891696
19641,39566,0.006983701
19642,108306,0.0013104703
19643,35165,1.4529702e-06
19644,52261,0.010881814
19645,104936,0.00026453656
19646,66158,0.00047763984
19647,88313,0.010517384
19648,62361,1.0819069e-20
19649,89397,6.4807417e-16
19650,113404,0.0077562737
19651,44403,4.121475e-13
19652,65357,4.7817523e-09
19653,25001,0.0042714477
19654,39196,4.8459886e-05
19655,55169,2.4347448e-17
19656,101925,0.009350819
19657,37433,1.0410304e-22
19658,87332,0.026802782
19659,105297,0.008159509
19660,64247,1.1250252e-15
19661,95334,9.61851e-18
19662,7427,2.1757325e-10
19663,89289,0.0040524765
19664,91542,1.1118928e-15
19665,90493,0.0077935676
19666,86195,0.016494239
19667,115123,1.2219546e-21
19668,59287,0.063846394
19669,114911,0.0010446312
19670,28663,0.0509507
19671,81118,1.089807e-11
19672,24912,0.024727335
19673,2666,0.0059622442
19674,65871,5.071879e-21
19675,63464,2.5446154e-14
19676,75838,5.4890073e-15
19677,65469,1.5745239e-06
19678,103855,1.8318175e-07
19679,108567,0.051038433
19680,99832,0.008091315
19681,23280,3.9670875e-16
19682,46644,1.706236e-16
19683,18247,1.1469746e-21
19684,85649,0.02471286
19685,9385,3.0162983e-08
19686,63515,2.664125e-11
19687,85227,4.766764e-09
19688,37134,0.009095178
19689,16991,1.2306919e-08
19690,74500,0.025684046
19691,61361,0.037019238
19692,96395,3.3243623e-09
19693,38619,0.10881863
19694,77040,0.010517384
19695,4791,1.3555277e-09
19696,66676,4.6568926e-09
19697,100122,0.002418666
19698,26111,0.0013494677
19699,85249,0.004700935
19700,91512,0.0049185366
19701,91892,1.5438741e-09
19702,29490,0.008028029
19703,73736,0.0014779106
19704,96225,0.0038637838
19705,20600,2.0792268e-05
19706,46200,2.023507e-11
19707,90386,0.012485301
19708,63754,5.247967e-15
19709,53135,1.7989294e-07
19710,78244,0.030188166
19711,81357,5.25498e-06
19712,54696,0.024806844
19713,99224,1.0620926e-16
19714,113863,1.4013337e-09
19715,112877,4.4525036e-06
19716,49915,2.66696e-05
19717,4780,0.07549378
19718,82699,0.0038637838
19719,997,3.3911757e-14
19720,97789,5.989667e-14
19721,91310,0.016539916
19722,72479,3.3598422e-17
19723,115936,0.029184973
19724,100544,0.008091315
19725,77080,0.030188166
19726,105343,3.2668558e-12
19727,48574,5.969326e-06
19728,51839,2.707591e-05
19729,13970,0.0024774582
19730,99468,1.2130521e-12
19731,77298,0.01568494
19732,11591,0.036559373
19733,26204,2.4629899e-20
19734,96895,0.0008505742
19735,9435,0.123319544
19736,18494,2.3610981e-23
19737,3509,1.5504355e-06
19738,38435,0.00022721272
19739,70351,0.008089195
19740,41155,0.007791001
19741,68894,1.6912687e-05
19742,88916,0.06248945
19743,106108,1.4150091e-18
19744,25629,0.00712693
19745,102974,0.0014779106
19746,50443,3.3776446e-06
19747,14716,0.008047925
19748,81269,4.6773253e-06
19749,12124,1.0467998e-16
19750,55139,2.2389731e-06
19751,88024,4.6773253e-06
19752,66105,0.0020933005
19753,97068,7.380946e-07
19754,78640,1.5275106e-11
19755,82603,5.3700656e-14
19756,12598,1.7435162e-16
19757,21696,0.008079731
19758,66582,4.8549405e-06
19759,30515,1.3326841e-19
19760,50564,0.004262849
19761,62534,3.5088096e-06
19762,65553,1.0584875e-26
19763,45356,1.04842975e-17
19764,102710,0.021747567
19765,1413,0.19031109
19766,22195,6.469799e-16
19767,110116,7.086041e-21
19768,105215,0.020338738
19769,113841,2.4071616e-08
19770,33238,0.004762553
19771,88955,4.437362e-06
19772,77307,0.007883797
19773,71163,0.00011103304
19774,14738,0.024776157
19775,65637,0.08138075
19776,104435,6.391479e-14
19777,49725,0.003713595
19778,4119,0.0017362408
19779,93148,2.910753e-17
19780,11867,1.0926745e-27
19781,60740,0.030200627
19782,105301,0.008091315
19783,114607,0.0013290688
19784,7532,3.223551e-07
19785,106599,0.00081616663
19786,12943,6.930042e-06
19787,23515,6.255992e-05
19788,90552,0.047915254
19789,70632,2.1249392e-13
19790,80808,0.016494239
19791,104984,1.4204808e-05
19792,74340,0.026713273
19793,106786,0.0074967635
19794,63025,1.6329908e-16
19795,51188,1.2936737e-12
19796,74678,0.0053713806
19797,83786,0.008089195
19798,41239,0.030200627
19799,52497,0.006891227
19800,64373,6.0536554e-09
19801,1670,0.003147197
19802,28167,1.1685245e-09
19803,31242,0.05121239
19804,33724,0.00025147147
19805,16329,1.0708064e-24
19806,72592,2.2820108e-17
19807,12868,2.293169e-27
19808,40616,7.620675e-22
19809,111153,1.9883799e-05
19810,9291,1.2465372e-07
19811,71613,0.01568494
19812,32459,0.012948824
19813,106540,2.8639634e-18
19814,21592,2.91487e-13
19815,12789,1.0926745e-27
19816,39446,0.0005359187
19817,71532,2.2708035e-05
19818,83856,3.1778948e-16
19819,92902,4.020068e-06
19820,11524,1.4320776e-09
19821,23811,1.5331734e-06
19822,31991,2.3523752e-10
19823,33568,0.00069172576
19824,2153,0.0035311128
19825,23160,4.050637e-19
19826,2033,0.00037584107
19827,78923,4.7817523e-09
19828,5668,0.0031529434
19829,92887,0.008089195
19830,11363,3.6002565e-09
19831,75933,0.0014779106
19832,88621,5.730955e-11
19833,68960,5.4423194e-06
19834,110558,1.4204808e-05
19835,65964,2.7399443e-09
19836,19514,5.7069275e-07
19837,40853,0.00050943124
19838,45288,1.4939161e-16
19839,95352,4.7891824e-09
19840,59436,2.8479074e-16
19841,87194,4.8958432e-15
19842,46865,0.0072107604
19843,84465,0.00712693
19844,64018,3.9284578e-07
19845,8113,1.2265721e-08
19846,59212,2.255569e-11
19847,65234,4.7817523e-09
19848,23936,8.122246e-18
19849,57891,4.0851672e-10
19850,63008,0.0006949933
19851,82092,0.044231094
19852,34555,6.3544604e-12
19853,53900,0.4466794
19854,109378,0.042376153
19855,23987,1.6929649e-08
19856,109500,0.00081616663
19857,102569,0.016539916
19858,111617,3.1289713e-09
19859,26505,4.9895457e-09
19860,74891,2.8948768e-15
19861,22342,1.525603e-23
19862,28316,0.026713273
19863,97245,0.0038637838
19864,112056,3.7961473e-18
19865,18924,1.7674128e-12
19866,39456,0.007791001
19867,44104,0.0044607567
19868,32658,0.003860181
19869,42829,2.7068882e-08
19870,79091,1.0680351e-19
19871,25308,0.12383192
19872,32147,3.613074e-08
19873,59563,3.929282e-07
19874,96650,0.0077935676
19875,110224,3.1780207e-13
19876,23980,5.6330064e-19
19877,99576,4.087041e-06
19878,9098,0.00037575368
19879,65883,5.702422e-14
19880,64627,0.0020933005
19881,100765,4.7891824e-09
19882,58091,0.23565465
19883,94918,4.299036e-12
19884,66480,2.0219931e-20
19885,20679,1.0085028e-11
19886,83838,1.48285e-06
19887,45802,0.016525099
19888,24757,0.123743504
19889,44497,0.08138075
19890,88866,1.2814463e-08
19891,73968,1.1096042e-16
19892,45025,4.427025e-08
19893,8357,8.127669e-11
19894,84586,1.089807e-11
19895,38501,0.008079731
19896,65205,1.2043261e-16
19897,31378,0.024806844
19898,76889,0.0077935676
19899,916,9.862821e-08
19900,54319,3.5649578e-08
19901,8750,0.0025513505
19902,94060,0.006964409
19903,76954,0.0509507
19904,6020,0.0031529434
19905,95762,3.331354e-11
19906,56949,1.0192612e-06
19907,93493,0.0006942356
19908,89022,3.5876555e-10
19909,61430,1.5745239e-06
19910,58328,0.05121239
19911,16886,2.219506e-12
19912,86518,1.2179282e-07
19913,35244,4.0701604e-08
19914,14275,5.538733e-14
19915,19307,1.6402431e-11
19916,35196,5.1191324e-21
19917,106224,0.033312056
19918,45900,1.914004e-06
19919,9841,0.0062888265
19920,13575,0.024790043
19921,33604,0.0066678915
19922,80051,9.927502e-19
19923,101770,0.00011297004
19924,79906,0.0070253937
19925,77757,2.6687057e-16
19926,64922,6.1677975e-11
19927,52412,0.0038427904
19928,31354,4.7822535e-28
19929,86238,0.00052293664
19930,45645,0.003860181
19931,46257,0.002730868
19932,51662,8.8580646e-14
19933,84899,1.48285e-06
19934,20936,0.059275787
19935,7465,0.013573701
19936,93824,0.008091315
19937,56116,0.008028029
19938,97916,2.9624304e-15
19939,35366,5.2807097e-19
19940,22519,4.442527e-13
19941,2532,1.7422733e-08
19942,105472,2.7175483e-07
19943,73103,0.0019213055
19944,31409,9.599123e-10
19945,75952,0.0509507
19946,38044,0.0267177
19947,54605,0.0006456536
19948,69006,0.0077935676
19949,81230,0.06139194
19950,59156,2.5780896e-14
19951,71408,0.042199478
19952,80393,0.032263808
19953,10060,2.6142581e-05
19954,15674,0.059635594
19955,70390,3.5026825e-14
19956,4851,0.0031529434
19957,66318,4.7876105e-17
19958,1784,0.00046671455
19959,89666,0.0014779106
19960,65565,2.5446154e-14
19961,64812,8.771347e-21
19962,23597,2.9402475e-10
19963,55170,0.0038427904
19964,112668,0.057819508
19965,59089,1.8648441e-06
19966,57782,9.423792e-13
19967,24305,1.22414585e-05
19968,13302,0.0013641858
19969,35663,0.00042472465
19970,41046,5.25498e-06
19971,46153,0.057786684
19972,1007,0.059635594
19973,114284,0.043045577
19974,51386,0.0070778257
19975,102261,1.765249e-07
19976,9018,6.345554e-17
19977,73622,0.0074967635
19978,71616,5.48979e-12
19979,109721,1.5637865e-13
19980,47677,0.00011448993
19981,58946,9.285212e-17
19982,32354,2.6234486e-05
19983,81224,0.0005574171
19984,22078,4.9645246e-07
19985,78193,2.1660783e-06
19986,51035,7.9775264e-10
19987,29501,1.4221424e-09
19988,59849,0.0072111264
19989,100372,1.2130521e-12
19990,77302,7.380946e-07
19991,8713,3.4606913e-07
19992,10370,2.4792068e-10
19993,70456,0.010517384
19994,31147,0.016556531
19995,79352,0.026802782
19996,87188,0.0049185366
19997,107591,1.3666461e-21
19998,92592,0.023389323
19999,54554,0.0021143588
20000,14892,1.6140693e-10
20001,57208,6.3140546e-21
20002,34311,3.3892596e-07
20003,83003,4.6773253e-06
20004,18113,3.5867455e-05
20005,35519,1.4597726e-15
20006,41833,4.3575508e-12
20007,47509,1.8209047e-10
20008,109392,0.024709625
20009,76870,0.008089195
20010,103805,1.2167922e-05
20011,85264,1.3206586e-07
20012,56523,0.052883994
20013,2770,0.00037584107
20014,79924,4.8070124e-06
20015,39515,3.0157604e-05
20016,98485,5.5578723e-12
20017,40725,4.0949338e-10
20018,36826,0.005038059
20019,49787,4.091832e-15
20020,60113,9.5375486e-17
20021,105085,0.04818268
20022,28974,0.016525099
20023,59013,0.024806844
20024,89465,2.1301119e-18
20025,1269,1.1278257e-17
20026,6801,0.00037575368
20027,90549,7.0127203e-06
20028,93776,4.6773253e-06
20029,76751,0.0006456536
20030,14765,1.0909769e-24
20031,29010,6.423598e-07
20032,94423,1.5492285e-12
20033,115558,8.053622e-20
20034,55768,0.0019083023
20035,107555,0.032137424
20036,58642,0.06248945
20037,35653,0.009132841
20038,102984,0.007889245
20039,80882,0.000116006035
20040,91293,0.026802782
20041,46630,5.72976e-16
20042,27679,0.23418522
20043,58393,2.5135514e-13
20044,111283,7.7808437e-07
20045,97308,0.0014779106
20046,78558,3.4281814e-13
20047,84998,1.594371e-17
20048,11734,0.14031051
20049,78078,5.969326e-06
20050,68300,0.0006456536
20051,98237,1.4212852e-17
20052,92759,0.051038433
20053,43432,0.010517384
20054,93628,0.025592234
20055,21966,1.8424036e-18
20056,35144,1.1883633e-07
20057,64340,1.8287075e-18
20058,27806,0.0010290114
20059,8363,3.0592666e-08
20060,10988,1.1304658e-06
20061,98693,0.0029159163
20062,91000,4.6773253e-06
20063,101017,4.925849e-17
20064,20705,2.7972668e-11
20065,32358,0.008028029
20066,81687,4.6773253e-06
20067,54575,9.446126e-24
20068,11511,2.1318845e-10
20069,31261,0.0014636422
20070,25204,0.0029182504
20071,31044,0.0072111264
20072,21154,9.371595e-05
20073,108887,0.0014796258
20074,31654,0.016556531
20075,72018,0.016494239
20076,114530,2.814909e-10
20077,31857,0.0072111264
20078,8272,6.488044e-05
20079,21890,5.2807097e-19
20080,73972,1.5123319e-18
20081,88230,0.008089195
20082,84547,4.6773253e-06
20083,78377,1.8328197e-12
20084,56820,5.5579047e-08
20085,48550,5.892193e-15
20086,92828,1.611578e-17
20087,78218,4.089727e-06
20088,58566,0.042199478
20089,70221,0.0012292126
20090,25573,3.2679662e-07
20091,103102,7.380946e-07
20092,43326,1.710299e-20
20093,86722,0.00028071206
20094,40030,2.6234486e-05
20095,67458,0.0007850549
20096,49595,0.0005117379
20097,111910,1.2167922e-05
20098,83865,0.0006456536
20099,14802,9.240693e-09
20100,100602,0.0029160744
20101,40012,0.006983701
20102,101893,0.013195704
20103,61300,4.048122e-10
20104,88615,4.2147807e-17
20105,54649,4.7418447e-09
20106,7133,6.116266e-14
20107,87161,4.0971455e-21
20108,113105,0.028394716
20109,46975,0.083558194
20110,15495,9.334615e-09
20111,47206,0.01782402
20112,4215,1.0263764e-09
20113,56173,0.025853444
20114,91018,2.792178e-06
20115,10555,9.202981e-09
20116,102110,0.029361214
20117,22514,9.000933e-12
20118,12384,2.293169e-27
20119,47855,4.892199e-09
20120,59320,0.044725854
20121,111343,1.4798907e-14
20122,31748,9.3074756e-11
20123,79095,3.0917905e-14
20124,31832,0.008028029
20125,6302,4.1054219e-07
20126,70264,0.047915254
20127,110500,0.0013393838
20128,16922,3.440044e-09
20129,84632,0.016494239
20130,100887,0.0033853932
20131,68875,4.2249448e-14
20132,96113,2.709015e-09
20133,51290,0.0509507
20134,107376,1.3565564e-10
20135,104072,6.6270656e-09
20136,16342,1.1424222e-25
20137,57635,8.73623e-11
20138,88941,0.008089195
20139,67950,0.00011545447
20140,83127,0.0020921822
20141,71194,4.923034e-16
20142,73605,0.006891227
20143,19910,2.0391403e-07
20144,31043,1.1420265e-16
20145,19467,0.030117422
20146,23690,3.3068662e-07
20147,67578,0.042199478
20148,66370,0.0020933005
20149,50819,0.008028029
20150,445,4.3939123e-09
20151,21068,0.0054120566
20152,18647,0.016494239
20153,40217,0.0044235853
20154,62112,2.4127947e-10
20155,94973,0.048003506
20156,41341,1.4988363e-09
20157,62785,0.009455685
20158,53931,1.108975e-06
20159,109811,0.0029152634
20160,21932,3.2589675e-10
20161,42491,6.5664747e-15
20162,51046,2.7685383e-20
20163,88802,3.102226e-19
20164,84236,4.797406e-11
20165,82305,0.009455685
20166,84172,1.6493353e-18
20167,114048,0.026802782
20168,7854,0.005594077
20169,31408,6.0052363e-10
20170,109850,2.1046442e-07
20171,81482,4.6773253e-06
20172,63449,4.9663656e-14
20173,80936,5.425712e-05
20174,100703,0.008091315
20175,66722,4.8501e-21
20176,94716,0.008028029
20177,43872,2.516782e-08
20178,106148,0.0014796258
20179,83710,0.0577544
20180,62084,0.0042712325
20181,59706,6.474775e-08
20182,29199,0.008028029
20183,93149,0.0043147327
20184,109935,0.17841719
20185,115057,0.057819508
20186,119,0.0031529434
20187,109575,0.008091315
20188,63379,4.087041e-06
20189,37347,0.008028029
20190,6518,4.4301046e-07
20191,81628,8.679216e-14
20192,248,2.1325162e-20
20193,16123,1.0909769e-24
20194,72830,6.5702676e-07
20195,48097,1.1469746e-21
20196,104445,0.00088262354
20197,102474,0.00077814166
20198,100304,2.8399536e-10
20199,106063,6.225495e-12
20200,82566,0.004262849
20201,51888,4.892199e-09
20202,64905,2.4294215e-08
20203,83524,3.6951227e-09
20204,61365,0.003860181
20205,26387,3.0829713e-20
20206,4099,0.0012180936
20207,7983,3.0354167e-07
20208,46010,0.06575416
20209,31667,0.0072111264
20210,53727,0.0006456536
20211,96403,2.1451272e-15
20212,10514,1.464233e-07
20213,72717,6.8855574e-19
20214,85483,0.008089195
20215,31250,0.01568494
20216,103788,0.0029152634
20217,110998,0.17894614
20218,6427,0.0002034813
20219,75066,0.001341142
20220,38319,2.7715027e-16
20221,106270,0.021416616
20222,110902,0.044725854
20223,100627,0.01036664
20224,4214,0.00066135667
20225,985,2.1952934e-08
20226,31907,2.096237e-13
20227,80650,0.005038059
20228,22107,5.364072e-12
20229,92139,0.00010891686
20230,59087,4.7056687e-06
20231,1787,3.7151388e-30
20232,110554,0.046347234
20233,103507,0.024709625
20234,74377,3.206511e-06
20235,50722,1.6465808e-19
20236,41901,0.007883797
20237,59896,3.8296857e-06
20238,104859,0.016556531
20239,80360,0.039593685
20240,15830,0.024776157
20241,101091,4.6773253e-06
20242,112997,0.00076433754
20243,61079,1.4505215e-12
20244,91610,4.6773253e-06
20245,55650,2.9766112e-16
20246,8127,4.789605e-08
20247,9381,0.0044193077
20248,1897,0.0032651408
20249,50090,4.892199e-09
20250,93156,0.010517384
20251,39320,2.914733e-08
20252,11534,2.0653613e-06
20253,880,5.897939e-11
20254,48586,0.047915254
20255,97309,0.0009993198
20256,2312,7.8886164e-10
20257,31996,2.0080163e-15
20258,43727,2.4629899e-20
20259,63080,0.0077871648
20260,53184,3.6358463e-19
20261,100223,8.444039e-05
20262,63214,6.391479e-14
20263,39338,4.1462426e-06
20264,55784,2.1699438e-13
20265,106436,0.008091315
20266,91852,0.010517384
20267,35249,2.4347448e-17
20268,75420,6.007696e-15
20269,87939,2.460682e-06
20270,93057,8.856389e-11
20271,58379,0.0022640377
20272,66710,4.7891824e-09
20273,109296,6.632379e-08
20274,83347,1.1393133e-20
20275,17775,0.00011614439
20276,54110,0.99976045
20277,54498,0.024806844
20278,16731,2.0352643e-07
20279,42636,0.0013641858
20280,62508,4.7891824e-09
20281,90813,0.08505002
20282,41148,7.779686e-18
20283,91873,0.044904742
20284,90738,2.2169708e-09
20285,50946,0.010384085
20286,70142,0.0006456536
20287,97000,5.7782495e-15
20288,101154,2.5028132e-08
20289,29694,0.0018555941
20290,49358,0.026713273
20291,73863,0.01568494
20292,17248,2.088382e-05
20293,55426,0.024806844
20294,47298,2.3710858e-07
20295,104837,2.788127e-18
20296,14115,0.09201539
20297,9236,1.2701098e-05
20298,69802,0.0013472768
20299,56090,1.2192868e-07
20300,35680,3.391921e-17
20301,58033,0.044725854
20302,11215,5.298624e-13
20303,115933,0.0013521822
20304,34532,1.3789172e-05
20305,100517,0.06282126
20306,23154,3.3049136e-10
20307,97814,0.025567163
20308,11721,6.5895484e-11
20309,58604,8.8050086e-13
20310,115052,2.8344064e-14
20311,77188,6.11076e-05
20312,96437,0.047915254
20313,18101,0.008047925
20314,40165,1.5924938e-08
20315,53450,9.383032e-06
20316,53568,9.111745e-15
20317,57504,6.391479e-14
20318,61933,0.030188166
20319,1842,4.972684e-08
20320,19306,2.6443191e-05
20321,107658,2.8344064e-14
20322,74403,3.2463243e-10
20323,46498,0.011272258
20324,62479,3.5088096e-06
20325,40056,5.1184017e-09
20326,34940,3.0829713e-20
20327,89098,3.3598395e-11
20328,98095,1.3323519e-06
20329,10916,0.013076113
20330,65497,4.7876105e-17
20331,76415,0.0403012
20332,57106,0.00712693
20333,1985,1.4452221e-08
20334,8856,0.008123187
20335,26847,2.6234486e-05
20336,4240,1.5437533e-07
20337,112620,0.029184973
20338,45944,0.001565089
20339,92718,5.48979e-12
20340,78138,1.5880804e-12
20341,18477,2.5310901e-22
20342,44434,0.008079731
20343,73910,0.01568494
20344,105671,1.2274474e-08
20345,98642,0.018110394
20346,74997,7.0503465e-06
20347,84640,0.01573186
20348,27991,3.2572766e-06
20349,26234,2.6443191e-05
20350,38346,3.2795033e-20
20351,76998,7.5578435e-05
20352,112850,0.0077562737
20353,93077,0.0004243776
20354,24753,6.500253e-08
20355,100888,3.6662418e-16
20356,38683,1.08057e-21
20357,12184,1.0926745e-27
20358,41096,1.3330184e-21
20359,106904,0.00089064584
20360,10181,0.011661306
20361,107428,2.3899446e-07
20362,115752,0.008091315
20363,52764,2.3799068e-08
20364,37163,0.041821215
20365,90153,0.05780216
20366,80205,4.6773253e-06
20367,70401,7.2639973e-13
20368,61611,0.006983701
20369,73090,0.0021957483
20370,69989,0.0014779106
20371,31359,0.014196837
20372,62833,2.8330558e-21
20373,76227,2.268595e-22
20374,18859,2.6834411e-20
20375,34016,8.0332885e-10
20376,41281,0.0021143588
20377,81363,0.02050013
20378,111197,1.7821889e-05
20379,34435,0.0002013746
20380,81548,7.357161e-15
20381,62400,0.006983701
20382,113463,0.0072366237
20383,111183,0.038324293
20384,12397,1.3455865e-21
20385,101485,0.026623527
20386,60166,4.7891824e-09
20387,57273,1.1650573e-09
20388,105523,1.4204808e-05
20389,65711,4.7817523e-09
20390,16026,0.02035345
20391,41093,0.008079731
20392,32844,0.11556551
20393,112869,5.231413e-06
20394,3423,0.011670537
20395,34646,0.0038427904
20396,94277,2.5814154e-22
20397,29618,0.025853444
20398,45926,0.06202411
20399,24089,8.697579e-21
20400,91968,0.00034638995
20401,47054,0.0009343424
20402,4043,0.0035314604
20403,91120,0.030833948
20404,14965,0.06139194
20405,16929,0.026713273
20406,2481,0.006563739
20407,47896,4.897903e-13
20408,111730,0.017673109
20409,53131,7.881097e-10
20410,3455,0.0031490463
20411,61212,0.0077562737
20412,19051,1.3842981e-19
20413,48622,0.012541158
20414,38059,4.3054956e-15
20415,46323,5.72976e-16
20416,37339,1.3422956e-13
20417,102926,8.3294886e-08
20418,98528,0.024709625
20419,91670,0.059596222
20420,100740,0.0077935676
20421,795,0.016494239
20422,101190,4.7891824e-09
20423,24182,9.945562e-08
20424,115666,0.0009103137
20425,43561,2.4629899e-20
20426,88271,0.0077935676
20427,86709,0.0014779106
20428,68874,4.8702778e-11
20429,7755,0.01422825
20430,13572,0.00020048891
20431,14801,5.812286e-18
20432,19372,1.4168141e-07
20433,70110,0.0007850549
20434,73126,0.20852888
20435,8268,2.2267943e-09
20436,1806,1.844373e-10
20437,45810,0.02558698
20438,31724,7.519427e-16
20439,14380,0.004262849
20440,98366,0.05780216
20441,79379,1.1279147e-06
20442,49126,0.016494239
20443,35809,1.0488698e-17
20444,112571,2.2702554e-06
20445,44737,0.01568494
20446,2854,5.1783747e-05
20447,39497,5.155958e-28
20448,27877,0.020164473
20449,91498,2.4252813e-06
20450,72950,0.047915254
20451,75402,4.6773253e-06
20452,23971,6.787938e-20
20453,26584,0.016525099
20454,83336,0.02471286
20455,79808,2.3349665e-19
20456,38823,0.004262849
20457,107185,2.5946113e-17
20458,38246,1.3341755e-10
20459,38714,1.7803795e-18
20460,101843,1.7096988e-20
20461,55093,0.0038427904
20462,35271,0.009132841
20463,12766,1.0926745e-27
20464,36353,0.332036
20465,22545,0.010881814
20466,6916,1.3972712e-17
20467,6314,7.8886164e-10
20468,66838,5.071879e-21
20469,10099,1.064618e-06
20470,58029,0.0006456536
20471,21242,0.11045558
20472,109687,0.008091315
20473,16935,0.05121239
20474,25476,3.7300335e-16
20475,69824,0.0509507
20476,66325,2.2820108e-17
20477,74092,5.4423194e-06
20478,87799,0.047915254
20479,57172,0.016494239
20480,51328,0.036421
20481,105136,0.055597
20482,72769,0.0013494677
20483,72616,0.00035675731
20484,55571,1.4526082e-13
20485,84425,1.589081e-11
20486,19545,0.053829044
20487,82331,0.009092403
20488,92928,0.030833948
20489,98601,0.048003506
20490,14841,0.0024774582
20491,112798,0.030200627
20492,78922,6.1724546e-07
20493,105776,0.008091315
20494,67532,0.032263808
20495,10708,6.4791232e-12
20496,52588,0.01568494
20497,114418,0.042376153
20498,84579,0.0006456536
20499,87198,7.6112056e-14
20500,689,3.0285058e-17
20501,12670,0.024790043
20502,85531,6.150772e-08
20503,38865,1.411319e-06
20504,98083,1.6910204e-10
20505,59106,0.06907045
20506,59437,1.6493353e-18
20507,95673,1.0683729e-12
20508,11980,1.0467998e-16
20509,79684,2.8008113e-05
20510,11686,3.5030943e-08
20511,48887,0.0509507
20512,103957,1.1446871e-16
20513,63692,0.027940152
20514,107587,2.2381264e-19
20515,72539,4.6773253e-06
20516,5155,0.0011522636
20517,4088,0.0031529434
20518,82374,0.0008937112
20519,12096,0.016494239
20520,96683,0.0014779106
20521,17989,1.0887177e-27
20522,85196,0.008089195
20523,86495,0.0038427904
20524,31837,6.966858e-18
20525,30292,1.1376604e-17
20526,25309,0.003860181
20527,52507,3.3776446e-06
20528,27801,0.003860181
20529,12971,5.296549e-18
20530,9913,3.6565925e-06
20531,79731,5.48979e-12
20532,51708,0.00010323611
20533,100317,0.00067609927
20534,100197,0.013547115
20535,51463,0.033706147
20536,83202,0.0038987673
20537,8990,0.033774532
20538,73447,4.6773253e-06
20539,76177,1.2167922e-05
20540,31400,4.9895457e-09
20541,83389,0.016494239
20542,58790,0.013828899
20543,47369,1.11456085e-13
20544,88191,0.000113770446
20545,67246,0.02680864
20546,8317,6.059916e-09
20547,84082,0.051038433
20548,68628,3.3788903e-05
20549,111039,0.060091816
20550,37310,0.007791001
20551,86087,0.0038987673
20552,65740,4.7817523e-09
20553,44181,4.24272e-07
20554,63325,1.1183923e-16
20555,62009,0.032263808
20556,8174,7.676922e-09
20557,51281,4.7056687e-06
20558,54114,0.028968716
20559,10685,0.0032681127
20560,100694,0.024709625
20561,94549,0.06248945
20562,7949,1.8586704e-06
20563,33379,0.016556531
20564,113836,8.263502e-05
20565,61734,3.5088096e-06
20566,11650,6.4791232e-12
20567,96357,0.042199478
20568,115934,0.013195704
20569,105895,0.0074967635
20570,77133,1.989945e-14
20571,43887,3.8421875e-09
20572,21285,3.9742205e-09
20573,80492,1.1393133e-20
20574,89254,5.9621425e-17
20575,69702,0.0005574171
20576,17021,2.2499689e-16
20577,78003,1.6493353e-18
20578,7108,0.0062888265
20579,45161,0.12383192
20580,35163,2.8407184e-13
20581,32839,2.6234486e-05
20582,97036,2.327217e-15
20583,71037,6.255992e-05
20584,25218,9.521465e-13
20585,72891,0.0006456536
20586,70614,0.005693995
20587,75216,0.025853444
20588,101566,0.044960506
20589,125,1.9106892e-09
20590,34886,0.024806844
20591,18806,0.007883797
20592,5614,1.4445652e-07
20593,3286,6.2667475e-17
20594,18137,7.990879e-22
20595,27369,0.008153063
20596,38413,0.008079731
20597,68,0.003849625
20598,73862,1.7281844e-06
20599,108946,0.044960506
20600,87181,1.1496113e-14
20601,111833,0.00017232032
20602,41354,0.003860181
20603,74169,0.07777989
20604,50076,1.701709e-12
20605,79223,1.7550583e-11
20606,80125,0.0006942356
20607,71810,0.001001919
20608,78673,5.425712e-05
20609,5099,8.718804e-14
20610,4265,0.065056875
20611,60,3.9088036e-08
20612,22713,0.015370175
20613,111247,1.4220148e-13
20614,7362,0.0022766297
20615,21924,4.026922e-21
20616,67576,0.0049418784
20617,58144,4.6773253e-06
20618,68710,0.0014779106
20619,2379,0.0062888265
20620,73385,9.990469e-08
20621,51650,0.025853444
20622,48765,0.0019551476
20623,48290,1.4212852e-17
20624,32006,5.5579047e-08
20625,56294,1.4431913e-06
20626,83445,0.0014779106
20627,34604,0.026713273
20628,50092,0.016494239
20629,3129,1.4818927e-07
20630,10232,1.8498874e-07
20631,60438,0.0034607893
20632,11732,1.9845676e-07
20633,53108,1.9229628e-20
20634,64926,1.3443511e-12
20635,112910,0.0012421476
20636,36391,0.0038427904
20637,36462,0.0077562737
20638,75707,0.006723651
20639,47048,0.0267177
20640,104666,7.3197094e-07
20641,55083,0.013828899
20642,17442,1.0909769e-24
20643,96079,4.6773253e-06
20644,80947,5.6277786e-05
20645,98445,0.048003506
20646,18922,6.187313e-10
20647,92365,0.008089195
20648,106452,3.8887218e-10
20649,111816,9.511337e-13
20650,75476,0.0403012
20651,93584,6.603535e-20
20652,87113,3.0145914e-11
20653,50920,0.025576562
20654,33186,0.008028029
20655,22566,0.007791001
20656,41188,0.019711273
20657,64995,1.5757486e-16
20658,81850,0.0014779106
20659,54695,1.6903551e-11
20660,95277,1.12344335e-14
20661,92012,0.0011664907
20662,17521,6.390559e-12
20663,19138,4.9645246e-07
20664,57698,1.4350175e-12
20665,70649,2.0219931e-20
20666,69098,0.00050439074
20667,68835,0.02471286
20668,54359,0.012955744
20669,102704,1.5197122e-07
20670,80447,0.0018462657
20671,78107,7.423923e-22
20672,17047,1.2445096e-09
20673,102916,5.7707744e-10
20674,76252,0.00047763984
20675,95900,0.00048933655
20676,29784,0.00800223
20677,21048,0.0509507
20678,57275,1.2285832e-12
20679,101808,7.9852594e-05
20680,70543,0.025592234
20681,100617,1.03977885e-17
20682,115759,7.9123635e-07
20683,2049,4.8316657e-08
20684,37424,0.008776354
20685,43519,4.048609e-07
20686,25027,3.8296857e-06
20687,20521,0.22253428
20688,31488,0.003860181
20689,25243,2.5156779e-23
20690,31885,1.702449e-05
20691,2417,0.013572928
20692,39961,7.417512e-18
20693,38856,0.007200391
20694,67598,0.010517384
20695,4199,7.986012e-06
20696,80691,4.8161987e-06
20697,8683,2.8948524e-09
20698,87743,0.0019666015
20699,88932,2.6846308e-11
20700,11067,1.7709847e-10
20701,3200,3.4226089e-09
20702,35131,4.892199e-09
20703,96603,0.05780216
20704,3637,1.4524401e-08
20705,110513,1.4204808e-05
20706,21844,0.008079731
20707,38689,0.003860181
20708,53723,1.5676483e-24
20709,13110,1.0926745e-27
20710,13895,0.01568494
20711,48257,1.5896161e-07
20712,35092,0.04179281
20713,75121,1.2825578e-21
20714,67056,0.0064111045
20715,19573,0.007768419
20716,54445,3.685162e-07
20717,86694,1.5556843e-05
20718,36163,8.211319e-17
20719,25363,4.9895457e-09
20720,12146,0.03616825
20721,15046,0.001266977
20722,59447,0.047915254
20723,40462,4.2433214e-16
20724,87183,1.1715025e-05
20725,57206,0.0403012
20726,7750,5.2059763e-06
20727,83901,0.006891227
20728,105781,0.007883797
20729,113099,2.092523e-12
20730,107062,1.6615726e-12
20731,96285,3.5427913e-16
20732,77544,0.008089195
20733,109635,0.057819508
20734,83130,0.016494239
20735,31220,0.003860181
20736,75974,1.1393133e-20
20737,71309,0.0403012
20738,27315,0.016525099
20739,99618,0.0077935676
20740,42957,5.503299e-25
20741,36758,4.7627723e-06
20742,19493,4.2590577e-07
20743,33403,5.8391003e-21
20744,96574,0.0038637838
20745,36528,6.3140546e-21
20746,11080,0.00330176
20747,91412,5.067609e-12
20748,107934,1.5583752e-06
20749,35556,0.016494239
20750,60860,0.123743504
20751,96606,0.030011307
20752,106552,1.1963272e-05
20753,28104,0.035262115
20754,56608,0.00527734
20755,79786,0.016494239
20756,5966,1.094136e-09
20757,54453,1.233488e-16
20758,31417,0.015317024
20759,78426,0.010696982
20760,56414,0.008028029
20761,73594,0.0008937112
20762,95156,0.07093826
20763,4591,0.00017986688
20764,24773,0.00025526452
20765,71089,1.3363923e-16
20766,68338,7.423923e-22
20767,56443,0.0509507
20768,78867,1.6465808e-19
20769,95456,0.008028029
20770,60932,0.001341142
20771,32360,0.04190564
20772,39840,0.007791001
20773,11666,0.14031051
20774,4549,0.025853444
20775,88134,4.4787185e-21
20776,55505,0.00047791377
20777,54755,1.4158924e-21
20778,53975,1.4158924e-21
20779,76133,2.3244518e-20
20780,6147,6.532986e-10
20781,31516,3.1778948e-16
20782,9013,0.001692375
20783,100745,0.042376153
20784,25847,3.5197558e-09
20785,34077,1.233488e-16
20786,29646,2.3810056e-08
20787,28620,1.00524336e-08
20788,109153,2.0484283e-20
20789,18623,0.0509507
20790,108867,1.775749e-08
20791,45323,0.007883797
20792,9633,1.5437533e-07
20793,34334,0.001233113
20794,56900,0.00089070055
20795,32541,0.003860181
20796,78282,2.3245864e-05
20797,62697,2.4748619e-05
20798,101063,0.0054015
20799,65105,1.989945e-14
20800,72310,0.0403012
20801,43852,0.008079731
20802,60260,1.1842168e-17
20803,73334,0.026713273
20804,20237,0.013828899
20805,81658,0.015734917
20806,52124,0.0013494677
20807,84774,2.787732e-06
20808,14562,2.0895122e-23
20809,100444,2.7987832e-18
20810,75385,1.0210386e-08
20811,63733,4.087041e-06
20812,39047,2.5547433e-12
20813,103159,0.010556085
20814,60745,0.008028029
20815,72027,0.042199478
20816,22691,4.7627723e-06
20817,68773,2.588567e-20
20818,35264,0.00016139308
20819,82776,0.0038637838
20820,104068,8.041262e-17
20821,93535,0.025592234
20822,37976,1.650398e-19
20823,82569,0.044725854
20824,5183,1.844373e-10
20825,16472,6.115682e-14
20826,62165,4.589777e-13
20827,72524,0.0021143588
20828,37980,0.0052226544
20829,104899,1.4189058e-11
20830,66636,4.373538e-08
20831,71142,4.7304085e-09
20832,80671,5.5423293e-13
20833,13433,9.277598e-25
20834,97160,0.005038059
20835,74738,0.0043147327
20836,2869,0.0017362648
20837,100424,7.218506e-05
20838,32737,0.005038059
20839,68883,0.0038637838
20840,82920,0.0038987673
20841,1342,2.9893488e-07
20842,80335,4.7891824e-09
20843,115254,0.043045577
20844,90301,1.8094863e-10
20845,42143,0.00034856555
20846,93358,0.0039042355
20847,19309,2.3356293e-16
20848,23145,6.996077e-17
20849,28112,8.29283e-14
20850,109065,0.006964409
20851,66494,1.6946307e-17
20852,39150,5.9383832e-15
20853,106879,3.2168844e-11
20854,49964,3.3691333e-10
20855,460,2.3720734e-10
20856,28533,3.1389142e-19
20857,47852,9.070051e-17
20858,95275,0.015743928
20859,66368,1.0071244e-15
20860,48493,8.597526e-14
20861,27639,7.9352615e-14
20862,91902,3.4631367e-10
20863,85978,0.047915254
20864,66737,9.902768e-11
20865,886,1.0307542e-07
20866,80085,1.2533282e-05
20867,81374,1.1900344e-12
20868,85400,0.008089195
20869,10551,6.4791232e-12
20870,87411,0.06695331
20871,97026,0.065455586
20872,52328,1.7313683e-15
20873,72722,0.010881814
20874,91218,0.00712693
20875,76914,4.14909e-09
20876,102585,4.1191728e-05
20877,85106,4.6773253e-06
20878,76355,1.6809958e-15
20879,84960,1.1740441e-14
20880,11285,9.202981e-09
20881,94032,1.2167922e-05
20882,60112,0.03840461
20883,80423,0.025799757
20884,42027,0.0057043466
20885,55585,2.8297406e-13
20886,23780,0.010517384
20887,47324,3.1215202e-09
20888,21577,0.0577544
20889,74910,0.0004332336
20890,59566,1.4152146e-10
20891,31176,0.008028029
20892,28490,3.6807045e-08
20893,58659,0.029361214
20894,101197,2.4397486e-05
20895,98404,0.0019666015
20896,22023,8.963568e-23
20897,47690,1.4212852e-17
20898,82227,0.00084511004
20899,46769,0.01568494
20900,11189,0.013557728
20901,9580,4.444331e-10
20902,49172,0.026713273
20903,88179,0.008089195
20904,93293,0.015743928
20905,54411,1.0129818e-21
20906,75563,1.5868183e-15
20907,11104,3.9683213e-12
20908,70084,0.047915254
20909,86066,0.016494239
20910,58534,1.1933952e-10
20911,25173,0.016525099
20912,111241,2.6485025e-09
20913,115932,0.006014983
20914,39719,0.005038059
20915,95387,0.0029160744
20916,37483,1.2716387e-16
20917,19017,3.2758233e-15
20918,112660,0.006755252
20919,11156,3.1948194e-13
20920,8963,0.0062888265
20921,62588,0.0034607893
20922,19891,5.2996078e-05
20923,59705,0.0001477232
20924,28473,5.4620886e-13
20925,53087,0.025853444
20926,47789,0.02283054
20927,14632,2.834381e-09
20928,4250,1.5778603e-05
20929,89119,0.006891227
20930,47278,0.010517384
20931,86690,0.008089195
20932,92978,0.0005001208
20933,14318,4.318333e-19
20934,23964,1.525603e-23
20935,46837,7.519427e-16
20936,1974,0.0003182616
20937,18709,2.4700657e-20
20938,9869,5.985633e-11
20939,68729,1.8094863e-10
20940,103146,0.029184973
20941,21177,4.3939123e-09
20942,61616,5.177352e-17
20943,34348,1.4529702e-06
20944,14943,0.011304136
20945,16947,2.0542666e-27
20946,108478,0.009092403
20947,81815,0.055597
20948,79639,3.2502165e-09
20949,83839,0.0043147327
20950,81460,5.25498e-06
20951,104419,0.025592234
20952,104311,0.008091315
20953,54633,4.0123592e-19
20954,78723,0.004700935
20955,91690,0.018354623
20956,12229,2.169026e-27
20957,84344,0.03348353
20958,11959,1.0930573e-21
20959,69181,9.926288e-12
20960,74635,1.3957849e-17
20961,52992,0.0074967635
20962,78148,2.9406753e-09
20963,61420,0.00712693
20964,64768,4.5826263e-11
20965,112769,0.0077562737
20966,11620,2.1651902e-06
20967,64490,6.2267e-29
20968,46638,2.6234486e-05
20969,20116,4.3780332e-07
20970,7655,8.672936e-12
20971,65538,5.591564e-17
20972,47917,4.0971455e-21
20973,109518,0.0014796258
20974,90425,0.0077935676
20975,106696,0.00028789026
20976,107596,0.005804813
20977,56452,0.00052319065
20978,85815,5.25498e-06
20979,11781,0.0577544
20980,32759,4.4648855e-13
20981,10190,0.033774532
20982,66562,0.0029160744
20983,37907,5.077816e-16
20984,11452,1.2925497e-11
20985,94098,1.5558534e-15
20986,17935,1.0909769e-24
20987,31008,0.009132841
20988,108621,6.391479e-14
20989,42678,0.01568494
20990,115523,2.1419892e-07
20991,57949,0.0038427904
20992,5691,2.9625298e-09
20993,93349,1.6294692e-08
20994,32185,1.4445721e-15
20995,115248,0.00081616663
20996,88905,0.007950903
20997,114698,0.06282126
20998,111939,0.04818268
20999,90339,0.0077935676
21000,16538,1.3415174e-13
21001,48158,2.0219931e-20
21002,35344,6.4061867e-10
21003,102929,0.008091315
21004,79045,0.0403012
21005,58333,0.008028029
21006,44644,1.4189602e-06
21007,37156,0.008079731
21008,36643,0.0005868798
21009,43225,0.006983701
21010,76011,2.3279535e-08
21011,65595,0.0020933005
21012,31279,0.03446149
21013,38000,5.6061845e-13
21014,94878,6.280617e-13
21015,2548,0.0005726033
21016,98461,1.4094989e-09
21017,112007,0.0038637838
21018,1300,1.4167716e-08
21019,47548,0.057786684
21020,95445,0.0073351352
21021,10489,2.0653613e-06
21022,77086,2.4863332e-14
21023,83648,2.9153362e-06
21024,106111,3.0037518e-13
21025,81801,0.0038987673
21026,82128,0.0014779106
21027,72385,5.983978e-22
21028,97965,3.2163155e-21
21029,68152,0.029672049
21030,69761,9.450206e-15
21031,44454,1.1183923e-16
21032,24550,2.4748619e-05
21033,14840,7.84474e-11
21034,115373,0.0030847096
21035,58806,5.4423194e-06
21036,48508,0.016494239
21037,28289,0.0021339823
21038,10385,0.0031529434
21039,45532,6.255992e-05
21040,54059,4.996252e-08
21041,8321,1.844373e-10
21042,87659,1.3777358e-09
21043,30577,0.0002052547
21044,103624,7.270409e-06
21045,16520,3.0149932e-19
21046,71353,1.9748097e-05
21047,63935,4.6643395e-10
21048,24227,9.207264e-06
21049,79946,0.06248945
21050,87501,0.0013357647
21051,31678,2.0906904e-17
21052,36593,1.860053e-16
21053,110652,0.035440825
21054,89033,3.9871764e-15
21055,6363,1.5961863e-06
21056,21872,0.00037859313
21057,107639,0.010659237
21058,20701,5.72976e-16
21059,97376,1.0955899e-16
21060,51028,1.3085088e-05
21061,26010,0.024185138
21062,50550,0.025853444
21063,35448,0.025592234
21064,8110,6.8480904e-07
21065,42719,3.057241e-13
21066,113283,0.013195704
21067,42051,0.02207755
21068,104179,0.03567427
21069,12231,2.191853e-24
21070,13021,0.016494239
21071,96853,0.00046739265
21072,101735,0.00046739265
21073,6614,0.05781429
21074,77376,0.02471286
21075,33454,0.00011297004
21076,109870,0.008091315
21077,8637,9.202981e-09
21078,303,0.03616825
21079,24809,3.7822948e-13
21080,84557,0.03847054
21081,105712,6.650402e-13
21082,13398,2.9604305e-07
21083,62287,0.0038427904
21084,38171,2.8166605e-07
21085,87250,0.0077935676
21086,97685,1.6097734e-06
21087,94786,0.047915254
21088,104970,0.010903423
21089,46189,9.130457e-09
21090,47253,7.547036e-07
21091,12723,8.3157465e-05
21092,73164,0.008089195
21093,6091,1.513948e-06
21094,57876,0.047915254
21095,7528,0.0031529434
21096,1287,0.07549378
21097,10867,1.6380142e-07
21098,22096,5.890537e-20
21099,64403,0.0029160744
21100,114882,0.0006448873
21101,59948,3.533181e-09
21102,110863,9.052416e-11
21103,4353,8.56465e-09
21104,46849,0.007791001
21105,61824,0.0403012
21106,3635,2.330609e-09
21107,25519,0.003860181
21108,5230,1.4588069e-11
21109,65491,3.5727865e-07
21110,83735,0.0005740066
21111,46416,0.007883797
21112,110969,0.009710815
21113,31353,1.6368196e-05
21114,78503,0.0013494677
21115,51323,0.0013494677
21116,44518,0.016525099
21117,33974,7.441589e-14
21118,22236,3.7300335e-16
21119,107672,2.4532044e-17
21120,37984,4.3894057e-09
21121,31650,2.4159428e-07
21122,111271,3.7954697e-09
21123,77481,0.015317024
21124,16548,0.0006956626
21125,86686,0.0006456536
21126,64965,2.0541573e-05
21127,70811,4.020501e-16
21128,10077,1.8055705e-07
21129,26189,0.00059332605
21130,71623,0.008089195
21131,40887,3.8406515e-07
21132,43009,6.5071227e-24
21133,74977,0.026637876
21134,21630,7.6178055e-20
21135,94618,0.0009967345
21136,3219,0.07549378
21137,56316,0.0014099019
21138,15244,2.0604785e-08
21139,28173,1.7264145e-16
21140,89347,3.2577968e-19
21141,58306,4.2111757e-12
21142,25016,5.2076933e-11
21143,95617,6.7467414e-11
21144,39002,1.7141108e-08
21145,56307,0.00088066544
21146,30647,1.39413645e-08
21147,16883,3.51274e-06
21148,86784,0.012813419
21149,113771,0.008058755
21150,59134,1.2342393e-19
21151,11564,0.0023848622
21152,11328,0.006265647
21153,77896,0.0005574171
21154,27058,5.271906e-06
21155,17177,1.0709937e-10
21156,5472,0.024790043
21157,69482,0.0006456536
21158,18521,1.3026605e-05
21159,56391,0.0038427904
21160,60898,2.2907589e-17
21161,93949,1.0068657e-10
21162,22646,1.885894e-10
21163,113592,0.017673109
21164,14014,3.682282e-13
21165,40169,0.013828899
21166,43823,0.020164473
21167,42608,0.0013641858
21168,40351,0.012986035
21169,39266,0.006983701
21170,76452,6.668779e-10
21171,18332,0.013828899
21172,71515,0.0038637838
21173,72873,0.0020733904
21174,59935,0.0007850549
21175,11087,0.0035321566
21176,75580,1.1393133e-20
21177,104682,0.0033853932
21178,30238,1.4084491e-19
21179,77480,0.0014779106
21180,67894,1.0955899e-16
21181,31745,1.16131195e-17
21182,103251,4.6773253e-06
21183,16668,0.024776157
21184,106798,1.4090627e-10
21185,84815,0.0038637838
21186,72002,0.008089195
21187,95212,0.042376153
21188,70548,0.016494239
21189,42436,0.03847054
21190,5107,2.0284554e-09
21191,88511,5.494624e-29
21192,72945,4.8089758e-15
21193,17186,2.3003674e-15
21194,96367,0.005345043
21195,80345,0.048003506
21196,29936,2.300004e-18
21197,55528,5.6403675e-05
21198,84531,0.0006456536
21199,32857,0.016556531
21200,105659,0.0020933005
21201,81138,3.3776446e-06
21202,14873,3.9918473e-06
21203,108430,0.0136319995
21204,59206,0.055597
21205,78730,6.603535e-20
21206,4125,3.1029543e-07
21207,36702,2.6234486e-05
21208,52144,2.6455294e-20
21209,98478,6.446721e-14
21210,42323,6.793389e-05
21211,115068,0.052883994
21212,87486,0.016494239
21213,104045,0.021416616
21214,1745,0.0065901084
21215,45327,3.6807045e-08
21216,27115,0.19041821
21217,102262,4.268109e-17
21218,58848,5.99942e-10
21219,14890,4.99929e-13
21220,47162,1.858356e-18
21221,15823,3.309585e-08
21222,107682,4.6773253e-06
21223,7901,0.00037575368
21224,108811,5.1068885e-19
21225,80252,0.0008937112
21226,40227,1.3851397e-07
21227,110986,0.00082397595
21228,7442,8.301939e-08
21229,105293,1.5915205e-10
21230,59162,0.0006956626
21231,12757,0.004262849
21232,36001,0.0038427904
21233,16166,1.8552437e-05
21234,75033,2.2258591e-10
21235,95300,2.0418935e-17
21236,9687,0.0031529434
21237,1053,0.0018089174
21238,112979,7.75746e-07
21239,85772,2.283177e-10
21240,35148,2.1663541e-07
21241,93331,0.016539916
21242,57452,0.006314993
21243,45832,0.006983701
21244,90548,0.016539916
21245,26312,0.0014636422
21246,101719,3.6662418e-16
21247,94780,4.635101e-06
21248,48187,1.5119798e-06
21249,11393,0.00037575368
21250,23575,3.943761e-06
21251,107208,1.1943093e-12
21252,17246,3.0285058e-17
21253,113682,1.0115872e-22
21254,68785,0.047915254
21255,112815,2.7360767e-07
21256,111036,0.004273326
21257,63925,4.0874615e-06
21258,12250,1.7435162e-16
21259,110473,2.644994e-13
21260,96904,0.0038637838
21261,18256,0.008047925
21262,55121,2.49584e-11
21263,60444,0.0006456536
21264,85981,2.8405464e-12
21265,65794,4.7817523e-09
21266,95142,0.008028029
21267,11698,4.994824e-05
21268,12377,1.2884752e-16
21269,55861,0.009132841
21270,13106,7.77156e-10
21271,105710,1.2987122e-12
21272,15014,8.526564e-34
21273,42884,0.007791001
21274,115179,5.691426e-07
21275,43442,0.007791001
21276,5689,1.5234329e-09
21277,23864,1.4212852e-17
21278,41479,1.3162353e-09
21279,88175,0.047915254
21280,115442,0.025682218
21281,19222,0.004262849
21282,10357,0.0017362167
21283,55756,8.682304e-12
21284,19725,2.8954508e-15
21285,8978,1.2267808e-11
21286,76677,0.008089195
21287,76457,8.679216e-14
21288,107401,0.026463047
21289,112191,3.2523673e-21
21290,86349,1.4965502e-10
21291,65243,1.4200383e-25
21292,37168,0.016556531
21293,113774,8.041262e-17
21294,15531,0.0034607893
21295,25272,0.0054120566
21296,1406,6.77855e-11
21297,51027,6.477872e-06
21298,72381,0.026994737
21299,14476,1.0708064e-24
21300,48011,4.456482e-08
21301,112557,1.5038897e-14
21302,20666,2.6834411e-20
21303,53921,0.016494239
21304,66812,4.7891824e-09
21305,55267,9.758011e-05
21306,62760,0.0509507
21307,95946,0.0047046267
21308,892,0.0048364326
21309,110994,4.3128685e-11
21310,79521,1.1528974e-12
21311,115260,0.0038427904
21312,89625,1.0177808e-06
21313,107553,8.356401e-15
21314,109174,0.0074967635
21315,83820,0.006964409
21316,70384,0.0013494677
21317,54903,1.5110965e-20
21318,39945,0.008079731
21319,106685,4.613693e-10
21320,44043,0.0013571137
21321,55115,0.0077562737
21322,15293,0.08299489
21323,82002,1.1465007e-16
21324,91648,0.0006456536
21325,29614,0.005038059
21326,59920,0.044231094
21327,45517,8.349303e-06
21328,99868,2.303681e-06
21329,57184,2.4347448e-17
21330,102768,0.0070778257
21331,65242,0.001341142
21332,47860,0.00026020233
21333,90662,2.1239424e-05
21334,48938,2.4748619e-05
21335,80678,0.00016252566
21336,106473,3.0854085e-19
21337,64304,1.9670357e-10
21338,89876,0.0038427904
21339,79126,0.013195704
21340,99417,5.4402724e-14
21341,45618,7.0503465e-06
21342,94257,0.005038059
21343,36839,0.019323386
21344,75086,0.0004332336
21345,21998,1.4597629e-13
21346,68943,0.020329589
21347,29722,0.0817255
21348,35858,0.0038427904
21349,6989,4.789605e-08
21350,35202,0.004262849
21351,10008,0.00033351654
21352,5801,3.824362e-09
21353,73788,7.423923e-22
21354,22555,0.0001526028
21355,100386,7.380946e-07
21356,103007,0.06845318
21357,26962,1.4409081e-13
21358,60495,0.00016252566
21359,115694,2.793801e-11
21360,53372,5.9606083e-28
21361,62472,0.016494239
21362,58425,0.059635594
21363,45773,0.0034809986
21364,48300,2.9833372e-11
21365,75198,0.02579965
21366,13709,0.24144693
21367,4594,0.024790043
21368,56071,0.0038427904
21369,92046,0.055597
21370,79686,8.115604e-14
21371,48516,2.4347448e-17
21372,12378,2.293169e-27
21373,82853,4.6773253e-06
21374,106041,2.1544279e-06
21375,40668,5.5350425e-12
21376,50514,0.00012445323
21377,34861,0.059635594
21378,24333,0.0065901084
21379,68696,2.5681642e-08
21380,72644,0.0014779106
21381,62340,5.675177e-10
21382,6380,1.0568676e-07
21383,108056,3.9705864e-07
21384,97830,0.0019666015
21385,106691,4.2015778e-13
21386,93991,0.020338738
21387,71612,7.423923e-22
21388,11144,7.170901e-07
21389,88309,0.002915908
21390,61304,0.030188166
21391,60085,3.6358463e-19
21392,76288,1.4873516e-12
21393,39039,0.015370175
21394,114264,0.013195704
21395,22669,1.4338399e-21
21396,8478,2.3406937e-10
21397,107771,2.0665997e-26
21398,78597,0.008089195
21399,49197,0.01036664
21400,9960,1.4488535e-09
21401,106044,0.0014198404
21402,72414,0.008089195
21403,81667,2.6590478e-19
21404,10152,0.0017362167
21405,94323,0.047915254
21406,72298,0.005038059
21407,18774,0.008047925
21408,113061,0.0014796258
21409,105409,0.0014395164
21410,106735,9.546759e-17
21411,48480,0.0072111264
21412,80324,6.11076e-05
21413,8300,6.2967027e-09
21414,107642,2.8080251e-09
21415,47748,0.0509507
21416,32080,4.7353794e-14
21417,80550,3.677826e-16
21418,108349,1.200967e-10
21419,80735,0.0020921822
21420,101471,4.46644e-11
21421,19801,8.310645e-10
21422,49039,0.004262849
21423,19226,2.6834411e-20
21424,112177,0.000535896
21425,15268,2.932004e-10
21426,115219,4.0299445e-16
21427,31615,2.1747533e-10
21428,115288,0.008028029
21429,113319,0.029135652
21430,48831,0.008028029
21431,92122,0.0006942356
21432,31194,0.02558698
21433,55248,1.9724975e-11
21434,86531,0.00024325999
21435,111584,0.00023237643
21436,105388,0.005038059
21437,42150,0.0005106335
21438,24423,1.6848724e-16
21439,67730,0.00069746416
21440,108743,1.0377195e-07
21441,89805,9.9313314e-05
21442,7585,0.0035321566
21443,39928,8.559167e-08
21444,98402,0.04524538
21445,54499,0.0013494677
21446,2313,0.0011549102
21447,52284,4.7056687e-06
21448,44886,0.010384085
21449,98236,8.446668e-11
21450,100366,0.016539916
21451,98672,0.044904742
21452,85163,0.004262849
21453,2337,0.00091578695
21454,24488,6.450135e-05
21455,24714,3.5088096e-06
21456,88930,3.562171e-08
21457,106870,0.0006456536
21458,58322,0.042199478
21459,67958,0.029361214
21460,63757,1.5745239e-06
21461,71830,1.1907685e-22
21462,18145,2.0087857e-12
21463,28372,2.2872898e-19
21464,45281,7.57379e-28
21465,15448,1.033433e-08
21466,90623,3.4358293e-12
21467,113485,0.0003534846
21468,17330,1.4991673e-10
21469,16042,2.0352643e-07
21470,37469,6.99056e-08
21471,9405,5.7817758e-08
21472,19659,1.0956497e-05
21473,97078,0.048003506
21474,7458,9.158547e-06
21475,93162,0.0014779106
21476,13637,8.3157465e-05
21477,75725,7.700036e-05
21478,73961,3.982279e-09
21479,55315,6.190451e-05
21480,5049,0.0017362167
21481,66142,6.1128663e-12
21482,111168,6.470281e-27
21483,80093,0.044725854
21484,48890,9.688235e-15
21485,103277,5.4402724e-14
21486,97751,0.008091315
21487,32521,3.3009105e-08
21488,62599,8.985442e-16
21489,27510,1.1414862e-09
21490,67738,0.0077935676
21491,50695,0.0038427904
21492,10224,0.0031529434
21493,83500,0.005693995
21494,95884,0.0039042355
21495,24165,0.008079731
21496,102748,0.047915254
21497,26439,0.00712693
21498,16639,6.4949374e-19
21499,90356,0.029361214
21500,53287,2.1035521e-19
21501,101569,0.019647213
21502,102664,0.015743928
21503,48099,0.0403012
21504,30486,0.008028029
21505,4969,0.3332585
21506,72684,0.0005574171
21507,67329,0.008089195
21508,96713,3.1910665e-14
21509,101145,3.9283864e-07
21510,26006,3.4705863e-08
21511,11026,1.5437533e-07
21512,43787,0.003860181
21513,109,9.202981e-09
21514,88605,2.2847406e-14
21515,12259,0.21081
21516,111144,0.0047083725
21517,94112,0.024709625
21518,85281,9.5666126e-20
21519,87598,2.2847406e-14
21520,19393,9.911343e-08
21521,111392,3.6662418e-16
21522,11304,2.3699224e-06
21523,8537,2.2890299e-09
21524,42365,5.25498e-06
21525,12322,1.4086575e-13
21526,28857,3.7288114e-06
21527,66594,5.403942e-05
21528,103973,9.200051e-07
21529,77637,0.030200627
21530,54172,2.0162227e-14
21531,16062,1.3707545e-22
21532,86055,0.002091592
21533,36006,2.6234486e-05
21534,101622,3.2285847e-13
21535,8032,1.7422733e-08
21536,105475,5.5804337e-12
21537,112426,7.0715256e-10
21538,105414,0.051038433
21539,53396,0.0014372249
21540,40130,6.1989944e-14
21541,77691,3.4988178e-17
21542,16672,1.9270618e-11
21543,98969,7.380946e-07
21544,78652,3.5088096e-06
21545,89245,3.677826e-16
21546,8430,0.0031529434
21547,111278,1.4027407e-16
21548,34020,2.6234486e-05
21549,29647,2.3586658e-17
21550,77394,0.0038427904
21551,95110,3.0990895e-13
21552,96632,2.1137986e-28
21553,55860,0.026713273
21554,13679,1.0539915e-10
21555,67499,0.0034482498
21556,31901,0.0066804676
21557,78198,0.0006456536
21558,14627,0.010517384
21559,5307,1.74194e-07
21560,24628,1.4212852e-17
21561,57964,0.0007850549
21562,78599,8.163884e-15
21563,48206,0.026637876
21564,14829,0.025535604
21565,75730,0.015734917
21566,109741,1.3955885e-06
21567,87191,1.233488e-16
21568,46965,4.7127453e-14
21569,99554,0.0077935676
21570,44486,4.831882e-06
21571,87028,5.25498e-06
21572,98097,1.4158924e-21
21573,96677,7.7063063e-13
21574,18188,2.7339668e-13
21575,80776,4.6773253e-06
21576,43083,0.003860181
21577,32969,0.27919546
21578,24233,5.1213483e-10
21579,39890,4.491578e-24
21580,72863,0.006891227
21581,112884,0.026802782
21582,72703,0.008089195
21583,41672,0.04179281
21584,61488,8.8050086e-13
21585,51456,0.008795439
21586,73907,9.379732e-05
21587,112189,0.03676453
21588,60067,0.00088066544
21589,87439,0.0077935676
21590,77348,0.005038059
21591,66729,5.911156e-20
21592,93660,4.892199e-09
21593,38974,2.1452967e-17
21594,95138,3.3776446e-06
21595,64421,0.001341142
21596,107679,0.008091315
21597,44601,0.06139194
21598,101448,4.6773253e-06
21599,41829,6.1941094e-19
21600,17766,1.6959028e-19
21601,104671,0.0013397379
21602,34533,1.2285832e-12
21603,80720,0.0006456536
21604,12582,1.986764e-32
21605,32289,7.57379e-28
21606,38149,2.588567e-20
21607,107889,0.00081616663
21608,34693,0.01036664
21609,15213,4.1142318e-14
21610,15479,0.00078866864
21611,88186,0.0006456536
21612,24986,0.00027954948
21613,88497,7.91812e-13
21614,109737,0.0014796258
21615,102650,1.7009474e-22
21616,31780,1.7453439e-07
21617,104082,1.9461045e-13
21618,96549,1.06143487e-19
21619,112889,0.018354623
21620,55182,0.008028029
21621,97038,0.001341142
21622,19595,3.0024695e-20
21623,28559,0.00010421154
21624,32522,1.2105681e-07
21625,1024,1.0557716e-07
21626,73765,0.008089195
21627,32336,9.158228e-08
21628,105983,0.045742773
21629,59430,1.1469746e-21
21630,114187,1.8102333e-16
21631,20122,1.3842981e-19
21632,66778,4.8741426e-19
21633,68498,2.3381515e-09
21634,102153,0.02471286
21635,4750,0.0062888265
21636,2612,0.024806844
21637,37149,3.7300335e-16
21638,89332,0.001341142
21639,85986,1.3244607e-05
21640,58923,0.0034607893
21641,88720,1.8130941e-09
21642,69102,5.4317606e-10
21643,64778,4.7891824e-09
21644,108197,0.048234418
21645,16011,4.5737765e-09
21646,67771,0.008089195
21647,62964,0.008078688
21648,54721,0.0013494677
21649,9090,2.4069153e-14
21650,96950,8.0809354e-05
21651,112638,0.044971768
21652,47797,0.08187375
21653,88563,4.6773253e-06
21654,14755,6.0745464e-08
21655,76756,0.026748953
21656,114131,1.5740152e-20
21657,63544,1.6329908e-16
21658,45506,3.1015039e-12
21659,33711,0.06369631
21660,57305,7.2116717e-07
21661,71306,9.824653e-19
21662,47261,1.525603e-23
21663,64454,8.9035425e-11
21664,49011,0.026713273
21665,31714,4.044651e-24
21666,82737,1.0569462e-11
21667,38474,8.047306e-10
21668,60229,0.0015280626
21669,39402,3.9864637e-14
21670,87025,6.829112e-07
21671,10726,4.821042e-08
21672,32574,0.003860181
21673,98105,1.8069728e-07
21674,50081,0.008028029
21675,104043,1.7687937e-14
21676,97622,1.1390855e-06
21677,93278,0.042376153
21678,94265,5.4195736e-16
21679,26252,1.5644243e-14
21680,17349,3.0123948e-19
21681,54775,0.00031019442
21682,22431,1.411319e-06
21683,83542,0.028968716
21684,61089,8.163884e-15
21685,12819,2.7117135e-09
21686,32247,0.010842438
21687,91652,2.398631e-05
21688,79055,3.0215014e-07
21689,114869,1.6836976e-06
21690,58068,3.3225225e-10
21691,24091,0.0021143588
21692,85136,0.025592234
21693,101372,0.048003506
21694,8011,5.2105033e-08
21695,28213,0.003860181
21696,42956,5.135741e-06
21697,28218,0.016525099
21698,78837,1.6183255e-06
21699,111007,4.6773253e-06
21700,48995,0.0077562737
21701,109709,4.9540846e-05
21702,94168,0.042376153
21703,36324,0.0077562737
21704,30366,1.904809e-09
21705,49444,0.016494239
21706,5501,0.009124947
21707,5943,0.024398994
21708,85936,0.08433751
21709,57231,0.059635594
21710,42626,1.432591e-07
21711,27936,3.4498124e-14
21712,4765,4.1904443e-07
21713,100622,2.39597e-20
21714,74824,0.08296545
21715,52067,0.027271759
21716,32126,4.6643395e-10
21717,113593,1.3955885e-06
21718,103360,1.2146392e-06
21719,23400,0.011066444
21720,12255,0.059635594
21721,71325,2.5311905e-05
21722,28171,5.2785787e-10
21723,29224,0.00011683732
21724,113301,0.005473203
21725,75063,1.187533e-09
21726,38957,2.6234486e-05
21727,70998,0.06248945
21728,113128,0.0077562737
21729,92527,7.390695e-07
21730,111545,1.493013e-20
21731,83340,4.766764e-09
21732,73261,0.008089195
21733,28980,0.0077562737
21734,9494,1.1788664e-10
21735,85071,4.8769644e-21
21736,73890,0.08187375
21737,54125,0.00046739265
21738,30630,0.01568494
21739,3506,4.9274855e-09
21740,91173,3.4347282e-12
21741,85889,0.00712693
21742,60802,4.253195e-14
21743,98871,0.0077935676
21744,91106,0.00077814166
21745,49558,0.00015520463
21746,15260,1.1609499e-30
21747,57186,9.956812e-13
21748,83863,2.3989576e-15
21749,104148,0.029184973
21750,59842,0.007883797
21751,78307,0.04759076
21752,65574,0.008159509
21753,72040,4.892199e-09
21754,100260,1.9883799e-05
21755,44574,0.007791001
21756,39352,0.007791001
21757,36517,0.016494239
21758,29113,0.008028029
21759,49206,0.0577544
21760,92206,2.8954508e-15
21761,26376,0.016525099
21762,101547,4.94556e-05
21763,61275,8.8050086e-13
21764,34479,7.75303e-16
21765,92386,0.0005001208
21766,113872,0.0029129926
21767,6053,2.7727365e-05
21768,103594,2.1451272e-15
21769,54644,1.6494359e-18
21770,83623,8.6388776e-05
21771,19416,0.00012141807
21772,11310,1.844373e-10
21773,61395,1.22414585e-05
21774,8910,0.023474745
21775,86893,0.024709625
21776,94969,1.7260585e-09
21777,40863,0.04792217
21778,1553,2.0352643e-07
21779,53391,0.00010323611
21780,12482,6.9834832e-12
21781,47576,2.6707814e-10
21782,1592,1.7429367e-17
21783,104185,2.0286856e-11
21784,45015,0.002231339
21785,99383,4.6773253e-06
21786,96474,0.00047547166
21787,9474,0.0076018325
21788,91182,0.00046739265
21789,91325,0.0006456536
21790,10608,2.7391766e-20
21791,74083,0.0403012
21792,81091,1.3672736e-26
21793,10135,1.0721271e-08
21794,16537,0.009119634
21795,16795,1.9770956e-08
21796,55239,0.00712693
21797,103300,0.008091315
21798,91010,0.008089195
21799,101128,1.5915071e-19
21800,61544,1.4212852e-17
21801,89577,0.0035645529
21802,70368,2.3285958e-13
21803,26398,0.007355757
21804,55017,0.01568494
21805,81225,0.0577544
21806,20894,6.872603e-09
21807,24491,0.003860181
21808,75019,0.0006456536
21809,94711,0.005038059
21810,61326,1.1183923e-16
21811,9253,0.0053577055
21812,31875,0.003860181
21813,4152,1.5003472e-08
21814,79240,5.8995283e-07
21815,48085,0.04615515
21816,54654,2.4779122e-17
21817,58699,0.00024939323
21818,76504,0.0014779106
21819,10717,0.00019491534
21820,63994,4.2456507e-17
21821,37486,0.0011167278
21822,61698,3.148475e-17
21823,5213,0.024790043
21824,79626,0.0038987673
21825,6718,2.3393647e-09
21826,2503,0.004560162
21827,33485,1.525603e-23
21828,56376,1.2936737e-12
21829,99679,0.05780216
21830,36748,1.2640233e-05
21831,43003,2.6234486e-05
21832,30365,0.0719381
21833,108277,2.7175483e-07
21834,29879,4.009508e-14
21835,71338,0.0509507
21836,103406,0.00010866726
21837,51919,0.016494239
21838,110964,7.0127203e-06
21839,108674,4.6796687e-09
21840,8908,0.06969328
21841,22501,1.2124317e-13
21842,78865,2.199031e-06
21843,33157,2.5441934e-05
21844,95258,0.006891227
21845,16824,1.4991673e-10
21846,47753,5.1213483e-10
21847,110812,0.025567163
21848,1575,3.8180453e-08
21849,58727,0.0509507
21850,72590,1.7059869e-18
21851,65507,2.370822e-20
21852,11259,5.4678424e-13
21853,115025,0.00790578
21854,41957,0.16019998
21855,20723,1.8424036e-18
21856,28749,0.024806844
21857,27207,0.00010323611
21858,21830,5.607829e-07
21859,98507,4.8530655e-06
21860,2364,2.330609e-09
21861,4318,0.07058928
21862,15827,1.9197026e-11
21863,40514,1.6003612e-09
21864,7476,3.8252836e-08
21865,42722,2.6234486e-05
21866,113016,0.020315628
21867,25906,0.021167066
21868,22776,4.7627723e-06
21869,99283,0.0043147327
21870,83666,0.05121239
21871,101848,0.048003506
21872,111713,1.4591505e-13
21873,94595,0.038721465
21874,78605,5.246447e-06
21875,25818,0.0013494677
21876,80159,0.0021041848
21877,89195,0.0077935676
21878,100104,0.016539916
21879,10009,5.985633e-11
21880,47861,4.0299445e-16
21881,30182,0.013828899
21882,50292,2.397008e-16
21883,68410,0.047915254
21884,6506,8.8953994e-10
21885,10956,0.22278984
21886,42053,2.7759684e-23
21887,103003,0.0006456536
21888,90796,3.5466814e-11
21889,9636,5.940677e-05
21890,96295,0.03035353
21891,87107,1.544061e-11
21892,66549,1.4200383e-25
21893,7963,8.56465e-09
21894,42407,0.00019097317
21895,114666,4.4112903e-06
21896,102661,1.40379e-16
21897,87231,6.120018e-08
21898,98012,0.051038433
21899,76379,0.026748953
21900,62188,3.0702992e-18
21901,85476,0.00016252566
21902,44854,0.0013571137
21903,106186,1.21480415e-17
21904,53845,0.013368934
21905,101332,2.4612439e-12
21906,101695,0.00077814166
21907,22035,2.1779308e-12
21908,3178,0.002550813
21909,57448,0.0006456536
21910,89581,0.19337432
21911,78650,2.9406753e-09
21912,32464,0.008028029
21913,20127,0.01099087
21914,107609,0.03035353
21915,85778,0.0014779106
21916,102854,3.431993e-11
21917,83852,1.9531783e-12
21918,6998,0.024790043
21919,82811,1.0955899e-16
21920,69753,7.0503465e-06
21921,659,1.3653575e-08
21922,25024,1.1420265e-16
21923,92194,3.174597e-10
21924,109894,8.041262e-17
21925,63750,1.5745239e-06
21926,48901,0.021186266
21927,3387,6.630823e-12
21928,5987,6.5895484e-11
21929,43153,0.0034607893
21930,66904,0.02187541
21931,35980,1.11456085e-13
21932,7945,4.2807524e-14
21933,96439,0.051038433
21934,103860,0.00089064584
21935,95124,1.859031e-09
21936,107588,2.8969042e-11
21937,113428,0.0042736162
21938,26808,0.016525099
21939,67965,0.0077935676
21940,83048,0.020164473
21941,112260,8.041262e-17
21942,115676,0.0014796258
21943,15425,0.012986035
21944,6338,4.8131042e-08
21945,115513,0.0077562737
21946,26593,1.22414585e-05
21947,102460,1.2342393e-19
21948,82366,4.766764e-09
21949,83918,0.001341142
21950,14964,0.028968716
21951,54995,0.024806844
21952,65683,1.6539593e-11
21953,12301,0.029874584
21954,73448,3.1388933e-07
21955,54273,0.0019666015
21956,4059,8.0106116e-07
21957,43932,0.024727335
21958,27245,0.024806844
21959,25299,4.7056687e-06
21960,45960,9.565043e-20
21961,16479,0.04652231
21962,28792,1.9786185e-07
21963,51875,0.0077562737
21964,73112,4.6773253e-06
21965,111107,0.008091315
21966,95691,0.044260383
21967,110124,4.6773253e-06
21968,63923,1.0112037e-10
21969,54388,0.0509507
21970,4617,0.028980374
21971,113299,3.3205105e-16
21972,83213,0.032263808
21973,39339,0.008079731
21974,29984,0.008028029
21975,104112,5.7855976e-14
21976,17658,1.4903137e-08
21977,546,0.021910924
21978,93471,4.4901644e-06
21979,49050,0.0509507
21980,10659,0.0031529434
21981,38633,9.038175e-09
21982,46373,7.751656e-12
21983,74915,0.0020921822
21984,23200,1.7142184e-12
21985,74591,3.1518433e-15
21986,101583,1.493013e-20
21987,78532,8.6285166e-07
21988,32941,0.0021339823
21989,75275,3.3792102e-26
21990,113920,0.0006485849
21991,44313,3.7300335e-16
21992,94732,7.4514526e-07
21993,105500,4.6389848e-09
21994,31513,2.1747533e-10
21995,2340,0.006563739
21996,96391,0.028968716
21997,111502,0.0014796258
21998,5818,0.008346664
21999,27239,0.20961268
22000,99640,0.016539916
22001,34699,4.0299445e-16
22002,104947,9.7595924e-17
22003,60448,0.0014779106
22004,35206,0.0038427904
22005,49657,2.6234486e-05
22006,2009,0.039300192
22007,30751,0.005038059
22008,27048,0.0509507
22009,93740,0.0014779106
22010,88744,1.4726685e-10
22011,47119,0.00014295898
22012,99327,0.00010197971
22013,50615,0.009132841
22014,86102,0.0019273793
22015,106595,6.3439694e-13
22016,112928,0.000122068974
22017,109893,4.635101e-06
22018,2674,0.0032651408
22019,87151,4.7891824e-09
22020,60238,0.005038059
22021,17575,1.11330925e-17
22022,51769,0.025853444
22023,68289,0.034557395
22024,54504,1.3876098e-06
22025,26618,2.1032965e-18
22026,5711,0.004560521
22027,46779,0.016525099
22028,16270,1.0909769e-24
22029,67911,3.2384692e-06
22030,91869,0.051038433
22031,103631,0.04818268
22032,69273,0.0014779106
22033,434,0.004586983
22034,67603,0.020732323
22035,83553,0.059635594
22036,44585,5.2807097e-19
22037,31122,0.0029182504
22038,106439,4.6773253e-06
22039,11263,0.0011522636
22040,85976,1.0303224e-17
22041,74191,0.0043147327
22042,84178,0.001341142
22043,22740,3.0024695e-20
22044,80672,0.047915254
22045,23336,0.008079731
22046,112625,0.0014796258
22047,46472,6.835374e-08
22048,26122,2.6805964e-13
22049,29621,1.6095877e-09
22050,59847,0.0038427904
22051,80331,1.5207164e-08
22052,1457,3.5088096e-06
22053,100196,0.013547115
22054,3914,0.008123187
22055,103708,4.091229e-06
22056,19636,0.00020478106
22057,87060,0.005038059
22058,51570,0.015317024
22059,63819,0.08296545
22060,33562,6.0624505e-12
22061,83635,0.02050013
22062,50800,0.31127685
22063,26718,0.007230439
22064,15058,2.0586124e-12
22065,88735,0.0029149072
22066,66598,7.441589e-14
22067,63829,4.7891824e-09
22068,30555,2.0206628e-05
22069,90361,0.0014779106
22070,106175,3.1859383e-11
22071,98852,0.016539916
22072,12976,2.4538789e-09
22073,37731,0.07186079
22074,77598,0.005038059
22075,40264,4.629701e-10
22076,89219,4.0651457e-17
22077,489,0.008047925
22078,48335,6.598577e-19
22079,26175,3.0829713e-20
22080,45182,2.942993e-20
22081,26820,0.026713273
22082,10944,9.33615e-08
22083,110287,0.0013393838
22084,3054,1.0272508e-07
22085,100689,0.048003506
22086,58127,0.0029160744
22087,38495,1.1344549e-22
22088,45472,0.016525099
22089,17297,0.0735118
22090,13789,0.026713273
22091,107372,5.2639844e-08
22092,47877,5.25498e-06
22093,50367,7.504075e-14
22094,60756,0.027950346
22095,5480,0.0058526876
22096,55498,1.0089964e-24
22097,53920,0.016494239
22098,89773,0.07093826
22099,19860,1.32944294e-14
22100,10776,0.0031529434
22101,111685,0.0077562737
22102,53133,1.0747632e-10
22103,83774,0.0005574171
22104,47329,0.00054167205
22105,25661,0.028968716
22106,86884,1.8358311e-07
22107,18620,0.024776157
22108,73337,1.2498534e-15
22109,9964,0.023416728
22110,35151,0.02035345
22111,32071,4.0299445e-16
22112,76938,0.00047735378
22113,53587,0.008163503
22114,39075,3.4801793e-11
22115,56968,3.2384692e-06
22116,57697,0.00527734
22117,13396,7.9268925e-11
22118,20080,0.0006956626
22119,107690,0.00089064584
22120,43707,0.0013631709
22121,60763,0.005038059
22122,93264,0.00010891686
22123,90448,2.175718e-08
22124,112967,0.03823916
22125,101064,0.03494701
22126,14426,6.505389e-23
22127,114434,0.019323386
22128,23412,0.005038059
22129,65898,4.7817523e-09
22130,63307,1.8086066e-21
22131,78759,7.5586806e-24
22132,87271,8.128796e-08
22133,111462,4.091229e-06
22134,76498,1.4409278e-16
22135,36036,0.0034607893
22136,105962,0.04818268
22137,44984,1.6465216e-07
22138,108364,1.03977885e-17
22139,32786,6.322308e-10
22140,83478,5.2255217e-07
22141,30059,1.9229628e-20
22142,115918,7.874452e-11
22143,97291,0.00077814166
22144,102578,0.026802782
22145,6146,6.532986e-10
22146,85683,1.03977885e-17
22147,10833,3.6061966e-08
22148,27138,1.6368196e-05
22149,63885,7.860288e-18
22150,67760,5.140395e-09
22151,46061,0.0051937443
22152,86673,0.00046739265
22153,41240,0.0509507
22154,64928,0.015853439
22155,95584,0.048003506
22156,55073,6.448212e-17
22157,11624,1.2662554e-09
22158,16888,2.5015499e-18
22159,39845,0.0267177
22160,37284,0.00011448993
22161,82400,0.001341142
22162,33488,0.052883994
22163,939,6.7611817e-15
22164,31382,3.7515706e-14
22165,77135,5.5923797e-06
22166,76157,0.00427104
22167,15067,0.0577544
22168,72867,0.007883797
22169,99953,0.00013355697
22170,29805,3.625683e-10
22171,82223,0.016494239
22172,22655,0.007791001
22173,114101,3.868407e-18
22174,94476,0.028394716
22175,38869,0.051331878
22176,15711,0.000535896
22177,65636,4.7817523e-09
22178,31841,1.6368196e-05
22179,76703,0.0006859021
22180,97829,0.00077814166
22181,62725,2.5857094e-06
22182,54367,1.860053e-16
22183,64252,2.1883041e-15
22184,71853,2.0219931e-20
22185,19461,1.3303138e-24
22186,11619,0.0032245757
22187,90410,6.3140546e-21
22188,25714,2.9027242e-10
22189,100072,5.2316587e-29
22190,65693,3.1518433e-15
22191,55529,3.882614e-18
22192,26901,2.402316e-17
22193,4422,0.07058928
22194,865,0.0509507
22195,55236,2.4347448e-17
22196,65086,0.005693995
22197,25472,3.6450812e-19
22198,37957,0.0034607893
22199,7613,0.024790043
22200,56122,2.2140462e-17
22201,17925,2.387068e-11
22202,100425,0.008091315
22203,87507,2.7584544e-09
22204,79753,3.3776446e-06
22205,14004,9.508149e-12
22206,64738,4.7891824e-09
22207,101553,8.708567e-06
22208,22360,0.0577544
22209,108362,0.0014796258
22210,110862,1.11456085e-13
22211,104142,0.00010323611
22212,96451,0.047915254
22213,86014,0.042199478
22214,112507,0.031073272
22215,84160,4.8089758e-15
22216,32182,7.70564e-07
22217,95537,1.637444e-07
22218,7266,5.5359243e-07
22219,3619,0.0035311128
22220,47630,5.259907e-17
22221,14654,0.008047925
22222,17554,2.9243955e-26
22223,110822,0.0038637838
22224,114857,2.1077395e-07
22225,51762,1.2342393e-19
22226,73562,5.071879e-21
22227,67796,0.010517384
22228,39803,2.6234486e-05
22229,110115,4.3856333e-12
22230,25115,0.008079731
22231,1922,1.4818927e-07
22232,84994,0.013195704
22233,98183,0.000107842454
22234,41044,0.008153063
22235,34775,0.20057586
22236,111845,0.022182668
22237,65489,1.047105e-13
22238,81963,1.4713026e-12
22239,48567,4.596969e-17
22240,77792,2.5337584e-07
22241,41215,1.0410304e-22
22242,111210,3.868407e-18
22243,24778,0.008079731
22244,45022,0.006983701
22245,60398,0.019404028
22246,53482,0.0509507
22247,21923,7.015136e-16
22248,77196,5.6403675e-05
22249,108256,4.6796687e-09
22250,45969,5.5657376e-14
22251,109276,0.048256118
22252,36436,0.0038427904
22253,77366,1.5664221e-10
22254,71822,0.008089195
22255,105724,0.008091315
22256,69709,0.010440967
22257,18630,1.9006416e-10
22258,28001,0.016556531
22259,32184,2.4159428e-07
22260,8036,9.202981e-09
22261,44596,0.027271759
22262,40378,6.7221133e-16
22263,101001,2.010779e-12
22264,17757,0.003147197
22265,65360,1.318855e-15
22266,41290,0.00010323611
22267,105480,4.2226356e-09
22268,7241,0.0035321566
22269,49184,1.7824429e-13
22270,24520,0.0010314456
22271,31660,0.016556531
22272,97557,5.48979e-12
22273,61364,0.0009134363
22274,40049,5.10603e-12
22275,97473,0.048003506
22276,98703,4.7891824e-09
22277,75956,0.0053713806
22278,102025,0.007195014
22279,12563,2.7317033e-14
22280,63084,0.000846277
22281,33211,0.057819508
22282,20442,7.829797e-17
22283,62502,0.003860181
22284,52714,0.004700935
22285,96262,4.0092005e-15
22286,28130,5.215061e-14
22287,50295,0.0077562737
22288,93099,0.00023973349
22289,29329,1.1422891e-14
22290,48280,5.077816e-16
22291,82664,0.00072019565
22292,82974,3.431993e-11
22293,10114,0.0011522636
22294,1859,4.972684e-08
22295,8392,0.0044137095
22296,58963,0.044231094
22297,29455,6.044695e-11
22298,9,0.009124947
22299,102001,1.5610109e-26
22300,21216,2.4748619e-05
22301,23847,0.008079731
22302,103749,3.6817396e-10
22303,115928,1.039446e-09
22304,44217,0.008079731
22305,86374,0.02471286
22306,35841,1.2107753e-06
22307,54901,0.0038427904
22308,52797,7.484e-08
22309,43871,0.0267177
22310,74015,0.0006456536
22311,39977,2.6234486e-05
22312,86824,4.9597914e-16
22313,54803,0.0019666015
22314,97548,0.0014779106
22315,20041,1.0161484e-12
22316,113434,4.436524e-09
22317,100481,2.2581887e-09
22318,24918,0.008079731
22319,111118,0.017673109
22320,32594,0.0029182504
22321,84583,0.0033803117
22322,96035,0.008091315
22323,114175,0.008159509
22324,52971,4.0701604e-08
22325,89263,0.016539916
22326,97260,1.807287e-05
22327,33849,2.6443191e-05
22328,92109,4.0971455e-21
22329,95038,0.016539916
22330,28230,6.8793404e-10
22331,78887,0.007883797
22332,12832,4.3564468e-30
22333,549,1.4423032e-08
22334,82891,0.016494239
22335,19518,4.2590577e-07
22336,6140,8.8209964e-07
22337,10982,0.0011522636
22338,65306,0.0020933005
22339,109368,9.537923e-15
22340,52970,0.0024653396
22341,70689,0.006715138
22342,39800,0.007791001
22343,63484,3.6806154e-18
22344,43619,0.010517384
22345,61670,0.0006456536
22346,86650,0.008089195
22347,105620,2.6861388e-17
22348,41040,5.5909416e-11
22349,115394,5.293904e-10
22350,96964,0.0038637838
22351,78849,0.01306865
22352,66006,2.6144526e-17
22353,7965,0.00330176
22354,96100,0.015743928
22355,113747,2.452018e-08
22356,9596,3.596936e-08
22357,45380,3.4712958e-11
22358,24859,2.0792268e-05
22359,36319,0.014310983
22360,57129,0.016494239
22361,86346,0.043226827
22362,56298,2.4748619e-05
22363,29333,0.016556531
22364,81312,0.005038059
22365,46863,1.3299733e-25
22366,77991,0.0005458726
22367,18544,1.4212852e-17
22368,109918,0.0077935676
22369,89701,0.026802782
22370,40916,0.003860181
22371,31697,6.3931553e-16
22372,24214,0.028968716
22373,46756,3.8551854e-14
22374,28002,0.008028029
22375,74271,4.6773253e-06
22376,90442,0.047915254
22377,102485,0.0010477144
22378,108650,0.026463047
22379,30582,0.016556531
22380,62927,0.010517384
22381,39409,0.008079731
22382,45865,3.381317e-08
22383,24502,5.1450906e-14
22384,31657,2.6047617e-05
22385,98403,1.3556233e-05
22386,94236,6.280617e-13
22387,82934,4.892199e-09
22388,96424,0.0074967635
22389,109508,3.0854085e-19
22390,3948,0.00064800103
22391,62132,2.1522769e-07
22392,115160,0.016556531
22393,80669,0.019863978
22394,46685,1.7985591e-09
22395,23211,0.023405334
22396,115181,1.907602e-08
22397,112109,0.0014796258
22398,77895,0.001341142
22399,37814,6.106979e-24
22400,90150,2.829707e-05
22401,63371,0.0403012
22402,42677,8.884486e-16
22403,104231,4.925849e-17
22404,26860,7.3217794e-13
22405,35814,0.031924915
22406,1390,9.340124e-19
22407,55329,9.698941e-11
22408,80213,2.0663264e-16
22409,105534,0.00076433754
22410,24192,0.024727335
22411,86878,0.028968716
22412,65602,4.7817523e-09
22413,8221,4.9274855e-09
22414,44955,0.0001107657
22415,53943,0.004700935
22416,24345,0.0038987673
22417,111981,7.30415e-20
22418,86151,0.004262849
22419,104255,5.092443e-08
22420,28661,0.007230439
22421,16591,3.792194e-19
22422,49911,0.0077562737
22423,48271,2.1452967e-17
22424,102537,0.047915254
22425,104211,0.0077935676
22426,2353,4.21022e-08
22427,76226,2.4671684e-10
22428,9190,0.025853444
22429,18871,0.009119634
22430,87306,5.982851e-10
22431,9127,2.3393647e-09
22432,53159,0.0577544
22433,83576,0.0013393838
22434,51439,0.008028029
22435,2848,2.5299532e-13
22436,5819,0.00017986688
22437,80411,0.008159509
22438,24325,1.2377868e-16
22439,51029,0.028968716
22440,110369,0.06929412
22441,104734,0.016556531
22442,51058,0.024806844
22443,34165,1.1494706e-07
22444,24779,0.008079731
22445,22573,0.02035345
22446,3160,0.024806844
22447,84890,0.008089195
22448,108787,3.3776446e-06
22449,76763,0.005038059
22450,59587,2.7874903e-06
22451,100534,0.0003040771
22452,87351,0.0509507
22453,9022,1.5940368e-09
22454,23822,0.025576562
22455,90466,0.0014779106
22456,113824,2.7827815e-11
22457,65041,6.122069e-17
22458,40350,5.181688e-07
22459,25797,0.00038308173
22460,98405,0.048003506
22461,69560,1.6503732e-11
22462,4869,1.844373e-10
22463,102319,4.7891824e-09
22464,93609,2.2095207e-06
22465,6910,6.4791232e-12
22466,49483,0.0036370647
22467,16309,3.1257542e-14
22468,50685,0.028968716
22469,9145,1.2835469e-07
22470,49243,0.0065901084
22471,16526,4.5776993e-11
22472,13211,2.293169e-27
22473,44654,1.683421e-08
22474,101398,0.008751674
22475,101804,0.032137424
22476,105678,5.733133e-14
22477,54349,2.117703e-05
22478,102018,0.0013815863
22479,26824,2.774851e-12
22480,53492,2.4347448e-17
22481,105098,0.0014796258
22482,108222,5.231413e-06
22483,58522,4.987283e-06
22484,91148,0.008089195
22485,46150,3.0829713e-20
22486,17034,0.024776157
22487,98070,0.008091315
22488,43765,2.8782664e-11
22489,60362,0.005695477
22490,97573,0.0011065777
22491,90463,0.0077935676
22492,24088,0.01782402
22493,29948,0.02558698
22494,63082,0.003860181
22495,96229,4.130581e-09
22496,21291,2.2455434e-07
22497,18816,0.0019336094
22498,30712,9.724069e-05
22499,61556,2.39597e-20
22500,89820,2.8418236e-07
22501,32109,3.4996693e-11
22502,70335,3.677826e-16
22503,9122,8.569744e-10
22504,16487,2.0542666e-27
22505,95684,0.008091315
22506,3106,7.7809904e-11
22507,64913,0.046062976
22508,42996,0.00028509958
22509,16649,2.054769e-11
22510,21652,1.4228598e-15
22511,30990,3.6807045e-08
22512,108549,2.7175483e-07
22513,18211,1.263351e-09
22514,32809,0.000655596
22515,26231,4.5267345e-10
22516,33429,0.0066678915
22517,17560,0.010517384
22518,18819,5.080845e-07
22519,115534,4.1820442e-10
22520,115849,3.4648194e-15
22521,25252,0.0081708
22522,35528,4.892199e-09
22523,105780,0.007889245
22524,108915,3.2158978e-14
22525,38007,0.0509507
22526,23399,0.016494239
22527,55174,0.008028029
22528,57404,0.0043147327
22529,64230,3.0118662e-19
22530,67908,0.0020921822
22531,94939,0.003046411
22532,101937,3.685781e-13
22533,18476,3.1602995e-12
22534,48598,0.059275787
22535,113620,4.8243487e-10
22536,92657,0.007680961
22537,102820,1.730007e-09
22538,57119,0.0267177
22539,13144,0.00029983209
22540,107590,1.039446e-09
22541,12810,5.2446247e-15
22542,57597,1.1414862e-09
22543,67835,1.03977885e-17
22544,11991,4.8795983e-17
22545,88775,0.047915254
22546,76858,5.25498e-06
22547,62648,1.5842449e-11
22548,18532,2.0586124e-12
22549,36298,1.2516856e-15
22550,2021,1.5437533e-07
22551,96518,8.440241e-15
22552,107032,0.021416616
22553,103002,0.047915254
22554,38220,0.06698008
22555,19195,1.12757165e-10
22556,76153,2.2852182e-08
22557,24280,7.067936e-05
22558,77898,0.0053092
22559,11076,2.3180137e-13
22560,103519,3.616945e-14
22561,24247,1.7004275e-08
22562,47224,0.008079731
22563,42932,1.0573424e-09
22564,73437,7.423923e-22
22565,114707,2.3323272e-15
22566,37122,0.007791001
22567,89967,0.022585675
22568,66538,2.2820108e-17
22569,26196,1.1333771e-16
22570,63109,0.06248945
22571,41042,0.00012665114
22572,14874,0.28334346
22573,15740,0.008047925
22574,35906,0.008028029
22575,60818,1.2520504e-12
22576,41026,0.007791001
22577,28713,3.1389142e-19
22578,114896,3.5420213e-16
22579,64155,4.7891824e-09
22580,70194,0.010517384
22581,103613,0.040500082
22582,75703,0.0006942356
22583,43415,5.9081207e-10
22584,28734,7.9434576e-05
22585,69121,0.0080632195
22586,58572,0.0509507
22587,15581,5.7691255e-17
22588,23334,6.3407283e-06
22589,98291,0.044904742
22590,93403,1.3331501e-06
22591,26180,0.0013494677
22592,89102,1.5150461e-10
22593,49159,0.024185138
22594,52758,0.008028029
22595,45346,0.003860181
22596,99718,2.525183e-11
22597,7038,6.3821425e-08
22598,102564,1.7468849e-16
22599,26975,0.008028029
22600,77737,1.2534086e-18
22601,53191,0.0038427904
22602,43219,0.0072107604
22603,93190,2.5389397e-06
22604,91938,0.008089195
22605,66232,0.0042712125
22606,84907,2.4157333e-07
22607,51135,0.00046739265
22608,98803,4.796347e-10
22609,38410,0.007230439
22610,62396,3.6358463e-19
22611,24864,0.005038059
22612,85190,1.2672636e-12
22613,84527,1.1936942e-20
22614,2874,0.00066135667
22615,110561,0.00047763984
22616,48057,0.020164473
22617,107180,1.1163035e-09
22618,79090,4.376427e-26
22619,85741,1.7957599e-07
22620,104273,0.0068923165
22621,32820,2.4629899e-20
22622,43268,1.3889547e-24
22623,37233,4.9895457e-09
22624,32905,0.030200627
22625,100662,0.010536521
22626,52474,0.006891227
22627,48398,9.908475e-11
22628,73436,0.0366999
22629,103199,9.062966e-16
22630,41252,1.0573424e-09
22631,99638,0.0047676573
22632,97198,2.934018e-10
22633,16478,3.7374474e-12
22634,82471,1.2495986e-05
22635,109083,5.425712e-05
22636,76522,3.397446e-12
22637,55631,0.008696458
22638,13910,7.0824414e-15
22639,44420,2.619474e-17
22640,66754,5.071879e-21
22641,55510,3.5324023e-15
22642,5862,0.0031529434
22643,86222,8.489332e-13
22644,24133,0.003860181
22645,101707,0.0009939801
22646,64937,1.5757486e-16
22647,73037,1.6047872e-24
22648,94891,1.2550679e-12
22649,50745,3.5088096e-06
22650,50906,0.0013494677
22651,42982,0.002921239
22652,39875,0.024727335
22653,100621,0.048003506
22654,87930,0.0039029391
22655,61876,0.001341142
22656,33915,2.7015062e-21
22657,111052,0.004700935
22658,50062,2.328712e-20
22659,64782,2.448392e-15
22660,115946,5.750366e-06
22661,79232,0.005326922
22662,19676,5.9244814e-18
22663,70135,3.1421775e-16
22664,88453,3.0169957e-11
22665,91915,0.008089195
22666,26461,9.9313314e-05
22667,74869,4.6773253e-06
22668,77980,0.017118597
22669,5619,8.56465e-09
22670,26301,4.6029445e-06
22671,91258,1.0051163e-24
22672,88702,0.0070778257
22673,25568,5.72976e-16
22674,34284,0.0577544
22675,45279,1.192403e-06
22676,74040,0.008089195
22677,82864,2.902802e-06
22678,100975,0.010536521
22679,53296,0.06310122
22680,45851,3.343745e-09
22681,45247,0.0034809986
22682,30514,0.008028029
22683,34300,0.034557663
22684,19388,3.6450812e-19
22685,108667,0.0053492733
22686,98216,1.989945e-14
22687,42083,1.3108493e-16
22688,44276,6.255992e-05
22689,106913,0.008091315
22690,91969,1.3331501e-06
22691,33290,2.7315427e-06
22692,74170,7.0503465e-06
22693,48580,0.008028029
22694,48790,0.039274212
22695,97896,0.024709625
22696,57177,0.0072111264
22697,108682,0.0014796258
22698,93204,0.009092403
22699,71135,4.6773253e-06
22700,100752,0.008091315
22701,108377,0.00089064584
22702,53549,1.4726685e-10
22703,39786,1.525603e-23
22704,92157,0.0006456536
22705,33349,1.3612072e-16
22706,17851,1.6914001e-11
22707,5235,2.6149039e-05
22708,46738,0.008079731
22709,17252,1.534866e-07
22710,90344,0.042199478
22711,104569,0.025567163
22712,52310,5.0804666e-10
22713,15656,3.5088096e-06
22714,114449,4.4823138e-11
22715,13763,0.14669824
22716,43305,0.059635594
22717,113726,4.091229e-06
22718,65494,1.5757486e-16
22719,88933,0.005693995
22720,90216,1.03977885e-17
22721,23196,1.4638931e-23
22722,103527,6.164066e-16
22723,110717,0.0006485849
22724,47907,2.0247368e-05
22725,79116,0.008028029
22726,2760,0.14297737
22727,95751,7.7989386e-11
22728,76234,0.030200627
22729,78572,5.9823316e-05
22730,22419,3.3412333e-09
22731,51286,0.00047025117
22732,57222,1.5707885e-12
22733,59613,0.008028029
22734,12788,1.9148215e-29
22735,101501,4.322913e-06
22736,78289,1.1469746e-21
22737,8070,0.0022381118
22738,77101,2.2291836e-08
22739,52562,0.034557663
22740,107134,5.235776e-06
22741,100603,0.034557395
22742,49624,2.6234486e-05
22743,69446,0.0073261973
22744,101939,0.0038637838
22745,58053,2.9406753e-09
22746,51025,0.016494239
22747,106710,0.00081616663
22748,68957,3.920384e-12
22749,76612,4.6773253e-06
22750,87843,0.0005574171
22751,112647,0.026459238
22752,108792,0.009667851
22753,97921,0.0014779106
22754,23551,5.077816e-16
22755,46677,0.15782079
22756,66128,2.055003e-12
22757,91029,1.6585012e-12
22758,72929,1.5472583e-09
22759,110950,0.04818268
22760,8446,1.8498874e-07
22761,62970,0.0077871648
22762,8783,1.844373e-10
22763,68420,0.008089195
22764,22543,3.5280123e-15
22765,57204,0.016494239
22766,100056,1.039446e-09
22767,51288,1.0751655e-09
22768,57735,0.044725854
22769,54960,0.0034087754
22770,107361,2.7472824e-08
22771,48015,5.2127294e-08
22772,49838,0.0077562737
22773,103549,0.042376153
22774,69298,1.36471616e-17
22775,115220,0.008028029
22776,85455,1.9018128e-14
22777,53235,0.0018459501
22778,90724,0.008089195
22779,81525,0.017118597
22780,61855,0.00031187516
22781,8415,1.6013305e-06
22782,55250,8.044704e-08
22783,41642,0.01568494
22784,24727,1.1183923e-16
22785,11976,3.4500907e-13
22786,96281,0.016539916
22787,108492,0.0006942356
22788,65648,3.816202e-16
22789,32754,0.009132841
22790,61945,0.0034607893
22791,75310,0.0136319995
22792,97522,4.0904642e-06
22793,95563,0.026463047
22794,78394,0.016494239
22795,23631,3.0829713e-20
22796,59835,3.5088096e-06
22797,84878,0.025853444
22798,21350,4.3939123e-09
22799,59383,0.02443907
22800,57653,7.441589e-14
22801,90250,2.5329375e-20
22802,45064,8.047306e-10
22803,107683,3.5427913e-16
22804,67749,1.6329908e-16
22805,24430,3.7300335e-16
22806,78372,3.148475e-17
22807,50396,1.5686134e-14
22808,74383,7.4514526e-07
22809,77272,0.0038637838
22810,113398,2.0970346e-15
22811,824,1.2013067e-24
22812,109501,8.384769e-12
22813,102342,0.042376153
22814,7386,6.4791232e-12
22815,12822,2.3610981e-23
22816,12679,1.1087222e-12
22817,8170,0.0025513505
22818,31275,0.003860181
22819,36093,1.9060015e-16
22820,47652,6.255992e-05
22821,16953,0.025535604
22822,47466,1.7493503e-18
22823,94199,0.026802782
22824,41616,0.009095178
22825,33859,0.00012665114
22826,88844,0.047915254
22827,28508,0.016525099
22828,107461,0.005038059
22829,68619,2.2820108e-17
22830,53663,1.9229628e-20
22831,55025,2.3990658e-09
22832,68670,1.10204824e-10
22833,45859,0.003860181
22834,51620,0.024806844
22835,14642,0.007883797
22836,108669,2.2847406e-14
22837,41082,7.5714226e-20
22838,6095,3.9781187e-09
22839,79900,5.490505e-11
22840,4079,0.0031529434
22841,64712,1.9536147e-08
22842,65751,0.0070131565
22843,113195,0.0013290688
22844,46574,5.969326e-06
22845,36180,1.5359919e-15
22846,24595,8.809994e-10
22847,38712,1.525603e-23
22848,82677,9.762946e-24
22849,84510,0.06139194
22850,20928,1.1709255e-16
22851,34652,0.008163503
22852,36687,3.3368646e-09
22853,20959,1.411319e-06
22854,8756,4.6892815e-06
22855,29652,6.432243e-17
22856,110687,3.6662418e-16
22857,40092,0.033934288
22858,14381,5.7552483e-12
22859,101894,0.030011307
22860,4432,0.0028671653
22861,89587,0.044725854
22862,11800,1.0926745e-27
22863,13600,1.3455865e-21
22864,36867,0.024727335
22865,94281,7.6653883e-10
22866,55712,2.601913e-27
22867,99505,0.001877713
22868,91411,0.010566829
22869,109343,0.048256118
22870,53665,0.0014779106
22871,73154,0.0403012
22872,93420,0.22460999
22873,47816,0.004262849
22874,81176,1.4582538e-14
22875,110548,8.041262e-17
22876,26357,6.5161544e-12
22877,79295,3.193476e-15
22878,76971,2.5431347e-26
22879,57014,0.0001526028
22880,74920,0.0006456536
22881,94205,0.0038795331
22882,48386,1.4158924e-21
22883,76621,4.087041e-06
22884,94734,0.033312056
22885,105220,0.009092403
22886,100352,2.3296206e-18
22887,66665,1.989945e-14
22888,65473,3.8306027e-21
22889,12254,0.28334346
22890,94537,4.020501e-16
22891,31549,1.3039972e-15
22892,85376,3.2875473e-11
22893,103520,0.05121239
22894,16277,0.007768419
22895,93161,0.001001919
22896,54263,9.381834e-05
22897,45306,8.959557e-18
22898,91957,5.3069755e-14
22899,7314,1.0250923e-05
22900,38525,2.5852455e-17
22901,21407,2.6834411e-20
22902,95407,1.5068839e-11
22903,43594,5.25498e-06
22904,68051,4.892199e-09
22905,22564,0.007791001
22906,100179,1.6547954e-15
22907,105881,1.9833395e-07
22908,23518,1.6871793e-07
22909,89210,0.010517384
22910,1718,0.0070406324
22911,86528,1.0456544e-16
22912,71259,0.0014779106
22913,74428,0.0053713806
22914,40777,6.5487637e-15
22915,96334,0.006964409
22916,110645,4.6773253e-06
22917,49193,0.00013471245
22918,98714,1.9833395e-07
22919,76455,0.0010755223
22920,17624,2.2688171e-17
22921,8247,1.844373e-10
22922,29100,2.1032965e-18
22923,16942,2.8948524e-09
22924,76248,2.9736793e-11
22925,12234,0.007763525
22926,6594,0.0032691674
22927,49377,0.0029175638
22928,97650,1.039446e-09
22929,37782,0.039300192
22930,54044,2.8008113e-05
22931,90809,2.965026e-18
22932,49182,0.00712693
22933,47173,0.0006956626
22934,7318,0.013573701
22935,56241,0.0049185366
22936,56250,0.0077562737
22937,2183,1.8414414e-10
22938,54582,0.0038427904
22939,112978,0.04818268
22940,35142,0.0034607893
22941,59749,1.4884925e-12
22942,4465,0.8237546
22943,60068,0.11683704
22944,110488,0.00032220327
22945,44974,5.72976e-16
22946,60613,2.4196344e-05
22947,74968,3.6137472e-13
22948,94370,1.4742844e-14
22949,65583,4.7817523e-09
22950,40541,0.04033821
22951,57181,0.016494239
22952,100996,0.042376153
22953,14346,0.024159517
22954,108688,8.4774354e-10
22955,74192,4.2280382e-15
22956,10115,5.2716666e-07
22957,97274,3.5898018e-19
22958,81506,5.071879e-21
22959,43334,0.0509507
22960,112037,4.624479e-09
22961,67032,2.7501113e-17
22962,80543,0.02471286
22963,101101,4.6773253e-06
22964,111802,0.022182668
22965,98828,0.024709625
22966,104020,1.1686585e-16
22967,34848,1.7245455e-23
22968,67041,0.004262849
22969,26995,8.37228e-10
22970,95052,2.2666028e-17
22971,51498,0.020164473
22972,7777,5.1707557e-05
22973,12712,0.016494239
22974,78368,1.4597726e-15
22975,30851,0.000535896
22976,47382,3.7300335e-16
22977,55651,1.22414585e-05
22978,95712,0.0109907985
22979,8843,7.546526e-08
22980,47290,1.3973548e-12
22981,46513,0.007791001
22982,15224,3.7631308e-25
22983,1728,1.359082e-28
22984,54737,0.008028029
22985,28782,2.0206628e-05
22986,46230,0.008079731
22987,32555,0.003860181
22988,100320,4.5675147e-10
22989,29675,3.8353283e-12
22990,76873,2.3349665e-19
22991,89488,0.025827529
22992,41804,7.000852e-18
22993,99942,2.624835e-05
22994,77238,0.010517384
22995,42977,4.323444e-26
22996,78948,0.6124844
22997,1562,0.058957707
22998,43948,1.6179985e-06
22999,105680,0.0006456536
23000,114780,6.5254158e-06
23001,41433,0.015370175
23002,54212,0.008028029
23003,72300,0.0020935296
23004,3769,0.3122517
23005,5418,0.0028671653
23006,36062,4.2249448e-14
23007,28021,8.047306e-10
23008,68238,4.2002088e-05
23009,113124,0.026802782
23010,63410,3.658917e-18
23011,16282,0.010517384
23012,113276,9.252297e-09
23013,97900,3.6662418e-16
23014,109867,0.00055042905
23015,35565,0.024806844
23016,84909,4.49885e-16
23017,97854,0.015298703
23018,42382,6.618563e-13
23019,61115,0.022916336
23020,45173,0.016525099
23021,48199,0.0509507
23022,88611,4.7891824e-09
23023,110555,0.025799757
23024,103747,0.04818268
23025,89124,3.677826e-16
23026,88939,8.4602315e-14
23027,42309,3.2795033e-20
23028,74411,6.255992e-05
23029,30351,4.2541322e-16
23030,33641,0.07675227
23031,36708,1.103558e-07
23032,40246,0.008153063
23033,42902,0.00027233266
23034,110646,4.1590288e-15
23035,77490,4.892199e-09
23036,54376,7.055903e-16
23037,6726,1.1216999e-15
23038,74059,7.423923e-22
23039,15538,0.025592234
23040,66483,4.089727e-06
23041,21438,0.007768419
23042,78205,0.0029175638
23043,112083,0.033407636
23044,91076,0.05780216
23045,19089,5.9244814e-18
23046,65232,2.3296206e-18
23047,78589,4.7056687e-06
23048,15710,4.212029e-26
23049,16053,8.34989e-25
23050,34089,5.6849e-12
23051,76245,0.001341142
23052,84669,4.020501e-16
23053,14116,1.2681805e-15
23054,34495,0.001338312
23055,77805,0.0014779106
23056,8893,1.1344581e-09
23057,622,4.7591445e-08
23058,14471,0.0509507
23059,61014,0.0021143588
23060,106476,7.33054e-17
23061,495,3.0285058e-17
23062,76358,0.0509507
23063,844,0.007200391
23064,57811,0.008028029
23065,114734,0.0013290688
23066,92988,0.0014779106
23067,60332,9.464037e-12
23068,33346,1.0790926e-11
23069,81527,0.0014779106
23070,59021,0.0005574171
23071,5047,0.065056875
23072,14740,1.20741585e-11
23073,5428,0.0065436587
23074,89749,0.0014779106
23075,53169,3.5955006e-28
23076,94879,3.0797915e-09
23077,115510,0.00092953467
23078,54837,2.990999e-08
23079,10257,3.5220046e-07
23080,8629,3.8976886e-08
23081,74134,0.042199478
23082,112947,0.013391664
23083,21683,1.5907375e-10
23084,71250,0.026713273
23085,38256,9.821323e-18
23086,3318,1.4524401e-08
23087,36283,0.0073496904
23088,79463,7.0716646e-09
23089,83724,0.016494239
23090,61997,0.003860181
23091,1844,1.02641036e-19
23092,104165,0.005038059
23093,60986,0.047915254
23094,70739,0.028968716
23095,63548,0.0029160744
23096,78238,0.0013375316
23097,106787,7.33054e-17
23098,97631,0.0074967635
23099,7551,7.081756e-07
23100,10889,0.004560521
23101,93547,0.008091315
23102,110310,0.029135652
23103,2497,0.0017362648
23104,61829,3.868407e-18
23105,76334,0.00033746878
23106,61918,2.3761502e-09
23107,31094,0.0267177
23108,105478,0.012100477
23109,15589,0.006346131
23110,108655,6.7325855e-05
23111,39260,0.06139194
23112,34811,1.1001276e-12
23113,52876,0.0005405492
23114,40614,4.633601e-27
23115,31313,1.2670384e-09
23116,76369,4.2659276e-17
23117,80445,9.238035e-08
23118,40250,8.117683e-13
23119,45269,0.0042714477
23120,110922,7.954066e-06
23121,12992,0.04652231
23122,102362,0.048003506
23123,26373,0.006983701
23124,10699,0.00037575368
23125,14071,1.9372951e-08
23126,111771,0.028968716
23127,87923,0.0013357647
23128,10067,0.008123187
23129,27301,0.039078597
23130,66024,5.0140037e-10
23131,67390,0.00012665114
23132,58168,0.026459238
23133,39871,1.39413645e-08
23134,7223,0.018780485
23135,112946,0.044971768
23136,68872,0.0017178432
23137,105350,0.008091315
23138,54316,1.2936737e-12
23139,88122,0.016539916
23140,46689,0.0033686915
23141,9886,3.2489273e-09
23142,108645,0.029542837
23143,51024,0.016494239
23144,37007,6.758326e-13
23145,2534,1.4524401e-08
23146,113561,0.026463047
23147,102670,0.0001779566
23148,46389,2.4629899e-20
23149,43930,1.2511875e-10
23150,53736,3.3368646e-09
23151,11655,8.71723e-09
23152,51335,0.010517384
23153,52662,4.6773253e-06
23154,9585,4.856686e-08
23155,27182,2.8954508e-15
23156,34078,0.008028029
23157,5169,1.0720688e-10
23158,56602,2.7410535e-05
23159,77149,0.0012866956
23160,83696,7.9613897e-16
23161,67319,0.032263808
23162,62750,0.026459238
23163,10563,0.00037575368
23164,53694,0.017052261
23165,29562,7.146488e-08
23166,73909,0.9788408
23167,84474,5.1387015e-12
23168,75341,1.2167922e-05
23169,83296,0.005309537
23170,45682,0.016525099
23171,45622,1.7801782e-06
23172,5140,1.9015274e-09
23173,61831,0.0077871648
23174,13985,0.010881814
23175,109750,3.3776446e-06
23176,68378,0.20852888
23177,63734,0.00047763984
23178,92552,0.00025672995
23179,78773,0.01155858
23180,97330,3.410102e-14
23181,40664,0.011572759
23182,30458,1.3085088e-05
23183,81907,0.015734917
23184,39218,0.008079731
23185,55866,1.2137187e-05
23186,6384,0.009763386
23187,22664,7.5765986e-19
23188,55567,0.010517384
23189,16773,5.008186e-20
23190,92264,1.9087013e-08
23191,50992,0.010517384
23192,104741,2.0764384e-18
23193,63474,2.934888e-05
23194,80438,2.2666028e-17
23195,29485,0.03847054
23196,59838,1.00079325e-16
23197,110584,0.029184978
