index,ID,fraud_flag
0,64707,1.2752543e-10
1,63919,2.2299404e-12
2,15664,0.004324647
3,6626,0.011219062
4,26766,0.0006145481
5,2055,0.008419651
6,80703,2.645218e-06
7,45482,0.16088913
8,91264,0.00012833794
9,1049,8.486335e-17
10,67644,0.018483168
11,17283,1.589128e-09
12,111047,0.007818049
13,6283,0.008324848
14,10932,4.5982097e-07
15,6866,0.025378162
16,32797,0.009529468
17,87632,0.019700931
18,20830,3.906941e-15
19,70988,0.006284894
20,2589,0.005959611
21,76471,0.019700931
22,57026,0.012294085
23,34068,0.0043132193
24,110099,1.7774738e-08
25,44409,7.97761e-12
26,98424,0.045838933
27,100327,0.00083314016
28,85449,0.042404953
29,105123,0.0008847968
30,115595,5.6027005e-09
31,34762,0.0075724777
32,30440,0.010153873
33,395,9.327265e-07
34,34667,0.34406856
35,87615,0.010307644
36,43712,9.2024327e-10
37,17074,6.354427e-06
38,68564,0.025521828
39,91813,0.033939894
40,62080,0.00074824225
41,12050,4.8872698e-11
42,63426,4.809181e-06
43,93726,0.001622638
44,21287,0.16553059
45,25800,0.009634294
46,33442,0.03628035
47,46493,1.2938906e-06
48,105529,0.004348352
49,25747,3.077064e-05
50,105901,0.0013400326
51,53369,0.0022265424
52,80105,0.00042320866
53,93931,0.010312991
54,106790,0.5701585
55,17416,1.6517629e-10
56,105290,1.5037558e-06
57,58133,9.0972004e-05
58,81540,0.0038181362
59,23236,0.0053015677
60,62711,3.328745e-10
61,20999,0.02646379
62,103783,9.035558e-16
63,17545,0.025521828
64,91278,0.004348352
65,16821,0.11714056
66,47115,0.009634294
67,101433,0.014854666
68,64042,4.809181e-06
69,2158,4.5948076e-07
70,44272,0.019770224
71,88331,2.645218e-06
72,6698,5.499046e-06
73,69531,2.645218e-06
74,30625,0.0006145481
75,11877,3.2927572e-14
76,52353,2.2445816e-08
77,31005,0.026527464
78,101230,0.019803535
79,60853,7.878528e-10
80,56734,0.16724965
81,53707,0.071296066
82,50265,4.7645122e-07
83,72607,0.09846249
84,49053,1.8662642e-13
85,36071,0.0007336302
86,40741,0.17090155
87,56960,0.00027664145
88,53425,2.1593523e-14
89,81012,1.4684047e-06
90,103397,0.00023300828
91,115241,0.009529468
92,16477,7.008336e-10
93,106300,0.04389628
94,778,3.6119144e-13
95,54111,6.1873536e-12
96,43160,0.0007087049
97,13312,0.00018183581
98,40729,0.007832138
99,29282,0.010153873
100,2486,0.02583555
101,81324,0.0008815368
102,75361,0.0073724524
103,83557,4.466335e-05
104,78430,0.009111229
105,58733,0.010153873
106,4100,4.062103e-08
107,89993,0.02063519
108,85173,0.019700931
109,100381,0.057741154
110,19324,0.0059027667
111,71719,2.645218e-06
112,89961,0.00018680909
113,87549,1.7281733e-05
114,82988,1.8688752e-13
115,22403,0.0023332017
116,51891,1.5672161e-11
117,45978,1.6392189e-05
118,20555,0.0110621145
119,55970,0.06382485
120,47319,0.001826782
121,74241,0.8880841
122,103281,4.8468673e-06
123,108240,2.937515e-06
124,61359,0.009622694
125,71663,0.008768024
126,89413,0.05755738
127,39662,0.027750155
128,112982,3.0957767e-12
129,56650,0.06810957
130,8849,5.8573767e-07
131,12567,8.409773e-15
132,73998,0.009642077
133,1712,0.008324848
134,112407,0.00013748987
135,15075,1.8478465e-12
136,101430,0.003420462
137,79990,1.6518667e-14
138,52886,0.0007732899
139,87463,0.05755738
140,61955,0.011792748
141,30263,0.00018256146
142,85593,2.3617148e-12
143,103216,3.7075192e-09
144,39612,0.0084224185
145,44407,1.1247835e-10
146,98760,0.00035334087
147,17265,0.0004703904
148,106871,0.0001388286
149,83690,0.008768024
150,107039,0.005594038
151,57715,1.4637347e-11
152,41191,0.0051894467
153,101274,1.4434058e-09
154,85340,3.372079e-13
155,42354,0.0014630348
156,36079,2.1506123e-08
157,71215,0.001412384
158,39362,9.764108e-15
159,5693,0.0027039677
160,78375,0.0008461725
161,61534,5.580546e-07
162,67488,0.0017329667
163,15561,0.01020377
164,16157,0.008768024
165,17,2.9013272e-05
166,29639,0.010153873
167,91112,2.2999452e-12
168,104649,0.058114987
169,693,0.009566048
170,4689,5.8257976e-09
171,58919,0.010153873
172,36766,0.010153873
173,15077,0.009566048
174,37006,0.0018575531
175,93345,0.011792748
176,44664,9.817902e-13
177,18762,0.00026360096
178,22379,0.009634294
179,89724,1.663288e-12
180,3745,9.986789e-06
181,83488,0.00975874
182,108394,3.6503766e-15
183,8641,0.1239092
184,69466,0.00012833794
185,25047,4.850266e-10
186,39695,0.001014729
187,57982,2.3617148e-12
188,90462,7.8082286e-07
189,112752,0.00013748987
190,117,0.00043509935
191,98398,1.3204417e-10
192,19002,1.3053154e-06
193,100559,2.8641318e-11
194,11291,2.6669653e-05
195,72304,0.001025634
196,23250,0.00064425793
197,99518,1.1898638e-09
198,105725,0.009795432
199,55984,2.3242088e-12
200,97310,0.00074824225
201,39077,2.4394644e-12
202,110918,0.019840907
203,41184,0.2154007
204,9739,4.4975097e-13
205,6322,0.00028797015
206,10936,8.102696e-05
207,92917,0.00010362669
208,16710,0.008768024
209,113964,1.3058267e-11
210,110281,0.0017241349
211,501,4.1755328e-07
212,38063,5.87821e-07
213,53303,3.7244482e-11
214,75137,0.00083792664
215,31793,0.1011775
216,77822,0.6672468
217,22821,0.00013684636
218,79560,0.019803535
219,1724,0.008324848
220,41295,0.026362604
221,114664,0.0003068211
222,83239,0.00084738084
223,76161,0.0017212755
224,12812,0.004296576
225,73079,0.018483168
226,33477,1.9231375e-10
227,110911,2.1756512e-05
228,74088,0.0076118424
229,91464,2.645218e-06
230,78965,6.841912e-11
231,115734,0.026325935
232,39064,0.0006145481
233,87531,0.0007041519
234,21392,0.0048581962
235,85410,4.816796e-06
236,101374,0.0022232037
237,61893,0.027856028
238,35957,0.020443067
239,18330,2.312488e-06
240,25920,6.251357e-10
241,29321,0.010153873
242,50864,2.5720562e-08
243,16324,6.5956314e-08
244,107063,0.058114987
245,62263,0.006300868
246,38175,0.00088267185
247,36909,2.4765419e-07
248,97440,0.043769367
249,107136,0.0026402196
250,51426,0.032733623
251,62186,0.00074824225
252,57941,0.06895566
253,88610,0.00041208786
254,77426,5.191422e-10
255,63630,3.183053e-11
256,97452,2.2050328e-12
257,27847,1.2949229e-08
258,72330,0.071296066
259,83242,0.007811113
260,99627,0.040207192
261,55561,7.068301e-06
262,21229,8.676851e-17
263,43254,0.06810957
264,46349,0.26227805
265,32885,0.004342316
266,63211,0.0017212755
267,74017,0.0017212755
268,112309,9.659207e-12
269,71080,1.8926743e-06
270,11233,1.4410361e-05
271,65032,3.9029337e-07
272,62670,8.332552e-09
273,34602,3.9046914e-15
274,113971,0.16443095
275,44728,0.04496502
276,78716,2.645218e-06
277,60993,0.00074824225
278,62434,0.016514579
279,13314,8.280344e-10
280,9420,0.009566048
281,94502,0.018483168
282,14782,0.00071242865
283,105399,0.02497363
284,26114,1.3286687e-08
285,94952,7.721771e-09
286,63121,0.00083792664
287,17505,8.601e-11
288,23853,2.7301644e-08
289,76294,0.001622638
290,79180,0.0048823906
291,66894,0.00012833794
292,97408,5.3875656e-06
293,33501,2.2537788e-12
294,50551,0.06218111
295,80870,0.010307644
296,36561,0.00975874
297,41816,0.0008247567
298,62882,1.8689731e-15
299,34681,0.010153873
300,114749,0.023700545
301,8606,1.8953872e-06
302,42446,2.0826691e-11
303,53904,0.06113867
304,22551,1.8075826e-06
305,94510,1.3507974e-08
306,1373,1.0164722e-08
307,82674,0.0059027667
308,40993,0.009634294
309,92014,0.011792748
310,73191,0.030313974
311,106449,4.323737e-09
312,58423,8.986403e-12
313,27731,2.3708365e-08
314,89611,0.001622638
315,64260,4.809181e-06
316,94809,4.9575738e-06
317,102324,3.6850644e-13
318,86926,0.011792748
319,49185,7.4395207e-06
320,57289,0.0076118424
321,2655,0.008314315
322,2988,1.0370048e-08
323,545,1.1930383e-07
324,28457,6.963752e-10
325,14596,2.6380682e-15
326,79184,0.06382485
327,15201,8.346714e-05
328,56585,0.010321185
329,6307,0.0029713067
330,98730,0.0334585
331,51980,1.8662642e-13
332,80528,2.645218e-06
333,22762,1.260608e-11
334,51747,2.3566224e-11
335,18778,3.3871206e-07
336,47414,0.00016816138
337,72518,0.17312463
338,13949,0.08795444
339,55661,0.010153873
340,89809,6.720714e-13
341,61393,1.0164954e-05
342,75157,0.019700931
343,49321,0.05502298
344,32608,0.0036432927
345,5749,3.027593e-07
346,4497,2.2760958e-06
347,5680,0.00982049
348,9543,0.002368571
349,3613,0.06816077
350,74486,0.0001825176
351,92762,1.5311491e-10
352,26829,8.8515044e-08
353,87804,1.1985234e-13
354,64122,3.933027e-07
355,6967,0.010143422
356,33595,2.4884508e-09
357,29196,0.010153873
358,51322,1.211526e-06
359,103698,9.193248e-12
360,30082,0.010153873
361,45037,0.0023332017
362,104501,1.4323838e-06
363,28006,1.2379304e-07
364,1572,6.809992e-06
365,105217,0.011911542
366,48157,0.08795444
367,48353,0.0017212755
368,5189,4.1598803e-05
369,62531,0.004342316
370,93051,0.030740164
371,38760,0.00015375872
372,51776,0.008768024
373,31602,4.796439e-10
374,109562,0.01474979
375,65343,1.3758148e-11
376,32437,0.008419062
377,5350,1.6296804e-12
378,97738,1.3751747e-11
379,83307,0.026332634
380,29927,0.019840907
381,101416,0.00083792664
382,94024,8.227291e-10
383,72374,1.126962e-12
384,72292,2.253001e-12
385,56177,0.045318313
386,9135,0.0045538414
387,78647,4.2236343e-09
388,59323,0.012294085
389,79453,0.0017212755
390,11380,0.002908524
391,45280,0.019770224
392,24095,3.573794e-12
393,90252,0.026112074
394,101354,8.259488e-06
395,39613,1.8884578e-09
396,56024,0.071296066
397,29067,0.019449603
398,72766,0.9978796
399,91040,0.025739817
400,102100,0.010153873
401,91937,0.0010014289
402,33126,0.011792748
403,43785,1.1648578e-12
404,23703,0.010181155
405,3837,0.024114532
406,7726,7.526478e-05
407,9364,0.024114532
408,111757,1.0169997e-05
409,9181,7.536797e-06
410,87618,3.5684783e-10
411,76250,4.4704886e-11
412,36068,0.008419062
413,46893,0.010283782
414,114571,7.9842925e-05
415,38291,9.4697856e-07
416,67623,0.0001825176
417,101068,0.0073724524
418,85744,5.0742826e-12
419,53069,0.0043132193
420,80582,2.645218e-06
421,50799,0.009529468
422,112728,0.024876568
423,102871,5.2565283e-06
424,20702,9.942641e-08
425,50019,0.06113867
426,114385,0.019840907
427,88270,0.0017613388
428,87238,3.468923e-06
429,80143,5.5322387e-05
430,71196,0.0017212755
431,57365,5.621182e-05
432,95054,0.018669777
433,74508,0.00083792664
434,61161,7.843864e-13
435,26538,0.00020537236
436,56029,0.033939894
437,31570,1.2098271e-11
438,106217,3.766459e-08
439,12642,1.1134598e-10
440,112036,0.03338991
441,34514,0.009529468
442,93450,1.6477798e-05
443,38545,0.071296066
444,107432,0.00012975436
445,3722,3.5511338e-08
446,57759,0.025841981
447,82794,2.5097469e-10
448,64296,1.7648804e-11
449,7803,0.0059600095
450,45852,0.07140674
451,19727,0.801197
452,101122,5.688284e-12
453,59991,0.15288103
454,15276,3.8826754e-13
455,21190,6.6684986e-14
456,57751,2.8123476e-11
457,48048,0.025754122
458,14201,2.1577054e-18
459,104452,0.019840907
460,61560,0.0005693696
461,13655,8.221442e-17
462,111774,0.00040628854
463,29079,0.062295023
464,32527,0.008419062
465,112644,3.0957767e-12
466,89335,0.00058822014
467,106410,0.01474979
468,88697,0.014680523
469,68809,2.4044175e-08
470,19408,5.6094673e-06
471,278,1.2378608e-07
472,111383,3.9326403e-10
473,67563,4.5556078e-08
474,112976,0.0016672314
475,102347,0.01503426
476,4923,0.01143928
477,92434,6.565207e-07
478,49135,4.8384113e-06
479,24611,3.705407e-12
480,104534,1.2179926e-12
481,67830,0.011792748
482,112269,4.9861985e-12
483,72199,2.645218e-06
484,93470,0.00027768154
485,92290,0.033939894
486,62790,1.8696355e-12
487,29962,0.010153873
488,43340,0.16553059
489,95912,4.997119e-06
490,2054,0.008419651
491,105031,0.004348352
492,82647,0.0026855527
493,4104,0.0010624663
494,32165,0.00958351
495,3485,0.3091956
496,53150,1.8688752e-13
497,55810,3.123576e-12
498,96529,0.0018833948
499,61429,5.89538e-13
500,82759,0.0034856612
501,98261,2.500936e-07
502,73851,1.0164954e-05
503,96701,6.7414546e-11
504,108510,8.89374e-13
505,4513,0.00025362725
506,7989,3.1073574e-05
507,52209,2.528839e-06
508,51706,0.0055668545
509,75132,0.0022232037
510,88174,3.6608912e-15
511,70443,0.02146122
512,79727,4.816796e-06
513,75815,0.012588599
514,109976,0.0017241349
515,40198,0.8722685
516,56110,0.045318313
517,105614,7.7600096e-05
518,51330,3.4271313e-08
519,89294,0.0017212755
520,29257,2.13079e-11
521,100033,0.0003068211
522,67397,3.4778232e-11
523,105967,0.00012900085
524,38882,0.026362604
525,63066,0.00041208786
526,99436,0.057398185
527,75724,0.13918352
528,79512,2.479916e-10
529,22706,1.0857425e-07
530,2749,1.2581616e-07
531,31627,0.004342316
532,40317,1.267721e-11
533,47068,0.007811113
534,112718,0.0003851914
535,48713,0.0007002288
536,39577,0.0055595473
537,65495,2.428983e-10
538,14485,1.416337e-07
539,56594,1.0160855e-05
540,62322,0.05755738
541,69218,0.00044873313
542,50698,6.569255e-15
543,105068,0.0001825176
544,64397,1.6727905e-09
545,92772,0.019803535
546,74760,8.858513e-08
547,58341,1.1907338e-08
548,92893,0.06163517
549,50706,0.0043132193
550,3254,0.008314315
551,87809,0.05755738
552,105595,5.0948374e-14
553,108347,0.01474979
554,11053,6.633346e-07
555,50097,1.41678085e-14
556,86132,1.6244063e-10
557,36263,0.00071242865
558,95855,3.0237401e-12
559,83201,2.3617148e-12
560,18947,0.0027715482
561,15456,0.014371754
562,102205,0.0009980458
563,37779,9.778129e-10
564,46785,0.002534007
565,76488,1.4046416e-16
566,102027,0.010307644
567,8838,6.2124443e-13
568,55321,2.1480876e-11
569,32597,0.031558283
570,11647,8.405549e-09
571,15613,0.14393526
572,80527,0.009529468
573,23335,0.019700931
574,77863,0.012440645
575,19824,2.7362048e-13
576,38893,4.7747603e-06
577,34168,0.010153873
578,44081,0.009634294
579,59661,8.723395e-06
580,10466,0.0045538414
581,96815,1.9997237e-10
582,44377,0.010153873
583,100864,0.010312991
584,94430,0.010153873
585,87742,1.52989e-11
586,65674,2.085245e-11
587,104512,0.0007507431
588,24492,1.09398684e-07
589,49739,4.7747603e-06
590,80417,0.0017212755
591,99334,0.0054971282
592,112122,0.0017241349
593,101283,2.645218e-06
594,21677,0.009622694
595,95083,0.00083792664
596,106571,4.900994e-06
597,90303,0.032351613
598,9299,2.2967484e-07
599,6426,1.512111e-06
600,94693,1.8453539e-11
601,63857,1.7668013e-05
602,88880,0.030313974
603,1883,6.0892035e-07
604,84356,0.0017212755
605,61747,0.00781506
606,41443,0.008768024
607,12360,1.1712434e-11
608,78005,3.0591146e-12
609,94849,4.809181e-06
610,22284,0.010283782
611,29215,3.7761207e-15
612,82606,0.019700931
613,104103,0.00083792664
614,36447,0.012440645
615,41050,1.5897362e-18
616,9949,2.6879407e-05
617,45600,6.6168633e-12
618,73479,1.10801665e-07
619,46979,0.009529468
620,41784,2.7301644e-08
621,90034,0.0579823
622,19768,2.0526265e-11
623,20081,0.0835557
624,63156,4.7131865e-10
625,50526,1.2870207e-09
626,33958,1.285992e-10
627,14261,4.6719473e-12
628,35991,6.2123676e-05
629,51997,0.043965206
630,79806,1.0746853e-10
631,95620,0.005938862
632,34320,0.092888534
633,21679,6.524574e-08
634,103104,0.045838933
635,68491,0.020789078
636,79707,0.045838933
637,83363,2.6477746e-06
638,45483,0.010825283
639,31264,0.004342316
640,37724,6.3550276e-09
641,93250,0.011792748
642,103271,0.00083792664
643,64938,4.809181e-06
644,533,1.4872482e-10
645,67037,0.00088056264
646,93473,0.05917771
647,31665,0.08829165
648,102196,0.0008815368
649,45224,0.011792748
650,83765,1.6991017e-08
651,101763,2.645218e-06
652,42042,7.26415e-05
653,67828,0.06919924
654,59157,0.018483168
655,99616,0.0579823
656,375,4.2589033e-07
657,69416,3.87126e-12
658,63999,1.2752543e-10
659,78883,0.0022265424
660,31772,1.1079063e-05
661,67449,0.042485286
662,48837,0.010153873
663,37881,0.08829165
664,105357,4.9160633e-08
665,57189,0.032398634
666,98878,0.008768024
667,98940,0.06063979
668,15375,0.000113326525
669,99199,1.2437129e-08
670,57281,8.8400603e-13
671,109732,2.1654668e-12
672,13354,4.6719473e-12
673,72902,2.645218e-06
674,113479,1.2300699e-08
675,58274,0.09673475
676,104509,0.0003068211
677,44498,0.010283782
678,39696,0.025521828
679,21928,5.646397e-16
680,47299,0.010283782
681,112470,0.058114987
682,84809,0.00012833794
683,34971,0.008768024
684,9567,5.939876e-08
685,58474,2.2050328e-12
686,34696,0.00088267185
687,33177,3.389503e-09
688,30371,5.304887e-08
689,111751,0.00012900085
690,58321,3.177157e-07
691,14148,6.699734e-06
692,15809,0.00088267185
693,65457,0.0018833948
694,111372,0.058114987
695,36594,0.0007336302
696,102912,0.0017212755
697,52753,3.6649012e-06
698,65752,1.1069936e-12
699,115710,0.01474979
700,23591,0.004342316
701,17983,4.3546523e-15
702,45798,1.829888e-13
703,106725,0.00032232614
704,66451,0.038478956
705,107430,0.0007507431
706,4661,1.8083791e-06
707,10387,1.2081507e-07
708,78369,1.52989e-11
709,16948,1.894824e-11
710,17737,1.9958323e-11
711,21807,1.5852545e-11
712,111914,0.0018876592
713,106711,2.3174849e-08
714,54179,0.0079764025
715,2255,8.9613854e-07
716,102888,0.009529468
717,70070,0.00465448
718,13371,2.7832348e-06
719,15328,2.2611275e-17
720,5326,0.0036235822
721,98753,0.000102279075
722,15979,4.583979e-08
723,69201,0.0017463663
724,68233,0.010307644
725,43903,0.004342316
726,61446,0.026102437
727,107870,2.4605597e-11
728,64151,1.2752143e-08
729,39190,0.0059027667
730,60485,0.05755738
731,61360,0.0017212755
732,92658,0.00041208786
733,90645,0.009642077
734,84042,2.1009233e-10
735,99935,0.018669777
736,29513,0.019840907
737,34249,6.962831e-11
738,10336,0.011604054
739,16350,1.0309914e-16
740,56866,0.0012404633
741,37369,0.0001759758
742,16662,2.0893283e-12
743,1938,1.13161295e-11
744,12555,0.071296066
745,99851,9.259502e-16
746,90916,0.02063519
747,75043,0.0073724524
748,65278,0.0018833948
749,42076,0.0084224185
750,91286,4.837618e-07
751,76276,9.3687e-13
752,73158,0.071296066
753,92448,1.4896401e-08
754,74964,4.934724e-14
755,55257,2.5027063e-07
756,108498,0.06163517
757,9208,0.00028355065
758,56508,0.0026855527
759,72341,0.010307644
760,65967,4.8117e-06
761,31113,1.4865795e-09
762,93318,3.6657707e-10
763,22480,4.836534e-05
764,75752,5.135289e-13
765,16697,0.019700931
766,26579,2.395742e-12
767,6534,0.07150146
768,56725,7.743414e-05
769,72510,3.2851982e-10
770,22674,0.0001384187
771,57898,2.7368963e-11
772,90026,5.8103583e-10
773,88601,0.00026027774
774,8652,0.05466364
775,7408,5.925313e-06
776,34244,3.9046914e-15
777,89968,4.895445e-06
778,100214,0.0004101637
779,2891,1.310834e-06
780,12559,8.8136106e-13
781,49025,0.00016960665
782,33870,3.9046914e-15
783,69606,0.010307644
784,57042,0.0059027667
785,114064,0.019840907
786,728,4.1845263e-07
787,71654,3.1095417e-12
788,47027,0.009634294
789,41250,9.5253935e-12
790,1630,8.12202e-05
791,55361,0.010153873
792,63639,2.8053344e-07
793,115273,1.8390782e-11
794,43430,0.0058992202
795,111233,2.1634668e-14
796,93160,0.030740164
797,27887,0.07140674
798,21843,0.010283782
799,79166,5.0347744e-06
800,98456,2.9437802e-08
801,19852,2.058765e-09
802,16831,4.194077e-06
803,103336,0.058114987
804,100769,2.5865544e-08
805,46063,0.010283782
806,34534,1.02988364e-11
807,115948,2.3094293e-10
808,87782,0.033939894
809,87652,0.00041208786
810,26365,0.032769844
811,100684,4.8650115e-08
812,14358,1.7187452e-13
813,18797,0.010788714
814,76235,0.008768024
815,18255,4.7814027e-14
816,34981,0.00015394855
817,885,1.9398744e-06
818,39133,1.805531e-11
819,22504,2.6891575e-10
820,57135,0.06891348
821,96741,0.009642077
822,35895,0.060708195
823,15442,0.007832138
824,28839,2.13079e-11
825,90862,4.9164566e-08
826,57101,2.2050328e-12
827,20459,3.1891537e-07
828,106982,0.03349911
829,89803,0.00041208786
830,75674,2.2282185e-12
831,103938,3.6117349e-06
832,26549,0.0014630348
833,51210,7.743414e-05
834,22082,1.0718209e-07
835,99316,0.0579823
836,37683,7.596674e-05
837,102322,0.026378538
838,12356,0.0023938036
839,2765,0.008314315
840,74343,3.921514e-06
841,113233,4.6101082e-08
842,66575,1.4878995e-08
843,85051,0.010307644
844,64211,3.9440062e-07
845,106908,0.0001388286
846,91261,0.0021767623
847,63342,2.3785823e-07
848,10069,9.686416e-09
849,73421,0.0014660647
850,69688,0.8771967
851,1916,1.3666478e-07
852,60627,4.809181e-06
853,65061,4.3731996e-10
854,98762,0.00044716065
855,110721,0.026102437
856,71075,0.06063979
857,36583,1.564564e-07
858,37828,1.0580067e-08
859,31886,1.09398684e-07
860,50401,0.06113867
861,95231,0.018669777
862,72370,4.679634e-05
863,81888,0.04496502
864,91872,0.0017212755
865,69257,0.05755738
866,85541,0.008422665
867,110988,0.00095678144
868,29389,0.0045054127
869,73105,3.6608912e-15
870,60871,6.1342103e-06
871,85124,0.00022616444
872,66055,1.1069936e-12
873,79308,0.01083776
874,69138,0.06895566
875,43470,0.07140674
876,22682,9.419849e-11
877,71908,0.03310854
878,112624,0.058114987
879,86645,1.4716324e-10
880,79794,5.445499e-16
881,93410,1.2093096e-06
882,18488,0.01020377
883,87727,0.0018843443
884,24604,6.738913e-10
885,858,7.9103716e-14
886,40474,2.7108706e-09
887,102567,4.9742088e-05
888,26475,6.6613803e-10
889,39434,0.0031142742
890,4280,0.022495551
891,4363,0.026492594
892,75693,2.645218e-06
893,37366,1.6640723e-05
894,45766,3.6793336e-13
895,95063,0.033757117
896,53878,0.00083792664
897,5385,0.01843841
898,13919,0.003314459
899,8778,4.062103e-08
900,43603,0.07140674
901,36953,0.0067218016
902,114804,0.023700545
903,7047,5.700019e-05
904,113578,8.2815204e-12
905,61299,0.004342316
906,69762,1.8338292e-07
907,34228,0.0018694574
908,97227,2.735236e-08
909,75009,0.033514667
910,32689,0.019449603
911,114483,0.026527464
912,9028,7.440788e-08
913,72784,0.019449603
914,43102,1.2689105e-12
915,17174,3.7119293e-08
916,108850,1.8746972e-05
917,93274,2.9457485e-06
918,111350,2.645218e-06
919,101529,0.00012900085
920,36379,2.2470965e-15
921,33392,0.010153873
922,114841,0.01199421
923,78860,0.0011172907
924,111563,4.8663064e-06
925,54796,3.317934e-05
926,64079,7.4961606e-11
927,6668,5.281613e-06
928,22115,2.040094e-18
929,11711,0.01143928
930,107304,7.804289e-09
931,30788,1.4352126e-07
932,100674,3.720834e-11
933,57164,0.024499305
934,91601,4.9654947e-10
935,93919,0.00035535512
936,53392,2.4364653e-12
937,110586,2.1695844e-06
938,7210,0.0017668338
939,5815,4.1755328e-07
940,19593,8.149158e-05
941,64384,0.00074824225
942,110494,1.1508396e-05
943,55333,0.05502298
944,103234,0.059613198
945,88602,0.02063519
946,58152,0.00012833794
947,35486,5.933147e-17
948,106966,0.882633
949,28743,0.001069435
950,92010,6.5645804e-07
951,68967,3.933027e-07
952,114683,1.000637e-06
953,55680,2.4364653e-12
954,111861,1.2179926e-12
955,110932,0.02911759
956,354,0.06113867
957,39998,1.8479601e-07
958,19200,0.007811113
959,76143,0.0018843048
960,1617,2.6736438e-07
961,45206,2.2817632e-09
962,74375,0.008422665
963,28730,0.18826114
964,51172,0.032733623
965,113597,0.00076298724
966,40816,0.019426988
967,108785,0.0017053889
968,92298,0.0014660647
969,6549,1.7314163e-07
970,91511,0.00023291522
971,93581,1.27897085e-11
972,9051,0.13167304
973,62544,0.033939894
974,64378,0.0029602337
975,48466,1.6106326e-12
976,84038,0.045318313
977,39096,4.784337e-06
978,111852,0.0048994785
979,12418,0.0066146124
980,96796,6.691631e-08
981,40636,0.0028159623
982,48293,0.05755738
983,4943,0.02788617
984,94920,6.9774764e-09
985,54345,5.553382e-05
986,109443,2.1644223e-12
987,23715,0.01143928
988,37474,0.020443067
989,104222,0.013347561
990,64986,0.00088056264
991,115836,9.847107e-08
992,52932,4.600338e-05
993,99150,0.0008847968
994,51139,0.010153873
995,26034,0.004342316
996,25497,0.0007336302
997,53976,0.021867668
998,85045,1.6416641e-06
999,63763,7.9220496e-05
1000,73927,0.031010386
1001,78763,0.029964622
1002,40524,7.3188305e-05
1003,60080,1.126962e-12
1004,38018,0.00011293772
1005,37104,0.0016135752
1006,66782,8.986403e-12
1007,95262,0.003869869
1008,62423,1.4736764e-15
1009,99900,0.09819669
1010,66071,1.7648804e-11
1011,68684,0.0007615885
1012,63647,4.809181e-06
1013,102818,0.00053627795
1014,77240,0.0018784801
1015,12171,0.00018183581
1016,11744,8.409773e-15
1017,65812,1.0165818e-05
1018,79056,2.0582256e-06
1019,66526,5.424497e-08
1020,113751,1.8155449e-08
1021,56106,4.6669533e-11
1022,39448,0.0063479203
1023,4372,0.01143928
1024,78001,7.743414e-05
1025,32123,9.798932e-09
1026,73152,0.0065565486
1027,34136,0.071296066
1028,61539,0.0018833948
1029,36696,0.018483168
1030,45526,0.010283782
1031,56,0.010534443
1032,20686,2.3198825e-07
1033,21765,0.00011293772
1034,99170,0.026325935
1035,64623,4.809181e-06
1036,109437,0.03350731
1037,79064,0.05917771
1038,100984,2.6048814e-09
1039,28997,0.004342316
1040,101693,0.00012900085
1041,104025,0.012062919
1042,17388,0.0003156842
1043,100747,0.0065472187
1044,110907,2.5496796e-09
1045,80508,0.02560859
1046,14628,8.5467036e-08
1047,44227,5.1155533e-16
1048,16513,0.010788714
1049,51743,1.41678085e-14
1050,64927,0.0014642557
1051,102125,2.903772e-13
1052,98729,1.04088535e-11
1053,32824,7.475172e-06
1054,67448,0.0025516099
1055,41982,1.9320046e-11
1056,104531,1.1477457e-12
1057,84893,2.5836377e-10
1058,27235,1.0120436e-09
1059,63674,1.6507242e-05
1060,101362,1.9572908e-13
1061,72224,0.026102437
1062,89172,0.05755738
1063,64679,3.3718685e-12
1064,106421,0.01474979
1065,38230,1.2334536e-11
1066,99629,0.0026356908
1067,90571,2.6637947e-11
1068,92202,0.015850792
1069,98812,3.6608912e-15
1070,2886,1.5299134e-06
1071,4475,8.2829246e-07
1072,72438,0.010307644
1073,46830,0.0038181362
1074,11309,8.405549e-09
1075,60096,0.00041208786
1076,76773,8.9900126e-10
1077,47830,1.0463119e-10
1078,107459,0.018669777
1079,111236,1.3697942e-06
1080,102154,0.06113867
1081,65859,3.9336186e-16
1082,20280,0.00071242865
1083,93545,0.05755738
1084,113800,2.3906993e-11
1085,40355,2.0315177e-07
1086,78950,0.030313974
1087,79619,0.07145986
1088,47530,0.009634294
1089,81065,0.009452026
1090,94171,0.06826554
1091,31247,0.004342316
1092,55209,2.8665691e-11
1093,19954,1.8706655e-13
1094,19819,0.00975874
1095,87990,0.011072421
1096,30269,0.019840907
1097,41171,2.1176494e-12
1098,71168,0.06895566
1099,9658,2.1401354e-07
1100,40734,2.4051335e-15
1101,32263,0.0715194
1102,1616,5.574668e-07
1103,42637,0.05157962
1104,74937,0.15494782
1105,27883,1.9902107e-05
1106,55033,0.008419062
1107,85715,0.0055668545
1108,85586,0.0014630348
1109,60693,0.025521828
1110,22213,3.221621e-07
1111,11864,0.026492594
1112,53100,0.010153873
1113,73228,0.0001825176
1114,1925,0.008314315
1115,21479,2.7301644e-08
1116,22312,2.13079e-11
1117,4507,0.008829418
1118,43922,2.2022694e-14
1119,95504,0.00074824225
1120,42621,2.13079e-11
1121,72500,0.018483168
1122,107281,4.831357e-06
1123,28987,0.00013743206
1124,101461,3.106803e-12
1125,113804,9.047837e-08
1126,7724,0.023568474
1127,47947,0.018483168
1128,76811,2.720158e-16
1129,45423,4.0487284e-12
1130,45359,4.0742667e-13
1131,28778,0.0079165995
1132,60952,0.00018183581
1133,101849,0.008768024
1134,16514,0.01020377
1135,98234,0.0017537636
1136,71740,0.07229241
1137,59947,7.1727956e-14
1138,27786,0.034086544
1139,13035,0.0891212
1140,114671,0.0074518174
1141,9837,1.481062e-07
1142,28881,0.2154007
1143,58143,0.0055668545
1144,34,0.00027011425
1145,107355,0.010312991
1146,31607,1.1079063e-05
1147,57851,1.126962e-12
1148,15377,0.05471413
1149,114384,0.027370263
1150,49200,0.025802692
1151,54311,5.407426e-14
1152,43165,0.010283782
1153,108889,2.77969e-10
1154,3483,0.06981935
1155,81811,7.874989e-08
1156,83437,9.265011e-13
1157,85147,0.04496502
1158,44221,1.5580478e-19
1159,17742,2.6800137e-05
1160,95774,0.007811113
1161,105010,0.01474979
1162,61835,0.004342316
1163,64746,7.55113e-09
1164,100840,0.026112074
1165,9885,0.012059152
1166,6167,0.026492594
1167,57636,2.1334047e-11
1168,28662,0.0037254924
1169,40488,0.008507103
1170,74414,2.1009233e-10
1171,4376,3.333821e-05
1172,15554,4.563217e-12
1173,73550,0.009529468
1174,69666,3.4041658e-12
1175,115701,5.401672e-11
1176,59627,0.00074824225
1177,106212,2.3906993e-11
1178,32771,2.848981e-14
1179,69075,0.034238406
1180,59036,8.381735e-11
1181,29176,0.010153873
1182,113306,4.934918e-06
1183,107175,0.026325935
1184,101901,0.046001643
1185,59467,0.009529468
1186,38473,0.010283782
1187,10377,9.816277e-08
1188,106110,0.0001388286
1189,41331,0.009634294
1190,87936,3.7455473e-12
1191,60400,0.00012833794
1192,78124,0.0007336302
1193,33217,0.009529468
1194,12427,0.002704195
1195,70075,1.479891e-10
1196,63249,0.01020377
1197,108599,3.3191844e-10
1198,75415,9.74561e-12
1199,101168,0.00074824225
1200,32392,0.016493056
1201,19637,1.2820177e-09
1202,102708,6.386368e-12
1203,114611,2.477957e-07
1204,85287,3.6608912e-15
1205,45764,1.7086393e-05
1206,181,0.00025182584
1207,78327,0.012040861
1208,80244,0.056830663
1209,78021,0.009529468
1210,32878,0.07239715
1211,20175,0.0002284812
1212,48863,0.007811113
1213,111485,0.02375226
1214,108217,0.0008855011
1215,107648,0.019840907
1216,97857,0.0025516099
1217,11504,6.9583075e-06
1218,90089,0.056103524
1219,39604,0.010283782
1220,84807,0.02560859
1221,106625,0.025739817
1222,6456,4.031213e-08
1223,22968,9.384787e-15
1224,92475,3.9138761e-16
1225,93927,0.02445036
1226,27566,0.008768024
1227,78996,0.00026209635
1228,32560,0.004342316
1229,49832,0.00056931423
1230,62046,2.3347055e-10
1231,109154,0.010312991
1232,86551,0.001622638
1233,16617,0.04496502
1234,21015,3.5427463e-11
1235,89597,0.009566426
1236,11084,4.062103e-08
1237,40579,0.0003187994
1238,74513,1.7812087e-10
1239,17247,3.765575e-12
1240,32201,0.009529468
1241,6719,0.0017705677
1242,7939,0.022496888
1243,55465,1.6369303e-06
1244,98033,0.00013748987
1245,71987,0.00025740862
1246,59034,4.7747603e-06
1247,54016,0.010153873
1248,40253,0.013460631
1249,61684,0.00083792664
1250,38881,0.011994912
1251,99388,0.00012900085
1252,74963,3.2561884e-11
1253,114861,1.6735068e-07
1254,32967,8.2511164e-05
1255,51427,5.4813803e-11
1256,40277,0.007875756
1257,71827,0.008768024
1258,90220,0.0023714507
1259,8951,3.970154e-08
1260,60385,0.033939894
1261,62776,0.009622694
1262,53996,0.012062919
1263,32446,2.9144578e-06
1264,31365,0.0007336302
1265,2476,1.5748838e-05
1266,66190,4.8117e-06
1267,65475,5.429427e-11
1268,284,0.010987394
1269,103193,1.0366567e-12
1270,96326,0.0017908708
1271,35520,0.0028999005
1272,60476,0.00041208786
1273,104790,0.010312991
1274,38251,2.0379475e-14
1275,7164,2.6299301e-11
1276,112414,0.058114987
1277,25207,7.212327e-08
1278,102156,0.008422665
1279,57237,0.0055595473
1280,59244,0.0025599306
1281,53411,7.0199118e-09
1282,18093,2.705939e-15
1283,16971,0.06063979
1284,46013,2.0958335e-09
1285,40727,0.008507103
1286,29424,0.06113867
1287,36140,0.00041719584
1288,66114,5.9672525e-09
1289,114970,5.7544525e-10
1290,89907,0.0017275845
1291,58803,8.340414e-06
1292,110153,0.0901013
1293,105739,0.00011140454
1294,95655,0.045838933
1295,8167,7.536779e-07
1296,92330,0.00083792664
1297,111895,0.025739817
1298,92323,0.004348352
1299,6045,0.0048190895
1300,78568,0.010153873
1301,75350,0.019449603
1302,24386,3.705407e-12
1303,42967,1.3639433e-07
1304,94790,0.019803535
1305,3391,0.0007573845
1306,96097,0.010312991
1307,48473,0.14286245
1308,3832,0.015420634
1309,97505,0.02911759
1310,26460,0.00056931423
1311,65091,1.0165818e-05
1312,69346,5.2663694e-14
1313,97281,0.057741154
1314,72344,0.0073724524
1315,9382,0.00096335827
1316,65977,9.426665e-10
1317,26854,2.216658e-09
1318,10622,0.005154131
1319,23393,3.271414e-12
1320,6607,0.0059600095
1321,22903,8.610861e-12
1322,96644,0.0025516099
1323,35836,5.933147e-17
1324,98743,0.010312991
1325,91116,2.2050328e-12
1326,94529,0.057398185
1327,114616,1.6349841e-10
1328,98303,9.262065e-08
1329,72496,2.7883969e-15
1330,18843,4.915024e-11
1331,43354,0.00016960665
1332,90002,5.621182e-05
1333,58219,2.645218e-06
1334,74614,0.033514667
1335,15354,0.008458219
1336,103943,0.069460474
1337,88119,2.0363828e-09
1338,52250,0.87990797
1339,33355,0.1670533
1340,42025,1.0956355e-09
1341,92576,0.043769367
1342,31699,0.009529468
1343,57444,2.1214368e-09
1344,37040,0.025521828
1345,85224,0.009642077
1346,12778,1.2812437e-19
1347,72732,0.0018784801
1348,32704,0.0089692315
1349,41160,0.004342316
1350,83491,5.4790554e-09
1351,100278,0.010312991
1352,82218,0.0048655975
1353,109638,0.02427312
1354,38079,0.009634294
1355,94249,0.05755738
1356,49308,3.9409218e-14
1357,70011,1.2552377e-16
1358,30364,0.0046494156
1359,12784,1.8606625e-13
1360,65998,4.823215e-11
1361,58695,0.006300868
1362,40463,0.019426988
1363,12606,6.9077227e-15
1364,56419,2.3566574e-08
1365,12869,8.799746e-11
1366,1087,6.434753e-06
1367,104251,0.008768024
1368,26286,0.012125932
1369,113612,0.024880426
1370,101828,2.0705136e-11
1371,28409,7.019559e-14
1372,99684,1.2343235e-05
1373,77835,0.0010022116
1374,49570,0.00058822014
1375,98088,0.0016846136
1376,65384,9.132145e-13
1377,59876,0.026332634
1378,58832,0.00071242865
1379,108940,0.04389628
1380,1066,0.00085451076
1381,121,1.975241e-12
1382,97401,0.043363515
1383,88148,0.0014787073
1384,39420,3.6612087e-06
1385,30010,0.010153873
1386,100467,1.535134e-05
1387,13659,0.009551308
1388,33096,0.0059027667
1389,113716,0.0065734815
1390,59006,1.2907445e-05
1391,18719,8.1832883e-07
1392,96988,0.001622638
1393,24228,0.027750155
1394,101059,1.7184979e-06
1395,53500,0.010153873
1396,107285,0.0018876592
1397,39675,3.9409218e-14
1398,17491,0.01020377
1399,68433,0.0025516099
1400,65906,0.0018833948
1401,84677,3.905445e-18
1402,72191,0.0010061638
1403,85111,0.02372243
1404,39501,0.00011293772
1405,56841,0.0022265424
1406,22280,1.791289e-11
1407,4566,0.026492594
1408,58637,0.0060545485
1409,34847,0.0005693696
1410,35298,0.16553059
1411,33590,0.006035061
1412,48731,3.713524e-11
1413,77005,0.018778447
1414,17692,0.04496502
1415,66240,1.0170501e-05
1416,101117,2.4456454e-13
1417,98959,2.3722734e-13
1418,10225,1.1124287e-09
1419,106890,1.7344234e-10
1420,71355,0.0073724524
1421,22768,3.605226e-08
1422,79593,0.003314459
1423,109335,4.900994e-06
1424,115302,1.8395054e-08
1425,80722,0.004956083
1426,39029,4.9153925e-10
1427,40672,2.449921e-10
1428,60254,1.2441459e-10
1429,71424,2.645218e-06
1430,89849,2.534841e-07
1431,80933,0.01864118
1432,58150,0.008229265
1433,20808,2.5195345e-07
1434,68166,2.705065e-09
1435,75995,9.733191e-14
1436,114856,0.010153873
1437,86892,0.010307644
1438,10028,3.53652e-08
1439,3137,0.0027028467
1440,47892,0.00012833794
1441,76113,2.2959461e-10
1442,112597,2.5642419e-06
1443,44291,3.9409218e-14
1444,34448,0.06063979
1445,75208,1.0164954e-05
1446,8590,1.03715814e-10
1447,78234,1.5218734e-06
1448,32396,0.0059027667
1449,8156,4.0636134e-08
1450,43528,2.1480876e-11
1451,19802,2.8726747e-13
1452,3057,0.0029063534
1453,56703,0.010153873
1454,8569,0.0017705677
1455,55656,5.7223042e-11
1456,40236,6.0682746e-06
1457,59297,4.900994e-06
1458,13578,3.6032175e-09
1459,56020,0.006589307
1460,11127,3.7318987e-08
1461,86320,7.00788e-14
1462,17966,1.3171149e-12
1463,51337,1.930185e-11
1464,4313,7.368146e-07
1465,45021,0.026362604
1466,83472,5.418597e-14
1467,40048,1.31325e-07
1468,97214,1.8270422e-13
1469,7243,5.058841e-07
1470,51745,0.008113807
1471,101904,1.8270422e-13
1472,56297,0.05755738
1473,115947,1.3638908e-10
1474,46011,4.83438e-10
1475,20786,5.3061135e-11
1476,112547,0.058114987
1477,52872,6.9360794e-05
1478,19187,2.7301644e-08
1479,74605,1.5046486e-05
1480,33960,0.00056931423
1481,40566,0.2165792
1482,59117,0.010153873
1483,102697,1.7523414e-08
1484,83607,7.4482676e-05
1485,106644,2.4059027e-06
1486,66001,4.767757e-12
1487,28655,2.7717555e-09
1488,61723,1.8091645e-11
1489,14741,3.0899134e-08
1490,88008,0.019803535
1491,31747,9.93231e-08
1492,10436,0.02605411
1493,7713,2.6941484e-07
1494,74178,1.12465696e-10
1495,27381,5.5585394e-16
1496,108552,0.011919683
1497,103653,0.01474979
1498,39144,4.784337e-06
1499,22773,7.4879053e-10
1500,98322,1.6500804e-05
1501,90041,0.07145986
1502,93887,0.004348352
1503,2202,2.631209e-07
1504,15219,0.008458219
1505,83899,2.4799247e-05
1506,5286,6.633346e-07
1507,58351,0.019700931
1508,39048,5.5559274e-10
1509,48696,3.435847e-13
1510,13551,0.008113807
1511,112522,3.7160058e-10
1512,35156,5.3957516e-11
1513,37757,1.9792319e-11
1514,82016,9.292655e-13
1515,101816,6.22951e-12
1516,1792,1.235005e-07
1517,38658,2.7807986e-10
1518,21607,1.4528706e-18
1519,11888,0.00022061309
1520,6071,0.0059600095
1521,35184,0.008768024
1522,99532,2.3310862e-05
1523,4516,0.00017802058
1524,6642,0.0003246837
1525,70177,0.06382485
1526,14696,2.5108656e-07
1527,44332,5.4301232e-14
1528,107112,4.831357e-06
1529,75930,0.0018843048
1530,48545,0.00071242865
1531,31819,2.4360088e-13
1532,86502,1.0468281e-06
1533,14908,7.476267e-12
1534,10325,0.0002876938
1535,59655,0.02375226
1536,42023,5.8309798e-08
1537,32604,3.5960084e-09
1538,112319,0.0038415312
1539,109855,0.001236727
1540,98150,7.7381435e-11
1541,22546,1.764671e-08
1542,13856,0.018483168
1543,33693,3.7784685e-05
1544,34576,0.0002678651
1545,52813,0.0025516099
1546,33012,0.019840907
1547,113354,0.00083792664
1548,22836,8.533372e-06
1549,5207,0.024114532
1550,65748,4.8117e-06
1551,74478,4.1586864e-05
1552,66337,1.8236225e-14
1553,75300,6.23242e-16
1554,41751,5.8656617e-05
1555,96248,0.05755738
1556,3884,1.8953872e-06
1557,70218,0.06113867
1558,85675,0.019700931
1559,32676,1.298973e-11
1560,2794,0.00016435461
1561,90622,8.9900126e-10
1562,109306,0.058268446
1563,105296,0.00014129948
1564,52648,0.2154007
1565,71675,0.011792748
1566,113497,0.04119118
1567,8609,2.4561687e-06
1568,75044,1.1906003e-11
1569,13204,3.4244046e-13
1570,94399,8.267967e-06
1571,56692,3.705407e-12
1572,4792,4.7239823e-06
1573,69771,1.7974168e-07
1574,31656,7.389654e-05
1575,21348,0.00040666165
1576,32642,6.56276e-10
1577,12222,9.1383e-16
1578,18462,0.00026209635
1579,29050,8.381735e-11
1580,45895,0.010283782
1581,90338,0.05755738
1582,88369,0.00083792664
1583,94707,7.2145005e-05
1584,44256,0.010283782
1585,12767,5.2447984e-07
1586,56439,0.045318313
1587,26262,0.0002678651
1588,56607,0.056830663
1589,5056,1.5759915e-06
1590,82953,7.610168e-05
1591,34347,0.0008461725
1592,52605,0.0043132193
1593,6278,0.0059600095
1594,35241,0.010647974
1595,33491,5.9294594e-13
1596,7112,0.00013706574
1597,63497,0.006247775
1598,108973,3.6503766e-15
1599,69734,0.007811113
1600,56574,7.0643335e-12
1601,112694,9.628347e-11
1602,93525,1.7690487e-08
1603,56150,0.00018183581
1604,113125,0.058114987
1605,14821,1.4537343e-08
1606,38923,2.195202e-11
1607,10890,2.8943127e-06
1608,84019,0.008768024
1609,91238,0.046001643
1610,527,4.3777312e-14
1611,66535,4.8117e-06
1612,41987,0.0059027667
1613,32323,0.032769844
1614,74485,0.0048655975
1615,72705,0.009529468
1616,14688,0.032398634
1617,107206,3.260862e-11
1618,103148,0.00012975436
1619,62411,0.00012258114
1620,32140,1.7357065e-07
1621,98279,2.474262e-09
1622,69204,0.020029679
1623,98340,1.0172024e-05
1624,93528,0.045114942
1625,39847,0.00057241594
1626,79321,0.00552081
1627,33714,0.008419062
1628,8185,0.004613565
1629,33287,2.1593523e-14
1630,71824,2.6245683e-11
1631,110247,2.755239e-11
1632,12700,3.0131703e-05
1633,70960,0.06722756
1634,39957,0.00021039681
1635,64404,7.55113e-09
1636,29548,0.009584362
1637,67866,0.00083792664
1638,8942,3.1812122e-06
1639,8793,0.010534443
1640,1984,5.971917e-07
1641,54083,1.5549293e-05
1642,12403,0.010181155
1643,89358,0.06382485
1644,26051,3.7761207e-15
1645,113947,8.3722986e-13
1646,19534,6.5338163e-06
1647,8431,1.1454557e-05
1648,80430,0.00083792664
1649,82380,0.00025626112
1650,85256,2.645218e-06
1651,33280,0.06810957
1652,82210,5.2297932e-14
1653,28072,2.6924397e-08
1654,102469,0.032047797
1655,107699,0.023186004
1656,57321,0.0005693696
1657,22349,0.0049731275
1658,60153,0.05755738
1659,5061,1.9570147e-07
1660,23387,0.009634294
1661,5517,0.040804185
1662,65283,1.455778e-10
1663,16901,2.8679848e-08
1664,87962,0.0059201517
1665,9833,3.3744357e-08
1666,14035,2.4812408e-10
1667,84040,4.4861195e-06
1668,42855,0.0017590506
1669,81674,0.0025599306
1670,18309,2.904193e-09
1671,29220,0.026527464
1672,7715,2.002258e-06
1673,5539,0.0021369674
1674,37552,2.848981e-14
1675,52302,0.009529468
1676,68568,0.010307644
1677,38397,0.0006512152
1678,66331,3.5837347e-11
1679,70190,1.0164954e-05
1680,97451,0.011219062
1681,83103,4.816796e-06
1682,36755,0.010283782
1683,107500,0.058114987
1684,41703,0.0007087049
1685,10429,1.2119624e-07
1686,104603,1.0174304e-05
1687,4449,0.022496888
1688,12725,3.6032175e-09
1689,57834,3.9046914e-15
1690,58780,8.858513e-08
1691,2133,0.026527464
1692,114796,3.5155986e-11
1693,26855,0.00011293772
1694,21580,1.4499155e-12
1695,69987,0.034238406
1696,27241,6.6168633e-12
1697,32805,0.06113867
1698,12942,0.07055029
1699,94222,0.010312991
1700,53274,2.5495323e-10
1701,58909,3.6608912e-15
1702,91989,0.043769367
1703,78903,0.0017212755
1704,63817,1.6507242e-05
1705,87824,2.645218e-06
1706,66221,7.324932e-07
1707,7958,0.0015963498
1708,16800,0.0067648054
1709,11136,1.6956536e-08
1710,79486,0.004348352
1711,21459,2.9407656e-05
1712,355,0.0023332017
1713,63777,0.0003481665
1714,38675,4.282413e-06
1715,91824,0.010307644
1716,70740,0.026102437
1717,2020,2.127268e-06
1718,13667,0.00071242865
1719,72653,0.0038181362
1720,106911,0.0026402196
1721,87485,0.045114942
1722,40724,0.004342316
1723,52991,0.00018183581
1724,27590,4.5752807e-15
1725,16494,1.05825994e-10
1726,111847,3.0105472e-14
1727,76855,0.010307644
1728,85458,0.071296066
1729,115911,0.058114987
1730,54354,0.06113867
1731,36635,0.07140674
1732,43654,2.1811037e-11
1733,45006,0.0014630348
1734,43523,9.5158265e-15
1735,58853,0.033939894
1736,30509,3.474495e-11
1737,14466,3.055329e-09
1738,107166,1.0653421e-10
1739,44103,1.5388116e-09
1740,98741,2.283061e-05
1741,102953,0.0040671425
1742,78272,0.06063979
1743,103495,3.7597352e-11
1744,35789,0.010153873
1745,96531,0.004348352
1746,113386,4.934918e-06
1747,69839,0.04496502
1748,101149,4.809181e-06
1749,35988,0.0008461725
1750,99748,1.8823154e-07
1751,64633,0.0055807563
1752,86532,3.2739106e-08
1753,64094,0.0007682973
1754,114755,7.812035e-07
1755,7168,0.0021369674
1756,90819,6.957291e-05
1757,45718,0.026102437
1758,20429,0.012125932
1759,34947,0.010153873
1760,14928,6.7048045e-15
1761,10891,0.0005666386
1762,105920,0.0031385662
1763,68527,2.425865e-12
1764,95399,0.0014660647
1765,4292,0.026659196
1766,73850,2.14165e-05
1767,80860,0.2154007
1768,70131,1.2752543e-10
1769,15511,5.5603843e-16
1770,33010,0.010153873
1771,45403,0.009634294
1772,46449,4.567189e-06
1773,33663,0.015850792
1774,113527,5.4400407e-15
1775,13964,4.673561e-07
1776,52993,0.018483168
1777,46923,0.00095129723
1778,23507,7.26415e-05
1779,86992,2.645218e-06
1780,96366,2.2458574e-12
1781,17387,1.4606877e-09
1782,90873,0.01083776
1783,105686,0.00012833794
1784,58073,0.00018183581
1785,81778,2.645218e-06
1786,6472,0.008324848
1787,102875,0.009642077
1788,53876,0.052849706
1789,36387,4.4057476e-08
1790,25810,0.0060545485
1791,44996,0.00036624758
1792,80050,6.429675e-11
1793,560,0.07150146
1794,102463,0.0055668545
1795,48204,0.15207218
1796,79421,1.4815905e-06
1797,25339,2.057011e-06
1798,54848,0.026102437
1799,23317,0.042404953
1800,74234,3.905445e-18
1801,113327,0.06163517
1802,42063,3.5401983e-12
1803,88450,0.0017212755
1804,75418,2.4134582e-13
1805,100510,0.008422665
1806,103342,6.653057e-08
1807,79440,3.6522413e-12
1808,112749,0.02497363
1809,70701,2.8388948e-08
1810,82386,0.0095487
1811,28908,3.435847e-13
1812,11501,8.930989e-08
1813,36576,0.0059265113
1814,38710,0.019700931
1815,104125,0.045838933
1816,62095,4.517517e-09
1817,53574,0.00013743206
1818,90966,0.00012833794
1819,71970,0.011792748
1820,24668,1.6061674e-10
1821,75564,0.0051060133
1822,5627,7.1310474e-08
1823,81830,0.000102187245
1824,53804,6.2539876e-08
1825,18676,0.082488544
1826,107019,0.00023032812
1827,24132,2.52549e-12
1828,112275,0.05131683
1829,107299,0.010312991
1830,68457,4.0430834e-10
1831,16066,2.0063703e-15
1832,70353,3.372079e-13
1833,16532,6.459616e-08
1834,82071,0.021384334
1835,72110,3.372079e-13
1836,90378,0.06924659
1837,43970,0.004342316
1838,100267,1.2535612e-11
1839,83474,0.00022616444
1840,69741,2.645218e-06
1841,21047,5.0020516e-11
1842,29173,5.920808e-11
1843,23608,0.0009825915
1844,13079,0.00010926637
1845,98290,2.5678626e-10
1846,103442,6.4893385e-07
1847,41176,1.856212e-05
1848,38716,1.8662642e-13
1849,74958,1.7549243e-07
1850,96913,0.08977701
1851,99496,1.167396e-11
1852,29143,0.032769844
1853,57810,0.0025516099
1854,46041,0.032398634
1855,14392,0.019700931
1856,71139,0.15207218
1857,72092,0.06895566
1858,31331,3.81897e-12
1859,56763,0.011792748
1860,64044,2.331347e-09
1861,43101,0.00057241594
1862,60420,4.749251e-08
1863,43678,5.1815408e-17
1864,62924,3.031906e-12
1865,36371,0.019700931
1866,18949,0.00036498444
1867,111922,0.00083792664
1868,3596,3.2643325e-06
1869,11714,0.014639568
1870,49380,1.8166272e-14
1871,112519,0.00026648067
1872,72064,0.025521828
1873,29973,5.675079e-14
1874,38252,0.9651428
1875,103931,3.2755455e-13
1876,45509,0.11850539
1877,48802,0.010153873
1878,16175,4.7013526e-10
1879,83451,0.0002132337
1880,53553,0.020443067
1881,51019,6.323258e-11
1882,68472,0.0028296341
1883,91793,0.024876568
1884,41660,0.008768024
1885,4368,0.010534443
1886,20448,0.0049731275
1887,24473,3.6793336e-13
1888,93090,1.1016982e-12
1889,42878,0.00072194345
1890,37313,2.308989e-10
1891,98800,0.0028714791
1892,53218,0.052849706
1893,4511,9.1078465e-07
1894,110041,0.0001825176
1895,77048,0.010153873
1896,94858,1.2746857e-13
1897,24203,0.026362604
1898,71044,0.009642077
1899,80359,1.1933025e-09
1900,51850,3.7850253e-07
1901,37119,8.273249e-08
1902,32712,0.026527464
1903,53139,0.026373321
1904,74775,8.014445e-11
1905,36828,0.007811113
1906,69251,0.0055668545
1907,110236,0.00044716065
1908,59680,1.041707e-12
1909,51903,0.009529468
1910,57658,0.0079764025
1911,25120,2.1994996e-17
1912,26900,4.091519e-07
1913,87396,0.8864714
1914,19255,3.1319537e-11
1915,42336,6.369391e-14
1916,38050,0.00088267185
1917,1081,8.618875e-09
1918,46451,0.010283782
1919,113329,1.884727e-08
1920,50348,1.4125092e-06
1921,50075,0.026373321
1922,67370,0.0003786534
1923,47568,1.02988364e-11
1924,22477,1.8167226e-12
1925,39525,1.7281248e-08
1926,111884,0.00012900085
1927,68605,0.00083792664
1928,77109,0.05181131
1929,104009,0.0067045875
1930,63890,0.34406856
1931,36011,2.8664396e-10
1932,86858,0.0010014289
1933,57494,2.2488481e-07
1934,43799,1.5897362e-18
1935,19721,4.6258315e-06
1936,84654,2.645218e-06
1937,70290,0.0059027667
1938,107557,0.0026402196
1939,85934,0.001025634
1940,2561,0.008314315
1941,80215,9.528264e-12
1942,2374,1.1633446e-06
1943,13007,0.25567263
1944,59644,0.00083792664
1945,27988,6.171474e-13
1946,41193,0.00012385326
1947,42188,0.026373321
1948,79473,0.0017241283
1949,115486,5.9689046e-16
1950,16313,1.941536e-14
1951,86285,0.030741232
1952,80602,1.3635905e-08
1953,88642,3.6608912e-15
1954,18454,1.5234187e-05
1955,64272,8.085522e-05
1956,103269,0.019840907
1957,17261,3.524473e-08
1958,81505,2.5582834e-08
1959,110465,1.8064707e-08
1960,24794,8.5189197e-07
1961,16393,2.6349523e-10
1962,13454,1.8921237e-10
1963,5730,0.033712484
1964,63782,5.7666562e-11
1965,48940,0.06063979
1966,56551,0.06895566
1967,31188,0.0715194
1968,95600,0.022350626
1969,100178,0.02638637
1970,85187,1.1779551e-08
1971,75273,2.645218e-06
1972,78051,3.0524742e-13
1973,13439,8.9224167e-10
1974,8586,0.02605411
1975,56341,0.006300868
1976,18102,0.051191922
1977,50284,3.248297e-08
1978,42809,0.06113867
1979,111555,0.004348352
1980,21996,3.9044592e-12
1981,82115,0.0017212755
1982,57363,0.045318313
1983,83009,0.0008815368
1984,42252,1.3504028e-06
1985,97422,0.069460474
1986,6259,3.054259e-07
1987,76777,3.928056e-08
1988,54386,2.1541105e-07
1989,31880,1.2703896e-13
1990,44853,3.6793336e-13
1991,99025,0.060766716
1992,52071,0.008419062
1993,157,0.0008066526
1994,60004,0.007940852
1995,45976,3.3818502e-13
1996,47080,0.0002678651
1997,16757,1.1987246e-17
1998,31179,0.010153873
1999,45745,2.1811037e-11
2000,66155,0.13323483
2001,109292,4.8468673e-06
2002,302,1.6818764e-09
2003,96501,0.00090319494
2004,81103,0.0048655975
2005,48345,0.00037078228
2006,96653,0.05755738
2007,61494,0.056830663
2008,75222,0.0017212755
2009,78280,4.8955732e-11
2010,23672,2.3999512e-11
2011,41067,1.8180368e-06
2012,54155,0.010153873
2013,12892,0.00018183581
2014,109945,0.045268476
2015,25108,0.009634294
2016,63053,0.05755738
2017,7659,0.002908524
2018,99917,5.644351e-08
2019,89490,0.0025516099
2020,98975,2.188278e-06
2021,56850,0.00041208786
2022,33198,0.0059027667
2023,94326,0.0010016299
2024,62604,1.954828e-06
2025,44687,0.00016960665
2026,26247,0.025802692
2027,24596,3.6532638e-05
2028,22471,4.6258315e-06
2029,109546,0.004348352
2030,86555,7.9007755e-12
2031,114176,0.0018993855
2032,93601,0.011792748
2033,46224,2.7807986e-10
2034,24626,0.008768024
2035,54807,0.026527464
2036,11987,0.021056985
2037,49808,0.024908274
2038,89284,4.2557585e-06
2039,72669,0.010307644
2040,72532,0.0011683516
2041,62652,0.008768024
2042,57371,1.7106468e-10
2043,71497,0.05755738
2044,85389,0.011950654
2045,23681,0.011604054
2046,115368,2.645218e-06
2047,86800,2.9231426e-10
2048,65479,4.8578603e-09
2049,80989,3.7294074e-12
2050,71459,0.00083792664
2051,1012,6.1706464e-06
2052,93177,0.069460474
2053,5660,0.032616686
2054,88966,0.0017212755
2055,61819,0.004342316
2056,113078,0.0715194
2057,8250,5.5343355e-07
2058,50744,0.0059027667
2059,65438,7.07859e-08
2060,77728,0.007811113
2061,72949,0.011792748
2062,105733,0.008768024
2063,98874,0.057398185
2064,42888,0.019770224
2065,5058,5.70456e-08
2066,46238,8.0809656e-07
2067,76112,3.4413958e-09
2068,79422,0.0075234165
2069,58364,3.0002594e-09
2070,103132,0.025739817
2071,30453,0.010153873
2072,24839,1.1400449e-05
2073,106520,0.0025410566
2074,17376,8.942222e-12
2075,103529,1.7997301e-08
2076,57527,0.0022265424
2077,7789,0.07150146
2078,4470,0.0027039677
2079,100541,0.019803535
2080,74073,0.0007336302
2081,78194,4.8384113e-06
2082,95070,0.0058011757
2083,31883,0.04496502
2084,73918,0.0029602337
2085,88812,4.809181e-06
2086,88058,0.010307644
2087,79973,0.071296066
2088,15050,7.5572535e-09
2089,87898,0.0048823906
2090,53266,7.1727956e-14
2091,105488,8.778356e-07
2092,33053,2.4095512e-11
2093,62380,0.044527564
2094,103824,2.3903931e-08
2095,69182,0.026332634
2096,69850,0.007359218
2097,19832,5.933147e-17
2098,10170,0.023568474
2099,1867,0.0039249314
2100,62655,5.89538e-13
2101,88004,0.06895566
2102,70672,2.0314523e-09
2103,59656,0.008419062
2104,4022,2.0539337e-06
2105,87877,0.05755738
2106,27386,3.861062e-12
2107,8091,4.0266564e-06
2108,1443,0.010181155
2109,58006,0.00034407488
2110,49371,1.41678085e-14
2111,76643,0.010307644
2112,49817,0.019700931
2113,108537,2.7278876e-17
2114,64336,4.809181e-06
2115,31511,1.2444516e-05
2116,11783,9.200952e-15
2117,6984,1.7507602e-07
2118,33397,1.1328996e-08
2119,97416,0.069460474
2120,112949,2.645218e-06
2121,33271,0.00025221918
2122,43688,7.26415e-05
2123,16905,1.6489591e-09
2124,73308,6.2145926e-12
2125,34695,6.327079e-07
2126,11672,9.813955e-05
2127,30066,0.025521828
2128,20886,0.0007087049
2129,57423,0.008419062
2130,66527,9.8807316e-11
2131,97271,0.06163517
2132,11563,5.831937e-07
2133,95709,0.0017212755
2134,930,9.783808e-06
2135,80442,7.26415e-05
2136,30413,5.9865256e-06
2137,18223,7.2169286e-07
2138,4234,5.8991376e-09
2139,58383,2.8038555e-13
2140,66593,1.6922278e-13
2141,22741,1.7608079e-08
2142,112243,0.030741232
2143,111177,0.00056834944
2144,33624,0.019840907
2145,103358,3.6503766e-15
2146,48701,7.0699517e-09
2147,81221,0.071296066
2148,1882,0.3091956
2149,95330,2.2413364e-10
2150,36832,0.011792748
2151,48370,3.9148285e-10
2152,16422,1.3171149e-12
2153,36970,0.006589307
2154,26670,0.026362604
2155,62453,0.01020377
2156,27696,0.0002811516
2157,59190,0.006589307
2158,96994,0.00026027774
2159,75150,0.0391862
2160,52818,3.435847e-13
2161,95540,0.019803535
2162,62769,0.00014529373
2163,9868,1.2747093e-06
2164,76152,0.06113867
2165,75112,0.0018843048
2166,67588,1.1850728e-06
2167,30815,1.6865662e-06
2168,42923,0.009634294
2169,71706,0.010307644
2170,8009,0.0002029351
2171,36870,0.032733623
2172,98351,0.0017212755
2173,38693,0.0084224185
2174,81602,0.01864118
2175,16265,0.00031117484
2176,38570,6.5791533e-10
2177,77756,0.030313974
2178,75096,2.2050328e-12
2179,338,8.930989e-08
2180,108308,3.0233065e-09
2181,112029,2.645218e-06
2182,52982,0.015850792
2183,34188,1.0155788e-05
2184,27565,6.171474e-13
2185,110748,0.024880426
2186,1405,1.8167226e-12
2187,2349,6.1359533e-06
2188,82866,1.6594086e-09
2189,18444,3.4756863e-12
2190,63707,7.331382e-07
2191,97657,6.125127e-10
2192,92621,0.00083792664
2193,58380,3.5511338e-08
2194,58270,0.011950654
2195,84842,6.61628e-09
2196,12365,4.4596717e-15
2197,11124,0.01006136
2198,29343,7.093277e-05
2199,112106,1.1316572e-09
2200,104130,4.418378e-08
2201,58259,4.3398195e-06
2202,24219,0.09673475
2203,7689,1.11433405e-08
2204,12530,6.551682e-09
2205,13532,9.200952e-15
2206,84528,0.010307644
2207,5803,0.027684622
2208,109419,4.900994e-06
2209,109649,2.3617148e-12
2210,28634,0.0007288456
2211,53288,0.010153873
2212,12263,0.010181155
2213,86509,4.351486e-06
2214,23760,0.00012137581
2215,99052,2.6069758e-05
2216,19147,2.0984906e-08
2217,95004,0.010889757
2218,97053,0.008768024
2219,40793,0.023808435
2220,53059,3.441623e-05
2221,98564,4.809181e-06
2222,89700,0.025739817
2223,104846,0.00012833794
2224,10623,0.0059600095
2225,75728,2.0286683e-09
2226,54508,5.408077e-10
2227,57346,5.5783026e-13
2228,29279,3.579866e-12
2229,15797,7.7473105e-06
2230,39118,0.011994912
2231,81518,1.4216067e-07
2232,65496,0.0018833948
2233,20854,0.0007087049
2234,89525,0.057031114
2235,102812,0.033757117
2236,89115,0.008768024
2237,13558,8.5631675e-12
2238,30471,0.06113867
2239,19881,1.41678085e-14
2240,107607,0.0007507431
2241,87400,0.019700931
2242,85549,0.0017212755
2243,113757,2.9044992e-08
2244,18115,0.025521828
2245,32618,1.8198567e-07
2246,35257,2.1480876e-11
2247,7222,0.0008391641
2248,63868,5.1537295e-08
2249,76847,1.0809754e-05
2250,98309,6.0857604e-12
2251,34796,0.0016339205
2252,24285,0.004342316
2253,62115,0.05037336
2254,57267,2.544293e-05
2255,68902,1.0823145e-07
2256,29634,0.019840907
2257,9648,8.403841e-15
2258,30411,1.2437129e-08
2259,14944,3.8967145e-12
2260,67951,0.01632836
2261,47045,0.00072054064
2262,62458,7.26415e-05
2263,62789,1.8696355e-12
2264,17085,0.08795444
2265,94494,0.0002678651
2266,44828,2.249837e-07
2267,69556,1.6530796e-11
2268,80161,0.01083776
2269,30358,2.4755649e-09
2270,79804,3.7455473e-12
2271,33670,0.0014630348
2272,90744,0.12511167
2273,114362,4.934918e-06
2274,98168,0.00083792664
2275,7523,0.053420253
2276,37423,1.0160855e-05
2277,108526,0.0010841887
2278,26729,0.004342316
2279,74565,0.0017212755
2280,48846,0.06382485
2281,4425,1.0550087e-07
2282,34282,8.864931e-13
2283,33891,0.0715194
2284,80110,0.026112074
2285,5980,0.002908524
2286,32195,0.0025898004
2287,88598,0.05755738
2288,22443,1.4623196e-15
2289,81236,0.0062177647
2290,86908,0.024876568
2291,108086,1.0680878e-08
2292,81584,0.009529468
2293,50817,6.687972e-11
2294,46799,0.009634294
2295,60386,0.010153873
2296,1602,0.06113867
2297,78096,0.009642077
2298,82995,0.00013748987
2299,100473,1.1793904e-14
2300,21181,5.646397e-16
2301,98603,0.010312991
2302,89491,5.188116e-07
2303,52682,0.00095678144
2304,18714,0.018483168
2305,87119,2.7739849e-05
2306,38383,0.00016816138
2307,29444,2.1593523e-14
2308,104226,0.00088056264
2309,62808,7.7534045e-05
2310,97139,0.02911759
2311,8706,1.0458785e-07
2312,3631,0.024114532
2313,66798,0.00028868872
2314,11710,0.000857888
2315,75968,0.00056931423
2316,69233,1.0164954e-05
2317,22547,1.8141332e-11
2318,19872,4.980997e-05
2319,102413,0.00027904168
2320,76700,0.0008815368
2321,35667,0.0006145481
2322,75641,0.0017212755
2323,30773,1.9470415e-08
2324,94740,6.2544167e-12
2325,11742,0.010181155
2326,72467,0.012294085
2327,106428,0.05443938
2328,80087,2.3906993e-11
2329,33563,0.06113867
2330,12407,7.822726e-12
2331,66863,4.809181e-06
2332,20710,4.3366585e-06
2333,110260,2.645218e-06
2334,67431,2.645218e-06
2335,71155,2.645218e-06
2336,43943,0.04496502
2337,101109,9.919792e-09
2338,45442,2.3185946e-08
2339,81646,0.008768024
2340,31037,7.26415e-05
2341,26366,0.008768024
2342,74630,3.807929e-12
2343,106069,8.603536e-07
2344,82843,5.001107e-11
2345,13395,0.004296576
2346,88639,4.8617164e-09
2347,3664,0.010534443
2348,1190,0.1529195
2349,67788,0.0002829201
2350,113303,4.934918e-06
2351,81958,0.019700931
2352,108177,0.010312991
2353,15532,0.00036624758
2354,109613,0.043921944
2355,7194,0.0027039677
2356,74927,1.3205537e-08
2357,72263,2.2970222e-07
2358,7838,1.01614695e-07
2359,71486,0.0048655975
2360,35028,1.3707961e-11
2361,111132,4.8663064e-06
2362,67447,0.030313974
2363,87836,0.05755738
2364,48677,4.4482162e-13
2365,56735,0.056830663
2366,43078,5.9292814e-12
2367,63305,0.011792748
2368,88183,0.0019519513
2369,88984,2.5925071e-11
2370,35873,2.1183642e-16
2371,68185,0.0835557
2372,5937,1.3959185e-06
2373,9821,4.1850035e-06
2374,96476,0.025739817
2375,109445,2.1095095e-09
2376,106753,0.018669777
2377,36220,0.025802692
2378,15163,2.0909579e-13
2379,12295,0.018077958
2380,111744,2.6818925e-06
2381,72828,0.00059299305
2382,45214,0.004342316
2383,33490,0.45685714
2384,45746,1.41678085e-14
2385,18612,3.0425486e-08
2386,93732,0.004348352
2387,49298,4.679702e-10
2388,8785,2.8620755e-07
2389,47252,0.09887555
2390,88138,0.060708195
2391,21159,0.15833922
2392,2640,0.00023089912
2393,66433,3.7337796e-11
2394,95763,0.05755738
2395,95351,0.025870373
2396,83309,3.372079e-13
2397,114228,0.00044716065
2398,67144,0.007811113
2399,6436,9.511335e-06
2400,96872,7.4294e-12
2401,40342,0.019426988
2402,32978,0.011792748
2403,37763,7.703436e-05
2404,85559,9.74561e-12
2405,54442,0.00040835192
2406,13461,6.8872796e-11
2407,101359,0.025739817
2408,66068,4.8117e-06
2409,46247,0.0028849258
2410,100513,2.9015145e-12
2411,58957,0.0018263524
2412,71402,4.1574138e-05
2413,41699,0.012440645
2414,13227,0.0758464
2415,113766,0.014529849
2416,85595,0.010307644
2417,47175,6.8539443e-06
2418,60076,9.150575e-13
2419,11579,0.18826114
2420,114994,7.048081e-05
2421,33306,0.009529468
2422,26188,0.00022551695
2423,42130,0.0017687996
2424,305,1.09398684e-07
2425,18561,6.686415e-11
2426,16146,3.1590848e-06
2427,94285,8.21316e-11
2428,108075,0.002221974
2429,57522,0.0048655975
2430,66843,1.2752543e-10
2431,87228,0.008768024
2432,71239,0.004348352
2433,71204,1.8157306e-06
2434,104972,0.069460474
2435,85721,0.00083792664
2436,28498,0.157999
2437,51049,0.0043132193
2438,60773,1.6621691e-06
2439,83679,0.011792748
2440,85333,7.870187e-11
2441,1514,5.6652914e-14
2442,67159,1.8249526e-09
2443,99681,0.0579823
2444,100048,1.7223325e-09
2445,78552,0.010153873
2446,35622,1.1597555e-10
2447,23973,3.1766712e-12
2448,51233,5.135289e-13
2449,38453,0.00040666165
2450,5108,4.2022393e-11
2451,5279,9.4799515e-07
2452,93151,9.785188e-07
2453,112281,0.056830663
2454,59124,0.045318313
2455,96793,0.033939894
2456,105466,0.009088231
2457,71262,6.095612e-12
2458,712,0.035042536
2459,87522,0.06063979
2460,79206,2.2837374e-15
2461,23900,9.954384e-06
2462,22198,5.933147e-17
2463,88709,0.019803535
2464,103324,0.058114987
2465,74172,4.809181e-06
2466,97568,0.0059673702
2467,52717,3.733677e-09
2468,79529,0.013188969
2469,114695,0.0030713854
2470,107384,0.057398185
2471,15704,0.00022183497
2472,3614,0.034530524
2473,54375,0.0079764025
2474,104923,7.589405e-05
2475,108568,0.002101435
2476,108019,0.058114987
2477,114895,0.0008447293
2478,73785,0.0007336302
2479,53970,0.0018738447
2480,94314,0.00087116146
2481,13054,0.009551308
2482,67100,0.012062919
2483,52768,1.1079063e-05
2484,92641,0.043363515
2485,8597,0.00056592206
2486,30062,3.0720602e-12
2487,102649,0.045838933
2488,60836,1.3124311e-07
2489,71249,0.010307644
2490,4895,2.2860293e-08
2491,50060,0.0043132193
2492,23903,0.00011293772
2493,84818,2.470698e-08
2494,105467,3.9680175e-09
2495,87624,0.001025634
2496,37678,0.00347563
2497,13947,1.234584e-10
2498,80955,8.3878446e-11
2499,43777,0.0034749666
2500,40536,1.821174e-08
2501,41462,0.06113867
2502,64680,1.6439651e-10
2503,93271,0.004348352
2504,63535,0.00035938527
2505,15018,0.012165023
2506,100075,1.2535612e-11
2507,71661,0.010307644
2508,44139,5.844141e-12
2509,26665,0.019770224
2510,87097,0.011792748
2511,106339,1.3333353e-07
2512,4570,8.856831e-06
2513,102651,6.326198e-12
2514,9782,0.021127779
2515,46691,8.610861e-12
2516,102363,0.0048655975
2517,111708,2.645218e-06
2518,28128,4.7335925e-06
2519,72924,0.0037205082
2520,54309,4.8384113e-06
2521,71560,0.010307644
2522,110944,0.004348352
2523,79805,5.8937914e-14
2524,49620,0.065111734
2525,93058,2.645218e-06
2526,4025,0.0017668338
2527,31871,0.012890284
2528,33169,8.641285e-15
2529,85461,0.012294085
2530,36369,0.00040666165
2531,57617,7.26415e-05
2532,51195,0.0009235664
2533,23112,3.271414e-12
2534,106784,0.0001388286
2535,90505,0.019803535
2536,23015,1.0102162e-11
2537,40173,5.5585394e-16
2538,89870,0.008203786
2539,108860,0.05817777
2540,59720,2.5108656e-07
2541,98082,3.548657e-11
2542,23928,0.003840343
2543,23332,9.681608e-10
2544,78834,4.8164284e-06
2545,87946,0.008768024
2546,67664,0.0061925
2547,88274,0.033939894
2548,1774,0.026112074
2549,105319,0.04389628
2550,88417,0.010307644
2551,23222,0.0021710321
2552,49392,4.7747603e-06
2553,36241,0.0003649481
2554,108854,0.069460474
2555,71900,0.00083792664
2556,64820,0.0018833948
2557,78241,0.019700931
2558,1531,4.062103e-08
2559,53654,2.645218e-06
2560,41175,1.856212e-05
2561,94552,0.0027187348
2562,10309,5.549864e-07
2563,55223,0.10586758
2564,26748,0.00088267185
2565,46244,2.7490023e-07
2566,45200,5.8894383e-08
2567,29916,0.011118982
2568,78703,0.03310854
2569,98520,0.010312991
2570,65044,0.00074824225
2571,113206,7.27696e-10
2572,51540,3.441623e-05
2573,18906,0.009566048
2574,45956,0.010825283
2575,70072,0.009642077
2576,6783,0.008419771
2577,84452,5.7016013e-08
2578,60050,0.0025603008
2579,71615,2.7644824e-11
2580,71498,4.7747603e-06
2581,95117,0.00074824225
2582,72948,0.00078086363
2583,46084,2.5058975e-05
2584,11682,0.033712484
2585,77762,0.010153873
2586,102294,0.012294085
2587,51097,1.6857534e-12
2588,9136,6.633346e-07
2589,25029,0.009634294
2590,2080,0.004613098
2591,62749,0.05755738
2592,8845,6.633346e-07
2593,107578,0.00012975436
2594,86152,0.010307644
2595,26609,3.73895e-05
2596,99339,0.026112074
2597,59542,0.010578516
2598,85827,9.292655e-13
2599,103743,0.02638637
2600,106328,0.058114987
2601,85755,8.9900126e-10
2602,33623,4.600338e-05
2603,33999,0.008419062
2604,88363,0.0072231865
2605,77724,3.733677e-09
2606,70180,0.0007336302
2607,87870,0.0043132193
2608,105218,1.3566256e-11
2609,111373,0.01474979
2610,29261,8.189926e-12
2611,97371,3.8516922e-05
2612,100044,0.0010016299
2613,43899,4.465275e-10
2614,57626,9.758351e-12
2615,35970,3.705407e-12
2616,86590,0.06113867
2617,37296,0.009529468
2618,33183,0.054485932
2619,68070,0.025521828
2620,72838,0.008839894
2621,76357,5.746697e-14
2622,37817,3.6793336e-13
2623,112488,1.3032011e-08
2624,65053,5.274716e-13
2625,61599,0.004342316
2626,101496,0.005938862
2627,106255,0.026045106
2628,31087,0.010153873
2629,13338,1.7584574e-07
2630,33272,4.7335925e-06
2631,10543,6.111316e-07
2632,101093,0.013347561
2633,5308,6.270045e-07
2634,27886,0.010153873
2635,71297,1.9286722e-11
2636,11569,0.008768024
2637,96111,0.009642077
2638,46255,5.5585394e-16
2639,111218,0.02544728
2640,38245,1.41678085e-14
2641,4258,0.006612764
2642,6858,6.974588e-05
2643,72240,0.010307644
2644,91568,0.010307644
2645,19576,0.00027312833
2646,79951,3.7455473e-12
2647,54711,0.010307644
2648,68629,1.2601826e-07
2649,7946,0.09824101
2650,44979,3.6793336e-13
2651,42705,2.1811037e-11
2652,39528,0.0005980238
2653,86094,0.012402491
2654,94623,5.215902e-12
2655,105498,0.023700545
2656,22592,0.0048470907
2657,71006,0.009642077
2658,14490,2.2504173e-06
2659,46342,1.0823145e-07
2660,108553,0.010312991
2661,5399,0.027684622
2662,100551,7.555354e-12
2663,101396,0.0024895428
2664,64817,4.809181e-06
2665,39658,2.4578846e-12
2666,48452,2.8016216e-20
2667,88059,0.0010014289
2668,534,6.600036e-08
2669,59428,0.05755738
2670,17734,2.2614608e-12
2671,103762,0.012399015
2672,74941,0.0003207267
2673,103726,3.3722608e-12
2674,2086,2.115548e-06
2675,22240,8.3773277e-10
2676,81442,0.0017212755
2677,12009,3.0245823e-12
2678,77883,1.0716001e-07
2679,44500,0.087054186
2680,111938,4.8663064e-06
2681,49414,0.011792748
2682,97215,0.009642077
2683,96887,0.009642077
2684,74903,1.0146761e-09
2685,21236,2.9571585e-05
2686,28830,0.019770224
2687,75445,2.903772e-13
2688,3905,6.528336e-06
2689,102588,9.454231e-14
2690,33589,0.011792748
2691,58722,0.024876568
2692,98883,3.7761207e-15
2693,44925,8.009055e-10
2694,110178,0.0018876592
2695,85243,0.00075137656
2696,36023,0.010153873
2697,16690,5.445155e-09
2698,83985,0.0025599306
2699,46958,0.004342316
2700,115434,8.013841e-13
2701,32949,3.435847e-13
2702,54082,0.006284894
2703,84467,0.013329668
2704,68150,0.001762128
2705,62073,2.176568e-09
2706,93464,0.057031114
2707,53685,0.00071242865
2708,33923,0.0028474361
2709,65981,4.8117e-06
2710,99768,4.809181e-06
2711,110454,8.1368125e-06
2712,34936,0.0043132193
2713,7203,0.0036235822
2714,12652,5.168517e-15
2715,107163,0.0011172907
2716,26585,7.624376e-05
2717,104578,0.0016872035
2718,46693,0.24715203
2719,64512,0.00074824225
2720,12032,0.010181155
2721,22127,2.6120027e-15
2722,45441,0.00014879521
2723,114562,8.24694e-05
2724,10129,1.4428538e-07
2725,102744,0.0004303345
2726,49499,0.010153873
2727,95059,4.809181e-06
2728,11544,0.07396793
2729,75771,2.057011e-06
2730,26933,0.019770224
2731,73047,0.033939894
2732,96374,0.01083776
2733,82986,1.9038511e-08
2734,65620,4.8117e-06
2735,72620,0.024876568
2736,92951,2.8251206e-08
2737,6447,0.01843841
2738,60330,0.018483168
2739,19894,0.0010164609
2740,75297,3.0738758e-09
2741,55845,6.350802e-05
2742,90551,0.008768024
2743,95263,0.0058011757
2744,78126,0.0017212755
2745,98738,0.021283085
2746,8162,0.053451933
2747,22441,3.3363384e-19
2748,68818,0.0008541503
2749,937,5.019645e-07
2750,81094,2.645218e-06
2751,14061,0.11330997
2752,13296,0.0003156842
2753,3348,4.3794794e-06
2754,48543,2.1593523e-14
2755,37621,3.2912492e-11
2756,25973,4.8627524e-10
2757,98955,4.600338e-05
2758,66638,5.1783183e-10
2759,32507,9.575223e-06
2760,96284,4.9861985e-12
2761,72194,0.010307644
2762,88576,5.4826236e-05
2763,52785,0.00011293772
2764,76421,0.01864118
2765,27077,3.435847e-13
2766,56318,5.320446e-10
2767,49316,2.1480876e-11
2768,78162,1.4398432e-08
2769,47752,0.00055550935
2770,40347,0.00792093
2771,66463,1.6089392e-10
2772,87910,5.5069365e-12
2773,18852,0.00088267185
2774,55925,1.6386728e-08
2775,85500,0.019700931
2776,110639,0.053375483
2777,2955,1.052905e-05
2778,42003,1.4941268e-06
2779,76705,2.645218e-06
2780,46452,0.06113867
2781,105613,4.2597438e-07
2782,10538,1.7625384e-08
2783,94941,0.057741154
2784,113486,0.12117786
2785,82209,0.0022499335
2786,58561,7.743414e-05
2787,89858,1.6408863e-07
2788,31224,0.006061491
2789,98598,0.0026911255
2790,49086,0.047894415
2791,36237,0.010153873
2792,30256,0.00011293772
2793,80338,0.017486129
2794,96364,1.0978518e-07
2795,67633,0.010307644
2796,100496,0.00010243359
2797,102256,9.957045e-08
2798,73339,0.00064425793
2799,81048,9.381011e-11
2800,27347,0.0018694574
2801,105049,8.974294e-08
2802,103322,0.025739817
2803,60688,1.1620412e-09
2804,74302,0.0017212755
2805,101411,4.809181e-06
2806,4042,0.0091612
2807,98289,3.87126e-12
2808,33448,0.010765045
2809,70763,0.015491745
2810,46770,0.018483168
2811,100794,1.0676087e-09
2812,90082,0.004348352
2813,63511,4.809181e-06
2814,115683,0.00028705105
2815,89304,4.809181e-06
2816,98907,4.809181e-06
2817,78538,2.903772e-13
2818,31773,1.737155e-10
2819,85220,0.008327356
2820,30465,6.14198e-08
2821,108515,0.024880426
2822,845,1.4686812e-08
2823,51494,0.005200931
2824,34584,3.435847e-13
2825,109698,0.027915029
2826,109339,0.00083792664
2827,25540,2.0720939e-11
2828,77718,3.905445e-18
2829,110464,2.1695844e-06
2830,86740,0.010307644
2831,85573,0.000100900295
2832,1962,5.1191904e-07
2833,14179,2.6724866e-15
2834,47480,0.004342316
2835,92388,0.025870373
2836,4857,0.0017624897
2837,17678,4.0007887e-08
2838,64751,2.5770074e-11
2839,95160,0.00036790298
2840,44421,0.0051894467
2841,48145,6.5341103e-13
2842,113794,6.525134e-07
2843,86802,2.645218e-06
2844,16244,2.6380682e-15
2845,93114,2.6637947e-11
2846,96392,0.00026648067
2847,110406,3.369893e-13
2848,26925,0.06382485
2849,34346,2.9121434e-08
2850,59209,0.056830663
2851,64730,2.479916e-10
2852,99151,3.007041e-06
2853,104437,0.01198414
2854,99110,4.7112635e-06
2855,44672,1.7961293e-08
2856,115986,1.1250763e-06
2857,55577,0.010153873
2858,44271,3.5663906e-13
2859,89111,0.009642077
2860,4530,7.52274e-07
2861,32044,1.166909e-14
2862,72156,0.06351018
2863,86976,2.3471078e-11
2864,36665,0.02063519
2865,40303,5.933147e-17
2866,45194,2.4192386e-12
2867,10236,0.11714056
2868,34739,0.0014630348
2869,102728,0.0002749683
2870,45043,0.0032539123
2871,70991,0.004348352
2872,82159,0.008768024
2873,39846,3.9176273e-11
2874,25980,0.00011293772
2875,61453,0.0017212755
2876,9402,0.014639568
2877,8520,1.1618799e-06
2878,13297,0.117621906
2879,112813,0.058114987
2880,114851,1.8390782e-11
2881,62258,0.10586758
2882,104471,1.2733292e-10
2883,46173,0.00235801
2884,81871,4.8164284e-06
2885,7776,0.0017705677
2886,26162,1.6949228e-08
2887,100950,0.010312991
2888,93238,5.5203407e-07
2889,964,1.3785335e-07
2890,108972,2.645218e-06
2891,72985,2.645218e-06
2892,61424,0.009622694
2893,70108,0.010307644
2894,19778,3.097153e-08
2895,17250,9.200952e-15
2896,16763,3.097153e-08
2897,72257,0.03310854
2898,64600,2.9750593e-06
2899,53206,0.026373321
2900,38042,0.026373321
2901,69262,0.004348352
2902,81981,1.2726117e-06
2903,71525,0.001622638
2904,62257,0.00049818197
2905,9705,1.2591207e-07
2906,35111,2.6711619e-11
2907,4720,7.889405e-07
2908,2424,0.06854815
2909,6469,3.482349e-08
2910,17870,0.01020377
2911,92111,6.794753e-07
2912,56839,0.00018183581
2913,21624,4.151631e-09
2914,78042,0.0001275565
2915,18622,3.0425486e-08
2916,48830,2.5811391e-11
2917,114806,4.3573745e-09
2918,5095,0.07330788
2919,86481,2.645218e-06
2920,103297,2.3906993e-11
2921,86136,0.010307644
2922,114650,2.0002039e-05
2923,77761,1.1069936e-12
2924,55256,0.00071242865
2925,107734,0.058114987
2926,91501,0.00020795049
2927,91394,1.3804404e-12
2928,2967,0.039963312
2929,84544,6.27747e-12
2930,28658,1.8662642e-13
2931,33917,2.6947898e-14
2932,49112,7.1727956e-14
2933,20842,4.9852098e-08
2934,64112,0.0003481665
2935,76300,9.426665e-10
2936,58584,0.011057796
2937,46966,0.026362604
2938,38469,0.071296066
2939,9255,2.4808315e-08
2940,44884,1.537005e-16
2941,59642,0.00070266274
2942,108189,0.010312991
2943,47793,0.06113867
2944,38811,7.889955e-05
2945,3336,1.386891e-07
2946,111116,0.00075137656
2947,17439,8.799746e-11
2948,48439,5.497874e-14
2949,84779,0.011792748
2950,114963,6.64719e-05
2951,42793,0.0075981203
2952,24945,3.264379e-06
2953,83722,0.067601174
2954,74762,5.9996084e-12
2955,100321,0.0059576817
2956,114447,0.001025634
2957,111610,0.0017241349
2958,6561,0.06803659
2959,107231,0.0026402196
2960,78118,1.3937222e-11
2961,86394,0.008422665
2962,94467,6.7482926e-09
2963,36406,0.0051523955
2964,81567,7.886029e-05
2965,75408,1.4996433e-12
2966,103919,0.019840907
2967,61050,0.05755738
2968,30277,0.00020055065
2969,95023,4.809181e-06
2970,70871,3.800977e-12
2971,56779,0.0017212755
2972,90999,3.372079e-13
2973,89121,1.6637122e-06
2974,61563,0.00074824225
2975,104492,0.023865525
2976,3081,0.005959611
2977,104892,3.8026043e-14
2978,102199,0.0069001736
2979,16677,3.3721742e-10
2980,1393,3.5874548e-06
2981,28160,0.011792748
2982,94483,7.22543e-13
2983,57046,0.019700931
2984,77085,7.392409e-12
2985,56440,3.5511338e-08
2986,5883,4.1755328e-07
2987,60234,0.00083792664
2988,46556,1.41678085e-14
2989,111857,0.004348352
2990,40446,3.271459e-11
2991,59659,0.030313974
2992,53952,2.645218e-06
2993,11545,0.06854815
2994,20725,0.09947609
2995,64911,1.7246072e-09
2996,8884,0.00025221918
2997,98805,0.0026087887
2998,69261,2.5346275e-10
2999,320,0.0027039677
3000,55817,7.743414e-05
3001,7067,6.633346e-07
3002,79035,0.0015843291
3003,43186,0.0084224185
3004,56649,0.00026419302
3005,40819,2.9799756e-07
3006,105276,0.057398185
3007,24159,0.06113867
3008,925,0.0003207267
3009,5347,0.0052004354
3010,6595,0.023568474
3011,27146,0.004974652
3012,3251,0.010534443
3013,111032,1.1845145e-06
3014,5510,1.6991327e-06
3015,65152,2.6460811e-11
3016,106849,2.7672074e-09
3017,33106,0.032769844
3018,49436,1.6740034e-09
3019,83740,2.3393522e-12
3020,111921,1.2205712e-13
3021,104880,9.6712455e-08
3022,82228,6.9360794e-05
3023,110469,9.644765e-10
3024,100587,0.009642077
3025,70568,0.004348352
3026,48609,0.008419062
3027,12105,1.1633646e-06
3028,46929,0.08795444
3029,108266,0.01083776
3030,62211,0.06810957
3031,89648,0.0017212755
3032,101285,0.00010919139
3033,73373,0.00088056264
3034,80446,0.02560859
3035,99041,2.3791898e-08
3036,87279,0.071296066
3037,35518,0.009529468
3038,63606,0.0022265424
3039,17733,4.5551714e-09
3040,18144,0.02646379
3041,37235,0.008768024
3042,105146,1.6512531e-05
3043,75821,0.0017212755
3044,10406,0.011855723
3045,33352,5.933147e-17
3046,31097,0.012125932
3047,8102,3.6486774e-08
3048,70847,1.6449687e-10
3049,35771,1.02988364e-11
3050,40620,2.1667447e-07
3051,3243,0.0013234654
3052,93296,0.033939894
3053,20035,2.0642312e-12
3054,26058,0.07140674
3055,22117,0.006594334
3056,71257,0.0011683516
3057,96049,9.153417e-10
3058,14888,0.049949203
3059,94268,0.0036969674
3060,63556,0.0005861374
3061,110478,0.03338991
3062,115917,0.03349911
3063,10186,6.9583075e-06
3064,42912,5.933147e-17
3065,24822,1.2742548e-06
3066,3645,0.022495551
3067,76878,0.00013748383
3068,93049,0.00083792664
3069,7686,2.7272709e-08
3070,50693,0.004081222
3071,16372,9.170403e-10
3072,77167,2.3014446e-17
3073,46569,0.026362604
3074,114394,4.1194505e-07
3075,70831,0.06382485
3076,62839,0.05755738
3077,102240,0.05755738
3078,25303,0.00011293772
3079,10632,6.633346e-07
3080,87631,0.025739817
3081,104252,0.16664237
3082,23699,0.022231404
3083,112570,2.3038099e-07
3084,56051,0.033328146
3085,6861,2.316319e-05
3086,84028,0.06163517
3087,108015,4.334141e-06
3088,90629,0.004348352
3089,80595,1.644458e-05
3090,42290,0.019770224
3091,57555,0.009529468
3092,75604,1.4215075e-13
3093,77873,0.0008847968
3094,75423,5.461211e-07
3095,75490,7.886029e-05
3096,29355,0.0021648884
3097,49793,9.340019e-06
3098,33430,0.0013342599
3099,53547,0.0023332017
3100,19704,8.7228086e-11
3101,94466,0.010153873
3102,71665,2.8077993e-06
3103,15087,5.0954113e-10
3104,14739,4.3546523e-15
3105,54419,0.00016484446
3106,101358,0.010312991
3107,11229,9.722344e-07
3108,46422,0.04496502
3109,43120,2.354909e-12
3110,37745,0.026373321
3111,4907,1.7876692e-07
3112,25728,7.97761e-12
3113,36354,0.00088267185
3114,27172,0.00011293772
3115,97124,5.7108045e-06
3116,94491,0.05755738
3117,45253,3.441623e-05
3118,30952,2.1506123e-08
3119,21137,0.16553059
3120,111339,2.5972684e-11
3121,93989,4.980997e-05
3122,73934,4.0526205e-09
3123,61738,0.018483168
3124,108296,0.011919683
3125,85731,2.7042988e-11
3126,113076,9.498751e-10
3127,63015,0.00084578915
3128,33120,5.539275e-09
3129,18459,1.8272236e-09
3130,11778,1.561258e-11
3131,46936,0.010283782
3132,39513,0.024908274
3133,2332,0.06981935
3134,2526,4.944443e-12
3135,9994,0.00028355065
3136,109484,2.1644223e-12
3137,13091,6.9610366e-19
3138,78334,0.0146883065
3139,45853,2.7807986e-10
3140,83080,1.4736764e-15
3141,100306,6.012654e-13
3142,1372,0.0021369674
3143,57862,0.05755738
3144,111810,0.03338991
3145,32866,0.007431091
3146,44020,0.010283782
3147,62605,3.705407e-12
3148,75736,0.01864118
3149,38204,0.08973667
3150,2369,0.006612764
3151,69028,0.045318313
3152,49191,0.10671782
3153,113035,0.0001388286
3154,63987,1.7648804e-11
3155,73894,0.0017212755
3156,1083,5.2905808e-11
3157,109939,0.010312991
3158,114754,1.0100939e-09
3159,58434,0.071296066
3160,96740,0.057398185
3161,99013,0.00083792664
3162,26617,6.6613803e-10
3163,89964,0.007811113
3164,87018,1.49015295e-05
3165,22859,5.799724e-07
3166,54563,4.178691e-12
3167,3582,0.01099238
3168,33866,0.002856489
3169,80465,0.019700931
3170,83300,0.00014130998
3171,75713,0.0029602337
3172,95154,3.7455473e-12
3173,70438,0.3693756
3174,19731,3.4756863e-12
3175,76277,7.886029e-05
3176,2377,0.010118025
3177,115263,1.747969e-05
3178,50690,0.019700931
3179,62217,0.019939888
3180,76671,0.032733623
3181,115459,1.1498071e-09
3182,12661,4.83735e-10
3183,106147,0.0001388286
3184,75274,4.8164284e-06
3185,34442,5.6724737e-13
3186,88906,0.008229265
3187,115495,0.014680523
3188,111630,3.559149e-08
3189,27073,0.008768024
3190,113178,2.4540903e-12
3191,67258,9.426665e-10
3192,107539,0.00012975436
3193,30545,0.006589307
3194,10677,1.6956536e-08
3195,14846,8.576468e-13
3196,87043,8.520304e-06
3197,93417,4.7747603e-06
3198,6887,2.127268e-06
3199,63373,4.809181e-06
3200,73889,0.0111271795
3201,4439,1.5225253e-05
3202,102230,0.019700931
3203,83754,0.0068936716
3204,45667,0.01294699
3205,104151,2.4857472e-05
3206,32693,0.019449603
3207,107808,1.2179926e-12
3208,101395,0.0001471141
3209,9858,0.002908524
3210,88064,4.4358972e-13
3211,110356,1.0058399e-08
3212,32275,0.0008461725
3213,34607,5.933147e-17
3214,114776,2.4833182e-06
3215,41848,0.009634294
3216,106997,0.0018066044
3217,106939,0.03338991
3218,114580,1.5139398e-10
3219,4126,0.008851299
3220,40149,1.0823145e-07
3221,14088,1.12833e-12
3222,21939,8.676851e-17
3223,79196,0.069460474
3224,21172,7.130449e-08
3225,103691,0.019840907
3226,57655,0.019700931
3227,13812,0.011792748
3228,67812,0.010307644
3229,1197,4.6781533e-12
3230,7413,0.0034882359
3231,26574,2.8836644e-06
3232,88206,3.4607236e-08
3233,79459,0.019803535
3234,21595,0.0034618732
3235,102006,0.00086756714
3236,55245,3.435847e-13
3237,27596,0.019770224
3238,7631,0.02605411
3239,19312,0.06113867
3240,48684,6.2544167e-12
3241,4339,0.11219933
3242,93902,3.441623e-05
3243,45178,0.010283782
3244,16930,0.06063979
3245,33770,0.010153873
3246,66940,0.00084239105
3247,113680,0.018669777
3248,83826,1.0763546e-07
3249,31976,3.6669007e-05
3250,32338,2.848981e-14
3251,31065,5.787853e-20
3252,57576,0.012583805
3253,22538,0.00088267185
3254,83602,2.1933209e-09
3255,61504,0.029379413
3256,82552,0.043363515
3257,106467,0.0035050837
3258,6924,0.011604054
3259,59140,0.071296066
3260,41249,2.1760957e-08
3261,64544,3.800977e-12
3262,93438,0.00083792664
3263,27160,0.004342316
3264,29860,0.026527464
3265,1002,0.01020377
3266,104921,0.0006499246
3267,36788,0.009529468
3268,63000,1.4182457e-11
3269,26504,0.000361441
3270,105701,0.024880426
3271,75299,3.4519931e-09
3272,11683,1.9570147e-07
3273,77495,0.00012833794
3274,101632,0.13800493
3275,62673,2.0828541e-09
3276,1691,1.9402572e-08
3277,98361,0.0006071574
3278,76545,0.023725549
3279,3773,0.0014971244
3280,92514,0.00015971245
3281,92258,1.07917325e-14
3282,112962,0.05084642
3283,8486,4.8846395e-08
3284,104687,5.0994947e-10
3285,36871,0.018483168
3286,23168,0.010283782
3287,14092,0.00091887714
3288,112451,0.008555713
3289,99380,1.3124311e-07
3290,15807,4.099731e-05
3291,31777,0.026112074
3292,46223,2.2022694e-14
3293,43736,1.6294852e-07
3294,80253,0.010307644
3295,96865,2.645218e-06
3296,16943,3.4756863e-12
3297,105274,0.009371703
3298,94811,7.10862e-10
3299,3600,0.008314315
3300,109863,0.010312991
3301,55493,0.0018784801
3302,26834,0.0018331286
3303,73153,0.010307644
3304,86336,0.0017212755
3305,105604,0.019840907
3306,76251,4.8164284e-06
3307,31775,0.0002596202
3308,44319,1.2931621e-17
3309,49262,1.4368355e-07
3310,69137,0.002939113
3311,73635,0.0008847968
3312,26616,0.009529468
3313,80071,4.0765684e-09
3314,113832,2.2436448e-07
3315,110118,2.645218e-06
3316,46215,0.0005693696
3317,111070,2.3906993e-11
3318,102930,6.733343e-08
3319,19028,0.02646379
3320,39130,4.152982e-06
3321,111445,2.5925071e-11
3322,16033,0.008768024
3323,13691,0.019700931
3324,111607,1.2535612e-11
3325,65610,0.0018833948
3326,89067,0.0055305418
3327,28205,2.7301644e-08
3328,36476,0.06113867
3329,30945,4.4885268e-10
3330,48363,2.9065425e-13
3331,76221,0.0017212755
3332,83083,2.223349e-06
3333,94940,6.277725e-06
3334,109455,1.3404842e-07
3335,16588,0.00023764932
3336,67878,0.0008847968
3337,8775,0.0021651727
3338,60914,0.0029602337
3339,5806,7.3801516e-08
3340,38376,7.1831124e-08
3341,26654,0.012169071
3342,90160,0.06382485
3343,9747,6.1844986e-07
3344,32804,3.9409218e-14
3345,82518,0.043363515
3346,44515,3.6793336e-13
3347,27323,0.002373353
3348,77663,0.02146122
3349,105199,0.008246851
3350,79654,2.645218e-06
3351,24057,0.008768024
3352,31942,1.3457948e-07
3353,69387,1.7974168e-07
3354,51893,0.06113867
3355,63296,0.00088366657
3356,32333,0.0053630187
3357,47447,0.004342316
3358,28615,0.019770224
3359,76145,0.019700931
3360,12713,2.705939e-15
3361,74556,0.2154007
3362,29235,5.135289e-13
3363,3907,5.726565e-07
3364,111636,0.054575108
3365,105380,0.07933156
3366,83345,1.0164984e-05
3367,33340,4.1024788e-07
3368,9406,1.942179e-06
3369,95093,0.07145986
3370,109913,0.009642077
3371,55012,0.010153873
3372,108089,1.4590644e-09
3373,3858,1.0164722e-08
3374,41025,1.5228002e-12
3375,47139,0.18826114
3376,78189,4.7747603e-06
3377,96,0.025521828
3378,69487,0.008229265
3379,11827,7.624376e-05
3380,33076,0.007874572
3381,9862,4.4975097e-13
3382,60423,9.426665e-10
3383,5395,8.496137e-07
3384,78365,5.933147e-17
3385,40375,1.03630555e-05
3386,56846,0.001729906
3387,60360,0.00070191047
3388,98009,1.2060377e-05
3389,47697,0.0037254924
3390,75882,0.02560859
3391,52627,3.9503226e-07
3392,55034,0.0018784801
3393,25186,0.008768024
3394,77004,0.0043132193
3395,111089,2.645218e-06
3396,34299,5.69381e-07
3397,6377,0.0029713067
3398,53457,0.00079390913
3399,17259,0.00023764932
3400,5877,3.0963317e-06
3401,23687,0.10646991
3402,51978,5.1658626e-06
3403,42618,1.919603e-08
3404,1646,8.618875e-09
3405,50427,2.4089019e-12
3406,105869,0.00083792664
3407,53668,0.00083792664
3408,27913,0.053542927
3409,68884,0.004348352
3410,48474,0.0018263524
3411,36840,0.00010951224
3412,90710,0.004348352
3413,78601,2.7832348e-06
3414,19198,1.3635156e-07
3415,56858,3.4747039e-09
3416,7754,0.01143928
3417,101964,0.0025599306
3418,33022,8.2385895e-12
3419,4400,0.0021369674
3420,14710,0.032511815
3421,42157,7.0658266e-09
3422,112663,5.910029e-05
3423,57466,0.0008461725
3424,66545,0.00074824225
3425,115004,1.6961686e-11
3426,36580,0.04525399
3427,29729,0.004342316
3428,42058,0.018483168
3429,102215,0.009642077
3430,58189,0.071296066
3431,32284,0.005945585
3432,41945,0.00245909
3433,12799,5.518721e-06
3434,38818,8.6643803e-10
3435,82322,5.935765e-08
3436,115685,3.4152286e-12
3437,61630,0.00018183581
3438,47618,0.019770224
3439,77333,5.7883636e-08
3440,90982,0.0073724524
3441,48526,0.0048655975
3442,7286,0.008851299
3443,56591,0.0043132193
3444,24029,0.00010951224
3445,24607,0.026373321
3446,87893,0.00075788354
3447,86441,0.019700931
3448,17618,0.0067648054
3449,113481,1.1341513e-06
3450,43566,5.1120984e-13
3451,69055,1.7806168e-11
3452,6838,0.0002703232
3453,55835,0.011265511
3454,14961,0.009566048
3455,8598,4.9046706e-05
3456,29512,1.8166272e-14
3457,84983,0.0018833948
3458,1821,0.005977139
3459,33093,7.5880684e-11
3460,20743,0.020443067
3461,102691,2.157609e-12
3462,63644,1.1648578e-12
3463,96496,0.02427312
3464,81383,1.2794751e-06
3465,95672,0.010312991
3466,84767,0.0017212755
3467,103878,0.0011012811
3468,80413,0.010307644
3469,21221,7.888767e-10
3470,82994,0.043363515
3471,83745,0.001025634
3472,82904,0.003049158
3473,36638,0.031585395
3474,68537,6.5948385e-08
3475,23855,3.226924e-12
3476,98228,1.8549842e-07
3477,105007,0.069460474
3478,95291,0.0060545485
3479,51376,4.2640734e-13
3480,98345,3.499816e-11
3481,27553,0.00016816138
3482,4782,0.008324848
3483,59120,0.006589307
3484,16587,0.00023764932
3485,42279,0.010283782
3486,50943,0.020443067
3487,59746,2.7890054e-10
3488,115859,8.872207e-07
3489,55231,0.0017212755
3490,5403,1.2590529e-08
3491,1147,1.2155756e-05
3492,57367,5.621182e-05
3493,79784,4.816796e-06
3494,115257,8.0354527e-13
3495,115183,0.045318313
3496,105169,0.019840907
3497,64356,5.2969184e-16
3498,35417,4.7747603e-06
3499,115770,0.01199421
3500,40212,0.0065166065
3501,86343,0.012440645
3502,77397,4.6371754e-11
3503,18980,0.025521828
3504,4473,0.06854815
3505,44134,0.07140674
3506,25811,0.03994918
3507,115298,3.2338296e-09
3508,32196,5.6298004e-06
3509,28434,4.045711e-07
3510,14407,1.3362093e-08
3511,33712,0.010765045
3512,39672,0.06810957
3513,109465,5.243046e-05
3514,64903,0.06606601
3515,60676,3.6608912e-15
3516,104389,1.0164954e-05
3517,88166,4.809181e-06
3518,35413,5.933147e-17
3519,98644,7.522582e-05
3520,59731,0.00018183581
3521,75206,9.550262e-08
3522,75478,2.9704792e-09
3523,75504,2.3617148e-12
3524,29311,7.26415e-05
3525,46534,0.010283782
3526,36600,1.3794954e-12
3527,58401,1.637961e-11
3528,115779,0.01199421
3529,102190,0.0048823906
3530,68355,0.0005693696
3531,69287,0.009642077
3532,26753,3.579866e-12
3533,1167,0.021127779
3534,4124,0.008324848
3535,108797,0.99982953
3536,27071,0.0028999005
3537,97425,0.02445036
3538,45681,0.032398634
3539,54765,0.04496502
3540,5752,4.1755328e-07
3541,110130,0.0674713
3542,14618,0.004324647
3543,54350,0.026102437
3544,87597,1.5707365e-05
3545,66618,0.000242243
3546,87082,3.6546803e-12
3547,15861,6.184864e-05
3548,106501,0.00011171891
3549,96242,0.008422665
3550,33627,0.018483168
3551,50298,0.010153873
3552,3729,6.619964e-05
3553,106742,0.0016177086
3554,66968,0.0055668545
3555,30575,1.4066131e-07
3556,64348,1.2501801e-11
3557,76282,0.02560859
3558,22406,1.9192131e-10
3559,40821,7.610677e-12
3560,34742,0.0054904954
3561,2611,3.0113806e-05
3562,69521,1.5633163e-12
3563,99863,3.3201122e-12
3564,110746,2.645218e-06
3565,52996,1.9467578e-05
3566,37766,0.05157962
3567,12155,4.4198794e-07
3568,94688,8.267967e-06
3569,41144,7.0812205e-09
3570,78692,1.09398684e-07
3571,100090,0.019803535
3572,113160,4.901864e-06
3573,25293,0.24715203
3574,50988,0.008113807
3575,30764,7.26415e-05
3576,29960,0.032769844
3577,17333,0.00023345304
3578,14313,7.1310474e-08
3579,95829,3.2561884e-11
3580,8013,1.6956536e-08
3581,35786,6.768901e-07
3582,30568,0.031585395
3583,48362,1.9636123e-11
3584,49720,0.00060359313
3585,96789,0.011792748
3586,64218,4.0578657e-16
3587,35665,9.008221e-07
3588,34031,2.5195345e-07
3589,37517,0.009634294
3590,23422,0.04496502
3591,33113,1.166909e-14
3592,6190,2.114824e-06
3593,69379,0.032577705
3594,107254,1.09857374e-16
3595,69752,4.3801757e-07
3596,111165,0.00012900085
3597,53061,0.00013743206
3598,79394,1.3666791e-07
3599,40904,8.682934e-08
3600,79376,0.039917856
3601,60205,0.006589307
3602,115596,8.603536e-07
3603,25979,0.010283782
3604,14524,0.0005478966
3605,17803,0.026373321
3606,11290,0.0017705677
3607,57883,0.071296066
3608,410,5.499046e-06
3609,33723,8.087875e-08
3610,61374,0.012402491
3611,46735,0.010283782
3612,79201,5.019103e-14
3613,58775,0.015850792
3614,14849,1.2081507e-07
3615,115352,7.946113e-12
3616,114095,4.8210058e-08
3617,102802,2.5925071e-11
3618,57396,4.3141293e-10
3619,64645,1.5522301e-09
3620,64167,0.0003481665
3621,71893,0.019700931
3622,17468,7.162375e-15
3623,70388,5.6411808e-14
3624,13689,5.0469064e-13
3625,12726,0.009551308
3626,81509,6.646008e-11
3627,92581,0.015850792
3628,97601,0.005938862
3629,20059,0.012125932
3630,81800,0.008768024
3631,67919,7.9525824e-05
3632,60121,0.010061669
3633,14857,3.2022487e-10
3634,90323,6.703805e-08
3635,59681,0.012294085
3636,87169,4.834039e-10
3637,111336,3.5538048e-11
3638,106234,1.0169512e-05
3639,3977,1.1930383e-07
3640,19861,2.364105e-06
3641,7572,3.3139422e-06
3642,63126,0.16724965
3643,89257,9.327531e-13
3644,33642,4.2777187e-06
3645,105170,7.3482816e-08
3646,78287,0.00074824225
3647,61428,0.045318313
3648,3043,4.0018804e-07
3649,16056,0.0012999728
3650,93287,7.8759294e-17
3651,102354,0.009642077
3652,95021,2.6211837e-06
3653,34130,0.010153873
3654,37181,2.2022694e-14
3655,10333,1.9588102e-05
3656,76337,3.6608912e-15
3657,51192,0.0014774455
3658,58101,7.233183e-05
3659,74407,0.001622638
3660,19250,6.5518814e-13
3661,14894,0.019700931
3662,106878,0.00031961224
3663,77709,8.354681e-11
3664,567,2.3888628e-05
3665,29341,0.0003207267
3666,79549,0.010312991
3667,92253,4.7747603e-06
3668,52233,0.008768024
3669,105109,0.019840907
3670,82922,3.9109927e-06
3671,82787,0.008768024
3672,38947,0.012440645
3673,75819,0.056103524
3674,104301,0.0007687888
3675,85363,7.706174e-09
3676,19150,1.0303281e-10
3677,45397,1.6350595e-17
3678,5048,0.014639568
3679,66740,1.2441459e-10
3680,55909,0.030741232
3681,85707,3.617722e-08
3682,44790,0.009634294
3683,62821,5.910453e-06
3684,17315,0.018483168
3685,80613,4.99572e-11
3686,105338,0.0016177086
3687,72625,0.0038181362
3688,43280,3.3323946e-08
3689,93829,1.1808766e-09
3690,21550,2.848981e-14
3691,77090,4.6088227e-09
3692,34385,0.008768024
3693,9349,0.001040726
3694,56088,0.02375226
3695,39500,0.010825283
3696,5477,4.6409886e-11
3697,38504,0.018483168
3698,108078,0.0016177086
3699,95438,0.0009220822
3700,81377,2.6637947e-11
3701,29593,0.0017745991
3702,85286,2.021506e-10
3703,98834,0.011851389
3704,37963,0.15957011
3705,24079,0.0084224185
3706,48275,0.00084239105
3707,108663,0.00083792664
3708,19177,8.149158e-05
3709,104806,0.007818049
3710,91003,3.1095417e-12
3711,50084,0.010153873
3712,12348,0.010181155
3713,39379,0.00056931423
3714,47971,2.939723e-12
3715,13643,0.006304448
3716,115497,0.010153873
3717,190,0.010987394
3718,24416,0.010283782
3719,77006,1.1504106e-05
3720,109054,0.020443067
3721,98111,0.011184473
3722,74394,0.0082014
3723,12526,0.019449603
3724,4216,0.0043906476
3725,18997,0.003093741
3726,18316,8.403841e-15
3727,72566,1.09981555e-11
3728,69323,0.027718801
3729,20576,0.00011293772
3730,87275,1.8434624e-06
3731,47890,8.893942e-17
3732,34750,8.0913574e-13
3733,104101,0.032047797
3734,85186,0.06113867
3735,86309,5.8103583e-10
3736,111694,0.025739817
3737,63138,2.645218e-06
3738,105883,1.0550967e-08
3739,97731,7.755464e-10
3740,18467,0.06810957
3741,30939,0.010153873
3742,103046,2.955493e-12
3743,90433,0.043363515
3744,63761,2.560059e-09
3745,110976,0.009529468
3746,56587,0.06113867
3747,50821,0.00040666165
3748,66763,2.2299404e-12
3749,35777,0.010153873
3750,95649,0.057741154
3751,42571,0.0059027667
3752,96903,1.8270422e-13
3753,87013,1.9312116e-08
3754,53635,1.876926e-14
3755,98313,2.937479e-17
3756,88292,3.372079e-13
3757,107410,5.180385e-13
3758,954,0.002908524
3759,85990,0.0017212755
3760,50195,0.06113867
3761,38844,0.026112074
3762,36744,0.0053516733
3763,34823,0.071296066
3764,102149,7.3789934e-06
3765,105849,8.124819e-07
3766,64496,3.68553e-08
3767,12734,0.019700931
3768,99186,0.0001388286
3769,53084,2.645218e-06
3770,101596,0.024418462
3771,110051,3.107366e-12
3772,26146,1.829888e-13
3773,66057,2.6460811e-11
3774,33089,0.026527464
3775,23929,0.010283782
3776,79782,0.0025599306
3777,51219,3.0547944e-06
3778,8957,0.0017705677
3779,115387,0.00026755474
3780,41801,1.8121757e-07
3781,112490,0.069460474
3782,114464,1.2486817e-14
3783,14414,6.184864e-05
3784,95289,1.7731534e-06
3785,99558,0.025739817
3786,55336,4.7747603e-06
3787,93929,0.026325935
3788,111676,0.058114987
3789,33018,0.008768024
3790,31981,4.1789064e-12
3791,17555,0.025521828
3792,56383,0.015897727
3793,101495,0.008267445
3794,43131,7.1333868e-12
3795,45587,0.010283782
3796,61480,3.9046914e-15
3797,11660,4.0636134e-08
3798,104905,1.17256e-11
3799,26184,2.5689988e-05
3800,1477,0.022496888
3801,66015,2.5645748e-09
3802,12274,4.3614804e-07
3803,56378,0.0058992202
3804,108529,0.0008847968
3805,86768,3.5176043e-11
3806,49085,0.010153873
3807,109264,3.890268e-16
3808,95693,0.0014642557
3809,54002,0.022350626
3810,68388,0.001448229
3811,52011,0.02063519
3812,91688,0.0009825915
3813,108786,1.4971968e-05
3814,60764,0.011792748
3815,57722,0.008419062
3816,75320,0.00014129948
3817,91492,2.085245e-11
3818,56861,0.026332634
3819,100923,6.383504e-05
3820,25778,0.009529468
3821,5771,0.006612764
3822,82711,0.004348352
3823,33045,1.3519173e-10
3824,92727,0.0001825176
3825,345,0.001960846
3826,52000,0.010153873
3827,69929,0.026112074
3828,107997,1.3383011e-11
3829,27975,0.002510717
3830,3518,9.327265e-07
3831,73884,3.1095417e-12
3832,80599,1.8208193e-12
3833,83749,4.5432433e-08
3834,90104,0.0017212755
3835,13004,1.9596086e-15
3836,18282,0.032591436
3837,108583,0.011184473
3838,110877,0.11494499
3839,108462,0.0004032324
3840,89759,0.009642077
3841,3003,0.0091612
3842,46050,0.011118982
3843,60016,0.019700931
3844,13201,5.1120984e-13
3845,72036,0.06895566
3846,94967,4.900994e-06
3847,83226,4.561877e-12
3848,25002,3.3280237e-05
3849,54951,6.9360794e-05
3850,112144,0.069460474
3851,80425,0.00019278807
3852,15761,0.0017232611
3853,78890,0.00088056264
3854,85031,1.7281733e-05
3855,2846,1.2142466e-06
3856,77514,4.6432415e-06
3857,73812,4.8955732e-11
3858,83728,0.0059027667
3859,49694,0.00019668553
3860,10739,1.2980804e-06
3861,22296,4.0001587e-06
3862,60230,0.019700931
3863,87948,0.019803535
3864,85431,4.816796e-06
3865,63227,0.06895566
3866,51844,3.705407e-12
3867,4677,0.0028478263
3868,55630,1.7281733e-05
3869,103020,0.06895566
3870,111440,0.045318313
3871,12985,0.008718853
3872,32399,0.008419062
3873,84836,3.1095417e-12
3874,35531,2.7574338e-09
3875,31059,1.709043e-06
3876,110764,0.008229265
3877,87408,0.019700931
3878,59427,0.019700931
3879,48993,1.3436241e-14
3880,105188,8.840263e-13
3881,106835,8.603536e-07
3882,90471,4.3130272e-10
3883,30338,0.010153873
3884,88977,0.05755738
3885,23383,0.009634294
3886,68318,8.858513e-08
3887,105105,9.472979e-06
3888,1006,0.002908524
3889,45579,3.3818502e-13
3890,60695,0.006247775
3891,100673,0.057741154
3892,103852,1.1405727e-08
3893,102781,0.0003068211
3894,110802,0.026325935
3895,43304,0.06810957
3896,15009,1.1260993e-14
3897,98858,2.7503618e-05
3898,8320,4.062103e-08
3899,107593,0.00044716065
3900,55438,0.010153873
3901,7642,3.55492e-06
3902,74763,7.585482e-10
3903,25335,1.1134598e-10
3904,36375,1.41678085e-14
3905,82310,0.0017212755
3906,100364,0.006564993
3907,12935,0.050775647
3908,13136,0.00018183581
3909,54515,0.00013743206
3910,5592,0.07150146
3911,47112,0.0035598187
3912,86306,3.7455473e-12
3913,23729,0.009148665
3914,52392,1.6971505e-06
3915,79775,0.01864118
3916,68141,0.0055668545
3917,106533,0.0017241349
3918,71977,0.056830663
3919,75782,0.0017212755
3920,110784,2.0728192e-09
3921,41049,0.00011293772
3922,50739,5.933147e-17
3923,92008,3.1637724e-09
3924,67681,0.045318313
3925,23297,0.031010386
3926,8628,3.5874548e-06
3927,74703,3.3690208e-12
3928,92906,0.019803535
3929,104189,0.0001388286
3930,101132,5.927212e-06
3931,72312,0.0055668545
3932,93396,0.069460474
3933,3741,3.55492e-06
3934,94451,0.019803535
3935,97421,0.008192438
3936,72391,2.645218e-06
3937,85910,1.9931682e-12
3938,55159,1.3237716e-08
3939,12592,4.2393766e-11
3940,31183,4.04678e-05
3941,14539,8.403841e-15
3942,100124,0.0036969674
3943,99027,0.0017212755
3944,42043,0.008768024
3945,86756,0.0017212755
3946,67727,3.643272e-09
3947,16241,0.009566048
3948,2060,0.0027028467
3949,46099,0.0051894467
3950,83526,0.0023507837
3951,39623,0.010283782
3952,33104,0.011792748
3953,50649,0.010765045
3954,20493,3.4756863e-12
3955,50835,5.418597e-14
3956,92433,2.645218e-06
3957,110237,0.00044716065
3958,70993,1.053787e-09
3959,34721,0.026527464
3960,96907,3.6578972e-11
3961,52309,9.458485e-07
3962,7017,1.6991327e-06
3963,49425,4.10523e-08
3964,103910,0.0018876592
3965,8428,0.008829418
3966,50026,9.306588e-11
3967,71771,0.026332634
3968,69117,0.045318313
3969,60117,0.89030033
3970,66428,7.55113e-09
3971,58486,0.011792748
3972,94630,0.02427312
3973,87022,2.2673309e-08
3974,115093,4.086826e-05
3975,101381,1.376475e-09
3976,91734,1.6956306e-05
3977,105342,4.608249e-10
3978,32651,0.04496502
3979,64199,0.00074824225
3980,112607,0.009529468
3981,96564,0.004348352
3982,83379,1.1678595e-11
3983,51203,0.019700931
3984,58954,2.1418385e-09
3985,80864,0.012588599
3986,69398,1.0164954e-05
3987,24384,1.1665632e-06
3988,48252,3.372079e-13
3989,27101,2.9474887e-07
3990,58060,0.0025516099
3991,52760,4.8208494e-06
3992,36852,0.010283782
3993,55657,1.192053e-10
3994,8448,0.015420634
3995,12771,1.6094871e-08
3996,37435,0.004342316
3997,68554,8.0796096e-16
3998,22727,0.007811113
3999,89144,1.8013854e-08
4000,48773,5.88982e-08
4001,42930,0.028107602
4002,35372,2.4765419e-07
4003,87080,0.0017212755
4004,86257,2.645218e-06
4005,26251,0.004342316
4006,106864,0.0001388286
4007,88722,0.025870373
4008,106640,0.03203254
4009,106509,0.010312991
4010,61317,0.05755738
4011,52943,0.018483168
4012,68573,0.00013743206
4013,8129,0.00087146444
4014,70913,0.00058822014
4015,27184,4.441079e-06
4016,9314,0.034530524
4017,100346,0.026102437
4018,84089,0.06113867
4019,57541,6.768424e-06
4020,110370,1.7390583e-05
4021,49734,0.071296066
4022,108477,0.0032877815
4023,7910,0.0014925984
4024,17266,2.8679848e-08
4025,38222,6.1987803e-06
4026,28765,9.63107e-06
4027,34963,0.0018738447
4028,48,8.8923775e-14
4029,47621,0.000114185204
4030,46982,0.07140674
4031,31464,8.3913505e-07
4032,25731,1.411016e-09
4033,36735,0.0010455546
4034,84571,0.010307644
4035,51446,0.0023332017
4036,38101,1.5068925e-06
4037,96773,0.03946829
4038,68148,6.757057e-11
4039,81131,0.0025516099
4040,25277,0.008400567
4041,63154,0.0023332017
4042,109211,2.1644223e-12
4043,31759,0.06113867
4044,69644,5.5653128e-14
4045,93625,0.010312991
4046,60677,0.0014630348
4047,37352,0.00018183581
4048,94819,2.4646233e-05
4049,48482,0.011172809
4050,32060,0.032769844
4051,84027,0.06113867
4052,60551,0.00012833794
4053,89125,5.231439e-14
4054,37521,0.18826114
4055,106498,0.04389628
4056,90839,0.010307644
4057,94678,1.0050262e-09
4058,112573,3.8024376e-14
4059,45594,0.004342316
4060,50868,1.41678085e-14
4061,22952,0.0050660777
4062,74420,1.8197206e-10
4063,34612,1.0155788e-05
4064,16110,0.00056581874
4065,57793,0.0025516099
4066,4197,8.618875e-09
4067,93652,0.00031221015
4068,4467,5.5961583e-11
4069,113975,0.032047797
4070,35443,0.071296066
4071,57432,4.7747603e-06
4072,94014,0.0004101637
4073,65606,5.2939093e-08
4074,113256,0.00077011634
4075,64257,4.809181e-06
4076,55655,0.009529468
4077,76932,0.0053630187
4078,70437,0.00011010395
4079,5150,3.53652e-08
4080,9246,6.2124443e-13
4081,59222,0.025574196
4082,43983,0.10586758
4083,34185,3.936325e-06
4084,68154,2.3928096e-06
4085,55183,3.435847e-13
4086,72790,0.026112074
4087,85241,0.03450839
4088,95972,4.830145e-12
4089,44352,0.008531047
4090,74195,0.045318313
4091,83600,0.04948091
4092,62377,0.06113867
4093,82161,0.005977139
4094,62550,0.01020377
4095,11224,0.0009922553
4096,49366,0.018483168
4097,52044,0.0033459524
4098,102659,0.019700931
4099,52964,0.00056615536
4100,112908,1.8688752e-13
4101,34509,3.330952e-08
4102,27914,2.7301644e-08
4103,80198,0.003314459
4104,34041,0.009529468
4105,77160,1.8572961e-11
4106,115741,0.0048655975
4107,82329,0.001622638
4108,6770,0.103846766
4109,45134,7.295395e-08
4110,44943,1.41678085e-14
4111,7604,0.25567263
4112,65902,0.00088056264
4113,105192,2.2944118e-08
4114,69215,1.5364463e-05
4115,4540,0.023568474
4116,13539,8.9224167e-10
4117,90979,0.010307644
4118,49874,9.566874e-05
4119,83824,1.7812087e-10
4120,99592,0.0011012811
4121,74953,0.06113867
4122,95222,0.010153873
4123,46853,0.0018575531
4124,74154,0.5886852
4125,78674,6.1487096e-15
4126,81591,0.056830663
4127,17721,6.5241693e-07
4128,45270,7.159265e-10
4129,93504,3.0237401e-12
4130,84769,3.1095417e-12
4131,81201,0.0001825176
4132,30938,0.00018183581
4133,101427,0.03349911
4134,112879,0.0024509917
4135,14669,8.221442e-17
4136,62706,0.019700931
4137,50537,0.010153873
4138,108373,0.025739817
4139,79168,9.91756e-09
4140,16736,0.00018065373
4141,91700,0.043769367
4142,42964,0.00018680909
4143,89645,0.00056216336
4144,28191,0.05176888
4145,6679,7.2111206e-06
4146,12414,6.195259e-14
4147,87525,0.033939894
4148,63224,3.705407e-12
4149,109386,2.645218e-06
4150,4407,0.1529195
4151,28950,2.0162574e-10
4152,29680,0.03406126
4153,48351,2.1593523e-14
4154,101694,1.3539857e-08
4155,6671,6.7577444e-06
4156,30123,3.435847e-13
4157,92740,2.807697e-10
4158,69437,0.0010301592
4159,59523,0.0023332017
4160,92165,0.003826997
4161,97047,7.9007755e-12
4162,16150,0.019700931
4163,82266,0.00083792664
4164,44858,3.1098026e-12
4165,45420,0.0014630348
4166,72504,0.06891348
4167,31437,0.009529468
4168,42771,1.2268967e-09
4169,104623,7.522582e-05
4170,25766,0.009634294
4171,75539,7.633006e-12
4172,61071,0.008768024
4173,74480,0.009642077
4174,20587,5.646397e-16
4175,41803,6.566908e-09
4176,1808,7.747257e-07
4177,9741,0.06139139
4178,104157,7.2849766e-06
4179,48515,4.809181e-06
4180,76699,1.4971968e-05
4181,6224,5.971917e-07
4182,95225,1.6737159e-09
4183,76676,0.0029711372
4184,63262,0.056830663
4185,51334,0.00024057155
4186,26498,0.002373353
4187,58247,7.53314e-11
4188,17819,0.015850792
4189,112965,0.01474979
4190,8996,0.024114532
4191,113106,2.1620768e-10
4192,14815,4.673561e-07
4193,25936,0.08153384
4194,28510,3.7761207e-15
4195,3019,0.0017665094
4196,36534,1.41678085e-14
4197,69967,2.3213024e-12
4198,100512,1.7858868e-07
4199,110289,0.8569267
4200,82289,0.0055668545
4201,44170,0.0014895308
4202,115063,1.1872442e-07
4203,93577,0.0027230578
4204,12499,0.010181155
4205,45495,0.0006419806
4206,101208,4.557311e-05
4207,29728,0.004342316
4208,26724,0.0007336302
4209,63979,0.0029602337
4210,46370,0.0017687996
4211,108290,0.005168434
4212,15193,2.6757154e-11
4213,85954,3.2492804e-09
4214,41721,0.009634294
4215,45499,0.00072054064
4216,47088,2.4192386e-12
4217,72560,2.645218e-06
4218,46866,0.010283782
4219,103280,0.0017241349
4220,14558,0.14393526
4221,104745,2.6786412e-11
4222,86059,0.012294085
4223,92079,1.9350075e-06
4224,67807,0.010307644
4225,42556,0.029886292
4226,103579,0.009642077
4227,72143,1.2907445e-05
4228,92892,0.002101435
4229,83053,0.0014614676
4230,4834,0.008324848
4231,23082,7.1727956e-14
4232,62669,0.0017212755
4233,25787,2.8314226e-11
4234,109961,0.019840907
4235,86543,0.010307644
4236,31846,0.00025221918
4237,13149,0.019700931
4238,21022,0.020443067
4239,87614,0.05755738
4240,2252,0.0017624897
4241,67827,0.0054971282
4242,57166,1.4041592e-06
4243,22873,2.4578846e-12
4244,92197,0.03703929
4245,25180,8.619607e-11
4246,41411,0.010283782
4247,51193,0.0007336302
4248,109925,0.8469365
4249,38809,7.832174e-09
4250,45003,0.010283782
4251,33713,0.010153873
4252,77563,0.025521828
4253,40431,0.019426988
4254,47439,0.06063979
4255,24624,0.00072054064
4256,16406,0.02646379
4257,68465,0.009642077
4258,64509,0.00025809745
4259,97969,0.057741154
4260,98414,0.002468914
4261,98681,0.06063979
4262,70524,4.2929364e-07
4263,41736,0.0014630348
4264,6810,5.726565e-07
4265,105294,8.505049e-10
4266,98015,0.057741154
4267,24313,0.006245395
4268,42001,0.010283782
4269,48031,0.00158632
4270,91907,0.032047797
4271,89945,2.1418005e-10
4272,19272,7.448843e-05
4273,49051,0.026527464
4274,25212,0.025521828
4275,23682,0.011604054
4276,63704,1.7648804e-11
4277,67061,0.00084239105
4278,78520,0.019700931
4279,35370,0.019700931
4280,42832,2.0381584e-07
4281,45004,0.0007288296
4282,62451,1.3751747e-11
4283,87375,0.00075788354
4284,88207,7.932965e-09
4285,64741,0.00088056264
4286,10025,4.950044e-07
4287,69948,0.16141807
4288,109919,0.00026755474
4289,6713,0.01143928
4290,40332,0.019700931
4291,103045,0.008422665
4292,88704,0.0033882305
4293,39230,1.2234433e-12
4294,47798,0.010307644
4295,77035,0.0014660647
4296,16219,2.6380682e-15
4297,42412,0.010283782
4298,6490,0.018445008
4299,19538,1.0254151e-10
4300,69508,0.004348352
4301,69528,0.011792748
4302,93905,0.025739817
4303,40948,0.009634294
4304,59076,4.809181e-06
4305,39017,6.2375e-08
4306,60753,4.809181e-06
4307,69054,0.00024779356
4308,103877,0.04389628
4309,79729,0.013188969
4310,32409,3.435847e-13
4311,99473,0.00010243359
4312,72488,0.00083792664
4313,58873,0.05917771
4314,91526,0.0022265424
4315,6762,0.008324848
4316,97858,0.00083792664
4317,28823,5.465293e-06
4318,35586,1.6476062e-10
4319,55363,2.481418e-12
4320,77072,5.262333e-14
4321,40978,4.974221e-07
4322,438,7.511515e-12
4323,30972,3.435847e-13
4324,49326,0.0059027667
4325,508,0.02605411
4326,110180,2.1412459e-13
4327,60661,0.0059027667
4328,15868,0.0025724473
4329,10308,6.055425e-08
4330,50032,0.008768024
4331,55381,0.06113867
4332,26154,2.0716178e-09
4333,103935,1.0393746e-09
4334,64902,0.00088056264
4335,108344,7.5993775e-08
4336,63073,1.7641306e-10
4337,59759,4.749251e-08
4338,100206,0.028350111
4339,101822,0.057741154
4340,77259,2.3792223e-11
4341,70996,0.05755738
4342,41735,3.7871837e-12
4343,9608,0.026492594
4344,106362,0.00012833794
4345,54023,3.435847e-13
4346,55649,0.009529468
4347,7076,5.3251006e-07
4348,114985,4.3573745e-09
4349,47151,0.010283782
4350,12633,0.0059600095
4351,61338,2.6374223e-09
4352,66591,5.746697e-14
4353,10567,1.2155756e-05
4354,49859,0.019700931
4355,94746,0.0043132193
4356,82346,0.008422665
4357,51425,0.00014028802
4358,17483,1.2042964e-06
4359,100101,0.026325935
4360,15612,7.023317e-08
4361,14834,1.4279007e-06
4362,34193,6.720714e-13
4363,92991,2.8039052e-08
4364,14737,0.00044230974
4365,94426,0.025969036
4366,102051,0.0015615011
4367,62507,0.01020377
4368,99264,0.04119118
4369,39778,0.006417349
4370,12385,0.15667668
4371,72254,0.026332634
4372,51885,2.4765419e-07
4373,88898,3.6366704e-12
4374,40532,7.32209e-12
4375,55761,5.418597e-14
4376,43658,7.9007755e-12
4377,84789,4.809181e-06
4378,16781,0.019700931
4379,36166,1.7083691e-12
4380,44938,0.0023332017
4381,83318,0.10586758
4382,22872,8.251847e-12
4383,25051,2.4672455e-16
4384,24910,7.355643e-12
4385,86911,3.905445e-18
4386,55763,3.1111437e-12
4387,82245,0.009642077
4388,14400,0.0023332017
4389,108519,1.15210334e-07
4390,32996,2.2240494e-08
4391,41334,0.0014630348
4392,97939,0.01202988
4393,67193,1.986718e-06
4394,89246,0.0060545485
4395,12277,3.678464e-09
4396,52184,0.65734434
4397,41974,0.010283782
4398,58802,7.1931926e-11
4399,54939,4.646524e-06
4400,73624,0.010307644
4401,9866,1.4374566e-06
4402,69238,2.2050328e-12
4403,31351,2.9495982e-11
4404,86156,4.809181e-06
4405,44379,0.018483168
4406,9329,2.1055236e-11
4407,54181,0.0014774455
4408,92246,8.724033e-09
4409,81550,9.265011e-13
4410,2857,0.008314315
4411,94217,0.030740164
4412,63427,8.879218e-06
4413,96095,4.5367052e-08
4414,102738,0.069460474
4415,52643,3.6608912e-15
4416,12376,0.011131373
4417,106046,0.008422665
4418,76823,1.5423104e-10
4419,61842,3.9336186e-16
4420,93037,0.05755738
4421,96790,2.5399924e-08
4422,91605,0.001622638
4423,111105,0.0073724524
4424,108964,0.025739817
4425,74268,1.9070825e-07
4426,111970,0.004348352
4427,74938,5.746697e-14
4428,30069,2.259558e-17
4429,52590,0.001622638
4430,105222,0.058114987
4431,22142,3.1399432e-12
4432,79132,5.497874e-14
4433,67301,0.008231616
4434,91720,0.0008295987
4435,112703,0.12511167
4436,32048,0.010153873
4437,41359,7.656543e-05
4438,53902,5.418597e-14
4439,74299,0.0048655975
4440,1194,8.3046594e-05
4441,62921,0.05917771
4442,25362,9.646645e-13
4443,51239,0.003314459
4444,77059,3.435847e-13
4445,3609,0.13452993
4446,33703,1.7556e-08
4447,103625,7.725802e-07
4448,73848,4.3427778e-10
4449,90182,2.1418005e-10
4450,49131,0.011118982
4451,45849,3.515639e-11
4452,90922,0.00012833794
4453,107501,0.00012975436
4454,6033,1.4264836e-07
4455,88243,0.0017212755
4456,6012,8.0150764e-10
4457,75767,5.7883636e-08
4458,110587,0.025739817
4459,107527,1.0932495e-09
4460,20745,0.009566048
4461,101749,0.030740164
4462,60536,8.9903015e-06
4463,23373,0.010825283
4464,59757,0.0018833948
4465,53527,5.777038e-15
4466,30131,4.7335925e-06
4467,113660,3.032522e-14
4468,12141,7.3687615e-06
4469,34276,2.148848e-09
4470,29529,1.7543535e-13
4471,45986,0.0060521155
4472,80975,0.00025252646
4473,1122,0.00026360096
4474,90892,0.06163517
4475,90226,0.033939894
4476,95197,0.0003130029
4477,115072,0.00028705105
4478,32198,0.000374104
4479,108918,0.057112224
4480,112345,8.893105e-07
4481,77993,0.045436084
4482,57674,2.8851586e-05
4483,25073,1.6640723e-05
4484,35852,1.5580478e-19
4485,39350,0.011118982
4486,11745,2.7257498e-05
4487,110550,3.5806758e-10
4488,100298,0.010312991
4489,67330,0.026332634
4490,9400,0.00022086732
4491,68843,0.0055668545
4492,21601,0.0001588048
4493,7384,2.1135345e-05
4494,94624,0.014548871
4495,46831,4.6950136e-06
4496,76708,0.01864118
4497,62,2.035842e-06
4498,32474,1.2099248e-10
4499,3649,2.9855366e-07
4500,51703,0.010153873
4501,41837,0.0012584309
4502,33676,3.747489e-13
4503,79353,0.057741154
4504,89078,0.0006071574
4505,96009,0.056830663
4506,675,3.3251305e-05
4507,108465,0.00083792664
4508,86169,3.372079e-13
4509,7909,9.816277e-08
4510,114579,0.11006742
4511,46044,0.010283782
4512,66563,1.0706786e-05
4513,44571,1.4372411e-07
4514,21347,0.00975874
4515,953,9.816277e-08
4516,66702,0.00014140474
4517,15098,1.0129607e-17
4518,96061,8.917575e-06
4519,53119,3.317906e-10
4520,101507,2.057421e-14
4521,17928,2.6380682e-15
4522,29608,2.2476645e-07
4523,71558,0.034499
4524,95497,0.057741154
4525,84033,0.010307644
4526,57909,3.9046914e-15
4527,101844,0.007969697
4528,47693,3.1497513e-07
4529,69086,5.03119e-10
4530,66470,0.00088056264
4531,103335,0.029101834
4532,40728,0.007811113
4533,62252,8.178927e-07
4534,59919,1.0164954e-05
4535,25944,0.009634294
4536,85736,4.816796e-06
4537,101098,1.1817922e-08
4538,33380,0.006035061
4539,93899,0.00013748987
4540,39429,0.15957011
4541,22262,1.0102162e-11
4542,59826,9.778129e-10
4543,65787,2.2691181e-07
4544,63266,5.218156e-10
4545,84142,7.856671e-08
4546,68069,0.045318313
4547,41092,0.008768024
4548,10987,2.747503e-06
4549,114451,9.342652e-12
4550,45839,0.07140674
4551,80330,0.009642077
4552,96316,0.011792748
4553,13389,0.0006145481
4554,32422,0.010153873
4555,70096,0.01661967
4556,29090,5.621182e-05
4557,81641,0.00050030893
4558,63947,0.0010046341
4559,24260,4.6950136e-06
4560,58726,2.0628336e-12
4561,53777,0.05157962
4562,54049,0.011792748
4563,106194,2.0837033e-10
4564,107616,0.058114987
4565,65876,1.1069936e-12
4566,37966,0.0038817874
4567,94645,3.7455473e-12
4568,7322,2.2858234e-05
4569,102277,0.00083792664
4570,110688,0.069460474
4571,49346,3.3828428e-07
4572,68988,0.010307644
4573,12069,1.6189501e-10
4574,1220,0.06803659
4575,18466,3.765575e-12
4576,84765,0.019700931
4577,51887,0.043509424
4578,10564,0.008324848
4579,81751,1.350923e-09
4580,84216,1.8696355e-12
4581,85342,0.0004048447
4582,110958,2.645218e-06
4583,90080,4.0768533e-05
4584,88461,1.3718209e-08
4585,115441,0.04654052
4586,64709,0.0055305418
4587,35221,0.0043132193
4588,35735,0.008768024
4589,65436,0.0082014
4590,80435,0.00083792664
4591,33136,3.435847e-13
4592,62410,0.011792748
4593,33265,0.00071274344
4594,17314,3.4756863e-12
4595,61530,0.00095678144
4596,87505,0.0017212755
4597,17892,0.002368571
4598,21406,6.1593647e-16
4599,84787,0.010307644
4600,102341,7.26415e-05
4601,6732,0.045027267
4602,10046,0.023568474
4603,76838,2.645218e-06
4604,73797,0.0017212755
4605,59978,0.12525937
4606,2973,2.839435e-09
4607,4888,0.008419771
4608,114881,8.921114e-08
4609,64442,3.031906e-12
4610,102706,2.645218e-06
4611,105865,0.00010357087
4612,3693,6.0853126e-06
4613,13448,2.0179261e-11
4614,9429,0.00020767924
4615,39241,0.00088267185
4616,103242,0.045838933
4617,99187,6.145343e-08
4618,40538,7.7770353e-13
4619,43198,0.00018183581
4620,93330,0.0017212755
4621,105997,1.40307534e-08
4622,37533,7.874569e-05
4623,28332,0.0007336302
4624,90667,0.05755738
4625,24284,0.008768024
4626,82886,0.0014630348
4627,84122,2.862925e-11
4628,44175,0.06113867
4629,103750,0.030740164
4630,10093,0.008324848
4631,19526,1.4528706e-18
4632,84223,0.026102437
4633,58477,0.0043132193
4634,60313,0.008419062
4635,49417,1.7556e-08
4636,4846,0.07150146
4637,28069,0.038671788
4638,62864,0.05755738
4639,45896,1.5676497e-11
4640,83320,1.681808e-10
4641,55102,1.1429986e-12
4642,34359,0.010765045
4643,102133,0.033757117
4644,47884,7.55113e-09
4645,84486,1.5264737e-07
4646,46314,1.2227697e-11
4647,88946,3.0836544e-12
4648,25479,1.41678085e-14
4649,111250,0.006379432
4650,30965,0.038118478
4651,108989,5.7254674e-12
4652,105124,9.899001e-13
4653,97647,0.043769367
4654,67238,0.00084239105
4655,78110,1.41678085e-14
4656,61931,1.5826564e-11
4657,71670,0.010765045
4658,31355,0.004342316
4659,103044,2.3906993e-11
4660,76812,1.2101152e-08
4661,96503,0.009642077
4662,10294,0.011855723
4663,35398,6.1153036e-12
4664,58829,0.019700931
4665,64625,3.6522413e-12
4666,39595,9.3662374e-07
4667,4356,0.0059600095
4668,113027,0.0017241349
4669,66394,5.0948374e-14
4670,45146,8.925101e-11
4671,17548,2.0002014e-07
4672,9891,1.4207828e-06
4673,81175,0.004348352
4674,13565,1.1134598e-10
4675,22037,1.8201754e-10
4676,22972,8.7228086e-11
4677,52846,0.009529468
4678,61752,0.03450839
4679,82802,0.02560859
4680,86501,0.0026778
4681,22955,0.0006145481
4682,54226,0.0006144977
4683,34683,0.071296066
4684,95146,1.2277026e-08
4685,20526,1.3558766e-05
4686,83343,1.644458e-05
4687,112372,1.9843158e-11
4688,102696,0.06163517
4689,31093,0.0001382268
4690,96459,0.024880426
4691,27956,0.019770224
4692,51087,0.006589307
4693,79693,0.026378538
4694,20780,0.0007087049
4695,21589,2.5133554e-06
4696,70942,0.04496502
4697,1155,0.021214034
4698,62723,0.05755738
4699,77824,2.645218e-06
4700,11817,4.9252272e-14
4701,108272,8.879366e-13
4702,59611,2.253001e-12
4703,108034,0.015695803
4704,91430,0.0022265424
4705,68499,3.372079e-13
4706,37876,1.2677779e-05
4707,87323,5.5767075e-09
4708,113052,0.01474979
4709,14350,0.01020377
4710,88503,0.00975874
4711,15609,0.007513525
4712,23293,2.4459033e-12
4713,39586,0.007811113
4714,85470,7.598453e-11
4715,25496,0.010283782
4716,112268,0.0018876592
4717,19963,4.892169e-10
4718,3468,0.0036234308
4719,42248,0.019770224
4720,8018,1.7750921e-05
4721,32302,2.5470193e-10
4722,83806,0.026378538
4723,10657,0.012583557
4724,19714,5.33381e-09
4725,114995,1.39150105e-08
4726,115296,0.0015503302
4727,44704,0.00025977645
4728,70631,0.07565917
4729,47995,0.008422665
4730,18507,3.4163443e-11
4731,84906,7.5010726e-06
4732,78952,0.00056931423
4733,27026,0.0007336302
4734,100484,9.150575e-13
4735,59147,0.034499
4736,12881,6.1179904e-05
4737,18953,8.9291617e-13
4738,90856,0.008113807
4739,113819,0.010166918
4740,2785,0.0027028467
4741,60652,7.348043e-08
4742,11677,0.008324848
4743,38992,1.2298805e-11
4744,44769,2.4085352e-07
4745,48607,2.9955521e-10
4746,5467,0.026492594
4747,49418,3.2799552e-19
4748,104132,0.024418462
4749,115171,4.7280647e-12
4750,40751,7.32209e-12
4751,81364,2.645218e-06
4752,44944,0.018483168
4753,73548,0.15387633
4754,27349,1.0155788e-05
4755,97656,0.02063519
4756,3746,9.986789e-06
4757,24922,1.8172788e-10
4758,11945,9.92444e-05
4759,15482,1.8994086e-11
4760,106477,0.00088056264
4761,92712,1.8696355e-12
4762,94895,0.00083792664
4763,26391,1.2568124e-07
4764,69143,0.011057796
4765,40401,1.1297559e-15
4766,71228,2.7042988e-11
4767,48708,0.06810957
4768,37199,0.059412275
4769,73489,3.187038e-11
4770,11216,1.6949908e-08
4771,13430,0.08538117
4772,35687,0.009529468
4773,23567,0.010283782
4774,87088,0.0018843443
4775,8906,0.008324848
4776,51556,6.2916606e-06
4777,74011,0.026102437
4778,17241,7.508528e-10
4779,35246,0.071296066
4780,101222,2.3701152e-10
4781,73438,1.1850728e-06
4782,90246,2.645218e-06
4783,115411,1.8013854e-08
4784,64170,5.644961e-06
4785,21341,0.0007087049
4786,44847,5.0311503e-18
4787,86556,2.6046723e-06
4788,113739,0.06063979
4789,90429,0.04496502
4790,81571,2.645218e-06
4791,86552,2.6711619e-11
4792,56896,0.071296066
4793,39181,2.4015213e-07
4794,103728,1.7390583e-05
4795,24584,0.0065565486
4796,4106,2.8943127e-06
4797,109413,1.9759873e-06
4798,87075,4.7233198e-07
4799,98176,0.0036969674
4800,8627,0.015420634
4801,17469,0.0017147248
4802,59828,0.027176822
4803,108522,0.0008855011
4804,21919,4.500761e-07
4805,32317,0.011792748
4806,35623,7.679636e-05
4807,41313,0.011792748
4808,57009,2.0324886e-11
4809,60081,0.03350034
4810,43643,8.9646064e-13
4811,98576,0.057741154
4812,29189,4.466598e-09
4813,80309,3.977005e-12
4814,31105,0.0018694574
4815,61596,2.62376e-09
4816,57150,7.48177e-13
4817,98141,0.043002084
4818,66762,4.809181e-06
4819,57063,7.743414e-05
4820,82294,0.0029602337
4821,49336,0.071296066
4822,13422,0.071296066
4823,86809,2.2416369e-09
4824,20580,0.0026625874
4825,43033,0.0065868073
4826,96570,0.057398185
4827,45351,0.09793494
4828,50910,2.2364067e-05
4829,72125,5.729717e-12
4830,47661,0.010283782
4831,3634,0.1011775
4832,111978,0.043363515
4833,3340,0.024114532
4834,62155,0.056830663
4835,35775,3.135073e-07
4836,75190,7.417647e-12
4837,26454,0.004342316
4838,105242,6.4301254e-08
4839,79533,2.2458574e-12
4840,108531,0.033328827
4841,9074,1.1930383e-07
4842,41639,5.799724e-07
4843,30856,0.0023178658
4844,36226,0.019700931
4845,52225,0.0043132193
4846,16862,0.008768024
4847,37476,0.019770224
4848,100378,0.001025634
4849,11748,3.6538932e-08
4850,100719,1.4479017e-05
4851,19600,0.057031114
4852,91837,1.9372915e-06
4853,33439,5.896069e-05
4854,37944,5.580546e-07
4855,14903,1.1511549e-12
4856,41436,0.05157962
4857,114595,6.7940337e-14
4858,42781,0.00088267185
4859,42288,0.025802692
4860,13416,1.237377e-11
4861,65383,1.0165818e-05
4862,98984,0.012076514
4863,84993,0.011851389
4864,72537,0.001622638
4865,32761,0.018483168
4866,102598,4.895076e-08
4867,114782,2.9041942e-12
4868,94859,4.22865e-12
4869,66269,1.3751747e-11
4870,37610,4.3259354e-11
4871,65786,0.0055807563
4872,11429,0.008324848
4873,68712,0.00083792664
4874,2648,0.0010128228
4875,109379,2.6735495e-06
4876,83078,0.02063519
4877,102426,0.030313974
4878,32732,0.0008461725
4879,94692,0.00074824225
4880,3564,0.008314315
4881,57884,0.071296066
4882,21534,2.9135777e-11
4883,40705,8.7141885e-09
4884,44205,0.0035598187
4885,9759,1.9270262e-06
4886,14726,1.0129607e-17
4887,27602,0.06810957
4888,104376,0.024874961
4889,51607,8.8184305e-07
4890,83975,0.010307644
4891,83792,0.045318313
4892,94587,1.0850805e-14
4893,55935,0.056830663
4894,66580,1.627642e-09
4895,33445,0.0053516733
4896,35365,0.00016407669
4897,38402,9.456356e-11
4898,88398,1.0823145e-07
4899,111360,0.012156473
4900,111791,1.5423104e-10
4901,9333,4.85689e-06
4902,47786,2.4364653e-12
4903,40137,0.011792748
4904,57407,7.26415e-05
4905,62540,5.422553e-07
4906,107855,0.0001825176
4907,32291,1.6824868e-05
4908,108393,0.057398185
4909,37069,0.050222404
4910,43695,7.656543e-05
4911,69139,0.00041208786
4912,20053,0.01020377
4913,78405,0.0022380373
4914,62347,0.033939894
4915,92016,5.900979e-14
4916,73813,0.0017212755
4917,66719,0.00074824225
4918,108639,5.532824e-09
4919,113890,0.043921944
4920,19015,5.809733e-06
4921,19118,0.00011293772
4922,43779,0.009634294
4923,63759,7.377029e-15
4924,57349,1.1139239e-05
4925,8209,0.0014817895
4926,103463,4.8556576e-06
4927,74731,0.033514667
4928,90119,0.043363515
4929,95327,0.00024344746
4930,96779,0.0075234165
4931,66592,4.4378316e-06
4932,66680,3.0082202e-12
4933,49064,0.011057796
4934,115696,6.095612e-12
4935,23546,2.9293987e-14
4936,20597,0.009566048
4937,7857,4.4975097e-13
4938,7938,0.024114532
4939,77877,0.06810957
4940,61042,0.045318313
4941,27250,2.0840667e-05
4942,23521,8.5516546e-17
4943,31053,0.0025603008
4944,15568,0.026715754
4945,100787,0.026325935
4946,111586,1.1259189e-06
4947,26976,1.0821405e-12
4948,95618,3.0480856e-05
4949,23897,1.41678085e-14
4950,97740,0.005938862
4951,92214,0.05755738
4952,29211,0.019770224
4953,59093,2.4364653e-12
4954,33225,1.41678085e-14
4955,103999,0.056830663
4956,81640,3.923077e-08
4957,74064,7.843864e-13
4958,84968,0.00083792664
4959,58338,9.255116e-14
4960,42045,3.3818502e-13
4961,15024,0.009148665
4962,62881,0.00041208786
4963,44627,0.08153384
4964,103993,0.0001863542
4965,107612,5.4350767e-07
4966,114615,1.404437e-10
4967,49957,0.15228175
4968,108739,2.4294883e-10
4969,80478,5.8103583e-10
4970,41769,8.7711914e-11
4971,103926,8.227477e-07
4972,44954,1.41678085e-14
4973,63600,3.2561884e-11
4974,1683,0.04316904
4975,50255,0.026527464
4976,35457,0.010153873
4977,13965,4.569904e-13
4978,94438,0.010153873
4979,99802,0.018669777
4980,29668,0.06113867
4981,88146,0.05755738
4982,93541,3.6608912e-15
4983,115908,5.160748e-07
4984,107387,2.645218e-06
4985,86804,0.00083792664
4986,41246,5.933147e-17
4987,72345,5.0304347e-09
4988,97692,5.3979365e-05
4989,29265,0.019770224
4990,112350,4.8663064e-06
4991,55074,0.00011293772
4992,103694,9.0390495e-10
4993,85702,2.085245e-11
4994,85856,1.29666905e-05
4995,80504,0.0073724524
4996,56304,0.0102960775
4997,104240,0.008422665
4998,50338,0.0018738447
4999,41505,0.004342316
5000,8682,0.00107167
5001,11712,0.011855723
5002,74894,0.045318313
5003,38249,0.010283782
5004,30264,0.010153873
5005,50703,0.0029803992
5006,81247,0.029136244
5007,37317,0.006417349
5008,47564,2.1480876e-11
5009,52229,0.00018183581
5010,92976,2.9704792e-09
5011,11496,9.037601e-10
5012,13029,0.026492594
5013,46155,0.00055523193
5014,114874,0.0003068211
5015,89192,0.032313734
5016,77242,0.05755738
5017,42066,0.10586758
5018,20988,0.0007087049
5019,80774,1.2007612e-17
5020,12666,0.010181155
5021,41670,0.026112074
5022,6236,0.023568474
5023,40013,0.027499838
5024,55632,7.9525824e-05
5025,6459,4.5389555e-08
5026,77347,0.024876568
5027,28212,0.0008292067
5028,38132,1.5388116e-09
5029,95925,0.0038297523
5030,99401,0.0111271795
5031,8074,4.062103e-08
5032,70877,0.06891348
5033,8329,9.816277e-08
5034,69009,0.018483168
5035,14331,0.13873431
5036,18485,3.2050567e-12
5037,45235,0.010283782
5038,52783,4.047366e-07
5039,49491,0.019700931
5040,36160,0.0043132193
5041,34159,0.06810957
5042,61011,0.0017212755
5043,33463,0.00088267185
5044,103081,0.009642077
5045,63119,0.09785172
5046,8493,1.8526378e-06
5047,66491,7.842555e-11
5048,64025,3.031906e-12
5049,112444,0.0012173953
5050,70967,5.278765e-08
5051,92705,4.2560602e-10
5052,54531,0.007875756
5053,59940,0.05755738
5054,110441,8.031151e-12
5055,30678,6.193309e-05
5056,112000,0.056830663
5057,105427,0.058114987
5058,35912,0.010153873
5059,10851,0.24292384
5060,47233,1.0102162e-11
5061,114933,0.0032472492
5062,57258,0.00011733728
5063,94972,4.809181e-06
5064,57102,3.6608912e-15
5065,18352,1.3171149e-12
5066,114842,3.243163e-09
5067,72209,1.0825524e-10
5068,20507,0.0028849258
5069,96257,7.886029e-05
5070,74463,2.085245e-11
5071,97156,0.011851389
5072,19364,7.591243e-05
5073,11970,0.001076109
5074,17516,0.025521828
5075,91897,9.776367e-08
5076,56498,0.024876568
5077,110574,4.1645777e-11
5078,63310,0.0082014
5079,114124,6.934291e-09
5080,17791,0.0059027667
5081,15492,2.367805e-11
5082,55783,0.0007336302
5083,29269,0.0018694574
5084,75272,0.0068936716
5085,101973,2.5925071e-11
5086,15496,0.0073481635
5087,6378,0.006612764
5088,82055,3.4577397e-09
5089,61878,0.0017212755
5090,83170,0.043363515
5091,31533,0.010153873
5092,115723,0.00012900085
5093,60309,0.06891348
5094,20410,3.8118932e-07
5095,31964,0.00011293772
5096,42700,9.390401e-09
5097,78210,1.8688752e-13
5098,111783,2.7644824e-11
5099,13132,0.034086544
5100,23503,0.026102437
5101,13150,0.017991323
5102,57312,1.9128004e-09
5103,69638,0.05755738
5104,99606,6.2318446e-07
5105,62134,1.4122776e-06
5106,16990,0.00056931423
5107,87318,7.355993e-08
5108,61602,4.809181e-06
5109,55736,0.0051523955
5110,64117,4.809181e-06
5111,20163,0.01020377
5112,5415,3.944274e-11
5113,27206,0.02146122
5114,110120,5.576967e-06
5115,35566,5.105947e-14
5116,56096,0.00041208786
5117,39902,3.747489e-13
5118,76622,0.0038181362
5119,69047,3.87126e-12
5120,70767,0.009529468
5121,59341,0.15032303
5122,89285,0.033911068
5123,115527,0.0017241349
5124,54093,0.0007336302
5125,102794,4.8164284e-06
5126,69962,0.0025516099
5127,104421,1.8184466e-05
5128,59819,0.05755738
5129,37427,0.15957235
5130,9602,8.405549e-09
5131,36300,4.0222e-14
5132,78137,0.020443067
5133,64653,9.756891e-10
5134,15677,7.624376e-05
5135,113009,0.00060044654
5136,15451,2.2611275e-17
5137,95076,7.2607254e-10
5138,81530,0.06382485
5139,44957,1.2462105e-05
5140,27588,0.0037254924
5141,58579,0.0028165998
5142,6230,1.840043e-05
5143,35915,3.1335244e-07
5144,103467,0.00026648067
5145,103720,0.025739817
5146,53823,9.971997e-13
5147,113019,0.00552081
5148,51183,1.0821405e-12
5149,58214,0.034499
5150,71816,0.00083792664
5151,69570,0.0014995163
5152,14360,3.2927572e-14
5153,14052,7.380854e-07
5154,78953,2.2050328e-12
5155,111641,0.004348352
5156,22062,0.00088267185
5157,50846,1.0102162e-11
5158,4021,0.026492594
5159,4117,3.7021963e-10
5160,108135,0.0026911255
5161,104715,0.00010357087
5162,44935,0.016124768
5163,53732,0.00088267185
5164,16766,4.123962e-12
5165,918,0.0036217836
5166,85460,0.0034894897
5167,35714,0.025521828
5168,28313,0.006417349
5169,90758,0.008768024
5170,80829,5.3781766e-09
5171,96020,9.54423e-05
5172,92053,4.8684833e-06
5173,54118,0.0128730815
5174,72266,0.00012645154
5175,111001,0.0017241349
5176,84241,0.0009274504
5177,109724,1.24111155e-11
5178,95108,0.007811113
5179,54558,0.010153873
5180,6119,0.0091612
5181,38688,0.009634294
5182,31849,3.3898708e-13
5183,104065,0.03709282
5184,83265,5.4112137e-10
5185,26194,0.0007336302
5186,106636,0.06826554
5187,52461,6.236022e-09
5188,43215,0.026362604
5189,112441,0.03350731
5190,26328,4.82643e-07
5191,83315,1.2555235e-07
5192,47433,2.259558e-17
5193,27019,0.010153873
5194,58685,0.00014859076
5195,81737,0.056830663
5196,77339,4.517517e-09
5197,13932,0.18838514
5198,92790,8.525314e-11
5199,106994,0.00763794
5200,24532,3.6793336e-13
5201,113615,0.058268446
5202,30474,5.0255817e-09
5203,82917,0.0037004752
5204,29716,0.009852322
5205,7890,3.0088744e-05
5206,18568,2.2022694e-14
5207,17986,2.8679848e-08
5208,77412,4.809181e-06
5209,78528,1.7473121e-05
5210,18135,3.4756863e-12
5211,67836,0.012176197
5212,61720,0.0029602337
5213,40041,6.1087346e-10
5214,27412,2.6485064e-10
5215,7153,0.00013142558
5216,39003,0.6012505
5217,22396,3.705407e-12
5218,68534,4.5898325e-08
5219,44976,0.026373321
5220,96513,0.004348352
5221,108616,4.900994e-06
5222,30073,0.0007336302
5223,20234,5.9123417e-06
5224,112494,0.019840907
5225,41368,0.032769844
5226,76601,2.645218e-06
5227,62642,4.0824175e-10
5228,3210,1.5725132e-06
5229,35715,4.0855912e-12
5230,102122,0.0017280811
5231,94454,0.0043132193
5232,2007,0.010530269
5233,2638,4.1845263e-07
5234,91701,0.0013761132
5235,56784,4.5566858e-07
5236,101178,2.7502819e-07
5237,51399,2.5746783e-11
5238,8071,9.845017e-05
5239,34687,0.9788068
5240,91074,0.009642077
5241,787,2.0356927e-06
5242,12719,0.00019324855
5243,91298,1.6733279e-06
5244,9679,0.022496888
5245,12011,5.168517e-15
5246,84808,0.010307644
5247,133,0.009148665
5248,69879,1.0890172e-05
5249,64375,7.108077e-07
5250,82381,0.0048655975
5251,82978,0.00075137656
5252,72762,0.019700931
5253,105564,0.0016177086
5254,74599,2.5891046e-13
5255,110966,2.0609187e-12
5256,89533,0.05755738
5257,60104,0.223632
5258,52581,2.645218e-06
5259,71576,3.774578e-12
5260,44914,0.0002954708
5261,42588,3.9409218e-14
5262,85257,0.009642077
5263,74975,7.0960954e-07
5264,113443,4.107235e-07
5265,19251,1.1373494e-07
5266,104248,0.01083776
5267,56147,0.0006457579
5268,71934,1.4400962e-07
5269,46729,0.009634294
5270,69222,4.3427778e-10
5271,82551,0.004348352
5272,110457,0.0100401435
5273,74922,3.6608912e-15
5274,51812,0.009529468
5275,2050,0.0048050894
5276,61575,1.7641306e-10
5277,71261,3.372079e-13
5278,25863,0.0019115073
5279,55328,0.011792748
5280,1361,2.5105248e-12
5281,86745,0.010307644
5282,95180,0.033757117
5283,55837,0.00026209635
5284,21959,4.4690434e-13
5285,29193,0.0067218016
5286,70725,0.00026419302
5287,5975,2.1255441e-06
5288,70797,0.0055668545
5289,77842,2.3617148e-12
5290,92474,0.00010243359
5291,37661,2.4027416e-10
5292,6155,0.023568474
5293,87969,3.6366704e-12
5294,89915,0.046388194
5295,55964,0.05755738
5296,111352,3.6496175e-07
5297,74780,0.00014129948
5298,10134,2.6289108e-05
5299,96812,1.7760416e-14
5300,56912,0.0043132193
5301,8438,5.159757e-06
5302,33971,7.5859846e-11
5303,15477,0.0073481635
5304,99498,1.535134e-05
5305,65028,0.037732195
5306,28317,0.0007336302
5307,71164,0.04496502
5308,75305,2.903772e-13
5309,105766,2.9044992e-08
5310,28108,0.019770224
5311,58527,1.041707e-12
5312,104369,1.1504216e-05
5313,65590,6.879317e-09
5314,101309,0.025739817
5315,49484,0.02063519
5316,10460,1.0164722e-08
5317,25840,0.08977701
5318,114015,5.7851234e-06
5319,40764,0.00017695119
5320,5424,0.023568474
5321,37360,0.00016960665
5322,76549,1.3751747e-11
5323,84267,0.010307644
5324,68350,0.057031114
5325,97428,0.06163517
5326,40934,3.9409218e-14
5327,7994,9.192249e-08
5328,1767,4.0798534e-07
5329,104193,7.7600096e-05
5330,76813,3.637406e-12
5331,106705,4.655198e-12
5332,96358,0.018669777
5333,86486,0.007811113
5334,62616,0.008422056
5335,82351,5.8528173e-09
5336,91077,0.06163517
5337,47191,0.00012106901
5338,23915,6.1498126e-11
5339,96604,3.1858465e-07
5340,59326,0.009529468
5341,96406,0.018669777
5342,95473,0.011792748
5343,57274,9.536614e-11
5344,105796,0.0065472187
5345,110874,0.011911542
5346,35313,0.011792748
5347,18820,2.3645784e-06
5348,47970,0.049130276
5349,104346,4.5358316e-05
5350,106011,0.0007480875
5351,52969,0.056103524
5352,3772,0.008827853
5353,102641,0.03307752
5354,83687,0.0002678651
5355,76706,0.010307644
5356,14,0.0009922553
5357,31520,2.4452225e-05
5358,92381,0.004348352
5359,98747,0.07145986
5360,70597,0.010307644
5361,42267,2.6302201e-08
5362,68468,0.00041208786
5363,66826,0.03310854
5364,64643,3.800977e-12
5365,102993,4.094522e-09
5366,110090,0.00040211226
5367,33078,0.00013743206
5368,24466,0.034086544
5369,2884,0.024114532
5370,102622,4.3427778e-10
5371,62017,1.6253626e-08
5372,45229,0.004342316
5373,77599,0.0023332017
5374,24720,0.05502298
5375,78816,0.071296066
5376,8961,4.062103e-08
5377,80151,4.921358e-14
5378,67704,5.918062e-07
5379,84446,5.4466145e-05
5380,82493,0.0018843048
5381,107747,0.025739817
5382,74563,0.00030694343
5383,67653,1.0164954e-05
5384,111866,0.00012900085
5385,77827,6.9360794e-05
5386,43482,0.004342316
5387,85253,3.3446078e-08
5388,31970,0.010153873
5389,74578,0.0048655975
5390,40408,1.0962657e-11
5391,45183,0.010283782
5392,52257,4.7747603e-06
5393,1715,2.6891575e-10
5394,105845,1.2179926e-12
5395,55859,0.0014630348
5396,634,1.15609865e-07
5397,90102,0.011792748
5398,90516,1.8270422e-13
5399,26321,3.579866e-12
5400,103838,0.0017241349
5401,10990,0.01143928
5402,89305,5.415261e-10
5403,74750,0.0018833948
5404,5160,1.717072e-08
5405,25359,8.459962e-09
5406,107915,0.0010016299
5407,114659,0.026527464
5408,105583,0.030740164
5409,99760,2.4927903e-11
5410,6905,2.6680607e-07
5411,48105,0.0017212755
5412,73523,1.0823145e-07
5413,22786,1.0280339e-09
5414,18681,0.0013030017
5415,6889,7.137156e-05
5416,88132,0.00083792664
5417,110506,0.009642077
5418,108712,0.0017053889
5419,89464,0.00083792664
5420,69010,1.9482586e-07
5421,108410,3.6188366e-10
5422,55615,0.009529468
5423,45458,3.5663906e-13
5424,88147,4.809181e-06
5425,114845,2.1899166e-06
5426,31980,0.0008461725
5427,63141,0.056830663
5428,89687,0.0014630348
5429,97463,0.002468914
5430,35226,0.010153873
5431,52898,1.49015295e-05
5432,1223,3.3519314e-05
5433,102077,2.1638548e-10
5434,62169,0.0014642557
5435,14973,1.0309914e-16
5436,17077,3.4795033e-14
5437,23039,3.2344124e-11
5438,43260,7.656543e-05
5439,107850,0.00012975436
5440,55068,8.267967e-06
5441,101863,2.1235941e-05
5442,32130,1.485543e-05
5443,65744,4.8117e-06
5444,75129,1.1779551e-08
5445,90467,0.0048823906
5446,51624,0.009529468
5447,85180,6.093272e-13
5448,83266,3.4699305e-08
5449,38703,0.04574888
5450,38369,0.00088267185
5451,41424,0.014610384
5452,45827,0.011270111
5453,45640,0.020443067
5454,41521,3.1597803e-05
5455,3322,7.201714e-07
5456,36886,0.00079390913
5457,27675,0.05176888
5458,98488,0.0032948707
5459,58647,0.023186004
5460,46816,0.007811113
5461,76154,0.019700931
5462,102576,6.9135496e-11
5463,45158,0.007811113
5464,63038,2.645218e-06
5465,100808,0.057741154
5466,2636,1.7022382e-08
5467,83467,0.0048655975
5468,64545,4.809181e-06
5469,52691,0.011302862
5470,41782,1.41678085e-14
5471,108533,0.010312991
5472,56919,0.010153873
5473,28448,0.029216656
5474,59407,5.611015e-11
5475,2767,0.014639568
5476,97379,5.1743637e-08
5477,50959,0.09793494
5478,115852,0.010312991
5479,94540,0.008443095
5480,40195,1.41678085e-14
5481,8022,4.7239823e-06
5482,2708,0.032398634
5483,76383,1.8696355e-12
5484,50439,2.1234045e-16
5485,36340,0.009529468
5486,2896,5.430447e-06
5487,78482,2.8659346e-07
5488,40443,0.081891604
5489,58983,0.006589307
5490,82609,0.043363515
5491,4380,0.008324848
5492,92791,8.654544e-12
5493,63962,5.4305094e-09
5494,986,0.018483168
5495,27762,0.05176888
5496,86301,0.00013748987
5497,68784,5.4247256e-08
5498,44736,2.354909e-12
5499,88316,3.0898514e-10
5500,10260,1.2787425e-05
5501,62908,0.010281147
5502,27992,0.00018183581
5503,78387,1.1134598e-10
5504,64207,0.00088056264
5505,102008,1.1087984e-08
5506,80838,1.8688752e-13
5507,107764,2.425865e-12
5508,84713,5.401433e-07
5509,33360,0.006035061
5510,61325,4.9861985e-12
5511,62948,0.00018183581
5512,41458,0.026362604
5513,18138,0.026050666
5514,198,0.0135366935
5515,80548,0.008768024
5516,17370,0.09591979
5517,14089,1.8771988e-06
5518,91828,0.00083792664
5519,69321,3.7066458e-11
5520,63390,4.830951e-10
5521,26147,1.8249196e-11
5522,52816,0.0025516099
5523,79926,0.0017212755
5524,76994,0.00083792664
5525,51428,0.010153873
5526,36149,0.008768024
5527,103053,0.009642077
5528,64107,7.1503505e-06
5529,1623,5.2959267e-06
5530,30531,0.006589307
5531,104511,3.4761857e-11
5532,41139,5.1218023e-12
5533,31807,0.00025221918
5534,43055,1.05959245e-07
5535,24521,0.0084224185
5536,77331,0.011792748
5537,85812,0.02560859
5538,78270,0.00013743206
5539,71477,0.033939894
5540,65666,5.0948374e-14
5541,97319,5.006894e-07
5542,16728,5.633258e-07
5543,80088,1.0164984e-05
5544,102209,3.1095417e-12
5545,105476,0.008768024
5546,55908,0.00016223628
5547,60464,0.00012833794
5548,39475,7.693793e-13
5549,46450,0.020443067
5550,34157,0.06382485
5551,86869,3.011142e-08
5552,50054,1.1904262e-10
5553,73293,5.0730996e-05
5554,115437,2.8332593e-11
5555,12321,5.22939e-07
5556,15232,0.0055161496
5557,14214,2.4812408e-10
5558,32120,1.3171696e-09
5559,28118,7.703436e-05
5560,54797,3.9046914e-15
5561,82114,0.024876568
5562,33351,0.008768024
5563,97677,0.0027230578
5564,104214,0.010312991
5565,70359,1.9487148e-14
5566,39349,2.1831504e-12
5567,92586,0.043769367
5568,4196,0.0748083
5569,24930,0.15297742
5570,40345,7.2570555e-07
5571,111422,0.00019172156
5572,24966,0.008768024
5573,66292,1.3371264e-09
5574,14540,0.01020377
5575,73787,0.056830663
5576,84445,0.011792748
5577,66258,1.3091829e-08
5578,19685,4.503423e-10
5579,62140,0.012583805
5580,30485,3.271414e-12
5581,100724,0.0006025513
5582,103078,0.011792748
5583,16769,1.0167519e-11
5584,21559,0.09947609
5585,23118,1.001138e-14
5586,97704,0.043769367
5587,99268,0.0008650305
5588,36885,0.0007336302
5589,25509,1.159311e-06
5590,87476,0.008327356
5591,53858,0.019700931
5592,216,0.14309199
5593,30404,1.7152888e-07
5594,73011,1.3751747e-11
5595,20386,0.002427138
5596,28273,6.792375e-07
5597,49668,0.010153873
5598,97017,2.6602895e-05
5599,93441,0.010312991
5600,86483,0.0010014289
5601,76524,0.003314459
5602,1500,0.02144718
5603,105493,6.2497116e-07
5604,103111,0.069460474
5605,1763,0.00050477457
5606,3930,0.024114532
5607,62556,3.441623e-05
5608,37591,0.03406126
5609,97144,0.0024298965
5610,30009,0.009529468
5611,100586,1.4971968e-05
5612,99742,9.211084e-06
5613,62161,0.025521828
5614,23529,3.705407e-12
5615,4357,0.01843841
5616,39980,0.019700931
5617,96407,4.8491227e-05
5618,111262,0.010312991
5619,73992,0.006284894
5620,57023,9.604305e-10
5621,54828,0.008768024
5622,13882,0.0052682934
5623,109950,0.011184473
5624,7095,7.440788e-08
5625,76697,5.8103583e-10
5626,51896,0.0018738447
5627,66049,4.8117e-06
5628,30524,0.009529468
5629,2278,1.3872802e-06
5630,16047,0.02646379
5631,2201,3.132532e-08
5632,79143,2.645218e-06
5633,37309,0.0002452661
5634,55738,0.00088267185
5635,39485,0.011792748
5636,100410,0.01474979
5637,95940,7.874989e-08
5638,102178,0.014271224
5639,108752,3.4942982e-12
5640,93863,0.0065472187
5641,3414,3.176642e-05
5642,70338,0.034238406
5643,85966,4.440577e-10
5644,91478,0.011792748
5645,39046,0.050388634
5646,42193,0.06810957
5647,76350,0.00022012331
5648,31104,0.0002596202
5649,80794,1.4971968e-05
5650,68827,2.2074357e-06
5651,44136,0.00046895305
5652,65857,4.8117e-06
5653,21370,7.821452e-10
5654,61982,0.17138694
5655,55316,9.000859e-13
5656,25910,0.0079165995
5657,55037,0.00031117484
5658,5573,0.07150146
5659,71888,6.0914208e-05
5660,10651,9.788886e-12
5661,17677,1.5842004e-05
5662,101183,4.809181e-06
5663,108528,3.7455473e-12
5664,85131,8.986403e-12
5665,68397,0.10646991
5666,10652,0.010987394
5667,11971,1.0370048e-08
5668,53731,0.00056931423
5669,82157,0.026102437
5670,109858,2.539896e-07
5671,74155,2.5804252e-07
5672,57464,0.009529468
5673,60070,1.6372349e-13
5674,88089,2.2660657e-05
5675,24681,0.00018251291
5676,65453,9.2924907e-10
5677,19999,5.3222653e-09
5678,93758,0.1874622
5679,94654,1.5318463e-07
5680,75837,0.02560859
5681,43737,0.06113867
5682,81752,9.097669e-13
5683,18824,2.057824e-07
5684,41068,0.019700931
5685,43683,0.019770224
5686,58119,0.009529468
5687,68761,0.0005693696
5688,13917,0.025521828
5689,41482,2.7131223e-08
5690,16843,0.02646379
5691,38608,0.0008556124
5692,16358,5.250202e-14
5693,64055,5.910453e-06
5694,94115,3.7455473e-12
5695,50260,0.00016960665
5696,60755,0.00040666165
5697,35285,2.8016216e-20
5698,103501,2.1237283e-09
5699,7716,1.449516e-10
5700,67223,1.9286722e-11
5701,103327,2.9044992e-08
5702,61795,4.8955732e-11
5703,86119,0.026102437
5704,95266,1.0456705e-12
5705,34968,0.24715203
5706,365,0.06854815
5707,29229,0.06113867
5708,50999,1.3962892e-08
5709,30476,0.00024786894
5710,42357,1.829888e-13
5711,46386,0.0018575531
5712,73260,7.8351615e-05
5713,28867,3.0720602e-12
5714,113634,1.6052876e-07
5715,10765,3.5058995e-06
5716,2887,0.008314315
5717,51293,1.564564e-07
5718,93454,9.433763e-06
5719,91590,0.056830663
5720,69158,3.3375787e-12
5721,87636,8.850175e-11
5722,19215,0.0002678651
5723,13426,1.0745227e-05
5724,20821,7.6339525e-12
5725,57972,0.0043132193
5726,37865,1.940729e-10
5727,27468,0.10586758
5728,1665,0.0021369674
5729,103895,2.0837033e-10
5730,48499,7.720755e-09
5731,74759,2.645218e-06
5732,90880,0.019803535
5733,5231,0.0012964711
5734,95324,0.03144153
5735,76453,1.6426016e-10
5736,101714,7.3985717e-07
5737,3849,3.2076805e-08
5738,91136,0.003826997
5739,81951,0.025860043
5740,113117,0.0003569594
5741,42242,2.3284571e-10
5742,64760,1.3758148e-11
5743,65052,2.085245e-11
5744,10443,4.4837716e-06
5745,40758,0.0074021798
5746,82758,0.004348352
5747,879,0.0009669791
5748,49408,2.6637947e-11
5749,28912,3.579866e-12
5750,37014,8.381735e-11
5751,27140,0.015677057
5752,56515,0.05755738
5753,10798,1.9570147e-07
5754,30071,0.018483168
5755,6736,3.424047e-08
5756,41668,0.0065166065
5757,23512,4.368636e-08
5758,91844,0.019803535
5759,413,9.192249e-08
5760,14668,3.132007e-11
5761,57666,0.0007336302
5762,21736,2.8871036e-10
5763,85212,1.9787883e-07
5764,29560,0.00074824225
5765,105807,0.00012900085
5766,34786,4.350831e-16
5767,89367,7.26415e-05
5768,77344,3.372079e-13
5769,4552,1.0432859e-06
5770,17429,0.071296066
5771,46459,4.784337e-06
5772,115756,7.841249e-07
5773,52916,1.3937222e-11
5774,92273,0.032741666
5775,73219,0.0038181362
5776,15225,0.023718208
5777,70056,0.0017212755
5778,113290,0.00077011634
5779,106757,3.8072866e-07
5780,63452,0.01020377
5781,46300,3.6793336e-13
5782,22183,0.010283782
5783,20822,3.3153849e-12
5784,45833,0.000114185204
5785,14451,1.09398684e-07
5786,42010,0.010283782
5787,80380,3.978471e-11
5788,61295,0.05755738
5789,21937,0.026362604
5790,81986,0.04496502
5791,7618,0.020226281
5792,17923,7.624376e-05
5793,65881,0.0027778167
5794,35508,6.0219986e-06
5795,76864,7.26415e-05
5796,34569,8.74766e-09
5797,88019,5.2144337e-06
5798,89692,0.0016776297
5799,31278,0.004342316
5800,3570,3.6466463e-06
5801,42450,6.207179e-11
5802,90529,0.025739817
5803,95535,2.1577886e-17
5804,67269,2.2050328e-12
5805,27272,0.0006145481
5806,87887,0.000373063
5807,111846,0.01083776
5808,102269,0.071296066
5809,53439,0.0043132193
5810,33839,0.038496353
5811,2030,0.11219933
5812,13502,1.0038696e-08
5813,106740,0.0011012811
5814,101747,7.3985717e-07
5815,46350,0.026102437
5816,65580,5.0948374e-14
5817,82519,4.2051118e-10
5818,57918,1.3937222e-11
5819,24594,1.6432587e-05
5820,21688,8.555594e-06
5821,56012,0.008768024
5822,77214,0.05755738
5823,3126,0.008314315
5824,107453,0.026325935
5825,24977,0.00072054064
5826,87368,0.0073724524
5827,2314,1.9570147e-07
5828,79162,9.409914e-05
5829,51691,0.009529468
5830,22046,8.594336e-16
5831,10173,2.1910934e-08
5832,49910,0.0017638215
5833,91425,0.010307644
5834,4429,6.633346e-07
5835,3672,1.4664535e-11
5836,107365,2.4294295e-06
5837,102176,6.2521717e-06
5838,3163,2.638134e-11
5839,61874,0.016181793
5840,35400,0.010153873
5841,62895,0.010281147
5842,82040,1.0557948e-09
5843,83642,0.0004048447
5844,2842,1.7022382e-08
5845,50302,0.010153873
5846,115469,3.6173156e-15
5847,13968,0.018483168
5848,91169,0.0065098247
5849,1069,0.031010386
5850,68939,0.004348352
5851,66372,3.031906e-12
5852,13524,1.0133807e-06
5853,40826,0.0074021798
5854,1649,1.41678085e-14
5855,7676,0.004037872
5856,92002,0.011792748
5857,37750,4.6259906e-06
5858,95041,0.0025516099
5859,62176,7.4217206e-09
5860,104621,6.869426e-18
5861,24045,0.00072054064
5862,4296,1.5573958e-05
5863,68764,0.010307644
5864,114191,0.059613198
5865,98165,4.971553e-05
5866,6151,0.0059600095
5867,16791,8.601e-11
5868,26495,0.00013846069
5869,107222,1.9969655e-09
5870,15027,2.500304e-07
5871,12419,1.0470341e-07
5872,69274,0.00083792664
5873,29881,0.0014630348
5874,109163,0.06163517
5875,81880,2.645218e-06
5876,92072,0.0017212755
5877,47536,0.010283782
5878,109498,0.045268476
5879,62557,1.1134598e-10
5880,93416,1.9466655e-09
5881,39247,2.7301644e-08
5882,27964,0.011792748
5883,51225,6.551022e-07
5884,45439,0.019449603
5885,11882,9.4799515e-07
5886,40497,0.017089931
5887,68220,5.2475347e-08
5888,20791,0.0002678651
5889,5214,0.0017624897
5890,57236,1.2140725e-09
5891,37760,4.7284057e-09
5892,28110,0.0007950193
5893,12002,4.4596717e-15
5894,115147,2.0206876e-11
5895,8080,3.5988587e-06
5896,33632,0.019840907
5897,93877,0.0073724524
5898,6611,1.4123488e-09
5899,41166,0.026362604
5900,25638,2.7245436e-05
5901,87760,0.04366896
5902,3606,0.13452993
5903,67862,0.05755738
5904,2384,0.008314315
5905,113335,4.934918e-06
5906,100825,2.8919574e-05
5907,9503,0.00436026
5908,97547,0.07145986
5909,76951,9.292655e-13
5910,27499,0.026112074
5911,41084,0.0068936716
5912,104735,0.046417624
5913,86367,1.2601826e-07
5914,84886,0.026332634
5915,98720,4.900994e-06
5916,72114,2.645218e-06
5917,698,6.195259e-14
5918,30035,1.41678085e-14
5919,29983,0.0018694574
5920,81153,0.030741232
5921,101204,1.4215075e-13
5922,97129,0.057741154
5923,57300,0.0023332017
5924,65102,6.725667e-08
5925,62614,4.517517e-09
5926,113589,0.008320203
5927,3364,7.4698096e-07
5928,72474,0.0017212755
5929,100423,0.0065472187
5930,80959,2.646132e-11
5931,50424,1.2736518e-07
5932,51965,0.0026959148
5933,78611,0.009529468
5934,58156,0.0017212755
5935,72907,2.645218e-06
5936,101781,1.5451303e-11
5937,53753,4.442968e-09
5938,54486,2.2836577e-16
5939,65573,1.2441459e-10
5940,69166,1.1283176e-11
5941,94207,0.025739817
5942,4951,0.024114532
5943,21545,9.1367064e-10
5944,82241,3.7455473e-12
5945,11872,8.326527e-10
5946,71077,7.8045436e-05
5947,46343,1.1520561e-11
5948,110188,0.058268446
5949,80394,0.05755738
5950,13161,8.221442e-17
5951,26382,0.42699575
5952,97015,0.007811113
5953,111259,0.04119118
5954,15005,0.012165023
5955,73501,1.2314678e-10
5956,31636,3.435847e-13
5957,91402,3.5652006e-06
5958,22310,0.0007087049
5959,18032,5.0469064e-13
5960,4992,1.7249308e-06
5961,34624,0.019700931
5962,4534,7.368146e-07
5963,95298,0.057741154
5964,57707,9.796451e-12
5965,73024,0.032047797
5966,102730,0.0016822655
5967,49674,0.00013410456
5968,37045,0.055028778
5969,98490,0.057398185
5970,3546,0.026527464
5971,104330,2.419764e-13
5972,9839,0.06816334
5973,1023,0.009566048
5974,1341,0.00095508836
5975,19397,0.009566048
5976,70448,0.0025516099
5977,65597,4.8117e-06
5978,40167,0.0023332017
5979,82912,0.011792748
5980,87746,7.674495e-08
5981,60297,0.0014630348
5982,96671,4.7912635e-10
5983,59396,7.461519e-09
5984,77956,0.00083792664
5985,27173,1.3855113e-06
5986,87551,0.00026209635
5987,48517,0.05755738
5988,90267,0.06722756
5989,94724,2.0421996e-07
5990,73218,0.008839894
5991,50751,0.0019016222
5992,9691,0.10653479
5993,32303,2.1480876e-11
5994,25537,0.12221311
5995,95949,2.645218e-06
5996,72498,4.9861985e-12
5997,97322,8.158917e-05
5998,75883,1.4971968e-05
5999,38946,0.012440645
6000,41168,1.41678085e-14
6001,61647,0.01020377
6002,16129,1.612379e-07
6003,61008,0.0023332017
6004,40273,0.00040666165
6005,64954,3.539132e-07
6006,6746,0.01099238
6007,64029,0.0003481665
6008,46510,0.008768024
6009,91058,0.0002678651
6010,94577,2.2807515e-11
6011,8807,1.01614695e-07
6012,33146,0.009529468
6013,92231,2.8164008e-11
6014,41872,9.5253935e-12
6015,102566,5.409379e-09
6016,7171,1.6729111e-05
6017,113091,1.747969e-05
6018,59526,1.8845494e-06
6019,69119,0.00079390913
6020,93335,0.019803535
6021,23081,2.4802395e-16
6022,40175,0.109389916
6023,64789,2.0263302e-07
6024,95104,0.0002678651
6025,55617,0.020443067
6026,64048,0.0003127908
6027,41687,0.00057241594
6028,41533,0.000361441
6029,6055,5.70456e-08
6030,20436,3.7513439e-13
6031,20801,1.3864872e-10
6032,94767,8.9251145e-08
6033,10628,8.7283064e-10
6034,43638,0.004342316
6035,4150,0.008324848
6036,50998,0.010765045
6037,66786,0.007811113
6038,84480,0.071296066
6039,61466,2.645218e-06
6040,30191,0.03271103
6041,46560,3.6793336e-13
6042,45715,0.032398634
6043,29314,0.00085326115
6044,103572,0.00079976575
6045,2550,0.008314315
6046,46727,2.8350047e-07
6047,36465,4.7747603e-06
6048,107674,0.00083792664
6049,50017,9.858495e-08
6050,62973,5.373072e-16
6051,73187,0.0008847968
6052,76260,0.00074824225
6053,84255,0.06924659
6054,34098,0.010153873
6055,5935,2.848981e-14
6056,58326,0.0008132895
6057,42794,0.0083291745
6058,67859,3.6608912e-15
6059,13428,0.009551308
6060,49802,0.010153873
6061,105303,9.1421936e-07
6062,102816,0.01474979
6063,51090,1.8743187e-06
6064,96977,2.7832348e-06
6065,111836,0.06895566
6066,97370,0.001025634
6067,72410,0.026112074
6068,93868,0.002225045
6069,53690,1.0844589e-06
6070,68332,1.2718574e-08
6071,66732,1.0164954e-05
6072,113444,4.934918e-06
6073,77744,0.019700931
6074,108421,5.4466145e-05
6075,108169,0.004348352
6076,2634,5.043569e-06
6077,65235,1.1069936e-12
6078,70721,0.0007336302
6079,70275,1.5210397e-10
6080,113031,2.645218e-06
6081,83377,3.0235267e-06
6082,85709,8.193653e-10
6083,95089,0.057398185
6084,56745,8.858513e-08
6085,17109,4.9762612e-08
6086,91428,0.026102437
6087,65099,1.2687823e-06
6088,50333,0.012440645
6089,43036,0.016124768
6090,23028,1.41678085e-14
6091,29252,4.357401e-08
6092,33072,0.004342316
6093,72648,2.4360088e-13
6094,101450,9.916539e-07
6095,73455,4.6371754e-11
6096,62204,0.0004384694
6097,106277,0.055402424
6098,105056,2.8287423e-13
6099,55566,0.0006144977
6100,33063,0.019840907
6101,20380,0.01020377
6102,63400,0.0018833948
6103,81854,0.0017212755
6104,92449,0.010307644
6105,53344,0.0018738447
6106,95726,0.05755738
6107,114237,0.00077011634
6108,45373,0.06810957
6109,79711,2.1128415e-05
6110,12634,2.4932006e-10
6111,7468,1.2672969e-09
6112,11766,1.4896571e-08
6113,104599,5.055709e-06
6114,96897,0.018669777
6115,10075,4.4619256e-08
6116,37539,5.676801e-07
6117,20892,0.009566048
6118,37537,0.010891961
6119,44161,0.09793494
6120,22437,3.0547944e-06
6121,100243,1.0164954e-05
6122,61769,3.454501e-10
6123,10047,0.023568474
6124,18863,8.594336e-16
6125,82458,2.7120821e-08
6126,72626,2.645218e-06
6127,34764,1.4865795e-09
6128,57588,4.1097833e-11
6129,61215,0.08977701
6130,31245,1.3851883e-05
6131,59182,0.0018833948
6132,45456,1.3425789e-06
6133,98704,4.810682e-15
6134,71699,0.025226481
6135,51,1.5694221e-13
6136,71409,0.02146122
6137,86388,0.010307644
6138,85409,7.535166e-06
6139,8364,0.02970942
6140,90405,3.8537085e-10
6141,46687,3.177027e-13
6142,38618,5.9292814e-12
6143,91440,0.010307644
6144,103144,0.03338991
6145,70489,2.645218e-06
6146,27433,3.6816977e-10
6147,70062,6.019293e-05
6148,76952,7.301244e-11
6149,11284,1.11203086e-07
6150,86791,1.534547e-09
6151,24862,0.07439151
6152,99506,0.0579823
6153,51345,0.06113867
6154,61766,0.019700931
6155,89856,4.5017615e-07
6156,66242,1.7648804e-11
6157,21420,1.4528706e-18
6158,44729,0.008768024
6159,40136,3.747489e-13
6160,53562,0.0009825915
6161,56611,3.1111437e-12
6162,97298,0.057741154
6163,88109,0.003826997
6164,47664,0.0032409134
6165,29546,0.06113867
6166,27274,2.7808517e-10
6167,67349,0.00026190025
6168,34132,0.000115596245
6169,59289,0.0014995163
6170,75739,0.012294085
6171,93004,0.0014630348
6172,66672,4.809181e-06
6173,108773,0.0018876592
6174,91376,4.281504e-10
6175,36501,0.00031117484
6176,47029,0.00011293772
6177,63347,3.8986036e-07
6178,20097,8.594336e-16
6179,50305,0.038711347
6180,84305,0.033939894
6181,50742,0.0055595473
6182,5353,0.15760407
6183,97302,0.013030187
6184,75156,0.0018843048
6185,48503,0.06722756
6186,95887,5.871232e-09
6187,100956,0.031323966
6188,42522,1.9264074e-07
6189,71021,0.03310854
6190,114413,1.3631151e-11
6191,57703,0.007271278
6192,86143,0.00074824225
6193,70956,2.3617148e-12
6194,49607,0.010153873
6195,110273,5.6706817e-08
6196,81883,0.0018843048
6197,112642,1.8961736e-10
6198,83280,0.043363515
6199,7957,1.017706e-05
6200,10157,1.01614695e-07
6201,97687,0.010312991
6202,72011,0.057112224
6203,35664,0.06113867
6204,77099,0.010153873
6205,51462,1.0155788e-05
6206,43893,0.009634294
6207,92120,4.169145e-16
6208,51681,0.0018738447
6209,95898,3.7455473e-12
6210,32169,0.019840907
6211,69944,0.00041208786
6212,16644,0.01020377
6213,86434,0.00424698
6214,77260,0.071296066
6215,75972,0.06113867
6216,99677,3.6433115e-10
6217,10072,0.021127779
6218,90200,0.033939894
6219,28959,0.0007336302
6220,108911,4.8468673e-06
6221,8660,2.0080254e-06
6222,59153,6.6651193e-13
6223,37692,0.00352933
6224,93696,9.934717e-12
6225,45427,3.6793336e-13
6226,62867,1.43253995e-08
6227,2426,0.15760407
6228,103428,0.03999945
6229,58935,1.8688752e-13
6230,114437,0.0014640995
6231,102309,0.0003207267
6232,79393,0.0038410164
6233,6123,0.008324848
6234,92739,3.7791094e-12
6235,80974,1.5931586e-09
6236,115552,2.645218e-06
6237,53353,2.903772e-13
6238,97901,1.3933659e-07
6239,1263,0.012440645
6240,44676,4.377303e-15
6241,6937,1.386891e-07
6242,99428,0.002823402
6243,59462,0.007811113
6244,52161,0.0043132193
6245,104543,1.2289976e-07
6246,59533,2.6827435e-10
6247,92346,0.029379413
6248,41403,0.025802692
6249,11814,8.409773e-15
6250,63183,0.02646379
6251,108685,0.059613198
6252,36771,0.008768024
6253,57745,0.06113867
6254,62405,1.8402642e-11
6255,41905,0.018483168
6256,74255,0.0048655975
6257,99147,2.1965475e-10
6258,34378,2.5405275e-10
6259,95413,1.1529402e-14
6260,71564,0.010307644
6261,42945,0.10586758
6262,115987,2.645218e-06
6263,35506,0.026527464
6264,109475,0.013347561
6265,48361,0.00071242865
6266,79603,0.0035868678
6267,10929,1.8706655e-13
6268,12190,6.447816e-10
6269,30385,0.0715194
6270,82100,0.024876568
6271,77234,0.010153873
6272,81966,0.019700931
6273,8391,3.0797603e-06
6274,89632,3.6608912e-15
6275,62726,1.0147288e-12
6276,75984,9.859207e-06
6277,7048,1.01614695e-07
6278,74935,0.2154007
6279,24412,0.00017542379
6280,22771,3.5368637e-12
6281,115736,0.03349911
6282,21055,5.505015e-12
6283,21940,3.387168e-10
6284,98425,0.069460474
6285,51739,0.0043132193
6286,83540,0.056830663
6287,83853,0.00075137656
6288,98078,1.8386433e-11
6289,32229,0.0005692922
6290,90085,0.0065629994
6291,111442,4.7284262e-05
6292,1493,0.0009825915
6293,24046,3.7156556e-07
6294,84372,0.00055523193
6295,71598,5.445499e-16
6296,77717,9.292655e-13
6297,113102,9.708672e-08
6298,54004,0.021867668
6299,23786,0.0012295095
6300,94196,5.8693564e-11
6301,26678,0.0028240788
6302,100312,0.015541511
6303,109060,0.0017241349
6304,91441,0.024717305
6305,61794,0.0073724524
6306,17785,1.0129607e-17
6307,90597,7.1249833e-12
6308,48719,0.05157962
6309,16303,1.2848494e-10
6310,11685,0.03433464
6311,26646,0.0017805286
6312,34572,0.026527464
6313,96547,0.0010016299
6314,95336,1.4182457e-11
6315,115491,0.010153873
6316,3258,0.0034424884
6317,21738,4.4482146e-10
6318,47822,0.05755738
6319,6344,9.1078465e-07
6320,26191,0.003536397
6321,107973,0.023700545
6322,77520,1.1372151e-05
6323,101601,0.0018870602
6324,98544,3.6608912e-15
6325,2584,3.0113806e-05
6326,65773,4.8117e-06
6327,35368,8.983901e-12
6328,106079,4.1212025e-12
6329,76307,4.7965368e-11
6330,19229,7.402434e-05
6331,75171,4.8164284e-06
6332,3237,0.07150146
6333,30800,3.7784685e-05
6334,41948,1.1513827e-13
6335,44825,0.00034509986
6336,62880,1.5046486e-05
6337,3747,1.0377136e-07
6338,95478,0.057741154
6339,111592,0.010312991
6340,20316,0.05157962
6341,16735,0.0034041733
6342,108258,0.059613198
6343,73140,1.3751747e-11
6344,43161,0.008768024
6345,60865,0.019700931
6346,73690,2.4583934e-14
6347,95890,1.616989e-08
6348,30626,0.010153873
6349,4128,0.026492594
6350,115289,0.16443095
6351,110797,0.018906051
6352,40698,1.0102162e-11
6353,25369,6.630095e-18
6354,92864,9.73925e-13
6355,20562,5.800891e-07
6356,19644,0.00011293772
6357,90565,0.019803535
6358,57565,0.038811937
6359,84357,0.0017212755
6360,97336,1.1909581e-09
6361,55192,3.790678e-05
6362,42127,0.019700931
6363,29254,3.1151278e-05
6364,73705,0.00035761204
6365,59066,3.5511338e-08
6366,89063,0.091935895
6367,107815,7.3109097e-09
6368,102554,1.2706963e-07
6369,75741,0.06113867
6370,83223,3.6608912e-15
6371,71193,0.011792748
6372,11931,8.90035e-11
6373,114917,2.412024e-08
6374,32927,0.00018183581
6375,77024,0.00061765464
6376,59983,6.0868693e-10
6377,113500,4.934918e-06
6378,109574,0.010312991
6379,62040,0.00083792664
6380,79301,0.018669777
6381,79807,0.033939894
6382,78788,0.009529468
6383,70785,5.87462e-11
6384,59403,0.06891348
6385,54895,8.0473394e-13
6386,34763,0.06810957
6387,6781,2.2613749e-08
6388,54280,0.0014774455
6389,37408,1.277577e-10
6390,52839,0.04067945
6391,98007,0.057398185
6392,77693,0.0025516099
6393,2001,2.9605359e-05
6394,98686,0.00026027774
6395,5513,0.024114532
6396,51177,1.41678085e-14
6397,44470,9.4060735e-05
6398,70184,0.009642077
6399,52635,2.645218e-06
6400,107069,0.002221974
6401,94957,0.0009220822
6402,6716,1.9192131e-10
6403,84645,2.645218e-06
6404,89562,1.0773152e-12
6405,96089,0.009642077
6406,25502,1.2516755e-06
6407,42970,0.00036725085
6408,68415,0.030741232
6409,40862,7.77658e-12
6410,70643,0.011792748
6411,89952,0.009642077
6412,78802,1.392471e-06
6413,70697,1.1539123e-05
6414,27538,1.287939e-13
6415,1502,3.229288e-05
6416,13759,4.115447e-11
6417,103389,0.058268446
6418,64465,5.952316e-09
6419,62732,1.8341441e-13
6420,38899,6.4197297e-06
6421,282,0.00012454476
6422,23155,5.933147e-17
6423,110373,0.045268476
6424,81196,0.011132833
6425,92724,0.004348352
6426,92693,0.011792748
6427,91248,0.15957011
6428,85609,0.071296066
6429,70606,0.00012833794
6430,57351,0.13488337
6431,11049,2.4931305e-06
6432,15471,0.0028002053
6433,110763,9.647133e-05
6434,57334,7.741984e-07
6435,20089,0.00035695956
6436,21475,2.848981e-14
6437,17885,0.00057509745
6438,94950,0.011792748
6439,1870,5.1142506e-06
6440,85948,0.04496502
6441,2637,0.008314315
6442,113812,3.2149874e-08
6443,92207,0.011792748
6444,101173,4.809181e-06
6445,66416,1.0170501e-05
6446,69798,1.8270422e-13
6447,9232,0.0009922553
6448,19046,3.97004e-06
6449,101437,0.057398185
6450,91821,0.024876568
6451,94284,0.00026027774
6452,92800,0.0037036426
6453,80395,0.011851389
6454,53357,1.0141291e-05
6455,50923,0.010153873
6456,22247,8.7228086e-11
6457,111192,2.3619589e-07
6458,82832,0.019700931
6459,92498,2.645218e-06
6460,86689,5.418597e-14
6461,59760,4.809181e-06
6462,31301,0.0010075254
6463,90933,0.00012833794
6464,47538,0.00016816138
6465,10629,2.8073814e-06
6466,104909,0.0003068211
6467,44641,2.6006957e-17
6468,53223,2.9521903e-09
6469,36450,1.2487908e-07
6470,62021,5.321867e-10
6471,4346,0.0021651727
6472,91321,0.010307644
6473,66043,4.8117e-06
6474,17138,1.1335031e-11
6475,57895,1.7935247e-11
6476,99284,0.026325935
6477,33708,4.7335925e-06
6478,95338,0.011792748
6479,20371,0.013329668
6480,64832,0.0029602337
6481,42532,0.00071242865
6482,107985,0.058114987
6483,104594,2.645218e-06
6484,85439,2.3149186e-15
6485,20151,2.650626e-12
6486,73897,2.645218e-06
6487,83759,0.004348352
6488,106866,2.9379914e-08
6489,86974,1.5044415e-09
6490,67206,0.05755738
6491,110078,0.058268446
6492,65056,0.0014642557
6493,1657,1.8601708e-06
6494,96630,0.0075234165
6495,15339,1.5262382e-05
6496,40392,0.006300868
6497,12164,3.938245e-15
6498,44347,3.6793336e-13
6499,108464,0.0011476469
6500,9274,9.684789e-13
6501,50287,3.323551e-09
6502,2525,0.008314315
6503,100795,0.0334585
6504,57974,0.010153873
6505,112209,0.058114987
6506,113691,2.645218e-06
6507,36344,2.7301644e-08
6508,69247,9.351367e-07
6509,66973,0.05755738
6510,110062,6.682209e-05
6511,50003,3.9997046e-12
6512,95640,2.2458574e-12
6513,46820,1.41678085e-14
6514,28851,0.0007336302
6515,73171,0.071296066
6516,29749,1.7812087e-10
6517,114592,0.045318313
6518,109792,0.019233266
6519,43408,0.019770224
6520,71041,0.06382485
6521,103936,0.000100941776
6522,29146,0.0014630348
6523,37764,0.005329492
6524,4567,0.026492594
6525,78937,0.00975874
6526,22599,8.149158e-05
6527,85471,0.00012833794
6528,39962,0.016493056
6529,10725,3.035349e-08
6530,84134,0.0018833948
6531,7770,0.026492594
6532,52591,0.0017212755
6533,53746,0.010153873
6534,87430,1.5826564e-11
6535,29484,4.985987e-09
6536,109036,1.1992292e-07
6537,47052,2.4337192e-09
6538,53783,0.008935598
6539,41110,0.00011293772
6540,109110,2.7092588e-12
6541,28024,3.435847e-13
6542,92662,0.000101533835
6543,79076,7.4217206e-09
6544,61640,4.809181e-06
6545,8646,0.017592814
6546,97414,0.0018833948
6547,103678,4.9114938e-06
6548,86323,0.015541511
6549,82220,0.0008815368
6550,88990,0.0017212755
6551,115348,1.0612202e-06
6552,108074,0.0017241349
6553,35383,9.056669e-10
6554,42518,0.0065868073
6555,54971,0.0043132193
6556,93356,0.0018263524
6557,14403,4.536681e-06
6558,55876,1.1150814e-06
6559,9692,0.012584813
6560,108538,0.005938862
6561,25215,0.010283782
6562,93178,0.04246555
6563,55753,0.025574196
6564,28349,3.6063565e-18
6565,14910,2.085433e-10
6566,9393,0.000679138
6567,35544,5.539275e-09
6568,19385,0.009566048
6569,77611,0.002793125
6570,109319,0.013214655
6571,37850,1.5580478e-19
6572,3508,0.023568474
6573,52025,0.018483168
6574,26141,0.0025296612
6575,79725,9.265011e-13
6576,88928,0.009642077
6577,94646,2.2430052e-07
6578,71049,0.05755738
6579,22252,6.237779e-10
6580,30185,8.0949695e-17
6581,91372,1.6500468e-10
6582,52220,4.3473527e-05
6583,17768,0.00055489095
6584,11774,1.7921484e-13
6585,26491,0.0017745991
6586,91243,2.4427043e-06
6587,6863,1.2150854e-08
6588,101736,0.015541511
6589,60787,0.056830663
6590,91867,0.019803535
6591,67109,0.004348352
6592,92891,0.019803535
6593,58989,3.6608912e-15
6594,111768,0.058114987
6595,76191,0.012557792
6596,33339,0.0008461725
6597,71522,3.7914984e-12
6598,98584,0.009642077
6599,112465,0.0018968695
6600,1828,0.008314315
6601,83149,0.0040947357
6602,37967,0.008768024
6603,29899,1.4259602e-05
6604,17543,0.025802692
6605,31608,0.004342316
6606,50339,0.008768024
6607,4236,6.7412466e-06
6608,75158,2.4351123e-09
6609,8457,2.2677907e-06
6610,34708,0.008768024
6611,44940,6.4762323e-12
6612,37378,0.0027036075
6613,28842,0.004342316
6614,93027,6.0914208e-05
6615,27637,4.511927e-05
6616,93353,0.05755738
6617,84541,4.9728165e-08
6618,372,8.601e-11
6619,87903,0.05755738
6620,90525,0.008422665
6621,75623,4.1574138e-05
6622,56639,0.056830663
6623,114039,0.00012900085
6624,2787,0.023568474
6625,109749,2.002218e-08
6626,17943,2.867493e-07
6627,70842,0.011792748
6628,2880,0.033712484
6629,11844,1.0292974e-09
6630,18743,1.3961529e-06
6631,102981,4.980997e-05
6632,50538,0.0028999005
6633,47796,6.2233996e-10
6634,50955,1.3937222e-11
6635,99541,0.043769367
6636,104675,1.6332153e-08
6637,36706,8.292806e-08
6638,114169,0.056830663
6639,41729,0.018483168
6640,21970,0.026362604
6641,84612,0.0017212755
6642,72428,8.524855e-08
6643,86525,2.9257078e-05
6644,15622,0.00010620461
6645,49715,1.4125092e-06
6646,11240,1.4896571e-08
6647,67482,0.0017329667
6648,38627,0.00040666165
6649,32380,0.00011293772
6650,64771,2.1480876e-11
6651,94065,0.044527564
6652,93203,0.010312991
6653,86575,2.765368e-06
6654,87285,0.010765045
6655,7832,0.0021369674
6656,16482,0.0067648054
6657,18698,3.97004e-06
6658,106909,0.0030847932
6659,95519,1.3179292e-08
6660,100059,0.030740164
6661,103493,1.1850729e-10
6662,78776,1.126962e-12
6663,4391,8.075487e-06
6664,4438,0.0017624897
6665,59729,0.001729906
6666,80587,0.03203254
6667,4091,8.185669e-07
6668,66920,4.809181e-06
6669,49719,1.1512846e-06
6670,50628,0.010153873
6671,105046,3.908936e-13
6672,44427,0.008768024
6673,28251,0.0007336302
6674,11785,0.010181155
6675,92438,0.033939894
6676,26217,0.026362604
6677,5731,2.127268e-06
6678,6067,4.6904187e-09
6679,97748,2.7832348e-06
6680,49963,0.0054971282
6681,14692,0.0035598187
6682,56751,0.00083792664
6683,52571,0.00083792664
6684,67860,1.6233647e-15
6685,77550,9.113593e-10
6686,86140,0.013689787
6687,105232,2.0837033e-10
6688,19014,1.8167226e-12
6689,82957,4.884465e-11
6690,52372,1.02988364e-11
6691,96027,4.900994e-06
6692,21295,0.01020377
6693,114211,0.002081239
6694,87872,9.150575e-13
6695,36012,0.05157962
6696,89909,6.689289e-10
6697,48053,3.7294074e-12
6698,76662,0.02560859
6699,112951,0.019840907
6700,25500,0.018483168
6701,94784,0.057398185
6702,29867,0.010153873
6703,98694,0.019803535
6704,94057,5.3573444e-07
6705,82501,5.8103583e-10
6706,22942,3.566449e-11
6707,52269,0.0025866884
6708,10426,2.4727717e-05
6709,16052,0.032591436
6710,41680,3.1166255e-08
6711,19112,4.8402383e-14
6712,53238,0.019700931
6713,73971,0.001025634
6714,80172,2.6049256e-07
6715,31737,0.029283665
6716,17905,3.3484246e-12
6717,45815,6.0909747e-07
6718,20366,0.0013571965
6719,2830,0.023568474
6720,76100,6.4936394e-05
6721,50454,2.3908558e-10
6722,51674,0.010153873
6723,29157,6.0912644e-05
6724,9258,0.0045538414
6725,109634,0.019490741
6726,6701,4.85295e-07
6727,31114,0.026527464
6728,6371,0.01143928
6729,62375,0.0017212755
6730,41946,0.16553059
6731,111831,0.025739817
6732,5248,3.6406836e-06
6733,18452,3.189884e-05
6734,87942,0.019803535
6735,20652,1.3991435e-13
6736,3383,0.023568474
6737,49796,7.969249e-11
6738,42673,0.008768024
6739,112612,0.0014612735
6740,37272,0.011792748
6741,21413,0.021097366
6742,22525,0.1011775
6743,6343,2.848981e-14
6744,69853,0.00088056264
6745,75999,0.0037004752
6746,49348,0.019700931
6747,77446,2.513516e-06
6748,3084,0.005959611
6749,78406,0.0008461725
6750,12721,8.90035e-11
6751,47570,0.008768024
6752,62862,1.958979e-13
6753,54998,0.020443067
6754,90193,0.00083792664
6755,61241,1.126962e-12
6756,51088,2.7042988e-11
6757,77907,2.6637947e-11
6758,97091,0.008768024
6759,24698,0.00040666165
6760,1474,9.495066e-06
6761,90201,0.00014028802
6762,95043,0.00088056264
6763,109821,1.8563636e-12
6764,67957,1.8010159e-10
6765,37345,3.435847e-13
6766,339,2.4659857e-07
6767,93650,1.1945747e-06
6768,21570,0.011792748
6769,932,0.0066975825
6770,14751,2.1584777e-08
6771,11297,1.0040831e-05
6772,30840,0.010153873
6773,88214,0.045114942
6774,45364,0.011270111
6775,91214,0.08153384
6776,69642,0.026332634
6777,39589,0.019700931
6778,54284,5.208754e-12
6779,73538,0.0073724524
6780,14760,0.00017143172
6781,112600,4.9009637e-11
6782,17139,7.983481e-09
6783,36172,0.020443067
6784,95575,0.00074824225
6785,18770,0.10586758
6786,75993,2.3685748e-17
6787,114133,0.01195177
6788,40561,0.0081274025
6789,58821,3.550741e-08
6790,27708,4.7335925e-06
6791,39793,0.034086544
6792,4167,0.008324848
6793,81817,0.011792748
6794,50329,0.006284894
6795,106689,0.045268476
6796,98147,0.010312991
6797,19940,3.4756863e-12
6798,105522,0.010312991
6799,47916,0.00023109517
6800,109710,0.035634123
6801,38905,1.1648578e-12
6802,56495,1.8373462e-11
6803,89635,0.008768024
6804,40005,4.4063038e-11
6805,99950,0.010312991
6806,112852,0.0100401435
6807,107330,5.572108e-15
6808,14578,3.0073824e-08
6809,55562,0.00018183581
6810,112848,0.058114987
6811,86255,0.010307644
6812,11955,0.004296576
6813,60767,0.00077504455
6814,77962,0.010153873
6815,72886,0.0017212755
6816,59913,0.0059027667
6817,90711,0.019803535
6818,27126,3.3064342e-07
6819,97922,1.160037e-13
6820,67086,4.809181e-06
6821,64200,0.00014129948
6822,53927,0.025521828
6823,108629,1.6622907e-05
6824,63516,4.3234922e-07
6825,10612,0.011604054
6826,80798,0.060217395
6827,79226,0.00026648067
6828,46547,0.031010386
6829,58701,0.018304752
6830,22300,3.5368637e-12
6831,47321,0.009634294
6832,58210,1.6178621e-08
6833,63055,2.4353037e-12
6834,75377,0.0018843048
6835,40769,0.0002049594
6836,42543,4.1181578e-10
6837,61280,1.3751747e-11
6838,47494,0.010283782
6839,18245,5.737909e-08
6840,36485,0.002673727
6841,103084,0.008298584
6842,101370,0.010312991
6843,53686,3.5511338e-08
6844,102310,0.0065472187
6845,18229,7.1727956e-14
6846,32065,5.63383e-05
6847,85973,0.019700931
6848,43259,0.00084738084
6849,40684,0.00086461357
6850,27191,2.391729e-12
6851,70741,0.0002678651
6852,83996,0.0017280811
6853,50761,0.019700931
6854,36521,0.010765045
6855,15769,6.0745692e-12
6856,71949,0.011792748
6857,15695,7.141159e-05
6858,14129,2.324456e-09
6859,44751,0.09793494
6860,46594,0.010283782
6861,8968,1.1522396e-09
6862,72429,0.0017212755
6863,107546,1.1949366e-11
6864,28654,1.0138649e-10
6865,111510,0.010312991
6866,86623,0.0017212755
6867,24398,0.008768024
6868,11301,0.0021832895
6869,35191,1.0459114e-09
6870,100126,0.025739817
6871,76657,0.0017212755
6872,20857,2.0628336e-12
6873,71429,5.3673396e-11
6874,109886,2.645218e-06
6875,115551,0.058268446
6876,59172,0.06113867
6877,39833,9.865632e-06
6878,87039,0.04496502
6879,89467,2.5019501e-06
6880,88221,9.327531e-13
6881,85866,0.04496502
6882,48414,3.3657828e-16
6883,49562,1.7975144e-11
6884,111205,1.1495222e-05
6885,83371,0.008768024
6886,111310,8.521293e-07
6887,46210,0.026362604
6888,59910,1.1134598e-10
6889,68298,0.026332634
6890,20990,9.635158e-08
6891,91457,2.479916e-10
6892,106901,4.4415554e-08
6893,92558,1.7281733e-05
6894,34956,0.00011293772
6895,39478,0.00020055065
6896,63142,8.232923e-11
6897,33804,8.018726e-15
6898,42720,1.10201155e-08
6899,17396,0.004324647
6900,45217,0.00013743206
6901,829,3.403134e-05
6902,80556,5.1221577e-06
6903,63039,0.0058992202
6904,66274,4.8117e-06
6905,80066,2.2752137e-07
6906,111458,0.06895566
6907,64669,0.00074824225
6908,75669,0.00022012331
6909,80184,0.027170032
6910,12117,3.6927408e-09
6911,669,2.9452433e-06
6912,112404,0.0041286335
6913,61980,0.019449603
6914,85037,3.0237401e-12
6915,16760,0.006912677
6916,84224,2.1009233e-10
6917,93136,0.026102437
6918,112211,6.971749e-05
6919,10561,0.026492594
6920,17117,0.0021651727
6921,100363,7.505815e-08
6922,89056,0.010307644
6923,54601,0.06063979
6924,71655,0.001622638
6925,1971,0.00031510595
6926,103086,0.00083792664
6927,27737,4.4117318e-05
6928,83736,1.5088011e-16
6929,112842,0.06163517
6930,98063,7.0900086e-08
6931,88619,0.027718801
6932,28088,0.02185564
6933,106567,1.9977289e-11
6934,27963,0.004342316
6935,106505,0.006379432
6936,8258,7.1310474e-08
6937,49815,7.4494046e-09
6938,44827,2.0830971e-12
6939,43646,0.009634294
6940,97418,0.012076514
6941,22057,0.08732657
6942,108857,0.023700545
6943,50498,0.019700931
6944,108945,1.2260318e-08
6945,112034,0.03713144
6946,22635,0.010283782
6947,93544,3.6608912e-15
6948,85536,0.05131683
6949,756,1.9588364e-05
6950,66074,0.008072058
6951,109570,0.0055802907
6952,78037,0.011057796
6953,87494,0.05755738
6954,97155,0.008457679
6955,107124,0.0017241349
6956,22265,4.1257067e-13
6957,50211,1.3937222e-11
6958,21081,0.004086614
6959,65696,4.7507496e-14
6960,100546,0.012076514
6961,46279,1.3457948e-07
6962,65622,1.3751747e-11
6963,29464,5.933147e-17
6964,80999,3.5909532e-11
6965,19009,4.7814027e-14
6966,96289,5.7092273e-09
6967,24709,0.0059027667
6968,79011,1.1537576e-08
6969,48045,0.006589307
6970,114879,1.1898638e-09
6971,11828,0.000110496476
6972,30417,5.2928364e-09
6973,24229,0.019770224
6974,21482,1.166909e-14
6975,1914,1.2155756e-05
6976,86204,2.4892173e-11
6977,98344,0.00083792664
6978,77483,0.09846249
6979,110908,0.00014995504
6980,109084,7.939848e-07
6981,90527,2.3052394e-06
6982,43771,0.27708888
6983,83045,0.013030187
6984,113789,5.9689046e-16
6985,102932,2.8146036e-07
6986,19456,0.01020377
6987,32984,6.720714e-13
6988,90256,0.011792748
6989,28162,1.4134807e-07
6990,94544,0.0014630348
6991,55106,0.00083792664
6992,69232,0.10586758
6993,49125,0.79185444
6994,92905,0.026332634
6995,35190,0.009529468
6996,31474,1.1648578e-12
6997,44663,1.1487888e-07
6998,39531,0.004342316
6999,29786,2.2537788e-12
7000,26922,0.0017987062
7001,51786,0.0083291745
7002,72211,0.010307644
7003,5081,4.827396e-07
7004,12545,2.989201e-09
7005,90713,1.2601826e-07
7006,114415,2.1609766e-13
7007,56240,5.3383105e-12
7008,67897,0.009642077
7009,112208,7.3482816e-08
7010,88855,0.019803535
7011,48658,0.036952205
7012,73033,0.0017212755
7013,30420,0.010153873
7014,64791,0.00037078228
7015,21635,1.1428833e-08
7016,93786,0.010312991
7017,32205,0.009529468
7018,77872,5.9484906e-09
7019,81106,0.019700931
7020,35305,0.00071242865
7021,18206,7.4072457e-11
7022,33653,1.14946665e-14
7023,22961,0.071296066
7024,76287,0.06113867
7025,10862,0.008683009
7026,26717,4.5861917e-12
7027,16213,2.0171664e-09
7028,72892,0.0007336302
7029,96593,8.645014e-07
7030,64402,4.392029e-08
7031,115651,2.562494e-06
7032,69830,0.034499
7033,92542,0.010307644
7034,6107,0.0060553057
7035,41843,0.00018680909
7036,97492,6.2544167e-12
7037,65424,1.1016982e-12
7038,92451,0.00011657391
7039,110780,0.010312991
7040,961,0.007875306
7041,114621,1.3396818e-06
7042,82523,0.05755738
7043,80851,0.02560859
7044,32979,0.019840907
7045,47728,0.0576817
7046,100744,0.022229828
7047,5030,2.851749e-06
7048,56420,3.5853472e-07
7049,43914,0.019840907
7050,97583,0.069460474
7051,32665,1.9762085e-09
7052,27027,0.011792748
7053,24175,0.0035804673
7054,55670,0.9992434
7055,81306,0.019961802
7056,28813,0.011792748
7057,74104,0.009642077
7058,105482,0.008768024
7059,28919,0.005945585
7060,56998,0.010153873
7061,97575,0.03703929
7062,15566,3.3251305e-05
7063,39563,7.1727956e-14
7064,23076,1.3995482e-18
7065,9599,3.9307096e-08
7066,62617,0.0009825915
7067,111129,2.6634406e-10
7068,5320,0.022496888
7069,65656,0.0018833948
7070,27559,1.2360843e-07
7071,29338,0.009529468
7072,76644,0.010307644
7073,104085,1.8404249e-08
7074,37255,0.010283782
7075,50552,0.032733623
7076,64651,3.4751063e-10
7077,100810,0.00044841372
7078,33527,3.0608888e-12
7079,26911,4.4995626e-12
7080,112387,0.0026917767
7081,9221,0.024114532
7082,19810,2.7301644e-08
7083,92866,0.004348352
7084,80635,0.008768024
7085,78038,0.00088056264
7086,89911,0.003683141
7087,66363,0.0017352848
7088,21337,2.5856824e-11
7089,1641,3.2936277e-12
7090,30373,0.011792748
7091,55414,2.3284571e-10
7092,86401,0.00012833794
7093,34746,0.99324775
7094,37058,1.5388116e-09
7095,113816,2.0429632e-11
7096,48266,0.00041208786
7097,7580,4.2783375e-07
7098,52974,1.0891447e-10
7099,87500,5.996348e-06
7100,35802,0.019700931
7101,78710,2.0666619e-08
7102,65189,1.9286722e-11
7103,2148,4.3794794e-06
7104,30312,4.1422568e-17
7105,85798,1.0763145e-09
7106,78015,0.00013387931
7107,55898,0.024876568
7108,89322,0.00041208786
7109,8196,9.816277e-08
7110,41421,0.0011039344
7111,41451,3.0666317e-13
7112,96223,0.05755738
7113,47249,0.020443067
7114,115126,0.02077886
7115,104463,0.033240877
7116,49091,3.5651276e-12
7117,4770,0.004037872
7118,3520,0.11334743
7119,32645,0.026527464
7120,110207,0.045838933
7121,16434,1.237377e-11
7122,25155,0.026362604
7123,99440,0.0003068211
7124,84979,0.008327356
7125,24637,0.026102437
7126,95270,2.7988718e-12
7127,94632,0.0017212755
7128,85602,0.020443067
7129,102021,1.261936e-05
7130,31521,1.7291113e-05
7131,1059,6.750562e-06
7132,39393,0.026362604
7133,25939,2.7807986e-10
7134,13754,1.7292087e-09
7135,89529,2.645218e-06
7136,114729,2.6519647e-06
7137,47468,0.034086544
7138,85423,0.00022616444
7139,107873,0.00166131
7140,103869,0.0017241349
7141,74243,0.019700931
7142,65779,0.00014129948
7143,47016,0.025521828
7144,88404,0.007811113
7145,3478,0.023568474
7146,88151,0.05755738
7147,41061,0.010283782
7148,62942,0.04496502
7149,96642,5.418597e-14
7150,4904,0.0017624897
7151,3711,6.633346e-07
7152,29953,0.0111540705
7153,28220,0.010825283
7154,37271,0.0007336302
7155,11217,0.008419771
7156,107085,1.9915885e-11
7157,35749,3.862253e-09
7158,34312,4.8384113e-06
7159,106406,2.1250376e-06
7160,51678,0.000521638
7161,108091,0.0018876592
7162,46227,6.993794e-10
7163,2038,1.9570147e-07
7164,51695,5.61362e-06
7165,91335,0.010307644
7166,100100,1.5100827e-08
7167,36761,8.610861e-12
7168,33246,0.0019094098
7169,54452,2.481418e-12
7170,48377,4.504534e-16
7171,79088,1.875765e-08
7172,58464,0.0025516099
7173,20885,1.166909e-14
7174,6968,9.098233e-05
7175,26965,1.3962969e-12
7176,38913,0.08351702
7177,85425,2.7042988e-11
7178,94877,0.043769367
7179,102078,0.0018784801
7180,70043,0.0002678651
7181,59098,6.000104e-11
7182,71197,0.010307644
7183,65867,2.384189e-10
7184,21901,2.655561e-07
7185,33781,0.06113867
7186,109515,0.032351613
7187,36287,0.026527464
7188,114236,0.06420434
7189,40328,0.012125932
7190,109479,2.2854382e-10
7191,102443,1.8127756e-07
7192,22415,0.06810957
7193,67868,0.004348352
7194,40722,8.443015e-10
7195,97750,1.6500804e-05
7196,100229,0.019803535
7197,97056,2.645218e-06
7198,105547,2.855121e-15
7199,7170,1.0628995e-06
7200,37694,6.237021e-06
7201,39763,0.0033805186
7202,1628,6.334073e-15
7203,39526,0.008768024
7204,46183,0.00020537236
7205,106530,0.010312991
7206,57071,1.09000855e-11
7207,4771,6.6989296e-06
7208,109529,0.058268446
7209,39628,5.933147e-17
7210,1442,7.3391837e-10
7211,58968,0.0059027667
7212,25628,0.0007336302
7213,47317,3.6793336e-13
7214,17623,0.019700931
7215,65008,1.6212466e-06
7216,73491,0.007940852
7217,11360,1.2787425e-05
7218,38387,1.537868e-15
7219,10106,0.0001484194
7220,17048,2.8679848e-08
7221,26343,4.9708654e-11
7222,8904,5.8573767e-07
7223,84343,0.026332634
7224,16978,9.361274e-12
7225,40867,0.002955784
7226,115516,0.0017241349
7227,56135,0.045318313
7228,63945,0.00088056264
7229,59132,2.8123476e-11
7230,112964,0.009529468
7231,21588,5.2470188e-14
7232,9068,6.1706464e-06
7233,102763,2.645218e-06
7234,67192,0.004348352
7235,113158,0.024326755
7236,56954,2.1081646e-06
7237,102407,0.021083172
7238,43791,1.8157306e-06
7239,13839,2.9155487e-09
7240,96470,4.8468673e-06
7241,36216,7.708354e-08
7242,16950,0.01020377
7243,114078,1.2758757e-06
7244,40776,0.027801204
7245,242,0.0017624897
7246,82620,0.043363515
7247,9268,0.010534443
7248,23,6.111316e-07
7249,71980,1.2752543e-10
7250,57654,6.894818e-09
7251,36514,0.010153873
7252,96862,2.645218e-06
7253,51443,0.0079764025
7254,114886,8.1484504e-05
7255,95510,3.3375787e-12
7256,66867,1.8270422e-13
7257,11234,0.011855723
7258,75283,5.4548117e-09
7259,96177,0.0017212755
7260,66464,5.0948374e-14
7261,81198,0.01864118
7262,25399,0.0063693137
7263,110226,1.3098266e-09
7264,78900,0.0017212755
7265,32285,0.026527464
7266,27405,0.0007336302
7267,8497,2.0120183e-06
7268,112466,0.00012900085
7269,50583,5.933147e-17
7270,106760,8.30376e-08
7271,88373,0.019803535
7272,94016,0.030740164
7273,110071,5.4166087e-08
7274,70162,0.06895566
7275,71481,3.7455473e-12
7276,82328,2.9231426e-10
7277,95520,2.3036732e-08
7278,40327,0.011792748
7279,111405,0.010312991
7280,1386,0.000103642684
7281,112526,0.0038415312
7282,102983,0.05755738
7283,64311,0.0018833948
7284,89794,0.008768024
7285,35559,0.026527464
7286,6271,0.008324848
7287,61377,3.0969056e-07
7288,97929,0.006564993
7289,5203,0.0135366935
7290,3966,0.1529195
7291,15367,3.229288e-05
7292,59285,0.0076118424
7293,47258,0.31043655
7294,56879,1.3451387e-08
7295,106974,0.010312991
7296,38215,6.1246933e-06
7297,75056,2.2458574e-12
7298,107738,2.2288974e-13
7299,82240,2.511241e-10
7300,71022,0.0017212755
7301,115760,0.01474979
7302,15220,7.7461126e-16
7303,78396,0.00083792664
7304,3985,6.633346e-07
7305,88168,0.07145986
7306,55142,1.2156395e-08
7307,37263,0.01153875
7308,80830,2.645218e-06
7309,64565,2.306636e-12
7310,38176,0.004342316
7311,84390,0.0059027667
7312,52861,0.00083792664
7313,109921,0.01302738
7314,184,5.646397e-16
7315,114684,0.0016846136
7316,40229,0.008768024
7317,91279,0.004348352
7318,33181,0.0005693696
7319,97970,0.00025298868
7320,65542,4.8117e-06
7321,70427,0.057112224
7322,103273,9.74561e-12
7323,25682,0.010283782
7324,94302,3.3353147e-11
7325,104433,0.009642077
7326,99883,0.045838933
7327,43663,8.9646064e-13
7328,110416,0.0036969674
7329,51588,0.0043132193
7330,4832,0.008324848
7331,85436,0.011994912
7332,65134,1.8771493e-09
7333,79360,3.1095417e-12
7334,2319,1.6856024e-05
7335,88485,2.645218e-06
7336,56795,0.006589307
7337,80767,0.0017212755
7338,76868,0.008768024
7339,85067,0.00012833794
7340,9278,0.033712484
7341,38485,0.011792748
7342,44750,0.087054186
7343,79491,8.867485e-13
7344,110073,0.009642077
7345,64776,4.6371754e-11
7346,87206,1.9799342e-07
7347,36659,0.010283782
7348,13039,1.559299e-12
7349,11681,1.7249308e-06
7350,64518,9.292655e-13
7351,70252,0.05755738
7352,9099,1.6956536e-08
7353,115213,2.602758e-05
7354,92647,0.004348352
7355,84710,0.011792748
7356,108021,1.8563636e-12
7357,103127,0.002221974
7358,43214,0.009634294
7359,41223,0.019449603
7360,50515,1.2685113e-12
7361,94551,0.004518091
7362,65408,1.017542e-05
7363,106048,0.00012900085
7364,62160,1.7311335e-08
7365,38765,2.7734824e-05
7366,62092,1.7281733e-05
7367,99092,0.05917771
7368,79331,0.0579823
7369,17285,0.0059027667
7370,69668,0.00026360096
7371,74051,2.2050328e-12
7372,96551,0.0038297523
7373,36137,0.00088267185
7374,16987,9.361274e-12
7375,1902,0.022495551
7376,66905,0.000101202
7377,46898,1.747889e-05
7378,99223,0.05917771
7379,42420,0.009634294
7380,39276,2.08467e-13
7381,75526,0.045318313
7382,100208,0.0026911255
7383,21445,1.5032179e-11
7384,43383,2.7301644e-08
7385,115136,0.03312897
7386,8441,0.034530524
7387,82587,0.004348352
7388,3329,0.005959611
7389,36186,8.770828e-10
7390,17724,4.00676e-08
7391,8855,0.000119660406
7392,58795,0.006589307
7393,110617,4.9114938e-06
7394,54524,7.768186e-09
7395,20802,0.012440645
7396,44361,2.5161012e-06
7397,11468,1.6956536e-08
7398,17454,3.4756863e-12
7399,77580,0.011792748
7400,52479,0.0007336302
7401,71274,0.001025634
7402,42541,5.131312e-10
7403,54800,0.010153873
7404,6450,4.6615655e-06
7405,33625,0.062410958
7406,36891,0.00975874
7407,115709,2.645218e-06
7408,9064,4.748758e-06
7409,76150,1.2752543e-10
7410,85811,1.2409816e-06
7411,45819,0.009634294
7412,87931,0.0013026425
7413,50605,1.6431459e-07
7414,98301,0.026112074
7415,19883,2.1799992e-13
7416,51879,2.5186786e-08
7417,54234,0.00030311872
7418,7199,7.2421874e-11
7419,29542,1.146396e-08
7420,22576,1.1061803e-05
7421,114460,2.6519647e-06
7422,70981,0.004348352
7423,74853,2.0641131e-05
7424,43508,0.00021345768
7425,91202,0.0073724524
7426,66610,0.00074824225
7427,86359,2.8266904e-11
7428,111191,0.0001388286
7429,104635,0.0028466184
7430,27763,0.008419062
7431,76345,1.1521754e-10
7432,44285,0.004342316
7433,18637,0.0058992202
7434,36977,3.705407e-12
7435,4419,0.022496888
7436,34354,0.0043132193
7437,45069,0.009634294
7438,29019,0.026527464
7439,27705,7.301555e-10
7440,427,3.1335244e-07
7441,58261,0.05755738
7442,103240,4.9575738e-06
7443,89113,0.009642077
7444,102861,1.1217176e-14
7445,23846,0.062295023
7446,52756,0.15288103
7447,26449,0.00033167395
7448,112448,0.03350731
7449,46813,0.00235801
7450,20531,1.9556765e-06
7451,20749,0.85817015
7452,18759,3.4756863e-12
7453,98145,4.216513e-08
7454,34806,0.00088267185
7455,45788,0.00033433817
7456,69371,0.0014630348
7457,9422,0.013505936
7458,3786,0.008324848
7459,64144,3.031906e-12
7460,109167,0.004348352
7461,24810,7.7418233e-10
7462,17273,8.043068e-07
7463,22486,3.5925602e-09
7464,113441,6.2544167e-12
7465,56005,0.033939894
7466,17235,1.9448358e-09
7467,40510,0.038114738
7468,92708,0.0017212755
7469,7282,2.2967484e-07
7470,62795,0.012294085
7471,65493,2.3590714e-09
7472,105334,0.008768024
7473,114902,4.3697188e-08
7474,43461,0.0065868073
7475,76555,0.006417349
7476,93288,0.00041208786
7477,88936,5.019103e-14
7478,78168,0.039324377
7479,24144,0.00072054064
7480,103735,2.645218e-06
7481,114216,0.056830663
7482,47003,0.02146122
7483,85542,0.010307644
7484,86228,3.438353e-08
7485,35744,0.0018738447
7486,7141,0.0017705677
7487,37047,3.18752e-06
7488,55380,0.034095746
7489,100570,0.001622638
7490,35638,0.046136912
7491,593,1.169977e-08
7492,103202,0.00012900085
7493,105774,1.1898638e-09
7494,79862,0.06382485
7495,3437,1.386891e-07
7496,9214,0.0021369674
7497,46005,0.00016816138
7498,75646,0.011985818
7499,104541,0.0017088741
7500,98378,0.00088056264
7501,104688,1.3804695e-08
7502,60724,0.030741232
7503,95539,2.2458574e-12
7504,31462,2.253001e-12
7505,114692,0.0050086468
7506,102702,0.007811113
7507,385,1.2037161e-07
7508,67601,0.0025516099
7509,87071,0.009780666
7510,115184,9.384249e-06
7511,32667,0.06113867
7512,13458,1.09398684e-07
7513,1487,2.6839754e-05
7514,39813,0.001014729
7515,47554,1.0978256e-09
7516,60603,7.6877324e-05
7517,24664,1.2537602e-06
7518,53242,3.9046914e-15
7519,92407,2.645218e-06
7520,100029,0.010312991
7521,112033,0.058114987
7522,111733,0.0018876592
7523,100542,0.07145986
7524,28809,0.025521828
7525,31757,0.004342316
7526,104598,7.804289e-09
7527,71221,2.645218e-06
7528,61522,0.01020377
7529,83937,0.030741232
7530,99390,4.8818144e-13
7531,10879,0.03433464
7532,19264,0.00022141998
7533,6817,2.0517234e-06
7534,56616,0.0022326792
7535,73844,6.641159e-05
7536,100110,0.009642077
7537,34539,5.933147e-17
7538,58435,0.030741232
7539,36219,0.0014630348
7540,82023,1.3314225e-10
7541,94109,1.5423104e-10
7542,115079,0.00026648067
7543,45001,3.3818502e-13
7544,18962,6.240397e-10
7545,8410,0.010283782
7546,86837,5.754312e-13
7547,53239,0.032351613
7548,74913,0.01864118
7549,49994,0.0008751712
7550,73746,2.2050328e-12
7551,79934,4.816796e-06
7552,111754,0.058114987
7553,51671,1.3951439e-09
7554,16783,0.06810957
7555,59354,0.001025634
7556,84284,0.10085063
7557,18584,8.601e-11
7558,96617,5.3451004e-14
7559,51360,0.06722756
7560,78459,0.0036432927
7561,48109,5.204461e-13
7562,9613,0.022496888
7563,56619,0.06113867
7564,91901,0.004348352
7565,65757,9.696319e-06
7566,58636,0.019700931
7567,107723,0.00031961224
7568,111686,1.7390583e-05
7569,15356,3.229288e-05
7570,52896,2.645218e-06
7571,33644,0.010283782
7572,95328,0.018669777
7573,11305,4.386941e-06
7574,70646,0.0055668545
7575,68963,4.9861985e-12
7576,23835,1.0530898e-05
7577,42121,0.019700931
7578,42821,0.026362604
7579,26818,0.06113867
7580,73273,0.052972313
7581,76530,0.071296066
7582,66440,4.8117e-06
7583,12098,2.4812408e-10
7584,60151,0.05755738
7585,5769,0.0017624897
7586,74774,0.045318313
7587,82980,0.026332634
7588,7576,7.056681e-09
7589,28564,8.936132e-09
7590,42583,0.07140674
7591,25270,0.009441849
7592,70316,0.0072404686
7593,105772,0.010857365
7594,29391,5.9865256e-06
7595,108595,0.026325935
7596,83334,1.2962771e-08
7597,91717,0.05755738
7598,19065,1.4528706e-18
7599,66977,2.5437437e-09
7600,53729,0.0025516099
7601,47397,5.2604134e-15
7602,3026,0.008314315
7603,91105,7.3148794e-07
7604,15501,0.015238372
7605,62593,0.0017212755
7606,64185,0.0018833948
7607,111229,4.8663064e-06
7608,27351,2.2240494e-08
7609,40486,1.527437e-12
7610,50362,0.24715203
7611,29041,0.010153873
7612,63803,2.115278e-10
7613,115046,0.0003068211
7614,43080,0.00020055065
7615,92761,1.6620574e-12
7616,30410,0.00035327335
7617,83460,0.0010016299
7618,27543,0.004342316
7619,23827,2.7014455e-09
7620,31214,0.010825283
7621,40516,0.027469164
7622,51973,0.15288103
7623,63536,6.261608e-10
7624,48276,0.010307644
7625,38106,0.006113231
7626,71090,6.0501487e-12
7627,48458,0.00083792664
7628,61499,3.7784685e-05
7629,58175,0.0058992202
7630,66382,9.964658e-13
7631,47886,4.8117e-06
7632,67867,0.00083792664
7633,41767,2.5758006e-06
7634,24063,0.010283782
7635,92342,0.00037736926
7636,60538,0.0015704647
7637,12468,6.0056595e-06
7638,80290,0.025739817
7639,20161,3.836126e-08
7640,46107,0.025474966
7641,22848,0.00020055065
7642,95446,2.645218e-06
7643,107407,0.00012975436
7644,73680,2.645218e-06
7645,49508,1.2852283e-19
7646,36876,2.6637947e-11
7647,9321,0.0027039677
7648,48365,0.012294085
7649,37442,1.3211719e-14
7650,86898,5.418597e-14
7651,38393,0.06113867
7652,105737,1.4411269e-06
7653,4525,8.058904e-05
7654,57603,0.030313974
7655,103056,0.00079524476
7656,102825,3.6608912e-15
7657,9992,0.00059653603
7658,85876,1.8696355e-12
7659,53117,0.07565917
7660,85729,0.010307644
7661,103620,0.008320203
7662,112995,3.4148865e-14
7663,37078,0.0024675406
7664,70434,1.381388e-09
7665,96002,2.2669339e-11
7666,47997,1.8510717e-11
7667,101442,0.026325935
7668,102735,0.013347561
7669,13787,0.047894415
7670,58268,0.00083792664
7671,73386,0.00014028802
7672,30689,0.004342316
7673,107701,0.00012833794
7674,78969,9.778129e-10
7675,63507,1.860142e-08
7676,113454,0.0018993855
7677,91408,0.019803535
7678,78161,0.0043132193
7679,9649,9.707612e-09
7680,113976,1.09741595e-05
7681,56928,2.005727e-08
7682,59336,0.008113807
7683,18563,0.0017705677
7684,81692,5.7382787e-09
7685,77578,1.5688965e-08
7686,73185,0.071296066
7687,105798,0.00012900085
7688,35237,0.06810957
7689,89796,0.019803535
7690,21160,6.82285e-05
7691,64134,9.150575e-13
7692,115715,0.0017241349
7693,77970,0.001622638
7694,68377,0.026112074
7695,67524,0.0048655975
7696,56844,0.05755738
7697,72990,2.1773439e-17
7698,86579,5.8610414e-07
7699,98713,0.057741154
7700,26984,2.4353037e-12
7701,33111,0.006035061
7702,37630,0.027750155
7703,112745,0.0024509917
7704,109701,0.057031114
7705,13130,0.010181155
7706,111311,0.0011353251
7707,94672,1.3941123e-12
7708,106323,5.2953156e-11
7709,5219,0.0891212
7710,73804,0.018778447
7711,22814,1.5014335e-05
7712,39963,0.00011293772
7713,46003,0.004342316
7714,113681,1.8010159e-10
7715,95842,0.010312991
7716,115023,0.069460474
7717,96402,0.05755738
7718,33689,0.006035061
7719,24861,3.8584376e-06
7720,52788,0.007874572
7721,65359,1.1199603e-05
7722,54946,0.032992557
7723,55046,0.10586758
7724,77659,7.2303536e-09
7725,6558,4.2924516e-06
7726,81327,3.2406865e-11
7727,75407,2.622988e-10
7728,30578,1.8855304e-05
7729,971,1.337021e-10
7730,26334,4.8384113e-06
7731,65196,1.3102964e-09
7732,2519,0.0135366935
7733,36492,0.011118982
7734,45527,0.010283782
7735,30599,0.010153873
7736,60059,9.426665e-10
7737,9752,1.6956536e-08
7738,78571,4.8384113e-06
7739,35493,2.1593523e-14
7740,75301,0.045318313
7741,35839,0.009529468
7742,53428,3.9046914e-15
7743,96219,2.425865e-12
7744,53177,0.00031826916
7745,88419,7.786055e-14
7746,106717,0.009775486
7747,10852,3.8456057e-12
7748,71521,1.2361573e-07
7749,18644,9.0605475e-08
7750,97365,2.085245e-11
7751,1129,0.026373321
7752,24194,1.4828187e-07
7753,111469,1.2034515e-05
7754,56800,0.00083792664
7755,46024,0.002666763
7756,102115,0.05755738
7757,3358,5.726565e-07
7758,10858,1.2184993e-06
7759,113214,6.027984e-09
7760,7849,4.8870066e-07
7761,67177,0.026332634
7762,69305,2.645218e-06
7763,17301,7.734981e-07
7764,727,0.023568474
7765,104938,0.058114987
7766,103379,0.010765045
7767,20200,0.019700931
7768,52028,3.8050447e-09
7769,65929,0.00074824225
7770,80490,2.2458574e-12
7771,95788,0.0065680686
7772,67116,0.0004032324
7773,52676,0.019700931
7774,70804,0.0007336302
7775,31625,0.00072194345
7776,16819,4.123962e-12
7777,26248,0.0017365424
7778,36667,0.0007087049
7779,53026,0.0018738447
7780,36531,0.042404953
7781,10653,7.28961e-05
7782,103459,1.0169997e-05
7783,41204,0.025521828
7784,48220,0.0017212755
7785,60526,0.013030187
7786,53132,0.011792748
7787,4948,1.512111e-06
7788,30606,0.00036364954
7789,102241,7.26415e-05
7790,23357,0.05157962
7791,44812,0.011792748
7792,5532,4.961313e-09
7793,25459,5.7247905e-07
7794,1497,6.4140534e-07
7795,59511,5.21533e-14
7796,105549,3.0893264e-06
7797,8564,1.5838181e-12
7798,83802,0.0037036426
7799,21358,0.00046850424
7800,94028,0.0017908708
7801,114644,1.606254e-09
7802,104235,0.033757117
7803,10032,1.9077164e-14
7804,25326,1.5719441e-10
7805,74744,5.746697e-14
7806,33994,0.00065779686
7807,44605,0.018483168
7808,6354,1.1985629e-06
7809,34398,0.0043132193
7810,69849,1.2632967e-11
7811,32614,2.4353037e-12
7812,60269,0.007811113
7813,80349,0.004348352
7814,45460,1.35249945e-11
7815,109685,0.011184473
7816,103502,2.645218e-06
7817,17676,2.132051e-06
7818,85271,0.003314459
7819,50727,2.5120848e-05
7820,40652,0.011771662
7821,43444,4.784337e-06
7822,18984,2.6711619e-11
7823,100031,3.23208e-08
7824,87342,1.8420342e-11
7825,98841,0.025870373
7826,69901,2.7042988e-11
7827,36299,5.7952837e-10
7828,13840,0.00884603
7829,85952,3.6608912e-15
7830,68676,3.777257e-12
7831,1594,2.84603e-06
7832,1707,0.010181155
7833,75372,0.00015595873
7834,73704,2.2050328e-12
7835,37882,0.018483168
7836,81471,0.001622638
7837,85691,0.026332634
7838,19665,5.527786e-06
7839,100871,0.011851389
7840,63528,7.55113e-09
7841,90811,0.004348352
7842,108761,0.0040237564
7843,49391,0.010153873
7844,77742,0.018864961
7845,29685,0.004342316
7846,48816,2.2050328e-12
7847,96146,7.0593694e-07
7848,105655,0.0017241349
7849,32395,0.00044689688
7850,68174,0.00077504455
7851,98331,1.9097866e-08
7852,102010,4.0822066e-05
7853,49514,1.3008986e-06
7854,35338,0.03814139
7855,77688,5.729717e-12
7856,35195,6.081913e-14
7857,14153,0.011792748
7858,35170,5.304887e-08
7859,14923,0.0004746778
7860,68428,0.033939894
7861,78736,1.1300093e-07
7862,32954,0.004342316
7863,58357,0.025521828
7864,3487,0.3091956
7865,85789,0.00055523193
7866,9046,4.0636134e-08
7867,48918,3.705407e-12
7868,63402,0.01020377
7869,75103,4.8164284e-06
7870,51124,3.9046914e-15
7871,86979,0.0043132193
7872,30899,2.1183642e-16
7873,5528,0.0748083
7874,62227,0.009622694
7875,69016,3.9603004e-15
7876,9171,4.245457e-13
7877,17561,3.4756863e-12
7878,81544,0.01360721
7879,108318,3.6503766e-15
7880,37934,5.192722e-09
7881,22287,0.054991066
7882,103303,0.03328271
7883,95745,9.835372e-07
7884,78734,0.05755738
7885,19938,1.4158311e-05
7886,2192,2.1695141e-06
7887,102353,1.5677828e-09
7888,101594,0.0016216564
7889,52288,0.0060545485
7890,42380,0.026373321
7891,4684,3.187608e-06
7892,4690,0.008324848
7893,46968,0.013582354
7894,39313,0.010283782
7895,35341,1.41678085e-14
7896,42249,4.4820013e-06
7897,38071,0.00025692387
7898,63335,0.0017212755
7899,1448,0.06803659
7900,28555,2.1300361e-09
7901,34707,0.010765045
7902,115754,0.004348352
7903,105691,5.4466145e-05
7904,2672,0.0036234308
7905,96568,0.025739817
7906,32097,0.025521828
7907,79412,1.0167166e-05
7908,14108,0.01020377
7909,75002,4.8164284e-06
7910,20384,6.28462e-09
7911,27855,0.00942274
7912,51796,0.026527464
7913,8326,1.6806159e-06
7914,26322,0.010283782
7915,33887,1.285992e-10
7916,31139,0.009529468
7917,112084,3.9154588e-16
7918,8319,4.062103e-08
7919,29781,1.41678085e-14
7920,76364,7.383316e-09
7921,4285,1.13161295e-11
7922,30510,0.010153873
7923,32009,0.004342316
7924,3853,1.7022382e-08
7925,95116,1.1070518e-10
7926,54875,0.019700931
7927,19164,0.08153384
7928,25608,0.019770224
7929,26776,1.9495015e-08
7930,13963,0.0027910357
7931,59152,4.1558393e-12
7932,101394,0.02638637
7933,78989,2.645218e-06
7934,2669,6.566822e-07
7935,17217,6.8448645e-07
7936,21471,3.3153849e-12
7937,114396,4.934918e-06
7938,77848,0.012062919
7939,2408,0.010530269
7940,6795,2.2648366e-05
7941,49000,0.0018738447
7942,53748,0.025106492
7943,65521,2.764621e-10
7944,57709,0.00060359313
7945,39147,0.0005980238
7946,83013,1.1863355e-09
7947,87316,0.056830663
7948,10358,1.2243431e-06
7949,10062,1.4642288e-07
7950,37164,0.05176888
7951,67149,0.0018784801
7952,112050,2.645218e-06
7953,723,0.011356809
7954,84036,0.0110621145
7955,92841,4.8955732e-11
7956,25312,1.8343943e-07
7957,107793,1.7390583e-05
7958,82509,2.6585745e-09
7959,49260,0.0022265424
7960,110019,0.0065472187
7961,77201,0.025754122
7962,8888,1.5375735e-09
7963,111669,2.8150646e-10
7964,36434,0.020443067
7965,8355,0.022496888
7966,91791,0.00022012331
7967,10288,0.008324848
7968,71047,3.8537085e-10
7969,22701,2.4510077e-12
7970,69027,0.004348352
7971,110531,4.148058e-06
7972,50165,0.0004534694
7973,45141,0.00071242865
7974,76127,0.0003207267
7975,107258,0.057398185
7976,13536,0.1862298
7977,27335,3.861062e-12
7978,61061,0.0043132193
7979,101069,0.057741154
7980,86387,0.00074824225
7981,14416,3.3251305e-05
7982,6166,1.0370048e-08
7983,48554,1.9636123e-11
7984,17234,1.0109984e-08
7985,99054,0.057741154
7986,61160,0.019700931
7987,34994,0.011792748
7988,102960,0.010307644
7989,72168,2.645218e-06
7990,57764,0.007811113
7991,38787,6.182199e-08
7992,103350,0.010312991
7993,65587,8.0945755e-15
7994,18818,6.45186e-15
7995,45011,0.0038181362
7996,32208,4.6563622e-07
7997,45101,0.00072054064
7998,56215,0.012705015
7999,21717,0.00010053648
8000,113415,0.008113807
8001,7773,4.1755328e-07
8002,33252,0.019840907
8003,37744,0.032769844
8004,39267,0.003312056
8005,98210,6.048166e-15
8006,11417,0.033712484
8007,51525,0.00012645154
8008,77195,2.5598252e-05
8009,36077,1.7473121e-05
8010,38932,2.282747e-09
8011,23579,0.06382485
8012,74310,8.241391e-06
8013,35228,0.0043132193
8014,87428,0.010765045
8015,20660,0.008768024
8016,13280,0.00010206902
8017,50248,0.00011293772
8018,79306,4.1309534e-08
8019,74959,0.071296066
8020,19858,6.82285e-05
8021,588,8.221442e-17
8022,2936,1.3123473e-07
8023,10521,0.008419771
8024,79504,2.3617148e-12
8025,58678,7.00788e-14
8026,13971,0.020443067
8027,41373,3.906941e-15
8028,31160,0.006589307
8029,115286,1.1583754e-07
8030,22928,0.06113867
8031,47551,7.97761e-12
8032,88028,0.0055668545
8033,43124,2.1438618e-09
8034,91668,0.045318313
8035,26200,1.41678085e-14
8036,102223,0.0060619568
8037,79044,0.045318313
8038,78207,3.7455473e-12
8039,27629,4.6180474e-05
8040,65970,2.0422173e-09
8041,108540,1.6480595e-06
8042,53701,4.7747603e-06
8043,111295,2.1168396e-06
8044,105323,0.011792748
8045,10234,3.054259e-07
8046,21131,0.00018183581
8047,27909,0.004342316
8048,114867,2.1739359e-06
8049,61743,0.00041208786
8050,78840,1.4968338e-06
8051,46672,0.010283782
8052,41793,0.06113867
8053,38980,0.00016960665
8054,39647,0.010283782
8055,108039,0.058114987
8056,27198,0.00025221918
8057,54877,0.011792748
8058,88998,0.05755738
8059,66621,0.9677921
8060,71128,0.018483168
8061,104888,0.0001388286
8062,69348,0.004348352
8063,47496,0.011792748
8064,8130,1.8722834e-05
8065,98257,0.013347561
8066,111023,1.126962e-12
8067,3230,0.022495551
8068,111657,1.0366567e-12
8069,6819,1.2575382e-06
8070,15311,5.800891e-07
8071,81445,0.007811113
8072,27311,1.3171696e-09
8073,103387,4.5402063e-10
8074,38914,0.00024316771
8075,104478,0.026325935
8076,61646,3.2561884e-11
8077,21552,0.009566048
8078,37643,0.006730945
8079,99773,0.010312991
8080,77735,2.3617148e-12
8081,109103,1.900284e-09
8082,55558,0.00020055065
8083,94352,0.010153873
8084,76630,4.8955732e-11
8085,68590,0.019700931
8086,69494,0.024115043
8087,96530,0.0018833948
8088,91371,0.00022012331
8089,20810,6.153071e-12
8090,9443,0.008851299
8091,58047,1.3937222e-11
8092,6092,0.06392796
8093,19579,1.911834e-09
8094,23099,6.6168633e-12
8095,20474,6.237779e-10
8096,103863,0.019840907
8097,24702,0.0014630348
8098,111180,1.9800162e-05
8099,66324,4.0665206e-12
8100,109143,2.5524322e-10
8101,24744,0.010283782
8102,111677,0.010312991
8103,87120,0.043965206
8104,18717,0.0007087049
8105,7916,9.816277e-08
8106,51064,0.0026959148
8107,33955,0.0002678651
8108,50824,0.010153873
8109,19705,1.4528706e-18
8110,75960,2.645218e-06
8111,30177,6.2272704e-10
8112,14491,0.008113807
8113,36153,0.026527464
8114,36008,6.709677e-08
8115,2576,0.0021651727
8116,1515,6.773083e-11
8117,91225,0.00040211226
8118,33973,3.86161e-14
8119,30015,1.9727192e-15
8120,115560,0.0017241349
8121,62150,0.00041208786
8122,111308,3.6503766e-15
8123,30339,0.019840907
8124,86688,0.001622638
8125,107773,0.03338991
8126,30749,1.41678085e-14
8127,39474,0.05157962
8128,39748,5.2920295e-09
8129,6173,0.009782569
8130,9220,2.6680607e-07
8131,13247,0.0035598187
8132,6237,1.2714862e-08
8133,23188,1.3995482e-18
8134,63490,0.0017212755
8135,105887,0.0055802907
8136,63009,0.009622694
8137,40399,0.00016517832
8138,714,1.7167618e-05
8139,85255,2.0570878e-05
8140,63591,1.5633163e-12
8141,40220,3.165848e-13
8142,21858,1.7219504e-10
8143,86825,1.016767e-05
8144,78586,0.0037036426
8145,62020,0.033328146
8146,83125,1.357186e-07
8147,12281,0.0891212
8148,38805,0.010283782
8149,36117,1.1129119e-10
8150,26144,0.008113807
8151,78300,0.071296066
8152,56085,0.05917771
8153,67495,4.9182296e-07
8154,30284,0.007582568
8155,108095,6.7728825e-13
8156,24149,0.012125932
8157,30588,0.014665011
8158,11206,4.062103e-08
8159,26859,1.04547204e-10
8160,105363,0.00012833794
8161,4312,2.6667071e-06
8162,2091,0.0032373385
8163,40687,1.1157675e-06
8164,19747,2.216497e-13
8165,30024,0.010153873
8166,48585,4.7747603e-06
8167,89991,2.3213024e-12
8168,98444,1.508003e-10
8169,24310,0.011792748
8170,63631,3.2234948e-10
8171,94173,0.005008784
8172,111063,2.6532099e-09
8173,94679,0.019803535
8174,102841,1.7281733e-05
8175,105051,0.010312991
8176,63997,0.026373321
8177,4927,0.008324848
8178,35407,0.00011293772
8179,44188,4.4947483e-06
8180,21799,9.344435e-08
8181,65923,4.8117e-06
8182,25316,2.8720485e-14
8183,58284,1.52989e-11
8184,92766,0.03703929
8185,4416,0.032398634
8186,91536,2.6004868e-10
8187,72056,0.0043132193
8188,110629,0.069460474
8189,41468,0.019970024
8190,64291,4.7458276e-08
8191,61851,8.014445e-11
8192,79882,0.00019686003
8193,23917,0.018483168
8194,50569,4.7747603e-06
8195,24053,0.042404953
8196,57292,4.5031223e-10
8197,64346,3.7076276e-07
8198,58900,9.434705e-10
8199,55565,0.1389562
8200,109632,0.10866423
8201,113792,0.059613198
8202,111351,0.01474979
8203,59856,0.0082014
8204,26009,0.0012029163
8205,54123,0.00011577474
8206,84866,2.3884876e-12
8207,63854,3.9768272e-10
8208,108052,8.9900126e-10
8209,40134,2.4353037e-12
8210,56437,0.0023332017
8211,43861,0.04496502
8212,48215,1.2274813e-10
8213,12477,3.2761574e-05
8214,103205,0.00032922396
8215,19394,0.00026360096
8216,29049,0.032769844
8217,3659,1.4207828e-06
8218,15463,1.7653172e-12
8219,64710,1.3751747e-11
8220,63334,0.00026510464
8221,43964,0.010283782
8222,84681,0.06113867
8223,17670,8.5713545e-08
8224,112439,3.1683126e-07
8225,34235,3.0602566e-17
8226,66789,0.019700931
8227,98502,0.0010016299
8228,45697,5.778611e-07
8229,64385,1.0176099e-14
8230,95776,2.0090464e-08
8231,27609,2.8123476e-11
8232,60728,0.019700931
8233,28605,0.017219376
8234,103301,0.033240877
8235,75495,3.8121044e-07
8236,114795,8.544939e-09
8237,10940,3.9430928e-05
8238,70198,9.4309416e-07
8239,102005,0.0076118424
8240,89069,2.645218e-06
8241,45637,0.00031117484
8242,3727,0.06981935
8243,39678,3.8788295e-07
8244,28593,1.6610511e-14
8245,113194,0.000327728
8246,61421,0.0025516099
8247,87985,4.898873e-10
8248,113776,3.168116e-07
8249,53030,3.435847e-13
8250,34510,5.933147e-17
8251,43311,0.0007087049
8252,100032,0.043769367
8253,115353,1.0604649e-09
8254,49554,0.019700931
8255,101578,1.0745509e-12
8256,115673,3.0168046e-08
8257,19420,0.012822264
8258,91208,0.026332634
8259,11274,1.6856024e-05
8260,19931,0.00011293772
8261,44819,5.5585394e-16
8262,108099,0.002331586
8263,52587,1.10801665e-07
8264,32253,0.010153873
8265,88856,0.0032948707
8266,69292,0.019700931
8267,70594,0.00083792664
8268,30121,0.008419062
8269,2024,0.038167357
8270,81849,0.011792748
8271,31616,1.3609706e-07
8272,65942,2.428983e-10
8273,98376,0.057741154
8274,49774,0.00014028802
8275,113364,0.058268446
8276,71637,0.0059027667
8277,35152,1.7972632e-16
8278,780,3.7719198e-07
8279,82285,2.6563132e-06
8280,64009,4.809181e-06
8281,13234,2.705939e-15
8282,103375,0.006169445
8283,105570,5.0948374e-14
8284,1374,3.229288e-05
8285,113645,0.008113807
8286,82717,0.0022232037
8287,87656,0.00021551707
8288,68432,0.00013743206
8289,66373,0.00088056264
8290,16116,0.01020377
8291,99688,9.601439e-12
8292,3289,0.0091612
8293,82000,9.292655e-13
8294,57971,3.7715985e-08
8295,97734,7.7600096e-05
8296,40962,0.04496502
8297,54827,0.0059027667
8298,22352,0.00011293772
8299,48541,3.7086234e-16
8300,6425,5.6206023e-05
8301,97576,5.630045e-14
8302,49093,0.026527464
8303,96309,1.9772085e-12
8304,106535,0.03338991
8305,33369,0.00063276436
8306,53163,0.0007119468
8307,65238,2.1064647e-10
8308,32035,6.2272704e-10
8309,112175,0.013347561
8310,104544,0.057398185
8311,72876,6.095612e-12
8312,9763,3.3080723e-06
8313,633,0.009551308
8314,11557,0.0029488576
8315,93376,5.2009073e-05
8316,29174,0.010153873
8317,59972,0.057031114
8318,86484,0.0018833948
8319,4589,0.010534443
8320,13590,2.7387525e-06
8321,81371,0.008419062
8322,487,5.363916e-05
8323,346,6.4448734e-15
8324,18973,2.5100942e-08
8325,58953,2.7474111e-06
8326,44985,0.025521828
8327,74021,5.8276146e-05
8328,73292,0.0025599306
8329,13584,1.4896571e-08
8330,95524,4.035723e-05
8331,41635,0.0059027667
8332,10710,1.9570147e-07
8333,32019,0.0007336302
8334,29526,1.2142658e-07
8335,86765,2.645218e-06
8336,83403,0.00075137656
8337,73148,0.00041166658
8338,62341,0.008768024
8339,49615,3.379268e-11
8340,78490,4.0577888e-08
8341,34332,0.0043132193
8342,19790,0.00018183581
8343,105853,0.008246851
8344,83006,4.973186e-12
8345,77159,4.7747603e-06
8346,21441,0.012822264
8347,23977,6.1087346e-10
8348,83733,3.5383736e-09
8349,3694,0.008314315
8350,23173,6.2283694e-12
8351,24879,2.1480876e-11
8352,93452,0.0008847968
8353,31208,6.959224e-10
8354,35302,2.4510077e-12
8355,76014,0.019700931
8356,65386,0.00074824225
8357,40794,0.065111734
8358,103700,1.0347011e-12
8359,8854,6.633346e-07
8360,111025,9.869389e-08
8361,60140,0.010153873
8362,34761,2.903772e-13
8363,113405,7.934255e-12
8364,66290,1.7648804e-11
8365,94827,0.06063979
8366,70854,0.004348352
8367,35280,0.010153873
8368,65267,8.478569e-06
8369,32485,5.406296e-09
8370,45451,0.0060545485
8371,46836,0.00072054064
8372,83997,1.8967192e-05
8373,108092,0.0073724524
8374,36603,0.009529468
8375,74991,0.0001561288
8376,58745,1.3937222e-11
8377,93681,0.00083792664
8378,21058,7.6339525e-12
8379,20759,0.02646379
8380,94422,7.648866e-11
8381,17915,3.980302e-05
8382,114784,2.7869603e-12
8383,9582,2.0698343e-07
8384,80846,0.0018843048
8385,62450,0.0005693696
8386,107768,0.011911542
8387,47533,3.789381e-08
8388,67838,0.011792748
8389,59649,7.832535e-07
8390,29573,1.9449815e-06
8391,79260,0.001729906
8392,14844,2.0596678e-13
8393,74445,3.9107145e-11
8394,2839,0.026049197
8395,92259,0.010307644
8396,92781,1.5555337e-14
8397,1095,0.008324848
8398,26947,0.004342316
8399,93415,0.033939894
8400,92479,0.0073724524
8401,38520,3.271414e-12
8402,68130,0.0010046341
8403,9416,7.320471e-08
8404,49188,1.6397256e-05
8405,36519,0.0007336302
8406,71533,0.00041208786
8407,86040,0.008768024
8408,99744,2.2995585e-09
8409,64482,2.1615783e-17
8410,21325,4.2720196e-09
8411,47827,0.00012833794
8412,3780,1.207809e-06
8413,87802,0.05755738
8414,22202,4.22415e-09
8415,2074,0.0016852433
8416,71951,5.612377e-10
8417,80629,0.056830663
8418,41081,2.2516563e-12
8419,38361,5.935765e-08
8420,99633,0.0017212755
8421,63954,7.55113e-09
8422,113551,8.869672e-08
8423,73941,7.8045436e-05
8424,17642,0.097857654
8425,54213,3.5511338e-08
8426,18768,1.7848837e-15
8427,15437,1.1077463e-11
8428,43537,1.1023728e-16
8429,78964,4.6371754e-11
8430,115455,1.0173615e-05
8431,42366,3.347547e-10
8432,76443,2.5742836e-05
8433,98452,0.057398185
8434,34328,0.006589307
8435,83183,9.265011e-13
8436,84072,0.008768024
8437,104443,0.0001825176
8438,93351,0.010312991
8439,81868,3.2236694e-06
8440,44126,1.0597204e-06
8441,15836,3.4015184e-08
8442,76497,3.2972885e-14
8443,8231,2.7119307e-09
8444,44166,0.004342316
8445,85105,4.957009e-09
8446,44532,0.019770224
8447,73221,0.00041208786
8448,64534,3.1295852e-07
8449,54266,0.009529468
8450,8862,0.00011591071
8451,66833,0.05755738
8452,113511,1.5300284e-13
8453,35770,0.019700931
8454,38897,0.012125932
8455,109974,0.057398185
8456,85086,0.032351613
8457,41125,4.433702e-15
8458,27233,2.4353037e-12
8459,17415,0.007811113
8460,29978,0.010153873
8461,86398,0.019700931
8462,9935,5.939876e-08
8463,43342,0.010003531
8464,112397,0.014845646
8465,99244,2.2078031e-07
8466,61486,0.0059027667
8467,51598,0.019700931
8468,60907,0.00041208786
8469,5194,6.028401e-08
8470,79267,3.4256964e-10
8471,76052,0.0017212755
8472,14501,1.0129607e-17
8473,100838,2.2989333e-07
8474,92993,0.05755738
8475,7007,9.310419e-08
8476,26536,6.0502244e-21
8477,94131,2.3617148e-12
8478,84753,2.6091018e-10
8479,87965,0.0018843443
8480,58818,3.9374963e-06
8481,42161,5.5585394e-16
8482,34875,7.4395207e-06
8483,34216,0.008419062
8484,29551,0.0022285264
8485,114954,5.7544525e-10
8486,35473,1.6397256e-05
8487,5824,0.017253544
8488,62521,0.056830663
8489,34102,0.002244625
8490,7400,0.0010624663
8491,3700,0.0032373385
8492,58337,0.06895566
8493,111624,5.1079155e-07
8494,109488,2.3875806e-09
8495,83301,3.372079e-13
8496,42652,0.00011293772
8497,80397,0.0005704299
8498,37772,0.0014774455
8499,83157,4.5984066e-07
8500,20798,3.1676637e-11
8501,12276,0.117621906
8502,38719,7.575007e-08
8503,108320,0.058114987
8504,114431,0.025739817
8505,36586,0.06113867
8506,46490,1.41678085e-14
8507,37358,0.012125932
8508,47627,4.1024788e-07
8509,36246,0.019700931
8510,57194,0.026050666
8511,65508,2.9704792e-09
8512,93424,2.0428338e-12
8513,87671,3.0889787e-14
8514,48347,3.1111437e-12
8515,63908,1.7560978e-13
8516,65917,1.3758148e-11
8517,109653,0.0001825176
8518,82616,0.0023039358
8519,39035,2.9313392e-07
8520,111957,0.008419062
8521,83010,5.274669e-08
8522,82401,3.6608912e-15
8523,84145,0.002427138
8524,61369,1.6247898e-06
8525,33028,2.7301644e-08
8526,5115,2.7467951e-08
8527,77675,3.6320692e-15
8528,41747,0.00071242865
8529,33002,0.010825283
8530,102095,1.8270422e-13
8531,56225,0.06113867
8532,32577,0.010825283
8533,79319,3.3375787e-12
8534,85799,0.02560859
8535,25539,0.0053516733
8536,79682,0.05755738
8537,76546,3.2181347e-08
8538,23324,1.2983225e-17
8539,44717,0.0008247567
8540,15749,0.009566048
8541,44366,1.503466e-06
8542,40177,3.6063565e-18
8543,99775,2.3906993e-11
8544,41258,2.2022694e-14
8545,71286,0.011792748
8546,52385,5.89538e-13
8547,5208,2.0567602e-05
8548,86503,2.085245e-11
8549,9461,0.008324848
8550,45584,7.26415e-05
8551,8900,0.015420634
8552,72911,0.02375226
8553,28472,3.0985322e-14
8554,78022,1.3751747e-11
8555,67643,1.9636123e-11
8556,74615,9.292655e-13
8557,107000,0.0029602337
8558,14292,0.0003264837
8559,9750,4.7239823e-06
8560,94183,0.023700545
8561,15883,2.6523765e-08
8562,53319,0.0023332017
8563,86089,1.4732457e-12
8564,8245,4.062103e-08
8565,41502,0.0023332017
8566,45940,0.00015337377
8567,59890,2.9407074e-10
8568,10109,1.0109984e-08
8569,65770,4.8117e-06
8570,8571,4.76893e-08
8571,12402,6.577431e-11
8572,15405,0.011356809
8573,19951,1.855145e-13
8574,81273,1.3751747e-11
8575,57827,0.043363515
8576,24152,4.4048814e-12
8577,77165,0.0043132193
8578,84915,7.26415e-05
8579,80109,0.00013489074
8580,55218,8.854273e-08
8581,97616,0.00088056264
8582,87327,0.0014557184
8583,93996,0.0002257196
8584,15673,6.5370327e-06
8585,47508,2.1811037e-11
8586,105934,6.5492826e-13
8587,19743,5.509035e-13
8588,11044,2.9169382e-06
8589,24775,0.009634294
8590,72091,0.0029972827
8591,44792,0.0084224185
8592,2515,0.036255285
8593,16861,2.8615041e-08
8594,30259,0.6222205
8595,8749,3.6466463e-06
8596,73778,0.010307644
8597,59191,0.010153873
8598,64803,5.434825e-06
8599,52454,9.8306386e-14
8600,61912,0.0001815806
8601,97605,0.043769367
8602,43399,0.0048581962
8603,72639,4.7747603e-06
8604,105209,2.645218e-06
8605,5224,0.003530192
8606,49598,3.9409218e-14
8607,49695,0.0022265424
8608,103370,0.0018066044
8609,74075,0.05755738
8610,25229,3.3818502e-13
8611,18016,0.0014630348
8612,56684,0.0037549767
8613,21193,6.303001e-12
8614,27528,0.0007336302
8615,33081,1.146396e-08
8616,84520,0.008768024
8617,24185,1.2331341e-06
8618,22844,3.747489e-13
8619,90887,0.003826997
8620,115129,0.009442112
8621,80847,7.720755e-09
8622,46859,1.7661056e-05
8623,80104,0.0010014289
8624,112395,1.0720458e-05
8625,10808,0.00024076244
8626,26078,3.1335244e-07
8627,55583,2.2999452e-12
8628,58130,0.0055668545
8629,75567,2.0825333e-08
8630,100505,0.013347561
8631,33500,0.0068936716
8632,17348,6.1307376e-10
8633,26836,0.00086133176
8634,101336,0.030740164
8635,62962,7.889955e-05
8636,3398,0.036255285
8637,55232,7.5773045e-08
8638,29825,2.4192386e-12
8639,113697,1.0328578e-15
8640,52173,3.057572e-10
8641,57116,3.5511338e-08
8642,20668,0.032769844
8643,7887,0.0014971244
8644,14184,0.02355987
8645,74852,3.614237e-13
8646,44805,4.6950136e-06
8647,103810,0.0065734815
8648,50466,0.032351613
8649,110885,0.018778447
8650,35973,0.00088267185
8651,38528,0.00011293772
8652,55967,0.045318313
8653,36841,0.15957011
8654,109398,2.645218e-06
8655,41384,2.4192386e-12
8656,86594,0.0002316937
8657,15585,0.009566048
8658,67504,0.0037036426
8659,36844,1.3724615e-06
8660,47809,6.74585e-07
8661,99328,0.0579823
8662,8033,1.9570147e-07
8663,92421,0.025739817
8664,44873,0.0002811516
8665,113152,0.058114987
8666,46642,0.06113867
8667,39554,1.41678085e-14
8668,4504,0.008324848
8669,25413,0.010283782
8670,45786,3.6793336e-13
8671,55342,0.006589307
8672,1659,0.004296576
8673,2005,1.0282215e-05
8674,64258,2.306636e-12
8675,42748,0.012125932
8676,50124,0.010153873
8677,54039,0.020443067
8678,15292,1.2900813e-08
8679,25473,3.906941e-15
8680,65829,0.006226616
8681,114743,2.4496105e-08
8682,66308,4.8176274e-10
8683,100438,0.010312991
8684,102483,0.057741154
8685,78158,1.3635468e-11
8686,98338,2.428983e-10
8687,3763,2.4647377e-07
8688,31056,0.10671782
8689,9296,2.5488578e-09
8690,111678,0.012185303
8691,79078,1.5388116e-09
8692,114273,0.00011478496
8693,3034,3.5511338e-08
8694,88584,0.0011005119
8695,111699,0.0016177086
8696,81543,1.0306652e-06
8697,111328,5.2497496e-11
8698,69916,0.002823402
8699,104401,0.026325935
8700,28500,6.009058e-08
8701,114566,0.010153873
8702,108767,0.00040628854
8703,25360,1.4125092e-06
8704,27634,0.10986406
8705,110343,0.0005810438
8706,54682,3.62941e-15
8707,44450,5.597054e-06
8708,62529,0.009622694
8709,42254,2.13079e-11
8710,77533,0.00019628987
8711,47625,4.045711e-07
8712,79920,0.035293967
8713,36328,5.304887e-08
8714,87964,0.011792748
8715,87735,0.025739817
8716,17875,2.1004513e-07
8717,56637,4.7747603e-06
8718,64513,0.0018833948
8719,8005,1.7670123e-07
8720,13860,0.10586758
8721,63652,2.176568e-09
8722,27176,0.004342316
8723,38677,0.009634294
8724,34048,0.0017933915
8725,15847,2.7806905e-07
8726,18048,0.0002817223
8727,17939,6.093264e-08
8728,98496,6.816282e-05
8729,111102,0.013881895
8730,5876,0.008829418
8731,2324,0.008314315
8732,53837,2.391729e-12
8733,106006,5.9560085e-07
8734,114992,1.252124e-09
8735,66550,6.2066e-05
8736,51975,0.00018680909
8737,79985,0.022350626
8738,4112,4.7762012e-05
8739,9157,0.06657575
8740,71301,0.00083792664
8741,32872,0.004342316
8742,47918,0.001622638
8743,69884,0.004348352
8744,89984,0.009642077
8745,69886,0.034499
8746,57668,0.010153873
8747,84831,0.02146122
8748,95485,0.046001643
8749,97596,1.0172024e-05
8750,11932,1.5605384e-21
8751,28514,1.7676124e-15
8752,102975,2.2762794e-07
8753,43089,0.00021345768
8754,3947,1.8083791e-06
8755,22157,1.5580478e-19
8756,85321,0.00024779356
8757,13696,0.034086544
8758,41731,0.057031114
8759,88676,0.00042462058
8760,49155,6.2539876e-08
8761,46846,0.00011293772
8762,96398,9.6218976e-08
8763,39472,0.00016960665
8764,89163,0.0073724524
8765,14133,2.9013272e-05
8766,19236,4.836534e-05
8767,91330,0.008422665
8768,83656,1.160037e-13
8769,4606,9.782718e-06
8770,114535,4.943792e-06
8771,74317,1.1235861e-08
8772,16239,2.3080535e-08
8773,79743,0.015677057
8774,75194,9.292655e-13
8775,18122,4.8507276e-14
8776,63766,4.3796564e-12
8777,49760,0.0059027667
8778,104039,0.058268446
8779,31057,0.06113867
8780,60264,3.705407e-12
8781,72836,0.0068936716
8782,108717,7.137854e-11
8783,37225,3.70728e-05
8784,54262,0.010153873
8785,66041,0.00088056264
8786,33195,4.7335925e-06
8787,24417,0.012125932
8788,12549,9.308039e-08
8789,79742,0.001622638
8790,20397,0.0049731275
8791,95433,0.030740164
8792,99237,9.972409e-06
8793,35478,2.6924397e-08
8794,28524,0.019770224
8795,52035,0.010153873
8796,1207,7.320471e-08
8797,57032,5.8937914e-14
8798,87747,0.06163517
8799,42747,1.5377921e-06
8800,56959,0.0021787654
8801,90754,3.87126e-12
8802,22580,0.06722756
8803,76124,1.4966403e-08
8804,26864,1.7456154e-09
8805,2256,0.0027028467
8806,48902,0.00060359313
8807,53790,0.00026209635
8808,100335,2.3906993e-11
8809,84158,0.0062438007
8810,47821,4.7159784e-08
8811,40255,4.2640734e-13
8812,79896,5.29432e-13
8813,77443,0.00031621553
8814,76792,9.342951e-13
8815,13602,7.99316e-05
8816,89108,0.019803535
8817,112410,0.0715194
8818,8301,4.1755328e-07
8819,99816,1.376475e-09
8820,59161,0.05755738
8821,113082,2.6110545e-09
8822,33512,2.391729e-12
8823,43517,1.41678085e-14
8824,32739,0.008419062
8825,5970,0.07150146
8826,53925,0.010153873
8827,23479,1.4055651e-10
8828,2361,0.073304564
8829,21140,1.6679826e-13
8830,45593,0.002673727
8831,106542,0.03338991
8832,49244,4.8298366e-06
8833,101306,0.0007507431
8834,75717,0.001622638
8835,12967,9.200952e-15
8836,35671,0.010153873
8837,95487,2.645218e-06
8838,103023,5.625446e-08
8839,76594,0.0073724524
8840,27874,2.4755649e-09
8841,67049,0.033887222
8842,34976,5.933147e-17
8843,29712,0.0018916953
8844,50480,0.009529468
8845,104140,3.6117349e-06
8846,108505,4.0462025e-09
8847,27313,0.026527464
8848,48980,3.4081633e-11
8849,26774,0.07140674
8850,86882,1.8818372e-10
8851,74960,0.001025634
8852,28871,2.391729e-12
8853,22158,1.0892812e-07
8854,10925,0.026492594
8855,45367,2.380995e-13
8856,87882,0.06163517
8857,38016,0.026362604
8858,38817,1.7913496e-12
8859,92531,7.852351e-05
8860,62269,0.0049633216
8861,11160,0.00013230828
8862,49732,0.0037254924
8863,5530,1.0120017e-06
8864,83146,0.0017212755
8865,42119,0.0007087049
8866,25588,0.026373321
8867,26048,0.010283782
8868,14644,0.034086544
8869,36013,0.026343076
8870,77496,0.071296066
8871,66642,1.3714184e-11
8872,34520,7.1179525e-06
8873,93425,0.05755738
8874,56601,0.006300868
8875,57492,0.00083792664
8876,15004,0.012165023
8877,81083,0.011792748
8878,106118,1.6316467e-07
8879,98771,2.9103619e-11
8880,113074,0.00040628854
8881,37739,2.2218645e-09
8882,70712,2.645218e-06
8883,92571,2.8284675e-09
8884,20451,0.06113867
8885,39782,0.0028159623
8886,1725,1.3769706e-10
8887,27495,0.10586758
8888,75115,0.045318313
8889,37264,3.353287e-05
8890,24098,0.018483168
8891,13743,3.8639274e-12
8892,51459,1.0368718e-09
8893,60099,0.040096637
8894,110077,0.00012900085
8895,23883,0.11714056
8896,103557,0.010312991
8897,18970,3.2348614e-12
8898,63308,2.6637947e-11
8899,8400,0.033712484
8900,52089,0.0017638215
8901,87393,3.1095417e-12
8902,36636,3.1214917e-08
8903,7191,1.6956536e-08
8904,85793,0.00083792664
8905,50070,0.010153873
8906,92437,0.043769367
8907,66837,0.0011099365
8908,71179,0.006300868
8909,52179,0.006589307
8910,89826,0.05755738
8911,47349,0.016493056
8912,88250,0.00082929124
8913,88254,2.085245e-11
8914,33261,0.026527464
8915,114209,0.0015103725
8916,87739,0.071296066
8917,61467,1.2441459e-10
8918,4341,5.7126067e-07
8919,89011,0.07145986
8920,11539,2.6262508e-11
8921,89054,0.008768024
8922,20813,1.0270024e-05
8923,40540,0.036333922
8924,13450,0.13925254
8925,48537,0.0017212755
8926,20921,3.7103043e-10
8927,194,0.0017624897
8928,30294,0.00060344645
8929,102086,0.0014630348
8930,85383,0.00024001939
8931,2093,8.697445e-06
8932,67918,0.0022265424
8933,92883,0.008998673
8934,87579,0.05755738
8935,101038,7.0984844e-14
8936,54671,2.4364653e-12
8937,111321,0.00089863216
8938,76542,0.0029824998
8939,55628,3.5750302e-11
8940,74210,4.89503e-08
8941,77798,0.08730035
8942,56399,0.004193043
8943,33200,4.3609933e-08
8944,45820,6.5654797e-09
8945,90358,0.024876568
8946,3449,0.026527464
8947,39849,0.11714056
8948,85803,0.010307644
8949,22268,8.502232e-07
8950,101115,2.2141332e-11
8951,79054,0.004193043
8952,45847,0.008229265
8953,4259,1.9570147e-07
8954,75867,7.796206e-10
8955,54680,0.00083792664
8956,18077,1.7958321e-07
8957,25623,5.621182e-05
8958,105244,9.737486e-09
8959,83234,0.0026777303
8960,107141,4.831357e-06
8961,99010,0.0004101637
8962,39025,0.010283782
8963,106629,0.01083776
8964,68945,0.018483168
8965,104238,3.4671654e-08
8966,65596,4.8117e-06
8967,43077,0.0006951314
8968,12282,2.0462188e-08
8969,104410,0.058114987
8970,57229,0.0010046116
8971,28484,6.8888637e-09
8972,32124,0.032398634
8973,104016,0.026421541
8974,43866,8.9671864e-17
8975,33819,5.882312e-11
8976,64523,1.0165818e-05
8977,43929,0.00060836924
8978,51178,1.41678085e-14
8979,48787,5.7436926e-05
8980,37840,0.00025221918
8981,62553,0.00074824225
8982,27808,5.5585394e-16
8983,79499,0.045838933
8984,110463,4.0911992e-08
8985,57894,0.0022265424
8986,95748,1.6263842e-10
8987,4955,0.024114532
8988,28148,2.282569e-05
8989,32203,0.03701106
8990,10281,0.0060553057
8991,104995,3.7455473e-12
8992,111017,0.0016177086
8993,51157,0.032733623
8994,4448,1.11090316e-07
8995,53704,0.16553059
8996,29281,0.0059027667
8997,45555,0.026112074
8998,86317,0.010307644
8999,98341,3.8428653e-11
9000,42106,0.026112074
9001,64708,0.003599544
9002,63488,0.00014529373
9003,55728,0.026527464
9004,84587,0.04496502
9005,40544,0.011356809
9006,36206,0.010153873
9007,110300,2.645218e-06
9008,30816,2.848981e-14
9009,40841,1.0962657e-11
9010,108104,2.645218e-06
9011,40214,0.010283782
9012,7244,0.01143928
9013,52158,0.026527464
9014,109760,3.0237401e-12
9015,37115,4.226001e-10
9016,71785,0.05755738
9017,51034,3.7978044e-11
9018,54449,0.008419062
9019,72952,0.00036103927
9020,61312,0.019700931
9021,68343,3.372079e-13
9022,15006,0.012165023
9023,85151,7.96121e-05
9024,62052,2.645218e-06
9025,55588,0.0005693696
9026,22080,0.010283782
9027,34080,0.010153873
9028,14810,0.007811113
9029,18177,0.019700931
9030,102461,4.2192535e-13
9031,114300,0.00028705105
9032,17913,5.790599e-05
9033,84009,4.7559095e-07
9034,69,0.15957235
9035,32365,0.0014630348
9036,56429,0.05755738
9037,8882,5.002053e-06
9038,60469,0.00088267185
9039,45264,0.018483168
9040,48529,0.010307644
9041,107638,0.00012975436
9042,50474,0.010153873
9043,56528,0.010765045
9044,64498,8.1379985e-05
9045,77465,5.1265825e-08
9046,7068,6.633346e-07
9047,28264,2.3147553e-05
9048,67500,0.01083776
9049,83882,5.614145e-06
9050,74304,1.1985234e-13
9051,44028,5.472895e-12
9052,66748,0.0008847968
9053,99587,0.010312991
9054,106828,0.026325935
9055,106123,1.0169512e-05
9056,26207,0.0007336302
9057,16039,6.1036826e-13
9058,76916,0.0003207267
9059,74818,2.2458574e-12
9060,108820,0.015541511
9061,77277,0.0018833948
9062,107471,2.2396142e-10
9063,81290,2.3000341e-11
9064,52321,0.0009825915
9065,75505,0.00083792664
9066,28710,0.009529468
9067,103844,0.058114987
9068,71246,0.0017212755
9069,37497,0.1011775
9070,53893,6.577665e-07
9071,58664,0.010153873
9072,43066,0.009634294
9073,89691,0.033939894
9074,35743,1.6865662e-06
9075,62745,4.809181e-06
9076,16006,4.83765e-12
9077,5293,9.1078465e-07
9078,77882,2.7042988e-11
9079,13639,3.488261e-18
9080,63569,4.809181e-06
9081,95435,0.00074824225
9082,40919,0.000361441
9083,2513,1.17392055e-07
9084,113321,3.656655e-05
9085,47277,0.08153384
9086,49160,0.06113867
9087,27891,2.5973165e-12
9088,96303,4.0081785e-10
9089,107182,1.5008538e-05
9090,30519,0.008768024
9091,44743,2.666371e-08
9092,80640,0.0017212755
9093,107173,0.032351613
9094,17703,0.035042536
9095,20797,2.13079e-11
9096,44919,3.8152002e-11
9097,35921,0.0007336302
9098,61512,0.022046274
9099,66787,4.848363e-09
9100,68285,0.056830663
9101,9113,0.07150146
9102,111588,0.0047325357
9103,42561,0.056103524
9104,109435,5.3676006e-09
9105,42311,3.9176273e-11
9106,106960,0.069460474
9107,48886,0.019700931
9108,89656,0.0017212755
9109,63236,4.809181e-06
9110,51317,2.512162e-09
9111,9565,5.270083e-07
9112,61277,0.0017212755
9113,114648,8.3722986e-13
9114,86370,1.1016982e-12
9115,105542,0.008246851
9116,14107,0.035042536
9117,83319,3.8891514e-05
9118,87869,0.033939894
9119,82094,9.265011e-13
9120,34531,0.019700931
9121,68066,4.7747603e-06
9122,38352,0.0004534694
9123,10960,0.03433464
9124,56683,4.7324224e-12
9125,109267,1.15210334e-07
9126,33359,0.008419062
9127,16923,0.0023332017
9128,48460,0.019700931
9129,69237,0.018483168
9130,57873,0.008768024
9131,40956,0.008768024
9132,2544,0.008314315
9133,29428,1.05750235e-08
9134,66390,0.0055305418
9135,61858,2.645218e-06
9136,105346,0.013214655
9137,10509,1.0628995e-06
9138,111620,0.00012900085
9139,1433,1.7132656e-10
9140,37138,3.1637724e-09
9141,84052,1.5380603e-07
9142,27509,0.008768024
9143,93835,0.0013971751
9144,25161,0.0065565486
9145,18865,2.7498047e-06
9146,80780,0.06810957
9147,10278,0.023568474
9148,49924,0.008419062
9149,92980,0.02638637
9150,89313,0.0036833303
9151,98001,0.0018833948
9152,39355,0.00025221918
9153,15621,0.00010620461
9154,33837,4.8384113e-06
9155,11271,1.416337e-07
9156,31483,1.6930866e-07
9157,76098,0.071296066
9158,94883,0.010153873
9159,63589,0.00014129948
9160,40000,0.010283782
9161,102035,0.06393576
9162,92280,0.019469446
9163,70921,0.00088056264
9164,110840,0.00083792664
9165,92502,1.8696355e-12
9166,32393,0.017958555
9167,19978,6.237779e-10
9168,75428,1.0164954e-05
9169,48303,0.009354233
9170,42581,3.6315643e-05
9171,1419,1.517857e-06
9172,51660,0.10586758
9173,87401,0.019700931
9174,19735,3.4312104e-13
9175,77033,5.2258453e-10
9176,91221,0.006515298
9177,71705,2.7042988e-11
9178,53074,0.0072073513
9179,81491,1.2795849e-06
9180,100034,0.009642077
9181,32932,3.6959034e-07
9182,2464,6.028401e-08
9183,25453,6.275366e-11
9184,43012,6.548904e-14
9185,41570,3.747489e-13
9186,27819,0.00018183581
9187,79710,9.292655e-13
9188,16925,0.00091887714
9189,88854,0.011792748
9190,60486,0.018483168
9191,69022,6.215304e-12
9192,40690,1.4567292e-12
9193,98143,0.027013741
9194,109289,0.053630102
9195,69210,0.05755738
9196,68376,2.3312602e-11
9197,107665,3.1751555e-09
9198,539,2.0942754e-05
9199,82338,0.0003127908
9200,6258,0.008324848
9201,83205,1.0734494e-11
9202,70625,0.019700931
9203,74458,0.00060207344
9204,81756,0.02560859
9205,9207,1.2803605e-05
9206,285,2.3255827e-06
9207,48077,9.292655e-13
9208,74158,5.2226192e-09
9209,109383,0.0040915483
9210,43639,1.1793088e-07
9211,78942,2.1009233e-10
9212,99486,0.019803535
9213,93475,0.0017613388
9214,115400,0.00077011634
9215,85416,1.4205132e-06
9216,17226,1.4779538e-09
9217,8601,0.0034882359
9218,72024,1.7763976e-05
9219,24213,0.00060344645
9220,53063,0.0007336302
9221,34752,1.7963995e-16
9222,32789,0.00031117484
9223,43591,1.2581436e-11
9224,56532,0.15957235
9225,73553,0.045318313
9226,39134,5.646397e-16
9227,65893,9.275952e-10
9228,57187,0.00010253678
9229,101898,0.00017948911
9230,83851,0.00083792664
9231,32367,0.019840907
9232,74803,9.292655e-13
9233,93986,0.011792748
9234,109834,2.1722883e-06
9235,12401,1.4896571e-08
9236,103147,2.1756865e-05
9237,99669,0.0017212755
9238,54001,0.0048655975
9239,15839,0.06810957
9240,85258,0.026332634
9241,11516,0.018077958
9242,26134,0.010283782
9243,14098,0.1603686
9244,15651,7.994173e-05
9245,105963,3.369893e-13
9246,27395,0.05176888
9247,36632,5.933147e-17
9248,81285,5.9639e-15
9249,71591,0.010307644
9250,87918,0.00040211226
9251,70644,0.019700931
9252,115606,0.00014129948
9253,48785,0.011118982
9254,100227,0.0036969674
9255,78440,5.746697e-14
9256,34123,0.00026259135
9257,32211,5.2787497e-10
9258,24255,0.0041812095
9259,9860,0.08481861
9260,22930,1.41678085e-14
9261,67581,0.018483168
9262,109798,0.02321849
9263,113382,2.0210984e-09
9264,106453,6.302092e-05
9265,106820,3.951673e-09
9266,83369,0.04948091
9267,45912,0.05157962
9268,39309,0.011792748
9269,101271,3.011142e-08
9270,39363,0.00018183581
9271,73564,0.0025516099
9272,57670,0.0018784801
9273,9073,0.008768024
9274,60694,0.00083792664
9275,18431,1.9407512e-10
9276,18375,7.8499056e-07
9277,97634,0.0025516099
9278,70485,2.3617148e-12
9279,16065,4.9252272e-14
9280,73451,0.010307644
9281,61653,0.0006512152
9282,79256,6.024197e-05
9283,79346,2.2309193e-08
9284,41611,0.019770224
9285,59802,0.006589307
9286,27949,0.038671788
9287,23725,0.0059600095
9288,27104,0.010153873
9289,53101,4.7747603e-06
9290,95084,0.007811113
9291,99619,0.0026356908
9292,55132,4.884004e-09
9293,110326,0.0008289713
9294,41978,4.7827967e-11
9295,10215,0.008829418
9296,55514,0.09501559
9297,107441,0.00012975436
9298,4831,4.4772682e-06
9299,18677,0.021933774
9300,16136,1.4771436e-11
9301,10809,1.4496994e-09
9302,97790,0.00022272195
9303,73416,4.851127e-10
9304,99061,0.0040782443
9305,99764,0.010312991
9306,113416,1.9142577e-08
9307,71773,0.010307644
9308,31932,0.0002596202
9309,64686,0.2096978
9310,24518,0.06113867
9311,109713,4.9110395e-06
9312,8761,0.0017705677
9313,79480,3.496462e-10
9314,114363,2.645218e-06
9315,37774,3.705407e-12
9316,84428,4.966506e-11
9317,82923,0.056830663
9318,68122,0.0002829201
9319,89211,0.053201094
9320,85545,0.0038181362
9321,98673,0.00086640805
9322,80698,0.008768024
9323,14456,7.476267e-12
9324,95789,0.02063519
9325,32588,1.41678085e-14
9326,37705,0.0079165995
9327,57332,2.7875913e-06
9328,53590,1.7889774e-07
9329,24633,0.0027172612
9330,27029,1.0942169e-10
9331,79791,0.010153873
9332,7666,0.0059600095
9333,68958,0.00083792664
9334,100954,1.930185e-11
9335,111876,0.0698024
9336,31778,6.630095e-18
9337,30058,0.0007336302
9338,681,2.6891575e-10
9339,14051,0.00018183581
9340,99683,0.00083792664
9341,66901,9.150575e-13
9342,40552,1.267235e-07
9343,65750,1.0165818e-05
9344,80945,4.8164284e-06
9345,104504,0.10986406
9346,99079,2.3906993e-11
9347,53814,0.00083792664
9348,95607,0.033757117
9349,108175,6.667109e-11
9350,90661,4.445175e-07
9351,79563,0.0018843443
9352,91108,2.7179502e-07
9353,56262,0.056830663
9354,52759,0.010153873
9355,59969,0.056103524
9356,95754,0.005938862
9357,39599,2.2910484e-16
9358,39249,1.0102162e-11
9359,51820,0.012294085
9360,11145,0.29477298
9361,65157,0.00074824225
9362,40891,6.6282286e-09
9363,114719,1.1421869e-10
9364,3368,0.0021651727
9365,24663,0.026362604
9366,97461,0.009642077
9367,79667,0.057398185
9368,22192,1.6828735e-05
9369,33601,0.006417349
9370,13653,2.4005874e-11
9371,393,5.2447984e-07
9372,4094,0.026492594
9373,88420,0.05755738
9374,30400,0.010153873
9375,92380,0.06826554
9376,108966,0.029765498
9377,113371,0.033240877
9378,100721,0.01474979
9379,40037,0.0009825915
9380,16637,7.482215e-07
9381,115372,0.06163517
9382,113840,0.045318313
9383,51162,8.770828e-10
9384,25052,0.011792748
9385,99978,0.0067218016
9386,95136,2.6516531e-08
9387,92249,0.001025634
9388,5425,0.0010128228
9389,8482,1.4110689e-05
9390,112359,0.009529468
9391,47357,1.6056323e-09
9392,113786,1.7096112e-12
9393,26547,0.009529468
9394,95661,0.00041208786
9395,47431,0.032398634
9396,76649,0.010307644
9397,83739,0.004348352
9398,33475,0.003096055
9399,104595,0.058114987
9400,29431,0.003312056
9401,18413,1.3411773e-09
9402,104780,0.046001643
9403,28226,2.9623447e-08
9404,86007,0.00079390913
9405,5762,0.004237346
9406,74402,4.809181e-06
9407,96961,3.23992e-11
9408,64017,1.0165818e-05
9409,55902,0.05917771
9410,75136,2.645218e-06
9411,91773,0.026332634
9412,40483,5.5303644e-06
9413,82499,0.00014130998
9414,95598,0.010312991
9415,88235,0.010307644
9416,30106,0.010153873
9417,9092,1.8083791e-06
9418,33316,0.0028426421
9419,2002,2.9605359e-05
9420,18845,0.0041812095
9421,6649,1.3839224e-09
9422,18873,0.00026360096
9423,66609,0.0003295185
9424,6553,1.512111e-06
9425,11568,2.2408904e-05
9426,60058,0.056830663
9427,67856,1.0823145e-07
9428,58488,1.3937222e-11
9429,96441,3.6572442e-07
9430,68086,0.011057796
9431,17741,0.007811113
9432,68693,1.2866727e-12
9433,45817,0.0004534694
9434,70117,0.00083792664
9435,113887,4.943792e-06
9436,27081,1.1817922e-08
9437,38771,0.026362604
9438,10950,0.002130841
9439,2360,5.726565e-07
9440,15611,2.0165896e-09
9441,8851,0.034530524
9442,82488,1.2354273e-10
9443,87988,0.05755738
9444,114134,0.01195177
9445,15557,8.758165e-08
9446,9166,1.1109941e-07
9447,92293,2.4895747e-10
9448,67058,1.4400962e-07
9449,17701,6.6168633e-12
9450,70727,0.0017212755
9451,92701,0.030741232
9452,14518,3.6828496e-10
9453,100309,0.06163517
9454,100057,0.0014630348
9455,6079,4.4395225e-08
9456,23796,0.019770224
9457,115016,0.019840907
9458,101642,1.2535612e-11
9459,55502,1.5579728e-16
9460,31946,5.4892414e-05
9461,68176,4.5898325e-08
9462,32366,0.026527464
9463,110036,0.0012092481
9464,87599,2.645218e-06
9465,107456,0.010312991
9466,58833,0.0005693696
9467,112154,0.0073724524
9468,88266,0.0018843443
9469,1906,1.2097571e-06
9470,42229,0.0014787073
9471,45222,0.019770224
9472,88638,0.0002889817
9473,115051,1.3729903e-09
9474,74109,0.020638743
9475,15264,3.229288e-05
9476,4960,1.3369605e-09
9477,64358,7.480891e-05
9478,89319,0.0043132193
9479,114379,0.019840907
9480,52029,0.05755738
9481,111600,2.851728e-09
9482,52919,3.1385058e-05
9483,73472,0.032992557
9484,51285,0.045318313
9485,75667,0.00026360096
9486,18679,5.891331e-07
9487,68012,0.0005693696
9488,8350,4.2344636e-06
9489,82806,0.004348352
9490,81029,0.00083792664
9491,6516,0.0032995185
9492,72,3.88616e-12
9493,34597,0.003314459
9494,10711,4.8899732e-05
9495,85331,3.9503226e-07
9496,11252,4.1850035e-06
9497,78533,3.6522413e-12
9498,38502,0.06063979
9499,15987,4.595707e-13
9500,20751,7.97761e-12
9501,33707,0.006417349
9502,89420,1.2224999e-10
9503,7086,0.008419771
9504,48020,3.6522413e-12
9505,45050,0.010825283
9506,19998,1.0491792e-11
9507,69513,0.010307644
9508,11610,2.6680607e-07
9509,13311,9.1061984e-12
9510,95307,0.0001795266
9511,71431,0.05755738
9512,71904,0.06063979
9513,81816,0.0001825176
9514,41980,0.010283782
9515,10317,0.004037872
9516,19430,0.056103524
9517,77886,0.020443067
9518,64162,9.964658e-13
9519,5430,5.244316e-05
9520,32266,0.009529468
9521,3529,4.6131354e-06
9522,105709,0.058114987
9523,85005,0.025397489
9524,43001,0.004342316
9525,5808,1.0004062e-05
9526,17458,1.694917e-07
9527,101478,0.0007507431
9528,34771,0.018483168
9529,96721,0.00014021512
9530,60434,1.1324955e-12
9531,100631,0.007811113
9532,41560,0.010283782
9533,68394,0.05755738
9534,100318,7.0204575e-10
9535,42579,0.0006145481
9536,32569,1.5897362e-18
9537,4836,0.07150146
9538,107022,0.0010016299
9539,37603,0.00014028802
9540,100855,0.045114942
9541,56007,0.030313974
9542,31106,0.010153873
9543,7138,8.864666e-12
9544,12654,6.5370327e-06
9545,54969,0.008768024
9546,106681,0.058114987
9547,44430,0.03480265
9548,15111,8.221442e-17
9549,76921,0.0008815368
9550,47640,0.010283782
9551,57791,0.010153873
9552,21957,2.1657872e-05
9553,30169,0.0125819035
9554,3211,6.633346e-07
9555,33844,7.810603e-09
9556,1689,0.010143422
9557,38649,3.177283e-12
9558,81607,0.00013748383
9559,71412,0.033939894
9560,71235,0.0001825176
9561,91130,0.009642077
9562,87226,7.8364437e-10
9563,54933,0.009690431
9564,12174,0.017978799
9565,18146,5.1399893e-06
9566,88661,0.008422665
9567,86390,0.00010286467
9568,42196,4.9276506e-18
9569,76482,0.0018843048
9570,86749,0.00040211226
9571,50388,0.00010042821
9572,102583,0.06393576
9573,2502,0.022495551
9574,80885,1.4966403e-08
9575,68232,0.0055668545
9576,13784,0.0001204949
9577,50445,0.011792748
9578,7230,1.8953872e-06
9579,101517,0.0018870602
9580,115916,0.02427312
9581,69982,0.06113867
9582,13962,0.02003529
9583,75379,0.024115043
9584,40711,0.023808435
9585,92732,0.043769367
9586,83998,0.0017212755
9587,55963,0.00014859076
9588,84039,0.00032744443
9589,39251,0.00020055065
9590,95907,0.033939894
9591,8136,2.313699e-06
9592,64108,7.7534045e-05
9593,21045,0.002244625
9594,58622,9.150575e-13
9595,50278,1.0161408e-05
9596,94140,0.0014660647
9597,102404,0.010312991
9598,82849,1.3037343e-10
9599,95906,0.009642077
9600,66289,0.0018833948
9601,52688,0.001622638
9602,37576,2.6255822e-09
9603,13714,0.00091887714
9604,80706,0.026378538
9605,48170,9.342951e-13
9606,82768,0.004261896
9607,42871,0.010283782
9608,67706,0.0047123786
9609,85747,0.00083792664
9610,19828,0.015850792
9611,99446,0.010312991
9612,70589,0.033939894
9613,11192,0.008324848
9614,41627,3.49299e-07
9615,87878,0.00025682838
9616,1275,0.004528324
9617,55478,0.0079764025
9618,88686,6.720714e-13
9619,49923,0.00088267185
9620,5088,0.0021369674
9621,32640,0.0014630348
9622,69441,1.8197206e-10
9623,40447,1.1312834e-10
9624,5165,0.11864347
9625,15894,0.01020377
9626,74406,2.645218e-06
9627,74582,5.135289e-13
9628,31217,9.327531e-13
9629,68692,8.986403e-12
9630,72227,0.00083792664
9631,15038,0.009731586
9632,112362,0.014845646
9633,100217,0.025739817
9634,103950,8.826999e-10
9635,9745,0.052339572
9636,16845,5.4394487e-08
9637,70724,2.645218e-06
9638,75714,2.1966143e-14
9639,22173,5.3812496e-11
9640,99769,4.6413786e-11
9641,23467,4.67864e-10
9642,53209,0.16088913
9643,114765,0.01195177
9644,103206,3.916208e-11
9645,13523,8.221442e-17
9646,107902,0.011911542
9647,29633,0.010153873
9648,437,1.166909e-14
9649,32677,0.0065565486
9650,41701,3.705407e-12
9651,70421,0.044527564
9652,91039,0.0006918796
9653,47423,6.113252e-08
9654,62137,0.024507357
9655,54540,0.00083792664
9656,113641,0.00077011634
9657,99292,5.1033585e-05
9658,65285,0.0017280811
9659,57953,0.00025221918
9660,12388,3.069344e-11
9661,68062,0.010307644
9662,13181,0.0004379095
9663,956,2.046658e-06
9664,16469,1.2599087e-07
9665,25569,1.5580478e-19
9666,81779,0.0022232037
9667,11381,9.1078465e-07
9668,67870,1.9170135e-05
9669,29044,0.0059027667
9670,3133,0.08538117
9671,69231,0.00026209635
9672,53885,1.2242959e-11
9673,48041,0.00083792664
9674,66913,4.1470735e-06
9675,77870,0.0018784801
9676,114691,0.0008447293
9677,76480,0.0025516099
9678,96490,2.3240122e-05
9679,98205,0.010312991
9680,10647,4.972333e-07
9681,114760,0.0008650305
9682,26966,0.0001891692
9683,26906,0.00011293772
9684,11708,0.25567263
9685,55543,0.010153873
9686,53270,0.0017686201
9687,61224,0.001995212
9688,76577,4.1574138e-05
9689,21136,0.16553059
9690,101526,0.004348352
9691,110401,2.425865e-12
9692,38965,0.07439151
9693,39581,3.4282388e-14
9694,24164,0.006417349
9695,42519,5.265682e-12
9696,106357,0.045838933
9697,67331,3.372079e-13
9698,34430,2.0252049e-12
9699,72376,8.0216367e-10
9700,44006,0.006425198
9701,65951,1.9341834e-07
9702,4707,0.01143928
9703,93501,0.029379413
9704,34835,0.010765045
9705,43353,4.784337e-06
9706,24484,0.010283782
9707,30701,2.7413596e-10
9708,77000,4.2946237e-07
9709,77665,0.0003127908
9710,101684,7.376095e-06
9711,53693,0.019700931
9712,88539,0.045318313
9713,4083,2.114824e-06
9714,82638,1.2752543e-10
9715,107138,0.0002596202
9716,69281,0.026373321
9717,75435,2.645218e-06
9718,17183,0.0020439394
9719,97804,0.016539
9720,40467,0.003943056
9721,106980,0.0002676846
9722,101157,0.0001254705
9723,20272,3.4756863e-12
9724,25091,1.2561143e-06
9725,72231,0.0017463663
9726,35540,1.8241818e-07
9727,15623,4.2222183e-08
9728,11459,0.00028355065
9729,70010,0.056830663
9730,25561,0.010283782
9731,91024,6.7276505e-06
9732,91671,0.004641126
9733,98916,8.860507e-08
9734,165,1.5774245e-11
9735,89912,0.003826997
9736,114744,1.6541313e-06
9737,28562,0.002373353
9738,86981,2.1009233e-10
9739,54183,0.025802692
9740,81552,0.056830663
9741,105361,0.010312991
9742,18789,1.02988364e-11
9743,111799,1.46403005e-08
9744,52987,4.650725e-12
9745,83290,0.02560859
9746,5838,0.0045642722
9747,102908,9.553226e-13
9748,93269,1.0158878e-10
9749,5580,4.5677112e-07
9750,55097,0.00018183581
9751,56815,0.06895566
9752,13424,2.8232973e-05
9753,38572,0.056103524
9754,89341,2.481418e-12
9755,11804,0.019700931
9756,10258,3.1598003e-07
9757,10205,0.0059600095
9758,63510,1.8572961e-11
9759,34245,3.0858153e-11
9760,55551,0.02063519
9761,88298,0.07773138
9762,74117,0.026332634
9763,66203,5.0948374e-14
9764,1958,0.008314315
9765,41457,4.6258315e-06
9766,7390,0.004613565
9767,42786,1.5339662e-06
9768,52594,1.8696355e-12
9769,97023,0.007864903
9770,113484,4.934918e-06
9771,106579,0.015695803
9772,115355,0.03312897
9773,88413,1.5117598e-12
9774,98385,1.5019534e-05
9775,54424,4.884004e-09
9776,4137,0.00070049916
9777,33778,0.0028426421
9778,3946,8.9176075e-07
9779,74360,1.0164954e-05
9780,38491,0.0058992202
9781,65797,4.8117e-06
9782,22558,0.010825283
9783,77897,3.6608912e-15
9784,5820,0.008324848
9785,93759,0.1874622
9786,6133,0.0017624897
9787,57644,0.00040666165
9788,26866,5.607609e-05
9789,43955,0.15297742
9790,34427,0.032733623
9791,21361,2.848981e-14
9792,66060,4.8117e-06
9793,35593,1.2166565e-10
9794,110324,2.9044992e-08
9795,7647,0.026492594
9796,78397,0.01864118
9797,97661,0.02185471
9798,52882,2.645218e-06
9799,12687,0.097857654
9800,63981,0.0018833948
9801,79942,0.071296066
9802,29505,0.010153873
9803,25773,0.010283782
9804,82590,1.227116e-10
9805,42612,0.019770224
9806,53963,0.0039398097
9807,35323,1.938195e-10
9808,6903,1.6956536e-08
9809,104795,0.009642077
9810,100315,2.8562767e-05
9811,113379,0.0016177086
9812,58199,0.0017212755
9813,77438,0.004957762
9814,113995,0.058268446
9815,8649,0.0004554989
9816,83314,0.036510076
9817,8920,0.023568474
9818,20094,0.01020377
9819,18190,7.9918225e-11
9820,65694,5.0948374e-14
9821,49521,0.019700931
9822,63852,1.3553143e-11
9823,11341,1.1922372e-05
9824,16988,1.05825994e-10
9825,14320,4.4596717e-15
9826,44578,0.03480265
9827,57093,0.008229265
9828,367,7.0605045e-13
9829,47137,2.8971084e-11
9830,68614,1.9739838e-11
9831,56737,0.018483168
9832,1991,0.0029063534
9833,112207,3.0957767e-12
9834,36331,0.071296066
9835,62672,0.0010046116
9836,38302,3.7675584e-08
9837,109674,1.5224299e-14
9838,111662,0.0016177086
9839,89450,0.05755738
9840,35794,0.0014630348
9841,57514,0.026102437
9842,33615,0.010153873
9843,95715,0.0018263524
9844,55458,0.002244625
9845,73839,3.2140846e-09
9846,13067,0.00010206902
9847,40749,2.5321039e-11
9848,40241,0.019700931
9849,63170,0.00020028981
9850,11205,0.023471909
9851,49784,1.3013965e-10
9852,68726,3.8164483e-13
9853,25475,8.6133455e-11
9854,6484,4.1755328e-07
9855,61497,0.032398634
9856,22479,2.0044839e-08
9857,81924,0.0028235163
9858,70708,4.7747603e-06
9859,115178,0.0015864031
9860,17639,1.0563633e-06
9861,5062,0.14261459
9862,62660,1.6141745e-07
9863,3718,0.027690444
9864,13764,1.4835983e-06
9865,66348,4.8117e-06
9866,109176,0.01199421
9867,70545,5.4974733e-11
9868,92119,0.003826997
9869,101402,7.939848e-07
9870,102295,0.030741232
9871,11005,4.972333e-07
9872,109409,0.0016177086
9873,48876,0.006589307
9874,108869,0.045268476
9875,8994,0.06981935
9876,51072,6.044756e-10
9877,92850,5.439573e-08
9878,109540,0.058268446
9879,51327,0.008768024
9880,85004,2.736783e-05
9881,7341,1.7249308e-06
9882,52262,0.0014630348
9883,74025,0.026102437
9884,90259,4.2953358e-10
9885,21161,1.8985833e-05
9886,91718,0.08795444
9887,25193,4.8384113e-06
9888,74892,0.00074824225
9889,54615,0.0023409352
9890,26155,7.7170975e-05
9891,92981,0.018669777
9892,84505,0.0006144977
9893,102084,0.00087116146
9894,2008,8.618875e-09
9895,54922,0.10737113
9896,102989,8.887977e-16
9897,40643,4.6682897e-05
9898,6482,6.3488386e-07
9899,43039,8.056832e-09
9900,1927,3.6938528e-07
9901,20461,0.018483168
9902,61237,0.0022265424
9903,82494,4.816796e-06
9904,28860,0.008768024
9905,106171,5.3000135e-15
9906,83030,0.0006144977
9907,51476,0.011057796
9908,28550,2.985785e-11
9909,25049,0.0038181362
9910,72562,0.18984969
9911,41274,0.032769844
9912,49816,2.5020768e-09
9913,56569,3.1111437e-12
9914,85997,0.0017601119
9915,33985,0.00018256146
9916,90447,1.4562341e-09
9917,45942,5.933147e-17
9918,100845,2.3906993e-11
9919,90518,0.05755738
9920,2083,1.1335416e-06
9921,91055,0.06163517
9922,23671,3.054259e-07
9923,51489,0.071296066
9924,12159,3.176642e-05
9925,92516,1.04213905e-05
9926,53526,2.5245296e-05
9927,87569,0.0001795266
9928,104048,1.2299034e-08
9929,102243,0.0017243163
9930,39473,0.009634294
9931,30896,0.008768024
9932,55827,1.6012709e-06
9933,109229,0.00036142013
9934,1149,0.06816077
9935,32762,7.4066634e-08
9936,84053,0.002427138
9937,8267,0.023568474
9938,86282,3.2710003e-13
9939,58475,0.045318313
9940,68042,4.0430834e-10
9941,46926,0.0084224185
9942,36059,1.3937222e-11
9943,67931,0.06113867
9944,69769,0.004348352
9945,75048,0.019700931
9946,67544,0.026102437
9947,21301,8.160289e-06
9948,55043,0.0011192109
9949,72600,0.045318313
9950,7040,0.008324848
9951,52615,0.0009825915
9952,48043,2.622988e-10
9953,6952,3.4756863e-12
9954,101933,0.009642077
9955,52465,2.7042988e-11
9956,31542,0.0043132193
9957,94653,4.9006485e-06
9958,58559,6.9360794e-05
9959,62977,1.16849655e-11
9960,5892,0.026492594
9961,5419,1.717072e-08
9962,94979,4.809181e-06
9963,90814,0.004348352
9964,111276,7.1018365e-12
9965,70985,0.001622638
9966,32523,1.6991017e-08
9967,18453,7.137055e-10
9968,98863,0.043769367
9969,35359,3.435847e-13
9970,92975,5.4227537e-14
9971,85569,1.7995711e-13
9972,25447,0.019770224
9973,95509,4.6243013e-06
9974,70197,4.755902e-13
9975,20573,0.00027894884
9976,43234,1.7387001e-06
9977,107765,2.5453128e-08
9978,70609,0.010307644
9979,20520,7.3939735e-12
9980,85937,2.645218e-06
9981,94782,0.057398185
9982,106765,0.058114987
9983,58677,0.025521828
9984,12333,1.9912888e-05
9985,109076,8.820136e-13
9986,43112,0.026362604
9987,84962,0.00012833794
9988,7093,0.010534443
9989,28117,1.6446211e-06
9990,46318,0.0059027667
9991,32304,0.06810957
9992,44552,2.6563132e-06
9993,45653,4.778285e-14
9994,28636,0.00034509986
9995,91724,0.024876568
9996,5723,0.038167357
9997,90937,0.008422665
9998,12070,1.9591091e-10
9999,27280,0.019770224
10000,24818,0.010283782
10001,85033,0.026332634
10002,75261,0.095415704
10003,104835,1.9933873e-10
10004,102997,0.001622638
10005,97850,3.6608912e-15
10006,19857,9.48837e-11
10007,59399,0.032047797
10008,58164,0.05755738
10009,114628,4.943792e-06
10010,83713,3.0355867e-08
10011,108689,2.4981617e-09
10012,53125,0.006589307
10013,56688,3.705407e-12
10014,80545,0.010307644
10015,13604,0.14393526
10016,62261,7.756285e-12
10017,41550,0.026362604
10018,40754,0.008507103
10019,13131,0.032556545
10020,98561,0.02445036
10021,84381,9.495331e-13
10022,41376,0.00071242865
10023,92617,1.1016982e-12
10024,65067,1.5348337e-13
10025,101928,0.031820454
10026,54818,1.0102162e-11
10027,114014,0.00077011634
10028,38752,8.759041e-10
10029,41830,0.000101251135
10030,105074,1.4972068e-14
10031,2065,8.618875e-09
10032,95436,5.4582196e-11
10033,51387,0.029216656
10034,67567,0.019700931
10035,96654,0.35858697
10036,70227,0.045318313
10037,69576,1.3962892e-08
10038,52126,0.026527464
10039,85061,8.4213916e-08
10040,17153,8.221442e-17
10041,52190,0.0018738447
10042,1001,0.1529195
10043,86699,2.645218e-06
10044,4551,0.023568474
10045,84297,1.5451303e-11
10046,8857,0.024114532
10047,74999,0.0022232037
10048,104579,1.1297393e-14
10049,100134,0.0017212755
10050,31892,2.4353037e-12
10051,9695,3.0489102e-07
10052,48527,4.4353337e-07
10053,63828,0.0018833948
10054,36526,7.1727956e-14
10055,89126,2.2395863e-12
10056,49383,2.4459033e-12
10057,56626,1.8643411e-11
10058,53471,1.0097824e-06
10059,24534,3.6793336e-13
10060,83113,2.645218e-06
10061,29063,0.026527464
10062,77351,4.2701792e-16
10063,40116,0.050775647
10064,66346,9.426665e-10
10065,57817,3.1111437e-12
10066,101316,0.030740164
10067,14613,5.2566705e-08
10068,46139,2.9869556e-09
10069,99193,0.00083792664
10070,24235,0.020834483
10071,47033,4.600338e-05
10072,16568,0.0002817223
10073,49120,1.8688752e-13
10074,38732,4.0677225e-16
10075,50932,0.016827242
10076,61641,8.7077207e-10
10077,112110,0.00083792664
10078,86639,0.010307644
10079,72640,9.405637e-13
10080,99786,0.010312991
10081,106873,0.057398185
10082,34838,0.00011293772
10083,52979,1.98045e-09
10084,43624,2.0422173e-09
10085,74710,4.8127918e-06
10086,16656,3.9205503e-11
10087,16868,8.221442e-17
10088,9054,4.4108237e-06
10089,31459,4.9442275e-15
10090,76904,5.9996084e-12
10091,103881,1.7853331e-06
10092,88144,0.009642077
10093,23083,0.06113867
10094,34069,4.7149136e-17
10095,71547,1.3064108e-13
10096,371,1.437384e-06
10097,17411,0.00034876814
10098,13064,2.81759e-06
10099,10097,1.50106e-08
10100,15822,2.9013272e-05
10101,95268,0.00086734886
10102,111084,0.019840907
10103,56056,0.00077895843
10104,67616,0.019700931
10105,12095,0.0011340653
10106,97951,0.06393576
10107,19453,0.021920526
10108,36154,0.038118478
10109,12346,0.034086544
10110,44324,6.272123e-11
10111,71129,0.010307644
10112,110065,1.1898638e-09
10113,97039,0.057398185
10114,48285,1.0164954e-05
10115,83663,4.816796e-06
10116,30343,0.00072194345
10117,59590,3.489235e-13
10118,86764,0.024876568
10119,17638,0.029347645
10120,63079,0.00035761204
10121,46002,0.013329668
10122,49967,0.012440645
10123,67228,0.02588643
10124,47648,2.8496934e-06
10125,108500,0.027170032
10126,84492,0.0017212755
10127,90192,0.009642077
10128,41954,0.0024479413
10129,90319,2.6549404e-07
10130,19237,2.2251497e-06
10131,47182,1.5784202e-05
10132,112289,1.126962e-12
10133,3854,3.6938528e-07
10134,20255,0.0005693801
10135,87050,0.0073724524
10136,57100,0.0009168482
10137,17995,4.6676103e-08
10138,95611,0.007811113
10139,25897,2.0623732e-16
10140,3909,8.971384e-08
10141,93955,0.057398185
10142,4446,0.16081148
10143,110912,0.019840907
10144,39680,0.025521828
10145,34651,0.071296066
10146,20517,0.019700931
10147,39360,6.113292e-10
10148,84283,0.0025516099
10149,8638,5.499046e-06
10150,660,0.008419771
10151,16181,0.0009423672
10152,12554,0.00012312506
10153,23630,4.638582e-11
10154,94468,0.058783866
10155,1364,7.3704315e-12
10156,37099,0.001051452
10157,45528,5.5585394e-16
10158,94052,4.7747603e-06
10159,95930,6.012654e-13
10160,55156,0.010153873
10161,52895,2.645218e-06
10162,102408,4.2860006e-06
10163,37051,0.005329492
10164,58356,0.07669589
10165,4095,0.026492594
10166,17219,8.601e-11
10167,52496,1.6654457e-06
10168,109293,4.8468673e-06
10169,66153,1.6637122e-06
10170,80544,0.026378538
10171,25564,4.8627524e-10
10172,88821,0.02063519
10173,22681,2.2582994e-05
10174,23219,0.009634294
10175,56788,6.032645e-08
10176,109973,0.0010016299
10177,27560,0.0014774455
10178,79445,3.6366704e-12
10179,50002,0.0022265424
10180,58656,0.0007336302
10181,59075,4.7747603e-06
10182,8273,0.03690646
10183,111417,9.208796e-08
10184,108925,0.04389628
10185,71210,2.645218e-06
10186,23596,0.00011293772
10187,5212,2.6680607e-07
10188,110283,4.8556576e-06
10189,29767,6.577239e-12
10190,26030,0.00026086552
10191,76876,9.292655e-13
10192,53877,0.001763709
10193,90648,0.025739817
10194,32728,2.1593523e-14
10195,29188,0.0018694574
10196,28697,7.336124e-05
10197,38336,0.011792748
10198,75001,0.099113986
10199,52314,5.933147e-17
10200,60760,1.0164954e-05
10201,35567,0.99860954
10202,40506,5.5497895e-07
10203,7526,4.4244835e-08
10204,32831,6.4187594e-07
10205,14410,3.1001907e-08
10206,75263,0.0021732333
10207,24601,3.2821905e-11
10208,73032,0.00078575837
10209,34951,0.010153873
10210,42055,4.2140204e-08
10211,57314,3.1111437e-12
10212,73710,1.2752543e-10
10213,13620,0.009731586
10214,84884,0.00040926304
10215,64059,2.306636e-12
10216,2249,0.0042714598
10217,27580,4.2640734e-13
10218,89314,0.06163517
10219,47851,0.00074824225
10220,59784,0.05917771
10221,83914,0.071426
10222,36,0.034086544
10223,49205,3.9409218e-14
10224,20074,2.3211993e-13
10225,92339,0.06924659
10226,78370,0.011792748
10227,65816,2.308989e-10
10228,79610,1.9324496e-08
10229,7340,0.032398634
10230,58030,0.00083792664
10231,11074,3.605544e-06
10232,31187,2.4765419e-07
10233,48710,1.2980102e-10
10234,21388,1.2631695e-06
10235,17270,3.4756863e-12
10236,108384,5.0037614e-14
10237,84678,1.1016982e-12
10238,19760,2.848981e-14
10239,67667,0.009642077
10240,9645,4.2632024e-07
10241,38064,2.1853968e-07
10242,88593,2.4685756e-10
10243,30653,0.0008461725
10244,110723,3.6038598e-06
10245,38700,3.6739635e-12
10246,58480,2.1924478e-08
10247,110134,1.3631151e-11
10248,18335,0.01020377
10249,4284,0.022495551
10250,68416,1.3758148e-11
10251,109711,0.0014497959
10252,76872,3.6484595e-09
10253,42817,1.5498146e-06
10254,6,3.274672e-06
10255,58472,5.021148e-12
10256,30956,0.0018694574
10257,81395,0.024876568
10258,103129,1.272214e-08
10259,54005,0.019700931
10260,57285,7.1843584e-07
10261,17565,0.00022978082
10262,5302,0.00048282533
10263,5844,0.008683009
10264,58458,0.045318313
10265,22617,2.7807986e-10
10266,15901,1.9896252e-07
10267,71902,0.011792748
10268,30733,7.1727956e-14
10269,98200,0.009642077
10270,48374,0.00040666165
10271,11688,7.2111206e-06
10272,57284,1.98045e-09
10273,55463,0.01364551
10274,71019,1.8270422e-13
10275,82112,0.05917771
10276,50987,0.0025531214
10277,80242,1.1603347e-05
10278,45535,0.00036624758
10279,1613,0.011855723
10280,18037,6.9610366e-19
10281,86603,0.011057796
10282,77056,0.010153873
10283,73166,0.00030752693
10284,89633,6.43995e-07
10285,8243,2.8996785e-05
10286,104431,4.9211084e-09
10287,80187,4.3674045e-06
10288,22780,1.6307571e-06
10289,76897,0.010307644
10290,66511,9.843326e-13
10291,61152,0.0023332017
10292,76980,0.00014424954
10293,73415,0.013445645
10294,18175,0.015850792
10295,28840,0.00026086552
10296,17159,2.04694e-09
10297,104448,0.019840907
10298,24655,0.057031114
10299,41124,3.056419e-09
10300,85880,0.0018833948
10301,45889,2.4354553e-05
10302,1910,0.16553059
10303,91889,1.22984765e-11
10304,59900,7.050808e-11
10305,40182,0.00060344645
10306,18585,0.00036279717
10307,99693,8.6914635e-09
10308,50225,1.6397256e-05
10309,98712,0.008768024
10310,11276,4.85689e-06
10311,95869,5.47211e-09
10312,72651,0.0038181362
10313,86741,0.011792748
10314,48003,0.0043132193
10315,7643,0.0026393184
10316,114008,1.0173615e-05
10317,7641,0.023568474
10318,62568,0.043363515
10319,32115,2.7233824e-08
10320,6082,2.6100384e-05
10321,94803,0.011792748
10322,50634,2.9945751e-10
10323,72208,0.011792748
10324,88689,0.007009541
10325,111381,0.00083792664
10326,22584,8.477494e-06
10327,97987,0.0015510862
10328,73530,1.2441837e-06
10329,85301,0.00084738084
10330,58564,3.405751e-12
10331,112485,0.012588599
10332,52891,0.009529468
10333,5909,5.016415e-05
10334,60218,0.02731979
10335,86313,0.03450839
10336,90443,0.019803535
10337,80388,0.00461517
10338,78416,0.009642077
10339,36508,0.006300868
10340,46421,0.00011293772
10341,33395,2.391729e-12
10342,87056,1.4966403e-08
10343,81510,4.8164284e-06
10344,8328,0.01073053
10345,98779,1.0172024e-05
10346,73906,0.030741232
10347,61620,0.00083792664
10348,43271,0.007811113
10349,96867,0.03668885
10350,48628,0.011950654
10351,85945,1.8720243e-14
10352,113587,0.03350731
10353,32530,8.570016e-15
10354,11603,3.2708358e-06
10355,41602,4.784337e-06
10356,50600,0.010153873
10357,36825,0.00010336289
10358,95759,0.05755738
10359,36210,1.6971505e-06
10360,64050,3.0516305e-09
10361,7699,8.26621e-09
10362,46698,0.047280625
10363,70664,0.0022265424
10364,65365,4.8117e-06
10365,105535,0.026325935
10366,59149,0.008419062
10367,75098,1.3212327e-10
10368,28387,0.025521828
10369,60446,0.00095678144
10370,81547,9.094739e-09
10371,88105,0.0038181362
10372,24978,1.09398684e-07
10373,49518,0.019700931
10374,31808,0.008419062
10375,20689,0.007811113
10376,98683,0.069460474
10377,88545,1.1850728e-06
10378,65016,1.3751747e-11
10379,48369,5.763531e-12
10380,100087,0.03203254
10381,13948,0.025474966
10382,88223,1.0164984e-05
10383,53464,0.10671782
10384,111930,1.38231535e-05
10385,31492,1.6727905e-09
10386,41718,0.00030241412
10387,4861,6.633346e-07
10388,42224,2.289091e-05
10389,17890,3.4756863e-12
10390,53674,5.232493e-12
10391,7586,0.01143928
10392,60580,5.526171e-12
10393,14270,5.6813235e-08
10394,41105,0.011118982
10395,100334,0.02497363
10396,111248,5.1179336e-09
10397,77262,1.4483422e-09
10398,25788,1.1648578e-12
10399,105283,1.3238026e-06
10400,104455,0.0014640995
10401,92065,4.442142e-11
10402,36807,1.1134598e-10
10403,69684,0.045318313
10404,107211,1.8428976e-12
10405,90095,0.0043132193
10406,29472,0.019840907
10407,31719,0.008419062
10408,106839,0.0002596202
10409,21719,0.010283782
10410,1218,4.991128e-08
10411,10452,2.4567527e-05
10412,59902,0.00016653411
10413,42351,0.010283782
10414,42060,0.0059027667
10415,9326,8.190934e-10
10416,81766,0.0037254924
10417,49574,0.071296066
10418,7471,3.53652e-08
10419,109956,4.2317689e-07
10420,21191,0.00056931423
10421,82096,0.0055267117
10422,48462,0.00085267064
10423,62202,1.4842662e-07
10424,15852,3.1417014e-06
10425,39215,0.011792748
10426,104728,0.0715194
10427,12057,0.00032030468
10428,47700,4.6950136e-06
10429,62843,0.010281147
10430,46553,0.004342316
10431,33068,2.7301644e-08
10432,115143,0.0008447293
10433,61815,1.2441459e-10
10434,80487,2.8363404e-08
10435,91141,0.0017212755
10436,4229,8.441413e-08
10437,51331,0.0015184856
10438,78167,0.071296066
10439,104457,0.009642077
10440,50708,0.13450126
10441,4714,8.0407155e-08
10442,76518,1.4745698e-12
10443,11715,4.062103e-08
10444,65695,9.132145e-13
10445,63642,1.30711e-07
10446,80189,0.0040947357
10447,73412,0.00083792664
10448,60281,1.1078508e-09
10449,52164,1.7787607e-10
10450,64069,1.3478979e-06
10451,42208,1.351401e-11
10452,100493,0.043769367
10453,28694,0.019770224
10454,97884,2.4112579e-10
10455,95174,8.5029884e-14
10456,98733,0.000102279075
10457,39112,4.8803577e-05
10458,109214,4.2441492e-15
10459,66426,1.2752543e-10
10460,8122,9.1078465e-07
10461,70532,3.0869763e-14
10462,24375,1.3847502e-07
10463,115180,1.5084474e-05
10464,34688,1.3937222e-11
10465,87487,0.0003443645
10466,101071,0.019803535
10467,51212,1.0161408e-05
10468,82774,1.0524275e-12
10469,64666,0.00088056264
10470,115816,0.009642077
10471,54841,9.339784e-08
10472,76526,0.05755738
10473,70017,0.008768024
10474,8249,8.859458e-07
10475,102618,0.011851389
10476,108206,0.0018876592
10477,17336,3.097153e-08
10478,89412,2.3213024e-12
10479,42247,0.026373321
10480,93704,0.016539
10481,7477,2.4033538e-08
10482,822,1.4410361e-05
10483,10557,2.4100741e-08
10484,64824,1.3758148e-11
10485,43429,0.009634294
10486,28300,0.0017805286
10487,2725,0.9167399
10488,110311,2.1756512e-05
10489,49305,0.02333894
10490,1917,0.015420634
10491,88742,6.0509323e-12
10492,66831,1.8845494e-06
10493,112380,2.645218e-06
10494,62086,4.809181e-06
10495,82752,0.0017212755
10496,65665,1.8461283e-11
10497,77449,2.645218e-06
10498,87099,0.032741666
10499,86290,1.2752543e-10
10500,53644,2.645218e-06
10501,4702,4.5088605e-06
10502,55669,0.0023332017
10503,71643,1.0994705e-09
10504,54488,0.06113867
10505,10266,2.1255441e-06
10506,56319,0.002939113
10507,82696,0.0043132193
10508,97507,0.004348352
10509,5044,0.01099238
10510,89296,2.479916e-10
10511,52685,0.006589307
10512,38479,0.018483168
10513,88365,0.0022227217
10514,101534,0.057031114
10515,65503,1.3751747e-11
10516,111060,1.0534081e-07
10517,55681,0.012860478
10518,38217,6.2916606e-06
10519,11364,0.008683009
10520,55369,2.1593523e-14
10521,30271,0.0002678651
10522,99295,8.557731e-06
10523,94245,0.052849706
10524,50953,0.06063979
10525,35484,1.1317079e-11
10526,70392,7.70234e-09
10527,3573,0.005959611
10528,94469,0.019803535
10529,102160,2.2695874e-17
10530,88807,0.010307644
10531,78243,0.00083792664
10532,52632,4.462211e-07
10533,11898,2.800382e-20
10534,90474,0.06924659
10535,51216,8.713106e-13
10536,52936,1.49015295e-05
10537,102652,3.3375787e-12
10538,99613,4.813377e-09
10539,46914,0.011792748
10540,44634,0.004342316
10541,16741,8.405549e-09
10542,58759,0.045318313
10543,10462,0.00081339834
10544,64115,1.0165818e-05
10545,81610,1.3527331e-07
10546,29676,0.010153873
10547,47425,0.0084224185
10548,55440,0.0031385662
10549,92808,0.0100401435
10550,78741,0.004342316
10551,23611,0.009634294
10552,37871,1.986718e-06
10553,2194,8.3046594e-05
10554,50683,0.007811113
10555,97985,0.030740164
10556,86942,8.743611e-05
10557,81495,0.011950654
10558,103372,1.8541104e-11
10559,5632,4.1755328e-07
10560,89622,0.009642077
10561,4084,0.0091612
10562,93956,5.418597e-14
10563,76529,0.0055668545
10564,61346,3.643272e-09
10565,103034,9.265011e-13
10566,11147,0.002130841
10567,76663,2.939723e-12
10568,92296,1.0160855e-05
10569,76064,4.8164284e-06
10570,55064,0.57653314
10571,115067,0.00012900085
10572,80668,0.00074824225
10573,90454,0.05755738
10574,62940,6.6956934e-05
10575,107169,0.008502548
10576,70618,3.372079e-13
10577,2575,0.25567263
10578,62463,4.809181e-06
10579,72667,0.016064405
10580,112388,5.642807e-10
10581,58796,0.0014774455
10582,109235,0.033240877
10583,61591,0.009622694
10584,4231,4.123962e-12
10585,96487,4.2051118e-10
10586,66170,5.4982993e-12
10587,108486,0.019840907
10588,39274,0.010283782
10589,50915,0.011792748
10590,47727,3.1766712e-12
10591,113462,0.059613198
10592,46393,1.8962809e-11
10593,92820,2.2185118e-08
10594,66106,6.972497e-10
10595,12412,7.355306e-12
10596,84796,0.002555002
10597,11502,3.1706898e-06
10598,11578,0.008324848
10599,42388,2.1506123e-08
10600,54315,0.019700931
10601,70553,0.009642077
10602,34271,2.391729e-12
10603,26797,5.605232e-06
10604,21038,2.599736e-07
10605,3295,1.5725132e-06
10606,9760,2.7272709e-08
10607,97580,1.0172024e-05
10608,8047,1.8583709e-05
10609,83186,0.00012833794
10610,110613,0.01199421
10611,88054,0.0065565486
10612,95114,0.019803535
10613,81359,0.0089692315
10614,79087,5.89538e-13
10615,73999,0.0017212755
10616,54494,0.007811113
10617,10601,1.4435491e-05
10618,43543,0.004342316
10619,106470,0.0073724524
10620,38812,3.271414e-12
10621,93209,0.023700545
10622,55027,0.00032750994
10623,4844,0.019700931
10624,51403,5.418597e-14
10625,5805,0.0021369674
10626,64367,1.0772229e-06
10627,56542,0.0012017247
10628,44365,5.304887e-08
10629,62871,0.025521828
10630,61464,9.495331e-13
10631,48094,0.0003127908
10632,93175,0.02146122
10633,42538,3.9409218e-14
10634,14136,1.1904362e-12
10635,38762,0.0014630348
10636,59478,0.04496502
10637,82960,0.016693633
10638,69064,5.729717e-12
10639,81831,2.645218e-06
10640,33579,0.006035061
10641,13145,2.4812408e-10
10642,103551,7.0139254e-07
10643,25970,1.1665632e-06
10644,33808,0.019840907
10645,104284,0.019840907
10646,11518,2.0517234e-06
10647,15060,9.86418e-11
10648,92225,6.093272e-13
10649,11658,8.405549e-09
10650,108458,1.6243838e-11
10651,108643,4.8468673e-06
10652,69601,5.658122e-10
10653,17846,4.5215423e-09
10654,70281,1.32853745e-11
10655,102451,0.01194457
10656,92060,0.008768024
10657,5898,0.0036914146
10658,75376,0.012294085
10659,11163,3.0113806e-05
10660,56393,0.0014774455
10661,74416,5.714784e-09
10662,31895,0.0002596202
10663,60316,0.019700931
10664,48546,4.8384113e-06
10665,64769,0.0018833948
10666,38261,3.5663906e-13
10667,74319,0.0017212755
10668,66032,4.8117e-06
10669,42869,5.8622245e-09
10670,105060,0.030740164
10671,95698,3.3041322e-10
10672,29876,0.002373353
10673,62437,0.05755738
10674,12658,0.045027267
10675,105506,0.00040628854
10676,89722,0.07145986
10677,79432,2.96351e-11
10678,46118,6.2229997e-06
10679,10530,1.6956536e-08
10680,19914,1.745946e-08
10681,61642,0.06895566
10682,36651,0.010283782
10683,19972,1.6991017e-08
10684,34243,6.6168633e-12
10685,84706,0.056830663
10686,18761,0.05459466
10687,105874,1.2271627e-06
10688,42048,2.0783317e-07
10689,74027,8.4243e-08
10690,76899,0.010307644
10691,91414,0.010307644
10692,25123,0.010283782
10693,73277,1.4959489e-09
10694,60146,0.033939894
10695,59238,3.8741896e-06
10696,28858,1.6239348e-05
10697,15875,1.9192131e-10
10698,76203,0.0017212755
10699,83709,0.04525399
10700,51696,3.660354e-11
10701,22577,0.026362604
10702,81433,1.6529369e-12
10703,79268,9.847107e-08
10704,41106,0.0025599306
10705,102183,0.019803535
10706,108700,0.026112074
10707,75227,0.00083792664
10708,73768,0.00018680909
10709,12465,1.6878408e-09
10710,76629,4.934724e-14
10711,98660,0.00050906744
10712,73751,0.001622638
10713,2601,0.0001788333
10714,107272,1.5743693e-09
10715,3504,0.058868345
10716,12152,0.0891212
10717,43774,0.010825283
10718,53094,2.645218e-06
10719,78978,7.480891e-05
10720,25867,2.8152308e-10
10721,45911,0.00072054064
10722,45831,0.00010336289
10723,1332,0.004136142
10724,105254,2.4097099e-06
10725,22823,0.019700931
10726,88707,2.2499501e-10
10727,90304,0.0055668545
10728,42525,0.00028548608
10729,72606,2.645218e-06
10730,26202,0.0015843291
10731,3549,0.005959611
10732,24962,4.4324722e-13
10733,39676,3.566449e-11
10734,114631,0.03312897
10735,60714,0.019700931
10736,49937,0.008419062
10737,96201,0.00074824225
10738,34153,2.365071e-10
10739,54748,0.010153873
10740,75193,5.746697e-14
10741,38428,0.00026086552
10742,43323,2.4353037e-12
10743,113761,4.943792e-06
10744,79414,3.893004e-10
10745,2706,0.0036234308
10746,44883,1.7944437e-09
10747,60819,0.0017212755
10748,34995,3.8675708e-08
10749,88824,0.008768024
10750,86214,0.043363515
10751,109473,0.0011012811
10752,76567,0.013881895
10753,59267,1.5826564e-11
10754,58952,0.0013463983
10755,81715,3.14433e-12
10756,40495,0.038114738
10757,59615,0.0035921528
10758,110592,0.06163517
10759,97957,0.045838933
10760,66236,9.520875e-11
10761,56386,0.0014630348
10762,26232,0.026362604
10763,101340,4.900994e-06
10764,81492,0.0017212755
10765,73494,0.010307644
10766,39333,2.2582994e-05
10767,104529,3.7455473e-12
10768,89535,1.5826564e-11
10769,62010,0.025521828
10770,31732,0.004342316
10771,109477,0.018906051
10772,114798,1.5084474e-05
10773,46833,1.5512074e-11
10774,36568,1.4162861e-06
10775,94810,0.024694698
10776,63028,2.645218e-06
10777,25160,0.010283782
10778,88471,0.05755738
10779,99396,2.645218e-06
10780,25528,3.3818502e-13
10781,5902,2.114824e-06
10782,2595,0.024114532
10783,47040,7.622411e-13
10784,52827,2.372735e-13
10785,13105,8.309635e-05
10786,115924,0.00083792664
10787,18765,2.0118348e-11
10788,13912,0.0002154585
10789,79543,0.008768024
10790,108514,1.0169997e-05
10791,9100,6.2124443e-13
10792,94930,0.011792748
10793,25876,3.3818502e-13
10794,76210,8.075385e-13
10795,56332,0.05755738
10796,1624,0.0011250628
10797,112641,6.476832e-10
10798,39484,2.4353037e-12
10799,81810,0.0006144977
10800,115477,0.009529468
10801,54318,1.02782494e-07
10802,37243,0.010283782
10803,22875,3.747489e-13
10804,42564,0.019770224
10805,9698,0.038167357
10806,113933,8.041728e-08
10807,32501,0.00029764528
10808,3008,0.0030239006
10809,91790,0.0017212755
10810,43192,3.8225087e-07
10811,41950,0.0026959148
10812,23698,1.3414833e-06
10813,45263,0.0008247567
10814,18875,4.1812062e-10
10815,81786,0.00083792664
10816,49799,1.0161408e-05
10817,42007,3.8819708e-06
10818,775,2.5454448e-11
10819,71195,0.00012833794
10820,52299,7.209092e-09
10821,83549,5.9906496e-10
10822,71332,0.05755738
10823,48805,0.00088267185
10824,13716,3.692568e-11
10825,65731,0.00022272195
10826,14417,8.403841e-15
10827,20997,7.6339525e-12
10828,46710,0.10671782
10829,114308,0.0073724524
10830,72841,0.0008847968
10831,10919,5.6518337e-07
10832,45232,0.0065868073
10833,32416,0.019840907
10834,24077,5.5891316e-05
10835,55287,6.9500503e-12
10836,47049,0.0017601119
10837,9551,3.53652e-08
10838,110766,1.823597e-06
10839,51408,0.002035399
10840,33412,0.019840907
10841,15236,3.92422e-05
10842,22153,0.010283782
10843,66432,4.8117e-06
10844,57296,4.1416914e-07
10845,3734,1.0440277e-17
10846,55238,2.5018247e-12
10847,24293,0.0043525966
10848,64484,2.2235538e-11
10849,28044,2.4459033e-12
10850,44067,0.008768024
10851,6318,0.018864961
10852,26292,0.004342316
10853,85108,1.3751747e-11
10854,22275,4.4412718e-10
10855,8287,1.0109984e-08
10856,78007,3.7018026e-09
10857,22554,3.5368637e-12
10858,103255,4.4975895e-08
10859,35218,4.5542524e-08
10860,75711,0.01864118
10861,19294,2.986548e-11
10862,12052,1.06009714e-16
10863,114877,0.00026755474
10864,58376,0.012294085
10865,54739,0.008768024
10866,4273,6.633346e-07
10867,45505,0.00056931423
10868,50215,0.008419062
10869,7813,7.320471e-08
10870,67466,0.010307644
10871,101439,0.069460474
10872,103589,0.059613198
10873,87267,7.0136234e-06
10874,67425,0.00012645154
10875,10392,3.0797603e-06
10876,18338,1.1235233e-13
10877,67781,1.2707162e-14
10878,87175,0.0018843443
10879,58971,0.0055668545
10880,3,0.00013743206
10881,66132,4.0690382e-14
10882,101232,0.0014642557
10883,92250,1.8452727e-07
10884,22672,0.065111734
10885,70224,0.004348352
10886,103227,1.8270422e-13
10887,80429,0.02560859
10888,91761,0.05755738
10889,63998,0.00022272195
10890,7694,0.038167357
10891,97868,7.088033e-07
10892,16017,1.9192131e-10
10893,57318,0.018483168
10894,39893,0.026362604
10895,90715,0.01083776
10896,22329,0.00026360096
10897,18896,0.019700931
10898,57309,0.001025634
10899,16683,0.032591436
10900,68052,1.3758148e-11
10901,104690,1.5067375e-06
10902,10744,0.026492594
10903,7407,0.011604054
10904,35018,9.5944135e-11
10905,67756,0.001729906
10906,115706,6.698938e-11
10907,115414,0.0056225206
10908,26964,0.009529468
10909,104109,0.02427312
10910,73856,0.052755553
10911,13695,3.4795033e-14
10912,18224,2.0596678e-13
10913,97407,0.025739817
10914,111965,2.5479743e-08
10915,80743,1.6760456e-12
10916,33413,0.0715194
10917,93668,1.5029194e-08
10918,48694,1.3758148e-11
10919,100860,0.0008806071
10920,100152,0.010312991
10921,91841,6.6698485e-06
10922,53488,3.69293e-07
10923,3062,0.00010513221
10924,67612,0.05755738
10925,69049,0.006831175
10926,115214,0.02077886
10927,26414,0.019770224
10928,82756,0.011861764
10929,44417,7.3165306e-06
10930,45655,0.00095129723
10931,64888,1.7648804e-11
10932,114758,5.008643e-13
10933,42149,7.995115e-15
10934,107933,0.05131683
10935,20731,3.3871206e-07
10936,74796,0.003314459
10937,75188,0.0008847968
10938,26950,0.0016144956
10939,29133,0.006417349
10940,52355,0.0009825915
10941,89575,0.009642077
10942,112348,1.2423825e-06
10943,92916,0.00041208786
10944,113611,8.4963986e-08
10945,68611,0.026332634
10946,2778,2.0567602e-05
10947,96817,0.009642077
10948,39825,1.804515e-06
10949,11816,4.9252272e-14
10950,85497,0.00075137656
10951,2051,0.0048050894
10952,56403,0.006563133
10953,85836,2.1618478e-06
10954,90944,2.645218e-06
10955,51380,0.010153873
10956,40245,0.034086544
10957,75866,9.292655e-13
10958,4678,2.0342824e-05
10959,70191,0.009642077
10960,112369,3.457155e-07
10961,60920,0.00041208786
10962,51923,0.00071242865
10963,34989,3.0466963e-05
10964,43441,0.009634294
10965,72947,0.010307644
10966,109656,0.010312991
10967,58424,0.0003463046
10968,1652,3.5000598e-06
10969,78801,1.875612e-11
10970,68606,0.010307644
10971,100292,3.375463e-10
10972,85711,0.022350626
10973,28648,0.0014630348
10974,87131,3.6608912e-15
10975,23464,2.6711619e-11
10976,27120,2.6358533e-09
10977,40216,0.1117897
10978,60901,0.024507357
10979,115420,3.435847e-13
10980,80746,0.010307644
10981,2463,4.3794794e-06
10982,65874,1.3758148e-11
10983,76285,0.0017212755
10984,44244,4.6950136e-06
10985,31185,0.00070479
10986,104100,1.2512561e-07
10987,41357,1.8478322e-16
10988,75201,0.0014995163
10989,2695,2.7467951e-08
10990,42362,1.29320304e-11
10991,26821,0.10586758
10992,86482,0.19987713
10993,12078,0.008718853
10994,75850,0.0008815368
10995,22016,3.572516e-14
10996,59964,2.4707351e-05
10997,65171,5.0948374e-14
10998,39896,0.012169071
10999,43812,3.2282658e-06
11000,37209,0.00074824225
11001,20561,7.9427886e-10
11002,70743,0.0017212755
11003,15145,0.007875756
11004,28190,6.409728e-05
11005,43357,0.0043132193
11006,25457,0.011270111
11007,61412,0.008422056
11008,76117,0.00012833794
11009,36620,0.03480265
11010,38532,2.9293987e-14
11011,95518,0.057741154
11012,47949,0.0025516099
11013,26448,8.513462e-07
11014,70228,1.8085329e-07
11015,15544,0.001076109
11016,98029,2.1418385e-09
11017,84105,0.0062438007
11018,103827,0.0050086468
11019,90617,0.043363515
11020,115972,0.00041116195
11021,60408,1.4803561e-11
11022,24577,0.004342316
11023,21155,0.0037254924
11024,99203,0.010312991
11025,86021,0.0060743056
11026,51791,0.019700931
11027,103815,6.642754e-10
11028,10577,2.2993067e-06
11029,60102,1.3898823e-09
11030,9810,1.2778562e-05
11031,42035,0.0014630348
11032,35868,0.02146122
11033,52694,0.0013571965
11034,86042,2.671057e-07
11035,93036,2.5080612e-06
11036,54924,0.008768024
11037,47001,0.00235801
11038,82617,0.05755738
11039,86128,0.026112074
11040,93129,5.287789e-07
11041,6651,0.008324848
11042,11476,0.009148665
11043,83683,4.3196523e-11
11044,22365,1.5580478e-19
11045,84386,0.0017212755
11046,50241,0.0075724777
11047,78154,0.032992557
11048,24094,1.210286e-08
11049,53614,0.012125932
11050,113955,0.0065734815
11051,93685,2.3114624e-09
11052,38296,1.8509594e-14
11053,63031,0.05755738
11054,112539,2.8284675e-09
11055,41580,0.010283782
11056,19561,0.025521828
11057,46029,1.3054706e-11
11058,63462,3.1415184e-06
11059,58922,0.0059027667
11060,7896,0.010283782
11061,88874,0.0043132193
11062,22026,0.018077958
11063,62136,0.018483168
11064,15690,3.765575e-12
11065,111419,4.235132e-07
11066,107438,0.00012975436
11067,49029,0.009529468
11068,37131,0.016191885
11069,45728,2.4192386e-12
11070,105355,2.645218e-06
11071,21261,8.459962e-09
11072,105959,0.06163517
11073,83056,5.204461e-13
11074,87141,0.025739817
11075,16041,2.0596678e-13
11076,29696,0.010153873
11077,106351,0.06722756
11078,79171,2.1524125e-09
11079,57390,1.23137e-05
11080,82793,1.6069389e-11
11081,115054,2.3418164e-12
11082,26444,0.009634294
11083,81370,0.0029824998
11084,32998,0.052334614
11085,115346,0.0009804295
11086,21706,2.5133554e-06
11087,100561,0.023700545
11088,104030,0.058114987
11089,21532,0.0001043621
11090,113547,5.1797833e-06
11091,89884,9.94368e-09
11092,13529,1.1104546e-10
11093,90660,5.5410404e-05
11094,68830,2.9704792e-09
11095,75906,7.26415e-05
11096,24370,0.009634294
11097,10130,2.7272709e-08
11098,13167,4.455243e-06
11099,71859,0.03310854
11100,10887,2.1959221e-07
11101,31749,0.00018355358
11102,79761,0.024876568
11103,85676,5.771182e-10
11104,69206,0.019700931
11105,74626,0.00064425793
11106,103757,8.8030233e-10
11107,83425,0.051554274
11108,75831,0.00079390913
11109,88999,4.809181e-06
11110,70624,0.06810957
11111,55983,9.333826e-10
11112,60015,0.0018833948
11113,1353,8.445589e-11
11114,24058,1.829888e-13
11115,3371,4.85689e-06
11116,52837,0.020443067
11117,61899,7.9525824e-05
11118,29578,3.1008165e-09
11119,65798,0.058837842
11120,105354,0.0048994785
11121,21289,7.403697e-12
11122,55633,0.014665011
11123,29553,0.002373353
11124,58198,3.435847e-13
11125,82597,0.00013748383
11126,20235,3.1414645e-12
11127,78048,0.019700931
11128,96982,0.004348352
11129,59540,0.06113867
11130,8602,2.1184564e-05
11131,88129,1.1240553e-06
11132,51181,5.418597e-14
11133,105985,3.4942982e-12
11134,104066,1.8688752e-13
11135,59602,0.19219209
11136,19402,0.01020377
11137,55326,0.06810957
11138,18919,4.924749e-07
11139,92021,1.3371264e-09
11140,39787,0.00014883833
11141,109399,6.9157316e-13
11142,59830,0.005001485
11143,44834,0.0018575531
11144,48334,0.0016776297
11145,12615,5.891714e-10
11146,111790,2.645218e-06
11147,89064,0.0082014
11148,43828,0.08829165
11149,1422,2.2281126e-08
11150,100543,4.394675e-06
11151,17290,5.2815207e-17
11152,47491,0.00013805056
11153,35121,0.0054349997
11154,69779,0.05755738
11155,13915,0.026112074
11156,96879,0.0001825176
11157,83466,1.126962e-12
11158,39948,0.009634294
11159,62290,0.0008815368
11160,50917,0.011792748
11161,16321,1.05825994e-10
11162,25258,0.026362604
11163,45426,0.025521828
11164,45898,6.316814e-17
11165,46709,0.019840907
11166,36590,0.7436095
11167,18538,2.6120027e-15
11168,91709,1.2601826e-07
11169,98810,4.0478167e-06
11170,105057,0.019840907
11171,22550,1.8075826e-06
11172,14983,1.5898633e-11
11173,42020,0.0007002288
11174,7279,0.000857888
11175,44246,5.135289e-13
11176,39617,0.010283782
11177,63095,0.0037036426
11178,60632,0.0003127908
11179,113847,5.0196646e-05
11180,87236,1.1742145e-10
11181,101435,0.010312991
11182,106169,4.1120002e-12
11183,101378,0.0055802907
11184,55587,0.0022265424
11185,83603,0.02063519
11186,16034,1.9188864e-11
11187,78841,3.140475e-09
11188,15841,1.4897393e-12
11189,82121,3.7455473e-12
11190,79527,0.011792748
11191,16260,2.6380682e-15
11192,7829,5.737909e-08
11193,39608,0.0021648884
11194,105637,0.027711796
11195,97735,9.153417e-10
11196,31048,3.040513e-11
11197,91366,1.1529402e-14
11198,64919,0.015897727
11199,64719,2.764621e-10
11200,50778,0.052324355
11201,96900,0.00073455006
11202,69161,1.6184405e-10
11203,112925,0.01474979
11204,70041,4.7747603e-06
11205,11455,0.008324848
11206,15252,1.887562e-08
11207,57756,3.1627717e-06
11208,103220,1.0825379e-10
11209,54967,1.2991078e-13
11210,90224,0.00095678144
11211,43045,0.0065868073
11212,37308,5.285326e-11
11213,47737,0.0061504208
11214,78740,1.276477e-12
11215,54094,3.956456e-08
11216,23861,2.2907593e-13
11217,14497,0.0001678258
11218,6078,7.52274e-07
11219,36799,4.0742667e-13
11220,109694,0.0008533193
11221,93369,0.06163517
11222,18412,0.1123056
11223,92946,1.8696355e-12
11224,44360,0.025802692
11225,7677,0.0021369674
11226,79816,0.019700931
11227,33868,5.8522337e-06
11228,39750,0.018483168
11229,76860,1.2039766e-07
11230,30756,3.0224486e-05
11231,101903,1.0008866e-09
11232,7934,6.3955495e-06
11233,5404,0.012584813
11234,95807,0.025739817
11235,27717,1.0715307e-07
11236,2919,0.005959611
11237,75803,0.01864118
11238,7328,9.403021e-07
11239,33300,4.3164996e-14
11240,65363,2.474138e-10
11241,70979,2.645218e-06
11242,49601,0.025468798
11243,52670,0.0017212755
11244,102146,3.6608912e-15
11245,23557,3.052581e-08
11246,63635,0.13072917
11247,3228,2.215378e-06
11248,43514,0.026373321
11249,112670,0.00025298868
11250,79520,0.007811113
11251,112338,0.00012833794
11252,31315,0.019449603
11253,62331,0.01020377
11254,92364,0.05755738
11255,79146,0.0018843048
11256,101668,6.134835e-09
11257,85424,1.1670611e-09
11258,85655,0.0017212755
11259,34942,0.008419062
11260,40914,0.88144016
11261,113880,0.019840907
11262,15460,2.7859476e-18
11263,45338,0.012125932
11264,26432,0.026362604
11265,106859,0.010312991
11266,111627,0.0698024
11267,65182,4.8117e-06
11268,97209,0.0579823
11269,97435,0.005938862
11270,43356,0.010825283
11271,84672,0.0059027667
11272,82275,1.4937388e-17
11273,50757,0.011792748
11274,20768,1.598196e-12
11275,59023,7.713777e-09
11276,15829,0.004324647
11277,24253,0.009634294
11278,91534,0.026102437
11279,94986,2.645218e-06
11280,94959,2.8442035e-10
11281,28916,0.0006424326
11282,3273,0.038167357
11283,80607,0.019700931
11284,17364,4.9161667e-08
11285,23356,0.019700931
11286,80812,0.0007615885
11287,20302,9.496914e-06
11288,90802,0.00012645154
11289,10126,0.044885226
11290,52612,0.04496502
11291,57392,4.886359e-06
11292,84245,0.010307644
11293,46012,0.00016960665
11294,16832,1.9594937e-14
11295,105719,0.00047760858
11296,57910,0.00082627014
11297,3311,0.023568474
11298,46901,2.5195345e-07
11299,38578,3.20759e-11
11300,111692,0.00040211226
11301,10286,0.008324848
11302,61657,2.7896395e-13
11303,109250,0.0001825176
11304,107989,1.3933659e-07
11305,29504,0.010153873
11306,7721,0.0017705677
11307,105822,8.778237e-11
11308,16246,1.1511549e-12
11309,62389,3.6608912e-15
11310,11457,5.939876e-08
11311,102985,1.44689e-09
11312,59743,5.373072e-16
11313,77479,2.1241059e-08
11314,55755,0.0007336302
11315,76704,0.010307644
11316,18629,1.048665e-11
11317,92001,0.006515298
11318,106215,1.0321526e-08
11319,71852,0.05755738
11320,63974,4.809181e-06
11321,76466,0.06113867
11322,3539,0.008314315
11323,19711,4.25567e-14
11324,74365,0.019700931
11325,100201,0.033757117
11326,18635,2.9767054e-06
11327,46391,2.595586e-10
11328,43957,0.16553059
11329,26132,1.2151584e-10
11330,66858,3.639628e-15
11331,68080,0.023186004
11332,92670,0.030741232
11333,34485,0.020443067
11334,26017,0.002053807
11335,105999,2.645218e-06
11336,113780,1.207952e-12
11337,38119,0.025521828
11338,77492,1.502467e-07
11339,111190,0.0065472187
11340,44860,0.008768024
11341,84248,0.0017280811
11342,74595,5.9996084e-12
11343,78822,4.7747603e-06
11344,45187,0.010283782
11345,69312,0.0017212755
11346,57905,0.026527464
11347,25779,5.497874e-14
11348,80061,1.4003186e-06
11349,3510,3.274672e-06
11350,43661,7.97761e-12
11351,36945,0.026362604
11352,2836,0.008314315
11353,102306,0.0055668545
11354,11656,0.000107900676
11355,37498,2.0871012e-09
11356,8561,1.99873e-05
11357,75628,4.9512265e-09
11358,26471,1.0942169e-10
11359,41107,0.06382485
11360,108798,0.06891348
11361,77522,0.024499305
11362,88953,0.025739817
11363,10113,2.7272709e-08
11364,88458,0.019803535
11365,33756,0.0008461725
11366,21265,0.0065166065
11367,25617,0.010283782
11368,77335,0.012113326
11369,74166,0.00041208786
11370,56251,0.009529468
11371,114070,2.645218e-06
11372,46512,1.135479e-05
11373,107841,0.03203254
11374,43926,1.5596714e-05
11375,4582,2.6463955e-05
11376,9717,1.5725132e-06
11377,50476,4.963713e-05
11378,47176,6.579716e-05
11379,42017,0.004342316
11380,72466,0.00095678144
11381,26624,0.019770224
11382,15712,0.024484172
11383,37546,0.019770224
11384,62849,0.011057796
11385,100344,0.00088056264
11386,6656,1.5725132e-06
11387,83219,4.2365564e-06
11388,42662,1.4988356e-10
11389,74918,0.0082014
11390,40575,3.6427953e-06
11391,35136,6.371086e-05
11392,25929,5.177716e-10
11393,70771,0.045318313
11394,9160,4.0648398e-11
11395,11809,5.0469064e-13
11396,17958,0.045027267
11397,15011,3.128844e-05
11398,105080,0.00095678144
11399,115642,1.2387626e-08
11400,5417,0.024114532
11401,110351,8.967582e-13
11402,110965,0.0017241349
11403,69819,3.9648643e-08
11404,28528,7.873084e-11
11405,45429,0.0059027667
11406,91785,0.0017212755
11407,64001,3.031906e-12
11408,88237,4.980997e-05
11409,101216,5.9032993e-07
11410,76493,3.1272426e-12
11411,104113,0.0017241349
11412,67316,0.03310854
11413,61378,2.479916e-10
11414,79798,0.019803535
11415,59547,0.05755738
11416,103675,0.019840907
11417,54321,5.265607e-07
11418,52968,1.2006819e-08
11419,92040,0.002468914
11420,52572,0.0017212755
11421,39192,3.271414e-12
11422,70223,0.026332634
11423,55844,0.019700931
11424,10197,0.008324848
11425,23648,4.0205584e-14
11426,74996,0.008768024
11427,20832,0.0077144187
11428,100608,6.1150706e-07
11429,51134,8.197678e-12
11430,114271,0.0017241349
11431,87450,4.886615e-07
11432,6268,4.1755328e-07
11433,40239,0.00011293772
11434,22089,1.4528706e-18
11435,7059,1.1930383e-07
11436,85520,0.0017212755
11437,41305,4.6258315e-06
11438,2286,0.3091956
11439,14093,0.011792748
11440,63625,0.0017280811
11441,111092,0.030970415
11442,110720,0.0040566414
11443,65347,0.0018833948
11444,94328,0.00038194968
11445,110190,1.862662e-09
11446,55406,2.391729e-12
11447,20826,5.621182e-05
11448,81161,0.004348352
11449,9925,3.892715e-07
11450,13951,0.018483168
11451,114983,3.8455834e-08
11452,98349,4.900994e-06
11453,33387,0.019700931
11454,73411,0.00083792664
11455,3496,9.1078465e-07
11456,46802,1.107986e-09
11457,106987,0.0026402196
11458,102811,2.6130792e-07
11459,16278,0.06113867
11460,43773,0.026362604
11461,21428,0.0049731275
11462,21298,3.7513439e-13
11463,74370,0.0017212755
11464,62874,0.0055595473
11465,102406,5.7287995e-08
11466,71119,0.019700931
11467,33315,4.7335925e-06
11468,59673,0.009917733
11469,69689,0.034499
11470,25007,0.00018183581
11471,49950,0.0014630348
11472,97366,0.00018221
11473,77148,0.00040666165
11474,41679,0.009634294
11475,5440,1.2142466e-06
11476,13109,1.0440277e-17
11477,71418,0.027718801
11478,92918,6.1721463e-09
11479,87125,9.183958e-12
11480,27452,3.435847e-13
11481,21775,0.026362604
11482,11491,9.0357215e-05
11483,53666,0.0017212755
11484,86569,0.027164537
11485,58377,8.199612e-17
11486,62142,0.00074824225
11487,4577,0.026492594
11488,73874,0.01083776
11489,19842,2.13079e-11
11490,101887,0.0017218442
11491,63696,0.14391772
11492,66316,0.00014129948
11493,114484,0.010153873
11494,45267,0.0084224185
11495,67039,0.05755738
11496,5159,1.5580478e-19
11497,110422,0.008488321
11498,369,0.0007087049
11499,35245,0.0059027667
11500,29086,0.010153873
11501,11713,0.008324848
11502,40490,0.030886764
11503,67185,0.0018784801
11504,25689,3.906941e-15
11505,85759,8.798835e-12
11506,105265,1.0169997e-05
11507,94215,1.1183455e-06
11508,91349,0.0073724524
11509,65523,8.128099e-08
11510,106759,0.026102437
11511,28368,5.465293e-06
11512,88095,0.003683141
11513,72280,0.026332634
11514,43118,0.00021345768
11515,2805,0.023568474
11516,86680,2.397308e-10
11517,112071,8.7426886e-13
11518,56630,0.05755738
11519,44801,0.011792748
11520,62369,0.0055668545
11521,42866,3.3818502e-13
11522,114649,8.3722986e-13
11523,77051,2.13277e-11
11524,107427,0.058114987
11525,21617,0.15910803
11526,111303,0.0014280437
11527,29292,3.435847e-13
11528,102344,1.0172024e-05
11529,114598,0.00057942176
11530,25772,1.1852237e-11
11531,61026,0.024876568
11532,613,5.3351495e-14
11533,14278,0.019700931
11534,101895,0.042527463
11535,76131,6.341281e-10
11536,1292,1.7249308e-06
11537,64355,4.899088e-10
11538,98734,0.0017212755
11539,11863,1.0330999e-08
11540,7543,0.0014439649
11541,47328,0.026362604
11542,16941,0.0006839455
11543,18196,8.9224167e-10
11544,8954,3.0939113e-06
11545,22629,5.1811593e-08
11546,31560,7.1727956e-14
11547,10539,0.008829418
11548,19510,0.019700931
11549,65552,9.132145e-13
11550,47412,0.019770224
11551,33702,3.2799552e-19
11552,70473,0.00032680194
11553,68630,0.05755738
11554,35759,0.071296066
11555,44835,2.141314e-18
11556,111514,3.8200524e-06
11557,25093,1.6640723e-05
11558,5582,9.192249e-08
11559,114479,0.06163517
11560,89186,0.001622638
11561,38508,0.00070479
11562,81189,0.007811113
11563,36874,0.0025603008
11564,78668,0.012294085
11565,20730,1.33664035e-11
11566,57470,0.018483168
11567,10334,3.4530682e-08
11568,109093,1.263667e-06
11569,63140,0.026373321
11570,92277,2.645218e-06
11571,26853,0.009634294
11572,110227,0.008768024
11573,53070,4.6059292e-10
11574,80526,5.2297932e-14
11575,23174,2.4578846e-12
11576,4810,0.023568474
11577,60474,0.007875756
11578,16867,1.9192131e-10
11579,92528,0.026332634
11580,20342,0.15297742
11581,39872,5.933147e-17
11582,13703,0.026492594
11583,115906,7.945882e-05
11584,69603,0.0025516099
11585,39014,0.026102437
11586,8204,0.0017705677
11587,104792,1.1508396e-05
11588,74221,0.06895566
11589,75659,0.019700931
11590,31770,0.006589307
11591,7579,0.03690646
11592,106715,0.019840907
11593,55020,0.008419062
11594,103605,0.058114987
11595,37979,4.368636e-08
11596,78423,0.0018833948
11597,67737,8.858513e-08
11598,96208,2.645218e-06
11599,90672,1.4966403e-08
11600,34465,0.06113867
11601,114517,1.2724085e-05
11602,13520,4.9163724e-12
11603,41567,1.0627981e-06
11604,97174,0.0025599306
11605,8662,1.9591596e-08
11606,100843,0.011950654
11607,106619,0.04824091
11608,98742,4.651426e-16
11609,22002,0.017019715
11610,105875,1.6848262e-10
11611,88346,1.6234788e-08
11612,86968,0.00040211226
11613,112667,0.0038415312
11614,106572,1.5858822e-09
11615,107398,0.00012975436
11616,4653,7.15817e-06
11617,89017,0.00085994595
11618,96256,0.004348352
11619,69546,3.372079e-13
11620,71620,0.110102035
11621,21351,1.4372411e-07
11622,65563,6.380924e-16
11623,85630,0.0009825915
11624,2499,0.005959611
11625,63593,3.933027e-07
11626,24537,1.3269073e-10
11627,29328,0.010153873
11628,39922,0.031010386
11629,69368,0.0017212755
11630,24359,3.6793336e-13
11631,82097,0.00086756714
11632,105771,0.06163517
11633,102265,8.06418e-09
11634,89415,0.033939894
11635,13085,2.2971428e-13
11636,62784,1.8270422e-13
11637,88247,2.067338e-06
11638,56373,0.003857435
11639,45195,0.019293401
11640,30048,0.0013351516
11641,97337,1.9867635e-10
11642,48124,2.645218e-06
11643,26156,0.06113867
11644,65089,2.384189e-10
11645,16131,2.6380682e-15
11646,70495,0.10586758
11647,69577,0.06722756
11648,88743,0.033939894
11649,71638,5.3979365e-05
11650,33805,0.0043132193
11651,60203,0.018483168
11652,11819,1.270276e-09
11653,46014,0.16553059
11654,29351,0.026373321
11655,46294,2.339242e-11
11656,100135,0.0008650305
11657,98069,1.1547532e-05
11658,63676,4.1573117e-13
11659,83139,0.007811113
11660,45754,0.004342316
11661,61739,2.5966467e-09
11662,62800,0.06891348
11663,12694,3.120547e-11
11664,112658,0.0038415312
11665,86881,2.1848825e-09
11666,16669,1.0129607e-17
11667,89096,1.016767e-05
11668,5599,1.7496384e-07
11669,6864,0.023568474
11670,56702,0.054485932
11671,95657,0.019803535
11672,71151,7.873084e-11
11673,17590,0.06113867
11674,47333,0.0055595473
11675,66174,1.8526513e-14
11676,24872,0.00026086552
11677,79565,0.0069001736
11678,111538,0.009529468
11679,113368,0.008419062
11680,45649,5.151779e-07
11681,16976,0.06113867
11682,40276,1.0157164e-05
11683,32976,4.4048814e-12
11684,62221,0.019700931
11685,36475,2.4220424e-07
11686,50678,3.705407e-12
11687,68255,0.00083792664
11688,85155,8.858581e-08
11689,96523,0.004348352
11690,85671,4.3256387e-06
11691,114655,3.7912402e-11
11692,73758,0.038671788
11693,23148,1.3995482e-18
11694,26880,4.7335925e-06
11695,2245,7.52274e-07
11696,34756,0.0060545485
11697,17444,6.184864e-05
11698,67758,0.00083792664
11699,60458,5.1025347e-12
11700,86609,1.4899122e-06
11701,8046,8.6889287e-07
11702,115979,0.0018165645
11703,9993,7.831442e-09
11704,58498,1.8087225e-06
11705,6775,5.152549e-06
11706,85263,1.2887383e-08
11707,37568,0.019770224
11708,63494,0.0014642557
11709,5551,0.008324848
11710,12646,6.5735776e-12
11711,75661,4.8164284e-06
11712,90812,1.9689613e-05
11713,52738,6.9360794e-05
11714,103004,5.8103583e-10
11715,63199,1.1620412e-09
11716,71389,0.011792748
11717,68552,1.4878995e-08
11718,35212,0.006589307
11719,59092,0.010765045
11720,115857,0.00083792664
11721,2816,3.5874548e-06
11722,109242,0.010312991
11723,107241,0.0018876592
11724,41039,0.019700931
11725,78128,1.1840981e-08
11726,50523,1.497698e-14
11727,31774,2.4672455e-16
11728,29605,1.6267875e-10
11729,21469,1.537005e-16
11730,61871,3.0082202e-12
11731,28278,2.4755649e-09
11732,92897,0.0002566624
11733,47441,6.354655e-08
11734,43875,0.0040732357
11735,47854,4.7747603e-06
11736,91613,2.789529e-12
11737,72102,2.68067e-07
11738,7911,8.405549e-09
11739,46186,0.010283782
11740,32252,1.6392189e-05
11741,76738,5.0756374e-12
11742,94088,2.645218e-06
11743,41546,0.0007087049
11744,5613,5.8976157e-06
11745,10874,0.008324848
11746,114863,5.683962e-10
11747,22321,9.0030284e-08
11748,3241,0.012554995
11749,46193,8.982757e-11
11750,99711,0.0048823906
11751,89718,0.05755738
11752,87940,0.008422665
11753,115479,0.045838933
11754,108950,0.05817777
11755,21317,1.4884392e-11
11756,40484,6.712373e-05
11757,88176,0.009642077
11758,92987,0.0059201517
11759,85493,0.021171281
11760,45711,0.0038181362
11761,2067,0.023505688
11762,93087,3.712154e-09
11763,111258,0.008768024
11764,19846,0.053201094
11765,78683,3.6608912e-15
11766,1954,7.785235e-11
11767,74813,0.15494782
11768,94541,0.07145986
11769,36065,0.0043132193
11770,113220,5.755683e-06
11771,25947,0.027164537
11772,24470,5.0730996e-05
11773,111868,0.00851379
11774,11108,2.1742356e-07
11775,25,0.0016904273
11776,89723,0.0043132193
11777,33127,1.8688752e-13
11778,59123,0.045318313
11779,32880,0.24124007
11780,52211,1.5740836e-05
11781,28835,5.418216e-10
11782,23919,1.5773778e-13
11783,59767,5.8117216e-06
11784,49978,0.010153873
11785,1627,1.5713438e-06
11786,54457,0.012583805
11787,115637,7.835472e-10
11788,26117,1.0166807e-06
11789,2216,6.2335728e-09
11790,49962,0.0018738447
11791,70552,0.011792748
11792,2815,3.5874548e-06
11793,112277,0.008419062
11794,90537,0.024452653
11795,109277,2.645218e-06
11796,80249,0.010307644
11797,14097,0.011792748
11798,46266,2.4364653e-12
11799,93434,0.057398185
11800,27501,0.0015843291
11801,93616,0.05755738
11802,60487,0.00012833794
11803,19086,1.073109e-12
11804,50870,2.5108656e-07
11805,26828,0.008768024
11806,70222,0.0015184856
11807,16859,0.01020377
11808,88659,0.019803535
11809,1350,0.01031745
11810,23969,3.952765e-17
11811,32965,1.4973803e-11
11812,32066,0.009529468
11813,20196,4.25567e-14
11814,106827,0.0036969674
11815,104565,8.7711914e-11
11816,45791,3.6793336e-13
11817,105389,0.058114987
11818,47081,2.449684e-07
11819,54629,2.3617148e-12
11820,95515,3.3882472e-10
11821,95357,0.06895566
11822,69435,1.2836626e-08
11823,92625,0.05755738
11824,3380,1.0377136e-07
11825,75793,0.01864118
11826,46248,0.010283782
11827,16095,2.831906e-09
11828,32477,0.0028849258
11829,28492,0.04496502
11830,39692,1.5798237e-08
11831,80960,1.3758148e-11
11832,35161,2.1673347e-12
11833,109215,3.2472448e-15
11834,53456,0.0043132193
11835,24954,3.0810295e-06
11836,34463,0.026527464
11837,21613,0.0007087049
11838,98024,0.004348352
11839,89394,0.019803535
11840,8048,0.0059600095
11841,95166,2.1734406e-05
11842,7587,0.02583555
11843,87242,4.768503e-12
11844,32447,2.2077663e-10
11845,80688,0.010307644
11846,84022,0.0014630348
11847,2807,0.00026120627
11848,102905,0.009529468
11849,47776,9.758351e-12
11850,113304,2.645218e-06
11851,5593,9.108434e-13
11852,93055,0.0018784801
11853,71537,9.405637e-13
11854,94462,3.87126e-12
11855,37166,0.019840907
11856,23433,0.00060766283
11857,111307,0.0001388286
11858,111690,0.057398185
11859,4463,0.14309199
11860,26634,0.019770224
11861,45438,0.06113867
11862,78809,1.1016982e-12
11863,46621,0.019770224
11864,107203,1.8798269e-06
11865,49046,0.0007002288
11866,40526,4.1600918e-15
11867,78295,0.00026360096
11868,83092,0.010307644
11869,39337,0.019700931
11870,113305,0.006379432
11871,71730,0.008768024
11872,79526,1.9040435e-08
11873,56740,2.1593523e-14
11874,104095,1.871795e-11
11875,87321,6.510936e-08
11876,94872,7.5869075e-08
11877,65352,4.1881955e-15
11878,82796,2.5097469e-10
11879,65685,0.0018833948
11880,16535,4.9852098e-08
11881,67720,0.011792748
11882,27711,9.0326927e-13
11883,24241,0.010283782
11884,14128,2.4812408e-10
11885,72276,0.010307644
11886,83654,3.5204933e-17
11887,50378,0.015850792
11888,21565,2.848981e-14
11889,38602,2.308989e-10
11890,8077,0.11462746
11891,53174,1.552684e-08
11892,49891,1.3599105e-05
11893,62026,0.010825283
11894,85498,0.010307644
11895,770,1.9192131e-10
11896,99330,4.863268e-06
11897,8528,0.011855723
11898,5515,3.6806946e-06
11899,108933,7.585071e-05
11900,100738,0.0018833948
11901,64197,5.264632e-14
11902,83767,0.0037036426
11903,78876,2.544293e-05
11904,23352,3.0084985e-10
11905,69144,4.7747603e-06
11906,56258,2.791622e-05
11907,83827,5.621182e-05
11908,90742,0.05755738
11909,92150,0.0010014289
11910,34802,0.010153873
11911,51365,2.8138135e-14
11912,50197,0.0054904954
11913,18541,2.8606476e-06
11914,80994,0.002427138
11915,105513,2.645218e-06
11916,49240,0.0055668545
11917,18817,0.0009825915
11918,9069,6.3220125e-07
11919,95339,4.900994e-06
11920,82869,0.011792748
11921,66797,4.809181e-06
11922,57997,2.1480876e-11
11923,39087,0.035212215
11924,17043,0.042404953
11925,107540,0.008488321
11926,75403,1.162642e-07
11927,104058,7.60403e-07
11928,1640,1.4054189e-05
11929,83408,0.056830663
11930,21579,0.011792748
11931,115636,1.1985234e-13
11932,101363,0.010312991
11933,68145,0.0017212755
11934,102715,0.0018843048
11935,29262,0.020443067
11936,86927,0.0038181362
11937,33116,0.00031117484
11938,86615,0.019700931
11939,27531,3.7761207e-15
11940,42675,0.06810957
11941,105326,0.058114987
11942,30359,0.009529468
11943,93486,0.008422665
11944,18023,8.072867e-11
11945,2059,0.008314315
11946,69767,0.009642077
11947,92912,0.02638637
11948,53978,3.6608912e-15
11949,7016,0.00028355065
11950,54371,1.7716063e-10
11951,44300,0.0004534694
11952,82200,7.2873763e-07
11953,81782,0.05917771
11954,63087,0.006597534
11955,109212,1.8775545e-05
11956,102032,0.010153873
11957,39383,0.031010386
11958,106748,4.96784e-07
11959,57248,0.0048655975
11960,66035,4.8117e-06
11961,15548,1.3171149e-12
11962,74628,0.0017212755
11963,85849,0.019700931
11964,2530,0.06854815
11965,99009,0.0004957646
11966,32255,0.15957011
11967,41756,0.0084224185
11968,97624,0.00026648067
11969,36482,0.009529468
11970,102372,0.008768024
11971,102807,0.018669777
11972,16043,4.2964112e-09
11973,21491,0.0058992202
11974,16385,0.14393526
11975,6577,0.011604054
11976,103165,0.03343239
11977,25393,0.0008461725
11978,84603,1.04304205e-14
11979,42539,0.0008247567
11980,86816,4.900994e-06
11981,70958,0.010307644
11982,98281,0.043769367
11983,66271,5.191422e-10
11984,61702,3.8095233e-10
11985,111005,1.487129e-10
11986,31320,1.3584911e-05
11987,55545,4.7747603e-06
11988,52488,0.052849706
11989,59042,8.920379e-09
11990,59832,3.39784e-09
11991,78101,3.3375787e-12
11992,34782,0.0029803992
11993,75712,0.019700931
11994,392,7.368146e-07
11995,52885,0.010153873
11996,37755,0.010283782
11997,35414,0.026527464
11998,8774,0.0021651727
11999,23859,4.4352423e-06
12000,9453,6.69433e-07
12001,46071,0.004342316
12002,84596,2.7824095e-07
12003,15762,3.765575e-12
12004,108707,0.002221974
12005,64774,8.570847e-08
12006,48198,4.088628e-10
12007,115966,3.7455473e-12
12008,113318,2.3080352e-06
12009,27954,1.6618624e-14
12010,55112,4.6284293e-10
12011,59501,5.7361203e-06
12012,100163,0.0046637477
12013,88416,0.010307644
12014,80325,4.8955732e-11
12015,1456,0.009634294
12016,95265,0.0018523311
12017,73369,0.00083792664
12018,801,2.1215577e-05
12019,71831,3.933027e-07
12020,54935,0.0023332017
12021,55799,0.99806195
12022,67413,0.010307644
12023,8173,5.648666e-06
12024,90342,0.011792748
12025,57152,0.045318313
12026,78738,0.010307644
12027,50164,0.011792748
12028,79783,2.5719685e-15
12029,77478,8.381735e-11
12030,115605,0.023700545
12031,107266,0.009642077
12032,37932,0.019700931
12033,46171,0.0017601119
12034,114356,1.0874947e-13
12035,15310,0.16926356
12036,26800,2.4192386e-12
12037,62483,0.004342316
12038,55047,0.09673475
12039,40930,0.012860478
12040,50380,0.0007336302
12041,86146,2.5407091e-05
12042,55092,1.1449357e-09
12043,10409,2.2352366e-07
12044,46956,7.97761e-12
12045,106402,0.04389628
12046,78657,6.0801038e-05
12047,98202,0.046001643
12048,84924,2.3743585e-06
12049,51127,3.660354e-11
12050,17245,4.9252272e-14
12051,50457,0.010153873
12052,14067,2.3114048e-09
12053,12040,1.333008e-10
12054,79663,0.0017218442
12055,5800,0.1529195
12056,84957,1.7336975e-08
12057,43642,4.68491e-06
12058,40150,4.2640734e-13
12059,70602,7.95037e-09
12060,15305,4.4935365e-05
12061,23568,0.15297742
12062,17171,1.261835e-07
12063,48877,3.0255517e-08
12064,24381,1.829888e-13
12065,109028,0.0017241349
12066,67240,0.056830663
12067,8153,6.8739683e-07
12068,71662,0.010307644
12069,85888,1.7021058e-07
12070,101158,3.9633383e-11
12071,102633,0.00083792664
12072,10383,0.010534443
12073,61991,0.0055305418
12074,46697,0.004342316
12075,107686,0.0017241349
12076,74604,0.00074824225
12077,90430,0.0014630348
12078,74632,7.26415e-05
12079,103963,0.0120360125
12080,75688,1.0800907e-12
12081,6999,0.026492594
12082,48723,0.0048655975
12083,103898,0.010312991
12084,32441,0.0059027667
12085,94362,6.6498336e-07
12086,17651,9.850864e-12
12087,43706,0.009634294
12088,83490,3.5321503e-09
12089,83952,0.033939894
12090,49528,5.935765e-08
12091,114965,8.652556e-10
12092,50606,7.703436e-05
12093,21891,0.06382485
12094,68978,0.019700931
12095,70986,0.06895566
12096,91816,0.004348352
12097,67476,2.3559126e-06
12098,37489,3.9409218e-14
12099,77154,0.0003295185
12100,48996,0.00026209635
12101,60908,0.043363515
12102,77204,2.645218e-06
12103,96070,0.009642077
12104,11631,0.0017705677
12105,105598,0.03338991
12106,72750,7.1029206e-07
12107,24447,9.695297e-11
12108,91977,0.011792748
12109,40520,3.632685e-08
12110,97362,0.00015633005
12111,46130,0.00011293772
12112,83510,0.00014130998
12113,12443,8.221442e-17
12114,112096,2.2492624e-11
12115,66501,2.331347e-09
12116,24981,6.692849e-07
12117,20712,3.4968062e-07
12118,15382,8.066676e-12
12119,85170,0.0017212755
12120,54248,0.026527464
12121,54438,0.0019429021
12122,111471,7.376095e-06
12123,91418,0.08153384
12124,10054,0.0001407013
12125,8384,0.0015854427
12126,78250,2.0329413e-12
12127,68911,0.019700931
12128,57908,0.0055668545
12129,55296,0.013762796
12130,38945,3.5157188e-07
12131,75231,0.01864118
12132,30290,1.6865662e-06
12133,69083,2.7042988e-11
12134,53325,0.008419062
12135,20204,0.0009825915
12136,41700,4.3398583e-12
12137,50899,0.00030694343
12138,18498,7.54924e-10
12139,21149,2.4364653e-12
12140,70360,1.180161e-12
12141,83203,0.012294085
12142,66982,0.011792748
12143,15980,3.3251305e-05
12144,69185,3.3766168e-09
12145,113043,0.01199421
12146,72727,0.3693756
12147,88013,2.8415352e-14
12148,101857,0.045268476
12149,12796,2.1888696e-13
12150,32788,1.5478543e-05
12151,51827,0.06046342
12152,98823,1.8633062e-06
12153,56271,0.056830663
12154,47179,1.0922241e-09
12155,90012,2.645218e-06
12156,114762,2.6519647e-06
12157,91587,0.00032840634
12158,64253,0.00014129948
12159,13171,0.46308714
12160,12677,0.017991323
12161,31045,0.0023178658
12162,59906,0.019700931
12163,95414,1.44689e-09
12164,35940,0.010153873
12165,76302,0.05755738
12166,84430,0.00025252646
12167,78011,6.7500133e-07
12168,44055,7.530633e-13
12169,43428,0.0018239182
12170,37441,3.0705985e-06
12171,32776,1.41678085e-14
12172,19695,1.9192131e-10
12173,66780,2.5719426e-05
12174,37183,0.06113867
12175,67566,0.037613906
12176,89424,0.0017212755
12177,38665,2.301158e-05
12178,75991,0.008768024
12179,38305,4.7335925e-06
12180,53842,5.9292814e-12
12181,44598,0.0030510009
12182,77949,0.008768024
12183,57902,8.380608e-09
12184,59995,1.9888645e-07
12185,107728,0.0022190677
12186,40472,0.019426988
12187,43651,0.032769844
12188,46905,0.004342316
12189,25589,0.0005174049
12190,39823,0.018483168
12191,60723,0.0022265424
12192,83167,1.4736764e-15
12193,22282,7.9261216e-11
12194,58520,0.010153873
12195,76696,0.19035321
12196,112788,1.8038738e-09
12197,98418,0.00424698
12198,17287,3.6878085e-08
12199,111302,8.967582e-13
12200,57381,1.4273193e-06
12201,25801,0.0007336302
12202,46887,0.0006512152
12203,49545,0.010153873
12204,47291,0.07140674
12205,55235,0.025521828
12206,24212,4.0428878e-07
12207,81276,0.004641126
12208,10272,0.1529195
12209,82033,0.0038181362
12210,109184,5.5044186e-15
12211,67154,1.9636123e-11
12212,12981,0.281345
12213,45590,6.0906887e-06
12214,49129,0.007811113
12215,11257,0.01031745
12216,15837,6.3984446e-10
12217,91102,0.019803535
12218,94545,0.0008804657
12219,64846,0.0015261903
12220,19471,0.009566048
12221,11392,1.1930383e-07
12222,84947,0.06113867
12223,14166,0.00092581386
12224,43919,0.00013743206
12225,5280,6.0853126e-06
12226,73347,0.0007336302
12227,44514,0.026362604
12228,107240,2.9210705e-09
12229,62038,5.264632e-14
12230,89923,7.254821e-08
12231,38791,1.41678085e-14
12232,6495,0.0036235822
12233,66352,0.006246458
12234,105877,3.2802472e-09
12235,44460,3.6793336e-13
12236,9244,1.8083791e-06
12237,87674,0.05755738
12238,51159,0.000109781155
12239,56658,0.0047123786
12240,39436,0.010283782
12241,90426,0.00087116146
12242,87398,0.00027229477
12243,90553,5.282806e-11
12244,55484,4.7747603e-06
12245,101554,0.00012900085
12246,72563,0.0043132193
12247,28989,0.00034509986
12248,9928,2.6680607e-07
12249,2058,0.026527464
12250,48873,0.08153384
12251,115028,1.18237375e-08
12252,96560,1.4286346e-07
12253,63881,3.188911e-11
12254,88006,3.5981845e-08
12255,84376,0.010307644
12256,72548,2.1620768e-10
12257,86047,0.043363515
12258,105668,6.5492826e-13
12259,3120,0.011270111
12260,86592,0.009642077
12261,29741,0.010153873
12262,84340,0.04496502
12263,113340,9.342652e-12
12264,30791,1.2919549e-12
12265,70440,0.009642077
12266,54879,7.1647566e-10
12267,12242,5.421891e-12
12268,33542,3.1211453e-09
12269,63966,0.008419062
12270,41173,0.026362604
12271,35005,2.4547995e-05
12272,8517,0.026492594
12273,20033,0.00011789626
12274,34921,0.010153873
12275,99064,0.0001388286
12276,75942,0.0008847968
12277,89400,0.019803535
12278,90019,0.019803535
12279,109053,0.010312991
12280,35632,0.010153873
12281,57004,0.010153873
12282,63297,0.08977701
12283,33731,0.006035061
12284,73773,0.008839894
12285,58003,0.0007336302
12286,66819,3.5947805e-13
12287,44545,0.008768024
12288,106172,0.004348352
12289,61891,2.645218e-06
12290,79270,2.4561802e-11
12291,61270,0.00071074354
12292,96206,7.886029e-05
12293,50482,3.9409218e-14
12294,54936,4.7158937e-06
12295,63931,1.2752543e-10
12296,98356,4.964084e-10
12297,109672,4.8552506e-06
12298,22259,1.7848837e-15
12299,74643,0.033514667
12300,4517,6.0771366e-10
12301,12991,0.017991323
12302,30426,1.244867e-05
12303,10799,2.765015e-11
12304,81223,2.6482534e-14
12305,3863,0.008324848
12306,56853,0.0018784801
12307,29460,0.06113867
12308,52247,0.009529468
12309,20611,0.00056931423
12310,27234,1.3858829e-12
12311,69719,0.001094066
12312,72113,0.0017212755
12313,10421,1.630897e-06
12314,64422,2.6782367e-08
12315,108438,0.026325935
12316,57034,2.3380508e-07
12317,82296,9.716219e-06
12318,66508,1.0651421e-08
12319,1591,0.007811113
12320,22745,4.4690434e-13
12321,47738,1.41678085e-14
12322,83847,4.816796e-06
12323,13770,0.053201094
12324,54679,8.6187975e-12
12325,31493,0.025521828
12326,77089,0.025521828
12327,38735,0.00025221918
12328,70145,1.9286722e-11
12329,51490,0.025521828
12330,52216,1.0161408e-05
12331,4820,5.971917e-07
12332,3420,2.6380682e-15
12333,26659,0.06382485
12334,69324,0.0001377413
12335,70783,0.00047381842
12336,74661,0.00083792664
12337,100105,2.283061e-05
12338,65855,7.55113e-09
12339,5714,4.1755328e-07
12340,4620,2.258128e-13
12341,79009,0.0008461725
12342,574,2.6891575e-10
12343,43778,1.7662207e-11
12344,101133,1.3415277e-13
12345,66561,7.775218e-11
12346,110876,0.004348352
12347,42212,5.5585394e-16
12348,14554,0.06113867
12349,75691,1.5090273e-10
12350,4027,9.4799515e-07
12351,91686,0.0001825176
12352,42709,0.010283782
12353,66326,0.0055807563
12354,112746,6.027984e-09
12355,69645,0.007811113
12356,82438,0.03345948
12357,72724,0.011792748
12358,75665,1.5529237e-12
12359,70214,0.0008246388
12360,40573,0.0462777
12361,69976,0.00083792664
12362,71583,0.00057775545
12363,11152,0.023471909
12364,23602,2.1506123e-08
12365,48796,0.010153873
12366,54080,1.5423104e-10
12367,32497,0.00026209635
12368,13699,1.2479758e-12
12369,65388,1.0165818e-05
12370,21013,5.890202e-07
12371,30033,0.00010814759
12372,110983,1.0255409e-09
12373,8818,0.0004233309
12374,42138,1.3579786e-06
12375,65132,4.8117e-06
12376,19663,0.01020377
12377,113652,3.123453e-11
12378,98930,0.0014642557
12379,4192,4.058153e-08
12380,61915,6.2233996e-10
12381,56478,0.04854878
12382,15904,0.011792748
12383,114538,1.022274e-08
12384,112509,1.969367e-06
12385,11670,8.7145265e-05
12386,2356,3.0554148e-10
12387,97075,0.0025516099
12388,40525,0.011107255
12389,1293,1.7249308e-06
12390,76202,0.008422665
12391,21543,1.8339629e-16
12392,18167,3.3251305e-05
12393,106769,8.6055e-10
12394,27165,0.07140674
12395,89981,0.0065629994
12396,35320,0.010153873
12397,103154,3.3375787e-12
12398,58371,0.0048655975
12399,46303,0.009634294
12400,36460,0.011792748
12401,84633,2.2458574e-12
12402,35905,2.711588e-10
12403,75796,0.0014107198
12404,44521,0.0038181362
12405,2840,5.0928897e-12
12406,107655,2.645218e-06
12407,91028,0.00025298868
12408,90709,3.6608912e-15
12409,72538,7.8045436e-05
12410,69897,3.8430958e-13
12411,112173,0.02308984
12412,15184,4.9039203e-14
12413,20404,4.3742285e-09
12414,4842,0.022496888
12415,28724,0.004342316
12416,87296,0.018669777
12417,3834,3.460908e-12
12418,81397,1.875612e-11
12419,31042,0.0001759758
12420,25146,0.010283782
12421,103341,0.0100401435
12422,101823,2.7375243e-05
12423,3885,0.0048050894
12424,8500,5.2370037e-06
12425,27879,0.026527464
12426,97591,0.020658527
12427,82133,3.5668635e-11
12428,86023,0.00022616444
12429,38206,0.011729959
12430,81668,1.9232906e-05
12431,114777,0.012294085
12432,75715,7.886029e-05
12433,56895,5.57635e-06
12434,96888,0.0075234165
12435,27907,0.0014774455
12436,107586,2.278155e-08
12437,31444,0.00018251291
12438,114717,8.116237e-05
12439,114781,0.0037243757
12440,112781,0.0016560457
12441,68264,7.26415e-05
12442,23284,4.803983e-10
12443,49565,0.010153873
12444,61276,0.02646379
12445,26691,0.06113867
12446,100901,2.2481318e-17
12447,15447,0.014371754
12448,5091,5.726565e-07
12449,107094,0.009642077
12450,84766,0.056830663
12451,21211,3.4437314e-14
12452,110678,1.6848262e-10
12453,84346,0.024876568
12454,53301,0.0043132193
12455,91482,0.004348352
12456,42406,0.063275725
12457,64206,0.0018833948
12458,39660,2.1696258e-06
12459,70633,2.2720885e-08
12460,64154,4.809181e-06
12461,88772,0.07145986
12462,92138,0.02372243
12463,38565,0.0110621145
12464,55541,0.00031117484
12465,52485,4.8955732e-11
12466,22445,0.00088267185
12467,90485,1.39607e-07
12468,473,0.042404953
12469,97810,0.057398185
12470,46392,1.6042729e-07
12471,52423,0.020443067
12472,18721,0.0059027667
12473,30744,0.010153873
12474,69791,0.0055668545
12475,96249,0.032047797
12476,62001,0.09628129
12477,74266,1.8696355e-12
12478,56490,2.0489075e-14
12479,111889,0.0003068211
12480,101073,1.6826945e-09
12481,74795,0.099113986
12482,46007,2.8823137e-12
12483,41418,0.004342316
12484,21145,3.4233153e-08
12485,35238,7.01097e-10
12486,87481,3.372079e-13
12487,464,2.6349523e-10
12488,51378,2.1268534e-09
12489,73632,0.010307644
12490,57945,6.9360794e-05
12491,58317,0.033939894
12492,57485,0.045318313
12493,60008,8.858513e-08
12494,18099,0.009184082
12495,115851,7.526875e-12
12496,88103,0.06895566
12497,101613,0.0001388286
12498,42360,0.032769844
12499,7577,0.12685284
12500,6226,4.8846395e-08
12501,114623,0.069460474
12502,34468,0.00031117484
12503,30181,0.0059027667
12504,38934,3.747489e-13
12505,31701,0.0018694574
12506,54305,4.7747603e-06
12507,69314,3.372079e-13
12508,98259,0.010312991
12509,44019,9.3327486e-05
12510,30442,2.6406754e-08
12511,71732,0.00040666165
12512,40732,0.012760203
12513,48136,1.6627281e-10
12514,31510,2.8153629e-08
12515,96889,0.05755738
12516,58276,0.0017212755
12517,100497,0.009642077
12518,7921,4.9771252e-08
12519,101481,0.0024539954
12520,39753,3.482349e-08
12521,26302,0.0014630348
12522,80499,5.771182e-10
12523,65849,5.8937914e-14
12524,11244,0.06657575
12525,43583,0.020443067
12526,36699,0.034086544
12527,58387,2.8038555e-13
12528,104980,2.8287423e-13
12529,64109,1.392471e-06
12530,13833,0.018483168
12531,6562,1.688847e-11
12532,103288,1.7062865e-05
12533,59038,3.7455473e-12
12534,39386,0.0084224185
12535,94160,1.2395197e-05
12536,63670,0.18028851
12537,111916,0.048484165
12538,26173,0.010283782
12539,32224,0.019840907
12540,96706,6.7414546e-11
12541,115522,1.1850728e-06
12542,74594,9.211879e-14
12543,29806,2.7301644e-08
12544,637,0.0891212
12545,56776,0.02505873
12546,82047,1.6398131e-07
12547,52655,7.280485e-18
12548,77233,1.126962e-12
12549,377,5.726565e-07
12550,96056,4.809181e-06
12551,92954,0.0017212755
12552,97874,2.188278e-06
12553,23880,0.009529468
12554,49399,0.010153873
12555,11320,4.2417764e-08
12556,60273,0.026527464
12557,9856,0.023568474
12558,24556,0.032769844
12559,105216,0.0017241349
12560,34306,0.010153873
12561,60397,5.4693836e-14
12562,107992,2.645218e-06
12563,109472,5.8411433e-07
12564,16758,2.4890159e-09
12565,70652,9.410909e-14
12566,83921,0.026332634
12567,46324,0.00011293772
12568,24843,0.001176501
12569,110159,4.6495643e-06
12570,40476,0.014894025
12571,101193,1.0100939e-09
12572,23920,3.02561e-07
12573,80987,4.8164284e-06
12574,96937,0.02445036
12575,21983,3.275461e-05
12576,100650,0.027711796
12577,15630,1.9101076e-15
12578,44887,4.6950136e-06
12579,52180,0.010153873
12580,33286,4.183948e-15
12581,83208,0.026332634
12582,47356,3.3818502e-13
12583,38434,0.010283782
12584,112786,0.0007557321
12585,62797,2.149243e-07
12586,89370,0.003977947
12587,54809,0.0007336302
12588,98706,1.6378938e-13
12589,66360,2.1968155e-10
12590,95846,0.026325935
12591,114871,2.6284846e-05
12592,79484,0.010307644
12593,39194,6.1210035e-06
12594,15565,6.40581e-06
12595,100188,0.00045455096
12596,28355,0.002373353
12597,76211,4.934724e-14
12598,95950,0.033939894
12599,89493,0.019803535
12600,5901,0.009027853
12601,41869,1.41678085e-14
12602,18302,3.2610435e-06
12603,94744,0.0111271795
12604,14390,0.011792748
12605,18086,1.9919872e-07
12606,63114,0.05755738
12607,10483,1.01614695e-07
12608,90620,0.0017212755
12609,43071,0.019770224
12610,16848,4.9852098e-08
12611,59417,3.4353707e-08
12612,106971,2.1613663e-07
12613,51730,0.009096179
12614,44590,3.177283e-12
12615,59779,2.2379885e-09
12616,15215,7.9493206e-10
12617,60216,0.0017280811
12618,38557,1.4134807e-07
12619,48799,4.01047e-11
12620,74136,0.00026209635
12621,83015,0.00013426386
12622,71222,0.00034708958
12623,36262,0.15288103
12624,114242,0.019840907
12625,98458,0.0007339666
12626,42015,0.019700931
12627,79304,0.018778447
12628,74250,0.00222437
12629,9653,5.1003033e-05
12630,86008,2.645218e-06
12631,12755,4.7440656e-11
12632,81754,0.036952205
12633,87243,1.7324518e-06
12634,18712,2.848981e-14
12635,18929,2.848981e-14
12636,52538,0.0018108264
12637,112487,0.058114987
12638,78991,1.1281638e-09
12639,87115,0.008768024
12640,10678,0.002908524
12641,107960,0.0715194
12642,783,0.0004703292
12643,83109,3.441623e-05
12644,23308,0.0028159623
12645,115443,2.8680874e-05
12646,30674,0.010153873
12647,102438,0.02497363
12648,21170,6.8888637e-09
12649,42142,1.3857364e-10
12650,69030,2.3339924e-06
12651,34757,0.026102437
12652,32004,5.47025e-10
12653,66143,0.9981779
12654,23132,0.0007087049
12655,83402,2.1009233e-10
12656,38343,1.828616e-06
12657,83137,0.03689634
12658,106491,4.1180654e-09
12659,112331,1.6848262e-10
12660,40898,9.205723e-12
12661,105742,8.123848e-09
12662,26479,0.010283782
12663,84595,0.006417349
12664,109410,4.900994e-06
12665,4246,8.905118e-08
12666,93928,0.02445036
12667,34070,0.010765045
12668,92186,3.720367e-10
12669,45145,0.005243028
12670,108051,0.011919683
12671,34473,5.933147e-17
12672,87787,0.05755738
12673,19640,4.5426283e-08
12674,112043,0.0065472187
12675,78676,0.018778447
12676,88808,0.06895566
12677,52775,0.0043132193
12678,38438,0.010283782
12679,31965,0.18826114
12680,79781,2.9849634e-06
12681,15312,0.020497428
12682,115419,0.0010068681
12683,46584,0.00013743206
12684,8656,4.843656e-06
12685,8334,2.2258548e-10
12686,31347,0.06113867
12687,46835,2.9736845e-15
12688,98856,1.1016982e-12
12689,98431,1.109244e-13
12690,13009,0.05334092
12691,82666,0.01083776
12692,35616,3.1335244e-07
12693,69964,4.272109e-09
12694,47091,4.6950136e-06
12695,816,5.799724e-07
12696,87307,0.071296066
12697,32025,0.009529468
12698,32595,0.0007336302
12699,26639,1.2775222e-08
12700,58188,0.0017212755
12701,48067,0.009529468
12702,111618,8.050202e-05
12703,88918,0.05755738
12704,36550,0.00040666165
12705,14778,4.243832e-12
12706,73110,0.00026264615
12707,13757,8.403841e-15
12708,38457,0.00082627014
12709,41053,0.00011293772
12710,99269,1.1898638e-09
12711,1331,1.6956536e-08
12712,89594,2.7090792e-15
12713,22760,0.00026209635
12714,63941,2.176568e-09
12715,48842,0.008768024
12716,69823,0.010307644
12717,33758,2.2572012e-05
12718,100058,0.034070056
12719,77736,9.495331e-13
12720,32278,0.008768024
12721,20654,1.6679826e-13
12722,58334,6.6071523e-12
12723,94664,2.645218e-06
12724,113940,1.7096112e-12
12725,86654,0.0018843443
12726,26915,0.008768024
12727,88531,0.0073724524
12728,31674,0.011792748
12729,114506,0.019840907
12730,103422,4.934918e-06
12731,53129,0.00088267185
12732,103105,0.058268446
12733,19292,0.01020377
12734,113034,0.01199421
12735,5360,1.9544121e-08
12736,39684,0.025521828
12737,51673,0.008531047
12738,15789,3.8757084e-06
12739,35439,4.5842644e-06
12740,93631,2.085245e-11
12741,108138,1.4135682e-07
12742,50713,0.0043132193
12743,66733,1.3714184e-11
12744,37018,5.295578e-11
12745,50908,0.020443067
12746,31752,0.00030311872
12747,63838,2.9346405e-09
12748,25866,0.010283782
12749,99007,0.008129498
12750,68459,0.004348352
12751,92921,0.05755738
12752,47751,0.00010306418
12753,18084,0.009566048
12754,90499,0.024918387
12755,84876,3.0237401e-12
12756,109431,2.4066907e-10
12757,21680,0.010283782
12758,25018,1.0171514e-11
12759,79208,0.03203254
12760,91269,1.5272704e-09
12761,27816,0.0067218016
12762,42370,0.10586758
12763,10669,1.5655085e-07
12764,88616,0.011792748
12765,64674,2.765323e-06
12766,59950,0.056830663
12767,82044,0.013329668
12768,53989,0.0007617878
12769,4040,7.127254e-08
12770,47747,0.0065868073
12771,76413,0.026112074
12772,15129,0.00010577618
12773,91002,3.372079e-13
12774,14260,1.6205901e-18
12775,110752,0.01633953
12776,45792,0.0001139622
12777,48006,0.009529468
12778,114889,0.03312897
12779,8937,9.313566e-06
12780,40599,0.0001015354
12781,47535,1.6392189e-05
12782,66034,0.00088056264
12783,57335,0.0018833948
12784,65811,1.15789e-10
12785,52344,0.008419062
12786,59349,0.026527464
12787,11668,0.0017444795
12788,88991,0.019803535
12789,99807,0.00083792664
12790,37824,0.0017745991
12791,93968,1.2601826e-07
12792,6308,0.022496888
12793,86381,2.2050328e-12
12794,15629,0.0017232611
12795,75706,1.7686184e-10
12796,48104,0.00029045838
12797,10492,0.024114532
12798,15322,1.7852259e-06
12799,35843,0.0077702133
12800,97710,0.018669777
12801,49945,5.105947e-14
12802,24602,0.00011293772
12803,8155,0.0027039677
12804,77660,1.0165818e-05
12805,95724,4.809181e-06
12806,112675,0.02589065
12807,88462,0.013030187
12808,92351,0.0059080804
12809,3382,0.0001853153
12810,33931,0.0002153322
12811,31035,1.3898644e-08
12812,93614,0.008768024
12813,70165,0.0017212755
12814,110412,0.009642077
12815,29571,1.3682896e-05
12816,16093,0.02646379
12817,61334,0.01020377
12818,109381,0.033240877
12819,92459,0.018669777
12820,108185,0.023186004
12821,6596,0.0059600095
12822,5692,0.016424766
12823,1696,6.1179904e-05
12824,94605,2.645218e-06
12825,107499,1.13525375e-05
12826,39037,4.4690434e-13
12827,66164,0.006246458
12828,73611,9.74561e-12
12829,109468,1.1773276e-05
12830,83977,0.024876568
12831,72087,0.043363515
12832,68989,9.495331e-13
12833,65828,2.3928096e-06
12834,83519,0.007811113
12835,99570,1.1879996e-07
12836,22659,0.0006805634
12837,109735,0.022350626
12838,101179,1.2026485e-08
12839,52516,0.00012833794
12840,8463,2.3799037e-06
12841,106243,2.6968527e-07
12842,47735,0.010283782
12843,96776,4.8468673e-06
12844,12161,7.1648526e-10
12845,30318,0.0017987062
12846,105905,0.0001388286
12847,109984,0.019840907
12848,27842,0.0007336302
12849,37413,0.019700931
12850,51533,0.0004534694
12851,60657,0.026373321
12852,101573,0.057741154
12853,77834,9.819457e-09
12854,1811,9.2642156e-05
12855,21318,4.1751025e-10
12856,46809,0.027164537
12857,89992,0.008422665
12858,72748,9.636119e-05
12859,5074,0.02605411
12860,43484,0.024115043
12861,56565,0.06113867
12862,62501,0.0058992202
12863,88835,0.045318313
12864,97927,0.00025440587
12865,101327,0.04389628
12866,60962,2.469089e-10
12867,107724,2.645218e-06
12868,5913,1.7683831e-09
12869,29486,1.8688752e-13
12870,63662,0.06765456
12871,74208,0.003525378
12872,57572,1.0715307e-07
12873,33993,4.8384113e-06
12874,13538,2.705939e-15
12875,108622,5.4952137e-13
12876,1509,0.00023764932
12877,17864,4.7814027e-14
12878,33058,0.00016816138
12879,7891,1.6390642e-07
12880,16266,6.184864e-05
12881,101440,0.0073724524
12882,64088,0.00074824225
12883,100636,2.2050328e-12
12884,3710,0.07150146
12885,72535,0.18984969
12886,46256,4.4995626e-12
12887,58112,3.1111437e-12
12888,88925,1.8303036e-09
12889,113850,0.045318313
12890,54609,1.3717637e-07
12891,10022,6.1706464e-06
12892,82181,0.05917771
12893,112891,2.0783317e-07
12894,94359,0.00041208786
12895,58008,0.0007336302
12896,62978,4.86465e-06
12897,62509,2.5475976e-05
12898,110215,0.006379432
12899,70166,0.011792748
12900,88724,0.06163517
12901,106141,0.004348352
12902,36253,0.071296066
12903,72031,4.5214303e-09
12904,94147,0.0010016299
12905,38638,1.6624894e-11
12906,6613,8.260048e-09
12907,97226,0.004348352
12908,102890,4.8955732e-11
12909,55416,0.0055668545
12910,99179,2.645218e-06
12911,72188,0.010307644
12912,60967,1.4400962e-07
12913,105027,0.030740164
12914,99342,1.0053105e-05
12915,48652,0.11610458
12916,6954,0.022496888
12917,12628,2.9013272e-05
12918,18616,1.5694221e-13
12919,97952,8.872768e-08
12920,95229,0.030740164
12921,79631,0.007811113
12922,111745,0.06163517
12923,114025,1.1240553e-06
12924,57220,0.009529468
12925,73066,0.019700931
12926,54468,1.8688752e-13
12927,31348,0.03271103
12928,13694,0.06113867
12929,87373,0.0007876134
12930,112329,0.0024509917
12931,86302,0.009642077
12932,75133,0.01864118
12933,26814,0.008294214
12934,21869,8.7228086e-11
12935,4982,3.7483218e-11
12936,63753,0.0018833948
12937,62944,0.03908157
12938,25663,1.1134598e-10
12939,59582,0.033939894
12940,67526,0.024876568
12941,19751,6.185622e-11
12942,89892,0.0017212755
12943,11416,2.6191223e-11
12944,30620,3.777257e-12
12945,80892,0.0007002288
12946,12841,8.013774e-06
12947,54146,9.5109236e-08
12948,112053,0.008768024
12949,82102,0.0014604137
12950,87764,1.7456594e-12
12951,15745,5.7790803e-05
12952,24902,0.009634294
12953,87137,0.008768024
12954,61190,0.15207218
12955,37629,4.7335925e-06
12956,4644,4.062103e-08
12957,11327,0.04621593
12958,50294,1.41678085e-14
12959,24893,0.060708195
12960,10783,0.027651034
12961,64411,2.8287423e-13
12962,48769,0.0010732088
12963,69417,2.645218e-06
12964,97808,1.4905431e-09
12965,114966,4.70677e-11
12966,100053,0.009125348
12967,19165,3.7551662e-13
12968,22518,4.1257067e-13
12969,60346,0.034499
12970,40775,0.03248421
12971,107157,0.0029602337
12972,98443,0.0004101637
12973,67805,0.002492704
12974,67428,0.0065166065
12975,59215,0.00093844277
12976,24932,0.026362604
12977,99968,0.0075234165
12978,14863,0.010564306
12979,89291,0.033939894
12980,24020,3.3818502e-13
12981,9743,0.0021369674
12982,95346,0.00026027774
12983,10571,1.2812416e-07
12984,57425,2.3733168e-11
12985,32172,6.2272704e-10
12986,38238,4.0742667e-13
12987,77973,0.00032240423
12988,13866,0.0038181362
12989,103742,0.02638637
12990,114306,3.0073087e-07
12991,26520,2.7184067e-11
12992,60831,0.029666295
12993,2215,0.005959611
12994,14258,8.221442e-17
12995,88748,4.809181e-06
12996,34316,0.019700931
12997,100824,0.010765045
12998,2950,0.023568474
12999,35682,0.00026209635
13000,35576,3.705407e-12
13001,114589,0.010344601
13002,90023,0.0017212755
13003,18009,2.705939e-15
13004,105580,0.0030874338
13005,114349,1.2518505e-07
13006,56276,2.4115994e-09
13007,100784,1.9572908e-13
13008,1496,1.0370048e-08
13009,97367,1.5703804e-13
13010,102052,0.013874572
13011,12125,0.009551308
13012,9798,4.00676e-08
13013,48449,0.00026209635
13014,56777,0.056830663
13015,72890,7.513392e-08
13016,6703,1.1985629e-06
13017,47104,1.6392189e-05
13018,73023,0.024499305
13019,49801,5.933147e-17
13020,76964,0.0011714564
13021,110168,0.01199421
13022,11388,5.6518337e-07
13023,80964,1.5442229e-11
13024,65439,2.7839726e-06
13025,48231,0.0037036426
13026,81053,2.645218e-06
13027,110878,1.1404407e-18
13028,79063,1.8926743e-06
13029,67600,4.653485e-07
13030,25169,0.019770224
13031,3638,0.024114532
13032,46194,2.856136e-10
13033,37004,1.8673477e-08
13034,19253,2.7301644e-08
13035,71797,0.010307644
13036,43495,0.010153873
13037,61482,0.06895566
13038,22601,0.0049731275
13039,51683,0.011792748
13040,49232,4.6075123e-13
13041,89893,0.033519574
13042,32056,0.0715194
13043,42468,2.0422173e-09
13044,66437,7.666838e-05
13045,78760,0.010307644
13046,41523,5.5305893e-08
13047,100492,0.0007536853
13048,83480,0.0020534005
13049,105510,0.058114987
13050,50345,1.8652937e-08
13051,28738,0.10586758
13052,75769,0.0059027667
13053,22056,0.009634294
13054,102427,0.030741232
13055,85670,0.017219376
13056,80094,3.902418e-09
13057,60349,0.056830663
13058,96119,1.8720243e-14
13059,9399,4.115104e-07
13060,86907,0.056830663
13061,86989,1.3717637e-07
13062,14105,0.00015337377
13063,9560,3.1639754e-06
13064,64672,0.00018619008
13065,11006,0.0008784072
13066,53215,1.8674198e-11
13067,73170,3.724574e-12
13068,83868,0.004348352
13069,55476,0.07565917
13070,25377,1.8927103e-06
13071,30654,2.253001e-12
13072,98988,0.06826554
13073,17490,0.009312758
13074,91338,0.01083776
13075,76564,0.06113867
13076,66365,3.390363e-09
13077,29991,0.015850792
13078,19273,3.152401e-12
13079,74691,7.596674e-05
13080,60463,0.030741232
13081,49139,0.0022265424
13082,44530,0.0038181362
13083,69567,0.03310854
13084,58724,0.026527464
13085,59472,0.045318313
13086,108807,1.9487148e-14
13087,17847,3.906941e-15
13088,10290,5.6518337e-07
13089,44165,1.8662642e-13
13090,21460,0.0013030017
13091,115894,3.0114006e-12
13092,18357,9.843628e-05
13093,20395,0.097857654
13094,11978,1.5665103e-08
13095,108556,3.0567057e-12
13096,67977,0.15957011
13097,86534,5.86125e-17
13098,29908,0.010153873
13099,170,1.7231441e-05
13100,17770,4.7814027e-14
13101,61426,4.068407e-07
13102,18754,0.056103524
13103,88251,5.94689e-13
13104,57634,5.202078e-07
13105,105106,0.0001825176
13106,83773,1.9979796e-06
13107,88869,0.00083792664
13108,5082,0.0027039677
13109,57319,0.0002811516
13110,9581,0.022496888
13111,56633,1.4400962e-07
13112,3169,5.70456e-08
13113,75655,0.00093844277
13114,82513,0.010153873
13115,52767,0.09168494
13116,23656,0.010283782
13117,27056,7.624376e-05
13118,54806,0.00071242865
13119,16252,0.11330997
13120,100936,0.009642077
13121,37087,4.7335925e-06
13122,3094,0.0027028467
13123,107332,2.5152222e-08
13124,49016,0.0022265424
13125,4647,0.012955694
13126,71455,0.0042249663
13127,79876,0.06163517
13128,17051,0.01020377
13129,107618,0.00012975436
13130,83107,0.019700931
13131,107156,0.0017241349
13132,76261,2.4895747e-10
13133,58844,0.00071242865
13134,87949,0.00085994595
13135,55743,4.7747603e-06
13136,19124,2.472456e-12
13137,112425,0.06826554
13138,38070,1.7841232e-07
13139,62482,0.00083792664
13140,9331,0.010534443
13141,46496,3.2560057e-09
13142,69177,0.012294085
13143,64722,1.3751747e-11
13144,21009,1.4528706e-18
13145,100856,0.0031113576
13146,65396,7.442275e-09
13147,59932,0.019700931
13148,71826,8.196913e-12
13149,53281,2.1871827e-14
13150,57803,3.8104854e-16
13151,112553,3.533764e-11
13152,38048,0.0006145481
13153,73766,2.9704792e-09
13154,106337,0.00088056264
13155,24314,0.011792748
13156,95990,0.0017212755
13157,80225,0.0025516099
13158,26361,0.0059027667
13159,53955,1.5447165e-06
13160,96324,4.8468673e-06
13161,46616,0.010283782
13162,2175,0.026527464
13163,16337,7.756475e-09
13164,82480,4.4583817e-10
13165,84775,1.1719407e-07
13166,72723,3.4423742e-09
13167,11312,1.1742966e-05
13168,85544,0.0009825915
13169,30565,0.000110250614
13170,89372,0.00083792664
13171,94779,0.0004534694
13172,40997,0.010283782
13173,112040,1.232239e-07
13174,107323,1.4762135e-08
13175,86308,1.1016982e-12
13176,40066,4.784337e-06
13177,40083,0.00026209635
13178,64909,0.09253255
13179,29903,6.2311265e-08
13180,71790,0.05755738
13181,85277,0.04496502
13182,53780,0.010153873
13183,22109,0.009634294
13184,81722,4.8164284e-06
13185,66305,1.0170501e-05
13186,72309,0.010307644
13187,43720,0.019770224
13188,49384,2.0647983e-08
13189,95137,0.0013465162
13190,16811,0.004324647
13191,71093,0.0007996785
13192,23234,0.00011293772
13193,26364,0.019770224
13194,10300,0.06139139
13195,87374,0.008768024
13196,86897,3.6608912e-15
13197,89497,0.10750264
13198,39570,0.0003207267
13199,77010,1.098041e-05
13200,41395,0.010283782
13201,108459,3.123879e-09
13202,114789,2.218011e-07
13203,18054,4.4327287e-05
13204,33889,0.019840907
13205,91924,0.05755738
13206,59669,0.056830663
13207,50182,0.007811113
13208,52376,0.010153873
13209,99156,4.557311e-05
13210,71287,0.045318313
13211,15824,0.009566048
13212,50587,0.011792748
13213,17316,0.009566048
13214,16753,1.3429161e-08
13215,29865,6.024197e-05
13216,5161,0.0021369674
13217,2603,2.0652826e-05
13218,107526,2.3648003e-10
13219,58807,1.0165818e-05
13220,28360,0.009529468
13221,77494,4.809181e-06
13222,69812,0.00026209635
13223,46021,0.0010257341
13224,84395,6.9360794e-05
13225,13125,0.008718853
13226,73935,0.008422665
13227,31651,0.037553556
13228,55179,0.019700931
13229,10997,5.6518337e-07
13230,94906,0.010153873
13231,79229,1.1363107e-07
13232,78871,0.02375226
13233,5402,8.276574e-13
13234,82887,0.0037254924
13235,90278,0.02638637
13236,87110,3.6608912e-15
13237,12585,7.1727956e-14
13238,40903,0.0023332017
13239,13010,5.018841e-07
13240,56504,2.1490623e-05
13241,35494,0.00011293772
13242,30560,5.9287135e-09
13243,55613,0.019700931
13244,49482,1.7320779e-12
13245,52352,0.008419062
13246,63411,5.204461e-13
13247,87724,0.0065629994
13248,90397,0.0065098247
13249,39857,5.8085396e-05
13250,20243,0.01020377
13251,31435,0.031764746
13252,86095,1.8182921e-07
13253,33782,0.000604076
13254,88846,0.026102437
13255,23886,0.024115043
13256,72728,0.05755738
13257,110479,4.789086e-11
13258,90849,0.06924659
13259,26875,0.00014879521
13260,113679,0.16443095
13261,61561,4.074982e-09
13262,46583,0.010283782
13263,17506,1.1466765e-05
13264,24989,0.010283782
13265,76711,0.010307644
13266,4017,8.3046594e-05
13267,21876,8.676851e-17
13268,31244,1.2333622e-06
13269,45054,0.08153384
13270,91328,0.06826554
13271,99947,0.010312991
13272,94801,3.7455473e-12
13273,100296,0.0007288456
13274,51754,0.04301592
13275,92805,4.7883214e-10
13276,66893,0.009642077
13277,11753,2.2493896e-06
13278,6248,0.016413953
13279,49116,0.019700931
13280,45258,1.4868262e-09
13281,86894,1.1534978e-16
13282,50891,2.5020768e-09
13283,73246,0.008839894
13284,53466,0.0017212755
13285,42056,1.03986146e-07
13286,43617,4.1859174e-05
13287,67212,0.043363515
13288,12033,0.010181155
13289,4800,0.02313556
13290,26830,0.010153873
13291,110204,0.058268446
13292,114402,0.00015921342
13293,13864,0.050604943
13294,72509,5.160694e-07
13295,67018,9.495331e-13
13296,16167,0.01020377
13297,78392,0.00012833794
13298,77130,0.006042898
13299,98142,0.06163517
13300,79024,0.012402491
13301,77864,2.1377017e-15
13302,35703,0.00077895843
13303,108050,0.045838933
13304,78034,5.886861e-10
13305,92895,1.21531075e-11
13306,50470,2.391729e-12
13307,2213,2.4242587e-07
13308,90939,3.4196268e-13
13309,112097,0.0001825176
13310,64410,0.00088056264
13311,50204,0.010153873
13312,109669,4.900994e-06
13313,10662,0.024114532
13314,79661,5.874007e-10
13315,41319,0.010283782
13316,2931,0.022495551
13317,26620,0.004342316
13318,93367,2.2458574e-12
13319,58129,0.006417349
13320,70591,0.00036688798
13321,91765,2.7644824e-11
13322,75612,4.8164284e-06
13323,36284,1.3478652e-13
13324,15752,1.1615474e-06
13325,57228,0.033328146
13326,51415,0.018483168
13327,103794,0.013347561
13328,64010,4.809181e-06
13329,113163,0.01199421
13330,104000,1.2179926e-12
13331,76448,0.02560859
13332,78575,5.778576e-09
13333,37575,0.010153873
13334,20626,1.41678085e-14
13335,46773,4.784337e-06
13336,74247,1.0164954e-05
13337,107145,2.3906993e-11
13338,42750,0.018483168
13339,68655,0.0017212755
13340,20170,0.019700931
13341,52855,0.00060359313
13342,109380,1.5148416e-13
13343,12016,0.009551308
13344,93679,0.00015921342
13345,93461,0.026325935
13346,36038,0.06382485
13347,65184,3.7266668e-10
13348,43606,0.00011293772
13349,56182,0.0019519513
13350,66264,1.8512052e-08
13351,110533,8.000604e-08
13352,90804,0.007811113
13353,51604,2.7301644e-08
13354,1432,1.0724717e-10
13355,38478,2.9143213e-12
13356,722,0.0059600095
13357,41455,0.011792748
13358,20627,0.00011293772
13359,55507,0.010153873
13360,20946,7.26415e-05
13361,83956,0.018483168
13362,114403,8.3403735e-05
13363,6946,1.7913703e-08
13364,104001,4.900994e-06
13365,100590,0.009642077
13366,77783,0.0055668545
13367,30320,0.019840907
13368,70716,0.04496502
13369,24010,2.1043374e-09
13370,50291,0.010153873
13371,49678,0.010153873
13372,21978,0.000102061036
13373,41822,0.0018504867
13374,25188,0.010283782
13375,97932,1.4579619e-14
13376,13168,5.116597e-06
13377,53009,0.048631568
13378,57173,1.3937222e-11
13379,61691,0.071296066
13380,102923,1.2504032e-07
13381,548,0.0014630348
13382,28071,1.0778805e-06
13383,43309,1.41678085e-14
13384,69799,0.010307644
13385,66703,2.4077583e-08
13386,114490,1.2199766e-07
13387,15504,7.519455e-16
13388,72372,0.0003207267
13389,13706,9.2362e-05
13390,31710,4.441796e-14
13391,115235,0.0001825176
13392,100998,1.8696355e-12
13393,104336,2.645218e-06
13394,73621,7.9525824e-05
13395,29131,0.010153873
13396,99302,0.00058822014
13397,67424,0.00838421
13398,20330,0.009566048
13399,88833,5.8246704e-05
13400,99259,3.6608912e-15
13401,90122,0.00086734886
13402,7457,0.01143928
13403,54788,5.910453e-06
13404,2189,0.033712484
13405,28102,0.004342316
13406,13533,6.9077227e-15
13407,106434,0.045268476
13408,66705,2.085245e-11
13409,68375,0.011792748
13410,102711,0.0065166065
13411,80896,0.06113867
13412,77920,3.543899e-05
13413,85200,3.7455473e-12
13414,67968,0.0037036426
13415,73590,0.010307644
13416,99850,1.6874423e-05
13417,109658,1.02988364e-11
13418,16622,0.008768024
13419,208,0.008324848
13420,76905,0.032741666
13421,14601,0.015850792
13422,60841,0.034499
13423,17621,1.2882465e-06
13424,77491,0.00041208786
13425,113186,0.009529468
13426,33650,0.06113867
13427,68483,0.0055668545
13428,35420,0.86607325
13429,108218,0.07933156
13430,12417,0.0066146124
13431,102212,1.4755132e-06
13432,31937,0.010825283
13433,73725,0.010307644
13434,87530,0.007811113
13435,9619,4.9130733e-07
13436,24469,7.223909e-06
13437,30888,0.010153873
13438,36188,0.0043132193
13439,92679,0.00028443494
13440,99567,3.9343112e-11
13441,57016,0.08642023
13442,65837,4.7507496e-14
13443,92782,0.056103524
13444,79821,1.8845494e-06
13445,75233,9.426665e-10
13446,50517,0.00016816138
13447,87196,7.6184745e-07
13448,96317,0.011792748
13449,63879,1.8236225e-14
13450,26394,0.011792748
13451,16864,6.7048045e-15
13452,90196,0.0002678651
13453,47116,8.495844e-09
13454,81136,2.6482534e-14
13455,75901,3.0082202e-12
13456,1519,1.9192131e-10
13457,66359,1.8050681e-09
13458,35369,0.0007336302
13459,103659,2.2264926e-07
13460,11900,0.11330997
13461,82460,0.001025634
13462,90371,0.019803535
13463,30928,3.9603004e-15
13464,18315,3.585952e-10
13465,58771,0.024876568
13466,102571,0.02427312
13467,36066,1.6397256e-05
13468,46903,0.009634294
13469,94984,0.0017212755
13470,22742,5.1120984e-13
13471,113302,0.0009825915
13472,74899,0.01864118
13473,78129,5.4297336e-05
13474,2774,0.005959611
13475,59273,0.006589307
13476,70502,0.03310854
13477,4918,1.0377136e-07
13478,109270,2.7644824e-11
13479,12756,3.7801696e-05
13480,97707,0.0017349371
13481,59302,0.006589307
13482,14058,5.0469064e-13
13483,35117,0.008419062
13484,64681,5.5470806e-12
13485,20789,0.0004512362
13486,110017,2.645218e-06
13487,107343,3.369893e-13
13488,14663,0.0059027667
13489,78031,0.0023332017
13490,35660,0.010153873
13491,72794,0.0038181362
13492,49752,0.00018183581
13493,61192,2.7644824e-11
13494,91442,0.0024480296
13495,6016,2.668816e-07
13496,96466,0.011792748
13497,15429,1.26513895e-11
13498,115283,1.1678977e-06
13499,98,2.1979595e-06
13500,74589,3.1095417e-12
13501,111579,0.013347561
13502,88454,0.030740164
13503,97849,0.004348352
13504,109703,4.2633316e-10
13505,30235,6.3065105e-05
13506,54105,0.011265511
13507,48929,0.011792748
13508,42154,0.010283782
13509,9351,4.231227e-14
13510,92532,0.004348352
13511,49331,0.0025599306
13512,51458,0.00093662593
13513,107160,0.0026402196
13514,113966,0.030741232
13515,112564,0.059613198
13516,75291,0.012294085
13517,104408,0.010312991
13518,95429,0.00074824225
13519,75832,0.0008815368
13520,554,3.6950218e-10
13521,97355,5.621182e-05
13522,96825,4.4774236e-12
13523,54884,3.0591146e-12
13524,88868,0.00083792664
13525,40791,0.0004764164
13526,72445,0.00083792664
13527,86557,9.2924907e-10
13528,42580,0.019770224
13529,37864,4.7335925e-06
13530,47161,1.5883098e-06
13531,33257,0.019840907
13532,44558,0.010283782
13533,4375,0.008324848
13534,85942,0.056830663
13535,69488,0.00064425793
13536,26309,3.7761207e-15
13537,34195,0.009529468
13538,20650,0.00056931423
13539,4725,0.07150146
13540,12243,2.6843563e-07
13541,81670,0.021746142
13542,52692,4.7747603e-06
13543,74528,0.00012833794
13544,25234,0.003301206
13545,86233,0.033328146
13546,73008,0.033939894
13547,66186,0.0022262079
13548,91838,0.011792748
13549,45654,0.026050666
13550,106594,0.0014108549
13551,79174,0.035293967
13552,82726,0.0014630348
13553,77732,0.010153873
13554,97237,2.2458574e-12
13555,301,0.008314315
13556,109496,0.058268446
13557,39346,0.031010386
13558,67074,3.0098072e-05
13559,43721,3.6793336e-13
13560,68143,1.6633292e-08
13561,29734,5.5653128e-14
13562,89847,2.335824e-17
13563,41899,0.0026130525
13564,43195,2.7497764e-09
13565,76726,9.2150633e-17
13566,35451,1.4368355e-07
13567,108134,0.27708888
13568,85647,0.0007180715
13569,91138,0.0001795266
13570,36856,3.906941e-15
13571,38971,2.009098e-10
13572,85526,0.008768024
13573,109256,0.01083776
13574,46353,9.131188e-13
13575,91104,0.05917771
13576,21279,0.011792748
13577,9822,4.1981207e-07
13578,77020,0.00083792664
13579,2995,0.008314315
13580,84396,0.056830663
13581,40417,1.1784981e-13
13582,14017,0.00026360096
13583,46590,7.7033496e-10
13584,62751,0.026373321
13585,100230,0.008768024
13586,76626,0.020226281
13587,40965,5.896069e-05
13588,45775,0.07140674
13589,27159,4.8384113e-06
13590,57357,0.05755738
13591,91115,0.057741154
13592,85790,0.0059027667
13593,98518,0.035202205
13594,114681,4.943792e-06
13595,52789,0.00011577474
13596,43969,0.010283782
13597,105886,1.2179926e-12
13598,43568,0.04865406
13599,76618,2.2282185e-12
13600,57595,0.031585395
13601,9894,5.7670195e-11
13602,100639,0.018669777
13603,19205,1.7833303e-06
13604,12202,0.001561483
13605,110973,0.0011012811
13606,40633,7.7770353e-13
13607,106914,0.010312991
13608,82875,0.004348352
13609,43972,0.010283782
13610,32091,0.0010042384
13611,34722,0.019700931
13612,108236,4.8468673e-06
13613,75416,0.0029972827
13614,56833,0.0043132193
13615,7703,4.1755328e-07
13616,20873,0.054991066
13617,113550,1.2300699e-08
13618,70858,0.00083792664
13619,106920,0.0007507431
13620,62972,0.0025516099
13621,59783,9.808361e-12
13622,206,1.3574827e-06
13623,57840,7.9525824e-05
13624,76616,0.00074824225
13625,25715,6.6349656e-07
13626,96877,1.44689e-09
13627,48378,0.020069622
13628,81310,1.722889e-07
13629,44579,0.03480265
13630,7794,5.4512235e-05
13631,5348,0.004528324
13632,29463,1.3171696e-09
13633,26689,0.06639522
13634,15798,0.011792748
13635,66746,5.729717e-12
13636,60569,0.9367582
13637,83321,3.372079e-13
13638,114316,2.1340658e-13
13639,104153,2.3676715e-07
13640,109854,3.131164e-08
13641,26358,0.00018731332
13642,113787,0.043921944
13643,54209,0.010153873
13644,99126,2.3906993e-11
13645,112753,8.905286e-16
13646,65767,2.0422173e-09
13647,10199,0.019756326
13648,58840,7.215676e-07
13649,47442,9.8176635e-08
13650,91675,0.045318313
13651,3239,1.8953872e-06
13652,65240,2.903772e-13
13653,74147,0.0111271795
13654,51969,4.7747603e-06
13655,107353,0.0010401361
13656,76013,0.06113867
13657,4663,2.779609e-07
13658,26208,0.23015466
13659,86469,0.010307644
13660,62421,7.873084e-11
13661,3294,0.023568474
13662,48161,1.0706786e-05
13663,112352,0.008419062
13664,44050,0.019449603
13665,95390,6.777426e-05
13666,7863,5.8573767e-07
13667,66648,1.2441459e-10
13668,34907,4.4533567e-06
13669,1586,0.0023732483
13670,84559,0.05755738
13671,106970,0.00012975436
13672,54904,0.010153873
13673,1281,0.00023764932
13674,51372,0.019700931
13675,93298,0.009642077
13676,94031,4.2698713e-07
13677,52782,0.004243209
13678,72291,0.007940852
13679,27421,0.019770224
13680,110070,0.00014129948
13681,69385,2.645218e-06
13682,110661,0.0002596202
13683,100076,1.2535612e-11
13684,34689,0.010153873
13685,6753,1.3241046e-05
13686,58272,0.071296066
13687,14428,0.00072194345
13688,84874,0.00022616444
13689,51004,3.2098466e-08
13690,776,0.0017624897
13691,1102,0.0014513687
13692,98477,0.010312991
13693,36681,0.026527464
13694,100588,0.0013746597
13695,8135,2.313699e-06
13696,58814,0.00071074354
13697,101455,1.5108273e-10
13698,75023,0.01864118
13699,48647,0.056830663
13700,108422,0.014854666
13701,53451,3.168095e-07
13702,35690,6.300939e-14
13703,66000,2.2897042e-11
13704,109349,1.208111e-08
13705,107569,4.1290477e-07
13706,23286,0.004342316
13707,101963,0.001622638
13708,115470,5.3809383e-12
13709,79817,3.7294074e-12
13710,29909,0.019840907
13711,94915,3.4226236e-08
13712,67716,0.009642077
13713,32596,0.009529468
13714,85344,0.001567535
13715,10506,2.8755529e-05
13716,66148,0.0029602337
13717,29766,4.6405506e-13
13718,31101,3.435847e-13
13719,6026,0.05044798
13720,68720,0.001622638
13721,11316,0.008324848
13722,20091,7.900814e-10
13723,98213,9.83106e-06
13724,105337,0.0017241349
13725,21249,0.00056931423
13726,92783,0.03703929
13727,106004,2.2019932e-13
13728,7466,0.0021651727
13729,17374,0.00060079404
13730,57716,1.4400962e-07
13731,75679,0.06113867
13732,77074,8.331279e-05
13733,26647,3.5293524e-05
13734,73963,0.0059027667
13735,89431,4.809181e-06
13736,71707,2.425865e-12
13737,34883,6.116826e-14
13738,42746,0.0007087049
13739,48415,0.00074824225
13740,73591,0.010307644
13741,55547,0.15957011
13742,5739,0.026492594
13743,63275,6.1122223e-13
13744,10624,0.0059600095
13745,87982,0.0032342228
13746,102560,4.094522e-09
13747,98101,5.645329e-05
13748,1105,0.0059600095
13749,19194,1.5793363e-07
13750,24074,3.382374e-16
13751,110905,0.011911542
13752,110724,0.31189415
13753,30685,0.019840907
13754,50984,0.019700931
13755,38822,5.4542717e-16
13756,112136,0.00012900085
13757,97785,0.030740164
13758,46027,5.933147e-17
13759,86877,2.8158016e-09
13760,92279,0.00083792664
13761,19944,0.15173407
13762,112385,0.058114987
13763,56086,0.043363515
13764,6684,0.01143928
13765,72338,3.031906e-12
13766,79537,0.00085994595
13767,106580,2.57983e-06
13768,113060,0.009529468
13769,69876,6.095612e-12
13770,91127,0.057741154
13771,104493,0.057398185
13772,3481,1.9896252e-07
13773,29207,0.22580129
13774,96082,1.5388116e-09
13775,21685,0.012125932
13776,28386,1.2190515e-10
13777,70314,0.008768024
13778,103396,0.058114987
13779,59833,1.3751747e-11
13780,83387,7.0729256e-11
13781,67404,0.06808729
13782,58026,0.010153873
13783,94436,4.809181e-06
13784,103279,0.04119118
13785,114155,0.027964111
13786,36979,0.019700931
13787,86866,1.7887961e-06
13788,27195,0.00011293772
13789,82630,0.02146122
13790,32157,7.783216e-11
13791,23565,8.411457e-06
13792,76026,0.00026360096
13793,69671,0.004727696
13794,97654,0.057741154
13795,31465,0.009529468
13796,77876,0.00037442902
13797,95882,9.495331e-13
13798,34801,0.00011327034
13799,27249,0.0067218016
13800,53611,0.0022265424
13801,10269,0.009148665
13802,86773,3.6608912e-15
13803,18684,1.8985833e-05
13804,50202,5.202181e-12
13805,105034,0.008768024
13806,99884,0.0017212755
13807,20491,6.8337374e-07
13808,72071,0.0007336302
13809,56547,1.7556e-08
13810,52570,0.008768024
13811,84111,0.012294085
13812,23951,0.019840907
13813,105196,0.024874961
13814,24220,3.6532638e-05
13815,103470,0.010312991
13816,44322,5.913159e-06
13817,29017,0.010153873
13818,4345,1.5978607e-12
13819,682,4.2589033e-07
13820,55295,3.5511338e-08
13821,28994,0.026527464
13822,11434,4.85295e-07
13823,29239,0.009529468
13824,9404,1.1930383e-07
13825,73179,2.645218e-06
13826,44872,0.010825283
13827,102478,1.029892e-06
13828,73720,0.0073724524
13829,14921,0.0012394388
13830,113237,0.008320203
13831,9666,0.1529195
13832,96159,0.008427357
13833,95954,0.00035334087
13834,55362,0.0043132193
13835,21130,6.385436e-10
13836,32607,0.004342316
13837,88100,0.024908274
13838,83544,0.0048655975
13839,64718,2.2639028e-09
13840,17860,1.6208729e-05
13841,112104,1.7096112e-12
13842,66577,0.0082014
13843,14800,0.026102437
13844,73505,5.0730996e-05
13845,72824,0.010307644
13846,24867,7.763486e-10
13847,12446,2.574219e-07
13848,105702,0.03338991
13849,11430,2.0080254e-06
13850,93719,6.128437e-05
13851,53945,3.1921885e-09
13852,51626,0.009529468
13853,83428,7.133819e-09
13854,41633,0.00013743206
13855,100095,0.000114486
13856,84892,2.8284675e-09
13857,70982,1.4966403e-08
13858,31069,0.0059027667
13859,84227,0.00012833794
13860,97334,1.1318044e-12
13861,15251,3.229288e-05
13862,38391,1.8374367e-08
13863,107589,7.945882e-05
13864,61443,0.01020377
13865,55695,0.010153873
13866,101451,0.0017218442
13867,92785,0.0017212755
13868,96559,1.2983035e-12
13869,5422,0.046756115
13870,80516,0.0008132895
13871,18913,7.2614075e-06
13872,66431,1.2441459e-10
13873,76311,3.637406e-12
13874,95367,0.026527464
13875,38388,0.011792748
13876,31449,0.008768024
13877,3951,2.1233347e-05
13878,3039,0.00011591071
13879,53868,0.011792748
13880,112491,5.204461e-13
13881,7389,6.3955495e-06
13882,29802,0.0715194
13883,21253,0.004324647
13884,69966,3.031906e-12
13885,104267,0.023700545
13886,40073,4.0101814e-10
13887,45239,0.0005540673
13888,100913,0.013347561
13889,8600,0.024114532
13890,32519,0.019840907
13891,49266,0.025521828
13892,29921,0.019840907
13893,50102,5.7015204e-10
13894,68844,0.026332634
13895,63971,2.9666614e-14
13896,111940,9.178797e-11
13897,240,7.306089e-12
13898,51503,1.0161408e-05
13899,86535,9.432497e-09
13900,90774,7.1170456e-05
13901,1879,0.0063538756
13902,102296,0.030741232
13903,3787,0.046463914
13904,77600,0.0017212755
13905,34036,0.00025221918
13906,110675,4.2882144e-07
13907,64862,3.5835432e-11
13908,29595,0.16593474
13909,59837,1.8688752e-13
13910,38921,0.004342316
13911,49869,0.0043132193
13912,31237,0.019840907
13913,21742,1.5027019e-15
13914,98386,0.021283085
13915,103339,0.001796958
13916,102189,0.0017212755
13917,28359,7.520267e-10
13918,85873,5.732096e-06
13919,94286,3.1215605e-10
13920,57713,2.391729e-12
13921,13303,2.2614255e-09
13922,99729,0.0003068211
13923,69464,0.0017463663
13924,21971,2.9742495e-09
13925,81820,0.280899
13926,16411,8.403841e-15
13927,64727,1.743131e-08
13928,91893,0.0032948707
13929,67000,4.809181e-06
13930,53356,0.009529468
13931,44210,0.00011293772
13932,108325,0.008422665
13933,80336,0.0011012811
13934,35382,0.009529468
13935,107652,0.010312991
13936,17965,2.5105248e-12
13937,88549,3.6223666e-13
13938,71430,1.9039479e-07
13939,36289,5.135289e-13
13940,48725,0.34406856
13941,24279,0.0008247567
13942,41,2.5485403e-10
13943,94280,0.00035188583
13944,58149,2.645218e-06
13945,35925,2.653827e-13
13946,103883,3.3375787e-12
13947,81427,6.9360794e-05
13948,45566,0.002534007
13949,12409,2.4886122e-09
13950,6062,1.9856144e-07
13951,73057,1.1850728e-06
13952,87729,0.008422665
13953,37632,0.0038181362
13954,97971,9.592959e-13
13955,66175,6.257629e-11
13956,113424,2.946778e-13
13957,58183,0.0043132193
13958,68638,1.2752543e-10
13959,64195,1.3751747e-11
13960,15595,8.403841e-15
13961,112478,1.0174964e-05
13962,91054,0.00016344506
13963,94896,2.3617148e-12
13964,65454,1.1016982e-12
13965,68602,0.010307644
13966,82478,0.045318313
13967,56213,0.008113807
13968,20676,0.06113867
13969,68270,0.02085352
13970,81140,1.8696355e-12
13971,5880,0.0032373385
13972,1510,0.00023764932
13973,104337,0.08153384
13974,74023,6.541583e-08
13975,89731,0.032313734
13976,68737,0.010307644
13977,91674,2.5925071e-11
13978,71770,0.010307644
13979,102540,5.68248e-13
13980,29053,0.0015843291
13981,82142,0.001622638
13982,30180,0.050426543
13983,93135,0.011792748
13984,72393,0.05755738
13985,76589,0.00025252646
13986,31659,3.435847e-13
13987,67997,0.0037036426
13988,101798,7.8785235e-11
13989,56255,0.019700931
13990,103488,3.024352e-08
13991,99653,0.0038297523
13992,77959,0.0059027667
13993,89511,0.00075788354
13994,30321,4.7335925e-06
13995,2670,0.004613098
13996,108998,4.999302e-08
13997,40679,1.2014486e-13
13998,69135,0.00083792664
13999,64854,0.006247775
14000,108336,0.00461517
14001,48566,0.0082014
14002,79354,3.0883442e-13
14003,60054,0.00083792664
14004,85777,0.024484172
14005,114166,0.0065734815
14006,84720,0.0014324964
14007,45402,0.0084224185
14008,26513,0.025802692
14009,61301,0.06113867
14010,21600,3.3153849e-12
14011,54628,0.019700931
14012,90090,6.3003667e-06
14013,8795,7.640549e-09
14014,79296,8.860507e-08
14015,97618,0.0017212755
14016,109567,6.410404e-10
14017,64581,4.2267786e-16
14018,6605,0.08481861
14019,42834,2.391729e-12
14020,31786,0.008768024
14021,35193,5.703772e-10
14022,98426,0.019803535
14023,114778,0.004882738
14024,7753,0.01143928
14025,114583,5.642807e-10
14026,33520,0.06382485
14027,36449,0.0014774455
14028,110728,0.018669777
14029,98620,0.030740164
14030,76535,2.085245e-11
14031,60796,7.783962e-06
14032,53894,0.00083792664
14033,97224,0.009642077
14034,24054,1.41678085e-14
14035,44740,1.2146168e-07
14036,110518,0.00083792664
14037,20343,1.776099e-18
14038,9394,0.002908524
14039,59559,1.8818963e-12
14040,98602,0.038671788
14041,77903,1.1016982e-12
14042,38102,0.000756776
14043,77359,1.3751747e-11
14044,103421,7.3985717e-07
14045,69486,2.645218e-06
14046,37511,5.778611e-07
14047,19780,0.006960196
14048,103440,1.2179926e-12
14049,46976,0.0035598187
14050,110609,0.02146122
14051,2829,0.008314315
14052,36050,6.720714e-13
14053,84147,1.2308288e-06
14054,84262,6.209047e-07
14055,15414,0.0055161496
14056,55340,0.010153873
14057,20360,0.00071242865
14058,66341,8.7369196e-13
14059,87992,0.00075788354
14060,61772,1.2162101e-08
14061,65861,2.7090792e-15
14062,85597,1.031571e-06
14063,61652,0.00036279717
14064,50346,4.7747603e-06
14065,42424,0.0065516206
14066,94019,0.057398185
14067,98781,0.002468914
14068,60917,3.3375787e-12
14069,33344,6.376934e-05
14070,41310,0.0032622186
14071,28004,0.009529468
14072,92352,0.043769367
14073,48317,5.0080826e-07
14074,34915,0.00017542379
14075,108360,0.009642077
14076,74898,0.00017542379
14077,45399,0.009634294
14078,44816,0.019770224
14079,87542,0.0059201517
14080,38789,0.025802692
14081,115206,0.00018495572
14082,45039,2.622909e-13
14083,51857,0.27377716
14084,79705,9.728432e-06
14085,42632,0.00013743206
14086,57297,1.6373696e-16
14087,12207,0.0891212
14088,101725,1.3305018e-06
14089,101591,5.4848183e-08
14090,1751,1.7022382e-08
14091,97863,0.01736078
14092,39460,0.10572458
14093,73094,0.03310854
14094,23189,0.004342316
14095,2302,0.008314315
14096,21083,1.0452323e-07
14097,49072,0.008419062
14098,80718,0.9524311
14099,85433,2.903772e-13
14100,49698,0.00036364954
14101,101718,2.4201274e-10
14102,85149,3.1263718e-12
14103,114748,0.0059398557
14104,12862,5.504511e-12
14105,23090,1.7816186e-15
14106,35838,0.011792748
14107,46277,5.5585394e-16
14108,33391,1.8386324e-06
14109,6505,1.717072e-08
14110,114436,0.057398185
14111,91155,0.0059201517
14112,103618,0.0038181362
14113,72399,2.481418e-12
14114,67769,0.008422665
14115,32386,8.2815204e-12
14116,94263,0.005008784
14117,5034,1.717072e-08
14118,28217,0.010153873
14119,54267,0.00083792664
14120,70962,0.011792748
14121,84055,0.0017212755
14122,34511,0.008419062
14123,25678,0.07140674
14124,40189,2.13079e-11
14125,27458,0.009529468
14126,62189,0.13450126
14127,55078,6.698578e-08
14128,90659,0.0017212755
14129,41143,0.004342316
14130,106785,6.528399e-11
14131,14055,1.0178204e-12
14132,62488,0.004342316
14133,65926,0.00088056264
14134,85653,0.010307644
14135,68085,0.032047797
14136,102555,1.6930342e-10
14137,111481,1.2839435e-07
14138,112229,0.058114987
14139,92760,0.0017212755
14140,13251,8.403841e-15
14141,10918,0.011792748
14142,84337,0.011792748
14143,95471,1.3903806e-13
14144,44844,9.168176e-11
14145,3030,0.011604054
14146,17170,0.0084202485
14147,47610,0.00036624758
14148,110564,4.4320862e-07
14149,58515,2.391729e-12
14150,5514,0.027690444
14151,19724,0.0077144187
14152,11150,0.00017802058
14153,64212,7.409292e-08
14154,82099,0.00083792664
14155,101998,3.867841e-13
14156,36019,0.026527464
14157,89727,8.6914635e-09
14158,18010,0.0017232611
14159,87282,1.18126735e-07
14160,98574,3.748514e-07
14161,61425,0.0023332017
14162,102688,0.000791679
14163,67746,9.570415e-05
14164,99599,0.010312991
14165,96896,4.8468673e-06
14166,10428,1.5713438e-06
14167,105142,2.3330997e-09
14168,25532,0.019770224
14169,78990,0.026102437
14170,8393,0.04621593
14171,50488,1.3949601e-07
14172,115413,0.00032922396
14173,61916,3.1095417e-12
14174,53244,0.0023332017
14175,98498,2.9392013e-05
14176,34621,0.06113867
14177,80701,1.8189493e-11
14178,55889,0.05755738
14179,95377,3.6608912e-15
14180,14158,2.3696748e-08
14181,66048,2.2574971e-11
14182,101155,5.0183884e-09
14183,64245,1.4868262e-09
14184,27359,2.868441e-10
14185,64110,1.1269411e-11
14186,43395,0.0084224185
14187,45987,0.010283782
14188,27653,1.8583123e-08
14189,16775,1.4402908e-08
14190,29736,7.743414e-05
14191,71750,1.2752543e-10
14192,63279,0.004342316
14193,76286,7.596674e-05
14194,61186,0.0022265424
14195,104198,2.0173059e-06
14196,29238,0.014665011
14197,77507,0.8880841
14198,20901,2.1629697e-08
14199,89226,9.050552e-11
14200,49843,0.008419062
14201,65549,1.1016982e-12
14202,82456,0.08977701
14203,11340,2.8975121e-11
14204,40733,0.021702172
14205,23721,2.0228827e-14
14206,34396,0.02063519
14207,30113,1.5826564e-11
14208,78354,0.00088056264
14209,108564,0.010312991
14210,82573,0.01864118
14211,61638,0.012294085
14212,4320,7.368146e-07
14213,40768,0.025521828
14214,43162,5.691898e-12
14215,40970,5.646397e-16
14216,94092,1.3962892e-08
14217,52005,0.033939894
14218,73845,0.010765045
14219,35765,6.672765e-09
14220,98572,7.646134e-07
14221,98792,0.0040381295
14222,103263,0.008768024
14223,76086,8.204843e-08
14224,7484,1.7464527e-06
14225,29990,0.026527464
14226,57914,0.00093662593
14227,48966,0.0019312734
14228,24120,3.5501185e-07
14229,8813,1.5123719e-06
14230,89286,1.1016982e-12
14231,87885,0.009642077
14232,83176,0.0017212755
14233,2753,3.5874548e-06
14234,110206,0.059613198
14235,4712,0.040804185
14236,114258,0.001384807
14237,111230,4.8663064e-06
14238,25134,0.0017601119
14239,114174,1.6632807e-06
14240,89563,0.06163517
14241,87154,0.025739817
14242,101085,0.019803535
14243,78748,1.2476764e-15
14244,59586,0.018483168
14245,78477,0.00088267185
14246,32711,0.0023332017
14247,28771,2.4389213e-15
14248,28556,2.8137035e-12
14249,63301,7.9007755e-12
14250,59713,7.027587e-13
14251,108132,4.8468673e-06
14252,6269,0.022496888
14253,43885,0.019770224
14254,24934,0.00071242865
14255,107348,2.645218e-06
14256,91481,0.004348352
14257,54236,3.9046914e-15
14258,38344,0.020443067
14259,17229,0.054991066
14260,2930,0.022495551
14261,37142,0.018483168
14262,88219,1.8420342e-11
14263,8959,1.7813706e-07
14264,46157,3.2799552e-19
14265,77125,5.5653128e-14
14266,64297,9.3687e-13
14267,67179,0.018717945
14268,93404,0.0010014289
14269,2482,0.023568474
14270,103307,2.429327e-13
14271,109609,2.645218e-06
14272,58000,3.7066458e-11
14273,21699,4.5709023e-11
14274,106341,8.266336e-09
14275,166,0.03406126
14276,79381,0.01364551
14277,24516,0.009634294
14278,16375,0.0005000443
14279,11736,2.3602003e-07
14280,13206,1.5040361e-05
14281,99218,0.01474979
14282,40782,0.065111734
14283,59031,0.0020524675
14284,79402,0.057398185
14285,40461,7.32209e-12
14286,16842,0.035042536
14287,12926,1.1335031e-11
14288,104192,0.03338991
14289,49897,0.007811113
14290,68924,9.7646725e-06
14291,67169,0.06063979
14292,9330,0.00012147387
14293,43550,0.0006145481
14294,115233,1.5469224e-12
14295,40957,0.007811113
14296,11673,0.01073053
14297,92412,2.955493e-12
14298,2823,1.9473504e-11
14299,55934,0.009529468
14300,94310,2.7432017e-13
14301,78667,2.383949e-13
14302,87844,0.022350626
14303,31941,0.012125932
14304,68067,0.011792748
14305,37872,8.690857e-11
14306,14824,2.6086214e-12
14307,30931,0.0023810568
14308,79481,9.827095e-14
14309,77749,0.010647974
14310,34002,4.4048814e-12
14311,91235,0.007811113
14312,83282,0.010307644
14313,9234,5.069677e-06
14314,41134,3.3818502e-13
14315,93411,2.1128415e-05
14316,105828,2.306257e-09
14317,2344,1.5129793e-06
14318,59071,1.4937388e-17
14319,91179,0.011792748
14320,7306,0.008419771
14321,96680,0.00014129948
14322,12191,0.0003156842
14323,30913,0.04496502
14324,80699,0.008768024
14325,76463,0.0017212755
14326,73498,0.010307644
14327,92345,0.00012833794
14328,3238,0.026527464
14329,16323,1.7418683e-06
14330,101687,0.057398185
14331,54159,0.026527464
14332,106460,0.0715194
14333,85668,0.04496502
14334,70699,2.978186e-11
14335,39462,2.0457105e-09
14336,17145,2.2166184e-06
14337,24218,2.773801e-10
14338,19855,9.992772e-07
14339,103425,0.019840907
14340,50094,2.7301644e-08
14341,67732,1.0961564e-06
14342,46398,0.019770224
14343,72812,1.7333527e-07
14344,76216,1.9795056e-13
14345,91227,0.033757117
14346,47924,0.010153873
14347,12561,1.1089998e-07
14348,44494,0.011270111
14349,45225,0.011792748
14350,31350,0.031842478
14351,82539,1.0292739e-09
14352,85223,0.0017212755
14353,112576,0.058114987
14354,83932,1.3102338e-07
14355,19767,2.1506123e-08
14356,1559,9.3306674e-08
14357,25870,0.019770224
14358,26183,0.00077895843
14359,58629,0.009529468
14360,70863,7.70234e-09
14361,90570,1.4966403e-08
14362,29746,1.8630722e-11
14363,16815,2.8331031e-18
14364,11651,0.01031745
14365,64034,0.00090319494
14366,14975,1.9243418e-05
14367,77289,4.980997e-05
14368,36197,1.3259377e-07
14369,46949,0.0034663258
14370,97306,0.0008847968
14371,91731,2.645218e-06
14372,94852,0.010153873
14373,3373,3.0963317e-06
14374,63685,1.1269411e-11
14375,40931,1.4074152e-15
14376,56422,4.0387667e-06
14377,20306,1.8662642e-13
14378,1961,0.022495551
14379,83501,0.0008815368
14380,101745,0.0017212755
14381,3768,6.543914e-09
14382,41203,5.933147e-17
14383,103061,0.02445036
14384,91358,0.05755738
14385,113985,1.1108433e-08
14386,50161,3.5511338e-08
14387,105410,0.008457679
14388,71479,1.1069936e-12
14389,93712,5.746697e-14
14390,34042,5.9294594e-13
14391,102224,2.645218e-06
14392,53019,0.0022265424
14393,41277,0.06810957
14394,103550,0.010312991
14395,41111,0.017641008
14396,67435,0.002206152
14397,76651,0.010307644
14398,105112,0.0001825176
14399,78191,4.8384113e-06
14400,2196,0.005959611
14401,99680,1.4182457e-11
14402,15439,3.6288622e-08
14403,31423,0.004342316
14404,41342,0.025802692
14405,43529,0.08829165
14406,100248,4.484814e-17
14407,110117,2.2477215e-12
14408,52857,3.435847e-13
14409,32093,0.018483168
14410,114477,3.928056e-08
14411,56862,0.010153873
14412,47156,1.41678085e-14
14413,51733,0.006589307
14414,40228,0.011792748
14415,91495,0.0018263524
14416,16579,7.1192358e-06
14417,87057,0.027170032
14418,105093,0.058114987
14419,80390,0.05917771
14420,46867,5.295142e-07
14421,26850,0.004342316
14422,69597,1.52989e-11
14423,77337,3.031906e-12
14424,38938,2.8370334e-07
14425,109106,0.06107613
14426,99183,0.07145986
14427,71008,2.1176273e-10
14428,44782,0.0048477785
14429,96633,2.645218e-06
14430,106040,8.9900126e-10
14431,12858,2.399673e-10
14432,34232,0.018483168
14433,3056,5.8991376e-09
14434,37646,0.019770224
14435,7078,2.5054925e-08
14436,21040,0.003314459
14437,85963,0.0005963785
14438,25331,0.010283782
14439,43536,3.771571e-06
14440,83055,0.019700931
14441,102281,0.008768024
14442,49088,0.15288103
14443,75918,2.645218e-06
14444,83564,1.9610943e-10
14445,19472,0.019700931
14446,115027,0.013954674
14447,45740,0.00083215913
14448,62163,0.00083792664
14449,1864,4.0636134e-08
14450,73700,0.010307644
14451,72189,1.3751747e-11
14452,73587,0.00015869249
14453,59901,0.032733623
14454,74107,0.03993662
14455,11893,2.0535613e-12
14456,98394,0.010312991
14457,113449,0.09699269
14458,43184,7.027587e-13
14459,30382,0.009529468
14460,38445,2.94254e-07
14461,58061,0.010153873
14462,46669,1.9161007e-06
14463,70891,3.9648643e-08
14464,85343,1.2289976e-07
14465,113826,0.0018993855
14466,16564,4.6501157e-11
14467,65504,1.5592641e-07
14468,62888,7.783962e-06
14469,31571,0.0017171572
14470,71063,2.762005e-15
14471,15567,0.1011775
14472,7698,6.3220125e-07
14473,3731,0.0017668338
14474,63995,0.08805294
14475,37109,0.00069823803
14476,102914,0.030740164
14477,24566,1.166909e-14
14478,97640,0.033757117
14479,32244,0.0019094098
14480,66073,3.031906e-12
14481,30390,0.009529468
14482,111505,1.8688752e-13
14483,108825,2.1425786e-12
14484,95150,5.517378e-08
14485,23554,1.4372411e-07
14486,40707,0.08889947
14487,92167,0.05755738
14488,104864,0.0048994785
14489,67194,1.3751747e-11
14490,55015,7.4147184e-16
14491,56513,0.010153873
14492,70523,0.011792748
14493,15952,0.08795444
14494,40429,0.006315385
14495,81030,0.008113807
14496,8868,4.0266564e-06
14497,68852,0.010307644
14498,78333,1.0823145e-07
14499,15490,3.1088382e-18
14500,8159,9.816277e-08
14501,90534,0.009642077
14502,22185,0.00060344645
14503,86479,0.010307644
14504,97619,1.1016982e-12
14505,96393,0.057741154
14506,83277,2.7644824e-11
14507,31257,1.7158633e-05
14508,105386,1.2535612e-11
14509,88658,0.0008394967
14510,111221,0.0016177086
14511,79720,0.0003068211
14512,53529,0.008768024
14513,64542,1.2752543e-10
14514,33473,4.324416e-07
14515,102080,0.06163517
14516,44875,0.0002811516
14517,32445,4.2116008e-16
14518,107065,4.7507496e-14
14519,111990,0.00014129948
14520,580,0.007811113
14521,80119,1.0823145e-07
14522,108428,0.069460474
14523,84656,0.008422665
14524,24965,4.6950136e-06
14525,105704,2.645218e-06
14526,4681,8.971384e-08
14527,79493,0.004348352
14528,63014,3.87126e-12
14529,23449,0.030096175
14530,36025,0.026527464
14531,54618,5.57635e-06
14532,71036,0.05755738
14533,5390,0.008324848
14534,74978,0.019700931
14535,72076,0.15207218
14536,99234,0.005706305
14537,1025,0.008324848
14538,26683,0.0018694574
14539,71123,2.6169889e-12
14540,32832,0.004342316
14541,61542,2.7375243e-05
14542,23535,1.829888e-13
14543,70457,0.0003207267
14544,76182,3.6608912e-15
14545,63048,0.004342316
14546,50219,0.00083792664
14547,52832,1.4772301e-12
14548,92751,0.025739817
14549,309,6.3332997e-15
14550,69440,0.13322565
14551,71293,1.357515e-06
14552,77874,0.026102437
14553,19662,2.451481e-07
14554,15281,0.008458219
14555,113384,0.031373356
14556,5600,0.00064679235
14557,8878,1.3378622e-07
14558,9342,3.121575e-05
14559,110755,2.7644824e-11
14560,27477,0.010825283
14561,56411,4.57962e-06
14562,28493,0.00036624758
14563,14708,2.875122e-07
14564,30826,2.6924397e-08
14565,14794,8.5631675e-12
14566,92239,0.06924659
14567,83517,5.900842e-11
14568,15799,0.035042536
14569,99818,0.0055807563
14570,87707,0.05755738
14571,114105,8.189034e-05
14572,29205,0.0014630348
14573,106861,0.021083172
14574,94763,7.3704024e-07
14575,90733,0.00020055065
14576,85351,1.4270217e-10
14577,48803,0.011197786
14578,38446,0.026112074
14579,11096,4.556243e-07
14580,55842,0.071296066
14581,67773,0.0002829201
14582,37612,4.3128734e-06
14583,66674,6.0501487e-12
14584,31601,0.019840907
14585,109621,0.00037529884
14586,15055,8.5007544e-13
14587,17680,2.2037235e-10
14588,83024,6.286463e-10
14589,39457,0.00025221918
14590,60702,0.00012833794
14591,39023,0.093500465
14592,30684,0.00018183581
14593,41979,0.053201094
14594,34608,0.06810957
14595,38975,5.933147e-17
14596,33959,0.04496502
14597,113696,9.363367e-15
14598,86108,0.018489474
14599,42269,0.010283782
14600,12294,3.894569e-11
14601,34893,3.1679463e-08
14602,17356,2.6380682e-15
14603,84130,0.010307644
14604,113360,0.0018993855
14605,94304,4.169142e-10
14606,40644,1.0238981e-11
14607,18827,2.4085352e-07
14608,12761,9.793453e-10
14609,31137,0.009529468
14610,24043,0.004342316
14611,98194,0.0120360125
14612,78472,0.032992557
14613,26408,0.00095129723
14614,47385,0.0065868073
14615,61968,0.006417349
14616,80943,0.0001825176
14617,95462,0.0025516099
14618,7192,0.0001237247
14619,68481,0.026102437
14620,100815,0.00088056264
14621,75251,3.031906e-12
14622,42136,0.0028051776
14623,109782,0.06991574
14624,108241,0.010312991
14625,108487,0.057398185
14626,109725,0.0008855011
14627,77313,1.3478979e-06
14628,52231,0.011792748
14629,18437,1.9192131e-10
14630,88883,0.007811113
14631,83651,0.02063519
14632,56288,3.5672851e-06
14633,68212,1.7603202e-09
14634,94925,6.240451e-08
14635,101284,0.010312991
14636,95543,0.018778447
14637,88696,0.0002678651
14638,89297,0.0017212755
14639,80728,0.00014333667
14640,54115,0.007875756
14641,18999,7.97761e-12
14642,38855,0.00016960665
14643,51499,2.6637947e-11
14644,54535,8.30862e-06
14645,103170,0.0014640995
14646,17496,1.5164903e-12
14647,53650,0.009529468
14648,74186,0.008422665
14649,7784,0.05157962
14650,75932,0.012294085
14651,11770,0.00060079404
14652,28034,2.5961837e-11
14653,108551,0.001025634
14654,18021,2.4631833e-12
14655,89787,1.8270422e-13
14656,50837,0.00088267185
14657,79338,1.1960659e-10
14658,74841,5.262333e-14
14659,49748,0.00088267185
14660,110740,0.012076514
14661,10535,0.002130841
14662,8346,2.611104e-07
14663,62232,0.0017212755
14664,213,0.00016960665
14665,79183,0.045318313
14666,35072,3.765949e-12
14667,9634,0.07150146
14668,48164,0.00011293772
14669,83119,8.084867e-12
14670,88091,0.010307644
14671,19424,2.6360608e-08
14672,13978,9.283527e-10
14673,48709,2.5108656e-07
14674,113437,4.934918e-06
14675,91767,5.630842e-06
14676,92076,7.501793e-08
14677,104681,0.009642077
14678,112447,0.03350731
14679,26684,2.1300361e-09
14680,18130,2.6350693e-09
14681,54832,0.025521828
14682,16391,8.403841e-15
14683,51963,4.7156732e-07
14684,102293,0.030741232
14685,97938,3.157207e-13
14686,73984,0.056830663
14687,70651,7.4182235e-13
14688,94663,1.8453539e-11
14689,9816,0.0026625874
14690,60821,0.019700931
14691,89134,0.05755738
14692,37039,0.025521828
14693,75296,6.500078e-16
14694,87077,0.071296066
14695,89589,3.7775002e-13
14696,101943,0.045838933
14697,28398,0.008768024
14698,15802,2.6349523e-10
14699,32578,0.00070479
14700,55171,1.8906008e-05
14701,27712,0.031084878
14702,32341,4.8255795e-11
14703,24270,0.009634294
14704,71141,0.010307644
14705,69634,0.010307644
14706,86678,0.00075788354
14707,26137,0.026362604
14708,50978,0.0051523955
14709,70265,1.9285273e-09
14710,81881,2.645218e-06
14711,70973,2.2762794e-07
14712,78090,0.0058992202
14713,98395,0.04925393
14714,68639,0.00083792664
14715,39711,0.0017687996
14716,89142,0.00041208786
14717,105134,0.0008847968
14718,41694,0.004342316
14719,99371,0.0002566624
14720,12718,9.945174e-10
14721,56216,0.009529468
14722,4561,0.0021651727
14723,39453,3.6612087e-06
14724,98296,0.023865525
14725,15297,0.012760203
14726,35741,0.026527464
14727,14584,2.586274e-11
14728,38843,0.043509424
14729,47255,0.020443067
14730,9768,2.0567602e-05
14731,30418,3.0948715e-07
14732,83312,1.2799067e-07
14733,52722,4.7747603e-06
14734,19821,0.071296066
14735,66228,0.00022272195
14736,92920,0.0025599306
14737,96960,7.889376e-08
14738,73042,0.008839894
14739,28889,0.0006145481
14740,115433,2.031588e-09
14741,44702,0.0065868073
14742,7892,0.01143928
14743,7363,0.0021369674
14744,70400,1.5309805e-09
14745,2124,5.726565e-07
14746,6692,0.023568474
14747,68763,0.010307644
14748,105608,0.00088056264
14749,59583,0.025521828
14750,71052,1.6991017e-08
14751,48016,0.0007996785
14752,67733,0.06618484
14753,67539,1.2752543e-10
14754,65369,0.03993662
14755,30917,0.0002678651
14756,12382,0.017978799
14757,99560,2.3648003e-10
14758,61470,4.8955732e-11
14759,109459,0.0016177086
14760,77157,2.6864996e-08
14761,44924,3.906941e-15
14762,34613,2.4459033e-12
14763,56444,0.033939894
14764,90956,0.05755738
14765,67461,2.645218e-06
14766,110249,4.8556576e-06
14767,15491,3.5309474e-11
14768,89014,2.0248891e-11
14769,115192,0.0008447293
14770,20559,0.0041384385
14771,107708,1.2179926e-12
14772,65644,4.8117e-06
14773,25911,0.00031796435
14774,100252,1.5451303e-11
14775,98304,5.04497e-07
14776,8519,2.1779285e-06
14777,24640,7.624376e-05
14778,43809,0.008768024
14779,91272,4.267247e-09
14780,115861,0.03312897
14781,82429,2.2050328e-12
14782,47087,0.08829165
14783,104257,4.3674045e-06
14784,59816,1.2441459e-10
14785,77623,0.00026209635
14786,6898,1.1985629e-06
14787,12206,0.46308714
14788,71721,0.0073724524
14789,12302,2.2353836e-07
14790,5932,2.6783939e-05
14791,42104,0.026362604
14792,87740,0.009642077
14793,9779,0.15760407
14794,89149,2.5136274e-10
14795,13086,6.1179904e-05
14796,898,5.648666e-06
14797,78362,1.1293661e-11
14798,14684,0.007811113
14799,52942,0.018483168
14800,88900,0.06895566
14801,7432,0.02605411
14802,84674,3.4699305e-08
14803,38728,3.3818502e-13
14804,8670,9.192249e-08
14805,105455,0.02790755
14806,75900,0.00074824225
14807,55113,5.282985e-12
14808,108408,0.0017241349
14809,54426,0.002939113
14810,72787,7.9525824e-05
14811,63207,0.030741232
14812,69572,0.05755738
14813,27544,0.019770224
14814,39057,4.67519e-13
14815,45567,0.0005693696
14816,57672,2.2061573e-11
14817,46120,4.2683113e-10
14818,79581,0.012429965
14819,94899,0.018669777
14820,96193,6.799449e-11
14821,635,8.618875e-09
14822,35626,0.00088267185
14823,94656,0.02146122
14824,28487,0.008419062
14825,11792,2.8232973e-05
14826,103627,3.9148285e-10
14827,99867,0.0579823
14828,1259,0.07150146
14829,25077,7.615548e-10
14830,96329,0.006564993
14831,49446,5.5585394e-16
14832,89995,0.001622638
14833,63872,1.1840981e-08
14834,5359,1.9544121e-08
14835,49666,3.9409218e-14
14836,63499,1.4532335e-06
14837,25354,0.004342316
14838,4920,2.60425e-05
14839,713,1.4858134e-10
14840,55341,3.705407e-12
14841,112712,0.01199421
14842,51137,2.114081e-05
14843,72218,3.724574e-12
14844,49527,0.6991365
14845,85070,0.010307644
14846,65358,0.001095798
14847,6807,0.0059600095
14848,2130,3.3458477e-05
14849,3739,2.5462421e-05
14850,53212,8.594165e-14
14851,16013,4.1751537e-12
14852,69590,0.033939894
14853,112724,0.0017241349
14854,67669,7.034227e-09
14855,12501,8.409773e-15
14856,59554,0.0018833948
14857,32015,0.0059027667
14858,103130,3.8369143e-09
14859,112161,0.000102333615
14860,114103,1.2274813e-10
14861,58381,3.5511338e-08
14862,99026,0.06393576
14863,24648,2.4353037e-12
14864,55061,2.391729e-12
14865,52931,0.0059027667
14866,11634,0.008324848
14867,3644,0.14309199
14868,50709,2.401619e-14
14869,66644,0.010113341
14870,53249,0.010153873
14871,1238,0.00056931423
14872,89837,8.858581e-08
14873,78071,3.0839725e-08
14874,67059,0.011792748
14875,110795,1.992812e-11
14876,28848,0.010153873
14877,73762,2.645218e-06
14878,59959,0.0017196997
14879,93430,0.07145986
14880,51175,0.00031117484
14881,73776,0.021867668
14882,20657,4.4952653e-08
14883,71372,0.0073724524
14884,104783,7.31616e-15
14885,3221,0.0017624897
14886,110222,0.008192438
14887,43961,0.014665011
14888,49632,0.019700931
14889,68697,0.008422665
14890,98944,2.7042988e-11
14891,99951,1.791945e-07
14892,21097,0.0052460157
14893,94816,0.009529468
14894,79390,8.497241e-08
14895,17793,2.708404e-10
14896,88872,0.00026027774
14897,80145,0.010307644
14898,40740,4.939382e-08
14899,36384,0.00011293772
14900,104948,0.045838933
14901,51609,1.3962892e-08
14902,71147,0.09846249
14903,90577,0.008113807
14904,40009,3.1177045e-05
14905,85883,0.00014130998
14906,26425,0.09673475
14907,106423,0.069460474
14908,29339,0.00013070522
14909,50253,0.0023332017
14910,92081,0.0001825176
14911,43936,0.10586758
14912,17857,5.0524853e-12
14913,82525,0.043363515
14914,52015,5.933147e-17
14915,52149,0.008768024
14916,50994,3.5511338e-08
14917,102031,0.018778447
14918,68895,0.05907351
14919,31954,0.010153873
14920,55956,7.5010726e-06
14921,103208,0.058268446
14922,50440,0.06113867
14923,15881,0.008768024
14924,102531,1.1817154e-08
14925,35150,0.010153873
14926,12673,4.4596717e-15
14927,2900,0.005959611
14928,52867,2.903772e-13
14929,17200,7.7846193e-13
14930,105761,0.045838933
14931,21648,3.7513439e-13
14932,24022,0.011792748
14933,45634,1.0715307e-07
14934,105441,1.357186e-07
14935,115363,1.1786374e-05
14936,47609,0.026715754
14937,10575,0.032616686
14938,12674,0.0014630348
14939,9172,7.440788e-08
14940,86514,6.1988103e-06
14941,37829,0.025521828
14942,63578,0.00074824225
14943,58087,7.743414e-05
14944,21210,0.007078587
14945,87979,0.00013748987
14946,69169,0.06113867
14947,88688,0.038629457
14948,31878,3.4211634e-11
14949,71356,0.0073724524
14950,79008,0.0007336302
14951,13292,0.0037254924
14952,98382,2.5385369e-05
14953,70287,0.008768024
14954,101918,0.004685886
14955,3587,2.0080254e-06
14956,34821,0.019700931
14957,76181,2.2458574e-12
14958,82015,0.0040158867
14959,44703,4.784337e-06
14960,22388,0.0049731275
14961,104885,0.00025404445
14962,113365,0.058268446
14963,77796,9.7262844e-11
14964,52874,6.9360794e-05
14965,88489,0.019803535
14966,11356,0.012062919
14967,106227,2.645218e-06
14968,89936,2.3213024e-12
14969,15575,0.007875756
14970,3709,0.0009922553
14971,90528,9.12527e-07
14972,23331,0.0003207267
14973,41120,0.00028548608
14974,32500,1.0046802e-11
14975,47757,5.9865256e-06
14976,96094,3.4041658e-12
14977,58385,0.045318313
14978,113531,1.2179926e-12
14979,51231,5.2928364e-09
14980,76691,0.02560859
14981,68691,0.005969498
14982,18031,3.4756863e-12
14983,112130,1.9297607e-08
14984,108756,0.004348352
14985,36452,3.291664e-06
14986,12753,2.515724e-05
14987,96076,2.2513632e-07
14988,109910,2.1634482e-05
14989,42814,0.008768024
14990,27569,0.019770224
14991,5701,0.023568474
14992,36409,0.025802692
14993,40649,0.03502392
14994,38579,0.018483168
14995,96781,0.004348352
14996,58961,5.0805076e-09
14997,49454,0.0026625874
14998,86463,0.00019283
14999,60077,1.1678595e-11
15000,44005,0.006425198
15001,72250,6.1342103e-06
15002,98917,0.024008516
15003,69255,0.06895566
15004,37972,3.143853e-05
15005,44337,4.784337e-06
15006,33982,0.0043132193
15007,49572,0.019700931
15008,80131,0.001622638
15009,56627,1.1817922e-08
15010,91637,1.1236771e-10
15011,99976,4.7388185e-06
15012,58335,0.032047797
15013,3005,0.00036631618
15014,81109,0.0002678651
15015,8535,1.4601641e-09
15016,69866,0.001763709
15017,7903,5.939876e-08
15018,109414,0.009642077
15019,110152,7.435365e-09
15020,80053,1.8705782e-11
15021,85841,0.0006242698
15022,47128,0.00026086552
15023,112237,0.009529468
15024,42865,7.248123e-06
15025,23949,7.494048e-07
15026,70175,1.126962e-12
15027,80907,0.032992557
15028,55990,0.009529468
15029,83881,5.943696e-08
15030,48138,7.5618914e-14
15031,3459,0.00017802058
15032,26091,0.010283782
15033,82939,2.7644824e-11
15034,31251,0.011792748
15035,56947,4.374496e-09
15036,58599,0.05755738
15037,27010,0.08977701
15038,7864,1.5725132e-06
15039,97669,0.009642077
15040,72506,0.00012833794
15041,25672,4.441079e-06
15042,87839,1.5826564e-11
15043,84644,0.0017212755
15044,104057,1.167396e-11
15045,81570,8.376421e-09
15046,82221,0.009642077
15047,44029,2.8874185e-05
15048,7993,1.2575382e-06
15049,78699,1.2441459e-10
15050,55189,4.324416e-07
15051,110731,0.051833175
15052,85929,2.481418e-12
15053,15678,2.347654e-11
15054,83118,9.265011e-13
15055,83229,0.011792748
15056,71782,0.025802692
15057,106596,0.00061675115
15058,33192,0.06113867
15059,28298,0.00026086552
15060,58984,3.5546421e-09
15061,63391,0.013881895
15062,15390,0.0134829385
15063,7397,5.3251006e-07
15064,70997,2.645218e-06
15065,12893,3.224112e-06
15066,73463,4.5898325e-08
15067,106860,8.124819e-07
15068,107298,3.008829e-07
15069,57669,0.0007336302
15070,25985,0.009634294
15071,103769,9.6134594e-05
15072,90588,0.008768024
15073,108602,0.023865525
15074,77562,0.06895566
15075,84318,0.02146122
15076,78654,0.033833932
15077,102065,6.2229997e-06
15078,60101,4.809181e-06
15079,71345,4.749251e-08
15080,39869,0.00088267185
15081,6038,1.692427e-05
15082,54192,0.0014092427
15083,52508,0.00083792664
15084,61465,2.645218e-06
15085,115230,0.008555713
15086,109593,9.107919e-08
15087,86075,0.011792748
15088,12291,0.06810957
15089,57290,0.0018784801
15090,18785,0.0084202485
15091,32183,0.010153873
15092,110984,0.004348352
15093,72070,0.008420105
15094,65850,8.2297944e-08
15095,41056,9.127223e-08
15096,19443,0.00045069237
15097,17459,2.6380682e-15
15098,66820,0.0594392
15099,55388,1.1449357e-09
15100,87871,0.010765045
15101,97609,1.33799895e-05
15102,77741,0.009622694
15103,59395,0.056830663
15104,32468,0.026527464
15105,115383,5.1802546e-10
15106,2850,5.971917e-07
15107,7263,0.01031745
15108,109934,2.0756567e-12
15109,52368,1.4176617e-06
15110,6846,0.25357997
15111,40109,0.0022443046
15112,23117,1.3723324e-10
15113,114241,6.0857604e-12
15114,100961,0.006135812
15115,92097,0.10586758
15116,90826,0.05755738
15117,41261,0.004342316
15118,71308,0.0017601119
15119,112517,0.0002584466
15120,10101,6.9583075e-06
15121,25851,0.00026086552
15122,95668,0.004986666
15123,2814,0.008314315
15124,47961,8.951435e-06
15125,108724,0.002221974
15126,62917,0.043363515
15127,33343,0.026527464
15128,18495,0.15957011
15129,87000,0.00075788354
15130,62809,5.539275e-09
15131,35030,0.0059027667
15132,49503,0.019700931
15133,111428,2.1071498e-08
15134,107171,1.2387626e-08
15135,2181,2.862621e-06
15136,45312,4.6950136e-06
15137,51161,4.2640734e-13
15138,1336,8.221442e-17
15139,105988,4.831357e-06
15140,74030,0.00083792664
15141,52949,8.988679e-09
15142,51149,0.020443067
15143,67521,0.00025221918
15144,87670,0.030313974
15145,82682,0.0038181362
15146,114547,2.2264019e-06
15147,19529,7.503442e-11
15148,84025,0.00025252646
15149,79141,0.007811113
15150,101771,2.350128e-14
15151,99778,6.095612e-12
15152,47686,0.004342316
15153,55040,0.00018183581
15154,19675,9.7186846e-14
15155,13305,0.010181155
15156,1516,2.0278161e-10
15157,24980,5.253587e-06
15158,91223,2.7664646e-12
15159,61919,0.00020146754
15160,52748,1.3937222e-11
15161,12550,8.9224167e-10
15162,67590,0.008113807
15163,18461,1.7398084e-07
15164,86889,5.5878846e-10
15165,79,3.5368637e-12
15166,11294,2.7576299e-08
15167,56076,7.259555e-08
15168,82816,0.025860043
15169,109715,0.012076514
15170,26407,0.019770224
15171,48962,1.10373485e-07
15172,15072,0.0084202485
15173,113252,0.0018973633
15174,100880,3.259632e-06
15175,84063,0.06810957
15176,67253,0.09846249
15177,92958,0.010307644
15178,114269,8.973332e-06
15179,110793,4.6995065e-06
15180,86621,0.010307644
15181,9298,4.0636134e-08
15182,89162,8.6914635e-09
15183,108716,0.0065472187
15184,49880,2.1506123e-08
15185,46252,0.00235801
15186,105684,1.2349362e-08
15187,61589,4.809181e-06
15188,66321,0.0029602337
15189,64541,3.4750965e-08
15190,16955,6.184864e-05
15191,80135,0.004348352
15192,58390,2.3312602e-11
15193,21935,1.7848837e-15
15194,40832,0.019426988
15195,9045,6.7661773e-07
15196,35650,4.7747603e-06
15197,8390,7.137156e-05
15198,1005,8.221442e-17
15199,70587,0.00088056264
15200,89996,0.0065098247
15201,75440,0.0073724524
15202,15759,0.21284457
15203,71385,0.010307644
15204,69462,0.00011422561
15205,19936,1.5121829e-07
15206,2962,1.4751327e-08
15207,90547,0.004348352
15208,15572,2.8185745e-09
15209,30112,1.8164895e-13
15210,46658,2.6711619e-11
15211,72545,2.7644824e-11
15212,41137,3.2690763e-11
15213,105132,0.026102437
15214,52799,9.278641e-10
15215,22917,1.3995482e-18
15216,58209,0.0055668545
15217,58113,3.9753296e-08
15218,60401,2.3286184e-09
15219,100530,4.894754e-10
15220,99122,0.00012900085
15221,51480,2.4454976e-05
15222,110189,0.058268446
15223,36108,0.00021773139
15224,21231,0.008768024
15225,83323,0.023892172
15226,61774,6.777926e-08
15227,53143,0.0054904954
15228,78685,4.8117e-06
15229,85267,2.645218e-06
15230,36118,0.15288103
15231,59929,0.04496502
15232,65715,1.10315274e-13
15233,12724,0.004296576
15234,52433,7.1647566e-10
15235,95337,0.057741154
15236,95919,0.04246555
15237,93072,6.957291e-05
15238,58769,3.0249216e-09
15239,35490,0.007994651
15240,62771,0.008411028
15241,23045,1.787705e-11
15242,52384,0.0006415081
15243,60152,0.071296066
15244,113241,2.2050328e-12
15245,28151,5.2663694e-14
15246,48411,2.391729e-12
15247,14238,8.405549e-09
15248,34247,0.009529468
15249,72541,3.752528e-15
15250,108710,0.030740164
15251,109957,4.8556576e-06
15252,6470,0.001215616
15253,67637,0.00015738388
15254,104542,0.058114987
15255,56191,0.010153873
15256,62664,0.004342316
15257,36240,0.071296066
15258,40989,7.3217794e-13
15259,63545,7.756285e-12
15260,17589,0.01020377
15261,1504,1.4840809e-06
15262,39624,2.0914437e-10
15263,31790,0.009529468
15264,107218,2.218011e-07
15265,46624,3.9409218e-14
15266,100987,0.024874961
15267,38322,0.007811113
15268,57656,0.019700931
15269,18119,0.06113867
15270,55412,5.0304347e-09
15271,59858,0.0083291745
15272,85421,2.6482534e-14
15273,100503,0.0010016299
15274,91651,6.1873536e-12
15275,92596,0.05755738
15276,66313,1.3751747e-11
15277,20502,8.149158e-05
15278,12068,0.010181155
15279,7913,0.0059600095
15280,93834,2.645218e-06
15281,58760,0.0025516099
15282,114344,1.1363381e-16
15283,55884,0.030741232
15284,12172,1.8601708e-06
15285,7456,4.1755328e-07
15286,84897,0.00041208786
15287,4751,0.062392496
15288,88070,0.0007996785
15289,64745,0.00088056264
15290,53232,0.9651428
15291,99765,0.00048669797
15292,95764,0.00222437
15293,13535,0.009551308
15294,5609,3.6759485e-15
15295,105800,0.004348352
15296,96694,2.980367e-08
15297,65691,5.0948374e-14
15298,108849,1.8746972e-05
15299,15241,8.306088e-08
15300,39240,0.020443067
15301,109807,7.096744e-06
15302,61537,3.9075218e-07
15303,70989,0.00083792664
15304,110280,0.00096566434
15305,27795,0.0067218016
15306,44918,0.004342316
15307,11548,4.789482e-06
15308,34336,0.06113867
15309,59598,8.3648205e-15
15310,3341,4.8870066e-07
15311,4321,6.0853126e-06
15312,45245,1.5897362e-18
15313,80788,0.01864118
15314,55303,0.006589307
15315,33147,2.481418e-12
15316,109633,6.652486e-08
15317,15722,7.2154496e-12
15318,58936,0.010153873
15319,57417,1.8931903e-08
15320,63818,0.0003481665
15321,53438,3.48112e-12
15322,109942,4.9091983e-14
15323,37356,0.031622045
15324,66628,1.36881045e-11
15325,1647,0.05920438
15326,65819,0.0018833948
15327,86677,5.621182e-05
15328,33765,0.00011560838
15329,2661,0.073304564
15330,29093,1.1686249e-09
15331,51972,1.0888413e-10
15332,84508,4.8955732e-11
15333,106854,0.004957014
15334,71742,1.5698969e-07
15335,102142,0.00014129948
15336,61870,4.2814245e-09
15337,68634,1.0823145e-07
15338,31357,0.05176888
15339,40425,1.0962657e-11
15340,97400,0.00019278807
15341,84103,0.026332634
15342,16961,3.177942e-13
15343,37811,9.825092e-10
15344,108683,1.2081368e-11
15345,95193,0.018669777
15346,115871,0.019840907
15347,57344,2.391729e-12
15348,56155,1.7281733e-05
15349,56067,0.009529468
15350,39537,0.026362604
15351,102061,0.0017212755
15352,101932,1.4239681e-14
15353,44527,4.6950136e-06
15354,79575,0.020443067
15355,2554,0.002529868
15356,34564,0.0015843291
15357,38734,0.0006145481
15358,43190,0.08829165
15359,79674,0.007811113
15360,92405,0.012028413
15361,11849,2.2844783e-11
15362,50521,5.07428e-13
15363,9010,0.004037872
15364,83316,5.526171e-12
15365,45492,1.9464951e-16
15366,54821,6.193309e-05
15367,6813,0.0017705677
15368,12162,5.168517e-15
15369,3482,0.06981935
15370,79367,0.0073724524
15371,33471,0.009529468
15372,52705,0.00071074354
15373,35416,0.06113867
15374,85492,8.9900126e-10
15375,64338,6.12447e-11
15376,18469,2.705939e-15
15377,63115,0.011792748
15378,69053,0.045318313
15379,90962,0.05917771
15380,112214,3.5461735e-15
15381,85868,0.019700931
15382,112822,6.112147e-05
15383,3473,0.13288978
15384,63447,0.019700931
15385,3066,2.127268e-06
15386,42838,3.946166e-17
15387,110725,0.00044716065
15388,42635,0.008768024
15389,94029,1.046824e-06
15390,40280,0.0053630187
15391,26886,0.0059027667
15392,79202,3.8842342e-07
15393,60884,0.05755738
15394,98789,3.369893e-13
15395,87717,0.045114942
15396,12993,0.25567263
15397,102390,1.5176008e-06
15398,62264,4.9861985e-12
15399,59803,1.0303281e-10
15400,88992,6.62949e-10
15401,45452,0.00079390913
15402,13946,6.09854e-09
15403,6697,1.1985629e-06
15404,63918,9.211879e-14
15405,32727,0.025521828
15406,2328,0.036255285
15407,39564,0.010283782
15408,87938,1.3039613e-09
15409,94485,0.00026648067
15410,93760,0.010312991
15411,36164,3.705407e-12
15412,89340,0.02375226
15413,91090,2.8240896e-07
15414,57401,1.3937222e-11
15415,12492,2.4656595e-09
15416,97629,2.2381983e-12
15417,103727,2.9123663e-07
15418,36003,0.071296066
15419,91853,0.002468914
15420,23405,3.705407e-12
15421,74204,0.0017280811
15422,83948,0.004348352
15423,71538,0.010307644
15424,35699,1.41678085e-14
15425,39790,2.3211993e-13
15426,14563,0.0017232611
15427,56079,0.045318313
15428,55136,0.026527464
15429,44225,0.028434532
15430,56681,0.0022285264
15431,47031,0.0023983766
15432,52708,0.011792748
15433,80827,3.3375787e-12
15434,56922,0.0023332017
15435,90987,5.3730544e-11
15436,22391,0.0007251349
15437,75798,0.045318313
15438,15632,1.4302432e-07
15439,110434,0.009642077
15440,10766,2.114824e-06
15441,111835,0.019840907
15442,41253,0.0060545485
15443,49834,3.1471085e-08
15444,68305,0.00083792664
15445,73176,2.7914358e-11
15446,1399,0.023568474
15447,96163,0.004348352
15448,26161,1.5743961e-13
15449,12816,7.75232e-07
15450,69851,0.0063450453
15451,75383,0.045318313
15452,109816,0.00012425735
15453,71199,5.729717e-12
15454,67480,0.0049345633
15455,2359,0.00010714646
15456,47043,0.009634294
15457,31381,8.1326395e-09
15458,53856,0.032733623
15459,92132,0.0010014289
15460,11158,0.023471909
15461,84946,6.7948954e-12
15462,55001,0.071296066
15463,38695,3.077064e-05
15464,64921,9.696319e-06
15465,6474,0.0072218636
15466,82612,0.043363515
15467,57829,0.0022265424
15468,87721,0.05755738
15469,7742,0.01073053
15470,100477,0.057398185
15471,45557,0.00016653411
15472,113395,1.8688752e-13
15473,83652,7.958343e-11
15474,95411,9.570065e-08
15475,73319,1.126962e-12
15476,73953,3.3087894e-12
15477,67102,0.014665011
15478,57324,0.0018263524
15479,61449,8.913622e-10
15480,56320,1.5470686e-10
15481,35672,7.047511e-08
15482,102384,0.056830663
15483,26537,0.0007950193
15484,104731,0.009642077
15485,51843,0.00036364954
15486,110618,0.00068627705
15487,95348,0.06895566
15488,29141,4.405577e-06
15489,103562,3.1373765e-11
15490,98767,0.00012833794
15491,17001,3.120547e-11
15492,50169,0.018483168
15493,71837,4.7747603e-06
15494,3438,0.008507594
15495,46766,0.019770224
15496,5524,1.988215e-05
15497,30898,0.09793494
15498,82198,1.2249296e-10
15499,91306,0.10986406
15500,56083,7.0919066e-07
15501,41856,0.038512252
15502,98068,0.00088056264
15503,65647,5.303698e-07
15504,17858,5.0266116e-15
15505,70058,0.025521828
15506,52602,0.0073724524
15507,65913,1.4572433e-08
15508,68180,7.8045436e-05
15509,107205,0.00012975436
15510,81449,1.821232e-09
15511,106017,1.094018e-07
15512,115801,0.10141361
15513,45128,0.0025599306
15514,20150,0.01020377
15515,12806,1.10194575e-13
15516,86541,5.6411808e-14
15517,83178,5.4013896e-09
15518,94162,0.0017212755
15519,32686,0.0002596202
15520,59353,0.0043132193
15521,74772,3.031906e-12
15522,71413,1.126962e-12
15523,27962,3.9409218e-14
15524,42739,0.10671782
15525,31950,0.004342316
15526,103775,0.00083792664
15527,27713,0.019770224
15528,57571,0.0043132193
15529,87218,2.3256401e-09
15530,93892,0.010312991
15531,24762,0.012125932
15532,50419,0.011792748
15533,94045,4.8684833e-06
15534,14244,0.015850792
15535,51482,0.006589307
15536,54204,0.032733623
15537,16963,0.043483254
15538,108322,0.031373356
15539,59298,0.0055807563
15540,20455,2.8679848e-08
15541,28518,0.06113867
15542,78914,0.0089692315
15543,58763,0.027922664
15544,37088,4.9276506e-18
15545,52,2.6289108e-05
15546,70003,4.3427778e-10
15547,11258,1.5412761e-05
15548,78548,4.0415194e-17
15549,89685,5.621182e-05
15550,81714,1.4126409e-11
15551,35888,0.06113867
15552,95209,3.407298e-07
15553,76066,4.0575043e-11
15554,4414,0.026715754
15555,113952,0.0018993855
15556,74564,0.00074824225
15557,42785,0.004342316
15558,39605,0.8722685
15559,83399,1.7293596e-10
15560,72933,3.6608912e-15
15561,15697,0.008768024
15562,86378,0.010307644
15563,54704,1.3937222e-11
15564,17840,2.4812408e-10
15565,114028,0.0726025
15566,59358,0.056830663
15567,81116,3.0055303e-12
15568,79614,0.020443067
15569,84015,5.2696736e-11
15570,84086,0.0017212755
15571,64481,0.24500675
15572,54872,9.697558e-10
15573,27144,0.025802692
15574,115309,4.0100226e-13
15575,3074,1.5129793e-06
15576,38061,8.860398e-10
15577,66042,8.3063634e-07
15578,28136,0.0067218016
15579,71761,0.008874886
15580,20014,4.08807e-12
15581,114067,0.006379432
15582,41352,9.1330654e-10
15583,65125,1.4182457e-11
15584,97739,0.057741154
15585,98832,0.0001825176
15586,109951,0.011184473
15587,31133,6.6168633e-12
15588,90984,2.2970222e-07
15589,54108,0.010153873
15590,111608,0.00012900085
15591,76907,0.0055657215
15592,87193,0.00017880807
15593,64417,0.00074824225
15594,13587,6.6938e-07
15595,29319,0.00085326115
15596,219,5.796516e-12
15597,26677,0.019770224
15598,12779,0.087054186
15599,111395,0.004348352
15600,77752,1.3758148e-11
15601,112137,1.6008825e-10
15602,82856,2.645218e-06
15603,29184,3.579866e-12
15604,93494,3.6618863e-13
15605,106136,1.1651572e-05
15606,55595,0.010153873
15607,58774,3.639628e-15
15608,15647,1.6191176e-07
15609,20500,0.005977139
15610,49390,0.006417349
15611,3595,6.2335728e-09
15612,1319,1.7022382e-08
15613,25132,1.1648578e-12
15614,60601,2.1334047e-11
15615,73360,3.4699305e-08
15616,51357,6.720714e-13
15617,44570,4.152982e-06
15618,47577,5.933147e-17
15619,50623,1.0937111e-05
15620,21733,0.019700931
15621,63747,0.0055305418
15622,29222,0.032769844
15623,97481,0.033757117
15624,59135,0.011780695
15625,84987,9.292655e-13
15626,23364,1.0021462e-15
15627,27424,0.04496502
15628,2786,3.0113806e-05
15629,13996,1.0109984e-08
15630,54257,1.6865662e-06
15631,58684,0.00020840883
15632,63043,5.540012e-10
15633,68961,0.019700931
15634,46535,2.2022694e-14
15635,9484,7.8620893e-10
15636,109594,0.0001388286
15637,18595,0.026112074
15638,25822,0.004342316
15639,58176,0.0017212755
15640,16743,0.00026209635
15641,50845,1.41678085e-14
15642,22085,0.06803659
15643,30412,6.661577e-08
15644,42777,0.011792748
15645,107608,0.02427312
15646,56687,0.008113807
15647,72604,3.6608912e-15
15648,26823,0.00026086552
15649,97527,0.06393576
15650,18056,8.601e-11
15651,104075,0.001025634
15652,91729,0.05917771
15653,115358,0.010153873
15654,44127,3.6793336e-13
15655,61195,8.706432e-08
15656,87644,1.357186e-07
15657,80015,0.00026209635
15658,101949,0.057741154
15659,63628,4.0507288e-08
15660,16646,6.9168904e-10
15661,12704,0.0891212
15662,102361,0.0076118424
15663,113274,1.167396e-11
15664,85244,0.002244625
15665,53290,0.00055523193
15666,22884,0.14728953
15667,57659,3.8303983e-06
15668,87908,0.06826554
15669,65605,5.0948374e-14
15670,38167,0.0007336302
15671,30200,0.062410958
15672,43547,0.010283782
15673,97982,0.008422665
15674,28029,0.06810957
15675,26758,0.23706184
15676,33191,0.043965206
15677,37912,0.009634294
15678,85961,5.1393574e-05
15679,151,1.4264836e-07
15680,43226,4.622918e-09
15681,37582,0.030886764
15682,104863,5.3979365e-05
15683,60002,1.3751747e-11
15684,71877,3.4396155e-14
15685,41185,0.017237244
15686,69956,3.372079e-13
15687,59750,1.2251246e-05
15688,5449,1.2150854e-08
15689,95132,0.057741154
15690,6559,5.8860184e-07
15691,28988,1.1517371e-08
15692,65,0.0032373385
15693,40162,1.8620357e-10
15694,38868,3.3818502e-13
15695,26,0.0033139845
15696,11128,7.0629698e-09
15697,84794,1.0164984e-05
15698,114654,6.924666e-05
15699,35758,0.0007336302
15700,47601,1.5388116e-09
15701,110122,2.1918257e-11
15702,58362,0.0043132193
15703,64638,1.3476558e-11
15704,46108,0.012440645
15705,77900,0.019700931
15706,53245,7.26415e-05
15707,26540,0.008768024
15708,89510,0.00083792664
15709,91698,2.645218e-06
15710,113926,8.921114e-08
15711,79357,0.026325935
15712,79956,0.011792748
15713,85947,0.00083792664
15714,20105,4.4513267e-15
15715,49706,5.304887e-08
15716,61658,0.06895566
15717,54295,0.00014028802
15718,47375,0.011792748
15719,115669,3.7455473e-12
15720,18353,0.00091887714
15721,89819,0.00041208786
15722,105393,0.00041972953
15723,13006,2.2292264e-08
15724,63853,0.026332634
15725,73703,0.071296066
15726,10029,0.008324848
15727,28702,0.00011293772
15728,73608,2.645218e-06
15729,83766,0.0018843443
15730,101013,0.02427312
15731,103112,1.2179926e-12
15732,62974,9.495331e-13
15733,14433,0.0025724473
15734,96384,5.2407515e-05
15735,100220,0.069460474
15736,104805,6.057795e-11
15737,75232,9.292655e-13
15738,84686,0.010307644
15739,29885,0.00088267185
15740,114261,4.0369812e-07
15741,66334,9.3687e-13
15742,11512,8.498036e-08
15743,48434,5.262333e-14
15744,4655,0.00024228064
15745,76890,9.370292e-09
15746,78742,1.6143257e-09
15747,61170,1.338753e-07
15748,22649,1.9192131e-10
15749,50109,6.1873536e-12
15750,95901,9.848121e-12
15751,10124,0.010987394
15752,22602,0.0005693801
15753,96970,0.019803535
15754,27467,0.010153873
15755,60043,3.9046914e-15
15756,35066,4.134258e-11
15757,17092,4.497823e-15
15758,35435,8.770828e-10
15759,69737,0.00083792664
15760,115747,2.645218e-06
15761,2034,1.6220763e-12
15762,4801,7.61562e-07
15763,415,4.085313e-11
15764,108563,1.9915885e-11
15765,26628,0.008768024
15766,63149,0.0017212755
15767,65835,4.8117e-06
15768,68171,3.9046914e-15
15769,69319,0.009642077
15770,15422,1.1162549e-12
15771,64735,4.809181e-06
15772,29661,3.0720602e-12
15773,24034,0.0065868073
15774,5439,0.012584813
15775,57747,7.844058e-13
15776,19633,0.00011789626
15777,81472,0.0017212755
15778,63580,7.8481746e-09
15779,57777,4.7159784e-08
15780,64857,3.9029337e-07
15781,58347,0.0048655975
15782,30246,0.010153873
15783,95653,0.009642077
15784,113215,9.698747e-07
15785,60322,0.06063979
15786,50453,1.3603311e-06
15787,8235,0.008324848
15788,39714,0.00017412925
15789,59065,1.2292653e-06
15790,11484,0.00039594833
15791,5954,0.008324848
15792,107300,1.8710404e-09
15793,96351,0.0008650305
15794,105645,3.5754034e-08
15795,25634,6.2257673e-16
15796,14715,4.313175e-10
15797,76977,9.340019e-06
15798,44363,2.7301644e-08
15799,31151,2.5171736e-05
15800,99878,1.2601826e-07
15801,91553,0.010307644
15802,10000,2.801257e-06
15803,16530,2.0596678e-13
15804,101139,5.719831e-06
15805,42936,0.030096175
15806,81104,0.056830663
15807,74393,5.729717e-12
15808,84988,0.025739817
15809,53211,0.010153873
15810,67879,1.2552377e-16
15811,4761,0.0135366935
15812,26682,1.1852237e-11
15813,84405,1.2144615e-07
15814,34008,0.019840907
15815,48440,0.025802692
15816,725,1.6517629e-10
15817,108791,0.00012900085
15818,24134,3.4146333e-07
15819,37118,0.0014630348
15820,31966,6.6168633e-12
15821,27564,0.010153873
15822,13443,8.221442e-17
15823,84629,0.009642077
15824,55249,0.019700931
15825,101267,0.00074824225
15826,93105,0.0055668545
15827,243,0.0084202485
15828,22832,0.0065166065
15829,87298,0.00083792664
15830,68791,2.425865e-12
15831,83907,0.0038181362
15832,58173,9.5547846e-05
15833,80117,0.2154007
15834,12428,0.026492594
15835,46086,0.011500459
15836,52549,0.0017212755
15837,86771,2.859003e-10
15838,7886,5.5500493e-07
15839,102162,0.010307644
15840,51109,9.921998e-05
15841,20637,0.00046850424
15842,99356,0.0010016299
15843,9486,0.008324848
15844,52955,0.010153873
15845,96803,0.0017686201
15846,65729,0.0003127908
15847,55672,0.025802692
15848,1057,0.012955694
15849,103741,0.018669777
15850,71879,0.010307644
15851,58526,0.00014028802
15852,37704,1.143865e-07
15853,60314,0.008419062
15854,113355,0.09887555
15855,6645,2.114824e-06
15856,60078,0.009529468
15857,94388,0.033939894
15858,25483,0.0010128228
15859,104164,0.010312991
15860,57836,2.3118611e-11
15861,18397,3.4756863e-12
15862,57542,0.05917771
15863,52059,0.056103524
15864,25640,0.0018694574
15865,54647,1.5378118e-08
15866,98641,8.925366e-09
15867,45059,0.011792748
15868,11607,0.06218111
15869,70824,6.095612e-12
15870,32502,0.010153873
15871,102895,1.1949326e-10
15872,64148,0.006417349
15873,13641,0.008419771
15874,74709,0.033514667
15875,19929,2.007696e-10
15876,84057,0.0009825915
15877,29495,1.9708964e-10
15878,52001,1.02988364e-11
15879,91085,0.019469446
15880,2784,4.062103e-08
15881,26912,0.00046421879
15882,64209,0.00018896259
15883,10166,9.816277e-08
15884,51940,0.010153873
15885,56548,0.0025694072
15886,33118,0.009529468
15887,5423,2.0009991e-09
15888,22967,1.0688026e-09
15889,13401,0.25567263
15890,46463,0.011118982
15891,75237,0.001025634
15892,34787,0.06218111
15893,22220,6.612572e-16
15894,13041,0.01216421
15895,226,3.7386326e-05
15896,69618,4.9861985e-12
15897,36159,0.009529468
15898,51901,0.0059027667
15899,76043,1.1430613e-07
15900,1503,1.7816868e-11
15901,73139,2.693202e-10
15902,28185,0.026102437
15903,73316,0.0014991082
15904,25992,1.2103764e-07
15905,106366,2.1418005e-10
15906,11996,3.0387272e-07
15907,28158,0.0018694574
15908,51983,1.3759513e-11
15909,109364,2.4760914e-11
15910,411,0.009148665
15911,79625,0.0001388286
15912,52903,4.3070468e-08
15913,16097,8.221442e-17
15914,98847,8.176188e-06
15915,42107,3.3818502e-13
15916,111711,0.004348352
15917,73951,0.0017212755
15918,31890,0.00011293772
15919,102041,0.057741154
15920,66064,1.0165818e-05
15921,40099,0.00055523193
15922,39933,2.9293987e-14
15923,101766,0.0017053889
15924,75745,0.02560859
15925,31912,7.0856134e-07
15926,6219,6.633346e-07
15927,89216,0.0017212755
15928,96830,0.05755738
15929,73279,0.0068936716
15930,59301,0.06113867
15931,65207,1.717709e-10
15932,19870,0.019700931
15933,28866,0.00026086552
15934,70126,1.1773276e-05
15935,12948,0.023568474
15936,71575,0.033939894
15937,72938,0.0065565486
15938,46098,0.019770224
15939,18682,0.025802692
15940,86244,2.645218e-06
15941,104797,0.013347561
15942,80065,2.1128415e-05
15943,32973,2.8435052e-09
15944,19442,2.1262527e-05
15945,82673,3.6387225e-06
15946,49219,2.3145944e-13
15947,68252,0.00088056264
15948,67239,0.00084239105
15949,5709,0.1529195
15950,15493,9.364343e-07
15951,29823,0.0014630348
15952,26325,0.010283782
15953,32506,3.308253e-05
15954,35307,0.026527464
15955,9961,0.07150146
15956,2099,6.2882015e-07
15957,12977,4.4288658e-08
15958,108516,0.05817777
15959,61523,0.06113867
15960,6015,4.3794794e-06
15961,42189,1.6253476e-05
15962,4141,2.6896936e-08
15963,89312,0.020443067
15964,64004,1.1368907e-09
15965,531,5.1520033e-06
15966,73043,6.312798e-05
15967,9509,0.002003235
15968,91604,0.026045106
15969,39069,0.009634294
15970,106852,0.011911542
15971,6073,0.002529442
15972,52152,2.3166305e-13
15973,107563,0.013214655
15974,89104,0.0017212755
15975,114061,0.009529468
15976,78443,0.0006457579
15977,25310,0.08977701
15978,74928,0.00083792664
15979,16144,2.8367623e-08
15980,67147,0.05755738
15981,103614,0.20210591
15982,30954,5.472225e-09
15983,75619,2.645218e-06
15984,74386,0.00014129948
15985,90113,4.9514415e-07
15986,67700,6.8519776e-06
15987,11609,2.4100741e-08
15988,17175,0.08153384
15989,47540,0.008768024
15990,26791,0.009529468
15991,12308,9.361274e-12
15992,78770,5.905303e-14
15993,84912,4.830951e-10
15994,56647,0.010153873
15995,86013,0.056830663
15996,17686,0.02646379
15997,38837,0.00024057155
15998,77723,0.0073724524
15999,110314,0.0001388286
16000,80633,0.0020810836
16001,95772,8.959124e-08
16002,115065,0.0025871573
16003,75409,0.00083792664
16004,18061,0.009566048
16005,49229,4.7747603e-06
16006,98953,0.00083792664
16007,85178,3.798716e-08
16008,26075,2.893129e-06
16009,51215,0.019700931
16010,80609,0.0049418053
16011,2171,0.0135366935
16012,114255,0.045318313
16013,30757,3.474495e-11
16014,76430,7.301244e-11
16015,60822,0.0025516099
16016,95616,0.008422665
16017,44726,2.998443e-11
16018,20497,0.0059027667
16019,88832,2.645218e-06
16020,93053,0.02497363
16021,18936,3.2004843e-10
16022,45630,0.026362604
16023,68133,0.05755738
16024,13444,0.009551308
16025,60833,0.0017212755
16026,27595,1.4603194e-10
16027,80738,0.010118547
16028,35297,1.5917094e-06
16029,76783,8.858581e-08
16030,105811,0.009642077
16031,87581,1.4856907e-07
16032,5128,6.528336e-06
16033,78926,8.262493e-12
16034,69142,1.5980195e-08
16035,87158,4.3619053e-13
16036,37566,0.018483168
16037,51047,0.11930294
16038,12496,2.318247e-14
16039,59532,0.06113867
16040,90951,0.0006977814
16041,44097,0.0080247335
16042,90479,6.29683e-05
16043,114769,3.3722608e-12
16044,57927,1.3937222e-11
16045,109517,7.139787e-15
16046,114638,0.022295654
16047,14872,0.057076566
16048,105708,4.1245523e-12
16049,97679,0.004348352
16050,4545,0.011604054
16051,67610,1.8333898e-08
16052,13797,0.0059027667
16053,76045,2.645218e-06
16054,28129,0.011792748
16055,8715,1.9021007e-09
16056,30055,1.3008986e-06
16057,105758,1.5703804e-13
16058,85714,7.680175e-07
16059,106464,0.0003068211
16060,94037,1.2093096e-06
16061,68671,0.0017212755
16062,102927,4.2088752e-10
16063,73730,0.018483168
16064,103152,1.5217765e-05
16065,109033,0.0018876592
16066,36381,4.2640734e-13
16067,22269,4.571146e-15
16068,47107,0.009634294
16069,40582,1.4713439e-07
16070,41653,0.0059027667
16071,97021,0.069460474
16072,114425,3.8221362e-10
16073,108048,0.020616159
16074,85913,0.00075137656
16075,33358,0.0715194
16076,105332,1.3821193e-07
16077,96590,0.0018833948
16078,99897,0.046001643
16079,94176,0.0017212755
16080,109228,0.00012900085
16081,63760,6.707286e-05
16082,80211,0.001025634
16083,382,7.01223e-09
16084,9285,0.006612764
16085,17050,2.4631833e-12
16086,41772,0.025802692
16087,66995,0.069265075
16088,84011,1.1016982e-12
16089,81866,3.637406e-12
16090,6693,0.008324848
16091,115018,0.0001388286
16092,24733,3.705407e-12
16093,97510,0.030740164
16094,64974,2.9750593e-06
16095,66869,3.5947805e-13
16096,48974,0.018483168
16097,28470,0.009529468
16098,92665,0.06924659
16099,41135,0.04496502
16100,91490,0.004348352
16101,50199,7.703436e-05
16102,25116,2.4192386e-12
16103,68653,0.026102437
16104,54496,0.071296066
16105,104574,5.418597e-14
16106,9673,0.00012599045
16107,50337,1.11080354e-07
16108,59641,0.071296066
16109,51416,0.019700931
16110,58902,0.009529468
16111,59398,4.8846215e-07
16112,104658,1.757558e-14
16113,31068,2.7334492e-14
16114,51531,0.0005644993
16115,44652,7.452346e-09
16116,82536,0.00025252646
16117,74554,3.1095417e-12
16118,10763,4.843656e-06
16119,70754,0.06765456
16120,29307,0.002673727
16121,64568,5.324943e-10
16122,73902,0.0018856693
16123,104546,3.043552e-06
16124,57007,7.911466e-07
16125,102881,1.3070963e-09
16126,3921,1.3088737e-07
16127,40031,0.00056931423
16128,108372,0.00012900085
16129,27570,0.004342316
16130,13175,0.0002817223
16131,16717,2.3777433e-11
16132,84843,8.604863e-17
16133,50469,1.7049905e-08
16134,79279,4.9534735e-17
16135,102227,0.057741154
16136,33194,0.026112074
16137,70470,4.9303645e-07
16138,95472,0.001622638
16139,9114,0.0036235822
16140,34716,0.009529468
16141,104233,9.0711815e-08
16142,33700,0.00088267185
16143,106559,0.034506306
16144,40570,3.5644416e-07
16145,112943,0.019840907
16146,18657,0.0019052848
16147,43025,1.5069226e-13
16148,53762,0.0055668545
16149,32606,9.201199e-11
16150,15081,3.128844e-05
16151,86455,2.645218e-06
16152,114696,0.00034908633
16153,67999,0.06382485
16154,35984,0.06046342
16155,59928,0.0043132193
16156,65702,9.4228e-10
16157,96714,0.008422665
16158,82574,2.1009233e-10
16159,33647,9.953921e-10
16160,9219,0.010534443
16161,33952,0.0060545485
16162,107918,0.011154612
16163,102453,2.2624928e-07
16164,59265,0.0023332017
16165,962,4.1155333e-11
16166,75128,9.426665e-10
16167,11957,0.010181155
16168,110477,1.6848262e-10
16169,23547,2.4088767e-10
16170,39745,0.007811113
16171,13518,0.051191922
16172,114326,0.0065734815
16173,72065,8.025069e-05
16174,64706,3.8099764e-16
16175,29660,2.9126573e-05
16176,61967,0.0017365424
16177,18795,6.068398e-05
16178,86598,0.00316659
16179,88845,0.043363515
16180,60403,0.00083792664
16181,47537,0.019770224
16182,100962,0.096732855
16183,98806,0.0334585
16184,44240,0.010153873
16185,57790,0.010153873
16186,66474,0.00088056264
16187,6185,0.0052199573
16188,39305,0.0025568765
16189,110832,3.174867e-07
16190,71463,0.00975874
16191,99158,0.0048823906
16192,104003,8.603536e-07
16193,25191,0.0018694574
16194,37244,0.010153873
16195,57870,5.1826802e-08
16196,19669,0.018483168
16197,6387,8.842525e-07
16198,101399,0.007868048
16199,114266,1.0366567e-12
16200,87867,0.0065629994
16201,15985,3.2808185e-08
16202,9176,0.00017656524
16203,75927,0.009642077
16204,11159,0.004190782
16205,38640,0.06113867
16206,72480,0.00012833794
16207,104064,5.700889e-07
16208,74798,0.0008847968
16209,20513,0.00056505774
16210,4064,2.668816e-07
16211,104212,0.012440645
16212,42466,0.012062919
16213,19444,2.6805133e-10
16214,26315,5.869129e-07
16215,113894,0.02427312
16216,79843,0.06891348
16217,95770,0.00095932133
16218,50940,0.019700931
16219,58304,0.03456701
16220,26041,4.4894358e-17
16221,57217,7.9525824e-05
16222,24968,5.889601e-10
16223,45469,0.00235801
16224,71035,0.019700931
16225,66997,0.009642077
16226,93921,0.022350626
16227,96664,0.0019960096
16228,50299,0.010153873
16229,23465,1.0171304e-18
16230,91362,0.026102437
16231,47717,0.06810957
16232,85782,0.019700931
16233,32952,0.008768024
16234,1675,7.71905e-08
16235,92115,6.145343e-08
16236,54116,0.010153873
16237,94259,2.8284675e-09
16238,59650,0.0007640317
16239,64019,0.0120382635
16240,81452,9.292655e-13
16241,29756,0.019840907
16242,84577,0.013329668
16243,48501,0.0017212755
16244,35294,0.019700931
16245,79660,2.645218e-06
16246,8722,0.010987394
16247,72937,0.020226281
16248,22145,2.13079e-11
16249,14026,0.0009825915
16250,75425,0.01864118
16251,36413,0.0018738447
16252,89746,0.06234968
16253,103942,0.04119118
16254,30957,0.010153873
16255,21585,4.969927e-11
16256,35722,0.010153873
16257,4490,5.146342e-12
16258,50710,0.13450126
16259,58934,1.677331e-12
16260,10687,4.4306748e-07
16261,104977,2.1695844e-06
16262,4241,5.190263e-10
16263,31205,0.004342316
16264,82966,2.645218e-06
16265,67585,2.4755326e-12
16266,107449,0.0003068211
16267,104380,0.057398185
16268,111565,0.01083776
16269,53007,3.7801543e-16
16270,3161,1.0305591e-08
16271,25098,0.010283782
16272,74590,2.2050328e-12
16273,20794,5.578505e-13
16274,52925,0.00039593945
16275,4355,1.2142466e-06
16276,101677,0.009642077
16277,33410,6.3586555e-08
16278,102490,5.54026e-12
16279,15660,0.07531415
16280,25545,5.9292814e-12
16281,106066,0.0010016299
16282,80021,0.015850792
16283,84125,0.01083776
16284,53388,2.790035e-08
16285,79571,0.004348352
16286,2727,5.648666e-06
16287,71074,1.6646261e-05
16288,25283,4.8384113e-06
16289,105264,0.00012900085
16290,12028,5.0716552e-14
16291,53240,0.0059027667
16292,66016,1.2441459e-10
16293,114939,0.0017422016
16294,48832,5.933147e-17
16295,20499,2.6120027e-15
16296,100877,2.3906993e-11
16297,93139,0.0018784801
16298,25055,2.0783317e-07
16299,85925,6.9360794e-05
16300,78483,6.128437e-05
16301,31515,2.0697319e-11
16302,32669,0.06113867
16303,88053,0.0017275845
16304,114422,3.5511338e-08
16305,59752,0.00016813717
16306,56167,5.418597e-14
16307,52585,0.0017212755
16308,80164,4.559987e-13
16309,94187,0.027711796
16310,111775,0.004348352
16311,14699,7.978652e-10
16312,22941,4.793116e-11
16313,32807,1.4865795e-09
16314,72706,0.007811113
16315,9174,1.3882352e-05
16316,14227,2.452917e-11
16317,47323,2.9717333e-08
16318,51238,1.9423463e-11
16319,49770,0.006284894
16320,27141,0.004342316
16321,92675,0.001622638
16322,65088,9.3687e-13
16323,1934,6.2168033e-07
16324,63566,7.70234e-09
16325,90372,0.004348352
16326,4640,0.034774527
16327,79733,0.02146122
16328,1796,0.045027267
16329,94053,0.05755738
16330,114463,0.00031234266
16331,11506,4.239727e-07
16332,69048,0.018483168
16333,98964,0.03203254
16334,42953,3.0429004e-13
16335,64016,0.00088056264
16336,32194,2.7010023e-09
16337,62456,0.05917771
16338,10214,0.008829418
16339,99177,0.057398185
16340,49192,1.1520477e-14
16341,42199,1.0538453e-05
16342,8619,0.019449603
16343,86805,0.035942126
16344,106995,0.0019139214
16345,1074,4.5684512e-08
16346,81605,0.0048655975
16347,70825,1.7676124e-15
16348,66202,0.037613906
16349,66624,2.5642835e-06
16350,110145,1.9572908e-13
16351,60381,0.026112074
16352,23101,1.9192131e-10
16353,65199,9.426665e-10
16354,101489,0.045838933
16355,4953,0.022200448
16356,86492,3.7547782e-10
16357,10913,3.0080935e-06
16358,63893,1.2129247e-16
16359,97684,0.011219062
16360,93800,0.0028714791
16361,87145,0.06113867
16362,99196,0.0017212755
16363,24852,0.15957235
16364,16562,1.8763356e-10
16365,87955,0.05755738
16366,12332,0.038739365
16367,43448,0.00088267185
16368,65209,4.8117e-06
16369,92377,0.00026027774
16370,76973,2.2152343e-12
16371,53652,2.645218e-06
16372,87222,0.06113867
16373,64487,3.6522413e-12
16374,86473,1.0164984e-05
16375,80878,7.886029e-05
16376,93091,0.7804373
16377,43554,0.009634294
16378,99615,0.010312991
16379,12972,2.5698415e-05
16380,95001,1.6477798e-05
16381,29285,0.026527464
16382,20538,1.9192131e-10
16383,17914,0.00093662593
16384,75509,0.0022232037
16385,34156,0.008419062
16386,63150,2.2061573e-11
16387,11440,0.00029891075
16388,104912,0.0017241349
16389,89651,0.02063519
16390,40415,0.00020659712
16391,95047,3.1095417e-12
16392,95439,3.7455473e-12
16393,4541,0.023568474
16394,49713,0.0043132193
16395,17167,0.0008911568
16396,74060,0.0060545485
16397,11811,1.0440277e-17
16398,3108,3.5874548e-06
16399,27864,4.098632e-09
16400,13263,7.979968e-12
16401,58131,0.009045582
16402,6113,4.9362425e-09
16403,11469,0.0017705677
16404,74849,0.011057796
16405,82067,0.008768024
16406,41538,0.0084224185
16407,72953,2.645218e-06
16408,29227,6.798333e-05
16409,101888,0.014597119
16410,3942,0.026492594
16411,37048,7.355643e-12
16412,11177,2.84603e-06
16413,112151,0.0062179943
16414,48073,0.026332634
16415,94456,0.018483168
16416,7338,0.034530524
16417,59541,4.5214303e-09
16418,57665,0.043363515
16419,108440,0.00083792664
16420,37746,0.00016960665
16421,9640,6.633346e-07
16422,10816,2.6100384e-05
16423,19070,0.00014859076
16424,26012,0.0002475605
16425,69686,0.0017463663
16426,5976,1.0365033e-05
16427,94349,0.07145986
16428,103317,0.010312991
16429,21979,3.5368637e-12
16430,62528,0.0017280811
16431,77832,0.0010996573
16432,114801,8.153058e-14
16433,55785,0.010153873
16434,89481,0.0043132193
16435,103471,0.00021513313
16436,28841,0.06113867
16437,9343,1.7839862e-05
16438,47082,3.9409218e-14
16439,105286,0.058114987
16440,5029,0.002908524
16441,74260,0.0065565486
16442,25957,0.005945585
16443,70318,0.00083792664
16444,25471,0.019770224
16445,26999,2.9126573e-05
16446,67183,2.425865e-12
16447,3261,1.7022382e-08
16448,103448,1.264141e-10
16449,45091,0.019770224
16450,52854,0.026527464
16451,19532,0.05955208
16452,58603,2.4612215e-11
16453,55855,0.010153873
16454,75978,1.8696355e-12
16455,50410,0.071296066
16456,27613,4.3329083e-13
16457,109487,0.012076514
16458,42287,3.747489e-13
16459,10835,1.5353354e-08
16460,40075,0.010283782
16461,88359,0.0018843443
16462,60394,0.00055523193
16463,96782,0.025739817
16464,56017,0.06895566
16465,20979,0.019700931
16466,80574,4.8556393e-12
16467,93961,1.2880642e-13
16468,113715,0.03312897
16469,25045,1.1648578e-12
16470,26515,9.054293e-08
16471,115261,4.2249016e-07
16472,57838,0.011575284
16473,28943,0.0041812095
16474,52475,0.0110621145
16475,12952,0.010181155
16476,103443,2.7370154e-08
16477,19512,0.00093662593
16478,96157,0.032351613
16479,48451,0.0038181362
16480,20190,0.071296066
16481,21209,1.3727531e-11
16482,81519,8.9900126e-10
16483,42347,0.0084224185
16484,96191,3.0662752e-09
16485,42515,0.025521828
16486,77641,1.2459046e-19
16487,44538,1.9088306e-10
16488,102067,0.004348352
16489,46334,3.9409218e-14
16490,26927,2.732282e-10
16491,26660,4.67519e-13
16492,43907,4.6592145e-06
16493,103006,3.8516922e-05
16494,108574,0.010312991
16495,40184,5.241782e-16
16496,115963,8.8640235e-08
16497,40232,2.5044247e-10
16498,88647,0.0017212755
16499,10698,3.8226943e-08
16500,81980,3.1523346e-06
16501,71062,0.04496502
16502,71026,0.018483168
16503,26022,0.00074831134
16504,20815,8.676851e-17
16505,112472,0.004641126
16506,66167,1.8666653e-14
16507,107685,0.09943076
16508,51406,1.7787607e-10
16509,42728,5.57635e-06
16510,61694,0.05755738
16511,72195,0.06895566
16512,33468,1.8386324e-06
16513,87174,0.019700931
16514,37177,3.435847e-13
16515,24206,0.00021551707
16516,67226,0.011792748
16517,44622,0.08153384
16518,15459,1.1335031e-11
16519,10758,1.6956536e-08
16520,106373,1.7796685e-05
16521,77613,1.7528587e-09
16522,17970,0.0031708404
16523,63359,0.05755738
16524,83104,1.1627291e-06
16525,84484,0.004348352
16526,107556,3.8623485e-13
16527,92440,9.327531e-13
16528,103546,0.013347561
16529,65275,4.8117e-06
16530,84933,0.00037078228
16531,95904,3.4587275e-10
16532,22461,2.9293987e-14
16533,68094,2.3058394e-16
16534,90651,2.645218e-06
16535,13849,3.0245823e-12
16536,82139,0.0014614676
16537,38926,7.516316e-12
16538,108620,0.0026595993
16539,13592,0.028403848
16540,31673,0.011792748
16541,100240,0.009642077
16542,56654,1.3478979e-06
16543,86757,0.009642077
16544,92121,3.6608912e-15
16545,108762,0.010312991
16546,12020,5.312972e-10
16547,82489,0.00083792664
16548,25611,1.8045555e-05
16549,79800,0.007811113
16550,105287,0.019840907
16551,44046,0.010283782
16552,51774,0.00026209635
16553,115243,2.6519647e-06
16554,39270,0.00011293772
16555,18354,1.5898633e-11
16556,33566,1.4191064e-06
16557,102705,0.033939894
16558,105759,0.09819669
16559,33820,7.923478e-05
16560,12919,1.3171149e-12
16561,68022,0.0025032037
16562,9881,1.4814295e-06
16563,29201,1.8780923e-06
16564,113197,0.058114987
16565,104743,1.1898638e-09
16566,69558,0.00026360096
16567,9971,0.01099238
16568,61676,0.00014838982
16569,71329,0.026102437
16570,61988,0.0025516099
16571,38221,0.03994918
16572,85316,1.07799195e-11
16573,39530,0.025521828
16574,14786,3.6755168e-07
16575,41795,0.097857654
16576,96932,0.004348352
16577,49723,0.010765045
16578,48079,5.89538e-13
16579,4162,5.3251006e-07
16580,50129,0.0015184856
16581,80488,0.00056931423
16582,26815,0.010635443
16583,67946,0.0003463046
16584,33581,2.240623e-05
16585,28704,0.011792748
16586,94684,0.02146122
16587,82900,0.016539
16588,19923,0.009566048
16589,33203,0.009529468
16590,866,1.1572535e-15
16591,50531,0.010153873
16592,115557,0.0715194
16593,114604,2.9041942e-12
16594,25993,6.698052e-16
16595,36510,0.0034867679
16596,80022,0.00083792664
16597,7368,3.4369697e-12
16598,82449,3.4267045e-09
16599,49663,2.335635e-07
16600,39026,1.1688912e-11
16601,29829,1.6824868e-05
16602,48681,0.0018833948
16603,71172,0.05755738
16604,102054,0.001025634
16605,99628,4.0020455e-13
16606,32250,4.7335925e-06
16607,12987,6.092996e-12
16608,84079,2.085245e-11
16609,48119,0.00016223628
16610,58367,0.0055668545
16611,91377,1.8315904e-11
16612,7346,0.011604054
16613,52894,0.010153873
16614,90215,0.0059201517
16615,37718,0.010283782
16616,69498,2.425865e-12
16617,22409,0.00013543965
16618,26673,3.482349e-08
16619,8373,0.0017705677
16620,34649,0.0028805549
16621,108664,0.00012833794
16622,94700,0.003523494
16623,22325,1.9192131e-10
16624,28673,7.406056e-08
16625,42791,0.0083291745
16626,46506,7.1727956e-14
16627,114170,0.056103524
16628,53860,0.0073724524
16629,83261,0.03689634
16630,63219,9.705484e-07
16631,37349,3.8627604e-06
16632,78301,0.0001825176
16633,44054,0.00011293772
16634,60350,1.1134598e-10
16635,5190,5.0469064e-13
16636,95056,0.0018833948
16637,100440,3.5949334e-08
16638,32326,0.09673475
16639,34012,0.0017590506
16640,50415,0.17312463
16641,8936,7.2111206e-06
16642,73249,0.0100401435
16643,68806,0.001025634
16644,57925,2.6014257e-09
16645,115507,0.010312991
16646,69270,0.0064866557
16647,35432,0.026102437
16648,112176,1.7207281e-15
16649,6543,5.8573767e-07
16650,31050,0.000102061036
16651,24191,0.06113867
16652,4305,7.368146e-07
16653,60201,2.8503541e-06
16654,29084,0.009529468
16655,104535,0.0014612735
16656,6383,0.002908524
16657,14448,5.6747493e-12
16658,71727,0.019700931
16659,16345,2.085433e-10
16660,8085,0.0019774917
16661,11530,4.4975097e-13
16662,83785,0.63727367
16663,104562,0.058114987
16664,89301,3.8956927e-10
16665,66229,1.0170501e-05
16666,42064,0.15957011
16667,22755,3.5368637e-12
16668,87472,0.05755738
16669,8634,2.6965397e-09
16670,81074,0.0017212755
16671,4268,1.397149e-07
16672,5116,8.58205e-05
16673,88062,9.516294e-05
16674,22781,0.003314459
16675,13718,7.367845e-12
16676,53857,0.05845639
16677,104280,6.111386e-07
16678,76367,2.9613372e-13
16679,35403,0.025521828
16680,70330,0.024115043
16681,105974,1.6995332e-11
16682,72780,0.05755738
16683,79092,6.1342103e-06
16684,58233,0.00018183581
16685,16276,0.0084202485
16686,28849,0.025521828
16687,32095,0.034858067
16688,99598,0.00083792664
16689,3890,2.1133432e-05
16690,23598,0.011792748
16691,17810,5.363317e-05
16692,10544,6.262785e-05
16693,87566,0.007811113
16694,56464,0.030741232
16695,72778,7.3985717e-07
16696,60591,1.3039613e-09
16697,46205,1.2537602e-06
16698,50900,0.0007532943
16699,109385,0.018669777
16700,53272,0.15288103
16701,98128,3.7455473e-12
16702,31344,0.00024907288
16703,38790,0.00373462
16704,73237,2.481418e-12
16705,68479,0.071296066
16706,52068,2.1363602e-08
16707,108601,0.057398185
16708,106979,1.7315793e-08
16709,105925,0.019840907
16710,82561,0.010153873
16711,50206,0.010153873
16712,24467,0.034086544
16713,112542,3.4942982e-12
16714,22992,0.00010847923
16715,31324,0.010153873
16716,95374,5.88048e-12
16717,17179,0.038671788
16718,99941,3.369893e-13
16719,73740,0.0073724524
16720,65350,8.9101974e-08
16721,32886,0.019840907
16722,113140,9.06205e-08
16723,17776,0.0041975155
16724,23510,0.08977701
16725,73097,3.031906e-12
16726,56402,5.418597e-14
16727,66478,9.132145e-13
16728,18398,3.3022261e-12
16729,99272,9.495331e-13
16730,108287,5.8103583e-10
16731,107056,0.0008289713
16732,3462,1.7801677e-08
16733,80016,9.832524e-12
16734,55427,0.03701106
16735,9164,4.1000695e-07
16736,99994,0.019803535
16737,14641,1.5754173e-17
16738,53796,3.441623e-05
16739,59782,1.412148e-11
16740,29357,7.133601e-13
16741,66783,2.6735495e-06
16742,59133,0.007864903
16743,113093,0.03450839
16744,24061,1.41678085e-14
16745,59173,2.1924478e-08
16746,39083,0.0038181362
16747,69667,0.00975874
16748,25454,0.034086544
16749,54167,0.0007336302
16750,21490,0.0007087049
16751,55176,0.011792748
16752,67501,0.05755738
16753,65498,1.1069936e-12
16754,2438,1.7022382e-08
16755,99347,0.043769367
16756,77368,0.016493056
16757,59704,0.0018833948
16758,65782,0.049130276
16759,90693,0.004348352
16760,56465,0.0014630348
16761,30734,0.026373321
16762,28410,6.834915e-09
16763,93730,0.004348352
16764,50664,7.133819e-09
16765,860,0.010530269
16766,35453,4.392029e-08
16767,34589,0.008419062
16768,101196,3.7633967e-07
16769,101611,0.045838933
16770,75065,0.00096756144
16771,98460,0.057741154
16772,6051,2.0356927e-06
16773,88976,0.011792748
16774,59432,0.00088056264
16775,100138,0.0023673647
16776,10390,0.010987394
16777,82277,2.2599905e-05
16778,92507,2.5185876e-05
16779,107811,0.0065472187
16780,82491,0.01864118
16781,16002,3.765575e-12
16782,2946,0.00011293772
16783,9322,0.0073454785
16784,39693,0.010283782
16785,53573,0.00071242865
16786,1481,0.0891212
16787,77129,0.019449603
16788,80702,0.06113867
16789,55007,0.0018784801
16790,60426,0.002823402
16791,46400,5.933147e-17
16792,54572,0.009529468
16793,60328,0.054985758
16794,53575,1.5318256e-15
16795,16027,4.921051e-13
16796,112201,2.5925071e-11
16797,32213,0.019840907
16798,115600,0.0009070932
16799,29561,0.009529468
16800,82079,1.660423e-05
16801,52203,1.2196207e-11
16802,21926,0.009634294
16803,7136,1.7750921e-05
16804,107754,0.0017241349
16805,36740,7.26415e-05
16806,40637,0.0028159623
16807,25263,0.008768024
16808,107779,4.890004e-10
16809,70376,0.004348352
16810,83556,0.0048655975
16811,112936,0.009529468
16812,40360,0.008507103
16813,65305,1.2752543e-10
16814,25026,0.009634294
16815,57098,0.05755738
16816,16737,3.488261e-18
16817,92704,0.043769367
16818,41248,0.0053015677
16819,97077,0.032130565
16820,67419,2.2778672e-09
16821,67369,4.9861985e-12
16822,187,8.791902e-09
16823,39659,0.02063519
16824,104077,2.936162e-10
16825,41114,0.010283782
16826,112537,0.0002584466
16827,17922,0.01020377
16828,72140,0.0043132193
16829,77793,2.2400905e-12
16830,54189,0.00088267185
16831,13756,0.00091887714
16832,107386,0.04389628
16833,71024,3.7066458e-11
16834,22889,0.032769844
16835,67953,0.0007002288
16836,53792,0.0017212755
16837,17607,8.259799e-12
16838,62576,1.183478e-10
16839,38450,4.7581254e-09
16840,104789,0.03338991
16841,47130,0.025802692
16842,54402,0.010765045
16843,101367,0.0017218442
16844,50820,0.010153873
16845,47899,7.9427886e-10
16846,18916,0.0035598187
16847,51280,5.246769e-10
16848,18588,7.2226276e-06
16849,106764,2.9356847e-11
16850,30937,0.15297742
16851,106082,0.0007480875
16852,54987,0.056103524
16853,103787,5.8938145e-14
16854,25543,0.011792748
16855,11761,2.4352955e-15
16856,108117,5.015048e-13
16857,13226,6.195259e-14
16858,57991,6.9360794e-05
16859,23871,0.010283782
16860,6973,0.00016580478
16861,90164,0.010765045
16862,4405,7.127254e-08
16863,21569,0.009566048
16864,84313,1.0164954e-05
16865,17463,1.4402908e-08
16866,6517,0.004528324
16867,80507,0.019469446
16868,69179,0.008768024
16869,110286,0.01199421
16870,38272,2.9440759e-09
16871,44896,7.1727956e-14
16872,58310,1.2302504e-06
16873,14056,0.017305454
16874,28930,0.010153873
16875,18421,0.00027845675
16876,37926,5.933147e-17
16877,98491,1.846653e-07
16878,83757,0.030096175
16879,28437,3.4212524e-12
16880,44981,0.046560757
16881,66446,1.3751747e-11
16882,56937,0.045318313
16883,19880,0.053201094
16884,79823,0.056830663
16885,96277,0.05917771
16886,107265,0.00012975436
16887,43992,1.4537343e-08
16888,42801,0.08829165
16889,26905,1.3457948e-07
16890,59239,4.7149136e-17
16891,3378,3.0113806e-05
16892,33983,0.010153873
16893,28061,0.009529468
16894,85302,1.7089973e-13
16895,26198,0.0007336302
16896,22966,1.7676115e-16
16897,12941,4.4422713e-10
16898,13986,0.0110621145
16899,67715,0.10986406
16900,109328,7.819458e-05
16901,103543,0.1368959
16902,61762,1.8696355e-12
16903,27611,0.005329492
16904,38793,0.026362604
16905,76072,9.728432e-06
16906,44781,6.4205494e-17
16907,10080,0.023568474
16908,8336,2.8943127e-06
16909,100099,1.7590238e-10
16910,24964,0.07140674
16911,52709,0.00095678144
16912,79361,0.0025516099
16913,100005,2.1080782e-06
16914,34358,3.9409218e-14
16915,108749,1.3194006e-08
16916,57630,2.0911366e-06
16917,46087,0.010924733
16918,34663,4.392029e-08
16919,94783,0.0017212755
16920,47279,0.006433593
16921,99905,0.019803535
16922,47079,0.004342316
16923,18547,1.13570575e-08
16924,85547,0.0048655975
16925,18208,7.5185053e-06
16926,68581,0.01083776
16927,934,0.16081148
16928,108660,0.00012900085
16929,59574,0.010153873
16930,61621,0.13488337
16931,72058,3.900638e-17
16932,33275,0.009529468
16933,747,0.006984925
16934,114481,0.010153873
16935,37909,0.019700931
16936,103917,8.505049e-10
16937,93307,0.045318313
16938,31508,0.025521828
16939,90381,1.1485201e-10
16940,54450,0.0043132193
16941,75924,0.05755738
16942,40007,0.071296066
16943,90901,2.4895747e-10
16944,105256,0.025870373
16945,78160,2.8283285e-08
16946,41128,7.26415e-05
16947,804,0.008324848
16948,87768,5.1940263e-10
16949,107074,0.0007507431
16950,64467,1.6727905e-09
16951,106400,2.1773439e-17
16952,99945,0.0022232037
16953,46529,3.2799552e-19
16954,14882,0.014665011
16955,14870,0.035042536
16956,8476,5.436165e-07
16957,89561,0.009642077
16958,107684,1.7413885e-07
16959,77635,0.004348352
16960,57933,3.5940218e-08
16961,15560,1.0597668e-10
16962,90345,1.1581461e-14
16963,13390,0.009551308
16964,61178,0.024507357
16965,69012,1.2752543e-10
16966,8771,6.220415e-07
16967,33134,0.010153873
16968,97520,0.013347561
16969,2937,6.2335728e-09
16970,41394,0.00014337535
16971,44218,0.010153873
16972,68551,0.00083792664
16973,35537,7.703436e-05
16974,49575,9.1444e-09
16975,102980,5.9548755e-11
16976,64694,0.00074824225
16977,56884,0.0010732088
16978,108555,1.7866664e-10
16979,54688,0.012062919
16980,57730,9.3061137e-10
16981,66888,0.009642077
16982,21753,2.6120027e-15
16983,12064,2.0596678e-13
16984,68313,0.011792748
16985,63083,3.6608912e-15
16986,77324,0.019700931
16987,89807,1.2601826e-07
16988,50458,0.019700931
16989,50780,5.933147e-17
16990,96447,0.00031117484
16991,6196,4.4772682e-06
16992,100725,0.012076514
16993,11207,8.930989e-08
16994,22648,0.0002284812
16995,42021,5.8309798e-08
16996,196,7.363658e-07
16997,98231,0.0017212755
16998,73340,0.045318313
16999,60978,0.0081132725
17000,10461,0.023568474
17001,95822,0.01083776
17002,59051,3.0154724e-06
17003,52935,0.0022265424
17004,23933,0.015839547
17005,21509,1.7031174e-07
17006,42773,0.00088267185
17007,6122,7.3801516e-08
17008,68622,0.01083776
17009,109340,0.0060618646
17010,63454,4.830951e-10
17011,3265,0.06854815
17012,12774,3.9879966e-12
17013,113539,0.02146122
17014,110089,1.4540122e-11
17015,30201,0.062410958
17016,32134,0.009529468
17017,36948,0.026362604
17018,80398,5.204461e-13
17019,7371,0.01143928
17020,110135,0.0001190389
17021,33361,2.8542083e-10
17022,94526,3.49992e-09
17023,16379,5.0266116e-15
17024,71087,5.8937914e-14
17025,115877,0.00028705105
17026,25699,0.019770224
17027,104877,0.04119118
17028,77143,5.205343e-10
17029,32682,0.0068936716
17030,7441,1.4686812e-08
17031,38207,0.056203265
17032,56166,1.2356565e-09
17033,40406,0.025521828
17034,63732,0.0009555467
17035,71219,0.033328146
17036,65629,7.0209865e-08
17037,97241,0.0025516099
17038,43856,3.6139426e-08
17039,108954,0.0018876592
17040,22730,8.5013185e-10
17041,90767,0.004348352
17042,59584,0.025841981
17043,2115,3.5511338e-08
17044,99757,9.839897e-08
17045,68408,0.010307644
17046,33482,0.008768024
17047,52967,0.010765045
17048,15307,3.229288e-05
17049,30981,0.000553669
17050,103113,0.007907261
17051,37381,0.00025182584
17052,13386,8.403841e-15
17053,64556,1.170089e-11
17054,3297,0.027638627
17055,61736,0.05755738
17056,56951,5.418597e-14
17057,76341,0.00013748383
17058,35465,2.6007456e-06
17059,52619,1.04213905e-05
17060,90218,3.724574e-12
17061,20086,9.501686e-10
17062,100139,3.7455473e-12
17063,46366,0.009027516
17064,19741,0.0003455354
17065,19079,0.01020377
17066,103064,0.001622638
17067,25006,8.5204035e-15
17068,83461,0.00026360096
17069,41268,4.8360957e-06
17070,35462,0.00018183581
17071,64012,1.8461283e-11
17072,12420,7.3728285e-10
17073,92356,0.0334585
17074,31824,2.590984e-07
17075,2079,0.005959611
17076,48758,0.65734434
17077,104679,0.001979882
17078,51740,3.9046914e-15
17079,70762,2.4256247e-08
17080,18049,0.0005693801
17081,15192,0.011131373
17082,115980,0.058114987
17083,47820,3.435847e-13
17084,30861,0.009529468
17085,34248,0.0036432927
17086,31189,0.00942274
17087,108174,0.0001825176
17088,41953,0.05157962
17089,112998,0.0017241349
17090,52206,0.0043132193
17091,62152,0.004342316
17092,103715,0.058114987
17093,28891,0.0017601119
17094,40940,0.008768024
17095,6945,0.0004554989
17096,76547,1.9487148e-14
17097,68393,0.004348352
17098,77927,3.0082202e-12
17099,81819,0.00083792664
17100,55261,0.010765045
17101,110048,0.0017241349
17102,5112,6.9216475e-07
17103,72289,3.5931913e-16
17104,88258,4.0415194e-17
17105,35953,0.0063349907
17106,51211,2.4253777e-07
17107,88541,0.0018843443
17108,51142,0.011792748
17109,33043,5.208754e-12
17110,99392,5.619436e-10
17111,23001,9.124825e-06
17112,65885,1.1016982e-12
17113,21691,1.3803417e-10
17114,62328,4.809181e-06
17115,82242,1.6357742e-09
17116,53367,0.008419062
17117,104799,0.06404916
17118,23285,0.019700931
17119,58267,0.00083792664
17120,19068,5.933147e-17
17121,97447,0.046001643
17122,16099,2.2944114e-12
17123,101152,0.00074824225
17124,111430,1.1132969e-09
17125,75303,0.0060545485
17126,56741,0.00083792664
17127,3563,0.00013647457
17128,61308,0.056830663
17129,38076,5.405367e-13
17130,17761,8.1562535e-12
17131,27091,1.3917267e-05
17132,35421,4.816071e-05
17133,6570,2.5681355e-11
17134,328,2.7301644e-08
17135,63726,3.5337117e-10
17136,74872,0.00074824225
17137,49338,2.5531112e-12
17138,91446,5.8552837e-13
17139,72662,0.0038181362
17140,84285,0.0017212755
17141,15306,4.169995e-09
17142,40104,3.916208e-11
17143,42402,0.0017601119
17144,69134,0.024520973
17145,80201,0.033939894
17146,111873,3.4680725e-05
17147,10226,6.985734e-12
17148,42862,5.396577e-10
17149,70903,2.645218e-06
17150,71083,0.05755738
17151,84353,0.0017212755
17152,70339,0.033939894
17153,30880,0.008419062
17154,47739,0.026362604
17155,85770,3.6522413e-12
17156,103725,1.2198858e-11
17157,7259,8.79953e-06
17158,75268,5.746697e-14
17159,73106,0.00014028802
17160,13571,0.010181155
17161,87920,0.05755738
17162,24748,1.41678085e-14
17163,20603,7.516617e-12
17164,6149,0.023568474
17165,32834,2.7919109e-14
17166,3049,1.1300956e-09
17167,99529,0.026325935
17168,83503,0.010307644
17169,32702,0.032769844
17170,36751,1.1883344e-06
17171,49966,0.0020361692
17172,9370,1.5725132e-06
17173,95849,3.8283466e-13
17174,7817,0.07150146
17175,61857,0.0002678651
17176,34987,0.010153873
17177,27738,1.6392189e-05
17178,65652,4.8117e-06
17179,10363,0.010534443
17180,87173,4.9861985e-12
17181,87638,0.010307644
17182,39518,2.1791324e-15
17183,8141,9.0012736e-07
17184,16155,2.0909579e-13
17185,53467,0.00026209635
17186,64606,4.809181e-06
17187,71986,0.00014195743
17188,61618,0.004342316
17189,91290,0.010307644
17190,64521,0.00014129948
17191,59825,1.5814131e-06
17192,61442,0.00012500583
17193,81093,8.267967e-06
17194,94371,0.0043132193
17195,75338,5.3169044e-14
17196,75084,1.5012466e-07
17197,71604,2.7644824e-11
17198,48634,4.930606e-13
17199,26002,0.008113807
17200,54880,0.019449603
17201,77393,3.5249105e-08
17202,21950,0.012125932
17203,50184,0.04525399
17204,61380,0.011792748
17205,10995,5.5366347e-09
17206,57661,0.0043132193
17207,41366,5.352457e-07
17208,25426,2.6485064e-10
17209,112666,5.3979365e-05
17210,106174,0.0067245713
17211,6853,1.868839e-06
17212,47293,0.010283782
17213,43858,0.00072054064
17214,12379,0.045027267
17215,91047,0.007811113
17216,54476,0.010153873
17217,114701,4.5031797e-05
17218,75319,4.8164284e-06
17219,62175,0.0059027667
17220,78755,0.010153873
17221,20152,1.0116169e-13
17222,68494,0.010307644
17223,8049,0.082042895
17224,32212,2.5470193e-10
17225,69265,3.372079e-13
17226,86373,0.025590878
17227,72039,0.012294085
17228,45365,0.011270111
17229,40685,7.1134826e-05
17230,24845,0.0008247567
17231,51552,1.4461573e-11
17232,101464,0.00083792664
17233,63036,0.010281147
17234,59726,0.033939894
17235,89513,0.05755738
17236,22285,5.933147e-17
17237,12210,1.9514067e-07
17238,16128,1.3764604e-07
17239,31825,0.026112074
17240,106340,0.010312991
17241,40027,0.032769844
17242,96696,0.009642077
17243,58737,7.2717325e-05
17244,58004,0.034499
17245,40596,7.0923197e-06
17246,42611,1.0155788e-05
17247,100726,0.00083792664
17248,97745,0.030149914
17249,30288,0.0002596202
17250,63741,1.2752543e-10
17251,53791,0.00083792664
17252,73211,0.026332634
17253,19189,1.5897362e-18
17254,1560,0.027662009
17255,29036,3.435847e-13
17256,44216,0.0043132193
17257,70167,0.0002678651
17258,80926,8.186069e-12
17259,23079,1.3995482e-18
17260,82364,8.929665e-11
17261,50939,0.0007336302
17262,26738,0.027499838
17263,53152,9.971997e-13
17264,31877,1.0102162e-11
17265,106522,9.891322e-06
17266,108053,3.0019898e-08
17267,19425,2.7694148e-05
17268,49475,0.0014774455
17269,4347,7.368146e-07
17270,78771,2.764621e-10
17271,64030,0.0022265224
17272,13410,1.1235233e-13
17273,38918,0.009634294
17274,25344,0.0008461725
17275,52928,2.645218e-06
17276,53323,0.0008461725
17277,103195,7.1880734e-08
17278,111340,0.026325935
17279,93858,1.5391463e-09
17280,95643,4.980997e-05
17281,30715,0.00015447912
17282,30651,0.010153873
17283,100952,0.00010516298
17284,23858,0.010283782
17285,66657,1.941897e-12
17286,62560,0.01020377
17287,88438,4.2117065e-07
17288,96556,2.611999e-14
17289,23316,0.0003207267
17290,32582,0.019840907
17291,108914,4.900994e-06
17292,111209,0.01199421
17293,9006,0.0019037692
17294,4738,0.023568474
17295,115919,0.025592098
17296,30322,1.4701939e-09
17297,89741,0.05755738
17298,13487,4.689658e-13
17299,45210,0.002534007
17300,98098,0.004348352
17301,57771,0.019700931
17302,43908,0.026362604
17303,28018,2.1612458e-12
17304,46784,0.009634294
17305,5717,0.0027039677
17306,86355,0.019700931
17307,65499,5.205343e-10
17308,87848,0.00087116146
17309,72021,5.8937914e-14
17310,38810,0.0014462789
17311,12436,0.06113867
17312,86041,0.05917771
17313,33602,0.0017745991
17314,97709,0.0017149902
17315,19154,0.06063979
17316,51680,4.8298366e-06
17317,33243,3.705407e-12
17318,107301,0.031323966
17319,94458,0.010153873
17320,18733,2.300585e-05
17321,83859,2.720158e-16
17322,51396,0.00040666165
17323,113503,0.0018993855
17324,25599,2.4192386e-12
17325,106934,0.000102279075
17326,43156,3.177283e-12
17327,54458,1.0897412e-05
17328,32067,0.010153873
17329,64601,1.4350592e-15
17330,78810,0.010153873
17331,26172,0.06810957
17332,101947,3.1658849e-09
17333,21766,0.010283782
17334,74288,1.4872564e-14
17335,114143,2.645218e-06
17336,99406,0.010312991
17337,33963,1.8688752e-13
17338,96868,0.013347561
17339,31756,0.004342316
17340,5611,1.1930383e-07
17341,63341,0.01020377
17342,102502,0.0003580217
17343,94264,0.008721598
17344,5398,3.262585e-07
17345,63521,1.43253995e-08
17346,20297,0.013329668
17347,66066,4.6371754e-11
17348,26569,0.0002811516
17349,15446,6.010527e-11
17350,78455,0.0014630348
17351,100175,0.00027488725
17352,80546,7.450015e-05
17353,18725,3.9409218e-14
17354,105885,5.8103583e-10
17355,48224,0.019700931
17356,6143,3.3666834e-07
17357,49291,0.00060359313
17358,41303,9.416071e-12
17359,113251,0.007969697
17360,64216,0.0055305418
17361,62218,1.276477e-12
17362,58411,0.071296066
17363,52791,1.6506627e-05
17364,14143,4.8846215e-07
17365,49122,1.8120508e-08
17366,100441,0.0018833948
17367,10606,8.594336e-16
17368,91694,0.05755738
17369,78769,2.1334047e-11
17370,16286,0.05157962
17371,98285,5.716481e-14
17372,87297,2.645218e-06
17373,5908,0.00096335827
17374,4334,0.008324848
17375,106014,5.8103583e-10
17376,24450,2.8611285e-07
17377,47073,1.0880743e-08
17378,77155,2.1190475e-08
17379,91854,0.004348352
17380,113146,0.008419062
17381,89217,0.043363515
17382,47184,0.009634294
17383,43261,1.6672493e-06
17384,48432,0.026332634
17385,73573,0.002484547
17386,47662,2.1344251e-06
17387,3593,0.034530524
17388,66663,4.809181e-06
17389,25080,1.690514e-10
17390,96315,1.6131252e-06
17391,104812,0.008488321
17392,81870,0.00036341595
17393,6835,0.0002703232
17394,18073,0.035042536
17395,19658,3.7551662e-13
17396,62164,1.7281733e-05
17397,4127,0.008324848
17398,85663,0.03701106
17399,37666,1.6145345e-21
17400,57743,0.077260725
17401,64236,1.6727905e-09
17402,50386,0.00010739451
17403,81321,0.0018843048
17404,18440,3.705407e-12
17405,90007,5.5819096e-06
17406,54158,7.743414e-05
17407,23817,7.223909e-06
17408,9675,9.816277e-08
17409,21156,0.0023332017
17410,61866,1.0155788e-05
17411,46984,0.008768024
17412,39439,0.010283782
17413,97361,1.4010745e-09
17414,11743,0.0002817223
17415,103174,0.004414881
17416,98190,2.5925071e-11
17417,26998,0.00958351
17418,90579,0.019803535
17419,91827,0.0064244037
17420,81695,0.00012833794
17421,2867,0.034530524
17422,35250,0.009529468
17423,11547,8.689112e-07
17424,33390,4.0587953e-08
17425,68583,0.05755738
17426,48488,0.001622638
17427,93040,0.00083792664
17428,35020,0.019700931
17429,68184,1.5380603e-07
17430,16004,1.2848494e-10
17431,99571,5.502459e-10
17432,46273,0.026362604
17433,3116,0.008827853
17434,20224,3.097153e-08
17435,38440,2.3186542e-10
17436,28449,0.010153873
17437,101292,6.0374333e-07
17438,6680,4.1755328e-07
17439,54443,6.9360794e-05
17440,18168,3.4244678e-14
17441,38004,1.3397633e-07
17442,80660,2.645218e-06
17443,7303,0.053451933
17444,19932,0.017456211
17445,4279,1.8953872e-06
17446,109917,0.0013808912
17447,28225,8.223311e-09
17448,11046,2.2059114e-05
17449,108454,0.026325935
17450,96641,0.009642077
17451,21076,4.836534e-05
17452,14020,8.221442e-17
17453,72747,3.774578e-12
17454,84393,0.009529468
17455,114383,0.019840907
17456,109808,0.00033804902
17457,106294,1.2944036e-09
17458,51964,1.3622777e-08
17459,95551,5.2955464e-05
17460,36653,0.0007288456
17461,73723,0.00020747278
17462,102783,0.056830663
17463,104856,7.322243e-16
17464,81204,0.0022232037
17465,111061,0.08515919
17466,99125,0.010312991
17467,63429,0.016416108
17468,2686,7.1562594e-05
17469,91566,8.9900126e-10
17470,11009,2.16899e-07
17471,90293,0.045318313
17472,86070,0.024271473
17473,59517,4.809181e-06
17474,9391,0.023568474
17475,49564,0.010153873
17476,74489,0.071296066
17477,70361,1.4374455e-11
17478,96707,0.00083792664
17479,82983,3.5044707e-08
17480,60929,0.026527464
17481,18866,7.027587e-13
17482,15130,0.00071242865
17483,28477,0.07140674
17484,104965,1.7831444e-12
17485,73653,0.0001825176
17486,5336,1.6823687e-07
17487,85401,6.859548e-12
17488,100468,5.5922505e-05
17489,46440,5.933147e-17
17490,103114,1.4285972e-08
17491,92961,8.9900126e-10
17492,63486,4.1559045e-15
17493,102699,0.013347561
17494,84260,0.05755738
17495,30611,1.6035807e-05
17496,33337,0.00071242865
17497,17584,0.13925254
17498,73101,0.06810957
17499,67256,0.02373173
17500,97777,0.019490741
17501,67188,0.010307644
17502,38476,5.241158e-10
17503,90470,0.00041208786
17504,103857,0.058114987
17505,106471,0.0040237564
17506,6103,2.9443383e-05
17507,56553,0.006589307
17508,40795,3.42519e-08
17509,97673,0.00083792664
17510,56346,0.06895566
17511,33220,0.008419062
17512,64958,3.4938651e-12
17513,271,0.032398634
17514,43175,7.220192e-07
17515,17828,1.1456277e-10
17516,5807,0.08894951
17517,76239,0.019700931
17518,84728,2.645218e-06
17519,75700,0.045318313
17520,59581,7.1727956e-14
17521,28982,0.011792748
17522,50541,1.4368355e-07
17523,59322,0.005169624
17524,88672,2.1248156e-15
17525,91906,3.6608912e-15
17526,99074,0.00012900085
17527,99427,0.045838933
17528,9407,6.6400304e-07
17529,58681,0.00034788498
17530,14689,0.049949203
17531,38854,2.4192386e-12
17532,20658,0.012822264
17533,109665,0.045838933
17534,54154,0.012440645
17535,55792,0.006589307
17536,113908,0.00026755474
17537,67538,0.0023178658
17538,1307,0.008324848
17539,102456,0.01083776
17540,68815,0.06113867
17541,62526,0.009622694
17542,79157,1.126962e-12
17543,46828,0.00011293772
17544,27490,9.417477e-11
17545,63892,1.6727905e-09
17546,36204,3.7279162e-11
17547,78113,5.4718726e-08
17548,13372,3.1709995e-08
17549,19153,0.0065166065
17550,20777,2.0420339e-05
17551,13474,0.0002817223
17552,96596,0.00020194009
17553,77531,7.55113e-09
17554,16221,1.1643218e-05
17555,90488,0.01083776
17556,86391,0.0014630348
17557,13549,0.020226281
17558,39627,0.0025599306
17559,3427,0.0021651727
17560,3591,1.8083791e-06
17561,80274,0.019700931
17562,35548,0.050833248
17563,49504,1.0190969e-06
17564,22910,3.4687495e-10
17565,113886,1.8750845e-09
17566,27878,0.0007336302
17567,113363,0.0835557
17568,61239,0.019700931
17569,62923,0.043363515
17570,113315,0.0017241349
17571,19227,3.3456593e-06
17572,105821,0.03338991
17573,64867,3.7150386e-08
17574,61790,1.6207103e-11
17575,81745,7.781373e-05
17576,64161,1.3758148e-11
17577,65121,0.0017280811
17578,70404,0.009642077
17579,91311,0.0065629994
17580,40737,0.0002049594
17581,33165,0.0005881234
17582,65501,0.00088056264
17583,67273,0.010307644
17584,24221,5.5585394e-16
17585,34066,6.964787e-10
17586,18907,0.0002284812
17587,69492,0.00026360096
17588,59030,0.007875756
17589,28926,0.00025426474
17590,111049,0.008997938
17591,20629,1.9214528e-12
17592,69920,6.0501487e-12
17593,62050,0.019700931
17594,100571,0.024585819
17595,583,1.0628995e-06
17596,4276,1.8235174e-05
17597,31876,0.0715194
17598,64331,0.00074824225
17599,73163,1.0722942e-13
17600,26730,0.004342316
17601,43512,0.0084224185
17602,110177,7.3838954e-16
17603,7851,2.2967484e-07
17604,23355,0.032769844
17605,63749,2.2299404e-12
17606,98433,0.0334585
17607,56782,4.0387667e-06
17608,86915,1.1016982e-12
17609,105185,4.418378e-08
17610,33933,9.258599e-09
17611,56333,0.026102437
17612,3070,6.633346e-07
17613,27228,7.501793e-08
17614,60483,0.05755738
17615,96320,0.011851389
17616,57749,1.6386728e-08
17617,101056,0.0073724524
17618,10625,0.0059600095
17619,72111,0.0017212755
17620,107144,0.0059113516
17621,37862,3.914183e-08
17622,1231,7.390645e-07
17623,8154,2.6523765e-08
17624,13049,0.009184082
17625,49904,7.844455e-11
17626,28211,0.015850792
17627,53092,4.884004e-09
17628,102694,3.116452e-09
17629,107763,2.645218e-06
17630,82152,6.1226683e-07
17631,113754,1.7390583e-05
17632,66993,0.056830663
17633,13615,0.06113867
17634,24267,0.008768024
17635,69148,4.6088227e-09
17636,73510,2.637035e-09
17637,32374,0.00034509986
17638,90936,0.019163217
17639,86852,1.8270422e-13
17640,89249,0.0018843443
17641,93828,0.014680523
17642,87723,3.0387523e-10
17643,102287,0.018483168
17644,98430,0.010312991
17645,112030,0.025739817
17646,51575,0.06722756
17647,89406,1.4480828e-09
17648,88666,7.1621575e-06
17649,72053,4.7747603e-06
17650,112808,3.910583e-07
17651,106930,0.026325935
17652,67104,0.00025809745
17653,93711,0.019803535
17654,38845,3.0591146e-12
17655,97821,1.6707656e-09
17656,15537,2.4812408e-10
17657,8224,0.023568474
17658,98454,0.010312991
17659,15071,0.019700931
17660,36802,0.00011293772
17661,49584,0.00014492331
17662,105100,0.0001388286
17663,102506,0.002244625
17664,40170,0.071296066
17665,59249,0.0018833948
17666,99409,0.069460474
17667,76001,0.02560859
17668,71317,0.05755738
17669,42944,6.4523314e-10
17670,29677,0.010153873
17671,73901,0.018483168
17672,7402,2.5548799e-08
17673,83693,5.621182e-05
17674,11623,0.009148665
17675,72450,0.019700931
17676,56758,0.007811113
17677,30327,4.0330978e-08
17678,53097,8.2100456e-07
17679,15291,1.3811993e-15
17680,93402,0.01083776
17681,58620,2.2537788e-12
17682,69902,0.0017212755
17683,74549,4.6677172e-08
17684,22277,0.000361441
17685,77229,3.6608912e-15
17686,71967,0.001622638
17687,43228,0.019770224
17688,14999,0.00011293772
17689,36712,0.0017365424
17690,107216,0.0017241349
17691,5685,0.07150146
17692,95196,3.6608912e-15
17693,27496,8.7046106e-11
17694,98123,0.10085063
17695,58898,0.05755738
17696,75127,1.0800907e-12
17697,16911,1.2102841e-11
17698,98028,5.5748483e-12
17699,76164,0.02560859
17700,33377,0.007811113
17701,114527,1.0911766e-09
17702,34462,1.563648e-11
17703,76717,0.010307644
17704,86950,0.0017212755
17705,86910,0.009642077
17706,112549,0.058114987
17707,64809,6.3831834e-07
17708,45772,1.34472815e-08
17709,108996,9.98917e-07
17710,56169,0.004641126
17711,76041,0.0018843048
17712,62861,7.55113e-09
17713,12265,8.5631675e-12
17714,65029,0.0017352848
17715,69409,0.05755738
17716,106806,0.069460474
17717,75197,4.6364218e-07
17718,17220,8.9224167e-10
17719,28686,1.4134807e-07
17720,89205,1.8891197e-10
17721,70805,0.05755738
17722,73990,0.071296066
17723,92931,0.0022265424
17724,115858,0.0015864031
17725,23301,0.0012155118
17726,32991,0.0028426421
17727,5389,0.06803659
17728,55807,0.006417349
17729,47562,0.0059027667
17730,102731,5.418597e-14
17731,95694,3.0237401e-12
17732,21853,0.0065516206
17733,54243,0.08977701
17734,113803,0.0065734815
17735,42666,5.1120984e-13
17736,60887,0.026102437
17737,52578,0.0017212755
17738,36250,1.1648578e-12
17739,33087,2.066715e-05
17740,97368,0.0023380169
17741,17931,4.3623304e-06
17742,88072,0.00041208786
17743,41325,0.071296066
17744,45620,0.06113867
17745,15159,0.017253544
17746,679,1.7503107e-08
17747,42609,0.008344217
17748,103374,0.0073724524
17749,70068,0.045318313
17750,56507,0.00041208786
17751,74888,0.0059027667
17752,766,8.601e-11
17753,30748,0.0002756547
17754,100613,0.057398185
17755,77945,2.554203e-15
17756,31522,0.032769844
17757,72906,0.026332634
17758,28089,8.267967e-06
17759,57282,0.001166078
17760,95864,3.369893e-13
17761,19638,0.0016505553
17762,2442,0.008314315
17763,34684,2.3405128e-12
17764,75481,0.00013748383
17765,46739,1.166909e-14
17766,98794,0.2154007
17767,62414,0.01020377
17768,33975,0.0043132193
17769,54485,1.5318596e-09
17770,88678,0.029366862
17771,70784,0.010307644
17772,63104,0.00787768
17773,77301,1.00374604e-10
17774,113914,0.026182165
17775,62093,0.0017212755
17776,97715,5.903966e-13
17777,84872,1.7281733e-05
17778,106080,2.36433e-11
17779,23689,4.0887485e-06
17780,60878,0.34406856
17781,74712,0.099113986
17782,91016,0.010307644
17783,57567,8.0152034e-07
17784,11115,9.816277e-08
17785,54270,0.00026955572
17786,98269,0.010130273
17787,89523,0.06895566
17788,99459,8.180848e-10
17789,112602,5.033364e-12
17790,90885,7.26415e-05
17791,37299,0.026527464
17792,86930,0.0017212755
17793,62000,0.05755738
17794,107843,0.01199421
17795,110823,0.010312991
17796,25821,6.1638357e-06
17797,34184,0.00024786894
17798,63802,8.858513e-08
17799,82967,0.043363515
17800,3247,0.03371715
17801,107869,2.645218e-06
17802,44482,1.6811588e-05
17803,49819,5.933147e-17
17804,25043,6.2705425e-08
17805,99798,5.856008e-07
17806,40305,0.026362604
17807,2883,0.00036631618
17808,85764,1.0164984e-05
17809,96270,2.645218e-06
17810,24971,0.010283782
17811,67243,5.810816e-09
17812,93646,0.00019493354
17813,102062,2.481418e-12
17814,101156,1.5627245e-10
17815,67861,0.011792748
17816,51471,0.018483168
17817,9096,0.008324848
17818,55028,0.0043132193
17819,70094,6.312798e-05
17820,30098,3.5844346e-07
17821,73368,0.030533975
17822,35155,3.5511338e-08
17823,99591,3.1308033e-07
17824,35027,4.7747603e-06
17825,8461,4.6185227e-07
17826,65164,2.552487e-09
17827,27876,0.004342316
17828,9981,0.07150146
17829,6682,1.5713438e-06
17830,111000,3.174867e-07
17831,73817,0.019700931
17832,109815,2.7904449e-08
17833,11055,4.0636134e-08
17834,46695,5.0730996e-05
17835,75746,0.019700931
17836,18813,2.6432103e-08
17837,55616,0.009622694
17838,19700,1.5694221e-13
17839,20930,0.01020377
17840,55404,4.8384113e-06
17841,70355,0.06891348
17842,51822,3.435847e-13
17843,58947,0.011792748
17844,45671,0.004342316
17845,15676,8.47405e-06
17846,28203,1.8721878e-11
17847,31617,3.308253e-05
17848,59753,4.809181e-06
17849,28608,0.010309624
17850,93936,8.5029884e-14
17851,101224,3.1725372e-11
17852,35657,0.006300868
17853,77998,0.011792748
17854,88635,0.025038164
17855,45401,0.0006424326
17856,43050,0.006191265
17857,39065,0.0014630348
17858,12056,0.026492594
17859,41771,0.0007909155
17860,12,2.6380682e-15
17861,27815,0.0059027667
17862,64457,8.707894e-08
17863,16115,2.6380682e-15
17864,87425,2.645218e-06
17865,81286,0.0017212755
17866,8697,1.1306653e-06
17867,83871,3.1901625e-16
17868,70274,0.019700931
17869,56445,0.00018183581
17870,109057,2.6464208e-05
17871,61683,0.00083792664
17872,18893,1.3864872e-10
17873,68842,0.009642077
17874,8834,0.018445008
17875,19152,8.087289e-08
17876,91302,0.025739817
17877,77569,0.0025603008
17878,85705,5.6541243e-12
17879,99420,0.025739817
17880,102684,0.018483168
17881,90391,0.009642077
17882,71781,0.05755738
17883,43281,0.0004534694
17884,24711,0.024908274
17885,75180,0.00074824225
17886,11196,0.00020256973
17887,99047,0.0055668545
17888,83571,0.00014400629
17889,70091,0.024115043
17890,95208,9.150575e-13
17891,50806,1.49015295e-05
17892,35078,0.026527464
17893,56028,0.010153873
17894,105108,4.831357e-06
17895,5379,0.014639568
17896,83023,0.004348352
17897,97995,0.0066146124
17898,99497,2.2458574e-12
17899,108733,0.0018876592
17900,51907,0.0018738447
17901,5930,4.1755328e-07
17902,6832,1.0375212e-06
17903,58409,0.026112074
17904,6434,5.2447984e-07
17905,34562,2.3791615e-09
17906,110278,0.004348352
17907,11003,0.0059600095
17908,1735,3.3403978e-07
17909,58116,1.2862351e-13
17910,30995,0.0014774455
17911,19095,0.004324647
17912,37887,2.0638261e-19
17913,12650,8.409773e-15
17914,63020,1.39607e-07
17915,26278,0.010283782
17916,107286,0.057031114
17917,60600,0.051430557
17918,36205,7.501793e-08
17919,48009,2.7896395e-13
17920,105601,0.010312991
17921,60896,1.6507242e-05
17922,24353,1.166909e-14
17923,33878,4.7335925e-06
17924,12708,1.3867148e-05
17925,20057,8.149158e-05
17926,38467,1.41678085e-14
17927,8534,9.1078465e-07
17928,77548,6.962831e-11
17929,73570,2.604881e-06
17930,19362,0.00041148113
17931,49551,0.019700931
17932,53948,7.95037e-09
17933,56978,2.1593523e-14
17934,47057,0.004342316
17935,47974,0.0001416463
17936,9301,1.0093896e-05
17937,100045,0.003139479
17938,16982,0.08977701
17939,36037,0.00030694343
17940,17809,1.1438674e-05
17941,27005,0.009529468
17942,111687,0.010312991
17943,49776,1.166909e-14
17944,15801,8.403841e-15
17945,77045,0.017164381
17946,11752,0.0003156842
17947,3743,0.008314315
17948,58468,0.002555002
17949,50967,0.00026209635
17950,15300,0.015013211
17951,14000,0.0065565486
17952,83498,0.0076118424
17953,115155,0.02427312
17954,99981,0.0011012811
17955,5616,0.01099238
17956,14756,4.5684512e-08
17957,37680,0.00036624758
17958,19268,0.09887555
17959,26384,2.8496934e-06
17960,93076,0.026325935
17961,79967,3.6608912e-15
17962,90211,0.019803535
17963,91642,0.0055668545
17964,103287,3.8818634e-08
17965,34439,1.4865795e-09
17966,110375,0.001459811
17967,106033,0.00012833794
17968,100790,0.033757117
17969,113997,1.0227982e-09
17970,39752,0.004342316
17971,39720,0.004342316
17972,214,1.3582477e-09
17973,55373,1.3937222e-11
17974,100524,0.019803535
17975,8337,0.0045538414
17976,40529,0.011107255
17977,43431,0.0084224185
17978,96663,0.00041208786
17979,24591,0.00013579761
17980,11941,0.00023764932
17981,57887,0.008768024
17982,44679,2.9121434e-08
17983,10778,1.6956536e-08
17984,77370,0.0026855527
17985,36145,0.019700931
17986,47046,1.41678085e-14
17987,91995,0.00040211226
17988,12792,1.7006244e-07
17989,3046,0.006612764
17990,47926,0.015850792
17991,55259,0.011792748
17992,11226,0.008324848
17993,41596,8.862228e-09
17994,12166,0.00023764932
17995,64788,9.3687e-13
17996,83060,0.031769305
17997,59284,8.971323e-14
17998,7289,1.5175438e-08
17999,49611,0.06113867
18000,20566,0.11714056
18001,57049,0.009529468
18002,81217,7.869109e-07
18003,33504,0.019840907
18004,20616,0.009328943
18005,76057,0.002427138
18006,62122,0.05150408
18007,54190,4.6614212e-14
18008,46331,0.00029407683
18009,81717,0.010765045
18010,8844,0.0017705677
18011,92847,0.003933667
18012,85801,0.026332634
18013,21416,1.066767e-07
18014,26040,0.001231152
18015,92530,0.011118982
18016,57938,0.02375226
18017,99298,0.0034267255
18018,65488,1.6687177e-07
18019,93360,0.045318313
18020,43100,0.0028364745
18021,47067,3.3552423e-18
18022,1003,1.4104833e-06
18023,32623,2.9015316e-08
18024,29789,0.0067218016
18025,111645,0.06895566
18026,34044,0.14811072
18027,89630,0.043363515
18028,99019,1.6823622e-11
18029,19799,2.130143e-08
18030,101605,0.057741154
18031,105053,1.9859648e-07
18032,65247,1.6213178e-06
18033,78010,6.2473903e-13
18034,52336,8.809351e-11
18035,46090,0.010283782
18036,19530,5.3799658e-15
18037,60319,0.010765045
18038,25951,0.010283782
18039,81742,0.001025634
18040,67095,0.0055668545
18041,105569,0.0014612735
18042,48593,1.5797348e-05
18043,57797,0.0059027667
18044,94448,0.06891348
18045,40179,0.009634294
18046,46351,0.010283782
18047,31573,1.41678085e-14
18048,5578,2.6920168e-07
18049,86462,4.187609e-13
18050,82880,1.0773152e-12
18051,63503,0.0082014
18052,6204,0.0013527431
18053,30502,2.3865147e-13
18054,34873,8.197678e-12
18055,24878,0.004342316
18056,91959,9.6218976e-08
18057,96843,0.0001825176
18058,54312,0.00021773139
18059,55512,2.0420556e-11
18060,30086,0.010153873
18061,101009,0.030740164
18062,44508,0.008768024
18063,106518,0.014854666
18064,19509,5.933147e-17
18065,91676,1.2085691e-07
18066,97713,1.0301354e-05
18067,88042,0.0018843443
18068,105360,0.0006346055
18069,75522,5.746697e-14
18070,47741,0.015850792
18071,114474,3.928056e-08
18072,1466,1.41678085e-14
18073,78299,0.045318313
18074,58532,0.00013743206
18075,6503,1.4853431e-10
18076,43502,4.152982e-06
18077,44340,0.07140674
18078,114125,5.1638322e-05
18079,4727,0.0060553057
18080,17530,4.0272284e-06
18081,57465,4.7747603e-06
18082,27169,0.03480265
18083,23327,1.8927103e-06
18084,86861,1.0773152e-12
18085,48034,0.010153873
18086,1530,3.8897974e-10
18087,99301,6.383504e-05
18088,84799,0.008422665
18089,108282,0.00012833794
18090,105460,0.0017241349
18091,39580,9.3662374e-07
18092,21806,6.9227075e-11
18093,52039,2.548573e-11
18094,59942,0.057112224
18095,14850,1.1105371e-05
18096,66078,1.6384337e-10
18097,48654,0.00047909375
18098,12955,2.9013272e-05
18099,13407,2.3018842e-09
18100,114375,0.01474979
18101,55899,0.045318313
18102,42599,0.29251614
18103,13138,0.0040659183
18104,73932,0.0017212755
18105,60892,0.05755738
18106,42950,0.019770224
18107,59229,0.030741232
18108,101260,3.875069e-06
18109,54331,0.003600264
18110,43460,0.004342316
18111,85122,0.030741232
18112,64883,2.5240995e-06
18113,78564,3.433285e-21
18114,62889,5.539275e-09
18115,112630,7.585071e-05
18116,79974,0.00012719189
18117,6232,1.6091087e-07
18118,103380,1.3936172e-07
18119,97206,0.0017212755
18120,40554,1.3600215e-12
18121,67711,0.012294085
18122,102360,0.00083792664
18123,16432,0.00067071285
18124,78686,0.010153873
18125,84328,0.0065565486
18126,34399,0.0028999005
18127,79561,2.645218e-06
18128,29995,0.00018183581
18129,78870,1.3751747e-11
18130,41069,0.018864961
18131,23454,5.933147e-17
18132,57761,4.5935728e-15
18133,96718,0.001025634
18134,28314,0.019770224
18135,61253,0.056830663
18136,11627,1.1172923e-06
18137,76083,0.002427138
18138,56328,4.7159784e-08
18139,91647,0.026332634
18140,7740,2.530978e-08
18141,81088,4.8164284e-06
18142,99982,7.2133174e-05
18143,66814,1.24045e-07
18144,41328,0.00018183581
18145,78819,0.15957011
18146,67441,2.4672455e-16
18147,94978,0.045838933
18148,71702,1.13193295e-10
18149,68363,0.014264378
18150,107767,0.00083792664
18151,74821,2.2458574e-12
18152,55472,0.0058992202
18153,67561,1.9636123e-11
18154,18219,3.78431e-08
18155,87251,0.009642077
18156,15889,3.3875042e-10
18157,108209,0.058114987
18158,3432,0.010534443
18159,48455,7.9903555e-05
18160,30492,0.019840907
18161,54521,0.03406126
18162,46890,0.004342316
18163,32389,0.010153873
18164,114787,3.4115927e-10
18165,83067,0.010307644
18166,82378,0.0059027667
18167,107507,2.6884892e-11
18168,97264,0.057741154
18169,33526,4.5231037e-09
18170,41392,0.00071242865
18171,44318,0.0002678651
18172,48522,1.0161408e-05
18173,20169,3.0493379e-13
18174,80401,0.004348352
18175,86718,0.06810957
18176,33981,0.00088267185
18177,52189,0.006300868
18178,9876,9.788886e-12
18179,8308,3.7678572e-06
18180,53398,3.2226835e-10
18181,15813,6.276394e-08
18182,24617,0.06063979
18183,101782,2.083767e-10
18184,33207,4.600338e-05
18185,102489,5.3573444e-07
18186,60599,0.2154007
18187,43287,2.269823e-08
18188,82584,8.3311286e-05
18189,91752,0.013329668
18190,69660,1.2634722e-08
18191,36127,0.0016694529
18192,38268,0.00011293772
18193,37405,0.00074824225
18194,71121,0.031010386
18195,93246,7.649537e-15
18196,16051,4.921051e-13
18197,25693,2.4353037e-12
18198,97877,0.00222437
18199,73677,2.604881e-06
18200,14664,0.0014513687
18201,102758,3.6464445e-07
18202,22840,2.3569232e-15
18203,109898,0.00060836924
18204,55029,0.0018784801
18205,115839,4.8909454e-14
18206,106703,2.2015552e-06
18207,84170,2.645218e-06
18208,93487,0.04246555
18209,75459,2.645218e-06
18210,81534,0.071296066
18211,75592,1.0915633e-10
18212,4156,0.0027039677
18213,72834,0.0017212755
18214,66773,0.007811113
18215,67046,0.03310854
18216,68550,0.0054904954
18217,27373,0.004342316
18218,1412,5.3251006e-07
18219,30753,0.00011293772
18220,84323,4.809181e-06
18221,69241,1.852428e-11
18222,100489,0.057112224
18223,6848,0.027684622
18224,99854,0.009642077
18225,66398,4.8117e-06
18226,27603,0.05176888
18227,48614,0.011792748
18228,46097,1.5121371e-09
18229,44656,0.05781247
18230,99117,0.00012900085
18231,99521,0.025870373
18232,23420,5.373401e-08
18233,14932,6.184864e-05
18234,44443,0.004342335
18235,78892,0.0076118424
18236,80382,7.043412e-07
18237,54600,0.06113867
18238,27776,0.054744445
18239,88644,4.809181e-06
18240,112599,1.2205712e-13
18241,87841,0.045318313
18242,50747,2.93454e-09
18243,67527,5.729717e-12
18244,33904,0.0043132193
18245,44690,7.624376e-05
18246,66765,1.9636123e-11
18247,40206,3.401093e-10
18248,22350,4.2482142e-07
18249,76258,4.714654e-09
18250,36442,0.00016960665
18251,6063,5.648666e-06
18252,107053,0.010312991
18253,29636,6.2272704e-10
18254,30789,1.5309805e-09
18255,101755,2.2861608e-11
18256,764,1.7816868e-11
18257,17488,1.2691078e-06
18258,51549,8.648412e-07
18259,3870,0.033712484
18260,68205,0.0018784801
18261,4200,4.6748923e-05
18262,61387,0.025521828
18263,7006,0.0008817578
18264,27388,0.08153384
18265,44636,8.629547e-10
18266,68860,2.388373e-06
18267,54068,0.00012833794
18268,12758,1.1828451e-08
18269,33159,0.06810957
18270,16847,2.6349523e-10
18271,3343,0.07150146
18272,37077,0.010825283
18273,841,5.515867e-07
18274,89092,7.157432e-05
18275,100781,0.057398185
18276,95778,0.0025516099
18277,87261,0.011183186
18278,52653,2.773801e-10
18279,103780,6.2311024e-12
18280,13119,4.208594e-10
18281,83475,0.010307644
18282,55456,6.2233996e-10
18283,36002,0.011792748
18284,60315,0.056830663
18285,10692,0.0017705677
18286,79564,0.00012833794
18287,46720,1.0823145e-07
18288,45024,0.010825283
18289,35094,0.0043132193
18290,33382,0.0037254924
18291,29210,0.009529468
18292,43977,6.720714e-13
18293,71383,0.004348352
18294,102101,0.001622638
18295,38415,0.020443067
18296,37712,0.010153873
18297,98745,1.7223325e-09
18298,20400,0.16553059
18299,4188,2.2447144e-05
18300,80357,0.025739817
18301,104345,1.5484862e-05
18302,5737,1.2456067e-07
18303,110616,9.0224665e-07
18304,54475,9.6809704e-12
18305,17874,2.6349523e-10
18306,104128,0.057398185
18307,22401,4.3682905e-07
18308,74983,0.0008847968
18309,47032,4.6950136e-06
18310,28549,0.04496502
18311,21547,7.97761e-12
18312,43435,0.06382485
18313,57881,1.9072595e-05
18314,7473,4.001264e-05
18315,80219,1.2085743e-08
18316,72324,0.008420105
18317,94261,0.007825642
18318,84857,7.917188e-08
18319,16685,0.00018183581
18320,16814,2.0535613e-12
18321,35597,0.0018738447
18322,5757,0.024114532
18323,63181,5.727122e-10
18324,74396,0.0025516099
18325,49456,0.0026625874
18326,57822,0.06113867
18327,35846,0.008419062
18328,90899,0.016243244
18329,71223,0.004348352
18330,102559,0.045318313
18331,34635,0.019700931
18332,69448,3.5947805e-13
18333,13892,0.00012685129
18334,23520,1.1420572e-06
18335,84098,0.012440645
18336,84534,2.5643963e-11
18337,78414,3.2774013e-05
18338,104344,0.043363515
18339,71157,0.0017212755
18340,104610,0.057398185
18341,2276,0.008314315
18342,62075,0.033939894
18343,112353,1.167396e-11
18344,74876,9.3687e-13
18345,64576,0.00088056264
18346,108744,0.00083792664
18347,99045,1.2066275e-09
18348,58543,0.0043132193
18349,69004,0.06810957
18350,9920,3.8456057e-12
18351,52047,1.01249825e-07
18352,96519,1.772901e-10
18353,97184,0.057741154
18354,12790,6.539337e-07
18355,79643,0.00086734886
18356,103610,8.124819e-07
18357,40397,2.6874355e-07
18358,4394,2.2813857e-08
18359,794,1.5898633e-11
18360,4140,2.4905747e-08
18361,24653,0.010283782
18362,76426,6.6551953e-10
18363,6069,1.3120714e-10
18364,83615,2.232134e-14
18365,39188,0.0060545485
18366,24303,3.379268e-11
18367,17052,0.25590524
18368,89926,2.925291e-13
18369,44569,4.5399995e-07
18370,89110,1.8270422e-13
18371,48595,0.056103524
18372,87180,0.0055305418
18373,56389,0.0019745708
18374,37640,1.986718e-06
18375,12968,0.0891212
18376,98879,1.8753814e-09
18377,10594,0.00028355065
18378,4472,1.4191332e-07
18379,106216,0.069460474
18380,87959,0.018669777
18381,16435,3.7679033e-08
18382,89308,0.0100401435
18383,28767,0.00026086552
18384,26765,2.13079e-11
18385,79482,0.02560859
18386,24846,0.000361441
18387,105255,0.02063519
18388,70085,0.06661555
18389,106888,0.06063979
18390,81827,0.026332634
18391,59834,2.4364653e-12
18392,60634,0.010153873
18393,114512,0.003683141
18394,30571,9.0270093e-13
18395,94241,7.3738156e-05
18396,41563,1.3488916e-09
18397,109695,0.010312991
18398,109608,0.0038181362
18399,67180,0.034238406
18400,99783,0.001025634
18401,77163,4.809181e-06
18402,114360,4.934918e-06
18403,28150,4.3329083e-13
18404,20663,6.184864e-05
18405,72126,0.0073724524
18406,113464,0.009529468
18407,81070,5.204461e-13
18408,112126,0.05348812
18409,48700,2.3617148e-12
18410,107322,1.1006987e-08
18411,72473,0.0017212755
18412,72179,3.5947805e-13
18413,41600,7.4879053e-10
18414,7367,0.024114532
18415,95065,0.001025634
18416,9610,1.7249308e-06
18417,3740,0.050388634
18418,72593,0.010307644
18419,32602,5.6730807e-09
18420,36203,0.071296066
18421,34402,9.0290844e-11
18422,16096,5.627391e-15
18423,45823,0.06382485
18424,36131,0.003314459
18425,26877,2.5401988e-07
18426,51988,0.019700931
18427,12221,0.011131373
18428,80029,0.01474979
18429,13394,4.00676e-08
18430,82808,0.071296066
18431,94358,0.019803535
18432,77198,0.0022265424
18433,26013,3.5501185e-07
18434,53046,1.3793771e-12
18435,100711,0.00074824225
18436,63842,5.262333e-14
18437,108659,0.013061826
18438,105377,0.0036656586
18439,92971,0.010307644
18440,52510,0.0017212755
18441,64985,4.8117e-06
18442,60576,3.9046914e-15
18443,32013,0.18826114
18444,103189,2.2183633e-12
18445,8289,5.499046e-06
18446,223,1.0939883e-06
18447,28969,5.2663694e-14
18448,29465,0.00016761165
18449,20095,0.018483168
18450,104711,0.057398185
18451,36973,7.237403e-13
18452,99998,8.717695e-09
18453,32232,0.0023178658
18454,105421,0.00036258402
18455,55788,3.4278188e-11
18456,104858,1.7655044e-05
18457,91231,0.001622638
18458,26446,0.0017745991
18459,106246,0.0003068211
18460,21786,2.5133554e-06
18461,60519,0.00012833794
18462,22667,7.355993e-08
18463,37620,1.8662642e-13
18464,13752,8.403841e-15
18465,34145,1.41678085e-14
18466,82340,4.816796e-06
18467,85077,0.010307644
18468,21109,0.0055862213
18469,67364,0.00084239105
18470,102449,0.007811113
18471,43488,3.3818502e-13
18472,34352,0.018483168
18473,32624,7.580503e-11
18474,53678,0.06113867
18475,106249,1.2535612e-11
18476,28701,0.0067218016
18477,90825,1.341597e-09
18478,11169,4.062103e-08
18479,93543,3.6608912e-15
18480,34953,4.0855912e-12
18481,110906,0.00012374489
18482,19060,0.018483168
18483,50570,0.032733623
18484,1755,5.646397e-16
18485,70531,0.010307644
18486,47314,0.00235801
18487,103673,0.06420434
18488,107844,0.058114987
18489,83670,0.057031114
18490,96799,5.86125e-17
18491,113563,1.2551858e-07
18492,28055,3.579866e-12
18493,14192,0.011792748
18494,65330,1.2441459e-10
18495,104602,0.0017241349
18496,26330,2.13079e-11
18497,73425,0.045318313
18498,40426,4.9157904e-08
18499,67943,0.05755738
18500,36616,1.3259377e-07
18501,30489,0.026527464
18502,65941,3.2413666e-11
18503,104469,5.7177163e-13
18504,43560,5.2962536e-05
18505,26560,5.166704e-11
18506,104674,2.1756512e-05
18507,36782,1.1959712e-12
18508,101946,0.0055802907
18509,94556,0.018483168
18510,111497,2.3895125e-16
18511,15112,8.221442e-17
18512,24678,2.2022694e-14
18513,23618,0.00011293772
18514,102473,0.026673475
18515,8948,0.024114532
18516,114499,8.142731e-12
18517,49651,1.8662642e-13
18518,59139,3.5511338e-08
18519,61934,0.004342316
18520,42924,0.009634294
18521,107313,0.045838933
18522,25406,0.011792748
18523,30569,0.011792748
18524,47284,0.034086544
18525,50344,3.8697244e-12
18526,77193,0.0007077141
18527,107719,4.553482e-11
18528,4642,0.0027039677
18529,1969,0.023568474
18530,22678,1.03086775e-08
18531,39769,2.6695186e-17
18532,107676,5.0037614e-14
18533,6947,0.0043906476
18534,78539,0.006247775
18535,37146,0.010283782
18536,109989,5.892281e-07
18537,74049,6.2544167e-12
18538,64876,1.7380164e-14
18539,23569,0.0016088141
18540,98535,0.057741154
18541,59741,0.0043132193
18542,66085,1.8065688e-10
18543,82252,0.00075137656
18544,52166,0.0025531214
18545,19628,0.019700931
18546,70565,1.9439043e-05
18547,78541,5.1437214e-06
18548,21113,0.019700931
18549,17331,1.3007978e-11
18550,61911,3.9074395e-12
18551,114714,5.9689046e-16
18552,50232,0.0077232174
18553,104670,0.026102437
18554,111073,7.322243e-16
18555,43900,9.088591e-15
18556,55067,0.0026939039
18557,7172,4.062103e-08
18558,43497,0.009809354
18559,17216,6.632542e-20
18560,29021,2.7301644e-08
18561,7895,7.1310474e-08
18562,83784,0.0011172907
18563,42895,3.9442254e-09
18564,8309,0.022496888
18565,7723,4.574974e-08
18566,20394,0.06113867
18567,50954,0.005243028
18568,81892,0.013030187
18569,20596,9.7030984e-08
18570,76806,0.034412116
18571,60858,0.0017212755
18572,77715,7.26415e-05
18573,71227,0.0017212755
18574,35342,1.1134598e-10
18575,11441,0.0045538414
18576,26497,0.024305655
18577,79936,1.5423104e-10
18578,56091,6.918929e-08
18579,92694,0.05755738
18580,84695,1.7221877e-13
18581,2649,1.7022382e-08
18582,113419,2.740735e-08
18583,63393,4.830951e-10
18584,50585,0.026373321
18585,44182,0.00975874
18586,72454,0.031010386
18587,79439,0.00095678144
18588,52130,0.006300868
18589,64237,1.8820103e-13
18590,56211,0.033939894
18591,73537,2.8583266e-10
18592,100898,0.0018833948
18593,56300,0.037613906
18594,2105,1.701742e-06
18595,106955,4.0393546e-09
18596,55190,9.100274e-13
18597,77058,8.933645e-07
18598,110543,4.8556576e-06
18599,75650,4.8329326e-05
18600,15342,0.02646379
18601,22387,0.010283782
18602,59606,4.809181e-06
18603,108278,0.007818049
18604,38307,0.026112074
18605,86630,3.4699305e-08
18606,74031,0.9970757
18607,99212,3.361415e-08
18608,38421,0.06113867
18609,59694,3.3655272e-08
18610,13800,0.08795444
18611,22908,1.8363368e-06
18612,108880,0.05817777
18613,78907,3.4386452e-10
18614,114746,0.007818049
18615,99437,8.393063e-07
18616,22139,0.0005693801
18617,94756,0.05755738
18618,92882,0.045318313
18619,61528,0.00083792664
18620,78882,0.00011293772
18621,1124,4.3809996e-09
18622,16201,2.0596678e-13
18623,59640,1.0164954e-05
18624,92338,7.145562e-08
18625,39751,0.010283782
18626,4421,0.008324848
18627,93573,1.5236219e-06
18628,54616,3.1976182e-09
18629,7818,0.07150146
18630,2628,0.00011048436
18631,2076,0.026049197
18632,82679,0.004348352
18633,1599,0.027662009
18634,91448,0.009440114
18635,59303,0.0059027667
18636,4626,3.6938528e-07
18637,87068,0.00015487925
18638,45336,0.012125932
18639,37715,6.921685e-09
18640,35847,0.010153873
18641,13475,3.4160215e-13
18642,81174,5.2750932e-11
18643,692,0.07439151
18644,55862,0.0079764025
18645,70872,0.00975874
18646,7020,5.939876e-08
18647,97991,0.018669777
18648,44820,5.5585394e-16
18649,10440,4.972333e-07
18650,83855,1.2787806e-11
18651,64068,1.0165818e-05
18652,31580,3.9409218e-14
18653,56726,1.9482586e-07
18654,17595,0.00012992028
18655,51300,4.7747603e-06
18656,11951,6.1179904e-05
18657,51783,0.032733623
18658,59604,2.481418e-12
18659,31999,0.004342316
18660,68353,6.693193e-07
18661,73201,4.3473527e-05
18662,6487,1.717072e-08
18663,56831,0.0048655975
18664,50838,0.027164537
18665,113445,6.4893385e-07
18666,86242,0.0040947357
18667,71167,0.009642077
18668,67265,0.02373173
18669,69885,0.019700931
18670,7496,0.009782569
18671,15945,9.262582e-11
18672,78401,1.772901e-10
18673,60466,0.0023332017
18674,102527,0.010307644
18675,85760,6.43995e-07
18676,14444,0.008768024
18677,83810,1.5212393e-06
18678,72426,2.645218e-06
18679,86934,0.05917771
18680,101929,0.0005516775
18681,115418,0.0017422016
18682,103462,0.033328827
18683,88877,0.06163517
18684,114689,1.2179926e-12
18685,25087,0.004342316
18686,13348,0.02313556
18687,75384,2.645218e-06
18688,57917,0.006589307
18689,114646,0.0009070932
18690,91756,0.00072194345
18691,112693,4.4612675e-13
18692,101215,1.7952653e-09
18693,78344,2.4353037e-12
18694,80693,3.1095417e-12
18695,85499,8.6914635e-09
18696,84576,0.00083792664
18697,114555,0.045318313
18698,23639,4.784337e-06
18699,1312,0.0034882359
18700,57257,3.9046914e-15
18701,4894,2.2860293e-08
18702,39703,1.41678085e-14
18703,27633,0.005945585
18704,2176,0.060418855
18705,78855,1.0314217e-13
18706,111680,4.3579587e-07
18707,60707,1.3144541e-09
18708,21463,3.9409218e-14
18709,50162,0.0007336302
18710,61872,0.008422056
18711,84702,0.00083792664
18712,94050,0.023114547
18713,5013,8.971384e-08
18714,71466,0.019700931
18715,108030,0.057398185
18716,86069,0.010307644
18717,24920,0.0715194
18718,81635,0.0018843048
18719,46525,0.010283782
18720,94239,0.0017212755
18721,88963,0.06826554
18722,59356,0.056830663
18723,56222,0.022927094
18724,58728,4.173928e-08
18725,658,0.00017456946
18726,64756,8.862586e-08
18727,82362,0.007811113
18728,6329,7.3801516e-08
18729,102601,9.3100454e-08
18730,103848,1.4381054e-12
18731,67780,5.7748045e-10
18732,85174,6.9360794e-05
18733,69459,0.00026209635
18734,99992,0.0579823
18735,22945,1.319155e-06
18736,35460,1.41678085e-14
18737,96514,0.009975213
18738,62686,0.056830663
18739,89445,7.9007755e-12
18740,89179,5.621182e-05
18741,34560,1.4279169e-06
18742,9555,0.022496888
18743,67698,0.03310854
18744,48270,1.2722399e-09
18745,70415,0.010307644
18746,45996,0.0010908025
18747,707,0.018864961
18748,29516,0.0059027667
18749,92224,1.1957698e-07
18750,106897,1.7390583e-05
18751,85708,0.019700931
18752,97905,1.9674172e-07
18753,15309,0.0260578
18754,88787,0.001622638
18755,9807,0.011855723
18756,8423,0.008829418
18757,735,4.85689e-06
18758,89521,0.05755738
18759,67195,1.02988364e-11
18760,45967,0.00016960665
18761,11412,0.011604054
18762,100997,0.024874961
18763,19023,0.008470765
18764,15663,0.0045706243
18765,3004,0.014639568
18766,102392,0.0016458561
18767,44544,2.6637947e-11
18768,6429,0.002908524
18769,72299,0.00025252646
18770,31446,9.733191e-14
18771,21997,0.006594334
18772,7460,3.5874548e-06
18773,50495,0.010153873
18774,98582,0.030740164
18775,53187,0.019700931
18776,75584,0.02560859
18777,10590,0.01143928
18778,75606,0.06113867
18779,115168,5.7544525e-10
18780,66947,0.06113867
18781,49884,3.435847e-13
18782,3171,1.1460724e-08
18783,18833,6.726629e-12
18784,51457,4.7747603e-06
18785,9767,7.838798e-08
18786,43015,1.0892812e-07
18787,104086,1.08582796e-10
18788,58372,0.009529468
18789,107950,5.716481e-14
18790,29246,0.008419062
18791,113807,2.645218e-06
18792,51952,0.07149886
18793,20845,4.4513267e-15
18794,104229,0.057741154
18795,86618,0.0028165998
18796,24259,0.008768024
18797,98204,0.005938862
18798,41835,9.749891e-05
18799,60924,4.809181e-06
18800,111900,0.0028153358
18801,80790,2.645218e-06
18802,14018,0.013329668
18803,97964,0.01198414
18804,25418,0.019770224
18805,50133,2.259558e-17
18806,41864,0.05157962
18807,23487,0.010283782
18808,45693,0.026050666
18809,65603,1.3751747e-11
18810,53217,0.00030694343
18811,72997,0.026112074
18812,53612,0.06810957
18813,113991,0.056830663
18814,63292,0.00029764528
18815,51803,0.07105195
18816,79290,0.0018833948
18817,59327,2.9001052e-11
18818,22400,0.0006145481
18819,7189,1.0164722e-08
18820,99476,4.421576e-11
18821,105364,0.05917771
18822,74223,0.00074824225
18823,50990,0.006589307
18824,28606,5.5653128e-14
18825,111498,1.6158549e-07
18826,39916,5.097259e-05
18827,42697,7.9240134e-09
18828,79452,0.00028420563
18829,114839,0.002900709
18830,30725,0.010153873
18831,95610,0.007811113
18832,22246,0.04691964
18833,93907,1.2093096e-06
18834,58870,0.032992557
18835,93841,2.6431653e-07
18836,100249,7.9978807e-10
18837,59026,0.023965325
18838,42216,1.3865745e-10
18839,14003,3.705407e-12
18840,99076,0.07928491
18841,2116,2.028973e-06
18842,93111,3.8516922e-05
18843,42318,9.8217985e-09
18844,38500,0.0006633267
18845,21551,1.1630989e-05
18846,38259,0.011792748
18847,92116,2.645218e-06
18848,86382,4.9861985e-12
18849,107140,1.7335949e-12
18850,98551,0.00088056264
18851,31296,0.16593474
18852,94929,0.045838933
18853,115594,1.1177347e-06
18854,13301,6.9077227e-15
18855,45468,7.239975e-08
18856,14521,1.6455671e-07
18857,54149,0.0022265424
18858,72837,1.1947355e-08
18859,83063,1.4733068e-07
18860,1813,1.870854e-06
18861,81784,4.5404405e-10
18862,37314,0.008419062
18863,21721,0.0005693801
18864,88662,1.2741886e-15
18865,17912,0.018483168
18866,45162,0.00235801
18867,85324,4.816796e-06
18868,99346,0.07928491
18869,88504,0.026332634
18870,60212,0.05755738
18871,91303,5.89293e-09
18872,112342,0.009529468
18873,89466,7.145562e-08
18874,93431,0.00083792664
18875,1192,0.02144718
18876,10391,0.01143928
18877,70583,0.0073724524
18878,25524,1.9486825e-09
18879,66219,2.0515755e-13
18880,45595,0.026362604
18881,101467,0.010312991
18882,77938,0.007811113
18883,45138,0.66263366
18884,191,0.010143422
18885,68453,0.026332634
18886,47476,0.010283782
18887,75430,3.6608912e-15
18888,104129,8.603536e-07
18889,104685,0.010312991
18890,48972,4.8384113e-06
18891,441,2.8362516e-07
18892,107837,3.0957767e-12
18893,25783,4.7335925e-06
18894,788,2.8679848e-08
18895,57136,0.0017661502
18896,12399,0.0066146124
18897,25842,0.00039109873
18898,109583,0.0008847968
18899,33860,3.9046914e-15
18900,58399,7.1625567e-10
18901,90064,0.043363515
18902,2322,5.648666e-06
18903,113764,4.943792e-06
18904,94278,0.0002678651
18905,68880,0.004348352
18906,94058,1.2727335e-08
18907,18632,4.972719e-13
18908,30897,4.44264e-12
18909,23640,1.5615707e-06
18910,17861,0.10671782
18911,85414,0.06113867
18912,34957,0.010153873
18913,20430,1.745946e-08
18914,38888,3.271414e-12
18915,68444,4.8597503e-13
18916,65687,1.9792392e-15
18917,113882,1.1399294e-07
18918,87376,0.008768024
18919,83231,7.596674e-05
18920,64878,1.7648804e-11
18921,45962,0.011792748
18922,73750,3.372079e-13
18923,48399,1.2506542e-12
18924,31495,3.9409218e-14
18925,100270,2.3906993e-11
18926,104250,0.0001825176
18927,110364,0.009642077
18928,42061,0.0053015677
18929,44824,3.277916e-08
18930,70340,0.010307644
18931,22021,1.0155788e-05
18932,10176,5.0469064e-13
18933,86874,0.00026648067
18934,50878,0.0014630348
18935,114430,0.026527464
18936,77818,0.008768024
18937,25518,0.015850792
18938,9441,0.023568474
18939,52146,0.008419062
18940,5442,8.618875e-09
18941,16713,0.1603686
18942,43927,0.019770224
18943,58363,2.3957482e-05
18944,107965,0.045838933
18945,48936,0.00011293772
18946,47794,0.0043132193
18947,76502,0.02560859
18948,47455,0.026362604
18949,75015,4.2549214e-11
18950,85261,4.5566858e-07
18951,67668,5.7306565e-08
18952,53222,0.0014630348
18953,98845,0.030149914
18954,52710,6.6018383e-15
18955,71478,0.045318313
18956,21949,0.012125932
18957,12472,9.567127e-08
18958,9084,0.0019924538
18959,48183,0.025521828
18960,91271,0.0048823906
18961,108243,7.962202e-14
18962,32460,2.1889133e-15
18963,42451,1.7961882e-11
18964,43906,0.009634294
18965,51931,0.012062919
18966,98153,0.007811113
18967,11029,1.0803868e-05
18968,75847,1.5739413e-07
18969,93460,0.016181793
18970,45800,4.784337e-06
18971,94558,0.002823402
18972,76926,0.009642077
18973,61209,3.3964622e-07
18974,1340,0.071296066
18975,108617,0.0001388286
18976,8408,0.1529195
18977,115544,0.0018968695
18978,90387,0.043363515
18979,89287,0.0018263524
18980,91797,0.027718801
18981,22077,1.41678085e-14
18982,102971,2.8284675e-09
18983,63046,0.004348352
18984,13074,2.0162778e-09
18985,75839,2.1009233e-10
18986,33264,0.010153873
18987,732,4.8080782e-11
18988,57362,0.011057796
18989,43578,0.00010320343
18990,20495,2.4459033e-12
18991,115259,0.00045786117
18992,109151,2.2861608e-11
18993,28361,0.019770224
18994,48688,1.2441459e-10
18995,69760,0.0002678651
18996,25445,0.0059027667
18997,74994,8.829372e-06
18998,76892,0.0068936716
18999,5812,0.008324848
19000,104243,0.009642077
19001,36309,4.6086884e-10
19002,38234,4.784337e-06
19003,26780,1.41678085e-14
19004,6296,0.015420634
19005,110184,2.7644824e-11
19006,52008,0.0020298352
19007,37938,2.7551907e-08
19008,42026,0.010283782
19009,25097,0.012125932
19010,35153,0.011792748
19011,46104,0.00018183581
19012,63532,0.00034788498
19013,62831,0.004342316
19014,49690,0.06810957
19015,27161,0.004342316
19016,91387,0.0032342228
19017,50354,0.010153873
19018,17597,0.025521828
19019,66250,1.3751747e-11
19020,32496,3.435847e-13
19021,92143,0.00071133504
19022,44733,0.004342316
19023,21185,4.5426283e-08
19024,1286,1.4207828e-06
19025,39151,7.7419554e-10
19026,49282,0.08890726
19027,89943,4.1032786e-09
19028,47276,0.010283782
19029,47493,2.3744018e-05
19030,54400,0.04496502
19031,85298,0.0017686201
19032,113723,0.009529468
19033,39689,1.41678085e-14
19034,2783,0.005959611
19035,11097,2.3637683e-07
19036,3131,0.017253544
19037,60524,0.0048655975
19038,25722,0.0058992202
19039,86655,0.0051523955
19040,67865,8.381735e-11
19041,114062,2.1663514e-08
19042,73184,0.00346262
19043,112481,0.0018968695
19044,99563,0.009642077
19045,113555,0.01199421
19046,17262,3.4756863e-12
19047,55740,9.971997e-13
19048,68808,0.0021296092
19049,111055,2.8438204e-12
19050,2358,0.026049197
19051,83694,1.3102338e-07
19052,104158,9.236074e-13
19053,42243,7.656543e-05
19054,83338,4.685964e-10
19055,15635,2.8232973e-05
19056,72845,8.923177e-15
19057,38032,0.0002678651
19058,24096,0.009634294
19059,86973,7.4389255e-09
19060,62674,5.910453e-06
19061,112303,0.0003068211
19062,37318,2.0006888e-14
19063,27512,1.41678085e-14
19064,79083,0.045318313
19065,49729,1.41678085e-14
19066,110330,1.3396502e-10
19067,55875,0.0058992202
19068,89811,0.00025298868
19069,55163,0.00029764528
19070,76130,2.645218e-06
19071,30326,3.435847e-13
19072,98786,0.0008847968
19073,3152,9.970671e-08
19074,22804,8.705615e-05
19075,112649,0.0009463663
19076,44415,4.6284293e-10
19077,26543,0.010283782
19078,65259,4.1257334e-07
19079,110928,2.645218e-06
19080,66700,1.0759912e-11
19081,85380,2.9124085e-09
19082,56301,0.006300868
19083,2283,0.058148205
19084,38358,1.41678085e-14
19085,93303,0.0001825176
19086,22698,1.4065622e-11
19087,27659,3.7761207e-15
19088,92450,5.495907e-09
19089,67213,0.01142102
19090,109412,0.026325935
19091,74263,0.00026360096
19092,91027,0.00083792664
19093,45197,0.009360819
19094,107935,0.058114987
19095,30986,0.005764625
19096,15044,0.07531415
19097,17780,1.206923e-07
19098,87040,0.0059201517
19099,46910,0.002464112
19100,75108,3.6608912e-15
19101,6245,5.96507e-08
19102,82614,0.0040938514
19103,52253,1.363567e-12
19104,62532,0.0015704647
19105,60976,2.903772e-13
19106,95682,4.900994e-06
19107,51451,0.06113867
19108,33494,1.5498146e-06
19109,57652,0.0017463663
19110,41591,4.2640734e-13
19111,4468,1.74983e-08
19112,2491,5.96507e-08
19113,24568,0.009634294
19114,94372,5.676606e-07
19115,103875,5.010868e-10
19116,1343,1.4372411e-07
19117,30282,0.026102437
19118,75676,9.2459915e-05
19119,87593,6.851601e-11
19120,65336,0.0017280811
19121,16306,3.8093484e-14
19122,10630,8.425733e-05
19123,105958,0.0005257685
19124,61041,4.809181e-06
19125,20591,0.00046850424
19126,46045,0.008768024
19127,108181,5.8103583e-10
19128,16844,2.6349523e-10
19129,102020,0.0017212755
19130,94428,0.010153873
19131,78968,0.032741666
19132,85368,0.071296066
19133,3242,5.971917e-07
19134,84991,4.9728165e-08
19135,91667,0.025739817
19136,115466,0.0017422016
19137,100192,0.0008041074
19138,33771,1.41678085e-14
19139,82372,0.009642077
19140,88713,1.7995711e-13
19141,76646,2.939723e-12
19142,87052,0.008422665
19143,70163,3.275461e-05
19144,35463,0.00018183581
19145,88203,1.7027431e-10
19146,97706,0.0003047809
19147,100390,6.23344e-05
19148,115798,0.025870373
19149,99350,0.00040765863
19150,84607,0.056830663
19151,15103,3.128844e-05
19152,66350,2.2897042e-11
19153,21934,0.008768024
19154,25971,0.0059027667
19155,8296,1.1355919e-06
19156,27030,0.00056931423
19157,36129,0.010153873
19158,81044,1.1906003e-11
19159,79050,0.009529468
19160,66018,1.1230048e-09
19161,71798,0.00095678144
19162,58086,0.0062416913
19163,65954,6.360008e-10
19164,57825,1.8365082e-08
19165,27039,0.00025488317
19166,74179,1.6367852e-05
19167,3024,5.212611e-07
19168,75282,0.01271818
19169,63728,0.00018221661
19170,41094,0.06382485
19171,70379,0.018483168
19172,30450,0.010153873
19173,46825,7.97761e-12
19174,72175,0.02375226
19175,12984,0.010181155
19176,28256,5.678371e-10
19177,59892,0.009529468
19178,72182,0.045318313
19179,67491,0.0008847968
19180,61281,1.810597e-11
19181,73173,3.583122e-07
19182,69764,0.004348352
19183,17017,3.747489e-13
19184,27937,1.8640028e-05
19185,58245,0.00071242865
19186,31292,3.0496558e-05
19187,19092,0.026373321
19188,107821,7.2737574e-05
19189,87654,3.8433143e-10
19190,113406,3.0114006e-12
19191,93100,0.032398634
19192,72844,0.0003207267
19193,54891,1.0161408e-05
19194,5646,0.01099238
19195,36358,0.04496502
19196,22006,1.5717724e-07
19197,102810,0.0022227217
19198,37141,0.010283782
19199,20296,2.009098e-10
19200,54624,0.009529468
19201,60372,0.043363515
19202,84032,0.05755738
19203,38315,0.010283782
19204,97258,5.219236e-12
19205,86018,1.2567452e-11
19206,72765,3.05073e-06
19207,45152,0.00013684636
19208,110223,3.0373124e-12
19209,16875,0.27708888
19210,863,0.02646379
19211,28326,3.7761207e-15
19212,51868,0.026527464
19213,62043,3.705407e-12
19214,9465,6.817868e-06
19215,38820,4.7566306e-07
19216,17039,0.0003156842
19217,13045,4.63215e-09
19218,23740,3.705407e-12
19219,72237,2.645218e-06
19220,64283,3.50947e-14
19221,26902,5.2663694e-14
19222,14424,9.776742e-15
19223,14572,8.120455e-09
19224,51340,3.248297e-08
19225,55172,1.2851784e-09
19226,115003,0.0018993855
19227,68543,0.056830663
19228,45226,0.018483168
19229,40204,0.06113867
19230,14257,0.016493056
19231,46475,0.0048581962
19232,74550,0.0073724524
19233,97065,6.1868166e-10
19234,73554,0.0025516099
19235,28096,6.171474e-13
19236,63351,0.012588599
19237,66216,1.2405155e-06
19238,115757,2.539896e-07
19239,77661,0.010307644
19240,24170,3.441623e-05
19241,68317,0.002939113
19242,67063,1.0673699e-10
19243,27516,4.6543337e-06
19244,1309,0.026492594
19245,33041,0.00088267185
19246,79618,0.026102437
19247,99870,0.019490741
19248,62986,1.3751747e-11
19249,53461,7.743414e-05
19250,17412,0.050775647
19251,67839,0.010307644
19252,23746,6.436769e-07
19253,2281,6.633346e-07
19254,8382,0.0015854427
19255,109162,1.0169997e-05
19256,36181,0.7436095
19257,93000,6.957291e-05
19258,39895,9.6458675e-14
19259,113200,5.344477e-11
19260,27187,0.0035571472
19261,101493,5.7923253e-09
19262,33978,0.008768024
19263,28984,4.985987e-09
19264,112914,0.043921944
19265,97186,0.008422665
19266,13916,1.0440277e-17
19267,62960,2.2316508e-12
19268,88498,4.9861985e-12
19269,18662,3.4756863e-12
19270,27646,1.6865662e-06
19271,25647,0.00975874
19272,61101,5.9577465e-06
19273,65272,9.3687e-13
19274,46313,0.0058992202
19275,84012,0.00019269527
19276,47305,1.7056042e-06
19277,13277,1.7279421e-17
19278,35527,0.010153873
19279,69436,0.026373321
19280,15261,2.2611275e-17
19281,17510,3.1457093e-05
19282,63636,4.809181e-06
19283,112715,0.00083792664
19284,115035,0.0017422016
19285,100132,2.645218e-06
19286,82445,0.0062438007
19287,62171,6.5039853e-07
19288,96052,4.768503e-12
19289,86133,1.126962e-12
19290,114221,2.8284675e-09
19291,14429,6.5120354e-10
19292,59811,0.05755738
19293,92019,0.030741232
19294,14630,4.0174887e-06
19295,107883,1.3804695e-08
19296,72975,0.0007336302
19297,94884,0.001025634
19298,15610,0.019700931
19299,29714,0.00011293772
19300,80787,0.026332634
19301,115208,0.053375483
19302,7256,2.50568e-05
19303,8158,7.473912e-09
19304,83527,6.726629e-12
19305,73596,3.372079e-13
19306,23255,0.032769844
19307,112613,0.043921944
19308,51816,0.05157962
19309,45167,0.010283782
19310,44014,8.4637884e-07
19311,28590,4.1727195e-11
19312,89472,0.008768024
19313,13153,1.3247735e-13
19314,107505,0.002221974
19315,2545,3.6466463e-06
19316,85843,1.3027947e-10
19317,105688,0.012076514
19318,18182,1.0440277e-17
19319,60478,1.7509315e-08
19320,37532,7.743414e-05
19321,110396,0.010312991
19322,91896,0.0002566624
19323,98539,0.046001643
19324,110545,0.0009305594
19325,80910,4.8164284e-06
19326,88889,2.7824095e-07
19327,58516,0.034499
19328,75286,0.0082014
19329,95592,2.1762938e-09
19330,12471,0.16081148
19331,67200,0.010307644
19332,15203,0.003146051
19333,87136,0.009642077
19334,90716,0.043363515
19335,62941,4.9708414e-13
19336,82615,0.004522378
19337,44199,1.41678085e-14
19338,73702,0.00011577474
19339,24969,0.008531047
19340,14626,0.011792748
19341,31504,0.004342316
19342,70002,0.009642077
19343,39307,0.026362604
19344,46682,3.123576e-12
19345,87284,0.007940852
19346,1434,3.9191727e-12
19347,43910,5.933147e-17
19348,7569,0.008324848
19349,96438,1.2451659e-15
19350,100632,0.007811113
19351,104272,1.8236687e-09
19352,53994,1.0161408e-05
19353,91283,0.0055668545
19354,54777,0.57653314
19355,20884,0.0055595473
19356,82085,0.06518912
19357,43944,3.6793336e-13
19358,57276,4.4928374e-06
19359,73420,1.7282317e-10
19360,80482,2.2050328e-12
19361,42529,0.31197476
19362,56309,0.034499
19363,41814,0.022390297
19364,11473,0.008324848
19365,68492,2.646134e-06
19366,92551,0.043769367
19367,68274,0.011792748
19368,35691,0.0018738447
19369,8453,1.6956536e-08
19370,6785,0.008829418
19371,19291,0.0007087049
19372,108722,4.1868183e-13
19373,68175,0.05755738
19374,15486,0.10265502
19375,45641,0.02905225
19376,73383,1.3758148e-11
19377,64031,4.3087803e-12
19378,15873,6.184864e-05
19379,66784,0.0005725111
19380,51787,0.019700931
19381,27364,2.0057427e-15
19382,51021,4.7747603e-06
19383,91962,0.007811113
19384,62896,0.05755738
19385,11333,9.16198e-06
19386,86775,5.6127856e-13
19387,47013,3.939635e-11
19388,33816,4.4104304e-08
19389,42863,0.0027036075
19390,26755,2.326205e-05
19391,20533,4.497823e-15
19392,40890,0.0017601119
19393,99152,1.182197e-05
19394,44163,0.015850792
19395,106905,0.019840907
19396,11740,8.221442e-17
19397,21822,0.026362604
19398,82271,0.0017212755
19399,83555,1.1990626e-06
19400,4837,0.11864347
19401,43971,0.009634294
19402,1944,0.0014971244
19403,5237,1.9703032e-07
19404,37286,0.05176888
19405,655,3.0492825e-07
19406,20498,6.0328284e-06
19407,3981,3.8748e-07
19408,84121,3.9843098e-07
19409,60778,0.00910832
19410,1529,2.7272709e-08
19411,75529,1.2752543e-10
19412,96584,1.5423104e-10
19413,31856,3.7517694e-11
19414,45164,0.00060344645
19415,115060,0.045318313
19416,108010,1.7390583e-05
19417,58712,4.7159784e-08
19418,28175,7.26415e-05
19419,94799,0.019803535
19420,8166,0.011042777
19421,45554,0.010825283
19422,79465,0.057398185
19423,23294,0.011792748
19424,83829,5.941912e-17
19425,105257,1.7284223e-05
19426,20688,0.00020055065
19427,115336,0.0025997667
19428,73867,2.2970222e-07
19429,19599,1.0063768e-09
19430,13055,1.6856829e-08
19431,106882,3.260862e-11
19432,41947,0.16553059
19433,7126,3.0317704e-10
19434,104207,2.645218e-06
19435,57585,2.2537788e-12
19436,96751,1.3758148e-11
19437,90788,1.573341e-11
19438,5886,4.1755328e-07
19439,52120,1.6655744e-11
19440,106797,1.3459137e-08
19441,52407,0.06382485
19442,45243,3.1335244e-07
19443,82325,1.3102338e-07
19444,47844,4.7747603e-06
19445,100783,0.024880426
19446,29244,6.2145926e-12
19447,47102,0.009634294
19448,27663,1.6375909e-06
19449,11771,0.010181155
19450,84457,3.5947805e-13
19451,70761,1.0006574e-09
19452,20336,5.7568912e-05
19453,715,2.001609e-10
19454,62738,4.809181e-06
19455,51271,0.010153873
19456,104162,0.007358968
19457,37550,6.56276e-10
19458,76845,0.031010386
19459,51242,0.0007336302
19460,25057,0.011729959
19461,64646,9.602605e-13
19462,51385,3.0249216e-09
19463,53811,0.009529468
19464,105135,1.2578796e-07
19465,108711,0.0027036075
19466,58121,0.010153873
19467,90907,0.06163517
19468,20827,1.41678085e-14
19469,104224,0.045268476
19470,111444,1.6839885e-09
19471,64383,0.006230572
19472,56476,0.0007336302
19473,24524,0.010283782
19474,27845,0.00032000436
19475,40163,0.015850792
19476,90830,0.06924659
19477,87232,9.988149e-11
19478,23574,5.279115e-09
19479,46115,0.004342316
19480,94188,8.9900126e-10
19481,63317,0.05125683
19482,74534,2.645218e-06
19483,35291,4.0222e-14
19484,39596,1.351401e-11
19485,23486,0.019700931
19486,81047,0.008768024
19487,93399,0.000223827
19488,83380,0.004348352
19489,112686,1.126962e-12
19490,65446,2.474184e-11
19491,86247,0.019700931
19492,46955,2.2022694e-14
19493,87319,5.910617e-07
19494,24597,3.6532638e-05
19495,62935,0.00030523367
19496,29392,2.863654e-09
19497,102824,0.012294085
19498,50802,0.017505137
19499,89526,0.008768024
19500,30994,0.014665011
19501,76470,4.9742088e-05
19502,92564,0.05917771
19503,21399,4.6335464e-09
19504,49224,4.954748e-10
19505,29115,0.010153873
19506,59022,0.056830663
19507,3877,0.000119466924
19508,107838,2.626494e-09
19509,84546,0.006247775
19510,109011,0.02638637
19511,36221,1.41678085e-14
19512,46666,0.006433593
19513,92721,0.05755738
19514,19285,0.02646379
19515,110957,3.369893e-13
19516,32568,0.019840907
19517,50895,0.010153873
19518,3401,0.058868345
19519,19144,0.2154007
19520,12803,8.409773e-15
19521,27979,5.952316e-09
19522,42619,0.0065516206
19523,45769,1.41678085e-14
19524,92145,1.4135519e-07
19525,40953,1.4283479e-10
19526,81404,0.00074824225
19527,27297,4.281476e-07
19528,24796,1.8662642e-13
19529,67274,0.000102832295
19530,3259,1.5725132e-06
19531,103024,6.256475e-10
19532,115925,0.03338991
19533,65145,2.085245e-11
19534,45656,0.0065868073
19535,39611,0.009193473
19536,86366,0.0073724524
19537,49094,1.218792e-16
19538,103841,1.5645311e-06
19539,113878,0.0010088432
19540,79972,0.0017212755
19541,107901,4.831357e-06
19542,14165,0.06382485
19543,108544,6.646728e-08
19544,15388,5.1029323e-09
19545,64024,1.1016982e-12
19546,63017,0.013881895
19547,114339,2.0533557e-06
19548,69477,0.004348352
19549,83102,0.043363515
19550,92765,0.043769367
19551,85825,0.019700931
19552,83026,5.256952e-07
19553,66109,1.43253995e-08
19554,92942,7.265483e-07
19555,27404,0.009529468
19556,43249,5.778611e-07
19557,72228,0.008420105
19558,14492,1.1828451e-08
19559,66488,0.08476209
19560,22058,0.010283782
19561,37892,0.018190514
19562,53361,2.1893402e-05
19563,77095,0.012779132
19564,43307,0.018483168
19565,92913,2.6130792e-07
19566,59384,0.0054971282
19567,35998,0.019700931
19568,54787,0.006589307
19569,77380,2.645218e-06
19570,63742,8.340414e-06
19571,55668,0.00022624597
19572,15670,2.6901944e-06
19573,62802,0.06810957
19574,36645,0.008768024
19575,63321,5.503398e-08
19576,19104,3.637255e-11
19577,91919,0.009815061
19578,31862,0.0007336302
19579,10252,7.1310474e-08
19580,98915,0.007811113
19581,63575,2.7912274e-06
19582,71664,0.045318313
19583,14968,8.403841e-15
19584,10837,0.010534443
19585,79621,0.01204303
19586,110718,0.026102437
19587,88560,0.033939894
19588,26737,2.4778743e-07
19589,64126,7.299473e-12
19590,72177,1.6854825e-09
19591,14911,9.520527e-06
19592,17140,0.0004703904
19593,74681,0.008768024
19594,75966,2.7272615e-11
19595,34596,0.076066375
19596,63539,0.06113867
19597,87668,0.06163517
19598,36393,0.0022265424
19599,38233,5.9689564e-10
19600,80276,0.012187937
19601,54229,0.0022265424
19602,88354,0.008422665
19603,108176,2.425865e-12
19604,62281,0.010825283
19605,107923,2.8152772e-06
19606,26889,1.3724615e-06
19607,38,0.025474966
19608,49617,8.783422e-09
19609,50522,8.854273e-08
19610,7764,3.110722e-06
19611,60727,7.301244e-11
19612,37020,5.6358074e-09
19613,5988,2.4051475e-05
19614,88887,0.043363515
19615,77115,0.007811113
19616,22468,1.0823145e-07
19617,15551,8.403841e-15
19618,13365,2.452917e-11
19619,53286,0.011792748
19620,42574,2.1196577e-12
19621,22304,0.024115043
19622,24710,0.00035851385
19623,19075,3.916447e-11
19624,75507,2.645218e-06
19625,93081,0.033939894
19626,69354,0.0021648884
19627,111490,4.960258e-11
19628,111040,7.0748097e-06
19629,55994,0.056830663
19630,46703,1.41678085e-14
19631,70423,9.831755e-12
19632,104399,8.530189e-12
19633,36401,0.025011586
19634,115684,1.4287359e-05
19635,1212,6.184864e-05
19636,42030,0.010283782
19637,70759,1.685187e-09
19638,98241,1.5477578e-08
19639,112970,0.024876568
19640,81089,0.00975874
19641,39566,0.010825283
19642,108306,0.0009220822
19643,35165,4.441079e-06
19644,52261,0.0110621145
19645,104936,0.029304331
19646,66158,0.0029602337
19647,88313,0.011792748
19648,62361,8.713106e-13
19649,89397,6.4761087e-12
19650,113404,0.009529468
19651,44403,6.843968e-09
19652,65357,4.8117e-06
19653,25001,0.0022092117
19654,39196,0.30369613
19655,55169,3.1111437e-12
19656,101925,0.00078731624
19657,37433,2.4192386e-12
19658,87332,0.025739817
19659,105297,0.0055807563
19660,64247,2.0620025e-13
19661,95334,4.3979555e-12
19662,7427,8.7466356e-07
19663,89289,0.0025599306
19664,91542,2.3312602e-11
19665,90493,0.009642077
19666,86195,0.019700931
19667,115123,3.6173156e-15
19668,59287,0.08135334
19669,114911,0.0076225665
19670,28663,0.06113867
19671,81118,2.5643963e-11
19672,24912,0.026362604
19673,2666,0.00095508836
19674,65871,1.3751747e-11
19675,63464,2.331347e-09
19676,75838,7.8732645e-11
19677,65469,0.00022272195
19678,103855,6.2717772e-06
19679,108567,0.06163517
19680,99832,0.010312991
19681,23280,2.8855883e-11
19682,46644,8.442428e-12
19683,18247,7.1727956e-14
19684,85649,0.026332634
19685,9385,2.3135997e-06
19686,63515,5.5390245e-08
19687,85227,4.816796e-06
19688,37134,0.0084224185
19689,16991,2.3637683e-07
19690,74500,0.03310854
19691,61361,0.024507357
19692,96395,3.8516922e-05
19693,38619,0.064567916
19694,77040,0.011792748
19695,4791,0.00092251506
19696,66676,4.8548477e-06
19697,100122,0.006379432
19698,26111,0.0007336302
19699,85249,0.0048655975
19700,91512,0.0037036426
19701,91892,8.4865155e-09
19702,29490,0.010153873
19703,73736,0.0017212755
19704,96225,0.004348352
19705,20600,0.00016960665
19706,46200,1.2537602e-06
19707,90386,3.0152267e-09
19708,63754,1.1375429e-10
19709,53135,0.00020971805
19710,78244,0.034499
19711,81357,0.0014630348
19712,54696,0.026527464
19713,99224,2.7042988e-11
19714,113863,2.1349829e-06
19715,112877,0.0003569594
19716,49915,7.743414e-05
19717,4780,0.06981935
19718,82699,0.004348352
19719,997,1.0607768e-12
19720,97789,1.7157052e-10
19721,91310,0.019803535
19722,72479,8.0216367e-10
19723,115936,0.03338991
19724,100544,0.010312991
19725,77080,0.034499
19726,105343,2.9362322e-08
19727,48574,1.0155788e-05
19728,51839,5.0730996e-05
19729,13970,0.006626664
19730,99468,2.3906993e-11
19731,77298,0.018483168
19732,11591,0.033712484
19733,26204,5.5585394e-16
19734,96895,0.00040211226
19735,9435,0.11714056
19736,18494,8.221442e-17
19737,3509,5.497604e-06
19738,38435,0.00030311872
19739,70351,0.010307644
19740,41155,0.009634294
19741,68894,0.00013275351
19742,88916,0.06895566
19743,106108,1.9225314e-11
19744,25629,0.008113807
19745,102974,0.0017212755
19746,50443,0.00012833794
19747,14716,0.01020377
19748,81269,2.645218e-06
19749,12124,7.137055e-10
19750,55139,7.703436e-05
19751,88024,2.645218e-06
19752,66105,0.00088056264
19753,97068,1.4971968e-05
19754,78640,2.9704792e-09
19755,82603,1.3102338e-07
19756,12598,3.120547e-11
19757,21696,0.010283782
19758,66582,8.07022e-06
19759,30515,8.197678e-12
19760,50564,0.0059027667
19761,62534,0.00071242865
19762,65553,1.7569026e-16
19763,45356,1.829888e-13
19764,102710,0.032741666
19765,1413,0.16553059
19766,22195,6.005462e-11
19767,110116,4.876891e-13
19768,105215,0.018778447
19769,113841,4.1484196e-07
19770,33238,0.0021648884
19771,88955,7.5621296e-07
19772,77307,0.007811113
19773,71163,4.6106285e-05
19774,14738,0.02646379
19775,65637,0.10586758
19776,104435,1.126962e-12
19777,49725,0.004086614
19778,4119,0.005959809
19779,93148,2.955493e-12
19780,11867,8.409773e-15
19781,60740,0.026112074
19782,105301,0.010312991
19783,114607,0.00077011634
19784,7532,9.842654e-06
19785,106599,0.0001388286
19786,12943,8.349788e-05
19787,23515,0.00013743206
19788,90552,0.05755738
19789,70632,1.8197206e-10
19790,80808,0.019700931
19791,104984,0.0003068211
19792,74340,0.025521828
19793,106786,0.0073724524
19794,63025,9.495331e-13
19795,51188,9.604305e-10
19796,74678,0.0026911255
19797,83786,0.010307644
19798,41239,0.026112074
19799,52497,0.0055668545
19800,64373,1.8589186e-05
19801,1670,0.014904523
19802,28167,1.6824868e-05
19803,31242,0.06063979
19804,33724,1.0663729e-06
19805,16329,1.0129607e-17
19806,72592,3.031906e-12
19807,12868,2.705939e-15
19808,40616,6.5109736e-12
19809,111153,0.0011012811
19810,9291,2.508561e-05
19811,71613,0.018483168
19812,32459,0.012583805
19813,106540,1.2179926e-12
19814,21592,4.9057547e-10
19815,12789,8.409773e-15
19816,39446,0.00025740862
19817,71532,0.00021039681
19818,83856,4.9708654e-11
19819,92902,4.629159e-05
19820,11524,5.9373104e-07
19821,23811,5.556083e-05
19822,31991,2.994213e-08
19823,33568,0.000604076
19824,2153,0.011434153
19825,23160,2.4578846e-12
19826,2033,0.0017624897
19827,78923,4.8117e-06
19828,5668,0.008324848
19829,92887,0.010307644
19830,11363,1.3690144e-06
19831,75933,0.0017212755
19832,88621,1.1769197e-08
19833,68960,6.9360794e-05
19834,110558,0.0003068211
19835,65964,3.8455326e-07
19836,19514,2.5374754e-06
19837,40853,0.0017615318
19838,45288,1.00106166e-10
19839,95352,4.809181e-06
19840,59436,1.810597e-11
19841,87194,4.552685e-10
19842,46865,0.0065868073
19843,84465,0.008113807
19844,64018,1.6507242e-05
19845,8113,2.6680607e-07
19846,59212,1.7935247e-11
19847,65234,4.8117e-06
19848,23936,3.582154e-12
19849,57891,7.717291e-10
19850,63008,0.00088366657
19851,82092,0.04496502
19852,34555,3.9441654e-09
19853,53900,0.4286102
19854,109378,0.057398185
19855,23987,4.4789408e-07
19856,109500,0.0001388286
19857,102569,0.019803535
19858,111617,1.5071798e-07
19859,26505,4.7335925e-06
19860,74891,9.022086e-13
19861,22342,1.41678085e-14
19862,28316,0.025521828
19863,97245,0.004348352
19864,112056,5.3758145e-14
19865,18924,1.2393409e-07
19866,39456,0.009634294
19867,44104,0.012116614
19868,32658,0.004342316
19869,42829,4.6261453e-06
19870,79091,5.262333e-14
19871,25308,0.15297742
19872,32147,3.1335244e-07
19873,59563,1.644458e-05
19874,96650,0.009642077
19875,110224,2.7717672e-12
19876,23980,3.760623e-12
19877,99576,1.0164954e-05
19878,9098,0.0017705677
19879,65883,2.551148e-07
19880,64627,0.00088056264
19881,100765,4.809181e-06
19882,58091,0.15207218
19883,94918,5.188116e-07
19884,66480,5.8937914e-14
19885,20679,2.3137958e-09
19886,83838,0.00022616444
19887,45802,0.019770224
19888,24757,0.15288103
19889,44497,0.10586758
19890,88866,3.0709238e-08
19891,73968,5.1007196e-14
19892,45025,4.202699e-07
19893,8357,5.248449e-06
19894,84586,2.5643963e-11
19895,38501,0.010283782
19896,65205,5.264632e-14
19897,31378,0.026527464
19898,76889,0.009642077
19899,916,1.4786047e-05
19900,54319,1.3914864e-10
19901,8750,0.0027039677
19902,94060,0.01083776
19903,76954,0.06113867
19904,6020,0.008324848
19905,95762,0.0008650305
19906,56949,9.677608e-07
19907,93493,0.0008847968
19908,89022,1.278249e-07
19909,61430,0.00022272195
19910,58328,0.06063979
19911,16886,1.0955023e-08
19912,86518,2.3559126e-06
19913,35244,0.0008474531
19914,14275,2.0249481e-10
19915,19307,3.0811027e-06
19916,35196,1.3759513e-11
19917,106224,0.03203254
19918,45900,0.0005693696
19919,9841,0.023568474
19920,13575,0.026492594
19921,33604,0.006035061
19922,80051,1.8010159e-10
19923,101770,0.0002596202
19924,79906,0.006247775
19925,77757,2.0628336e-12
19926,64922,9.570065e-08
19927,52412,0.0043132193
19928,31354,2.246579e-18
19929,86238,0.002517507
19930,45645,0.004342316
19931,46257,0.004862073
19932,51662,2.0490326e-10
19933,84899,0.00022616444
19934,20936,0.056103524
19935,7465,0.022496888
19936,93824,0.010312991
19937,56116,0.010153873
19938,97916,1.44689e-09
19939,35366,3.9409218e-14
19940,22519,3.5380353e-07
19941,2532,1.9570147e-07
19942,105472,0.00012900085
19943,73103,0.0083291745
19944,31409,9.742475e-07
19945,75952,0.06113867
19946,38044,0.025802692
19947,54605,0.00083792664
19948,69006,0.009642077
19949,81230,0.06382485
19950,59156,1.7603202e-09
19951,71408,0.056830663
19952,80393,0.030741232
19953,10060,5.6653476e-05
19954,15674,0.06810957
19955,70390,1.1277146e-12
19956,4851,0.008324848
19957,66318,1.1069936e-12
19958,1784,0.01071577
19959,89666,0.0017212755
19960,65565,2.331347e-09
19961,64812,8.585011e-13
19962,23597,2.2688507e-06
19963,55170,0.0043132193
19964,112668,0.0715194
19965,59089,0.00014904128
19966,57782,1.6386728e-08
19967,24305,0.00018183581
19968,13302,0.0007087049
19969,35663,0.0048581962
19970,41046,0.0014630348
19971,46153,0.07140674
19972,1007,0.06810957
19973,114284,0.03312897
19974,51386,0.010765045
19975,102261,4.02671e-06
19976,9018,1.5620152e-10
19977,73622,0.0073724524
19978,71616,6.095612e-12
19979,109721,2.6698373e-07
19980,47677,0.00026086552
19981,58946,7.340272e-11
19982,32354,0.00011293772
19983,81224,0.001025634
19984,22078,1.7553858e-06
19985,78193,7.886029e-05
19986,51035,2.0138016e-10
19987,29501,9.460821e-09
19988,59849,0.006589307
19989,100372,2.3906993e-11
19990,77302,1.4971968e-05
19991,8713,0.001040726
19992,10370,2.1222063e-06
19993,70456,0.011792748
19994,31147,0.019840907
19995,79352,0.025739817
19996,87188,0.0037036426
19997,107591,3.6503766e-15
19998,92592,0.027718801
19999,54554,0.00093662593
20000,14892,1.8209194e-09
20001,57208,1.3937222e-11
20002,34311,2.2405442e-07
20003,83003,2.645218e-06
20004,18113,0.00064202066
20005,35519,2.6485064e-10
20006,41833,4.8033848e-11
20007,47509,1.7281248e-08
20008,109392,0.026325935
20009,76870,0.010307644
20010,103805,0.0001825176
20011,85264,2.7385383e-06
20012,56523,0.08153384
20013,2770,0.0017624897
20014,79924,8.9969393e-07
20015,39515,0.0005363855
20016,98485,6.2421414e-08
20017,40725,2.2143493e-06
20018,36826,0.008768024
20019,49787,8.6133455e-11
20020,60113,1.2594288e-10
20021,105085,0.058114987
20022,28974,0.019770224
20023,59013,0.026527464
20024,89465,2.0346444e-12
20025,1269,1.855145e-13
20026,6801,0.0017705677
20027,90549,0.00026648067
20028,93776,2.645218e-06
20029,76751,0.00083792664
20030,14765,1.0309914e-16
20031,29010,2.4479677e-06
20032,94423,9.841709e-10
20033,115558,2.77969e-10
20034,55768,0.0015873816
20035,107555,0.030740164
20036,58642,0.06895566
20037,35653,0.008419062
20038,102984,0.006564993
20039,80882,0.00026209635
20040,91293,0.025739817
20041,46630,6.6168633e-12
20042,27679,0.3829633
20043,58393,2.5495323e-10
20044,111283,6.5282332e-12
20045,97308,0.0017212755
20046,78558,6.6578174e-08
20047,84998,7.96723e-14
20048,11734,0.11334743
20049,78078,1.0155788e-05
20050,68300,0.00083792664
20051,98237,3.705407e-12
20052,92759,0.06163517
20053,43432,0.011792748
20054,93628,0.02146122
20055,21966,3.3153849e-12
20056,35144,2.5195345e-07
20057,64340,2.6460811e-11
20058,27806,0.0054716147
20059,8363,1.3631398e-05
20060,10988,1.1742966e-05
20061,98693,0.0018843048
20062,91000,2.645218e-06
20063,101017,3.7455473e-12
20064,20705,1.857264e-07
20065,32358,0.010153873
20066,81687,2.645218e-06
20067,54575,8.75292e-16
20068,11511,4.76893e-08
20069,31261,0.0017805286
20070,25204,0.0018694574
20071,31044,0.006589307
20072,21154,0.0076151937
20073,108887,0.0017241349
20074,31654,0.019840907
20075,72018,0.019700931
20076,114530,1.2551012e-06
20077,31857,0.006589307
20078,8272,0.009447675
20079,21890,3.9409218e-14
20080,73972,5.135289e-13
20081,88230,0.010307644
20082,84547,2.645218e-06
20083,78377,1.7725012e-11
20084,56820,4.6543337e-06
20085,48550,2.9780838e-11
20086,92828,4.0843235e-11
20087,78218,1.0170501e-05
20088,58566,0.056830663
20089,70221,0.0042684083
20090,25573,2.0225654e-05
20091,103102,1.4971968e-05
20092,43326,1.1780351e-13
20093,86722,0.000100072786
20094,40030,0.00011293772
20095,67458,0.00041208786
20096,49595,0.005289592
20097,111910,0.0001825176
20098,83865,0.00083792664
20099,14802,5.910933e-07
20100,100602,0.0018833948
20101,40012,0.010825283
20102,101893,0.01474979
20103,61300,7.8979343e-07
20104,88615,1.0773152e-12
20105,54649,4.82532e-06
20106,7133,1.1628409e-06
20107,87161,4.9861985e-12
20108,113105,0.03450839
20109,46975,0.08829165
20110,15495,9.3029026e-05
20111,47206,0.023909636
20112,4215,2.0250816e-08
20113,56173,0.019449603
20114,91018,1.4339842e-05
20115,10555,4.8870066e-07
20116,102110,0.033939894
20117,22514,4.9852098e-08
20118,12384,2.705939e-15
20119,47855,4.7747603e-06
20120,59320,0.043363515
20121,111343,7.876705e-11
20122,31748,5.539275e-09
20123,79095,6.0501487e-12
20124,31832,0.010153873
20125,6302,9.170966e-06
20126,70264,0.05755738
20127,110500,0.00075137656
20128,16922,4.275372e-07
20129,84632,0.019700931
20130,100887,0.004685886
20131,68875,8.381735e-11
20132,96113,1.4800668e-06
20133,51290,0.06113867
20134,107376,1.1670911e-05
20135,104072,7.1171326e-07
20136,16342,2.0063703e-15
20137,57635,1.8755843e-10
20138,88941,0.010307644
20139,67950,0.0002829201
20140,83127,0.0008815368
20141,71194,1.3205398e-10
20142,73605,0.0055668545
20143,19910,3.1891537e-07
20144,31043,3.81897e-12
20145,19467,0.024115043
20146,23690,8.7660424e-05
20147,67578,0.056830663
20148,66370,0.00088056264
20149,50819,0.010153873
20150,445,1.9192131e-10
20151,21068,0.0026959148
20152,18647,0.019700931
20153,40217,0.00687573
20154,62112,1.0071605e-12
20155,94973,0.057741154
20156,41341,2.0381584e-07
20157,62785,0.006417349
20158,53931,2.74791e-09
20159,109811,0.0018876592
20160,21932,7.869389e-08
20161,42491,3.4205674e-12
20162,51046,9.405637e-13
20163,88802,2.3213024e-12
20164,84236,2.0634547e-09
20165,82305,0.006417349
20166,84172,6.720714e-13
20167,114048,0.025739817
20168,7854,0.010964452
20169,31408,1.391531e-06
20170,109850,2.0753025e-06
20171,81482,2.645218e-06
20172,63449,1.7493451e-09
20173,80936,0.00014129948
20174,100703,0.010312991
20175,66722,1.3714184e-11
20176,94716,0.010153873
20177,43872,0.00023112203
20178,106148,0.0017241349
20179,83710,0.071296066
20180,62084,0.0022265424
20181,59706,5.159404e-08
20182,29199,0.010153873
20183,93149,0.0025516099
20184,109935,0.05548705
20185,115057,0.0715194
20186,119,0.008324848
20187,109575,0.010312991
20188,63379,1.0164954e-05
20189,37347,0.010153873
20190,6518,0.003731164
20191,81628,6.646008e-11
20192,248,8.276574e-13
20193,16123,1.0309914e-16
20194,72830,8.88035e-05
20195,48097,7.1727956e-14
20196,104445,0.00431882
20197,102474,0.0004101637
20198,100304,9.03767e-10
20199,106063,7.65845e-13
20200,82566,0.0059027667
20201,51888,4.7747603e-06
20202,64905,3.1353018e-05
20203,83524,2.513058e-06
20204,61365,0.004342316
20205,26387,5.933147e-17
20206,4099,0.004613565
20207,7983,1.017706e-05
20208,46010,0.06618484
20209,31667,0.006589307
20210,53727,0.00083792664
20211,96403,1.961058e-09
20212,10514,2.683891e-05
20213,72717,1.3064108e-13
20214,85483,0.010307644
20215,31250,0.018483168
20216,103788,0.0018876592
20217,110998,0.30530643
20218,6427,0.0046257535
20219,75066,0.00074824225
20220,38319,9.9039546e-08
20221,106270,0.023700545
20222,110902,0.043363515
20223,100627,0.012440645
20224,4214,0.0032373385
20225,985,0.00012454476
20226,31907,1.6449687e-10
20227,80650,0.008768024
20228,22107,2.3647894e-08
20229,92139,0.0002749683
20230,59087,4.8384113e-06
20231,1787,2.8113897e-17
20232,110554,0.057114895
20233,103507,0.026325935
20234,74377,6.97699e-05
20235,50722,8.770828e-10
20236,41901,0.007811113
20237,59896,4.8464044e-05
20238,104859,0.019840907
20239,80360,0.042404953
20240,15830,0.02646379
20241,101091,2.645218e-06
20242,112997,0.00040628854
20243,61079,7.355993e-08
20244,91610,2.645218e-06
20245,55650,1.6866597e-09
20246,8127,1.5725132e-06
20247,9381,0.0076375357
20248,1897,0.004528324
20249,50090,4.7747603e-06
20250,93156,0.011792748
20251,39320,7.553791e-10
20252,11534,2.562512e-05
20253,880,2.3700412e-07
20254,48586,0.05755738
20255,97309,0.009088231
20256,2312,8.971384e-08
20257,31996,8.312672e-14
20258,43727,5.5585394e-16
20259,63080,0.009622694
20260,53184,3.9046914e-15
20261,100223,0.0015881418
20262,63214,1.126962e-12
20263,39338,0.000114185204
20264,55784,6.5106815e-07
20265,106436,0.010312991
20266,91852,0.011792748
20267,35249,3.1111437e-12
20268,75420,1.4828782e-09
20269,87939,7.527785e-05
20270,93057,1.1860225e-06
20271,58379,0.008306075
20272,66710,4.809181e-06
20273,109296,1.7617303e-06
20274,83347,9.292655e-13
20275,17775,0.0003350555
20276,54110,0.9991726
20277,54498,0.026527464
20278,16731,6.184864e-05
20279,42636,0.0007087049
20280,62508,4.809181e-06
20281,90813,0.10986406
20282,41148,1.1134598e-10
20283,91873,0.043769367
20284,90738,2.4996507e-07
20285,50946,0.011118982
20286,70142,0.00083792664
20287,97000,2.3759943e-14
20288,101154,6.565333e-08
20289,29694,0.029926758
20290,49358,0.025521828
20291,73863,0.018483168
20292,17248,0.001076109
20293,55426,0.026527464
20294,47298,5.151779e-07
20295,104837,2.5299493e-12
20296,14115,0.1117897
20297,9236,0.0002995655
20298,69802,0.00026264615
20299,56090,6.918929e-08
20300,35680,3.0591146e-12
20301,58033,0.043363515
20302,11215,3.228177e-10
20303,115933,0.0017088741
20304,34532,0.0013660105
20305,100517,0.069460474
20306,23154,2.034893e-08
20307,97814,0.024874961
20308,11721,8.618875e-09
20309,58604,1.1620412e-09
20310,115052,4.3573745e-09
20311,77188,0.00013748383
20312,96437,0.05755738
20313,18101,0.01020377
20314,40165,3.8054645e-07
20315,53450,0.00046875124
20316,53568,3.8904338e-11
20317,57504,1.126962e-12
20318,61933,0.034499
20319,1842,4.4772682e-06
20320,19306,7.624376e-05
20321,107658,4.3573745e-09
20322,74403,7.4345285e-09
20323,46498,0.0089692315
20324,62479,0.00071242865
20325,40056,3.8947674e-05
20326,34940,5.933147e-17
20327,89098,0.00085994595
20328,98095,0.0010016299
20329,10916,0.03433464
20330,65497,1.1069936e-12
20331,76415,0.045318313
20332,57106,0.008113807
20333,1985,0.000101135534
20334,8856,0.024114532
20335,26847,0.00011293772
20336,4240,2.127268e-06
20337,112620,0.03338991
20338,45944,0.0036432927
20339,92718,6.095612e-12
20340,78138,1.8912276e-11
20341,18477,1.941536e-14
20342,44434,0.010283782
20343,73910,0.018483168
20344,105671,6.6894216e-07
20345,98642,0.014670525
20346,74997,0.00026360096
20347,84640,0.035557896
20348,27991,5.605232e-06
20349,26234,7.624376e-05
20350,38346,6.548904e-14
20351,76998,0.00060207344
20352,112850,0.009529468
20353,93077,2.6130792e-07
20354,24753,4.1555136e-06
20355,100888,3.369893e-13
20356,38683,7.288155e-14
20357,12184,8.409773e-15
20358,41096,1.9940076e-13
20359,106904,0.0016177086
20360,10181,0.009148665
20361,107428,0.00012975436
20362,115752,0.010312991
20363,52764,1.3541661e-06
20364,37163,0.05176888
20365,90153,0.07145986
20366,80205,2.645218e-06
20367,70401,8.858513e-08
20368,61611,0.010825283
20369,73090,0.0011683516
20370,69989,0.0017212755
20371,31359,0.024707302
20372,62833,1.0105962e-14
20373,76227,9.033907e-15
20374,18859,5.646397e-16
20375,34016,7.874569e-05
20376,41281,0.00093662593
20377,81363,0.02063519
20378,111197,2.99121e-08
20379,34435,0.2897819
20380,81548,6.1741853e-12
20381,62400,0.010825283
20382,113463,0.006909444
20383,111183,0.04025757
20384,12397,9.200952e-15
20385,101485,0.025870373
20386,60166,4.809181e-06
20387,57273,2.7338492e-06
20388,105523,0.0003068211
20389,65711,4.8117e-06
20390,16026,0.018864961
20391,41093,0.010283782
20392,32844,0.6015697
20393,112869,6.971749e-05
20394,3423,0.0091612
20395,34646,0.0043132193
20396,94277,7.952105e-15
20397,29618,0.019449603
20398,45926,0.057711255
20399,24089,1.641581e-13
20400,91968,3.0543506e-05
20401,47054,0.00011233645
20402,4043,0.011435862
20403,91120,0.02638637
20404,14965,0.06382485
20405,16929,0.025521828
20406,2481,0.014639568
20407,47896,6.5904855e-09
20408,111730,0.018906051
20409,53131,7.9007755e-12
20410,3455,0.008314315
20411,61212,0.009529468
20412,19051,3.6759485e-15
20413,48622,0.009193473
20414,38059,1.690456e-10
20415,46323,6.6168633e-12
20416,37339,4.754394e-10
20417,102926,3.3034173e-08
20418,98528,0.026325935
20419,91670,0.06826554
20420,100740,0.009642077
20421,795,0.019700931
20422,101190,4.809181e-06
20423,24182,3.6781086e-07
20424,115666,0.0014612735
20425,43561,5.5585394e-16
20426,88271,0.009642077
20427,86709,0.0017212755
20428,68874,1.9286722e-11
20429,7755,0.11509185
20430,13572,0.003314459
20431,14801,2.0535613e-12
20432,19372,2.2951915e-07
20433,70110,0.00041208786
20434,73126,0.16141807
20435,8268,5.8573767e-07
20436,1806,4.062103e-08
20437,45810,0.032769844
20438,31724,4.0742667e-13
20439,14380,0.0059027667
20440,98366,0.07145986
20441,79379,1.0167583e-06
20442,49126,0.019700931
20443,35809,2.1612458e-12
20444,112571,0.00012192623
20445,44737,0.018483168
20446,2854,0.0009922553
20447,39497,2.141314e-18
20448,27877,0.020443067
20449,91498,1.5862988e-05
20450,72950,0.05755738
20451,75402,2.645218e-06
20452,23971,3.6793336e-13
20453,26584,0.019770224
20454,83336,0.026332634
20455,79808,5.8103583e-10
20456,38823,0.0059027667
20457,107185,3.4148865e-14
20458,38246,1.0892812e-07
20459,38714,3.271414e-12
20460,101843,1.5451303e-11
20461,55093,0.0043132193
20462,35271,0.008419062
20463,12766,8.409773e-15
20464,36353,0.3693756
20465,22545,0.0110621145
20466,6916,9.499466e-12
20467,6314,8.971384e-08
20468,66838,1.3751747e-11
20469,10099,0.0009411478
20470,58029,0.00083792664
20471,21242,0.09947609
20472,109687,0.010312991
20473,16935,0.06063979
20474,25476,3.3818502e-13
20475,69824,0.06113867
20476,66325,3.031906e-12
20477,74092,6.9360794e-05
20478,87799,0.05755738
20479,57172,0.019700931
20480,51328,0.050559655
20481,105136,0.05917771
20482,72769,0.0007336302
20483,72616,0.0004032324
20484,55571,4.193544e-11
20485,84425,4.068398e-06
20486,19545,0.059040524
20487,82331,0.008422665
20488,92928,0.02638637
20489,98601,0.057741154
20490,14841,0.006626664
20491,112798,0.026112074
20492,78922,2.823618e-06
20493,105776,0.010312991
20494,67532,0.030741232
20495,10708,1.6956536e-08
20496,52588,0.018483168
20497,114418,0.057398185
20498,84579,0.00083792664
20499,87198,9.91756e-09
20500,689,4.9252272e-14
20501,12670,0.026492594
20502,85531,4.3757203e-07
20503,38865,0.0009825915
20504,98083,3.2538597e-07
20505,59106,0.06722756
20506,59437,6.720714e-13
20507,95673,1.3875646e-09
20508,11980,7.137055e-10
20509,79684,0.0007002288
20510,11686,6.3816793e-07
20511,48887,0.06113867
20512,103957,1.5375175e-13
20513,63692,0.011594116
20514,107587,2.1644223e-12
20515,72539,2.645218e-06
20516,5155,0.002908524
20517,4088,0.008324848
20518,82374,0.001622638
20519,12096,0.019700931
20520,96683,0.0017212755
20521,17989,8.403841e-15
20522,85196,0.010307644
20523,86495,0.0043132193
20524,31837,3.474495e-11
20525,30292,2.848981e-14
20526,25309,0.004342316
20527,52507,0.00012833794
20528,27801,0.004342316
20529,12971,1.2056399e-10
20530,9913,0.00022383429
20531,79731,6.095612e-12
20532,51708,0.0002678651
20533,100317,0.002101435
20534,100197,0.010857365
20535,51463,0.05502298
20536,83202,0.0038181362
20537,8990,0.015420634
20538,73447,2.645218e-06
20539,76177,0.0001825176
20540,31400,4.7335925e-06
20541,83389,0.019700931
20542,58790,0.015850792
20543,47369,1.02988364e-11
20544,88191,0.00026027774
20545,67246,0.025754122
20546,8317,2.1494126e-05
20547,84082,0.06163517
20548,68628,9.545013e-05
20549,111039,0.051833175
20550,37310,0.009634294
20551,86087,0.0038181362
20552,65740,4.8117e-06
20553,44181,0.0007415062
20554,63325,2.4353037e-12
20555,62009,0.030741232
20556,8174,1.5713438e-06
20557,51281,4.8384113e-06
20558,54114,0.026102437
20559,10685,0.002130841
20560,100694,0.026325935
20561,94549,0.06895566
20562,7949,9.356164e-06
20563,33379,0.019840907
20564,113836,0.0040782443
20565,61734,0.00071242865
20566,11650,1.6956536e-08
20567,96357,0.056830663
20568,115934,0.01474979
20569,105895,0.0073724524
20570,77133,1.2441459e-10
20571,43887,4.1166626e-07
20572,21285,1.600758e-06
20573,80492,9.292655e-13
20574,89254,3.2265027e-10
20575,69702,0.001025634
20576,17021,9.361274e-12
20577,78003,6.720714e-13
20578,7108,0.023568474
20579,45161,0.15297742
20580,35163,5.9689564e-10
20581,32839,0.00011293772
20582,97036,2.5736793e-09
20583,71037,0.00013743206
20584,25218,1.45605155e-08
20585,72891,0.00083792664
20586,70614,0.0055305418
20587,75216,0.019449603
20588,101566,0.04389628
20589,125,1.9896252e-07
20590,34886,0.026527464
20591,18806,0.007811113
20592,5614,7.368146e-07
20593,3286,2.4710867e-10
20594,18137,2.9837268e-13
20595,27369,0.0065565486
20596,38413,0.010283782
20597,68,0.004324647
20598,73862,1.0003512e-07
20599,108946,0.04389628
20600,87181,1.0982654e-09
20601,111833,0.017464891
20602,41354,0.004342316
20603,74169,0.10646991
20604,50076,5.4411913e-08
20605,79223,4.3923563e-08
20606,80125,0.0008847968
20607,71810,7.9525824e-05
20608,78673,0.00014129948
20609,5099,6.551682e-09
20610,4265,0.07863222
20611,60,1.4310853e-05
20612,22713,0.01140096
20613,111247,1.3442352e-09
20614,7362,0.0030120153
20615,21924,4.9715355e-16
20616,67576,0.0134580275
20617,58144,2.645218e-06
20618,68710,0.0017212755
20619,2379,0.023568474
20620,73385,6.9449285e-05
20621,51650,0.019449603
20622,48765,0.0015412149
20623,48290,3.705407e-12
20624,32006,4.6543337e-06
20625,56294,6.443578e-06
20626,83445,0.0017212755
20627,34604,0.025521828
20628,50092,0.019700931
20629,3129,5.3536314e-07
20630,10232,1.8953872e-06
20631,60438,0.0023332017
20632,11732,6.142655e-05
20633,53108,1.5826564e-11
20634,64926,7.55113e-09
20635,112910,0.0010248921
20636,36391,0.0043132193
20637,36462,0.009529468
20638,75707,0.0049633216
20639,47048,0.025802692
20640,104666,2.1014023e-06
20641,55083,0.015850792
20642,17442,1.0309914e-16
20643,96079,2.645218e-06
20644,80947,0.0008132895
20645,98445,0.057741154
20646,18922,1.12439355e-13
20647,92365,0.010307644
20648,106452,8.667363e-08
20649,111816,1.5147552e-09
20650,75476,0.045318313
20651,93584,3.916208e-11
20652,87113,1.521776e-07
20653,50920,0.032733623
20654,33186,0.010153873
20655,22566,0.009634294
20656,41188,0.028434532
20657,64995,9.3687e-13
20658,81850,0.0017212755
20659,54695,1.4507201e-09
20660,95277,1.12417436e-10
20661,92012,0.0018942318
20662,17521,6.588741e-08
20663,19138,1.7553858e-06
20664,57698,3.5953225e-09
20665,70649,5.8937914e-14
20666,69098,0.00031826916
20667,68835,0.026332634
20668,54359,0.0017943349
20669,102704,3.301161e-06
20670,80447,0.013214655
20671,78107,1.2752543e-10
20672,17047,2.0750916e-07
20673,102916,1.3404842e-07
20674,76252,0.0029602337
20675,95900,0.00025221918
20676,29784,0.008294214
20677,21048,0.06113867
20678,57275,7.390879e-10
20679,101808,3.440576e-05
20680,70543,0.02146122
20681,100617,1.8270422e-13
20682,115759,1.0553251e-06
20683,2049,2.9855366e-07
20684,37424,0.005184829
20685,43519,1.4312899e-05
20686,25027,4.8464044e-05
20687,20521,0.15228175
20688,31488,0.004342316
20689,25243,1.2762354e-13
20690,31885,0.00024907288
20691,2417,0.022495551
20692,39961,5.924457e-11
20693,38856,0.0065166065
20694,67598,0.011792748
20695,4199,4.6748923e-05
20696,80691,2.3740306e-05
20697,8683,1.6564849e-07
20698,87743,0.008229265
20699,88932,2.9123375e-12
20700,11067,7.396759e-07
20701,3200,1.2142466e-06
20702,35131,4.7747603e-06
20703,96603,0.07145986
20704,3637,5.726565e-07
20705,110513,0.0003068211
20706,21844,0.010283782
20707,38689,0.004342316
20708,53723,1.0821405e-12
20709,13110,8.409773e-15
20710,13895,0.018483168
20711,48257,9.4550666e-07
20712,35092,0.05157962
20713,75121,2.3455022e-14
20714,67056,0.006230572
20715,19573,0.009566048
20716,54445,1.8270284e-05
20717,86694,5.374084e-05
20718,36163,2.903772e-13
20719,25363,4.7335925e-06
20720,12146,0.045027267
20721,15046,0.0040031783
20722,59447,0.05755738
20723,40462,1.928802e-10
20724,87183,0.000796006
20725,57206,0.045318313
20726,7750,3.807456e-05
20727,83901,0.0055668545
20728,105781,0.007811113
20729,113099,6.853998e-10
20730,107062,1.0973299e-12
20731,96285,8.9900126e-10
20732,77544,0.010307644
20733,109635,0.0715194
20734,83130,0.019700931
20735,31220,0.004342316
20736,75974,9.292655e-13
20737,71309,0.045318313
20738,27315,0.019770224
20739,99618,0.009642077
20740,42957,1.2129247e-16
20741,36758,4.784337e-06
20742,19493,4.5231533e-07
20743,33403,3.0394144e-13
20744,96574,0.004348352
20745,36528,1.3937222e-11
20746,11080,0.011855723
20747,91412,6.530189e-08
20748,107934,8.603536e-07
20749,35556,0.019700931
20750,60860,0.15288103
20751,96606,0.02445036
20752,106552,0.00035535512
20753,28104,0.031558283
20754,56608,0.0079764025
20755,79786,0.019700931
20756,5966,9.988295e-06
20757,54453,2.481418e-12
20758,31417,0.011265511
20759,78426,0.024213143
20760,56414,0.010153873
20761,73594,0.001622638
20762,95156,0.06891348
20763,4591,0.00017802058
20764,24773,6.0914208e-05
20765,71089,3.800977e-12
20766,68338,1.2752543e-10
20767,56443,0.06113867
20768,78867,8.770828e-10
20769,95456,0.010153873
20770,60932,0.00074824225
20771,32360,0.052334614
20772,39840,0.009634294
20773,11666,0.11334743
20774,4549,0.019449603
20775,88134,3.1143719e-09
20776,55505,0.002939113
20777,54755,3.6608912e-15
20778,53975,3.6608912e-15
20779,76133,9.097669e-13
20780,6147,5.8103755e-08
20781,31516,4.9708654e-11
20782,9013,0.014858763
20783,100745,0.057398185
20784,25847,1.6333188e-07
20785,34077,2.481418e-12
20786,29646,1.8852349e-07
20787,28620,0.0006318698
20788,109153,8.879366e-13
20789,18623,0.06113867
20790,108867,6.2925636e-08
20791,45323,0.007811113
20792,9633,2.127268e-06
20793,34334,0.030383263
20794,56900,0.003600264
20795,32541,0.004342316
20796,78282,0.00010362669
20797,62697,0.00031117484
20798,101063,0.0027036075
20799,65105,1.2441459e-10
20800,72310,0.045318313
20801,43852,0.010283782
20802,60260,3.3655925e-11
20803,73334,0.025521828
20804,20237,0.015850792
20805,81658,0.01864118
20806,52124,0.0007336302
20807,84774,0.00010192751
20808,14562,4.1183694e-14
20809,100444,7.71972e-10
20810,75385,7.799238e-07
20811,63733,1.0164954e-05
20812,39047,2.773801e-10
20813,103159,0.011911542
20814,60745,0.010153873
20815,72027,0.056830663
20816,22691,4.784337e-06
20817,68773,2.1593523e-14
20818,35264,0.0010046116
20819,82776,0.004348352
20820,104068,1.167396e-11
20821,93535,0.02146122
20822,37976,1.1697714e-12
20823,82569,0.043363515
20824,5183,4.062103e-08
20825,16472,1.3093664e-10
20826,62165,2.1750853e-10
20827,72524,0.00093662593
20828,37980,0.007582568
20829,104899,2.9361074e-09
20830,66636,1.44697e-06
20831,71142,1.5953368e-07
20832,80671,4.2458797e-16
20833,13433,6.195259e-14
20834,97160,0.008768024
20835,74738,0.0025516099
20836,2869,0.005959611
20837,100424,0.00011241565
20838,32737,0.008768024
20839,68883,0.004348352
20840,82920,0.0038181362
20841,1342,6.6359087e-07
20842,80335,4.809181e-06
20843,115254,0.03312897
20844,90301,1.7261055e-08
20845,42143,0.0033774145
20846,93358,0.0038297523
20847,19309,2.6120027e-15
20848,23145,2.2919246e-14
20849,28112,8.1300755e-10
20850,109065,0.01083776
20851,66494,5.4982993e-12
20852,39150,6.335152e-10
20853,106879,1.2159315e-06
20854,49964,7.512117e-08
20855,460,1.7852701e-06
20856,28533,3.7761207e-15
20857,47852,7.301244e-11
20858,95275,0.018669777
20859,66368,2.513421e-10
20860,48493,3.1755746e-08
20861,27639,5.2040768e-12
20862,91902,1.6810904e-07
20863,85978,0.05755738
20864,66737,2.2639028e-09
20865,886,3.97004e-06
20866,80085,0.0018679952
20867,81374,0.00012995162
20868,85400,0.010307644
20869,10551,1.6956536e-08
20870,87411,0.015072615
20871,97026,0.07928491
20872,52328,8.283247e-11
20873,72722,0.0110621145
20874,91218,0.008113807
20875,76914,1.722889e-07
20876,102585,7.419225e-05
20877,85106,2.645218e-06
20878,76355,1.1868864e-11
20879,84960,2.6490923e-10
20880,11285,4.8870066e-07
20881,94032,0.0001825176
20882,60112,0.040096637
20883,80423,0.019490741
20884,42027,0.0053015677
20885,55585,4.0880437e-07
20886,23780,0.011792748
20887,47324,4.714068e-06
20888,21577,0.071296066
20889,74910,0.0051976237
20890,59566,1.1040485e-07
20891,31176,0.010153873
20892,28490,6.1246933e-06
20893,58659,0.033939894
20894,101197,7.7028344e-05
20895,98404,0.008229265
20896,22023,7.225154e-17
20897,47690,3.705407e-12
20898,82227,0.0034856612
20899,46769,0.018483168
20900,11189,0.022469074
20901,9580,2.6523765e-08
20902,49172,0.025521828
20903,88179,0.010307644
20904,93293,0.018669777
20905,54411,1.166909e-14
20906,75563,5.5853457e-11
20907,11104,7.5052284e-08
20908,70084,0.05755738
20909,86066,0.019700931
20910,58534,2.106777e-07
20911,25173,0.019770224
20912,111241,7.5240956e-07
20913,115932,0.007238183
20914,39719,0.008768024
20915,95387,0.0018833948
20916,37483,5.2932373e-14
20917,19017,1.0786415e-12
20918,112660,0.0062179943
20919,11156,3.428203e-08
20920,8963,0.023568474
20921,62588,0.0023332017
20922,19891,0.001930146
20923,59705,0.0012764795
20924,28473,2.0697414e-07
20925,53087,0.019449603
20926,47789,0.032351613
20927,14632,3.0631676e-07
20928,4250,0.0003718898
20929,89119,0.0055668545
20930,47278,0.011792748
20931,86690,0.010307644
20932,92978,0.002468914
20933,14318,1.6649973e-10
20934,23964,1.41678085e-14
20935,46837,4.0742667e-13
20936,1974,0.00079412817
20937,18709,3.4577194e-13
20938,9869,8.405549e-09
20939,68729,1.7261055e-08
20940,103146,0.03338991
20941,21177,1.9192131e-10
20942,61616,1.2501801e-11
20943,34348,4.441079e-06
20944,14943,0.020226281
20945,16947,2.6380682e-15
20946,108478,0.008422665
20947,81815,0.05917771
20948,79639,4.966485e-07
20949,83839,0.0025516099
20950,81460,0.0014630348
20951,104419,0.02146122
20952,104311,0.010312991
20953,54633,8.185651e-11
20954,78723,0.0048655975
20955,91690,0.022350626
20956,12229,5.7875896e-12
20957,84344,0.032047797
20958,11959,7.096901e-14
20959,69181,1.5503439e-06
20960,74635,3.0713546e-10
20961,52992,0.0073724524
20962,78148,1.9636123e-11
20963,61420,0.008113807
20964,64768,1.30711e-07
20965,112769,0.009529468
20966,11620,1.9588102e-05
20967,64490,2.3014446e-17
20968,46638,0.00011293772
20969,20116,3.3045721e-06
20970,7655,1.0579042e-07
20971,65538,4.865385e-11
20972,47917,4.9861985e-12
20973,109518,0.0017241349
20974,90425,0.009642077
20975,106696,0.0015699916
20976,107596,0.007907261
20977,56452,0.0014774455
20978,85815,0.0014630348
20979,11781,0.071296066
20980,32759,1.8486476e-07
20981,10190,0.015420634
20982,66562,0.0018833948
20983,37907,1.8662642e-13
20984,11452,1.4686812e-08
20985,94098,2.3908433e-09
20986,17935,1.0309914e-16
20987,31008,0.008419062
20988,108621,1.126962e-12
20989,42678,0.018483168
20990,115523,6.3363577e-06
20991,57949,0.0043132193
20992,5691,2.1233347e-05
20993,93349,7.939848e-07
20994,32185,1.1647628e-11
20995,115248,0.0001388286
20996,88905,0.0065629994
20997,114698,0.069460474
20998,111939,0.058114987
20999,90339,0.009642077
21000,16538,2.6349523e-10
21001,48158,5.8937914e-14
21002,35344,7.3295278e-06
21003,102929,0.010312991
21004,79045,0.045318313
21005,58333,0.010153873
21006,44644,1.034132e-06
21007,37156,0.010283782
21008,36643,0.0005956054
21009,43225,0.010825283
21010,76011,7.002197e-08
21011,65595,0.00088056264
21012,31279,0.008531047
21013,38000,3.398684e-08
21014,94878,2.563621e-09
21015,2548,0.0022238195
21016,98461,5.8908645e-06
21017,112007,0.004348352
21018,1300,1.8083791e-06
21019,47548,0.07140674
21020,95445,0.0050976966
21021,10489,2.562512e-05
21022,77086,7.493882e-09
21023,83648,0.16674434
21024,106111,3.951673e-09
21025,81801,0.0038181362
21026,82128,0.0017212755
21027,72385,1.9060654e-14
21028,97965,1.6940491e-13
21029,68152,0.030313974
21030,69761,1.32853745e-11
21031,44454,2.4353037e-12
21032,24550,0.00031117484
21033,14840,2.4219456e-11
21034,115373,0.008647655
21035,58806,6.9360794e-05
21036,48508,0.019700931
21037,28289,0.0008461725
21038,10385,0.008324848
21039,45532,0.00013743206
21040,54059,4.8846215e-07
21041,8321,4.062103e-08
21042,87659,1.0257214e-06
21043,30577,0.002566973
21044,103624,0.00016726313
21045,16520,1.6735556e-10
21046,71353,0.00026419302
21047,63935,1.6727905e-09
21048,24227,0.0035598187
21049,79946,0.06895566
21050,87501,0.00075788354
21051,31678,8.610861e-12
21052,36593,9.971997e-13
21053,110652,0.054575108
21054,89033,7.821769e-09
21055,6363,8.79953e-06
21056,21872,0.003312056
21057,107639,0.0030713854
21058,20701,6.6168633e-12
21059,97376,2.425865e-12
21060,51028,0.00036364954
21061,26010,0.010839631
21062,50550,0.019449603
21063,35448,0.02146122
21064,8110,2.2608938e-05
21065,42719,9.0078235e-15
21066,113283,0.01474979
21067,42051,0.011015861
21068,104179,0.03350731
21069,12231,4.813858e-15
21070,13021,0.019700931
21071,96853,7.26415e-05
21072,101735,7.26415e-05
21073,6614,0.07150146
21074,77376,0.026332634
21075,33454,0.0002596202
21076,109870,0.010312991
21077,8637,4.8870066e-07
21078,303,0.045027267
21079,24809,9.865276e-10
21080,84557,0.04525399
21081,105712,1.3333353e-07
21082,13398,2.9616542e-05
21083,62287,0.0043132193
21084,38171,5.6722506e-06
21085,87250,0.009642077
21086,97685,0.00042834462
21087,94786,0.05755738
21088,104970,0.011184473
21089,46189,1.7548822e-06
21090,47253,0.00013038295
21091,12723,0.000114775445
21092,73164,0.010307644
21093,6091,3.1979616e-07
21094,57876,0.05755738
21095,7528,0.008324848
21096,1287,0.06981935
21097,10867,4.7239823e-06
21098,22096,1.537005e-16
21099,64403,0.0018833948
21100,114882,0.0008447293
21101,59948,8.502459e-07
21102,110863,2.4903182e-08
21103,4353,1.7249308e-06
21104,46849,0.009634294
21105,61824,0.045318313
21106,3635,5.971917e-07
21107,25519,0.004342316
21108,5230,2.115548e-06
21109,65491,1.4937876e-06
21110,83735,0.001567535
21111,46416,0.007811113
21112,110969,0.008320203
21113,31353,0.0006512152
21114,78503,0.0007336302
21115,51323,0.0007336302
21116,44518,0.019770224
21117,33974,5.208754e-12
21118,22236,3.3818502e-13
21119,107672,2.8438204e-12
21120,37984,2.3401515e-08
21121,31650,4.8255795e-11
21122,111271,9.69895e-09
21123,77481,0.011265511
21124,16548,0.00088267185
21125,86686,0.00083792664
21126,64965,2.5484625e-05
21127,70811,3.1095417e-12
21128,10077,7.614668e-07
21129,26189,0.046114177
21130,71623,0.010307644
21131,40887,4.5890096e-07
21132,43009,1.2931621e-17
21133,74977,0.025860043
21134,21630,3.7513439e-13
21135,94618,0.0003823672
21136,3219,0.06981935
21137,56316,0.0017463663
21138,15244,3.229288e-05
21139,28173,2.395742e-12
21140,89347,1.6243327e-09
21141,58306,6.8224204e-10
21142,25016,1.513425e-07
21143,95617,1.0316251e-06
21144,39002,2.093414e-07
21145,56307,0.00040666165
21146,30647,2.1506123e-08
21147,16883,4.5822027e-05
21148,86784,0.011946315
21149,113771,0.0100401435
21150,59134,5.418597e-14
21151,11564,6.239727e-05
21152,11328,0.023471909
21153,77896,0.001025634
21154,27058,0.002439198
21155,17177,6.76357e-05
21156,5472,0.026492594
21157,69482,0.00083792664
21158,18521,0.00020458533
21159,56391,0.0043132193
21160,60898,2.3617148e-12
21161,93949,2.716462e-08
21162,22646,1.80629e-06
21163,113592,0.018906051
21164,14014,1.4982302e-07
21165,40169,0.015850792
21166,43823,0.020443067
21167,42608,0.0007087049
21168,40351,0.014371754
21169,39266,0.010825283
21170,76452,4.3601662e-07
21171,18332,0.015850792
21172,71515,0.004348352
21173,72873,0.0019335642
21174,59935,0.00041208786
21175,11087,0.01143928
21176,75580,9.292655e-13
21177,104682,0.004685886
21178,30238,5.5653128e-14
21179,77480,0.0017212755
21180,67894,2.425865e-12
21181,31745,6.962831e-11
21182,103251,2.645218e-06
21183,16668,0.02646379
21184,106798,2.3761201e-07
21185,84815,0.004348352
21186,72002,0.010307644
21187,95212,0.057398185
21188,70548,0.019700931
21189,42436,0.04525399
21190,5107,2.9738092e-07
21191,88511,2.2481318e-17
21192,72945,5.771182e-10
21193,17186,2.4378483e-10
21194,96367,0.008457679
21195,80345,0.057741154
21196,29936,2.8123476e-11
21197,55528,0.00014028802
21198,84531,0.00083792664
21199,32857,0.019840907
21200,105659,0.00088056264
21201,81138,0.00012833794
21202,14873,4.7853384e-05
21203,108430,0.011057796
21204,59206,0.05917771
21205,78730,3.916208e-11
21206,4125,9.327265e-07
21207,36702,0.00011293772
21208,52144,7.400831e-12
21209,98478,5.219236e-12
21210,42323,0.00015895252
21211,115068,0.08153384
21212,87486,0.019700931
21213,104045,0.023700545
21214,1745,0.0058992202
21215,45327,6.1246933e-06
21216,27115,0.16593474
21217,102262,1.1906003e-11
21218,58848,4.7159784e-08
21219,14890,4.6066647e-11
21220,47162,8.430251e-11
21221,15823,2.4997346e-06
21222,107682,2.645218e-06
21223,7901,0.0017705677
21224,108811,1.1477457e-12
21225,80252,0.001622638
21226,40227,9.992772e-07
21227,110986,0.0017908291
21228,7442,6.8547866e-05
21229,105293,2.002218e-08
21230,59162,0.00088267185
21231,12757,0.0059027667
21232,36001,0.0043132193
21233,16166,0.00023764932
21234,75033,2.1009233e-10
21235,95300,8.0677416e-11
21236,9687,0.008324848
21237,1053,0.010987394
21238,112979,6.1342103e-06
21239,85772,7.585461e-08
21240,35148,7.404022e-05
21241,93331,0.019803535
21242,57452,0.012132292
21243,45832,0.010825283
21244,90548,0.019803535
21245,26312,0.0017805286
21246,101719,3.369893e-13
21247,94780,4.900994e-06
21248,48187,2.3184117e-05
21249,11393,0.0017705677
21250,23575,0.0005602839
21251,107208,1.7767144e-08
21252,17246,4.9252272e-14
21253,113682,1.3203852e-15
21254,68785,0.05755738
21255,112815,7.1970226e-06
21256,111036,0.005938862
21257,63925,1.0165818e-05
21258,12250,3.120547e-11
21259,110473,3.459291e-12
21260,96904,0.004348352
21261,18256,0.01020377
21262,55121,8.186069e-12
21263,60444,0.00083792664
21264,85981,1.5699289e-12
21265,65794,4.8117e-06
21266,95142,0.010153873
21267,11698,0.071348235
21268,12377,2.5082655e-12
21269,55861,0.008419062
21270,13106,2.9013272e-05
21271,105710,8.772431e-07
21272,15014,3.148613e-21
21273,42884,0.009634294
21274,115179,1.1097081e-05
21275,43442,0.009634294
21276,5689,1.6468465e-06
21277,23864,3.705407e-12
21278,41479,4.4367215e-07
21279,88175,0.05755738
21280,115442,0.02512044
21281,19222,0.0059027667
21282,10357,0.0059600095
21283,55756,3.6358647e-09
21284,19725,2.6637947e-11
21285,8978,4.0636134e-08
21286,76677,0.010307644
21287,76457,6.646008e-11
21288,107401,0.024880426
21289,112191,1.3383011e-11
21290,86349,1.13783925e-08
21291,65243,3.9336186e-16
21292,37168,0.019840907
21293,113774,1.167396e-11
21294,15531,0.0023332017
21295,25272,0.0026959148
21296,1406,2.2352366e-07
21297,51027,0.00021248338
21298,72381,0.025846869
21299,14476,1.0129607e-17
21300,48011,1.2907445e-05
21301,112557,7.5281204e-13
21302,20666,5.646397e-16
21303,53921,0.019700931
21304,66812,4.809181e-06
21305,55267,3.07315e-06
21306,62760,0.06113867
21307,95946,0.0048823906
21308,892,0.0135366935
21309,110994,4.612035e-08
21310,79521,9.293183e-10
21311,115260,0.0043132193
21312,89625,0.0057929885
21313,107553,2.6065465e-09
21314,109174,0.0073724524
21315,83820,0.01083776
21316,70384,0.0007336302
21317,54903,3.660354e-11
21318,39945,0.010283782
21319,106685,1.6977919e-09
21320,44043,0.00072054064
21321,55115,0.009529468
21322,15293,0.09696489
21323,82002,1.8017425e-12
21324,91648,0.00083792664
21325,29614,0.008768024
21326,59920,0.04496502
21327,45517,1.09398684e-07
21328,99868,8.2388586e-05
21329,57184,3.1111437e-12
21330,102768,0.010765045
21331,65242,0.00074824225
21332,47860,0.00072194345
21333,90662,4.445175e-07
21334,48938,0.00031117484
21335,80678,0.00095678144
21336,106473,1.8563636e-12
21337,64304,8.438918e-12
21338,89876,0.0043132193
21339,79126,0.01474979
21340,99417,5.2316545e-12
21341,45618,0.00026360096
21342,94257,0.008768024
21343,36839,0.053542927
21344,75086,0.0051976237
21345,21998,2.6891575e-10
21346,68943,0.024499305
21347,29722,0.09793494
21348,35858,0.0043132193
21349,6989,1.5725132e-06
21350,35202,0.0059027667
21351,10008,0.007910071
21352,5801,2.045573e-06
21353,73788,1.2752543e-10
21354,22555,0.00055523193
21355,100386,1.4971968e-05
21356,103007,0.0835557
21357,26962,3.2001681e-09
21358,60495,0.00095678144
21359,115694,7.9269274e-10
21360,53372,1.448755e-15
21361,62472,0.019700931
21362,58425,0.06810957
21363,45773,0.00235801
21364,48300,5.729717e-12
21365,75198,0.033514667
21366,13709,0.1603686
21367,4594,0.026492594
21368,56071,0.0043132193
21369,92046,0.05917771
21370,79686,1.4297175e-08
21371,48516,3.1111437e-12
21372,12378,2.705939e-15
21373,82853,2.645218e-06
21374,106041,7.915344e-05
21375,40668,3.4031196e-09
21376,50514,0.002709733
21377,34861,0.06810957
21378,24333,0.0058992202
21379,68696,5.8435063e-07
21380,72644,0.0017212755
21381,62340,4.6677172e-08
21382,6380,2.0868629e-05
21383,108056,1.4559256e-05
21384,97830,0.008229265
21385,106691,1.5260969e-07
21386,93991,0.018778447
21387,71612,1.2752543e-10
21388,11144,1.2787425e-05
21389,88309,0.0018843443
21390,61304,0.034499
21391,60085,3.9046914e-15
21392,76288,6.186162e-08
21393,39039,0.01140096
21394,114264,0.01474979
21395,22669,2.430379e-13
21396,8478,2.1401354e-07
21397,107771,5.844505e-17
21398,78597,0.010307644
21399,49197,0.012440645
21400,9960,1.630897e-06
21401,106044,0.0027529397
21402,72414,0.010307644
21403,81667,2.2458574e-12
21404,10152,0.0059600095
21405,94323,0.05755738
21406,72298,0.008768024
21407,18774,0.01020377
21408,113061,0.0017241349
21409,105409,0.0027230578
21410,106735,2.3445038e-11
21411,48480,0.006589307
21412,80324,0.00013748383
21413,8300,4.1755328e-07
21414,107642,1.3581984e-05
21415,47748,0.06113867
21416,32080,1.5030373e-11
21417,80550,3.372079e-13
21418,108349,4.8059354e-07
21419,80735,0.0008815368
21420,101471,1.875612e-11
21421,19801,6.860811e-06
21422,49039,0.0059027667
21423,19226,5.646397e-16
21424,112177,0.0017601119
21425,15268,2.6403754e-05
21426,115219,3.435847e-13
21427,31615,9.843326e-13
21428,115288,0.010153873
21429,113319,0.033240877
21430,48831,0.010153873
21431,92122,0.0008847968
21432,31194,0.032769844
21433,55248,1.4283085e-08
21434,86531,0.0006776639
21435,111584,0.00021978041
21436,105388,0.008768024
21437,42150,0.0014537533
21438,24423,5.709681e-14
21439,67730,0.0006334776
21440,108743,3.0893264e-06
21441,89805,5.621182e-05
21442,7585,0.01143928
21443,39928,6.8427566e-05
21444,98402,0.03759773
21445,54499,0.0007336302
21446,2313,0.0029063534
21447,52284,4.8384113e-06
21448,44886,0.011118982
21449,98236,2.3796344e-08
21450,100366,0.019803535
21451,98672,0.043769367
21452,85163,0.0059027667
21453,2337,0.0026625874
21454,24488,0.00013684636
21455,24714,0.00071242865
21456,88930,0.0001913968
21457,106870,0.00083792664
21458,58322,0.056830663
21459,67958,0.033939894
21460,63757,0.00022272195
21461,71830,9.457305e-16
21462,18145,7.15168e-09
21463,28372,3.976904e-17
21464,45281,1.5580478e-19
21465,15448,3.92422e-05
21466,90623,3.6287042e-06
21467,113485,0.0033715407
21468,17330,8.601e-11
21469,16042,6.184864e-05
21470,37469,6.8679764e-09
21471,9405,2.7971677e-07
21472,19659,4.836534e-05
21473,97078,0.057741154
21474,7458,2.1028549e-05
21475,93162,0.0017212755
21476,13637,0.000114775445
21477,75725,0.00030694343
21478,73961,6.149253e-07
21479,55315,4.406106e-05
21480,5049,0.0059600095
21481,66142,4.170121e-07
21482,111168,4.905148e-17
21483,80093,0.043363515
21484,48890,3.66203e-11
21485,103277,5.2316545e-12
21486,97751,0.010312991
21487,32521,5.110805e-05
21488,62599,8.115911e-11
21489,27510,3.5511338e-08
21490,67738,0.009642077
21491,50695,0.0043132193
21492,10224,0.008324848
21493,83500,0.0055305418
21494,95884,0.0038297523
21495,24165,0.010283782
21496,102748,0.05755738
21497,26439,0.008113807
21498,16639,4.0621003e-13
21499,90356,0.033939894
21500,53287,5.07428e-13
21501,101569,0.024418462
21502,102664,0.018669777
21503,48099,0.045318313
21504,30486,0.010153873
21505,4969,0.7464901
21506,72684,0.001025634
21507,67329,0.010307644
21508,96713,1.1016982e-12
21509,101145,1.6512531e-05
21510,26006,1.1951584e-05
21511,11026,2.127268e-06
21512,43787,0.004342316
21513,109,4.8870066e-07
21514,88605,5.204461e-13
21515,12259,0.14393526
21516,111144,0.0048994785
21517,94112,0.026325935
21518,85281,5.1463767e-14
21519,87598,5.204461e-13
21520,19393,0.00031328262
21521,111392,3.369893e-13
21522,11304,2.0591664e-05
21523,8537,4.5054882e-08
21524,42365,0.0014630348
21525,12322,5.600841e-09
21526,28857,7.889955e-05
21527,66594,0.00014140474
21528,103973,0.001317811
21529,77637,0.026112074
21530,54172,8.4899386e-11
21531,16062,6.7048045e-15
21532,86055,0.00093888544
21533,36006,0.00011293772
21534,101622,3.967745e-09
21535,8032,1.9570147e-07
21536,105475,1.293873e-07
21537,112426,1.357186e-07
21538,105414,0.06163517
21539,53396,0.0017638215
21540,40130,1.7909765e-09
21541,77691,3.1284476e-12
21542,16672,5.396837e-09
21543,98969,1.4971968e-05
21544,78652,0.00071242865
21545,89245,3.372079e-13
21546,8430,0.008324848
21547,111278,8.967582e-13
21548,34020,0.00011293772
21549,29647,3.0720602e-12
21550,77394,0.0043132193
21551,95110,2.9130278e-11
21552,96632,1.0886942e-17
21553,55860,0.025521828
21554,13679,2.0523261e-10
21555,67499,0.0023178658
21556,31901,0.009360819
21557,78198,0.00083792664
21558,14627,0.011792748
21559,5307,0.00015070358
21560,24628,3.705407e-12
21561,57964,0.00041208786
21562,78599,1.6089392e-10
21563,48206,0.025860043
21564,14829,0.032591436
21565,75730,0.01864118
21566,109741,2.1695844e-06
21567,87191,2.481418e-12
21568,46965,2.3474191e-09
21569,99554,0.009642077
21570,44486,0.0010075254
21571,87028,0.0014630348
21572,98097,3.6608912e-15
21573,96677,9.848121e-12
21574,18188,1.0567306e-07
21575,80776,2.645218e-06
21576,43083,0.004342316
21577,32969,0.24124007
21578,24233,1.7277878e-09
21579,39890,4.342841e-15
21580,72863,0.0055668545
21581,112884,0.025739817
21582,72703,0.010307644
21583,41672,0.05157962
21584,61488,1.1620412e-09
21585,51456,0.010024269
21586,73907,0.0005619649
21587,112189,0.056951173
21588,60067,0.00040666165
21589,87439,0.009642077
21590,77348,0.008768024
21591,66729,3.5947805e-13
21592,93660,4.7747603e-06
21593,38974,4.4774236e-12
21594,95138,0.00012833794
21595,64421,0.00074824225
21596,107679,0.010312991
21597,44601,0.06382485
21598,101448,2.645218e-06
21599,41829,1.705179e-12
21600,17766,3.8967145e-12
21601,104671,0.0007507431
21602,34533,7.390879e-10
21603,80720,0.00083792664
21604,12582,3.4912833e-18
21605,32289,1.5580478e-19
21606,38149,2.1593523e-14
21607,107889,0.0001388286
21608,34693,0.012440645
21609,15213,3.2993178e-08
21610,15479,0.0073433444
21611,88186,0.00083792664
21612,24986,0.0008790826
21613,88497,2.7868956e-09
21614,109737,0.0017241349
21615,102650,8.7208707e-13
21616,31780,7.0524186e-07
21617,104082,2.329857e-10
21618,96549,1.2604876e-15
21619,112889,0.022350626
21620,55182,0.010153873
21621,97038,0.00074824225
21622,19595,2.0642312e-12
21623,28559,0.0029803992
21624,32522,3.4146333e-07
21625,1024,6.314155e-07
21626,73765,0.010307644
21627,32336,1.146396e-08
21628,105983,0.045401152
21629,59430,7.1727956e-14
21630,114187,6.2544167e-12
21631,20122,3.6759485e-15
21632,66778,1.194671e-13
21633,68498,3.1661196e-07
21634,102153,0.026332634
21635,4750,0.023568474
21636,2612,0.026527464
21637,37149,3.3818502e-13
21638,89332,0.00074824225
21639,85986,4.980997e-05
21640,58923,0.0023332017
21641,88720,2.2762794e-07
21642,69102,1.3903754e-07
21643,64778,4.809181e-06
21644,108197,0.055156738
21645,16011,2.5391737e-05
21646,67771,0.010307644
21647,62964,0.010281147
21648,54721,0.0007336302
21649,9090,3.506931e-08
21650,96950,0.022832176
21651,112638,0.043921944
21652,47797,0.09846249
21653,88563,2.645218e-06
21654,14755,1.8601708e-06
21655,76756,0.02560859
21656,114131,3.6659155e-11
21657,63544,9.495331e-13
21658,45506,2.1546676e-09
21659,33711,0.07276897
21660,57305,9.99935e-06
21661,71306,4.178691e-12
21662,47261,1.41678085e-14
21663,64454,7.1444905e-14
21664,49011,0.025521828
21665,31714,1.4199155e-15
21666,82737,3.705549e-08
21667,38474,2.7301644e-08
21668,60229,0.0019960096
21669,39402,1.1648578e-12
21670,87025,8.569366e-05
21671,10726,1.462097e-06
21672,32574,0.004342316
21673,98105,5.0480343e-05
21674,50081,0.010153873
21675,104043,9.947274e-11
21676,97622,5.5155797e-06
21677,93278,0.057398185
21678,94265,2.9599115e-11
21679,26252,1.4122687e-08
21680,17349,4.9039203e-14
21681,54775,0.003397182
21682,22431,0.0009825915
21683,83542,0.026102437
21684,61089,1.6089392e-10
21685,12819,5.081454e-06
21686,32247,0.0060545485
21687,91652,5.9882957e-05
21688,79055,6.747986e-05
21689,114869,2.1739359e-06
21690,58068,2.5160292e-11
21691,24091,0.00093662593
21692,85136,0.02146122
21693,101372,0.057741154
21694,8011,5.499046e-06
21695,28213,0.004342316
21696,42956,0.00024783966
21697,28218,0.019770224
21698,78837,1.4515585e-07
21699,111007,2.645218e-06
21700,48995,0.009529468
21701,109709,0.0019116502
21702,94168,0.057398185
21703,36324,0.009529468
21704,30366,4.7324224e-12
21705,49444,0.019700931
21706,5501,0.008419771
21707,5943,0.040804185
21708,85936,0.11006742
21709,57231,0.06810957
21710,42626,1.6083156e-06
21711,27936,4.6088227e-09
21712,4765,1.7750921e-05
21713,100622,9.150575e-13
21714,74824,0.08805294
21715,52067,0.026050666
21716,32126,1.6727905e-09
21717,113593,2.1695844e-06
21718,103360,0.00072679843
21719,23400,0.07435113
21720,12255,0.06810957
21721,71325,3.412844e-06
21722,28171,3.9027535e-16
21723,29224,0.00060836924
21724,113301,0.01195177
21725,75063,1.594981e-07
21726,38957,0.00011293772
21727,70998,0.06895566
21728,113128,0.009529468
21729,92527,4.0870564e-06
21730,111545,1.2535612e-11
21731,83340,4.816796e-06
21732,73261,0.010307644
21733,28980,0.009529468
21734,9494,9.192249e-08
21735,85071,2.4057152e-12
21736,73890,0.09846249
21737,54125,7.26415e-05
21738,30630,0.018483168
21739,3506,9.1078465e-07
21740,91173,1.115723e-08
21741,85889,0.008113807
21742,60802,9.568655e-09
21743,98871,0.009642077
21744,91106,0.0004101637
21745,49558,0.00014492331
21746,15260,7.7461126e-16
21747,57186,1.4397145e-11
21748,83863,2.9431088e-10
21749,104148,0.03338991
21750,59842,0.007811113
21751,78307,0.03908157
21752,65574,0.0055807563
21753,72040,4.7747603e-06
21754,100260,0.0011012811
21755,44574,0.009634294
21756,39352,0.009634294
21757,36517,0.019700931
21758,29113,0.010153873
21759,49206,0.071296066
21760,92206,2.6637947e-11
21761,26376,0.019770224
21762,101547,7.687322e-05
21763,61275,1.1620412e-09
21764,34479,6.1153036e-12
21765,92386,0.002468914
21766,113872,0.0018993855
21767,6053,0.0007689291
21768,103594,1.961058e-09
21769,54644,7.961936e-16
21770,83623,0.004039453
21771,19416,1.2869478e-05
21772,11310,4.062103e-08
21773,61395,0.00018183581
21774,8910,0.02788617
21775,86893,0.026325935
21776,94969,4.7883214e-10
21777,40863,0.038114738
21778,1553,6.184864e-05
21779,53391,0.0002678651
21780,12482,1.717072e-08
21781,47576,1.8456597e-06
21782,1592,7.6339525e-12
21783,104185,6.510934e-09
21784,45015,0.0029696415
21785,99383,2.645218e-06
21786,96474,0.00025298868
21787,9474,0.010534443
21788,91182,7.26415e-05
21789,91325,0.00083792664
21790,10608,2.656302e-14
21791,74083,0.045318313
21792,81091,2.3685748e-17
21793,10135,5.002851e-07
21794,16537,0.0084202485
21795,16795,2.5790947e-09
21796,55239,0.008113807
21797,103300,0.010312991
21798,91010,0.010307644
21799,101128,1.5656051e-12
21800,61544,3.705407e-12
21801,89577,0.018630885
21802,70368,2.479916e-10
21803,26398,0.0063693137
21804,55017,0.018483168
21805,81225,0.071296066
21806,20894,5.3193652e-08
21807,24491,0.004342316
21808,75019,0.00083792664
21809,94711,0.008768024
21810,61326,2.4353037e-12
21811,9253,0.011604054
21812,31875,0.004342316
21813,4152,6.8516506e-06
21814,79240,1.5176008e-06
21815,48085,0.04948091
21816,54654,2.741574e-10
21817,58699,0.0005590141
21818,76504,0.0017212755
21819,10717,0.0037254924
21820,63994,4.5214303e-09
21821,37486,0.0018976398
21822,61698,3.0082202e-12
21823,5213,0.026492594
21824,79626,0.0038181362
21825,6718,9.816277e-08
21826,2503,0.008827853
21827,33485,1.41678085e-14
21828,56376,9.604305e-10
21829,99679,0.07145986
21830,36748,0.000361441
21831,43003,0.00011293772
21832,30365,0.07454179
21833,108277,0.00012900085
21834,29879,6.198268e-07
21835,71338,0.06113867
21836,103406,0.00027786614
21837,51919,0.019700931
21838,110964,0.00026648067
21839,108674,4.8468673e-06
21840,8908,0.11864347
21841,22501,2.5904942e-08
21842,78865,7.8045436e-05
21843,33157,0.0001759758
21844,95258,0.0055668545
21845,16824,8.601e-11
21846,47753,1.7277878e-09
21847,110812,0.024874961
21848,1575,7.710751e-08
21849,58727,0.06113867
21850,72590,4.4048814e-12
21851,65507,9.132145e-13
21852,11259,3.0980274e-08
21853,115025,0.007818049
21854,41957,0.15957011
21855,20723,3.3153849e-12
21856,28749,0.026527464
21857,27207,0.0002678651
21858,21830,1.2117549e-05
21859,98507,5.2955464e-05
21860,2364,5.971917e-07
21861,4318,0.06854815
21862,15827,2.2489054e-08
21863,40514,7.128455e-06
21864,7476,3.5658466e-06
21865,42722,0.00011293772
21866,113016,0.02077886
21867,25906,0.01175783
21868,22776,4.784337e-06
21869,99283,0.0025516099
21870,83666,0.06063979
21871,101848,0.057741154
21872,111713,1.2487808e-08
21873,94595,0.046001643
21874,78605,0.0013926949
21875,25818,0.0007336302
21876,80159,0.00087116146
21877,89195,0.009642077
21878,100104,0.019803535
21879,10009,8.405549e-09
21880,47861,3.435847e-13
21881,30182,0.015850792
21882,50292,7.661993e-11
21883,68410,0.05755738
21884,6506,1.512111e-06
21885,10956,0.281345
21886,42053,1.603582e-16
21887,103003,0.00083792664
21888,90796,8.6914635e-09
21889,9636,0.000857888
21890,96295,0.02427312
21891,87107,4.3441055e-09
21892,66549,3.9336186e-16
21893,7963,1.7249308e-06
21894,42407,0.002570396
21895,114666,2.6519647e-06
21896,102661,1.4801012e-12
21897,87231,2.1128415e-05
21898,98012,0.06163517
21899,76379,0.02560859
21900,62188,6.716478e-11
21901,85476,0.00095678144
21902,44854,0.00072054064
21903,106186,2.1425786e-12
21904,53845,0.009045582
21905,101332,9.74561e-12
21906,101695,0.0004101637
21907,22035,4.3546652e-13
21908,3178,0.0027028467
21909,57448,0.00083792664
21910,89581,0.06986172
21911,78650,1.9636123e-11
21912,32464,0.010153873
21913,20127,0.013329668
21914,107609,0.02427312
21915,85778,0.0017212755
21916,102854,0.00084738084
21917,83852,2.4776623e-09
21918,6998,0.026492594
21919,82811,2.425865e-12
21920,69753,0.00026360096
21921,659,5.6518337e-07
21922,25024,3.81897e-12
21923,92194,2.4619775e-11
21924,109894,1.167396e-11
21925,63750,0.00022272195
21926,48901,0.00054861547
21927,3387,1.7022382e-08
21928,5987,8.618875e-09
21929,43153,0.0023332017
21930,66904,0.02373173
21931,35980,1.02988364e-11
21932,7945,3.444586e-10
21933,96439,0.06163517
21934,103860,0.0016177086
21935,95124,5.8836903e-08
21936,107588,5.7254674e-12
21937,113428,0.0059398557
21938,26808,0.019770224
21939,67965,0.009642077
21940,83048,0.020443067
21941,112260,1.167396e-11
21942,115676,0.0017241349
21943,15425,0.014371754
21944,6338,1.1930383e-07
21945,115513,0.009529468
21946,26593,0.00018183581
21947,102460,5.418597e-14
21948,82366,4.816796e-06
21949,83918,0.00074824225
21950,14964,0.026102437
21951,54995,0.026527464
21952,65683,3.7954745e-10
21953,12301,0.05466364
21954,73448,9.24614e-07
21955,54273,0.008229265
21956,4059,2.858117e-06
21957,43932,0.026362604
21958,27245,0.026527464
21959,25299,4.8384113e-06
21960,45960,8.869143e-13
21961,16479,0.043483254
21962,28792,9.129764e-05
21963,51875,0.009529468
21964,73112,2.645218e-06
21965,111107,0.010312991
21966,95691,0.045114942
21967,110124,2.645218e-06
21968,63923,5.1427514e-07
21969,54388,0.06113867
21970,4617,0.02605411
21971,113299,9.581461e-12
21972,83213,0.030741232
21973,39339,0.010283782
21974,29984,0.010153873
21975,104112,2.9044992e-08
21976,17658,5.956593e-06
21977,546,0.021702172
21978,93471,0.00027768154
21979,49050,0.06113867
21980,10659,0.008324848
21981,38633,2.2564368e-06
21982,46373,3.8448175e-06
21983,74915,0.0008815368
21984,23200,3.5368637e-12
21985,74591,6.753603e-15
21986,101583,1.2535612e-11
21987,78532,1.0890172e-05
21988,32941,0.0008461725
21989,75275,2.803894e-16
21990,113920,0.0040237564
21991,44313,3.3818502e-13
21992,94732,1.49015295e-05
21993,105500,8.299472e-11
21994,31513,9.843326e-13
21995,2340,0.014639568
21996,96391,0.026102437
21997,111502,0.0017241349
21998,5818,0.02583555
21999,27239,0.34406856
22000,99640,0.019803535
22001,34699,3.435847e-13
22002,104947,5.0037614e-14
22003,60448,0.0017212755
22004,35206,0.0043132193
22005,49657,0.00011293772
22006,2009,0.032398634
22007,30751,0.008768024
22008,27048,0.06113867
22009,93740,0.0017212755
22010,88744,7.667981e-09
22011,47119,0.0033188788
22012,99327,0.0020371869
22013,50615,0.008419062
22014,86102,0.00032744443
22015,106595,9.920685e-12
22016,112928,0.00056216336
22017,109893,4.900994e-06
22018,2674,0.004528324
22019,87151,4.809181e-06
22020,60238,0.008768024
22021,17575,3.3484246e-12
22022,51769,0.019449603
22023,68289,0.016539
22024,54504,6.068398e-05
22025,26618,1.1852237e-11
22026,5711,0.008829418
22027,46779,0.019770224
22028,16270,1.0309914e-16
22029,67911,0.00077895843
22030,91869,0.06163517
22031,103631,0.058114987
22032,69273,0.0017212755
22033,434,0.006612764
22034,67603,0.024363281
22035,83553,0.06810957
22036,44585,3.9409218e-14
22037,31122,0.0018694574
22038,106439,2.645218e-06
22039,11263,0.002908524
22040,85976,1.4448477e-11
22041,74191,0.0025516099
22042,84178,0.00074824225
22043,22740,2.0642312e-12
22044,80672,0.05755738
22045,23336,0.010283782
22046,112625,0.0017241349
22047,46472,5.4686063e-07
22048,26122,3.8187914e-10
22049,29621,7.0454014e-08
22050,59847,0.0043132193
22051,80331,5.8448455e-05
22052,1457,0.00071242865
22053,100196,0.010857365
22054,3914,0.024114532
22055,103708,1.0173615e-05
22056,19636,0.0005402706
22057,87060,0.008768024
22058,51570,0.011265511
22059,63819,0.08805294
22060,33562,3.3010032e-09
22061,83635,0.02063519
22062,50800,0.3111427
22063,26718,0.0067218016
22064,15058,3.0353954e-06
22065,88735,0.0018894899
22066,66598,5.208754e-12
22067,63829,4.809181e-06
22068,30555,0.0017745991
22069,90361,0.0017212755
22070,106175,3.2156255e-08
22071,98852,0.019803535
22072,12976,6.1270302e-06
22073,37731,0.07439151
22074,77598,0.008768024
22075,40264,1.4704603e-06
22076,89219,4.0735234e-08
22077,489,0.01020377
22078,48335,6.1498126e-11
22079,26175,5.933147e-17
22080,45182,2.2022694e-14
22081,26820,0.025521828
22082,10944,0.0005299988
22083,110287,0.00075137656
22084,3054,2.0567602e-05
22085,100689,0.057741154
22086,58127,0.0018833948
22087,38495,2.4811151e-12
22088,45472,0.019770224
22089,17297,0.13234343
22090,13789,0.025521828
22091,107372,9.326501e-07
22092,47877,0.0014630348
22093,50367,8.893236e-08
22094,60756,0.022964222
22095,5480,0.012955694
22096,55498,9.987501e-15
22097,53920,0.019700931
22098,89773,0.06891348
22099,19860,3.314797e-08
22100,10776,0.008324848
22101,111685,0.009529468
22102,53133,2.7533256e-08
22103,83774,0.001025634
22104,47329,0.0014895308
22105,25661,0.026102437
22106,86884,2.9849634e-06
22107,18620,0.02646379
22108,73337,1.8176757e-12
22109,9964,0.019756326
22110,35151,0.018864961
22111,32071,3.435847e-13
22112,76938,0.0029824998
22113,53587,0.0054904954
22114,39075,1.8050834e-07
22115,56968,0.00077895843
22116,57697,0.0079764025
22117,13396,1.2121097e-05
22118,20080,0.00088267185
22119,107690,0.0016177086
22120,43707,0.016124768
22121,60763,0.008768024
22122,93264,0.0002749683
22123,90448,3.5579112e-06
22124,112967,0.025592098
22125,101064,0.02911759
22126,14426,1.0727831e-13
22127,114434,0.053542927
22128,23412,0.008768024
22129,65898,4.8117e-06
22130,63307,4.0022324e-15
22131,78759,3.8052e-15
22132,87271,4.7613034e-05
22133,111462,1.0173615e-05
22134,76498,5.497874e-14
22135,36036,0.0023332017
22136,105962,0.058114987
22137,44984,0.0010332213
22138,108364,1.8270422e-13
22139,32786,5.947145e-05
22140,83478,1.6661124e-05
22141,30059,1.5826564e-11
22142,115918,5.4049778e-08
22143,97291,0.0004101637
22144,102578,0.025739817
22145,6146,5.8103755e-08
22146,85683,1.8270422e-13
22147,10833,2.9201507e-07
22148,27138,0.0006512152
22149,63885,3.14433e-12
22150,67760,1.7974168e-07
22151,46061,0.0019877136
22152,86673,7.26415e-05
22153,41240,0.06113867
22154,64928,0.03569818
22155,95584,0.057741154
22156,55073,2.0454586e-11
22157,11624,1.01614695e-07
22158,16888,4.563217e-12
22159,39845,0.025802692
22160,37284,0.00026086552
22161,82400,0.00074824225
22162,33488,0.08153384
22163,939,2.733366e-10
22164,31382,2.550822e-13
22165,77135,2.2858897e-08
22166,76157,0.0022232037
22167,15067,0.071296066
22168,72867,0.007811113
22169,99953,0.00013714732
22170,29805,3.0164637e-09
22171,82223,0.019700931
22172,22655,0.009634294
22173,114101,2.2050328e-12
22174,94476,0.03450839
22175,38869,0.025512926
22176,15711,0.0017601119
22177,65636,4.8117e-06
22178,31841,0.0006512152
22179,76703,0.0031311368
22180,97829,0.0004101637
22181,62725,1.5588436e-09
22182,54367,9.971997e-13
22183,64252,4.7131865e-10
22184,71853,5.8937914e-14
22185,19461,1.4528706e-18
22186,11619,0.014589624
22187,90410,1.3937222e-11
22188,25714,0.0006495583
22189,100072,5.94689e-13
22190,65693,6.753603e-15
22191,55529,1.949702e-12
22192,26901,4.3329083e-13
22193,4422,0.06854815
22194,865,0.06113867
22195,55236,3.1111437e-12
22196,65086,0.0055305418
22197,25472,3.906941e-15
22198,37957,0.0023332017
22199,7613,0.026492594
22200,56122,2.9956235e-12
22201,17925,3.987073e-07
22202,100425,0.010312991
22203,87507,3.8507923e-07
22204,79753,0.00012833794
22205,14004,5.0954113e-10
22206,64738,4.809181e-06
22207,101553,3.4608472e-06
22208,22360,0.071296066
22209,108362,0.0017241349
22210,110862,1.02988364e-11
22211,104142,0.0002678651
22212,96451,0.05755738
22213,86014,0.056830663
22214,112507,0.023114547
22215,84160,5.771182e-10
22216,32182,6.92677e-09
22217,95537,2.3895443e-06
22218,7266,7.2111206e-06
22219,3619,0.011434153
22220,47630,5.5236793e-10
22221,14654,0.01020377
22222,17554,3.4795033e-14
22223,110822,0.004348352
22224,114857,5.3124906e-05
22225,51762,5.418597e-14
22226,73562,1.3751747e-11
22227,67796,0.011792748
22228,39803,0.00011293772
22229,110115,4.6794565e-12
22230,25115,0.010283782
22231,1922,5.3536314e-07
22232,84994,0.01474979
22233,98183,2.8646486e-05
22234,41044,0.0065565486
22235,34775,0.18826114
22236,111845,0.02375226
22237,65489,5.4498197e-09
22238,81963,4.7581343e-09
22239,48567,6.539809e-13
22240,77792,7.716818e-05
22241,41215,2.4192386e-12
22242,111210,2.2050328e-12
22243,24778,0.010283782
22244,45022,0.010825283
22245,60398,0.027843164
22246,53482,0.06113867
22247,21923,1.8167226e-12
22248,77196,0.00014028802
22249,108256,4.8468673e-06
22250,45969,9.894503e-10
22251,109276,0.058268446
22252,36436,0.0043132193
22253,77366,3.928056e-08
22254,71822,0.010307644
22255,105724,0.010312991
22256,69709,0.008998673
22257,18630,2.6293772e-05
22258,28001,0.019840907
22259,32184,4.8255795e-11
22260,8036,4.8870066e-07
22261,44596,0.026050666
22262,40378,2.5168019e-11
22263,101001,4.397478e-08
22264,17757,0.014904523
22265,65360,3.6929414e-11
22266,41290,0.0002678651
22267,105480,4.1375893e-07
22268,7241,0.01143928
22269,49184,2.1811037e-11
22270,24520,0.0053354534
22271,31660,0.019840907
22272,97557,6.095612e-12
22273,61364,0.0014660647
22274,40049,1.7019745e-09
22275,97473,0.057741154
22276,98703,4.809181e-06
22277,75956,0.0026911255
22278,102025,0.006300868
22279,12563,4.2864318e-07
22280,63084,0.0018263524
22281,33211,0.0715194
22282,20442,2.3482193e-14
22283,62502,0.004342316
22284,52714,0.0048655975
22285,96262,6.2272704e-10
22286,28130,6.351407e-08
22287,50295,0.009529468
22288,93099,0.005926817
22289,29329,3.4396155e-14
22290,48280,1.8662642e-13
22291,82664,0.0026778
22292,82974,0.00084738084
22293,10114,0.002908524
22294,1859,4.4772682e-06
22295,8392,0.0014439649
22296,58963,0.04496502
22297,29455,1.2882707e-09
22298,9,0.008419771
22299,102001,1.1999689e-17
22300,21216,0.00031117484
22301,23847,0.010283782
22302,103749,1.140018e-06
22303,115928,3.4671654e-08
22304,44217,0.010283782
22305,86374,0.026332634
22306,35841,1.8924667e-06
22307,54901,0.0043132193
22308,52797,4.5734257e-07
22309,43871,0.025802692
22310,74015,0.00083792664
22311,39977,0.00011293772
22312,86824,1.5503189e-09
22313,54803,0.008229265
22314,97548,0.0017212755
22315,20041,2.9945751e-10
22316,113434,4.934918e-06
22317,100481,6.149435e-08
22318,24918,0.010283782
22319,111118,0.018906051
22320,32594,0.0018694574
22321,84583,0.0046970705
22322,96035,0.010312991
22323,114175,0.0055807563
22324,52971,0.0008474531
22325,89263,0.019803535
22326,97260,0.0002584466
22327,33849,7.624376e-05
22328,92109,4.9861985e-12
22329,95038,0.019803535
22330,28230,1.28619675e-08
22331,78887,0.007811113
22332,12832,6.822307e-20
22333,549,6.633346e-07
22334,82891,0.019700931
22335,19518,4.5231533e-07
22336,6140,4.9865e-05
22337,10982,0.002908524
22338,65306,0.00088056264
22339,109368,2.0828541e-09
22340,52970,0.009452026
22341,70689,0.004193043
22342,39800,0.009634294
22343,63484,5.89538e-13
22344,43619,0.011792748
22345,61670,0.00083792664
22346,86650,0.010307644
22347,105620,5.5995057e-09
22348,41040,3.8959103e-09
22349,115394,1.0866189e-07
22350,96964,0.004348352
22351,78849,0.018815516
22352,66006,4.956397e-12
22353,7965,0.011855723
22354,96100,0.018669777
22355,113747,4.492767e-07
22356,9596,3.5874548e-06
22357,45380,6.8888637e-09
22358,24859,0.00016960665
22359,36319,0.03994918
22360,57129,0.019700931
22361,86346,0.01913468
22362,56298,0.00031117484
22363,29333,0.019840907
22364,81312,0.008768024
22365,46863,9.256244e-18
22366,77991,0.0030171287
22367,18544,3.705407e-12
22368,109918,0.009642077
22369,89701,0.025739817
22370,40916,0.004342316
22371,31697,1.9778034e-13
22372,24214,0.026102437
22373,46756,1.2597585e-09
22374,28002,0.010153873
22375,74271,2.645218e-06
22376,90442,0.05755738
22377,102485,0.0003842368
22378,108650,0.024880426
22379,30582,0.019840907
22380,62927,0.011792748
22381,39409,0.010283782
22382,45865,5.1039817e-05
22383,24502,3.6366327e-10
22384,31657,0.00012563582
22385,98403,5.3979365e-05
22386,94236,2.563621e-09
22387,82934,4.7747603e-06
22388,96424,0.0073724524
22389,109508,1.8563636e-12
22390,3948,0.0009636919
22391,62132,6.477683e-07
22392,115160,0.019840907
22393,80669,0.013252103
22394,46685,4.6563622e-07
22395,23211,0.027750155
22396,115181,2.8175066e-06
22397,112109,0.0017241349
22398,77895,0.00074824225
22399,37814,2.2947908e-17
22400,90150,4.4259867e-08
22401,63371,0.045318313
22402,42677,2.2897928e-10
22403,104231,3.7455473e-12
22404,26860,9.798065e-07
22405,35814,0.027164537
22406,1390,6.709458e-12
22407,55329,1.10801665e-07
22408,80213,1.9051984e-12
22409,105534,0.00040628854
22410,24192,0.026362604
22411,86878,0.026102437
22412,65602,4.8117e-06
22413,8221,9.1078465e-07
22414,44955,0.009263246
22415,53943,0.0048655975
22416,24345,0.0038181362
22417,111981,6.4247666e-16
22418,86151,0.0059027667
22419,104255,1.7424329e-08
22420,28661,0.0067218016
22421,16591,1.6578814e-12
22422,49911,0.009529468
22423,48271,4.4774236e-12
22424,102537,0.05755738
22425,104211,0.009642077
22426,2353,3.739238e-07
22427,76226,1.5328839e-06
22428,9190,0.019449603
22429,18871,0.0084202485
22430,87306,2.2040545e-11
22431,9127,9.816277e-08
22432,53159,0.071296066
22433,83576,0.00075137656
22434,51439,0.010153873
22435,2848,5.4374305e-10
22436,5819,0.00017802058
22437,80411,0.0055807563
22438,24325,5.986238e-11
22439,51029,0.026102437
22440,110369,0.0674713
22441,104734,0.019840907
22442,51058,0.026527464
22443,34165,5.4313703e-05
22444,24779,0.010283782
22445,22573,0.018864961
22446,3160,0.026527464
22447,84890,0.010307644
22448,108787,0.00012833794
22449,76763,0.008768024
22450,59587,0.0016693916
22451,100534,6.02603e-05
22452,87351,0.06113867
22453,9022,7.465921e-07
22454,23822,0.032733623
22455,90466,0.0017212755
22456,113824,1.7529372e-07
22457,65041,2.085245e-11
22458,40350,0.00035678572
22459,25797,0.0017613388
22460,98405,0.057741154
22461,69560,6.7027577e-06
22462,4869,4.062103e-08
22463,102319,4.809181e-06
22464,93609,7.9703634e-05
22465,6910,1.6956536e-08
22466,49483,0.007875756
22467,16309,9.158594e-12
22468,50685,0.026102437
22469,9145,0.0017868511
22470,49243,0.0058992202
22471,16526,2.0748565e-09
22472,13211,2.705939e-15
22473,44654,0.00019569728
22474,101398,0.009691821
22475,101804,0.030740164
22476,105678,2.5387143e-07
22477,54349,0.00082103297
22478,102018,0.0017280811
22479,26824,1.562197e-14
22480,53492,3.1111437e-12
22481,105098,0.0017241349
22482,108222,6.971749e-05
22483,58522,5.266186e-05
22484,91148,0.010307644
22485,46150,5.933147e-17
22486,17034,0.02646379
22487,98070,0.010312991
22488,43765,4.1070998e-05
22489,60362,0.0054971282
22490,97573,4.887409e-05
22491,90463,0.009642077
22492,24088,0.023909636
22493,29948,0.032769844
22494,63082,0.004342316
22495,96229,2.5416969e-06
22496,21291,1.564752e-06
22497,18816,0.013689787
22498,30712,2.7734824e-05
22499,61556,9.150575e-13
22500,89820,8.1930266e-05
22501,32109,7.7918855e-07
22502,70335,3.372079e-13
22503,9122,1.1686671e-07
22504,16487,2.6380682e-15
22505,95684,0.010312991
22506,3106,1.4004126e-08
22507,64913,0.049130276
22508,42996,6.019293e-05
22509,16649,1.2162818e-08
22510,21652,3.637255e-11
22511,30990,6.1246933e-06
22512,108549,0.00012900085
22513,18211,1.9878798e-06
22514,32809,6.2068255e-05
22515,26231,5.7247905e-07
22516,33429,0.006035061
22517,17560,0.011792748
22518,18819,0.0007251349
22519,115534,1.5471134e-07
22520,115849,1.0867038e-11
22521,25252,0.005329492
22522,35528,4.7747603e-06
22523,105780,0.006564993
22524,108915,3.1037084e-10
22525,38007,0.06113867
22526,23399,0.019700931
22527,55174,0.010153873
22528,57404,0.0025516099
22529,64230,2.306636e-12
22530,67908,0.0008815368
22531,94939,0.00461517
22532,101937,1.7557808e-08
22533,18476,1.589128e-09
22534,48598,0.056103524
22535,113620,1.4945327e-07
22536,92657,0.0047352766
22537,102820,1.5571924e-05
22538,57119,0.025802692
22539,13144,0.0067648054
22540,107590,3.4671654e-08
22541,12810,5.9397237e-10
22542,57597,3.5511338e-08
22543,67835,1.8270422e-13
22544,11991,3.947844e-10
22545,88775,0.05755738
22546,76858,0.0014630348
22547,62648,4.517517e-09
22548,18532,3.0353954e-06
22549,36298,7.708019e-11
22550,2021,2.127268e-06
22551,96518,2.432738e-06
22552,107032,0.023700545
22553,103002,0.05755738
22554,38220,0.06657667
22555,19195,3.9338272e-05
22556,76153,1.2795942e-07
22557,24280,0.0008296046
22558,77898,0.0082014
22559,11076,2.024955e-07
22560,103519,1.3054506e-11
22561,24247,5.778611e-07
22562,47224,0.010283782
22563,42932,3.482349e-08
22564,73437,1.2752543e-10
22565,114707,2.5003426e-11
22566,37122,0.009634294
22567,89967,0.11431235
22568,66538,3.031906e-12
22569,26196,1.07540536e-13
22570,63109,0.06895566
22571,41042,0.00056931423
22572,14874,0.25357997
22573,15740,0.01020377
22574,35906,0.010153873
22575,60818,4.546095e-08
22576,41026,0.009634294
22577,28713,3.7761207e-15
22578,114896,3.0104237e-12
22579,64155,4.809181e-06
22580,70194,0.011792748
22581,103613,0.045838933
22582,75703,0.0008847968
22583,43415,2.718012e-07
22584,28734,0.00060344645
22585,69121,0.008420105
22586,58572,0.06113867
22587,15581,2.6323933e-08
22588,23334,0.0003207267
22589,98291,0.043769367
22590,93403,0.0010014289
22591,26180,0.0007336302
22592,89102,1.9626266e-06
22593,49159,0.010839631
22594,52758,0.010153873
22595,45346,0.004342316
22596,99718,7.39317e-08
22597,7038,9.967512e-06
22598,102564,9.73925e-13
22599,26975,0.010153873
22600,77737,4.6371754e-11
22601,53191,0.0043132193
22602,43219,0.0065868073
22603,93190,0.00018332565
22604,91938,0.010307644
22605,66232,0.0022262079
22606,84907,7.279421e-06
22607,51135,7.26415e-05
22608,98803,5.001697e-07
22609,38410,0.0067218016
22610,62396,3.9046914e-15
22611,24864,0.008768024
22612,85190,1.4836614e-10
22613,84527,1.0708727e-11
22614,2874,0.0032373385
22615,110561,0.0029602337
22616,48057,0.020443067
22617,107180,6.668887e-08
22618,79090,4.3596842e-17
22619,85741,3.5900204e-08
22620,104273,0.0055802907
22621,32820,5.5585394e-16
22622,43268,3.022611e-15
22623,37233,4.7335925e-06
22624,32905,0.026112074
22625,100662,0.011851389
22626,52474,0.0055668545
22627,48398,1.05414735e-08
22628,73436,0.023656216
22629,103199,2.4759556e-10
22630,41252,3.482349e-08
22631,99638,0.0040158867
22632,97198,2.3643481e-11
22633,16478,6.6062134e-10
22634,82471,0.0001795266
22635,109083,0.00014129948
22636,76522,3.5758688e-11
22637,55631,0.024448922
22638,13910,5.2566705e-08
22639,44420,2.4459033e-12
22640,66754,1.3751747e-11
22641,55510,2.4429719e-11
22642,5862,0.008324848
22643,86222,1.7858982e-08
22644,24133,0.004342316
22645,101707,0.009047017
22646,64937,9.3687e-13
22647,73037,6.381314e-16
22648,94891,2.5996512e-08
22649,50745,0.00071242865
22650,50906,0.0007336302
22651,42982,0.0018504867
22652,39875,0.026362604
22653,100621,0.057741154
22654,87930,0.003826997
22655,61876,0.00074824225
22656,33915,2.9112442e-15
22657,111052,0.0048655975
22658,50062,5.5037626e-13
22659,64782,1.8423835e-17
22660,115946,6.492319e-06
22661,79232,0.008327356
22662,19676,4.8402383e-14
22663,70135,1.852428e-11
22664,88453,5.7254015e-12
22665,91915,0.010307644
22666,26461,5.621182e-05
22667,74869,2.645218e-06
22668,77980,0.014665011
22669,5619,1.7249308e-06
22670,26301,2.1564305e-05
22671,91258,1.2461639e-15
22672,88702,0.010765045
22673,25568,6.6168633e-12
22674,34284,0.071296066
22675,45279,1.5647685e-06
22676,74040,0.010307644
22677,82864,2.4122937e-05
22678,100975,0.011851389
22679,53296,0.08795444
22680,45851,3.73895e-05
22681,45247,0.00235801
22682,30514,0.010153873
22683,34300,0.016493056
22684,19388,3.906941e-15
22685,108667,0.008488321
22686,98216,1.2441459e-10
22687,42083,6.007375e-11
22688,44276,0.00013743206
22689,106913,0.010312991
22690,91969,0.0010014289
22691,33290,0.00044356988
22692,74170,0.00026360096
22693,48580,0.010153873
22694,48790,0.032313734
22695,97896,0.026325935
22696,57177,0.006589307
22697,108682,0.0017241349
22698,93204,0.008422665
22699,71135,2.645218e-06
22700,100752,0.010312991
22701,108377,0.0016177086
22702,53549,7.667981e-09
22703,39786,1.41678085e-14
22704,92157,0.00083792664
22705,33349,5.4227537e-14
22706,17851,1.341082e-10
22707,5235,0.0017668338
22708,46738,0.010283782
22709,17252,0.37341926
22710,90344,0.056830663
22711,104569,0.024874961
22712,52310,1.4368355e-07
22713,15656,0.00071242865
22714,114449,1.6510357e-05
22715,13763,0.036136795
22716,43305,0.06810957
22717,113726,1.0173615e-05
22718,65494,9.3687e-13
22719,88933,0.0055305418
22720,90216,1.8270422e-13
22721,23196,6.074175e-16
22722,103527,3.5909532e-11
22723,110717,0.0040237564
22724,47907,0.007052116
22725,79116,0.010153873
22726,2760,0.15760407
22727,95751,4.1496856e-05
22728,76234,0.026112074
22729,78572,0.0001694508
22730,22419,3.1310268e-08
22731,51286,0.005243028
22732,57222,1.8818372e-10
22733,59613,0.010153873
22734,12788,1.4108694e-18
22735,101501,1.3767897e-05
22736,78289,7.1727956e-14
22737,8070,0.0029713067
22738,77101,1.2246725e-06
22739,52562,0.016493056
22740,107134,0.00011849282
22741,100603,0.016539
22742,49624,0.00011293772
22743,69446,0.006689783
22744,101939,0.004348352
22745,58053,1.9636123e-11
22746,51025,0.019700931
22747,106710,0.0001388286
22748,68957,1.7995198e-09
22749,76612,2.645218e-06
22750,87843,0.001025634
22751,112647,0.024876568
22752,108792,0.008192438
22753,97921,0.0017212755
22754,23551,1.8662642e-13
22755,46677,0.13335243
22756,66128,5.0611857e-07
22757,91029,1.9121855e-11
22758,72929,3.0780055e-07
22759,110950,0.058114987
22760,8446,1.8953872e-06
22761,62970,0.009622694
22762,8783,4.062103e-08
22763,68420,0.010307644
22764,22543,7.009479e-12
22765,57204,0.019700931
22766,100056,3.4671654e-08
22767,51288,1.2601826e-07
22768,57735,0.043363515
22769,54960,0.006042898
22770,107361,4.5625302e-07
22771,48015,1.4966403e-08
22772,49838,0.009529468
22773,103549,0.057398185
22774,69298,2.1924478e-08
22775,115220,0.010153873
22776,85455,8.265338e-10
22777,53235,0.0026823897
22778,90724,0.010307644
22779,81525,0.014665011
22780,61855,0.013987386
22781,8415,0.00022086732
22782,55250,6.688654e-05
22783,41642,0.018483168
22784,24727,2.4353037e-12
22785,11976,2.3363818e-09
22786,96281,0.019803535
22787,108492,0.0008847968
22788,65648,7.959041e-11
22789,32754,0.008419062
22790,61945,0.0023332017
22791,75310,0.011057796
22792,97522,1.0172024e-05
22793,95563,0.024880426
22794,78394,0.019700931
22795,23631,5.933147e-17
22796,59835,0.00071242865
22797,84878,0.019449603
22798,21350,1.9192131e-10
22799,59383,0.024520973
22800,57653,5.208754e-12
22801,90250,1.7812087e-10
22802,45064,2.7301644e-08
22803,107683,8.9900126e-10
22804,67749,9.495331e-13
22805,24430,3.3818502e-13
22806,78372,3.0082202e-12
22807,50396,2.577271e-12
22808,74383,1.49015295e-05
22809,77272,0.004348352
22810,113398,1.6442128e-10
22811,824,1.0440277e-17
22812,109501,8.70444e-08
22813,102342,0.057398185
22814,7386,1.6956536e-08
22815,12822,8.221442e-17
22816,12679,1.7453414e-10
22817,8170,0.0027039677
22818,31275,0.004342316
22819,36093,2.657961e-09
22820,47652,0.00013743206
22821,16953,0.032591436
22822,47466,2.845181e-13
22823,94199,0.025739817
22824,41616,0.0084224185
22825,33859,0.00056931423
22826,88844,0.05755738
22827,28508,0.019770224
22828,107461,0.008768024
22829,68619,3.031906e-12
22830,53663,1.5826564e-11
22831,55025,2.1477406e-10
22832,68670,8.292538e-08
22833,45859,0.004342316
22834,51620,0.026527464
22835,14642,0.007811113
22836,108669,5.204461e-13
22837,41082,3.747489e-13
22838,6095,8.842525e-07
22839,79900,3.9560792e-08
22840,4079,0.008324848
22841,64712,1.7835583e-06
22842,65751,0.006246458
22843,113195,0.00077011634
22844,46574,1.0155788e-05
22845,36180,2.7929246e-09
22846,24595,2.6281239e-08
22847,38712,1.41678085e-14
22848,82677,7.725245e-17
22849,84510,0.06382485
22850,20928,4.131331e-12
22851,34652,0.0054904954
22852,36687,3.7784685e-05
22853,20959,0.0009825915
22854,8756,9.05987e-06
22855,29652,5.9028973e-09
22856,110687,3.369893e-13
22857,40092,0.02720171
22858,14381,2.4889465e-07
22859,101894,0.02445036
22860,4432,0.027684622
22861,89587,0.043363515
22862,11800,8.409773e-15
22863,13600,9.200952e-15
22864,36867,0.026362604
22865,94281,1.6078111e-06
22866,55712,1.3991715e-15
22867,99505,0.0013400147
22868,91411,0.012114999
22869,109343,0.058268446
22870,53665,0.0017212755
22871,73154,0.045318313
22872,93420,0.2829203
22873,47816,0.0059027667
22874,81176,2.8647204e-12
22875,110548,1.167396e-11
22876,26357,1.2510138e-07
22877,79295,7.319409e-12
22878,76971,2.6054947e-15
22879,57014,0.00055523193
22880,74920,0.00083792664
22881,94205,0.0029397642
22882,48386,3.6608912e-15
22883,76621,1.0164954e-05
22884,94734,0.03203254
22885,105220,0.008422665
22886,100352,3.6522413e-12
22887,66665,1.2441459e-10
22888,65473,2.6169889e-12
22889,12254,0.25357997
22890,94537,3.1095417e-12
22891,31549,2.131178e-13
22892,85376,1.2053991e-09
22893,103520,0.06063979
22894,16277,0.009566048
22895,93161,7.9525824e-05
22896,54263,4.3473527e-05
22897,45306,2.0933266e-11
22898,91957,6.522673e-11
22899,7314,8.434222e-06
22900,38525,3.177283e-12
22901,21407,5.646397e-16
22902,95407,1.1331626e-09
22903,43594,0.0014630348
22904,68051,4.7747603e-06
22905,22564,0.009634294
22906,100179,5.1024456e-09
22907,105881,4.557311e-05
22908,23518,0.0002519298
22909,89210,0.011792748
22910,1718,0.010788714
22911,86528,5.019103e-14
22912,71259,0.0017212755
22913,74428,0.0026911255
22914,40777,8.547453e-12
22915,96334,0.01083776
22916,110645,2.645218e-06
22917,49193,0.0044006878
22918,98714,4.557311e-05
22919,76455,0.0076118424
22920,17624,1.34888515e-11
22921,8247,4.062103e-08
22922,29100,1.1852237e-11
22923,16942,1.6564849e-07
22924,76248,2.982693e-08
22925,12234,0.009551308
22926,6594,0.0021369674
22927,49377,0.0018738447
22928,97650,3.4671654e-08
22929,37782,0.032398634
22930,54044,0.0007002288
22931,90809,8.7019953e-13
22932,49182,0.008113807
22933,47173,0.00088267185
22934,7318,0.022496888
22935,56241,0.0037036426
22936,56250,0.009529468
22937,2183,9.935035e-09
22938,54582,0.0043132193
22939,112978,0.058114987
22940,35142,0.0023332017
22941,59749,7.16872e-10
22942,4465,0.69815373
22943,60068,0.11259115
22944,110488,0.00071074354
22945,44974,6.6168633e-12
22946,60613,6.128437e-05
22947,74968,1.6034878e-08
22948,94370,1.8638499e-08
22949,65583,4.8117e-06
22950,40541,0.0462777
22951,57181,0.019700931
22952,100996,0.057398185
22953,14346,0.032511815
22954,108688,7.31025e-10
22955,74192,1.9364767e-10
22956,10115,2.3199113e-05
22957,97274,3.8933725e-15
22958,81506,1.3751747e-11
22959,43334,0.06113867
22960,112037,4.8663064e-06
22961,67032,1.7474534e-10
22962,80543,0.026332634
22963,101101,2.645218e-06
22964,111802,0.02375226
22965,98828,0.026325935
22966,104020,8.3722986e-13
22967,34848,1.4879501e-16
22968,67041,0.0059027667
22969,26995,7.3391837e-10
22970,95052,3.0237401e-12
22971,51498,0.020443067
22972,7777,7.821093e-06
22973,12712,0.019700931
22974,78368,2.6485064e-10
22975,30851,0.0017601119
22976,47382,3.3818502e-13
22977,55651,0.00018183581
22978,95712,0.013347561
22979,8843,2.114824e-06
22980,47290,3.3409417e-08
22981,46513,0.009634294
22982,15224,1.9015578e-15
22983,1728,5.531166e-17
22984,54737,0.010153873
22985,28782,0.0017745991
22986,46230,0.010283782
22987,32555,0.004342316
22988,100320,1.8549842e-07
22989,29675,1.2634722e-08
22990,76873,5.8103583e-10
22991,89488,0.019469446
22992,41804,1.5400367e-12
22993,99942,7.522582e-05
22994,77238,0.011792748
22995,42977,9.753233e-16
22996,78948,0.65734434
22997,1562,0.06657575
22998,43948,1.4940612e-06
22999,105680,0.00083792664
23000,114780,2.496459e-05
23001,41433,0.01140096
23002,54212,0.010153873
23003,72300,0.0061797686
23004,3769,0.20352148
23005,5418,0.027684622
23006,36062,8.381735e-11
23007,28021,2.7301644e-08
23008,68238,0.00048099618
23009,113124,0.025739817
23010,63410,2.8284675e-09
23011,16282,0.011792748
23012,113276,4.3674045e-06
23013,97900,3.369893e-13
23014,109867,0.008310378
23015,35565,0.026527464
23016,84909,4.830951e-10
23017,97854,0.011219062
23018,42382,1.7348553e-08
23019,61115,0.03350034
23020,45173,0.019770224
23021,48199,0.06113867
23022,88611,4.809181e-06
23023,110555,0.019490741
23024,103747,0.058114987
23025,89124,3.372079e-13
23026,88939,6.7115136e-10
23027,42309,6.548904e-14
23028,74411,0.00013743206
23029,30351,2.253001e-12
23030,33641,0.029886292
23031,36708,4.045711e-07
23032,40246,0.0065565486
23033,42902,0.004450688
23034,110646,6.565207e-07
23035,77490,4.7747603e-06
23036,54376,3.7066458e-11
23037,6726,5.0145514e-09
23038,74059,1.2752543e-10
23039,15538,0.02146122
23040,66483,1.0170501e-05
23041,21438,0.009566048
23042,78205,0.0018738447
23043,112083,0.026221158
23044,91076,0.07145986
23045,19089,4.8402383e-14
23046,65232,3.6522413e-12
23047,78589,4.8384113e-06
23048,15710,1.8477688e-16
23049,16053,6.050119e-14
23050,34089,3.669709e-10
23051,76245,0.00074824225
23052,84669,3.1095417e-12
23053,14116,1.3512601e-10
23054,34495,0.0007532943
23055,77805,0.0017212755
23056,8893,3.0797603e-06
23057,622,9.4799515e-07
23058,14471,0.06113867
23059,61014,0.00093662593
23060,106476,2.8287423e-13
23061,495,4.9252272e-14
23062,76358,0.06113867
23063,844,0.0065166065
23064,57811,0.010153873
23065,114734,0.00077011634
23066,92988,0.0017212755
23067,60332,8.9251145e-08
23068,33346,5.9817893e-07
23069,81527,0.0017212755
23070,59021,0.001025634
23071,5047,0.07863222
23072,14740,1.5353354e-08
23073,5428,0.0073100165
23074,89749,0.0017212755
23075,53169,3.905445e-18
23076,94879,1.16617835e-08
23077,115510,0.0033119584
23078,54837,2.057011e-06
23079,10257,8.058904e-05
23080,8629,3.4638026e-06
23081,74134,0.056830663
23082,112947,0.012294085
23083,21683,8.7228086e-11
23084,71250,0.025521828
23085,38256,3.3051565e-12
23086,3318,5.726565e-07
23087,36283,0.0062602866
23088,79463,2.539896e-07
23089,83724,0.019700931
23090,61997,0.004342316
23091,1844,4.3303802e-13
23092,104165,0.008768024
23093,60986,0.05755738
23094,70739,0.026102437
23095,63548,0.0018833948
23096,78238,0.00025809745
23097,106787,2.8287423e-13
23098,97631,0.0073724524
23099,7551,1.7588545e-05
23100,10889,0.008829418
23101,93547,0.010312991
23102,110310,0.033240877
23103,2497,0.005959611
23104,61829,2.2050328e-12
23105,76334,0.0010996573
23106,61918,8.440721e-08
23107,31094,0.025802692
23108,105478,0.016181793
23109,15589,0.010951083
23110,108655,0.0001076992
23111,39260,0.06382485
23112,34811,3.4560844e-06
23113,52876,0.0011172907
23114,40614,1.6567076e-17
23115,31313,1.9152549e-06
23116,76369,1.0800907e-12
23117,80445,9.236348e-06
23118,40250,4.169995e-09
23119,45269,0.0022092117
23120,110922,0.00012374489
23121,12992,0.043483254
23122,102362,0.057741154
23123,26373,0.010825283
23124,10699,0.0017705677
23125,14071,8.7487486e-08
23126,111771,0.026102437
23127,87923,0.00075788354
23128,10067,0.024114532
23129,27301,0.053201094
23130,66024,7.423882e-07
23131,67390,0.00056931423
23132,58168,0.024876568
23133,39871,2.1506123e-08
23134,7223,0.061024647
23135,112946,0.043921944
23136,68872,0.0014092427
23137,105350,0.010312991
23138,54316,9.604305e-10
23139,88122,0.019803535
23140,46689,0.0060521155
23141,9886,1.758549e-08
23142,108645,0.04119118
23143,51024,0.019700931
23144,37007,1.4865795e-09
23145,2534,5.726565e-07
23146,113561,0.024880426
23147,102670,0.003927195
23148,46389,5.5585394e-16
23149,43930,2.0606672e-08
23150,53736,3.7784685e-05
23151,11655,4.6687774e-06
23152,51335,0.011792748
23153,52662,2.645218e-06
23154,9585,4.85295e-07
23155,27182,2.6637947e-11
23156,34078,0.010153873
23157,5169,9.380655e-07
23158,56602,1.7281733e-05
23159,77149,0.0026918906
23160,83696,1.9185167e-11
23161,67319,0.030741232
23162,62750,0.024876568
23163,10563,0.0017705677
23164,53694,0.014597119
23165,29562,5.304887e-08
23166,73909,0.066736355
23167,84474,1.3503124e-09
23168,75341,0.0001825176
23169,83296,0.008203786
23170,45682,0.019770224
23171,45622,8.410536e-06
23172,5140,1.942179e-06
23173,61831,0.009622694
23174,13985,0.0110621145
23175,109750,0.00012833794
23176,68378,0.16141807
23177,63734,0.0029602337
23178,92552,0.0028763616
23179,78773,0.018572686
23180,97330,1.5423104e-10
23181,40664,0.018994428
23182,30458,0.00036364954
23183,81907,0.01864118
23184,39218,0.010283782
23185,55866,0.00021737709
23186,6384,0.037359405
23187,22664,4.25567e-14
23188,55567,0.011792748
23189,16773,1.2004465e-11
23190,92264,3.3315224e-09
23191,50992,0.011792748
23192,104741,2.4721344e-13
23193,63474,0.0022081481
23194,80438,3.0237401e-12
23195,29485,0.04525399
23196,59838,2.5187359e-12
23197,110584,0.03338991
