index,ID,fraud_flag
0,64707,9.483398e-14
1,63919,7.036578e-12
2,15664,0.0055650617
3,6626,0.011170823
4,26766,0.0009993503
5,2055,0.0085501205
6,80703,6.1634026e-05
7,45482,0.1702915
8,91264,4.5120218e-05
9,1049,4.9308668e-14
10,67644,0.01599817
11,17283,4.4022905e-10
12,111047,0.011458291
13,6283,0.009896677
14,10932,8.2944575e-07
15,6866,0.04074808
16,32797,0.010531615
17,87632,0.017034432
18,20830,4.421341e-14
19,70988,0.004334145
20,2589,0.0048265187
21,76471,0.017034432
22,57026,0.017440932
23,34068,0.0055402275
24,110099,2.2350335e-08
25,44409,4.3553675e-11
26,98424,0.050779287
27,100327,0.0022009842
28,85449,0.054537673
29,105123,0.0009854129
30,115595,1.0811692e-07
31,34762,0.008452738
32,30440,0.009084299
33,395,2.3141152e-05
34,34667,0.31014928
35,87615,0.009181562
36,43712,9.48402e-09
37,17074,8.1888706e-05
38,68564,0.024432875
39,91813,0.042838734
40,62080,0.0007983909
41,12050,3.052233e-11
42,63426,1.2452172e-05
43,93726,0.0035335503
44,21287,0.1639844
45,25800,0.010593114
46,33442,0.04379449
47,46493,2.1267954e-06
48,105529,0.005616725
49,25747,4.045817e-06
50,105901,0.0022377092
51,53369,0.003682228
52,80105,1.2365923e-07
53,93931,0.009184932
54,106790,0.41626588
55,17416,5.2362545e-09
56,105290,2.1937335e-06
57,58133,7.685248e-05
58,81540,0.005869099
59,23236,0.007071
60,62711,2.3158973e-09
61,20999,0.032486703
62,103783,2.5467364e-11
63,17545,0.024432875
64,91278,0.005616725
65,16821,0.14529857
66,47115,0.010593114
67,101433,0.010603905
68,64042,1.2452172e-05
69,2158,5.914654e-06
70,44272,0.017074263
71,88331,6.1634026e-05
72,6698,8.918943e-06
73,69531,6.1634026e-05
74,30625,0.0009993503
75,11877,4.86294e-13
76,52353,3.817994e-08
77,31005,0.032544143
78,101230,0.017093383
79,60853,4.6762247e-09
80,56734,0.16907474
81,53707,0.068451926
82,50265,2.696179e-06
83,72607,0.08777404
84,49053,3.1438205e-12
85,36071,0.00079286017
86,40741,0.09809444
87,56960,0.00013325091
88,53425,2.0589571e-13
89,81012,5.1823023e-05
90,103397,0.00028842464
91,115241,0.010531615
92,16477,7.418005e-11
93,106300,0.04587008
94,778,2.6218039e-09
95,54111,9.545494e-11
96,43160,0.000783257
97,13312,0.0005368607
98,40729,0.0029915713
99,29282,0.009084299
100,2486,0.046223346
101,81324,0.0014187942
102,75361,0.007004306
103,83557,2.2625201e-05
104,78430,0.013714345
105,58733,0.009084299
106,4100,6.379268e-09
107,89993,0.015377235
108,85173,0.017034432
109,100381,0.05753619
110,19324,0.004344768
111,71719,6.1634026e-05
112,89961,0.0008145374
113,87549,0.00018557736
114,82988,2.8124857e-12
115,22403,0.0036302214
116,51891,1.7517692e-09
117,45978,6.615363e-05
118,20555,0.011342298
119,55970,0.08256352
120,47319,0.0023309363
121,74241,0.8338459
122,103281,1.2602031e-05
123,108240,7.64752e-07
124,61359,0.010586334
125,71663,0.007630734
126,89413,0.05741278
127,39662,0.03054148
128,112982,3.896315e-11
129,56650,0.07103359
130,8849,1.3514615e-07
131,12567,4.746511e-14
132,73998,0.010597673
133,1712,0.009896677
134,112407,0.0003861692
135,15075,5.956924e-10
136,101430,0.005519365
137,79990,2.216417e-09
138,52886,0.0038910431
139,87463,0.05741278
140,61955,0.008845419
141,30263,0.0005204292
142,85593,1.9534067e-11
143,103216,1.6910549e-07
144,39612,0.0085101
145,44407,8.574359e-09
146,98760,0.0009859026
147,17265,0.007990757
148,106871,0.0068329745
149,83690,0.007630734
150,107039,0.0046844054
151,57715,1.1698686e-10
152,41191,0.007588476
153,101274,8.6065505e-10
154,85340,7.173843e-12
155,42354,0.00012038292
156,36079,5.7546565e-08
157,71215,0.0033068354
158,39362,3.2315859e-06
159,5693,0.010719061
160,78375,0.0013792627
161,61534,5.6649707e-09
162,67488,0.0020403417
163,15561,0.009115906
164,16157,0.007630734
165,17,0.0015095206
166,29639,0.009084299
167,91112,2.5869812e-10
168,104649,0.057786837
169,693,0.010553112
170,4689,2.264279e-06
171,58919,0.009084299
172,36766,0.009084299
173,15077,0.010553112
174,37006,0.0023995372
175,93345,0.008845419
176,44664,2.7168566e-11
177,18762,0.0004981336
178,22379,0.010593114
179,89724,3.2274874e-10
180,3745,3.4871715e-05
181,83488,0.008494399
182,108394,1.1097704e-14
183,8641,0.09863969
184,69466,4.5120218e-05
185,25047,7.419869e-12
186,39695,0.0009998084
187,57982,1.9534067e-11
188,90462,3.714993e-07
189,112752,0.0003861692
190,117,0.0006707071
191,98398,3.679981e-08
192,19002,5.0293374e-06
193,100559,1.00213676e-07
194,11291,0.00010538122
195,72304,0.0022382287
196,23250,4.5322384e-05
197,99518,7.552671e-09
198,105725,0.0081041185
199,55984,2.0893934e-11
200,97310,0.0007983909
201,39077,1.7852561e-10
202,110918,0.017114835
203,41184,0.2270918
204,9739,2.0219397e-12
205,6322,0.00094790483
206,10936,4.087072e-05
207,92917,0.000600727
208,16710,0.007630734
209,113964,2.3577094e-08
210,110281,0.0020207777
211,501,6.808699e-08
212,38063,2.4494891e-08
213,53303,2.3447317e-11
214,75137,0.001458661
215,31793,0.10837911
216,77822,0.0058678244
217,22821,0.0005231675
218,79560,0.017093383
219,1724,0.009896677
220,41295,0.03239536
221,114664,0.0021801235
222,83239,0.00029062817
223,76161,0.0020144612
224,12812,0.005504135
225,73079,0.01599817
226,33477,7.555296e-08
227,110911,7.97068e-06
228,74088,0.004975726
229,91464,6.1634026e-05
230,78965,4.2249373e-10
231,115734,0.032362238
232,39064,0.0009993503
233,87531,0.0017080104
234,21392,0.00036398685
235,85410,1.2482432e-05
236,101374,0.0037535285
237,61893,0.030473901
238,35957,0.024107663
239,18330,2.605065e-05
240,25920,4.406999e-12
241,29321,0.009084299
242,50864,7.363136e-09
243,16324,5.8262333e-07
244,107063,0.057786837
245,62263,0.00527508
246,38175,0.0009831698
247,36909,3.198294e-07
248,97440,0.045750935
249,107136,0.003822522
250,51426,0.022892
251,62186,0.0007983909
252,57941,0.0807709
253,88610,0.0005866832
254,77426,3.6995156e-09
255,63630,1.1673421e-08
256,97452,2.1532604e-11
257,27847,5.530621e-08
258,72330,0.068451926
259,83242,0.011426199
260,99627,0.03733065
261,55561,3.1717002e-06
262,21229,1.6484885e-15
263,43254,0.07103359
264,46349,0.033204906
265,32885,0.005603552
266,63211,0.0020144612
267,74017,0.0020144612
268,112309,6.9024325e-10
269,71080,2.3116565e-06
270,11233,6.0066154e-06
271,65032,6.8354524e-08
272,62670,4.8841713e-09
273,34602,4.4207676e-14
274,113971,0.13110289
275,44728,0.05137095
276,78716,6.1634026e-05
277,60993,0.0007983909
278,62434,0.032214705
279,13314,1.438931e-06
280,9420,0.010553112
281,94502,0.01599817
282,14782,0.0002784047
283,105399,0.026535407
284,26114,4.066738e-08
285,94952,1.614909e-11
286,63121,0.001458661
287,17505,5.721914e-10
288,23853,3.3111636e-08
289,76294,0.0035335503
290,79180,0.0048297467
291,66894,4.5120218e-05
292,97408,6.3360356e-05
293,33501,5.1962535e-11
294,50551,0.05791445
295,80870,0.009181562
296,36561,0.008494399
297,41816,0.0013553158
298,62882,1.12056774e-13
299,34681,0.009084299
300,114749,0.031891707
301,8606,2.2054186e-07
302,42446,4.6437673e-08
303,53904,0.051730532
304,22551,1.2742967e-05
305,94510,9.4394075e-09
306,1373,1.7886288e-08
307,82674,0.004344768
308,40993,0.010593114
309,92014,0.008845419
310,73191,0.042080145
311,106449,1.6480417e-08
312,58423,2.8720203e-11
313,27731,8.023075e-10
314,89611,0.0035335503
315,64260,1.2452172e-05
316,94809,0.00012548485
317,102324,2.1705264e-10
318,86926,0.008845419
319,49185,8.994255e-06
320,57289,0.004975726
321,2655,0.009881465
322,2988,2.02718e-08
323,545,8.7773635e-08
324,28457,1.0327481e-10
325,14596,2.6213044e-16
326,79184,0.08256352
327,15201,0.000105587016
328,56585,0.014340414
329,6307,0.004711967
330,98730,0.039297886
331,51980,3.1438205e-12
332,80528,6.1634026e-05
333,22762,3.5901149e-09
334,51747,1.4684114e-09
335,18778,8.81758e-09
336,47414,0.0009117629
337,72518,0.16713868
338,13949,0.09722748
339,55661,0.009084299
340,89809,4.522116e-11
341,61393,1.5992007e-05
342,75157,0.017034432
343,49321,0.06310645
344,32608,0.0019981093
345,5749,5.490144e-06
346,4497,1.0639587e-07
347,5680,0.012202803
348,9543,0.0008611439
349,3613,0.07110618
350,74486,0.00053932745
351,92762,1.2099853e-09
352,26829,1.9663366e-07
353,87804,1.0514043e-12
354,64122,1.5850776e-06
355,6967,0.012376631
356,33595,5.50533e-08
357,29196,0.009084299
358,51322,2.8427332e-05
359,103698,1.1535739e-10
360,30082,0.009084299
361,45037,0.0036302214
362,104501,4.010338e-06
363,28006,8.6324614e-10
364,1572,0.00017678761
365,105217,0.00896607
366,48157,0.09722748
367,48353,0.0020144612
368,5189,1.6519996e-05
369,62531,0.005603552
370,93051,0.039851364
371,38760,0.0073274425
372,51776,0.007630734
373,31602,3.0741163e-09
374,109562,0.014298061
375,65343,2.1887979e-10
376,32437,0.008558585
377,5350,1.2739936e-12
378,97738,3.5963595e-12
379,83307,0.032368287
380,29927,0.017114835
381,101416,0.001458661
382,94024,1.2087149e-08
383,72374,2.2659166e-12
384,72292,7.229983e-12
385,56177,0.05047838
386,9135,0.010101724
387,78647,4.332974e-07
388,59323,0.017440932
389,79453,0.0020144612
390,11380,0.0034610408
391,45280,0.017074263
392,24095,1.4608906e-10
393,90252,0.028758163
394,101354,8.9122994e-05
395,39613,7.510956e-08
396,56024,0.068451926
397,29067,0.032311134
398,72766,0.92808914
399,91040,0.024684858
400,102100,0.009084299
401,91937,0.0003186244
402,33126,0.008845419
403,43785,2.1798241e-10
404,23703,0.009101587
405,3837,0.03454235
406,7726,0.0003774702
407,9364,0.03454235
408,111757,1.6053938e-05
409,9181,6.9649996e-06
410,87618,2.0026629e-10
411,76250,1.7751044e-07
412,36068,0.008558585
413,46893,0.009166495
414,114571,0.0034108707
415,38291,5.84578e-07
416,67623,0.00053932745
417,101068,0.007004306
418,85744,2.2071686e-10
419,53069,0.0055402275
420,80582,6.1634026e-05
421,50799,0.010531615
422,112728,0.025916465
423,102871,2.4669062e-06
424,20702,5.1382415e-07
425,50019,0.051730532
426,114385,0.017114835
427,88270,0.009882981
428,87238,3.2342807e-06
429,80143,0.00033028147
430,71196,0.0020144612
431,57365,0.0006101255
432,95054,0.016113395
433,74508,0.001458661
434,61161,1.7707818e-14
435,26538,0.0005758615
436,56029,0.042838734
437,31570,4.11192e-09
438,106217,1.946017e-05
439,12642,1.19526715e-11
440,112036,0.042441774
441,34514,0.010531615
442,93450,6.773291e-05
443,38545,0.068451926
444,107432,0.00026335605
445,3722,3.8978076e-08
446,57759,0.04439562
447,82794,3.806204e-10
448,64296,2.5610479e-11
449,7803,0.0048271464
450,45852,0.06855405
451,19727,0.03948883
452,101122,6.2098295e-08
453,59991,0.15116222
454,15276,1.6443835e-12
455,21190,8.633535e-13
456,57751,7.333447e-10
457,48048,0.02470141
458,14201,2.4840542e-17
459,104452,0.017114835
460,61560,0.0012442914
461,13655,7.574645e-16
462,111774,0.0005829531
463,29079,0.058021124
464,32527,0.008558585
465,112644,3.896315e-11
466,89335,0.004748103
467,106410,0.014298061
468,88697,0.013920229
469,68809,1.9932565e-07
470,19408,2.193378e-06
471,278,4.5738398e-07
472,111383,3.5974505e-08
473,67563,1.4213186e-08
474,112976,0.0022311371
475,102347,0.0022156928
476,4923,0.00952741
477,92434,9.18427e-09
478,49135,0.00011763776
479,24611,1.7639732e-13
480,104534,8.208849e-12
481,67830,0.008845419
482,112269,6.0994382e-12
483,72199,6.1634026e-05
484,93470,5.1649954e-06
485,92290,0.042838734
486,62790,3.818975e-13
487,29962,0.009084299
488,43340,0.1639844
489,95912,3.6159996e-05
490,2054,0.0085501205
491,105031,0.005616725
492,82647,0.0033074091
493,4104,0.0038168286
494,32165,0.0072273663
495,3485,0.50000733
496,53150,2.8124857e-12
497,55810,3.6581851e-10
498,96529,0.0023870617
499,61429,2.7559432e-11
500,82759,0.0066441963
501,98261,0.0001662555
502,73851,1.5992007e-05
503,96701,9.224785e-10
504,108510,1.743756e-08
505,4513,0.00053438736
506,7989,2.582016e-05
507,52209,8.596356e-06
508,51706,0.0046549067
509,75132,0.0037535285
510,88174,1.111003e-14
511,70443,0.02662436
512,79727,1.2482432e-05
513,75815,0.033193946
514,109976,0.0020207777
515,40198,0.8798674
516,56110,0.05047838
517,105614,0.0009084356
518,51330,3.598212e-05
519,89294,0.0020144612
520,29257,2.1243974e-12
521,100033,0.0021801235
522,67397,1.8875286e-09
523,105967,0.0002613049
524,38882,0.03239536
525,63066,0.0005866832
526,99436,0.048240427
527,75724,0.06671357
528,79512,7.932292e-11
529,22706,9.2452535e-10
530,2749,1.1520144e-07
531,31627,0.005603552
532,40317,3.5039157e-08
533,47068,0.011426199
534,112718,0.00080969924
535,48713,0.0016325784
536,39577,0.010888648
537,65495,1.729709e-10
538,14485,1.5388365e-07
539,56594,1.5942138e-05
540,62322,0.05741278
541,69218,0.00043344634
542,50698,5.06238e-13
543,105068,0.00053932745
544,64397,1.9796642e-09
545,92772,0.017093383
546,74760,1.9902669e-07
547,58341,1.5446869e-09
548,92893,0.05216715
549,50706,0.0055402275
550,3254,0.009881465
551,87809,0.05741278
552,105595,5.2586185e-11
553,108347,0.014298061
554,11053,3.246557e-07
555,50097,2.7859517e-15
556,86132,2.4935562e-06
557,36263,0.0002784047
558,95855,3.11387e-11
559,83201,1.9534067e-11
560,18947,0.004841392
561,15456,0.004870569
562,102205,0.0017850718
563,37779,6.007298e-10
564,46785,0.0025061234
565,76488,4.2777403e-14
566,102027,0.009181562
567,8838,3.5973817e-12
568,55321,3.9679735e-12
569,32597,0.015361034
570,11647,1.1904977e-08
571,15613,0.13892727
572,80527,0.010531615
573,23335,0.017034432
574,77863,0.015332866
575,19824,4.2996904e-09
576,38893,1.2259274e-05
577,34168,0.009084299
578,44081,0.010593114
579,59661,6.39885e-06
580,10466,0.010101724
581,96815,1.6513888e-09
582,44377,0.009084299
583,100864,0.009184932
584,94430,0.009084299
585,87742,3.7370714e-11
586,65674,3.9345944e-12
587,104512,0.0007993315
588,24492,1.4394307e-06
589,49739,1.2259274e-05
590,80417,0.0020144612
591,99334,0.0074925814
592,112122,0.0020207777
593,101283,6.1634026e-05
594,21677,0.010586334
595,95083,0.001458661
596,106571,0.000121719226
597,90303,0.030527467
598,9299,1.3795913e-06
599,6426,6.3090994e-08
600,94693,9.8362436e-11
601,63857,1.8226041e-06
602,88880,0.042080145
603,1883,7.975197e-07
604,84356,0.0020144612
605,61747,0.008526784
606,41443,0.007630734
607,12360,2.0267527e-10
608,78005,1.9091884e-09
609,94849,1.2452172e-05
610,22284,0.009166495
611,29215,4.387135e-14
612,82606,0.017034432
613,104103,0.001458661
614,36447,0.015332866
615,41050,2.0473379e-17
616,9949,7.402193e-05
617,45600,2.5789113e-10
618,73479,8.2524615e-08
619,46979,0.010531615
620,41784,3.3111636e-08
621,90034,0.05769793
622,19768,2.51628e-10
623,20081,0.06710639
624,63156,3.6973324e-11
625,50526,4.4448245e-09
626,33958,1.034164e-09
627,14261,6.08089e-11
628,35991,7.16882e-05
629,51997,0.064531155
630,79806,1.2994159e-12
631,95620,0.004355834
632,34320,0.16472076
633,21679,2.8919674e-08
634,103104,0.050779287
635,68491,0.021699691
636,79707,0.050779287
637,83363,4.2311643e-05
638,45483,0.007863321
639,31264,0.005603552
640,37724,4.2901576e-07
641,93250,0.008845419
642,103271,0.001458661
643,64938,1.2452172e-05
644,533,3.044358e-09
645,67037,0.0014177117
646,93473,0.07581729
647,31665,0.09257117
648,102196,0.0014187942
649,45224,0.008845419
650,83765,1.900443e-07
651,101763,6.1634026e-05
652,42042,0.00063523813
653,67828,0.050737377
654,59157,0.01599817
655,99616,0.05769793
656,375,5.044527e-07
657,69416,6.905573e-12
658,63999,9.483398e-14
659,78883,0.003682228
660,31772,5.030019e-05
661,67449,0.01726786
662,48837,0.009084299
663,37881,0.09257117
664,105357,6.645511e-08
665,57189,0.03531721
666,98878,0.007630734
667,98940,0.04980838
668,15375,4.249478e-05
669,99199,5.461914e-08
670,57281,4.171317e-12
671,109732,4.5414645e-09
672,13354,6.08089e-11
673,72902,6.1634026e-05
674,113479,1.9478425e-07
675,58274,0.086333364
676,104509,0.0021801235
677,44498,0.009166495
678,39696,0.024432875
679,21928,5.7784066e-14
680,47299,0.009166495
681,112470,0.057786837
682,84809,4.5120218e-05
683,34971,0.007630734
684,9567,7.02916e-08
685,58474,2.1532604e-11
686,34696,0.0009831698
687,33177,3.3897823e-08
688,30371,1.1486739e-07
689,111751,0.0002613049
690,58321,3.460111e-05
691,14148,0.00019007194
692,15809,0.0009831698
693,65457,0.0023870617
694,111372,0.057786837
695,36594,0.00079286017
696,102912,0.0020144612
697,52753,0.00011499421
698,65752,4.2910262e-11
699,115710,0.014298061
700,23591,0.005603552
701,17983,2.3188308e-14
702,45798,2.8102603e-12
703,106725,0.009206773
704,66451,0.053056173
705,107430,0.0007993315
706,4661,1.7589352e-06
707,10387,5.210781e-08
708,78369,3.7370714e-11
709,16948,2.5423091e-08
710,17737,5.62144e-10
711,21807,3.3377072e-11
712,111914,0.0023845648
713,106711,4.020812e-06
714,54179,0.005948026
715,2255,1.3165844e-07
716,102888,0.010531615
717,70070,0.004112741
718,13371,8.20992e-07
719,15328,7.38116e-17
720,5326,0.0030808074
721,98753,0.00019718012
722,15979,1.2522768e-09
723,69201,0.0022811855
724,68233,0.009181562
725,43903,0.005603552
726,61446,0.03468771
727,107870,4.120326e-10
728,64151,7.2533545e-08
729,39190,0.004344768
730,60485,0.05741278
731,61360,0.0020144612
732,92658,0.0005866832
733,90645,0.010597673
734,84042,9.717523e-09
735,99935,0.016113395
736,29513,0.017114835
737,34249,9.309771e-10
738,10336,0.017281346
739,16350,7.476755e-15
740,56866,0.0017843489
741,37369,0.00040309157
742,16662,4.572025e-12
743,1938,2.3300244e-11
744,12555,0.068451926
745,99851,6.929435e-14
746,90916,0.015377235
747,75043,0.007004306
748,65278,0.0023870617
749,42076,0.0085101
750,91286,1.5745613e-06
751,76276,3.3170736e-12
752,73158,0.068451926
753,92448,1.4950453e-08
754,74964,3.9268592e-11
755,55257,2.6081796e-07
756,108498,0.05216715
757,9208,0.0008367395
758,56508,0.0033074091
759,72341,0.009181562
760,65967,1.2462176e-05
761,31113,3.9619238e-08
762,93318,1.312389e-06
763,22480,0.000723749
764,75752,3.1895632e-14
765,16697,0.017034432
766,26579,9.238651e-12
767,6534,0.06864146
768,56725,9.803581e-06
769,72510,4.0117087e-07
770,22674,0.00015500365
771,57898,1.0947874e-09
772,90026,1.904618e-11
773,88601,0.0015147561
774,8652,0.061213087
775,7408,1.03406865e-05
776,34244,4.4207676e-14
777,89968,7.76068e-06
778,100214,0.000585449
779,2891,5.259703e-06
780,12559,1.4481191e-12
781,49025,0.0002087937
782,33870,4.4207676e-14
783,69606,0.009181562
784,57042,0.004344768
785,114064,0.017114835
786,728,2.1964435e-07
787,71654,3.8974893e-11
788,47027,0.010593114
789,41250,9.2709107e-10
790,1630,0.00091746595
791,55361,0.009084299
792,63639,1.4881583e-06
793,115273,1.8806101e-10
794,43430,0.0068159024
795,111233,2.5870855e-13
796,93160,0.039851364
797,27887,0.06855405
798,21843,0.009166495
799,79166,4.826181e-06
800,98456,3.0421833e-07
801,19852,6.463944e-11
802,16831,6.59597e-07
803,103336,0.057786837
804,100769,5.6438995e-07
805,46063,0.009166495
806,34534,1.1161938e-11
807,115948,0.010120462
808,87782,0.042838734
809,87652,0.0005866832
810,26365,0.022921072
811,100684,1.5818626e-06
812,14358,1.9687847e-10
813,18797,0.007875004
814,76235,0.007630734
815,18255,3.755786e-11
816,34981,0.00012197298
817,885,1.3367402e-05
818,39133,1.1901656e-09
819,22504,9.2035024e-10
820,57135,0.073368184
821,96741,0.010597673
822,35895,0.06983903
823,15442,0.0029915713
824,28839,2.1243974e-12
825,90862,2.7181775e-08
826,57101,2.1532604e-11
827,20459,1.8526924e-06
828,106982,0.03926236
829,89803,0.0005866832
830,75674,7.022178e-12
831,103938,0.00037606456
832,26549,0.00012038292
833,51210,9.803581e-06
834,22082,1.5375398e-06
835,99316,0.05769793
836,37683,0.00027314812
837,102322,0.034810767
838,12356,0.0012203134
839,2765,0.009881465
840,74343,6.3428454e-09
841,113233,6.0589024e-08
842,66575,7.546666e-09
843,85051,0.009181562
844,64211,9.919821e-07
845,106908,0.0068329745
846,91261,0.0022348897
847,63342,9.658512e-07
848,10069,1.09532095e-07
849,73421,0.0039557265
850,69688,0.40547633
851,1916,1.2437016e-07
852,60627,1.2452172e-05
853,65061,1.03606866e-10
854,98762,0.00029899285
855,110721,0.03468771
856,71075,0.04980838
857,36583,2.0510333e-07
858,37828,0.0011837691
859,31886,1.4394307e-06
860,50401,0.051730532
861,95231,0.016113395
862,72370,0.00035340153
863,81888,0.05137095
864,91872,0.0020144612
865,69257,0.05741278
866,85541,0.008506531
867,110988,0.0006084542
868,29389,0.007876043
869,73105,1.111003e-14
870,60871,3.528241e-06
871,85124,0.0011291868
872,66055,4.2910262e-11
873,79308,0.007859338
874,69138,0.0807709
875,43470,0.06855405
876,22682,5.3050207e-11
877,71908,0.023193115
878,112624,0.057786837
879,86645,1.0574569e-10
880,79794,1.7117678e-12
881,93410,5.029491e-06
882,18488,0.009115906
883,87727,0.0023865474
884,24604,8.381515e-10
885,858,1.734951e-12
886,40474,1.1067827e-08
887,102567,1.1167096e-05
888,26475,1.6367174e-08
889,39434,0.0047252756
890,4280,0.023629082
891,4363,0.032512687
892,75693,6.1634026e-05
893,37366,0.0006935119
894,45766,2.9374962e-13
895,95063,0.04270712
896,53878,0.001458661
897,5385,0.036845025
898,13919,0.004276007
899,8778,6.379268e-09
900,43603,0.06855405
901,36953,0.008355443
902,114804,0.031891707
903,7047,9.734358e-05
904,113578,1.7341358e-10
905,61299,0.005603552
906,69762,7.353945e-07
907,34228,0.0023937605
908,97227,1.4440035e-09
909,75009,0.023519892
910,32689,0.032311134
911,114483,0.032544143
912,9028,1.1227316e-07
913,72784,0.032311134
914,43102,5.667034e-13
915,17174,1.2200982e-06
916,108850,3.4185937e-06
917,93274,5.4172933e-06
918,111350,6.1634026e-05
919,101529,0.0002613049
920,36379,5.1394856e-12
921,33392,0.009084299
922,114841,0.009050281
923,78860,0.0024574343
924,111563,1.26795685e-05
925,54796,1.2421774e-05
926,64079,2.2900297e-09
927,6668,1.0068044e-05
928,22115,2.1786159e-16
929,11711,0.00952741
930,107304,2.394414e-07
931,30788,5.6716444e-06
932,100674,4.2759027e-07
933,57164,0.03656999
934,91601,1.5234258e-06
935,93919,0.0002853046
936,53392,9.295779e-12
937,110586,1.3898798e-06
938,7210,0.0013460611
939,5815,6.808699e-08
940,19593,0.0012426393
941,64384,0.0007983909
942,110494,0.0001333109
943,55333,0.06310645
944,103234,0.07677293
945,88602,0.015377235
946,58152,4.5120218e-05
947,35486,1.0146174e-14
948,106966,0.015329334
949,28743,0.023153007
950,92010,5.5102575e-08
951,68967,1.5850776e-06
952,114683,3.6220315e-06
953,55680,9.295779e-12
954,111861,8.208849e-12
955,110932,0.036975846
956,354,0.051730532
957,39998,3.826437e-07
958,19200,0.011426199
959,76143,0.0023865746
960,1617,8.623365e-09
961,45206,4.2263363e-08
962,74375,0.008506531
963,28730,0.195312
964,51172,0.022892
965,113597,0.0027732777
966,40816,0.014795163
967,108785,0.00362523
968,92298,0.0039557265
969,6549,6.8593e-07
970,91511,0.0009492985
971,93581,2.2103998e-10
972,9051,0.06596928
973,62544,0.042838734
974,64378,0.0057430975
975,48466,7.0866277e-12
976,84038,0.05047838
977,39096,0.0001141803
978,111852,0.004843005
979,12418,0.008309544
980,96796,8.828455e-08
981,40636,0.005359286
982,48293,0.05741278
983,4943,0.030454718
984,94920,1.0981863e-08
985,54345,0.017195024
986,109443,2.1007461e-11
987,23715,0.00952741
988,37474,0.024107663
989,104222,0.014949887
990,64986,0.0014177117
991,115836,8.3761975e-09
992,52932,0.00092866045
993,99150,0.0009854129
994,51139,0.009084299
995,26034,0.005603552
996,25497,0.00079286017
997,53976,0.027624859
998,85045,2.0389787e-05
999,63763,2.0848001e-05
1000,73927,0.038612682
1001,78763,0.06284317
1002,40524,0.000120742625
1003,60080,2.2659166e-12
1004,38018,0.0006208793
1005,37104,0.0015348115
1006,66782,2.8720203e-11
1007,95262,0.00037206072
1008,62423,5.58656e-15
1009,99900,0.09410329
1010,66071,2.5610479e-11
1011,68684,0.0015021568
1012,63647,1.2452172e-05
1013,102818,0.00048745621
1014,77240,0.0023894135
1015,12171,0.0005368607
1016,11744,4.746511e-14
1017,65812,1.600267e-05
1018,79056,2.5514083e-07
1019,66526,3.0674238e-07
1020,113751,5.4420864e-11
1021,56106,5.4499573e-08
1022,39448,0.014846594
1023,4372,0.00952741
1024,78001,9.803581e-06
1025,32123,1.7973424e-08
1026,73152,0.006562863
1027,34136,0.068451926
1028,61539,0.0023870617
1029,36696,0.01599817
1030,45526,0.009166495
1031,56,0.008096142
1032,20686,1.8950432e-05
1033,21765,0.0006208793
1034,99170,0.032362238
1035,64623,1.2452172e-05
1036,109437,0.039255198
1037,79064,0.07581729
1038,100984,2.7683517e-10
1039,28997,0.005603552
1040,101693,0.0002613049
1041,104025,0.009984498
1042,17388,0.0025393388
1043,100747,0.007337851
1044,110907,1.8449764e-08
1045,80508,0.024533123
1046,14628,5.0853166e-09
1047,44227,6.748006e-10
1048,16513,0.007875004
1049,51743,2.7859517e-15
1050,64927,0.0037880566
1051,102125,6.9555174e-11
1052,98729,3.3281236e-07
1053,32824,3.2825076e-06
1054,67448,0.0036406247
1055,41982,2.602279e-09
1056,104531,3.723752e-11
1057,84893,3.797843e-10
1058,27235,5.079774e-07
1059,63674,6.8281945e-05
1060,101362,4.721599e-10
1061,72224,0.03468771
1062,89172,0.05741278
1063,64679,3.7824646e-11
1064,106421,0.014298061
1065,38230,1.8952623e-10
1066,99629,0.0015633658
1067,90571,2.0916632e-10
1068,92202,0.019825885
1069,98812,1.111003e-14
1070,2886,7.2996465e-07
1071,4475,1.4592173e-07
1072,72438,0.009181562
1073,46830,0.005869099
1074,11309,1.1904977e-08
1075,60096,0.0005866832
1076,76773,2.3844176e-09
1077,47830,2.5960264e-10
1078,107459,0.016113395
1079,111236,2.8326992e-06
1080,102154,0.051730532
1081,65859,3.5439829e-15
1082,20280,0.0002784047
1083,93545,0.05741278
1084,113800,1.3320041e-10
1085,40355,1.3831188e-07
1086,78950,0.042080145
1087,79619,0.068603046
1088,47530,0.010593114
1089,81065,0.009137165
1090,94171,0.07125481
1091,31247,0.005603552
1092,55209,1.3055066e-09
1093,19954,1.2603677e-11
1094,19819,0.008494399
1095,87990,0.0036053993
1096,30269,0.017114835
1097,41171,3.3358396e-13
1098,71168,0.0807709
1099,9658,1.2972336e-07
1100,40734,4.858752e-12
1101,32263,0.06865799
1102,1616,5.4315484e-07
1103,42637,0.06375701
1104,74937,0.15288681
1105,27883,1.9349229e-05
1106,55033,0.008558585
1107,85715,0.0046549067
1108,85586,0.00012038292
1109,60693,0.024432875
1110,22213,1.9928739e-06
1111,11864,0.032512687
1112,53100,0.009084299
1113,73228,0.00053932745
1114,1925,0.009881465
1115,21479,3.3111636e-08
1116,22312,2.1243974e-12
1117,4507,0.016854424
1118,43922,2.0582619e-13
1119,95504,0.0007983909
1120,42621,2.1243974e-12
1121,72500,0.01599817
1122,107281,1.25402885e-05
1123,28987,0.00038691505
1124,101461,3.8972593e-11
1125,113804,3.5679099e-12
1126,7724,0.017869916
1127,47947,0.01599817
1128,76811,4.052716e-15
1129,45423,3.143774e-11
1130,45359,1.7714398e-11
1131,28778,0.006070889
1132,60952,0.0005368607
1133,101849,0.007630734
1134,16514,0.009115906
1135,98234,0.00019268149
1136,71740,0.11804314
1137,59947,2.091974e-14
1138,27786,0.031758823
1139,13035,0.06796212
1140,114671,0.0070303055
1141,9837,8.1518685e-08
1142,28881,0.2270918
1143,58143,0.0046549067
1144,34,6.774369e-05
1145,107355,0.009184932
1146,31607,5.030019e-05
1147,57851,2.2659166e-12
1148,15377,0.032270703
1149,114384,0.051177945
1150,49200,0.027574962
1151,54311,2.05934e-11
1152,43165,0.009166495
1153,108889,2.393373e-11
1154,3483,0.08999429
1155,81811,1.13424065e-07
1156,83437,3.3177066e-12
1157,85147,0.05137095
1158,44221,3.0695514e-17
1159,17742,0.00027438402
1160,95774,0.011426199
1161,105010,0.014298061
1162,61835,0.005603552
1163,64746,1.3773943e-09
1164,100840,0.028758163
1165,9885,0.012360799
1166,6167,0.032512687
1167,57636,1.1956421e-09
1168,28662,0.004684085
1169,40488,0.0036444613
1170,74414,9.717523e-09
1171,4376,6.52075e-05
1172,15554,6.0912796e-11
1173,73550,0.010531615
1174,69666,9.0777065e-12
1175,115701,5.6426774e-10
1176,59627,0.0007983909
1177,106212,1.3320041e-10
1178,32771,5.391196e-14
1179,69075,0.032114133
1180,59036,5.1776267e-10
1181,29176,0.009084299
1182,113306,1.29545415e-05
1183,107175,0.032362238
1184,101901,0.046991006
1185,59467,0.010531615
1186,38473,0.009166495
1187,10377,2.0160442e-08
1188,106110,0.0068329745
1189,41331,0.010593114
1190,87936,1.0962761e-11
1191,60400,4.5120218e-05
1192,78124,0.00079286017
1193,33217,0.010531615
1194,12427,0.0024304155
1195,70075,8.003336e-08
1196,63249,0.009115906
1197,108599,1.503651e-07
1198,75415,6.9328193e-10
1199,101168,0.0007983909
1200,32392,0.03218076
1201,19637,7.1075284e-08
1202,102708,1.2021863e-10
1203,114611,4.0953097e-07
1204,85287,1.111003e-14
1205,45764,4.2006855e-06
1206,181,0.00043910477
1207,78327,0.011972899
1208,80244,0.04787555
1209,78021,0.010531615
1210,32878,0.081425786
1211,20175,0.0035623533
1212,48863,0.011426199
1213,111485,0.031770848
1214,108217,0.0014231944
1215,107648,0.017114835
1216,97857,0.0036406247
1217,11504,6.6480984e-06
1218,90089,0.06209234
1219,39604,0.009166495
1220,84807,0.024533123
1221,106625,0.024684858
1222,6456,9.1424477e-07
1223,22968,9.987331e-11
1224,92475,6.342599e-14
1225,93927,0.034003627
1226,27566,0.007630734
1227,78996,0.0015176588
1228,32560,0.005603552
1229,49832,0.0019963898
1230,62046,2.3050758e-07
1231,109154,0.009184932
1232,86551,0.0035335503
1233,16617,0.05137095
1234,21015,2.4386992e-10
1235,89597,0.028637046
1236,11084,6.379268e-09
1237,40579,2.3001923e-05
1238,74513,1.0032527e-09
1239,17247,1.2905918e-10
1240,32201,0.010531615
1241,6719,0.0019061764
1242,7939,0.02363173
1243,55465,5.3835443e-09
1244,98033,0.0003861692
1245,71987,0.00065197935
1246,59034,1.2259274e-05
1247,54016,0.009084299
1248,40253,0.022409279
1249,61684,0.001458661
1250,38881,0.0056859935
1251,99388,0.0002613049
1252,74963,1.8275617e-09
1253,114861,2.6953721e-09
1254,32967,7.606308e-05
1255,51427,1.4211547e-10
1256,40277,0.0059808404
1257,71827,0.007630734
1258,90220,0.00187721
1259,8951,1.6401769e-08
1260,60385,0.042838734
1261,62776,0.010586334
1262,53996,0.009984498
1263,32446,0.00021202843
1264,31365,0.00079286017
1265,2476,1.6569857e-05
1266,66190,1.2462176e-05
1267,65475,2.864341e-10
1268,284,0.013752037
1269,103193,4.1961684e-11
1270,96326,0.0028017662
1271,35520,0.0055817068
1272,60476,0.0005866832
1273,104790,0.009184932
1274,38251,3.2541987e-13
1275,7164,2.7437555e-10
1276,112414,0.057786837
1277,25207,0.00021967966
1278,102156,0.008506531
1279,57237,0.010888648
1280,59244,0.0048456895
1281,53411,7.745032e-09
1282,18093,2.6519408e-16
1283,16971,0.04980838
1284,46013,4.1685477e-09
1285,40727,0.0036444613
1286,29424,0.051730532
1287,36140,0.0050816736
1288,66114,1.2118942e-07
1289,114970,1.897001e-11
1290,89907,0.0029679532
1291,58803,2.0155723e-05
1292,110153,0.005882672
1293,105739,0.0002445159
1294,95655,0.050779287
1295,8167,6.7079293e-07
1296,92330,0.001458661
1297,111895,0.024684858
1298,92323,0.005616725
1299,6045,0.0033003464
1300,78568,0.009084299
1301,75350,0.032311134
1302,24386,1.7639732e-13
1303,42967,4.4722583e-06
1304,94790,0.017093383
1305,3391,0.0030214537
1306,96097,0.009184932
1307,48473,0.174721
1308,3832,0.03500239
1309,97505,0.036975846
1310,26460,0.0019963898
1311,65091,1.600267e-05
1312,69346,3.940379e-11
1313,97281,0.05753619
1314,72344,0.007004306
1315,9382,0.0021645713
1316,65977,9.677288e-10
1317,26854,7.940281e-08
1318,10622,0.01406934
1319,23393,4.364182e-11
1320,6607,0.0048271464
1321,22903,5.2585757e-12
1322,96644,0.0036406247
1323,35836,1.0146174e-14
1324,98743,0.009184932
1325,91116,2.1532604e-11
1326,94529,0.048240427
1327,114616,3.592065e-10
1328,98303,9.640429e-07
1329,72496,8.178394e-11
1330,18843,1.682896e-10
1331,43354,0.0002087937
1332,90002,0.0006101255
1333,58219,6.1634026e-05
1334,74614,0.023519892
1335,15354,0.0036292938
1336,103943,0.08167636
1337,88119,1.0206998e-08
1338,52250,0.81517625
1339,33355,0.16496629
1340,42025,4.3289962e-08
1341,92576,0.045750935
1342,31699,0.010531615
1343,57444,1.2232754e-08
1344,37040,0.024432875
1345,85224,0.010597673
1346,12778,3.751422e-17
1347,72732,0.0023894135
1348,32704,0.009067895
1349,41160,0.005603552
1350,83491,1.6724537e-07
1351,100278,0.009184932
1352,82218,0.0048167007
1353,109638,0.028163206
1354,38079,0.010593114
1355,94249,0.05741278
1356,49308,6.459584e-14
1357,70011,4.1563483e-15
1358,30364,0.005886803
1359,12784,2.8120243e-12
1360,65998,8.252193e-08
1361,58695,0.00527508
1362,40463,0.014795163
1363,12606,6.9884026e-15
1364,56419,1.949267e-08
1365,12869,1.0510716e-08
1366,1087,2.6965647e-06
1367,104251,0.007630734
1368,26286,0.015370219
1369,113612,0.025923373
1370,101828,7.0336054e-10
1371,28409,2.073791e-14
1372,99684,0.0009965659
1373,77835,0.0019477764
1374,49570,0.004748103
1375,98088,0.004963147
1376,65384,7.717254e-12
1377,59876,0.032368287
1378,58832,0.0002784047
1379,108940,0.04587008
1380,1066,0.0011411975
1381,121,4.9874514e-13
1382,97401,0.04536966
1383,88148,0.0008237475
1384,39420,5.9366055e-05
1385,30010,0.009084299
1386,100467,4.185063e-06
1387,13659,0.010544453
1388,33096,0.004344768
1389,113716,0.006449025
1390,59006,2.4752984e-05
1391,18719,0.00015276019
1392,96988,0.0035335503
1393,24228,0.03054148
1394,101059,1.7888764e-06
1395,53500,0.009084299
1396,107285,0.0023845648
1397,39675,6.459584e-14
1398,17491,0.009115906
1399,68433,0.0036406247
1400,65906,0.0023870617
1401,84677,3.924489e-17
1402,72191,0.002649433
1403,85111,0.03184056
1404,39501,0.0006208793
1405,56841,0.003682228
1406,22280,1.3129432e-09
1407,4566,0.032512687
1408,58637,0.016769435
1409,34847,0.0012442914
1410,35298,0.1639844
1411,33590,0.00698014
1412,48731,7.6212153e-10
1413,77005,0.013780199
1414,17692,0.05137095
1415,66240,1.6059988e-05
1416,101117,2.9379908e-12
1417,98959,2.9132914e-13
1418,10225,7.6593807e-07
1419,106890,1.0095046e-09
1420,71355,0.007004306
1421,22768,2.715525e-07
1422,79593,0.004276007
1423,109335,0.000121719226
1424,115302,2.5932874e-08
1425,80722,0.0038024362
1426,39029,2.5976718e-07
1427,40672,8.852745e-10
1428,60254,1.0294722e-09
1429,71424,6.1634026e-05
1430,89849,1.7711693e-06
1431,80933,0.01609576
1432,58150,0.00983577
1433,20808,1.4348335e-07
1434,68166,3.7110732e-07
1435,75995,2.127618e-11
1436,114856,0.009084299
1437,86892,0.009181562
1438,10028,3.89433e-08
1439,3137,0.010715395
1440,47892,4.5120218e-05
1441,76113,5.646395e-09
1442,112597,7.3166907e-06
1443,44291,6.459584e-14
1444,34448,0.04980838
1445,75208,1.5992007e-05
1446,8590,1.1956919e-10
1447,78234,0.00062519923
1448,32396,0.004344768
1449,8156,3.4527393e-08
1450,43528,3.9679735e-12
1451,19802,4.0454515e-10
1452,3057,0.0034560994
1453,56703,0.009084299
1454,8569,0.0019061764
1455,55656,9.090182e-08
1456,40236,1.3815337e-05
1457,59297,0.000121719226
1458,13578,2.0276428e-05
1459,56020,0.008298639
1460,11127,1.4166885e-06
1461,86320,2.6233296e-09
1462,17966,1.582125e-11
1463,51337,2.0111145e-10
1464,4313,1.2810806e-06
1465,45021,0.03239536
1466,83472,5.2334238e-11
1467,40048,1.8320634e-06
1468,97214,2.810094e-12
1469,7243,1.4454006e-06
1470,51745,0.007161076
1471,101904,2.810094e-12
1472,56297,0.05741278
1473,115947,2.3021224e-08
1474,46011,1.099133e-09
1475,20786,1.6567851e-11
1476,112547,0.057786837
1477,52872,0.00020785356
1478,19187,3.3111636e-08
1479,74605,2.023536e-05
1480,33960,0.0019963898
1481,40566,0.24834758
1482,59117,0.009084299
1483,102697,1.1205923e-07
1484,83607,0.00031774316
1485,106644,5.1856736e-05
1486,66001,9.54904e-12
1487,28655,1.1378147e-09
1488,61723,2.5749828e-11
1489,14741,1.1372512e-08
1490,88008,0.017093383
1491,31747,1.2887143e-07
1492,10436,0.03456673
1493,7713,2.5859583e-07
1494,74178,3.6599893e-08
1495,27381,5.769079e-14
1496,108552,0.0089743575
1497,103653,0.014298061
1498,39144,0.0001141803
1499,22773,8.849306e-09
1500,98322,6.816146e-05
1501,90041,0.068603046
1502,93887,0.005616725
1503,2202,2.685327e-07
1504,15219,0.0036292938
1505,83899,0.0002962315
1506,5286,3.246557e-07
1507,58351,0.017034432
1508,39048,9.5288634e-08
1509,48696,7.2105243e-12
1510,13551,0.007161076
1511,112522,4.42308e-07
1512,35156,2.1357591e-10
1513,37757,1.0719671e-09
1514,82016,2.7199456e-12
1515,101816,3.213432e-11
1516,1792,2.286975e-06
1517,38658,2.2602645e-10
1518,21607,8.0165766e-17
1519,11888,0.0009146768
1520,6071,0.0048271464
1521,35184,0.007630734
1522,99532,1.902685e-05
1523,4516,0.00015995403
1524,6642,1.0207299e-05
1525,70177,0.08256352
1526,14696,1.9525235e-07
1527,44332,1.3296371e-12
1528,107112,1.25402885e-05
1529,75930,0.0023865746
1530,48545,0.0002784047
1531,31819,4.4116353e-11
1532,86502,1.2070885e-08
1533,14908,8.562746e-11
1534,10325,0.0006006477
1535,59655,0.031770848
1536,42023,6.289935e-08
1537,32604,1.1374546e-07
1538,112319,0.006041337
1539,109855,0.0010484448
1540,98150,1.672296e-09
1541,22546,3.1002088e-08
1542,13856,0.01599817
1543,33693,0.00053700217
1544,34576,0.0010522492
1545,52813,0.0036406247
1546,33012,0.017114835
1547,113354,0.001458661
1548,22836,1.7117898e-06
1549,5207,0.03454235
1550,65748,1.2462176e-05
1551,74478,0.00177025
1552,66337,4.5048332e-13
1553,75300,2.7379588e-13
1554,41751,5.624699e-05
1555,96248,0.05741278
1556,3884,2.2054186e-07
1557,70218,0.051730532
1558,85675,0.017034432
1559,32676,1.50373e-09
1560,2794,9.994392e-07
1561,90622,2.3844176e-09
1562,109306,0.057889596
1563,105296,0.00055804336
1564,52648,0.2270918
1565,71675,0.008845419
1566,113497,0.042720005
1567,8609,5.442138e-06
1568,75044,1.3398804e-10
1569,13204,7.2039813e-12
1570,94399,0.0006775144
1571,56692,1.7639732e-13
1572,4792,1.0144241e-06
1573,69771,6.2714145e-07
1574,31656,2.5107627e-05
1575,21348,0.0006500485
1576,32642,3.0092473e-08
1577,12222,1.9861135e-12
1578,18462,0.0015176588
1579,29050,5.1776267e-10
1580,45895,0.009166495
1581,90338,0.05741278
1582,88369,0.001458661
1583,94707,5.442762e-05
1584,44256,0.009166495
1585,12767,4.897887e-08
1586,56439,0.05047838
1587,26262,0.0010522492
1588,56607,0.04787555
1589,5056,4.24975e-07
1590,82953,0.0004814494
1591,34347,0.0013792627
1592,52605,0.0055402275
1593,6278,0.0048271464
1594,35241,0.009383951
1595,33491,2.7571787e-11
1596,7112,0.0008621201
1597,63497,0.0053473273
1598,108973,1.1097704e-14
1599,69734,0.011426199
1600,56574,8.967732e-10
1601,112694,8.884954e-10
1602,93525,1.0147409e-07
1603,56150,0.0005368607
1604,113125,0.057786837
1605,14821,5.1189794e-08
1606,38923,1.3405583e-09
1607,10890,1.8111215e-06
1608,84019,0.007630734
1609,91238,0.046991006
1610,527,2.7736236e-12
1611,66535,1.2462176e-05
1612,41987,0.004344768
1613,32323,0.022921072
1614,74485,0.0048167007
1615,72705,0.010531615
1616,14688,0.03531721
1617,107206,1.1140084e-09
1618,103148,0.00026335605
1619,62411,0.00091344496
1620,32140,2.0360932e-05
1621,98279,1.1580441e-05
1622,69204,0.014508678
1623,98340,1.6078682e-05
1624,93528,0.051543478
1625,39847,0.0012407677
1626,79321,0.010963289
1627,33714,0.008558585
1628,8185,0.005811785
1629,33287,2.0589571e-13
1630,71824,1.4186224e-10
1631,110247,2.0013474e-08
1632,12700,7.835222e-05
1633,70960,0.09043537
1634,39957,0.00039437631
1635,64404,1.3773943e-09
1636,29548,0.0045748698
1637,67866,0.001458661
1638,8942,1.4237127e-06
1639,8793,0.008096142
1640,1984,1.3499017e-07
1641,54083,1.3277954e-05
1642,12403,0.009101587
1643,89358,0.08256352
1644,26051,4.387135e-14
1645,113947,3.3235903e-12
1646,19534,2.7604486e-07
1647,8431,2.2087052e-06
1648,80430,0.001458661
1649,82380,8.739876e-05
1650,85256,6.1634026e-05
1651,33280,0.07103359
1652,82210,5.2479073e-11
1653,28072,2.7804605e-09
1654,102469,0.04373174
1655,107699,0.030569442
1656,57321,0.0012442914
1657,22349,0.0037922664
1658,60153,0.05741278
1659,5061,5.9021227e-07
1660,23387,0.010593114
1661,5517,0.05351113
1662,65283,3.3237965e-10
1663,16901,1.4466057e-09
1664,87962,0.0043501053
1665,9833,2.8247254e-07
1666,14035,5.294914e-10
1667,84040,0.00013306871
1668,42855,0.0018680645
1669,81674,0.0048456895
1670,18309,6.650602e-10
1671,29220,0.032544143
1672,7715,6.782036e-05
1673,5539,0.0055553857
1674,37552,5.391196e-14
1675,52302,0.010531615
1676,68568,0.009181562
1677,38397,0.00025492033
1678,66331,7.56296e-10
1679,70190,1.5992007e-05
1680,97451,0.011170823
1681,83103,1.2482432e-05
1682,36755,0.009166495
1683,107500,0.057786837
1684,41703,0.000783257
1685,10429,1.3541071e-08
1686,104603,1.610686e-05
1687,4449,0.02363173
1688,12725,2.0276428e-05
1689,57834,4.4207676e-14
1690,58780,1.9902669e-07
1691,2133,0.032544143
1692,114796,7.1060504e-07
1693,26855,0.0006208793
1694,21580,9.076059e-09
1695,69987,0.032114133
1696,27241,2.5789113e-10
1697,32805,0.051730532
1698,12942,0.18226705
1699,94222,0.009184932
1700,53274,7.928253e-11
1701,58909,1.111003e-14
1702,91989,0.045750935
1703,78903,0.0020144612
1704,63817,6.8281945e-05
1705,87824,6.1634026e-05
1706,66221,8.655137e-07
1707,7958,0.012955633
1708,16800,5.4649958e-05
1709,11136,6.119432e-09
1710,79486,0.005616725
1711,21459,5.8843067e-05
1712,355,0.0036302214
1713,63777,0.001413896
1714,38675,2.8933277e-06
1715,91824,0.009181562
1716,70740,0.03468771
1717,2020,1.1501169e-06
1718,13667,0.0002784047
1719,72653,0.005869099
1720,106911,0.003822522
1721,87485,0.051543478
1722,40724,0.005603552
1723,52991,0.0005368607
1724,27590,3.965714e-14
1725,16494,7.0763416e-14
1726,111847,5.7823017e-13
1727,76855,0.009181562
1728,85458,0.068451926
1729,115911,0.057786837
1730,54354,0.051730532
1731,36635,0.06855405
1732,43654,5.2724353e-12
1733,45006,0.00012038292
1734,43523,3.2181023e-13
1735,58853,0.042838734
1736,30509,3.556509e-08
1737,14466,2.7366995e-10
1738,107166,4.73115e-12
1739,44103,7.788518e-11
1740,98741,4.0388786e-06
1741,102953,0.002352249
1742,78272,0.04980838
1743,103495,3.3718076e-10
1744,35789,0.009084299
1745,96531,0.005616725
1746,113386,1.29545415e-05
1747,69839,0.05137095
1748,101149,1.2452172e-05
1749,35988,0.0013792627
1750,99748,3.255935e-06
1751,64633,0.008089746
1752,86532,9.663086e-06
1753,64094,0.0008058705
1754,114755,1.00317575e-05
1755,7168,0.0055553857
1756,90819,0.00020824316
1757,45718,0.03468771
1758,20429,0.015370219
1759,34947,0.009084299
1760,14928,6.98763e-15
1761,10891,3.134465e-06
1762,105920,0.0033481172
1763,68527,7.456814e-12
1764,95399,0.0039557265
1765,4292,0.09419365
1766,73850,3.0593877e-05
1767,80860,0.2270918
1768,70131,9.483398e-14
1769,15511,4.9056205e-15
1770,33010,0.009084299
1771,45403,0.010593114
1772,46449,7.807626e-06
1773,33663,0.019825885
1774,113527,3.094367e-11
1775,13964,3.1836614e-06
1776,52993,0.01599817
1777,46923,0.0013154529
1778,23507,0.00063523813
1779,86992,6.1634026e-05
1780,96366,2.094856e-11
1781,17387,1.3509643e-07
1782,90873,0.007859338
1783,105686,4.5120218e-05
1784,58073,0.0005368607
1785,81778,6.1634026e-05
1786,6472,0.009896677
1787,102875,0.010597673
1788,53876,0.045421273
1789,36387,8.086808e-06
1790,25810,0.016769435
1791,44996,0.0009954225
1792,80050,1.5255279e-07
1793,560,0.06864146
1794,102463,0.0046549067
1795,48204,0.1759755
1796,79421,9.733291e-07
1797,25339,3.830396e-05
1798,54848,0.03468771
1799,23317,0.054537673
1800,74234,3.924489e-17
1801,113327,0.05216715
1802,42063,9.191231e-12
1803,88450,0.0020144612
1804,75418,1.0615921e-09
1805,100510,0.008506531
1806,103342,3.1976444e-07
1807,79440,3.1447338e-11
1808,112749,0.026535407
1809,70701,2.8996949e-08
1810,82386,0.015952623
1811,28908,7.2105243e-12
1812,11501,5.901988e-08
1813,36576,0.0062155286
1814,38710,0.017034432
1815,104125,0.050779287
1816,62095,3.198254e-08
1817,53574,0.00038691505
1818,90966,4.5120218e-05
1819,71970,0.008845419
1820,24668,1.4580267e-09
1821,75564,0.016153403
1822,5627,3.5402056e-07
1823,81830,0.0011978004
1824,53804,1.708085e-07
1825,18676,0.037729155
1826,107019,0.0022946554
1827,24132,2.0892041e-09
1828,112275,0.024022058
1829,107299,0.009184932
1830,68457,6.6981785e-09
1831,16066,4.5468095e-14
1832,70353,7.173843e-12
1833,16532,6.241137e-05
1834,82071,0.02154138
1835,72110,7.173843e-12
1836,90378,0.08129233
1837,43970,0.005603552
1838,100267,6.8422774e-11
1839,83474,0.0011291868
1840,69741,6.1634026e-05
1841,21047,1.6242319e-06
1842,29173,1.6579178e-10
1843,23608,0.00031359433
1844,13079,4.634217e-06
1845,98290,4.0268908e-10
1846,103442,2.3792883e-09
1847,41176,8.919023e-05
1848,38716,3.1438205e-12
1849,74958,3.778623e-10
1850,96913,0.09024777
1851,99496,6.7349515e-11
1852,29143,0.022921072
1853,57810,0.0036406247
1854,46041,0.03531721
1855,14392,0.017034432
1856,71139,0.1759755
1857,72092,0.0807709
1858,31331,1.6927557e-11
1859,56763,0.008845419
1860,64044,3.130716e-08
1861,43101,0.0012407677
1862,60420,6.4319745e-09
1863,43678,2.8984583e-14
1864,62924,3.113472e-11
1865,36371,0.017034432
1866,18949,0.00036237665
1867,111922,0.001458661
1868,3596,4.10301e-06
1869,11714,0.022016345
1870,49380,1.3576248e-11
1871,112519,0.0005003087
1872,72064,0.024432875
1873,29973,1.719849e-11
1874,38252,0.9994165
1875,103931,1.6924037e-11
1876,45509,0.14663936
1877,48802,0.009084299
1878,16175,3.5718781e-09
1879,83451,0.00031002532
1880,53553,0.024107663
1881,51019,5.061903e-05
1882,68472,0.01222334
1883,91793,0.025916465
1884,41660,0.007630734
1885,4368,0.008096142
1886,20448,0.0037922664
1887,24473,2.9374962e-13
1888,93090,2.1863154e-10
1889,42878,0.004113125
1890,37313,5.3762524e-15
1891,98800,0.0014800583
1892,53218,0.045421273
1893,4511,6.6761083e-07
1894,110041,0.00053932745
1895,77048,0.009084299
1896,94858,1.9254698e-12
1897,24203,0.03239536
1898,71044,0.010597673
1899,80359,1.4630668e-08
1900,51850,1.0221657e-05
1901,37119,1.0332097e-09
1902,32712,0.032544143
1903,53139,0.034754902
1904,74775,4.005022e-10
1905,36828,0.011426199
1906,69251,0.0046549067
1907,110236,0.00029899285
1908,59680,2.0195271e-12
1909,51903,0.010531615
1910,57658,0.005948026
1911,25120,1.6231285e-16
1912,26900,1.3368829e-05
1913,87396,0.96136636
1914,19255,1.4879845e-08
1915,42336,5.1557053e-12
1916,38050,0.0009831698
1917,1081,1.191411e-08
1918,46451,0.009166495
1919,113329,7.430222e-12
1920,50348,7.844898e-07
1921,50075,0.034754902
1922,67370,0.009942993
1923,47568,1.1161938e-11
1924,22477,7.1733326e-13
1925,39525,2.0119032e-08
1926,111884,0.0002613049
1927,68605,0.001458661
1928,77109,0.04136728
1929,104009,0.012618662
1930,63890,0.31014928
1931,36011,4.77237e-07
1932,86858,0.0003186244
1933,57494,1.0142016e-06
1934,43799,2.0473379e-17
1935,19721,1.1607574e-05
1936,84654,6.1634026e-05
1937,70290,0.004344768
1938,107557,0.003822522
1939,85934,0.0022382287
1940,2561,0.009881465
1941,80215,1.9379705e-09
1942,2374,9.4367624e-07
1943,13007,0.26456806
1944,59644,0.001458661
1945,27988,2.7657323e-11
1946,41193,2.5154677e-06
1947,42188,0.034754902
1948,79473,0.0022672305
1949,115486,2.9796874e-14
1950,16313,5.969172e-14
1951,86285,0.039752092
1952,80602,1.8965558e-07
1953,88642,1.111003e-14
1954,18454,3.0007534e-06
1955,64272,3.49831e-05
1956,103269,0.017114835
1957,17261,3.8914557e-08
1958,81505,9.631776e-06
1959,110465,1.5304182e-11
1960,24794,2.8736554e-07
1961,16393,9.1572067e-10
1962,13454,9.693281e-11
1963,5730,0.03683572
1964,63782,2.038322e-09
1965,48940,0.04980838
1966,56551,0.0807709
1967,31188,0.06865799
1968,95600,0.02742935
1969,100178,0.03489507
1970,85187,5.3717926e-08
1971,75273,6.1634026e-05
1972,78051,1.7940278e-11
1973,13439,7.084365e-10
1974,8586,0.03456673
1975,56341,0.00527508
1976,18102,0.03400554
1977,50284,8.8085886e-07
1978,42809,0.051730532
1979,111555,0.005616725
1980,21996,1.03522275e-07
1981,82115,0.0020144612
1982,57363,0.05047838
1983,83009,0.0014187942
1984,42252,6.159177e-07
1985,97422,0.08167636
1986,6259,1.266698e-06
1987,76777,1.6618174e-07
1988,54386,1.7158173e-07
1989,31880,2.8834355e-12
1990,44853,2.9374962e-13
1991,99025,0.028606337
1992,52071,0.008558585
1993,157,0.0001103618
1994,60004,0.012230066
1995,45976,7.1795096e-12
1996,47080,0.0010522492
1997,16757,8.893472e-16
1998,31179,0.009084299
1999,45745,5.2724353e-12
2000,66155,0.16609214
2001,109292,1.2602031e-05
2002,302,6.096257e-07
2003,96501,0.0014427594
2004,81103,0.0048167007
2005,48345,0.0055048945
2006,96653,0.05741278
2007,61494,0.04787555
2008,75222,0.0020144612
2009,78280,1.2094834e-11
2010,23672,3.1028202e-10
2011,41067,2.8632571e-06
2012,54155,0.009084299
2013,12892,0.0005368607
2014,109945,0.051720127
2015,25108,0.010593114
2016,63053,0.05741278
2017,7659,0.0034610408
2018,99917,3.2561226e-07
2019,89490,0.0036406247
2020,98975,1.2738234e-06
2021,56850,0.0005866832
2022,33198,0.004344768
2023,94326,0.00031867815
2024,62604,0.00022030159
2025,44687,0.0002087937
2026,26247,0.027574962
2027,24596,0.00027110163
2028,22471,1.1607574e-05
2029,109546,0.005616725
2030,86555,4.4255035e-09
2031,114176,0.00237759
2032,93601,0.008845419
2033,46224,2.2602645e-10
2034,24626,0.007630734
2035,54807,0.032544143
2036,11987,0.042422004
2037,49808,0.02645108
2038,89284,9.2322385e-05
2039,72669,0.009181562
2040,72532,0.0004978357
2041,62652,0.007630734
2042,57371,4.3155723e-09
2043,71497,0.05741278
2044,85389,0.022237206
2045,23681,0.017281346
2046,115368,6.1634026e-05
2047,86800,7.163718e-10
2048,65479,2.9659017e-07
2049,80989,9.514435e-10
2050,71459,0.001458661
2051,1012,1.2193432e-05
2052,93177,0.08167636
2053,5660,0.030362666
2054,88966,0.0020144612
2055,61819,0.005603552
2056,113078,0.06865799
2057,8250,4.4970454e-07
2058,50744,0.004344768
2059,65438,7.7405156e-07
2060,77728,0.011426199
2061,72949,0.008845419
2062,105733,0.007630734
2063,98874,0.048240427
2064,42888,0.017074263
2065,5058,1.1521236e-06
2066,46238,1.5348866e-06
2067,76112,1.0072091e-07
2068,79422,0.012524341
2069,58364,9.670153e-09
2070,103132,0.024684858
2071,30453,0.009084299
2072,24839,4.6852954e-05
2073,106520,0.0048330687
2074,17376,3.8048575e-12
2075,103529,6.002596e-07
2076,57527,0.003682228
2077,7789,0.06864146
2078,4470,0.010719061
2079,100541,0.017093383
2080,74073,0.00079286017
2081,78194,0.00011763776
2082,95070,0.0043134163
2083,31883,0.05137095
2084,73918,0.0057430975
2085,88812,1.2452172e-05
2086,88058,0.009181562
2087,79973,0.068451926
2088,15050,1.7926303e-07
2089,87898,0.0048297467
2090,53266,2.091974e-14
2091,105488,2.2589866e-08
2092,33053,7.49232e-10
2093,62380,0.03231761
2094,103824,1.07829834e-07
2095,69182,0.032368287
2096,69850,0.010438445
2097,19832,1.0146174e-14
2098,10170,0.017869916
2099,1867,0.0065568713
2100,62655,2.7559432e-11
2101,88004,0.0807709
2102,70672,3.7954676e-10
2103,59656,0.008558585
2104,4022,1.7086224e-06
2105,87877,0.05741278
2106,27386,3.1446255e-11
2107,8091,1.5867263e-06
2108,1443,0.009101587
2109,58006,0.0016668767
2110,49371,2.7859517e-15
2111,76643,0.009181562
2112,49817,0.017034432
2113,108537,4.0484848e-14
2114,64336,1.2452172e-05
2115,31511,1.5621321e-05
2116,11783,6.4653716e-12
2117,6984,1.7478537e-06
2118,33397,5.46225e-11
2119,97416,0.08167636
2120,112949,6.1634026e-05
2121,33271,0.0006310822
2122,43688,0.00063523813
2123,16905,2.4851166e-09
2124,73308,3.2132234e-11
2125,34695,1.774629e-07
2126,11672,2.1993892e-05
2127,30066,0.024432875
2128,20886,0.000783257
2129,57423,0.008558585
2130,66527,7.04306e-09
2131,97271,0.05216715
2132,11563,6.177572e-07
2133,95709,0.0020144612
2134,930,2.427431e-06
2135,80442,0.00063523813
2136,30413,2.05045e-06
2137,18223,1.9210886e-06
2138,4234,1.1143538e-07
2139,58383,7.1051734e-11
2140,66593,3.818309e-11
2141,22741,6.84324e-08
2142,112243,0.039752092
2143,111177,0.0011803135
2144,33624,0.017114835
2145,103358,1.1097704e-14
2146,48701,4.7012183e-10
2147,81221,0.068451926
2148,1882,0.50000733
2149,95330,2.5413328e-07
2150,36832,0.008845419
2151,48370,6.6042514e-09
2152,16422,1.582125e-11
2153,36970,0.008298639
2154,26670,0.03239536
2155,62453,0.009115906
2156,27696,0.00045373422
2157,59190,0.008298639
2158,96994,0.0015147561
2159,75150,0.022565637
2160,52818,7.2105243e-12
2161,95540,0.017093383
2162,62769,0.0017302294
2163,9868,3.6357806e-06
2164,76152,0.051730532
2165,75112,0.0023865746
2166,67588,5.547213e-07
2167,30815,7.132278e-05
2168,42923,0.010593114
2169,71706,0.009181562
2170,8009,7.4503e-05
2171,36870,0.022892
2172,98351,0.0020144612
2173,38693,0.0085101
2174,81602,0.01609576
2175,16265,0.0014692483
2176,38570,3.4124288e-12
2177,77756,0.042080145
2178,75096,2.1532604e-11
2179,338,5.901988e-08
2180,108308,2.3145197e-09
2181,112029,6.1634026e-05
2182,52982,0.019825885
2183,34188,0.00021321175
2184,27565,2.7657323e-11
2185,110748,0.025923373
2186,1405,7.1733326e-13
2187,2349,1.7309707e-05
2188,82866,7.764079e-10
2189,18444,2.8462818e-10
2190,63707,8.655846e-07
2191,97657,4.1156865e-09
2192,92621,0.001458661
2193,58380,3.8978076e-08
2194,58270,0.022237206
2195,84842,1.9338783e-10
2196,12365,2.3297275e-14
2197,11124,1.3436459e-06
2198,29343,3.7236197e-07
2199,112106,5.811495e-08
2200,104130,4.4419963e-08
2201,58259,0.00027771597
2202,24219,0.086333364
2203,7689,1.2048876e-07
2204,12530,4.9091387e-08
2205,13532,6.4653716e-12
2206,84528,0.009181562
2207,5803,0.021591296
2208,109419,0.000121719226
2209,109649,1.9534067e-11
2210,28634,0.00028317107
2211,53288,0.009084299
2212,12263,0.009101587
2213,86509,5.099627e-05
2214,23760,1.186784e-06
2215,99052,0.0011813674
2216,19147,2.173332e-07
2217,95004,0.009447547
2218,97053,0.007630734
2219,40793,0.018607568
2220,53059,0.0003300177
2221,98564,1.2452172e-05
2222,89700,0.024684858
2223,104846,4.5120218e-05
2224,10623,0.0048271464
2225,75728,1.1141153e-08
2226,54508,9.756807e-08
2227,57346,3.4637464e-09
2228,29279,1.7505733e-13
2229,15797,1.4144739e-08
2230,39118,0.0056859935
2231,81518,0.033508785
2232,65496,0.0023870617
2233,20854,0.000783257
2234,89525,0.062280994
2235,102812,0.04270712
2236,89115,0.007630734
2237,13558,1.0247801e-09
2238,30471,0.051730532
2239,19881,2.7859517e-15
2240,107607,0.0007993315
2241,87400,0.017034432
2242,85549,0.0020144612
2243,113757,1.4473012e-09
2244,18115,0.024432875
2245,32618,1.7176345e-07
2246,35257,3.9679735e-12
2247,7222,1.0257466e-05
2248,63868,1.5763313e-06
2249,76847,1.00630805e-05
2250,98309,7.6493223e-10
2251,34796,0.002326155
2252,24285,0.005603552
2253,62115,0.049207777
2254,57267,0.000361744
2255,68902,1.424484e-06
2256,29634,0.017114835
2257,9648,4.746891e-14
2258,30411,5.461914e-08
2259,14944,1.5251277e-13
2260,67951,0.01542254
2261,47045,0.0007878434
2262,62458,0.00063523813
2263,62789,3.818975e-13
2264,17085,0.09722748
2265,94494,0.0010522492
2266,44828,1.4496483e-06
2267,69556,1.6258369e-08
2268,80161,0.007859338
2269,30358,4.2861085e-08
2270,79804,1.0962761e-11
2271,33670,0.00012038292
2272,90744,0.45919418
2273,114362,1.29545415e-05
2274,98168,0.001458661
2275,7523,0.058186088
2276,37423,1.5942138e-05
2277,108526,0.0009650495
2278,26729,0.005603552
2279,74565,0.0020144612
2280,48846,0.08256352
2281,4425,1.0377215e-07
2282,34282,1.8508272e-12
2283,33891,0.06865799
2284,80110,0.028758163
2285,5980,0.0034610408
2286,32195,0.0027573653
2287,88598,0.05741278
2288,22443,5.1175298e-14
2289,81236,0.0044127395
2290,86908,0.025916465
2291,108086,3.4297843e-06
2292,81584,0.010531615
2293,50817,1.1612829e-06
2294,46799,0.010593114
2295,60386,0.009084299
2296,1602,0.051730532
2297,78096,0.010597673
2298,82995,0.0003861692
2299,100473,1.7021076e-09
2300,21181,5.7784066e-14
2301,98603,0.009184932
2302,89491,6.083991e-07
2303,52682,0.0006084542
2304,18714,0.01599817
2305,87119,0.00011242025
2306,38383,0.0009117629
2307,29444,2.0589571e-13
2308,104226,0.0014177117
2309,62808,0.0031612949
2310,97139,0.036975846
2311,8706,2.8049003e-08
2312,3631,0.03454235
2313,66798,0.00046554045
2314,11710,0.001142084
2315,75968,0.0019963898
2316,69233,1.5992007e-05
2317,22547,4.8012616e-10
2318,19872,0.00038847717
2319,102413,0.0032491677
2320,76700,0.0014187942
2321,35667,0.0009993503
2322,75641,0.0020144612
2323,30773,1.5593311e-07
2324,94740,5.53684e-11
2325,11742,0.009101587
2326,72467,0.017440932
2327,106428,0.044508
2328,80087,1.3320041e-10
2329,33563,0.051730532
2330,12407,4.0026295e-11
2331,66863,1.2452172e-05
2332,20710,1.5971257e-06
2333,110260,6.1634026e-05
2334,67431,6.1634026e-05
2335,71155,6.1634026e-05
2336,43943,0.05137095
2337,101109,2.3017611e-07
2338,45442,7.309424e-06
2339,81646,0.007630734
2340,31037,0.00063523813
2341,26366,0.007630734
2342,74630,2.854634e-09
2343,106069,2.0912362e-06
2344,82843,3.536849e-09
2345,13395,0.005504135
2346,88639,1.2440659e-09
2347,3664,0.008096142
2348,1190,0.15119436
2349,67788,0.0010960877
2350,113303,1.29545415e-05
2351,81958,0.017034432
2352,108177,0.009184932
2353,15532,0.0009954225
2354,109613,0.045894172
2355,7194,0.010719061
2356,74927,7.860108e-07
2357,72263,9.752133e-07
2358,7838,2.5540709e-08
2359,71486,0.0048167007
2360,35028,1.9783848e-09
2361,111132,1.26795685e-05
2362,67447,0.042080145
2363,87836,0.05741278
2364,48677,5.333118e-13
2365,56735,0.04787555
2366,43078,5.264331e-10
2367,63305,0.008845419
2368,88183,0.0031216643
2369,88984,2.8029492e-11
2370,35873,1.5367427e-14
2371,68185,0.06710639
2372,5937,3.9486117e-06
2373,9821,1.05849765e-07
2374,96476,0.024684858
2375,109445,0.0004731617
2376,106753,0.016113395
2377,36220,0.027574962
2378,15163,6.749849e-13
2379,12295,0.015697025
2380,111744,7.403436e-05
2381,72828,0.0004229503
2382,45214,0.005603552
2383,33490,0.7767561
2384,45746,2.7859517e-15
2385,18612,1.1389693e-06
2386,93732,0.005616725
2387,49298,1.6018584e-08
2388,8785,0.0001233173
2389,47252,0.118461
2390,88138,0.06983903
2391,21159,0.119721174
2392,2640,1.9926834e-05
2393,66433,2.1494229e-08
2394,95763,0.05741278
2395,95351,0.027660152
2396,83309,7.173843e-12
2397,114228,0.00029899285
2398,67144,0.011426199
2399,6436,5.2867916e-05
2400,96872,5.1525594e-12
2401,40342,0.014795163
2402,32978,0.008845419
2403,37763,0.0031121918
2404,85559,6.9328193e-10
2405,54442,0.0027688502
2406,13461,2.9088127e-08
2407,101359,0.024684858
2408,66068,1.2462176e-05
2409,46247,0.001381635
2410,100513,3.1202253e-11
2411,58957,0.0030274577
2412,71402,0.0017967871
2413,41699,0.015332866
2414,13227,2.1337576e-06
2415,113766,0.03189987
2416,85595,0.009181562
2417,47175,4.908297e-05
2418,60076,7.718623e-12
2419,11579,0.195312
2420,114994,0.00020990532
2421,33306,0.010531615
2422,26188,0.008595837
2423,42130,0.0029674894
2424,305,1.4394307e-06
2425,18561,3.4837938e-10
2426,16146,0.00021022696
2427,94285,8.812865e-07
2428,108075,0.0037801657
2429,57522,0.0048167007
2430,66843,9.483398e-14
2431,87228,0.007630734
2432,71239,0.005616725
2433,71204,1.6636741e-06
2434,104972,0.08167636
2435,85721,0.001458661
2436,28498,0.1605435
2437,51049,0.0055402275
2438,60773,1.377829e-07
2439,83679,0.008845419
2440,85333,1.1000516e-09
2441,1514,2.8062767e-11
2442,67159,1.1579762e-06
2443,99681,0.05769793
2444,100048,3.0744723e-10
2445,78552,0.009084299
2446,35622,1.4650538e-10
2447,23973,3.1058683e-11
2448,51233,3.1895632e-14
2449,38453,0.0006500485
2450,5108,3.941802e-10
2451,5279,4.960909e-07
2452,93151,2.65262e-07
2453,112281,0.04787555
2454,59124,0.05047838
2455,96793,0.042838734
2456,105466,0.0077334153
2457,71262,1.8291824e-10
2458,712,0.022986861
2459,87522,0.04980838
2460,79206,3.5885225e-11
2461,23900,8.4375966e-07
2462,22198,1.0146174e-14
2463,88709,0.017093383
2464,103324,0.057786837
2465,74172,1.2452172e-05
2466,97568,0.012003526
2467,52717,4.5085815e-09
2468,79529,0.008406797
2469,114695,0.0038362336
2470,107384,0.048240427
2471,15704,7.3477946e-05
2472,3614,0.04157999
2473,54375,0.005948026
2474,104923,9.689884e-06
2475,108568,0.003919443
2476,108019,0.057786837
2477,114895,0.0014921338
2478,73785,0.00079286017
2479,53970,0.0023916445
2480,94314,0.0014072479
2481,13054,0.010544453
2482,67100,0.009984498
2483,52768,5.030019e-05
2484,92641,0.04536966
2485,8597,9.035368e-05
2486,30062,3.1114535e-11
2487,102649,0.050779287
2488,60836,1.7326597e-08
2489,71249,0.009181562
2490,4895,6.514023e-07
2491,50060,0.0055402275
2492,23903,0.0006208793
2493,84818,3.4539255e-07
2494,105467,5.916685e-08
2495,87624,0.0022382287
2496,37678,0.0023452847
2497,13947,9.565165e-10
2498,80955,1.8227086e-06
2499,43777,0.0037783093
2500,40536,1.4712136e-06
2501,41462,0.051730532
2502,64680,2.9054146e-11
2503,93271,0.005616725
2504,63535,3.6434867e-06
2505,15018,0.009471986
2506,100075,6.8422774e-11
2507,71661,0.009181562
2508,44139,1.7643897e-10
2509,26665,0.017074263
2510,87097,0.008845419
2511,106339,8.265472e-08
2512,4570,9.421612e-05
2513,102651,3.87357e-13
2514,9782,0.042291485
2515,46691,5.2585757e-12
2516,102363,0.0048167007
2517,111708,6.1634026e-05
2518,28128,1.207565e-05
2519,72924,3.28571e-05
2520,54309,0.00011763776
2521,71560,0.009181562
2522,110944,0.005616725
2523,79805,5.603857e-12
2524,49620,0.059927102
2525,93058,6.1634026e-05
2526,4025,0.0013460611
2527,31871,0.054796174
2528,33169,4.4252324e-13
2529,85461,0.017440932
2530,36369,0.0006500485
2531,57617,0.00063523813
2532,51195,0.0024974335
2533,23112,4.364182e-11
2534,106784,0.0068329745
2535,90505,0.017093383
2536,23015,1.6897274e-10
2537,40173,5.769079e-14
2538,89870,0.006053673
2539,108860,0.057828885
2540,59720,1.9525235e-07
2541,98082,7.5466483e-10
2542,23928,0.004426457
2543,23332,6.172037e-10
2544,78834,1.248098e-05
2545,87946,0.007630734
2546,67664,0.004438166
2547,88274,0.042838734
2548,1774,0.028758163
2549,105319,0.04587008
2550,88417,0.009181562
2551,23222,6.1639525e-06
2552,49392,1.2259274e-05
2553,36241,0.00015351642
2554,108854,0.08167636
2555,71900,0.001458661
2556,64820,0.0023870617
2557,78241,0.017034432
2558,1531,6.379268e-09
2559,53654,6.1634026e-05
2560,41175,8.919023e-05
2561,94552,0.0037506393
2562,10309,1.3380501e-06
2563,55223,0.1016414
2564,26748,0.0009831698
2565,46244,6.7584523e-07
2566,45200,3.073936e-08
2567,29916,0.01609344
2568,78703,0.023193115
2569,98520,0.009184932
2570,65044,0.0007983909
2571,113206,5.600786e-06
2572,51540,0.0003300177
2573,18906,0.010553112
2574,45956,0.007863321
2575,70072,0.010597673
2576,6783,0.008548419
2577,84452,9.9047284e-08
2578,60050,0.0025068019
2579,71615,3.6238488e-11
2580,71498,1.2259274e-05
2581,95117,0.0007983909
2582,72948,0.0014694983
2583,46084,8.733892e-06
2584,11682,0.03683572
2585,77762,0.009084299
2586,102294,0.017440932
2587,51097,7.1359316e-12
2588,9136,3.246557e-07
2589,25029,0.010593114
2590,2080,0.005811121
2591,62749,0.05741278
2592,8845,3.246557e-07
2593,107578,0.00026335605
2594,86152,0.009181562
2595,26609,0.000533036
2596,99339,0.028758163
2597,59542,0.012559696
2598,85827,2.7199456e-12
2599,103743,0.03489507
2600,106328,0.057786837
2601,85755,2.3844176e-09
2602,33623,0.00092866045
2603,33999,0.008558585
2604,88363,0.0043820064
2605,77724,4.5085815e-09
2606,70180,0.00079286017
2607,87870,0.0055402275
2608,105218,3.5757647e-12
2609,111373,0.014298061
2610,29261,5.0426797e-06
2611,97371,0.0005443191
2612,100044,0.00031867815
2613,43899,5.783471e-09
2614,57626,6.31272e-09
2615,35970,1.7639732e-13
2616,86590,0.051730532
2617,37296,0.010531615
2618,33183,0.06260726
2619,68070,0.024432875
2620,72838,0.02006725
2621,76357,5.5779864e-12
2622,37817,2.9374962e-13
2623,112488,1.082027e-08
2624,65053,4.1572862e-10
2625,61599,0.005603552
2626,101496,0.004355834
2627,106255,0.029476257
2628,31087,0.009084299
2629,13338,8.6865174e-07
2630,33272,1.207565e-05
2631,10543,9.920767e-07
2632,101093,0.014949887
2633,5308,1.5436267e-07
2634,27886,0.009084299
2635,71297,4.454859e-08
2636,11569,0.007630734
2637,96111,0.010597673
2638,46255,5.769079e-14
2639,111218,0.030449556
2640,38245,2.7859517e-15
2641,4258,0.00456404
2642,6858,4.4975106e-05
2643,72240,0.009181562
2644,91568,0.009181562
2645,19576,0.0034608932
2646,79951,1.0962761e-11
2647,54711,0.009181562
2648,68629,6.851285e-08
2649,7946,0.16353935
2650,44979,2.9374962e-13
2651,42705,5.2724353e-12
2652,39528,0.00068238936
2653,86094,0.02319666
2654,94623,1.655191e-10
2655,105498,0.031891707
2656,22592,0.0028254327
2657,71006,0.010597673
2658,14490,1.9613863e-06
2659,46342,1.424484e-06
2660,108553,0.009184932
2661,5399,0.021591296
2662,100551,2.9715503e-09
2663,101396,0.0025287347
2664,64817,1.2452172e-05
2665,39658,2.0805172e-11
2666,48452,4.942278e-18
2667,88059,0.0003186244
2668,534,6.404403e-10
2669,59428,0.05741278
2670,17734,2.0421024e-11
2671,103762,0.02304617
2672,74941,0.00033184
2673,103726,3.1429765e-11
2674,2086,4.250143e-08
2675,22240,1.2336577e-08
2676,81442,0.0020144612
2677,12009,3.370303e-10
2678,77883,6.3867745e-05
2679,44500,0.091762505
2680,111938,1.26795685e-05
2681,49414,0.008845419
2682,97215,0.010597673
2683,96887,0.010597673
2684,74903,5.957463e-08
2685,21236,0.0009673698
2686,28830,0.017074263
2687,75445,6.9555174e-11
2688,3905,7.2591094e-05
2689,102588,4.3115513e-08
2690,33589,0.008845419
2691,58722,0.025916465
2692,98883,4.387135e-14
2693,44925,2.0597712e-08
2694,110178,0.0023845648
2695,85243,0.00079956837
2696,36023,0.009084299
2697,16690,4.8852264e-08
2698,83985,0.0048456895
2699,46958,0.005603552
2700,115434,3.3261271e-12
2701,32949,7.2105243e-12
2702,54082,0.004334145
2703,84467,0.014820525
2704,68150,0.0015699562
2705,62073,2.1261975e-08
2706,93464,0.062280994
2707,53685,0.0002784047
2708,33923,0.0054423967
2709,65981,1.2462176e-05
2710,99768,1.2452172e-05
2711,110454,4.8905567e-05
2712,34936,0.0055402275
2713,7203,0.0030808074
2714,12652,6.0120976e-15
2715,107163,0.0024574343
2716,26585,9.715794e-06
2717,104578,0.0016276693
2718,46693,0.22167455
2719,64512,0.0007983909
2720,12032,0.009101587
2721,22127,2.4355534e-13
2722,45441,0.00044520805
2723,114562,1.0967492e-06
2724,10129,9.400047e-08
2725,102744,0.00066892005
2726,49499,0.009084299
2727,95059,1.2452172e-05
2728,11544,0.083296984
2729,75771,3.830396e-05
2730,26933,0.017074263
2731,73047,0.042838734
2732,96374,0.007859338
2733,82986,1.515096e-07
2734,65620,1.2462176e-05
2735,72620,0.025916465
2736,92951,1.1849254e-07
2737,6447,0.036845025
2738,60330,0.01599817
2739,19894,0.002983165
2740,75297,2.7166227e-08
2741,55845,0.0003547117
2742,90551,0.007630734
2743,95263,0.0043134163
2744,78126,0.0020144612
2745,98738,0.01936989
2746,8162,0.042730037
2747,22441,7.791213e-17
2748,68818,0.0001353831
2749,937,6.9112252e-06
2750,81094,6.1634026e-05
2751,14061,0.13233298
2752,13296,0.0025393388
2753,3348,1.1920459e-06
2754,48543,2.0589571e-13
2755,37621,1.8371799e-09
2756,25973,5.9222934e-13
2757,98955,0.00092866045
2758,66638,3.7062255e-09
2759,32507,1.0033652e-06
2760,96284,6.0994382e-12
2761,72194,0.009181562
2762,88576,0.00032859805
2763,52785,0.0006208793
2764,76421,0.01609576
2765,27077,7.2105243e-12
2766,56318,1.1085446e-08
2767,49316,3.9679735e-12
2768,78162,6.0030544e-07
2769,47752,8.512961e-08
2770,40347,0.0058295024
2771,66463,1.2177437e-09
2772,87910,1.7583528e-10
2773,18852,0.0009831698
2774,55925,7.8493736e-07
2775,85500,0.017034432
2776,110639,0.04364297
2777,2955,0.00012149623
2778,42003,4.719385e-06
2779,76705,6.1634026e-05
2780,46452,0.051730532
2781,105613,1.8972555e-06
2782,10538,4.184621e-10
2783,94941,0.05753619
2784,113486,0.112939715
2785,82209,0.0040587666
2786,58561,9.803581e-06
2787,89858,1.0414665e-05
2788,31224,0.008265372
2789,98598,0.0024435194
2790,49086,0.044023577
2791,36237,0.009084299
2792,30256,0.0006208793
2793,80338,0.0336302
2794,96364,3.2109826e-10
2795,67633,0.009181562
2796,100496,0.00020154114
2797,102256,2.5126062e-10
2798,73339,4.5322384e-05
2799,81048,3.54431e-07
2800,27347,0.0023937605
2801,105049,1.037268e-06
2802,103322,0.024684858
2803,60688,1.3415816e-09
2804,74302,0.0020144612
2805,101411,1.2452172e-05
2806,4042,0.00859817
2807,98289,6.905573e-12
2808,33448,0.007882589
2809,70763,0.15984544
2810,46770,0.01599817
2811,100794,2.025212e-09
2812,90082,0.005616725
2813,63511,1.2452172e-05
2814,115683,0.00045630007
2815,89304,1.2452172e-05
2816,98907,1.2452172e-05
2817,78538,6.9555174e-11
2818,31773,8.666139e-12
2819,85220,0.0061112233
2820,30465,2.0043713e-06
2821,108515,0.025923373
2822,845,1.2758323e-08
2823,51494,0.010149681
2824,34584,7.2105243e-12
2825,109698,0.026040489
2826,109339,0.001458661
2827,25540,7.667676e-07
2828,77718,3.924489e-17
2829,110464,1.3898798e-06
2830,86740,0.009181562
2831,85573,0.0012991489
2832,1962,1.3169125e-06
2833,14179,2.63689e-16
2834,47480,0.005603552
2835,92388,0.027660152
2836,4857,0.0018992445
2837,17678,9.620687e-06
2838,64751,5.970149e-11
2839,95160,1.605628e-05
2840,44421,0.007588476
2841,48145,3.1479295e-09
2842,113794,1.9763988e-07
2843,86802,6.1634026e-05
2844,16244,2.6213044e-16
2845,93114,2.0916632e-10
2846,96392,0.0005003087
2847,110406,7.17257e-12
2848,26925,0.08256352
2849,34346,2.971739e-08
2850,59209,0.04787555
2851,64730,7.932292e-11
2852,99151,0.0003382663
2853,104437,0.0056611053
2854,99110,5.4955995e-05
2855,44672,2.2077476e-08
2856,115986,9.1341186e-05
2857,55577,0.009084299
2858,44271,2.9457329e-13
2859,89111,0.010597673
2860,4530,1.5894069e-06
2861,32044,4.681891e-13
2862,72156,0.011969108
2863,86976,6.456031e-08
2864,36665,0.015377235
2865,40303,1.0146174e-14
2866,45194,4.077153e-12
2867,10236,0.14529857
2868,34739,0.00012038292
2869,102728,0.0010745595
2870,45043,0.015055959
2871,70991,0.005616725
2872,82159,0.007630734
2873,39846,2.3641195e-10
2874,25980,0.0006208793
2875,61453,0.0020144612
2876,9402,0.022016345
2877,8520,0.0002799167
2878,13297,0.12850517
2879,112813,0.057786837
2880,114851,1.8806101e-10
2881,62258,0.1016414
2882,104471,3.049393e-11
2883,46173,0.0036498394
2884,81871,1.248098e-05
2885,7776,0.0019061764
2886,26162,7.726338e-09
2887,100950,0.009184932
2888,93238,2.9777712e-07
2889,964,2.5461605e-07
2890,108972,6.1634026e-05
2891,72985,6.1634026e-05
2892,61424,0.010586334
2893,70108,0.009181562
2894,19778,2.9212615e-08
2895,17250,6.4653716e-12
2896,16763,2.9212615e-08
2897,72257,0.023193115
2898,64600,1.425419e-06
2899,53206,0.034754902
2900,38042,0.034754902
2901,69262,0.005616725
2902,81981,9.457988e-05
2903,71525,0.0035335503
2904,62257,0.0004182678
2905,9705,2.2153886e-06
2906,35111,2.8228487e-11
2907,4720,2.364583e-06
2908,2424,0.07286587
2909,6469,3.88133e-08
2910,17870,0.009115906
2911,92111,1.0708819e-09
2912,56839,0.0005368607
2913,21624,5.8119217e-06
2914,78042,5.865297e-06
2915,18622,1.1389693e-06
2916,48830,3.5619838e-10
2917,114806,8.584832e-09
2918,5095,0.08596802
2919,86481,6.1634026e-05
2920,103297,1.3320041e-10
2921,86136,0.009181562
2922,114650,4.1031184e-05
2923,77761,4.2910262e-11
2924,55256,0.0002784047
2925,107734,0.057786837
2926,91501,0.00019933778
2927,91394,4.115995e-07
2928,2967,0.043281093
2929,84544,6.3087e-09
2930,28658,3.1438205e-12
2931,33917,7.9427865e-14
2932,49112,2.091974e-14
2933,20842,1.9863677e-08
2934,64112,0.001413896
2935,76300,9.677288e-10
2936,58584,0.01728862
2937,46966,0.03239536
2938,38469,0.068451926
2939,9255,1.313868e-05
2940,44884,1.0569215e-12
2941,59642,2.668372e-05
2942,108189,0.009184932
2943,47793,0.051730532
2944,38811,0.00049652014
2945,3336,3.6156177e-08
2946,111116,0.00079956837
2947,17439,1.0510716e-08
2948,48439,2.059501e-11
2949,84779,0.008845419
2950,114963,0.0042938455
2951,42793,0.030306589
2952,24945,2.4587466e-06
2953,83722,0.05721007
2954,74762,7.361068e-10
2955,100321,0.006886601
2956,114447,0.0022382287
2957,111610,0.0020207777
2958,6561,0.072060786
2959,107231,0.003822522
2960,78118,3.6167692e-12
2961,86394,0.008506531
2962,94467,2.4801835e-08
2963,36406,0.016146887
2964,81567,0.0033025257
2965,75408,6.912634e-09
2966,103919,0.017114835
2967,61050,0.05741278
2968,30277,0.0035266695
2969,95023,1.2452172e-05
2970,70871,9.501198e-10
2971,56779,0.0020144612
2972,90999,7.173843e-12
2973,89121,1.8037289e-06
2974,61563,0.0007983909
2975,104492,0.0102125965
2976,3081,0.0048265187
2977,104892,5.9071536e-13
2978,102199,0.0069307243
2979,16677,2.860476e-06
2980,1393,3.5033424e-06
2981,28160,0.008845419
2982,94483,4.6604044e-12
2983,57046,0.017034432
2984,77085,9.984764e-10
2985,56440,3.8978076e-08
2986,5883,6.808699e-08
2987,60234,0.001458661
2988,46556,2.7859517e-15
2989,111857,0.005616725
2990,40446,1.5416302e-11
2991,59659,0.042080145
2992,53952,6.1634026e-05
2993,11545,0.07286587
2994,20725,0.10312156
2995,64911,1.8641395e-10
2996,8884,0.0006310822
2997,98805,0.01160575
2998,69261,3.8160735e-11
2999,320,0.010719061
3000,55817,9.803581e-06
3001,7067,3.246557e-07
3002,79035,0.003510634
3003,43186,0.0085101
3004,56649,0.0016079856
3005,40819,3.6501363e-06
3006,105276,0.048240427
3007,24159,0.051730532
3008,925,0.00033184
3009,5347,0.003302736
3010,6595,0.017869916
3011,27146,0.0024293626
3012,3251,0.008096142
3013,111032,2.1885492e-06
3014,5510,1.1398163e-07
3015,65152,7.2778766e-10
3016,106849,9.7526724e-09
3017,33106,0.022921072
3018,49436,1.4890177e-12
3019,83740,5.34292e-10
3020,111921,3.2699477e-12
3021,104880,1.9194375e-09
3022,82228,0.00020785356
3023,110469,1.0993857e-07
3024,100587,0.010597673
3025,70568,0.005616725
3026,48609,0.008558585
3027,12105,5.8584936e-07
3028,46929,0.09722748
3029,108266,0.007859338
3030,62211,0.07103359
3031,89648,0.0020144612
3032,101285,0.0003279852
3033,73373,0.0014177117
3034,80446,0.024533123
3035,99041,1.9350018e-08
3036,87279,0.068451926
3037,35518,0.010531615
3038,63606,0.003682228
3039,17733,2.8547409e-05
3040,18144,0.032486703
3041,37235,0.007630734
3042,105146,6.838138e-05
3043,75821,0.0020144612
3044,10406,0.0053352406
3045,33352,1.0146174e-14
3046,31097,0.015370219
3047,8102,1.0234895e-08
3048,70847,7.93589e-12
3049,35771,1.1161938e-11
3050,40620,4.072249e-08
3051,3243,3.384408e-05
3052,93296,0.042838734
3053,20035,2.8066366e-10
3054,26058,0.06855405
3055,22117,0.0010119245
3056,71257,0.0004978357
3057,96049,9.744857e-10
3058,14888,0.029043237
3059,94268,0.0052285832
3060,63556,0.006235533
3061,110478,0.042441774
3062,115917,0.03926236
3063,10186,6.6480984e-06
3064,42912,1.0146174e-14
3065,24822,2.9018307e-05
3066,3645,0.023629082
3067,76878,0.00038628338
3068,93049,0.001458661
3069,7686,2.1639643e-08
3070,50693,0.011418081
3071,16372,3.8807862e-10
3072,77167,3.5629178e-16
3073,46569,0.03239536
3074,114394,1.2800237e-05
3075,70831,0.08256352
3076,62839,0.05741278
3077,102240,0.05741278
3078,25303,0.0006208793
3079,10632,3.246557e-07
3080,87631,0.024684858
3081,104252,0.0464295
3082,23699,0.00028683466
3083,112570,1.157624e-08
3084,56051,0.039412297
3085,6861,1.1262658e-05
3086,84028,0.05216715
3087,108015,4.098129e-06
3088,90629,0.005616725
3089,80595,6.7116496e-05
3090,42290,0.017074263
3091,57555,0.010531615
3092,75604,1.346088e-12
3093,77873,0.0009854129
3094,75423,5.220969e-07
3095,75490,0.0033025257
3096,29355,0.0026337989
3097,49793,7.254703e-14
3098,33430,0.0010160669
3099,53547,0.0036302214
3100,19704,5.7332206e-10
3101,94466,0.009084299
3102,71665,8.224912e-07
3103,15087,1.7788058e-09
3104,14739,2.3188308e-14
3105,54419,2.3762434e-05
3106,101358,0.009184932
3107,11229,4.6035726e-05
3108,46422,0.05137095
3109,43120,5.239726e-11
3110,37745,0.034754902
3111,4907,6.341807e-08
3112,25728,4.3553675e-11
3113,36354,0.0009831698
3114,27172,0.0006208793
3115,97124,0.00014400354
3116,94491,0.05741278
3117,45253,0.0003300177
3118,30952,5.7546565e-08
3119,21137,0.1639844
3120,111339,2.0709373e-10
3121,93989,0.00038847717
3122,73934,5.967847e-08
3123,61738,0.01599817
3124,108296,0.0089743575
3125,85731,1.6773648e-10
3126,113076,4.9523333e-06
3127,63015,0.013617486
3128,33120,1.4917811e-08
3129,18459,2.973569e-09
3130,11778,1.7499658e-09
3131,46936,0.009166495
3132,39513,0.02645108
3133,2332,0.08999429
3134,2526,1.0849521e-10
3135,9994,0.0008367395
3136,109484,2.1007461e-11
3137,13091,6.1412457e-18
3138,78334,0.013710947
3139,45853,2.2602645e-10
3140,83080,5.58656e-15
3141,100306,2.7601517e-11
3142,1372,0.0055553857
3143,57862,0.05741278
3144,111810,0.042441774
3145,32866,0.014621261
3146,44020,0.009166495
3147,62605,1.7639732e-13
3148,75736,0.01609576
3149,38204,0.09798153
3150,2369,0.00456404
3151,69028,0.05047838
3152,49191,0.11469945
3153,113035,0.0068329745
3154,63987,2.5610479e-11
3155,73894,0.0020144612
3156,1083,1.1368728e-10
3157,109939,0.009184932
3158,114754,6.05027e-10
3159,58434,0.068451926
3160,96740,0.048240427
3161,99013,0.001458661
3162,26617,1.6367174e-08
3163,89964,0.011426199
3164,87018,0.00010588457
3165,22859,2.6697202e-07
3166,54563,7.027796e-11
3167,3582,0.011864196
3168,33866,0.00828869
3169,80465,0.017034432
3170,83300,0.00055812736
3171,75713,0.0057430975
3172,95154,1.0962761e-11
3173,70438,0.34425753
3174,19731,2.8462818e-10
3175,76277,0.0033025257
3176,2377,0.007607129
3177,115263,0.00018718353
3178,50690,0.017034432
3179,62217,0.012501715
3180,76671,0.022892
3181,115459,6.230913e-08
3182,12661,2.975295e-08
3183,106147,0.0068329745
3184,75274,1.248098e-05
3185,34442,1.4072144e-11
3186,88906,0.00983577
3187,115495,0.013920229
3188,111630,1.2432262e-05
3189,27073,0.007630734
3190,113178,3.325798e-07
3191,67258,9.677288e-10
3192,107539,0.00026335605
3193,30545,0.008298639
3194,10677,6.119432e-09
3195,14846,5.876439e-10
3196,87043,1.438286e-09
3197,93417,1.2259274e-05
3198,6887,1.1501169e-06
3199,63373,1.2452172e-05
3200,73889,0.0035976325
3201,4439,7.5084517e-06
3202,102230,0.017034432
3203,83754,0.006976981
3204,45667,0.015667016
3205,104151,0.00015401376
3206,32693,0.032311134
3207,107808,8.208849e-12
3208,101395,0.00053310033
3209,9858,0.0034610408
3210,88064,4.91111e-10
3211,110356,1.6629645e-08
3212,32275,0.0013792627
3213,34607,1.0146174e-14
3214,114776,2.6940732e-08
3215,41848,0.010593114
3216,106997,0.0030613104
3217,106939,0.042441774
3218,114580,1.57158e-08
3219,4126,0.0067495913
3220,40149,1.424484e-06
3221,14088,3.0965122e-10
3222,21939,1.6484885e-15
3223,79196,0.08167636
3224,21172,4.914942e-06
3225,103691,0.017114835
3226,57655,0.017034432
3227,13812,0.008845419
3228,67812,0.009181562
3229,1197,1.7177418e-10
3230,7413,0.006450452
3231,26574,0.00026016633
3232,88206,6.567474e-07
3233,79459,0.017093383
3234,21595,0.001055287
3235,102006,0.0051868777
3236,55245,7.2105243e-12
3237,27596,0.017074263
3238,7631,0.03456673
3239,19312,0.051730532
3240,48684,5.53684e-11
3241,4339,0.06845848
3242,93902,0.0003300177
3243,45178,0.009166495
3244,16930,0.04980838
3245,33770,0.009084299
3246,66940,0.0014805722
3247,113680,0.016113395
3248,83826,6.3292123e-13
3249,31976,0.0002261638
3250,32338,5.391196e-14
3251,31065,1.8067898e-17
3252,57576,0.012154507
3253,22538,0.0009831698
3254,83602,6.884217e-08
3255,61504,0.039690025
3256,82552,0.04536966
3257,106467,1.3633495e-06
3258,6924,0.017281346
3259,59140,0.068451926
3260,41249,6.0524805e-08
3261,64544,9.501198e-10
3262,93438,0.001458661
3263,27160,0.005603552
3264,29860,0.032544143
3265,1002,0.009115906
3266,104921,4.5002733e-05
3267,36788,0.010531615
3268,63000,4.5716986e-10
3269,26504,0.00028546568
3270,105701,0.025923373
3271,75299,9.046901e-09
3272,11683,5.9021227e-07
3273,77495,4.5120218e-05
3274,101632,0.10500043
3275,62673,6.4055883e-10
3276,1691,6.9610756e-08
3277,98361,0.0004355371
3278,76545,0.015402488
3279,3773,0.00437134
3280,92514,0.00053714454
3281,92258,3.1958194e-09
3282,112962,0.037635785
3283,8486,7.9774566e-07
3284,104687,6.3710597e-09
3285,36871,0.01599817
3286,23168,0.009166495
3287,14092,0.0031617514
3288,112451,0.0074659945
3289,99380,1.7326597e-08
3290,15807,1.4507464e-06
3291,31777,0.028758163
3292,46223,2.0582619e-13
3293,43736,1.3455356e-07
3294,80253,0.009181562
3295,96865,6.1634026e-05
3296,16943,2.8462818e-10
3297,105274,0.007190935
3298,94811,8.746245e-05
3299,3600,0.009881465
3300,109863,0.009184932
3301,55493,0.0023894135
3302,26834,0.0005320787
3303,73153,0.009181562
3304,86336,0.0020144612
3305,105604,0.017114835
3306,76251,1.248098e-05
3307,31775,0.0015137042
3308,44319,3.5308257e-15
3309,49262,9.3968374e-08
3310,69137,0.005686457
3311,73635,0.0009854129
3312,26616,0.010531615
3313,80071,2.2242656e-08
3314,113832,4.1229614e-05
3315,110118,6.1634026e-05
3316,46215,0.0012442914
3317,111070,1.3320041e-10
3318,102930,5.0950867e-08
3319,19028,0.032486703
3320,39130,2.4137694e-06
3321,111445,2.8029492e-11
3322,16033,0.007630734
3323,13691,0.017034432
3324,111607,6.8422774e-11
3325,65610,0.0023870617
3326,89067,0.007565507
3327,28205,3.3111636e-08
3328,36476,0.051730532
3329,30945,1.5690347e-11
3330,48363,5.7861462e-11
3331,76221,0.0020144612
3332,83083,9.035512e-06
3333,94940,5.6769322e-06
3334,109455,3.593555e-08
3335,16588,0.0019809806
3336,67878,0.0009854129
3337,8775,0.0027717866
3338,60914,0.0057430975
3339,5806,6.430898e-08
3340,38376,1.8542855e-07
3341,26654,0.009452367
3342,90160,0.08256352
3343,9747,1.3700411e-06
3344,32804,6.459584e-14
3345,82518,0.04536966
3346,44515,2.9374962e-13
3347,27323,0.0036621022
3348,77663,0.02662436
3349,105199,0.007302622
3350,79654,6.1634026e-05
3351,24057,0.007630734
3352,31942,3.5961197e-08
3353,69387,6.2714145e-07
3354,51893,0.051730532
3355,63296,0.0009842208
3356,32333,0.0063674287
3357,47447,0.005603552
3358,28615,0.017074263
3359,76145,0.017034432
3360,12713,2.6519408e-16
3361,74556,0.2270918
3362,29235,3.1895632e-14
3363,3907,6.1649007e-07
3364,111636,0.04619891
3365,105380,0.07809963
3366,83345,1.5992511e-05
3367,33340,1.2710078e-07
3368,9406,3.5921923e-07
3369,95093,0.068603046
3370,109913,0.010597673
3371,55012,0.009084299
3372,108089,1.34163e-07
3373,3858,1.7886288e-08
3374,41025,1.2708757e-11
3375,47139,0.195312
3376,78189,1.2259274e-05
3377,96,0.024432875
3378,69487,0.00983577
3379,11827,9.715794e-06
3380,33076,0.007892327
3381,9862,2.0219397e-12
3382,60423,9.677288e-10
3383,5395,3.5681355e-06
3384,78365,1.0146174e-14
3385,40375,0.00013936937
3386,56846,0.0050440403
3387,60360,0.0011525814
3388,98009,0.0014442756
3389,47697,0.004684085
3390,75882,0.024533123
3391,52627,2.0039855e-07
3392,55034,0.0023894135
3393,25186,0.007630734
3394,77004,0.0055402275
3395,111089,6.1634026e-05
3396,34299,5.3944683e-07
3397,6377,0.004711967
3398,53457,0.0016385948
3399,17259,0.0019809806
3400,5877,1.0186274e-05
3401,23687,0.08559734
3402,51978,4.83067e-06
3403,42618,3.5833407e-05
3404,1646,1.191411e-08
3405,50427,2.90192e-11
3406,105869,0.001458661
3407,53668,0.001458661
3408,27913,0.042739734
3409,68884,0.005616725
3410,48474,0.0030274577
3411,36840,0.00026394348
3412,90710,0.005616725
3413,78601,8.20992e-07
3414,19198,1.3286291e-06
3415,56858,6.853769e-08
3416,7754,0.00952741
3417,101964,0.0048456895
3418,33022,1.5331574e-09
3419,4400,0.0055553857
3420,14710,0.014142053
3421,42157,8.051059e-08
3422,112663,2.2861961e-05
3423,57466,0.0013792627
3424,66545,0.0007983909
3425,115004,2.4439355e-08
3426,36580,0.046436626
3427,29729,0.005603552
3428,42058,0.01599817
3429,102215,0.010597673
3430,58189,0.068451926
3431,32284,0.006871984
3432,41945,0.0025506697
3433,12799,2.770548e-05
3434,38818,1.0552034e-08
3435,82322,1.17854775e-07
3436,115685,3.1434143e-11
3437,61630,0.0005368607
3438,47618,0.017074263
3439,77333,1.009236e-07
3440,90982,0.007004306
3441,48526,0.0048167007
3442,7286,0.0067495913
3443,56591,0.0055402275
3444,24029,0.00026394348
3445,24607,0.034754902
3446,87893,0.00080200256
3447,86441,0.017034432
3448,17618,5.4649958e-05
3449,113481,1.5081151e-05
3450,43566,3.1880792e-14
3451,69055,1.243914e-09
3452,6838,0.00052060856
3453,55835,0.011189828
3454,14961,0.010553112
3455,8598,9.533942e-05
3456,29512,1.3576248e-11
3457,84983,0.0023870617
3458,1821,0.011755209
3459,33093,2.074703e-08
3460,20743,0.024107663
3461,102691,2.101255e-11
3462,63644,2.1798241e-10
3463,96496,0.028163206
3464,81383,4.6832392e-06
3465,95672,0.009184932
3466,84767,0.0020144612
3467,103878,0.0010036927
3468,80413,0.009181562
3469,21221,1.10495236e-07
3470,82994,0.04536966
3471,83745,0.0022382287
3472,82904,0.021100039
3473,36638,0.032506406
3474,68537,1.881176e-07
3475,23855,1.00359866e-10
3476,98228,9.454313e-08
3477,105007,0.08167636
3478,95291,0.016769435
3479,51376,3.3799446e-11
3480,98345,1.5349708e-10
3481,27553,0.0009117629
3482,4782,0.009896677
3483,59120,0.008298639
3484,16587,0.0019809806
3485,42279,0.009166495
3486,50943,0.024107663
3487,59746,2.6568747e-10
3488,115859,6.408245e-07
3489,55231,0.0020144612
3490,5403,9.4398075e-08
3491,1147,8.607578e-06
3492,57367,0.0006101255
3493,79784,1.2482432e-05
3494,115257,7.1671995e-11
3495,115183,0.05047838
3496,105169,0.017114835
3497,64356,2.7060813e-13
3498,35417,1.2259274e-05
3499,115770,0.009050281
3500,40212,0.008267156
3501,86343,0.015332866
3502,77397,1.637605e-11
3503,18980,0.024432875
3504,4473,0.07286587
3505,44134,0.06855405
3506,25811,0.05528827
3507,115298,4.644128e-09
3508,32196,5.3241163e-08
3509,28434,1.2698229e-07
3510,14407,3.3635033e-07
3511,33712,0.007882589
3512,39672,0.07103359
3513,109465,0.00040523682
3514,64903,0.05680036
3515,60676,1.111003e-14
3516,104389,1.5992007e-05
3517,88166,1.2452172e-05
3518,35413,1.0146174e-14
3519,98644,9.640259e-06
3520,59731,0.0005368607
3521,75206,1.0220323e-06
3522,75478,1.0705837e-09
3523,75504,1.9534067e-11
3524,29311,0.00063523813
3525,46534,0.009166495
3526,36600,1.960881e-10
3527,58401,1.2072473e-08
3528,115779,0.009050281
3529,102190,0.0048297467
3530,68355,0.0012442914
3531,69287,0.010597673
3532,26753,1.7505733e-13
3533,1167,0.042291485
3534,4124,0.009896677
3535,108797,0.99998057
3536,27071,0.0055817068
3537,97425,0.034003627
3538,45681,0.03531721
3539,54765,0.05137095
3540,5752,6.808699e-08
3541,110130,0.0908215
3542,14618,0.0055650617
3543,54350,0.03468771
3544,87597,8.034441e-05
3545,66618,8.0433034e-05
3546,87082,9.528547e-10
3547,15861,0.00031592505
3548,106501,0.00015564065
3549,96242,0.008506531
3550,33627,0.01599817
3551,50298,0.009084299
3552,3729,0.00011147
3553,106742,0.0035325342
3554,66968,0.0046549067
3555,30575,6.582217e-06
3556,64348,1.3311026e-10
3557,76282,0.024533123
3558,22406,2.56165e-10
3559,40821,1.65389e-11
3560,34742,0.007974509
3561,2611,1.9866418e-05
3562,69521,2.591186e-12
3563,99863,1.2442521e-11
3564,110746,6.1634026e-05
3565,52996,0.00019462933
3566,37766,0.06375701
3567,12155,0.0038365014
3568,94688,0.0006775144
3569,41144,7.1112986e-08
3570,78692,1.4394307e-06
3571,100090,0.017093383
3572,113160,1.2821813e-05
3573,25293,0.22167455
3574,50988,0.007161076
3575,30764,0.00063523813
3576,29960,0.022921072
3577,17333,0.075952746
3578,14313,3.5402056e-07
3579,95829,1.8275617e-09
3580,8013,6.119432e-09
3581,35786,1.6438293e-07
3582,30568,0.032506406
3583,48362,2.3998822e-11
3584,49720,0.0027407333
3585,96789,0.008845419
3586,64218,3.557297e-15
3587,35665,3.9204485e-07
3588,34031,1.4348335e-07
3589,37517,0.010593114
3590,23422,0.05137095
3591,33113,4.681891e-13
3592,6190,2.249235e-06
3593,69379,0.04473077
3594,107254,1.5637913e-11
3595,69752,3.4383425e-05
3596,111165,0.0002613049
3597,53061,0.00038691505
3598,79394,6.196179e-11
3599,40904,3.7116996e-07
3600,79376,0.033658873
3601,60205,0.008298639
3602,115596,2.0912362e-06
3603,25979,0.009166495
3604,14524,0.0024558252
3605,17803,0.034754902
3606,11290,0.0019061764
3607,57883,0.068451926
3608,410,8.918943e-06
3609,33723,8.664008e-06
3610,61374,0.02319666
3611,46735,0.009166495
3612,79201,1.315461e-11
3613,58775,0.019825885
3614,14849,5.210781e-08
3615,115352,1.1478832e-09
3616,114095,1.0785236e-05
3617,102802,2.8029492e-11
3618,57396,6.8403794e-09
3619,64645,1.550919e-09
3620,64167,0.001413896
3621,71893,0.017034432
3622,17468,1.9403541e-11
3623,70388,2.059729e-11
3624,13689,4.326104e-13
3625,12726,0.010544453
3626,81509,7.660642e-09
3627,92581,0.019825885
3628,97601,0.004355834
3629,20059,0.015370219
3630,81800,0.007630734
3631,67919,0.00091310084
3632,60121,0.004042867
3633,14857,1.875451e-07
3634,90323,1.2683371e-06
3635,59681,0.017440932
3636,87169,2.6193087e-05
3637,111336,1.6981999e-09
3638,106234,1.6047938e-05
3639,3977,8.7773635e-08
3640,19861,3.7307068e-06
3641,7572,2.8892248e-06
3642,63126,0.16907474
3643,89257,4.55221e-09
3644,33642,1.7721864e-06
3645,105170,7.422409e-07
3646,78287,0.0007983909
3647,61428,0.05047838
3648,3043,5.10286e-06
3649,16056,0.0002861155
3650,93287,6.690701e-15
3651,102354,0.010597673
3652,95021,0.00016259759
3653,34130,0.009084299
3654,37181,2.0582619e-13
3655,10333,2.5402125e-05
3656,76337,1.111003e-14
3657,51192,0.0038083005
3658,58101,0.0002035199
3659,74407,0.0035335503
3660,19250,1.3299782e-10
3661,14894,0.017034432
3662,106878,0.0008943421
3663,77709,9.941519e-09
3664,567,0.00050387246
3665,29341,0.00033184
3666,79549,0.009184932
3667,92253,1.2259274e-05
3668,52233,0.007630734
3669,105109,0.017114835
3670,82922,0.000525775
3671,82787,0.007630734
3672,38947,0.015332866
3673,75819,0.06209234
3674,104301,0.0068260753
3675,85363,5.306483e-09
3676,19150,6.499742e-09
3677,45397,3.209303e-15
3678,5048,0.022016345
3679,66740,1.0294722e-09
3680,55909,0.039752092
3681,85707,1.3889185e-05
3682,44790,0.010593114
3683,62821,7.533768e-07
3684,17315,0.01599817
3685,80613,5.3380048e-12
3686,105338,0.0035325342
3687,72625,0.005869099
3688,43280,4.2207933e-08
3689,93829,8.4419485e-11
3690,21550,5.391196e-14
3691,77090,8.957842e-08
3692,34385,0.007630734
3693,9349,0.004200051
3694,56088,0.031770848
3695,39500,0.007863321
3696,5477,6.9994157e-09
3697,38504,0.01599817
3698,108078,0.0035325342
3699,95438,0.0005073693
3700,81377,2.0916632e-10
3701,29593,0.00097152754
3702,85286,1.365545e-08
3703,98834,0.008904926
3704,37963,0.17363267
3705,24079,0.0085101
3706,48275,0.0014805722
3707,108663,0.001458661
3708,19177,0.0012426393
3709,104806,0.011458291
3710,91003,3.8974893e-11
3711,50084,0.009084299
3712,12348,0.009101587
3713,39379,0.0019963898
3714,47971,5.6654622e-11
3715,13643,0.016261052
3716,115497,0.009084299
3717,190,0.013752037
3718,24416,0.009166495
3719,77006,0.00025301907
3720,109054,0.024107663
3721,98111,0.011461106
3722,74394,0.0060525606
3723,12526,0.032311134
3724,4216,0.010442716
3725,18997,0.0073857843
3726,18316,4.746891e-14
3727,72566,1.0305778e-10
3728,69323,0.030561572
3729,20576,0.0006208793
3730,87275,0.00038902214
3731,47890,2.4370867e-13
3732,34750,6.8648993e-09
3733,104101,0.04373174
3734,85186,0.051730532
3735,86309,1.904618e-11
3736,111694,0.024684858
3737,63138,6.1634026e-05
3738,105883,3.7583936e-06
3739,97731,2.718173e-07
3740,18467,0.07103359
3741,30939,0.009084299
3742,103046,1.9234945e-09
3743,90433,0.04536966
3744,63761,2.456301e-08
3745,110976,0.010531615
3746,56587,0.051730532
3747,50821,0.0006500485
3748,66763,7.036578e-12
3749,35777,0.009084299
3750,95649,0.05753619
3751,42571,0.004344768
3752,96903,2.810094e-12
3753,87013,4.027997e-10
3754,53635,1.681257e-13
3755,98313,5.491981e-15
3756,88292,7.173843e-12
3757,107410,1.3636464e-10
3758,954,0.0034610408
3759,85990,0.0020144612
3760,50195,0.051730532
3761,38844,0.028758163
3762,36744,0.0071781524
3763,34823,0.068451926
3764,102149,2.9258877e-07
3765,105849,2.261398e-06
3766,64496,6.2140393e-06
3767,12734,0.017034432
3768,99186,0.0068329745
3769,53084,6.1634026e-05
3770,101596,0.036663696
3771,110051,5.4571973e-07
3772,26146,2.8102603e-12
3773,66057,7.2778766e-10
3774,33089,0.032544143
3775,23929,0.009166495
3776,79782,0.0048456895
3777,51219,7.432347e-07
3778,8957,0.0019061764
3779,115387,0.0010498271
3780,41801,1.46456e-06
3781,112490,0.08167636
3782,114464,3.219197e-12
3783,14414,0.00031592505
3784,95289,6.25123e-06
3785,99558,0.024684858
3786,55336,1.2259274e-05
3787,93929,0.032362238
3788,111676,0.057786837
3789,33018,0.007630734
3790,31981,9.435425e-10
3791,17555,0.024432875
3792,56383,0.108627215
3793,101495,0.025583591
3794,43131,3.4441097e-08
3795,45587,0.009166495
3796,61480,4.4207676e-14
3797,11660,3.4527393e-08
3798,104905,6.025613e-07
3799,26184,0.00010115279
3800,1477,0.02363173
3801,66015,3.7706395e-06
3802,12274,1.7814327e-05
3803,56378,0.0068159024
3804,108529,0.0009854129
3805,86768,2.360488e-10
3806,49085,0.009084299
3807,109264,3.5392135e-15
3808,95693,0.0037880566
3809,54002,0.02742935
3810,68388,0.001450175
3811,52011,0.015377235
3812,91688,0.00031359433
3813,108786,0.00010630918
3814,60764,0.008845419
3815,57722,0.008558585
3816,75320,0.00055804336
3817,91492,3.9345944e-12
3818,56861,0.032368287
3819,100923,5.8599533e-05
3820,25778,0.010531615
3821,5771,0.00456404
3822,82711,0.005616725
3823,33045,2.623431e-08
3824,92727,0.00053932745
3825,345,0.0036355841
3826,52000,0.009084299
3827,69929,0.028758163
3828,107997,3.5552676e-12
3829,27975,0.004347467
3830,3518,2.3141152e-05
3831,73884,3.8974893e-11
3832,80599,9.405356e-12
3833,83749,1.933672e-06
3834,90104,0.0020144612
3835,13004,7.302996e-12
3836,18282,0.022777947
3837,108583,0.011461106
3838,110877,0.027642457
3839,108462,0.004567772
3840,89759,0.010597673
3841,3003,0.00859817
3842,46050,0.01609344
3843,60016,0.017034432
3844,13201,3.1880792e-14
3845,72036,0.0807709
3846,94967,0.000121719226
3847,83226,1.4264517e-08
3848,25002,1.2468572e-05
3849,54951,0.00020785356
3850,112144,0.08167636
3851,80425,1.5180687e-05
3852,15761,0.008101773
3853,78890,0.0014177117
3854,85031,0.00018557736
3855,2846,1.3558008e-06
3856,77514,0.00021315586
3857,73812,1.2094834e-11
3858,83728,0.004344768
3859,49694,0.010501406
3860,10739,1.645531e-05
3861,22296,2.3089597e-06
3862,60230,0.017034432
3863,87948,0.017093383
3864,85431,1.2482432e-05
3865,63227,0.0807709
3866,51844,1.7639732e-13
3867,4677,0.0008563252
3868,55630,0.00018557736
3869,103020,0.0807709
3870,111440,0.05047838
3871,12985,0.0075926143
3872,32399,0.008558585
3873,84836,3.8974893e-11
3874,35531,3.481851e-08
3875,31059,2.8017298e-06
3876,110764,0.00983577
3877,87408,0.017034432
3878,59427,0.017034432
3879,48993,2.6068864e-15
3880,105188,3.3204286e-12
3881,106835,2.0912362e-06
3882,90471,2.596302e-07
3883,30338,0.009084299
3884,88977,0.05741278
3885,23383,0.010593114
3886,68318,1.9902669e-07
3887,105105,0.00020434726
3888,1006,0.0034610408
3889,45579,7.1795096e-12
3890,60695,0.0053473273
3891,100673,0.05753619
3892,103852,4.6191835e-07
3893,102781,0.0021801235
3894,110802,0.032362238
3895,43304,0.07103359
3896,15009,4.0129627e-12
3897,98858,8.415441e-07
3898,8320,6.379268e-09
3899,107593,0.00029899285
3900,55438,0.009084299
3901,7642,1.5331808e-06
3902,74763,1.4043223e-07
3903,25335,1.19526715e-11
3904,36375,2.7859517e-15
3905,82310,0.0020144612
3906,100364,0.006506029
3907,12935,0.06318279
3908,13136,0.0005368607
3909,54515,0.00038691505
3910,5592,0.06864146
3911,47112,0.003951485
3912,86306,1.0962761e-11
3913,23729,0.008618249
3914,52392,1.8000634e-06
3915,79775,0.01609576
3916,68141,0.0046549067
3917,106533,0.0020207777
3918,71977,0.04787555
3919,75782,0.0020144612
3920,110784,1.5290981e-09
3921,41049,0.0006208793
3922,50739,1.0146174e-14
3923,92008,1.1163513e-11
3924,67681,0.05047838
3925,23297,0.038612682
3926,8628,3.5033424e-06
3927,74703,3.7821038e-11
3928,92906,0.017093383
3929,104189,0.0068329745
3930,101132,8.527198e-05
3931,72312,0.0046549067
3932,93396,0.08167636
3933,3741,1.5331808e-06
3934,94451,0.017093383
3935,97421,0.009120641
3936,72391,6.1634026e-05
3937,85910,1.2193125e-07
3938,55159,4.0853273e-08
3939,12592,8.33754e-10
3940,31183,9.9822406e-05
3941,14539,4.746891e-14
3942,100124,0.0052285832
3943,99027,0.0020144612
3944,42043,0.007630734
3945,86756,0.0020144612
3946,67727,4.5191366e-09
3947,16241,0.010553112
3948,2060,0.010715395
3949,46099,0.007588476
3950,83526,0.0051615303
3951,39623,0.009166495
3952,33104,0.008845419
3953,50649,0.007882589
3954,20493,2.8462818e-10
3955,50835,5.2334238e-11
3956,92433,6.1634026e-05
3957,110237,0.00029899285
3958,70993,5.6901266e-09
3959,34721,0.032544143
3960,96907,8.6402245e-09
3961,52309,1.0845719e-05
3962,7017,1.1398163e-07
3963,49425,4.265459e-08
3964,103910,0.0023845648
3965,8428,0.016854424
3966,50026,2.9249717e-10
3967,71771,0.032368287
3968,69117,0.05047838
3969,60117,0.9305744
3970,66428,1.3773943e-09
3971,58486,0.008845419
3972,94630,0.028163206
3973,87022,5.0249316e-08
3974,115093,9.943946e-07
3975,101381,2.7779917e-08
3976,91734,4.2674183e-06
3977,105342,3.7307295e-09
3978,32651,0.05137095
3979,64199,0.0007983909
3980,112607,0.010531615
3981,96564,0.005616725
3982,83379,7.1756415e-07
3983,51203,0.017034432
3984,58954,7.70756e-08
3985,80864,0.033193946
3986,69398,1.5992007e-05
3987,24384,5.399962e-06
3988,48252,7.173843e-12
3989,27101,3.904437e-06
3990,58060,0.0036406247
3991,52760,1.2498536e-05
3992,36852,0.009166495
3993,55657,5.012725e-09
3994,8448,0.03500239
3995,12771,1.2612684e-09
3996,37435,0.005603552
3997,68554,1.2570508e-13
3998,22727,0.011426199
3999,89144,6.6539805e-09
4000,48773,8.266653e-07
4001,42930,0.015674915
4002,35372,3.198294e-07
4003,87080,0.0020144612
4004,86257,6.1634026e-05
4005,26251,0.005603552
4006,106864,0.0068329745
4007,88722,0.027660152
4008,106640,0.043829076
4009,106509,0.009184932
4010,61317,0.05741278
4011,52943,0.01599817
4012,68573,0.00038691505
4013,8129,0.0005882978
4014,70913,0.004748103
4015,27184,3.2706519e-06
4016,9314,0.04157999
4017,100346,0.03468771
4018,84089,0.051730532
4019,57541,3.1559553e-05
4020,110370,0.00018646118
4021,49734,0.068451926
4022,108477,0.004261645
4023,7910,0.0016246361
4024,17266,1.4466057e-09
4025,38222,2.5136044e-06
4026,28765,6.196275e-05
4027,34963,0.0023916445
4028,48,3.160307e-11
4029,47621,0.00021415038
4030,46982,0.06855405
4031,31464,8.876624e-09
4032,25731,1.7404938e-07
4033,36735,0.0016831885
4034,84571,0.009181562
4035,51446,0.0036302214
4036,38101,0.00011538382
4037,96773,0.05961629
4038,68148,9.1086055e-10
4039,81131,0.0036406247
4040,25277,0.008034491
4041,63154,0.0036302214
4042,109211,2.1007461e-11
4043,31759,0.051730532
4044,69644,5.2225148e-11
4045,93625,0.009184932
4046,60677,0.00012038292
4047,37352,0.0005368607
4048,94819,0.00040395785
4049,48482,0.024449179
4050,32060,0.022921072
4051,84027,0.051730532
4052,60551,4.5120218e-05
4053,89125,5.2477873e-11
4054,37521,0.195312
4055,106498,0.04587008
4056,90839,0.009181562
4057,94678,8.225271e-09
4058,112573,1.03758e-13
4059,45594,0.005603552
4060,50868,2.7859517e-15
4061,22952,0.003827377
4062,74420,2.8275382e-10
4063,34612,0.00021321175
4064,16110,0.000119044475
4065,57793,0.0036406247
4066,4197,1.191411e-08
4067,93652,0.0018721687
4068,4467,2.1224968e-09
4069,113975,0.04373174
4070,35443,0.068451926
4071,57432,1.2259274e-05
4072,94014,0.000585449
4073,65606,4.9414645e-08
4074,113256,0.000806542
4075,64257,1.2452172e-05
4076,55655,0.010531615
4077,76932,0.0063674287
4078,70437,6.455766e-05
4079,5150,3.89433e-08
4080,9246,3.5973817e-12
4081,59222,0.011253864
4082,43983,0.1016414
4083,34185,1.6443513e-06
4084,68154,3.2235093e-06
4085,55183,7.2105243e-12
4086,72790,0.028758163
4087,85241,0.038200755
4088,95972,1.5011759e-05
4089,44352,0.026837869
4090,74195,0.05047838
4091,83600,0.041322865
4092,62377,0.051730532
4093,82161,0.011755209
4094,62550,0.009115906
4095,11224,0.0004034683
4096,49366,0.01599817
4097,52044,0.012271073
4098,102659,0.017034432
4099,52964,0.0019260875
4100,112908,2.8124857e-12
4101,34509,4.1169556e-06
4102,27914,3.3111636e-08
4103,80198,0.004276007
4104,34041,0.010531615
4105,77160,2.5730658e-09
4106,115741,0.0048167007
4107,82329,0.0035335503
4108,6770,0.081690855
4109,45134,5.5088594e-07
4110,44943,2.7859517e-15
4111,7604,0.26456806
4112,65902,0.0014177117
4113,105192,6.343537e-07
4114,69215,4.193213e-06
4115,4540,0.017869916
4116,13539,7.084365e-10
4117,90979,0.009181562
4118,49874,0.00014675836
4119,83824,1.0032527e-09
4120,99592,0.0010036927
4121,74953,0.051730532
4122,95222,0.009084299
4123,46853,0.0023995372
4124,74154,0.37728557
4125,78674,2.5233687e-14
4126,81591,0.04787555
4127,17721,1.395824e-06
4128,45270,7.546238e-08
4129,93504,3.11387e-11
4130,84769,3.8974893e-11
4131,81201,0.00053932745
4132,30938,0.0005368607
4133,101427,0.03926236
4134,112879,0.0017146678
4135,14669,7.574645e-16
4136,62706,0.017034432
4137,50537,0.009084299
4138,108373,0.024684858
4139,79168,1.2794738e-06
4140,16736,0.004658005
4141,91700,0.045750935
4142,42964,0.0008145374
4143,89645,0.001986231
4144,28191,0.06387287
4145,6679,4.2348674e-06
4146,12414,6.883796e-12
4147,87525,0.042838734
4148,63224,1.7639732e-13
4149,109386,6.1634026e-05
4150,4407,0.15119436
4151,28950,3.6249883e-08
4152,29680,0.03792611
4153,48351,2.0589571e-13
4154,101694,3.696805e-05
4155,6671,8.745795e-06
4156,30123,7.2105243e-12
4157,92740,2.015355e-09
4158,69437,0.0041221883
4159,59523,0.0036302214
4160,92165,0.005933887
4161,97047,4.4255035e-09
4162,16150,0.017034432
4163,82266,0.001458661
4164,44858,2.1180717e-10
4165,45420,0.00012038292
4166,72504,0.073368184
4167,31437,0.010531615
4168,42771,7.187733e-05
4169,104623,9.640259e-06
4170,25766,0.010593114
4171,75539,3.686959e-11
4172,61071,0.007630734
4173,74480,0.010597673
4174,20587,5.7784066e-14
4175,41803,2.7263747e-09
4176,1808,9.1879316e-05
4177,9741,0.046230752
4178,104157,2.4202183e-05
4179,48515,1.2452172e-05
4180,76699,0.00010630918
4181,6224,1.3499017e-07
4182,95225,1.4896541e-12
4183,76676,0.0070546404
4184,63262,0.04787555
4185,51334,0.001418254
4186,26498,0.0036621022
4187,58247,1.3428797e-06
4188,17819,0.019825885
4189,112965,0.014298061
4190,8996,0.03454235
4191,113106,1.5652751e-10
4192,14815,3.1836614e-06
4193,25936,0.056436636
4194,28510,4.387135e-14
4195,3019,0.0013457438
4196,36534,2.7859517e-15
4197,69967,2.0895926e-11
4198,100512,1.4837652e-06
4199,110289,0.5354274
4200,82289,0.0046549067
4201,44170,0.0038268098
4202,115063,3.209532e-07
4203,93577,0.003391807
4204,12499,0.009101587
4205,45495,0.0019022333
4206,101208,7.1561767e-06
4207,29728,0.005603552
4208,26724,0.00079286017
4209,63979,0.0057430975
4210,46370,0.0029674894
4211,108290,0.014463341
4212,15193,9.424094e-10
4213,85954,1.03992285e-07
4214,41721,0.010593114
4215,45499,0.0007878434
4216,47088,4.077153e-12
4217,72560,6.1634026e-05
4218,46866,0.009166495
4219,103280,0.0020207777
4220,14558,0.13892727
4221,104745,1.9951873e-09
4222,86059,0.017440932
4223,92079,1.907726e-06
4224,67807,0.009181562
4225,42556,0.121260926
4226,103579,0.010597673
4227,72143,5.041987e-06
4228,92892,0.003919443
4229,83053,0.003783773
4230,4834,0.009896677
4231,23082,2.091974e-14
4232,62669,0.0020144612
4233,25787,7.782808e-09
4234,109961,0.017114835
4235,86543,0.009181562
4236,31846,0.0006310822
4237,13149,0.017034432
4238,21022,0.024107663
4239,87614,0.05741278
4240,2252,0.0018992445
4241,67827,0.0074925814
4242,57166,0.0017910772
4243,22873,2.0805172e-11
4244,92197,0.041315053
4245,25180,1.0569614e-09
4246,41411,0.009166495
4247,51193,0.00079286017
4248,109925,0.15464267
4249,38809,2.3965606e-08
4250,45003,0.009166495
4251,33713,0.009084299
4252,77563,0.024432875
4253,40431,0.014795163
4254,47439,0.04980838
4255,24624,0.0007878434
4256,16406,0.032486703
4257,68465,0.010597673
4258,64509,0.0004959932
4259,97969,0.05753619
4260,98414,0.0017176691
4261,98681,0.04980838
4262,70524,1.3369836e-05
4263,41736,0.00012038292
4264,6810,6.1649007e-07
4265,105294,2.367076e-09
4266,98015,0.05753619
4267,24313,0.00025529394
4268,42001,0.009166495
4269,48031,0.0012658722
4270,91907,0.04373174
4271,89945,1.3845666e-07
4272,19272,0.00012110966
4273,49051,0.032544143
4274,25212,0.024432875
4275,23682,0.017281346
4276,63704,2.5610479e-11
4277,67061,0.0014805722
4278,78520,0.017034432
4279,35370,0.017034432
4280,42832,4.0485014e-07
4281,45004,0.0003634047
4282,62451,3.5963595e-12
4283,87375,0.00080200256
4284,88207,1.5575209e-09
4285,64741,0.0014177117
4286,10025,1.5983751e-06
4287,69948,0.17078868
4288,109919,0.0010498271
4289,6713,0.00952741
4290,40332,0.017034432
4291,103045,0.008506531
4292,88704,0.0031376383
4293,39230,4.4396688e-11
4294,47798,0.009181562
4295,77035,0.0039557265
4296,16219,2.6213044e-16
4297,42412,0.009166495
4298,6490,0.02735915
4299,19538,3.0276151e-05
4300,69508,0.005616725
4301,69528,0.008845419
4302,93905,0.024684858
4303,40948,0.010593114
4304,59076,1.2452172e-05
4305,39017,1.6481947e-07
4306,60753,1.2452172e-05
4307,69054,0.0043840325
4308,103877,0.04587008
4309,79729,0.008406797
4310,32409,7.2105243e-12
4311,99473,0.00020154114
4312,72488,0.001458661
4313,58873,0.07581729
4314,91526,0.003682228
4315,6762,0.009896677
4316,97858,0.001458661
4317,28823,6.0197977e-05
4318,35586,1.8502793e-09
4319,55363,7.488527e-12
4320,77072,5.2453653e-11
4321,40978,9.772591e-06
4322,438,1.830424e-11
4323,30972,7.2105243e-12
4324,49326,0.004344768
4325,508,0.03456673
4326,110180,8.8049884e-10
4327,60661,0.004344768
4328,15868,0.003528946
4329,10308,6.0323055e-07
4330,50032,0.007630734
4331,55381,0.051730532
4332,26154,1.7884707e-07
4333,103935,0.00018182573
4334,64902,0.0014177117
4335,108344,2.0708215e-07
4336,63073,1.0055132e-09
4337,59759,6.4319745e-09
4338,100206,0.038657747
4339,101822,0.05753619
4340,77259,1.7107155e-10
4341,70996,0.05741278
4342,41735,5.3385447e-12
4343,9608,0.032512687
4344,106362,4.5120218e-05
4345,54023,7.2105243e-12
4346,55649,0.010531615
4347,7076,3.0500141e-06
4348,114985,8.584832e-09
4349,47151,0.009166495
4350,12633,0.0048271464
4351,61338,4.7547438e-08
4352,66591,5.5779864e-12
4353,10567,8.607578e-06
4354,49859,0.017034432
4355,94746,0.0055402275
4356,82346,0.008506531
4357,51425,0.0005500226
4358,17483,1.3199314e-05
4359,100101,0.032362238
4360,15612,1.21029755e-08
4361,14834,3.1658979e-06
4362,34193,4.522116e-11
4363,92991,2.981976e-08
4364,14737,0.001551053
4365,94426,0.034354273
4366,102051,0.0034856594
4367,62507,0.009115906
4368,99264,0.042720005
4369,39778,0.0073023727
4370,12385,0.7228544
4371,72254,0.032368287
4372,51885,3.198294e-07
4373,88898,3.1446977e-11
4374,40532,1.0150147e-13
4375,55761,5.2334238e-11
4376,43658,4.4255035e-09
4377,84789,1.2452172e-05
4378,16781,0.017034432
4379,36166,6.0399846e-10
4380,44938,0.0036302214
4381,83318,0.1016414
4382,22872,2.6502939e-11
4383,25051,5.6391425e-16
4384,24910,5.143104e-12
4385,86911,3.924489e-17
4386,55763,3.1095015e-11
4387,82245,0.010597673
4388,14400,0.0036302214
4389,108519,1.7606222e-07
4390,32996,4.7319424e-09
4391,41334,0.00012038292
4392,97939,0.0038819313
4393,67193,1.7827572e-06
4394,89246,0.016769435
4395,12277,3.659997e-07
4396,52184,0.73564655
4397,41974,0.009166495
4398,58802,5.1541247e-11
4399,54939,5.5100736e-07
4400,73624,0.009181562
4401,9866,8.174537e-07
4402,69238,2.1532604e-11
4403,31351,2.48934e-08
4404,86156,1.2452172e-05
4405,44379,0.01599817
4406,9329,8.959794e-11
4407,54181,0.0038083005
4408,92246,0.0037570393
4409,81550,3.3177066e-12
4410,2857,0.009881465
4411,94217,0.039851364
4412,63427,5.897216e-05
4413,96095,1.2692368e-09
4414,102738,0.08167636
4415,52643,1.111003e-14
4416,12376,0.00031660288
4417,106046,0.008506531
4418,76823,1.5571057e-08
4419,61842,3.5439829e-15
4420,93037,0.05741278
4421,96790,6.3734786e-09
4422,91605,0.0035335503
4423,111105,0.007004306
4424,108964,0.024684858
4425,74268,1.6176112e-06
4426,111970,0.005616725
4427,74938,5.5779864e-12
4428,30069,2.4538525e-15
4429,52590,0.0035335503
4430,105222,0.057786837
4431,22142,4.3597556e-11
4432,79132,2.059501e-11
4433,67301,0.004365272
4434,91720,7.093588e-05
4435,112703,0.45919418
4436,32048,0.009084299
4437,41359,0.003064368
4438,53902,5.2334238e-11
4439,74299,0.0048167007
4440,1194,0.00014214597
4441,62921,0.07581729
4442,25362,7.753903e-12
4443,51239,0.004276007
4444,77059,7.2105243e-12
4445,3609,0.13959335
4446,33703,2.0133504e-08
4447,103625,1.2751848e-06
4448,73848,6.3679497e-09
4449,90182,1.3845666e-07
4450,49131,0.01609344
4451,45849,2.5602952e-07
4452,90922,4.5120218e-05
4453,107501,0.00026335605
4454,6033,9.39123e-08
4455,88243,0.0020144612
4456,6012,1.0480767e-08
4457,75767,1.009236e-07
4458,110587,0.024684858
4459,107527,1.1696825e-08
4460,20745,0.010553112
4461,101749,0.039851364
4462,60536,2.4458443e-06
4463,23373,0.007863321
4464,59757,0.0023870617
4465,53527,4.7460447e-12
4466,30131,1.207565e-05
4467,113660,5.067998e-11
4468,12141,1.9098837e-07
4469,34276,1.00075335e-08
4470,29529,5.0577494e-12
4471,45986,0.0082609765
4472,80975,0.00063073414
4473,1122,0.0004981336
4474,90892,0.05216715
4475,90226,0.042838734
4476,95197,0.001315671
4477,115072,0.00045630007
4478,32198,0.00035576356
4479,108918,0.08632413
4480,112345,5.1140324e-07
4481,77993,0.47788805
4482,57674,5.5997378e-05
4483,25073,0.0006935119
4484,35852,3.0695514e-17
4485,39350,0.01609344
4486,11745,1.8706043e-06
4487,110550,5.1986325e-11
4488,100298,0.009184932
4489,67330,0.032368287
4490,9400,0.00043175518
4491,68843,0.0046549067
4492,21601,0.004612599
4493,7384,7.558279e-07
4494,94624,0.008772186
4495,46831,1.1907204e-05
4496,76708,0.01609576
4497,62,2.7315123e-09
4498,32474,9.599392e-11
4499,3649,1.961834e-07
4500,51703,0.009084299
4501,41837,0.002140957
4502,33676,2.9326538e-13
4503,79353,0.05753619
4504,89078,0.0004355371
4505,96009,0.04787555
4506,675,0.00024838326
4507,108465,0.001458661
4508,86169,7.173843e-12
4509,7909,2.0160442e-08
4510,114579,0.09208603
4511,46044,0.009166495
4512,66563,1.478333e-06
4513,44571,9.397034e-08
4514,21347,0.008494399
4515,953,2.0160442e-08
4516,66702,0.0005588812
4517,15098,1.3200932e-15
4518,96061,0.00054061593
4519,53119,9.47985e-11
4520,101507,1.1558296e-13
4521,17928,2.6213044e-16
4522,29608,3.8165094e-06
4523,71558,0.033792887
4524,95497,0.05753619
4525,84033,0.009181562
4526,57909,4.4207676e-14
4527,101844,0.04041531
4528,47693,3.0753677e-07
4529,69086,2.5060207e-10
4530,66470,0.0014177117
4531,103335,0.047803827
4532,40728,0.011426199
4533,62252,1.4200716e-06
4534,59919,1.5992007e-05
4535,25944,0.010593114
4536,85736,1.2482432e-05
4537,101098,5.372991e-08
4538,33380,0.00698014
4539,93899,0.0003861692
4540,39429,0.17363267
4541,22262,1.6897274e-10
4542,59826,6.007298e-10
4543,65787,7.229445e-05
4544,63266,5.1989355e-09
4545,84142,6.170283e-05
4546,68069,0.05047838
4547,41092,0.007630734
4548,10987,4.6517364e-08
4549,114451,5.487838e-10
4550,45839,0.06855405
4551,80330,0.010597673
4552,96316,0.008845419
4553,13389,0.0009993503
4554,32422,0.009084299
4555,70096,0.028893128
4556,29090,0.0006101255
4557,81641,0.00051131786
4558,63947,0.0006597948
4559,24260,1.1907204e-05
4560,58726,3.0405606e-14
4561,53777,0.06375701
4562,54049,0.008845419
4563,106194,9.560063e-09
4564,107616,0.057786837
4565,65876,4.2910262e-11
4566,37966,0.011330414
4567,94645,1.0962761e-11
4568,7322,0.00021705503
4569,102277,0.001458661
4570,110688,0.08167636
4571,49346,1.4373193e-05
4572,68988,0.009181562
4573,12069,3.9937498e-09
4574,1220,0.072060786
4575,18466,1.2905918e-10
4576,84765,0.017034432
4577,51887,0.06806343
4578,10564,0.009896677
4579,81751,2.7177975e-09
4580,84216,3.818975e-13
4581,85342,0.00064935774
4582,110958,6.1634026e-05
4583,90080,5.6744146e-05
4584,88461,7.824278e-07
4585,115441,0.047389124
4586,64709,0.007565507
4587,35221,0.0055402275
4588,35735,0.007630734
4589,65436,0.0060525606
4590,80435,0.001458661
4591,33136,7.2105243e-12
4592,62410,0.008845419
4593,33265,0.0013642625
4594,17314,2.8462818e-10
4595,61530,0.0006084542
4596,87505,0.0020144612
4597,17892,0.0008611439
4598,21406,3.9520098e-14
4599,84787,0.009181562
4600,102341,0.00063523813
4601,6732,0.038605433
4602,10046,0.017869916
4603,76838,6.1634026e-05
4604,73797,0.0020144612
4605,59978,0.15804303
4606,2973,3.3961438e-08
4607,4888,0.008548419
4608,114881,2.3571936e-06
4609,64442,3.113472e-11
4610,102706,6.1634026e-05
4611,105865,0.0006006297
4612,3693,4.4968237e-06
4613,13448,2.9085667e-13
4614,9429,0.0029287431
4615,39241,0.0009831698
4616,103242,0.050779287
4617,99187,4.422982e-08
4618,40538,6.364795e-12
4619,43198,0.0005368607
4620,93330,0.0020144612
4621,105997,9.676039e-07
4622,37533,7.487686e-05
4623,28332,0.00079286017
4624,90667,0.05741278
4625,24284,0.007630734
4626,82886,0.00012038292
4627,84122,1.1797449e-08
4628,44175,0.051730532
4629,103750,0.039851364
4630,10093,0.009896677
4631,19526,8.0165766e-17
4632,84223,0.03468771
4633,58477,0.0055402275
4634,60313,0.008558585
4635,49417,2.0133504e-08
4636,4846,0.06864146
4637,28069,0.05256187
4638,62864,0.05741278
4639,45896,4.9250864e-10
4640,83320,6.5761796e-10
4641,55102,9.628645e-10
4642,34359,0.007882589
4643,102133,0.04270712
4644,47884,1.3773943e-09
4645,84486,1.2123849e-05
4646,46314,1.5982668e-11
4647,88946,1.5543491e-12
4648,25479,2.7859517e-15
4649,111250,0.011082361
4650,30965,0.04955863
4651,108989,1.5237736e-08
4652,105124,3.6151988e-11
4653,97647,0.045750935
4654,67238,0.0014805722
4655,78110,2.7859517e-15
4656,61931,7.611838e-12
4657,71670,0.007882589
4658,31355,0.005603552
4659,103044,1.3320041e-10
4660,76812,6.053854e-08
4661,96503,0.010597673
4662,10294,0.0053352406
4663,35398,2.0040958e-10
4664,58829,0.017034432
4665,64625,3.1447338e-11
4666,39595,7.95808e-06
4667,4356,0.0048271464
4668,113027,0.0020207777
4669,66394,5.2586185e-11
4670,45146,5.329363e-10
4671,17548,9.681156e-08
4672,9891,1.5053959e-06
4673,81175,0.005616725
4674,13565,1.19526715e-11
4675,22037,4.3084496e-09
4676,22972,5.7332206e-10
4677,52846,0.010531615
4678,61752,0.038200755
4679,82802,0.024533123
4680,86501,0.0019581069
4681,22955,0.0009993503
4682,54226,0.0004977721
4683,34683,0.068451926
4684,95146,1.1661865e-05
4685,20526,2.0037378e-05
4686,83343,6.7116496e-05
4687,112372,4.3772687e-08
4688,102696,0.05216715
4689,31093,0.00040591185
4690,96459,0.025923373
4691,27956,0.017074263
4692,51087,0.008298639
4693,79693,0.034810767
4694,20780,0.000783257
4695,21589,0.0002430219
4696,70942,0.05137095
4697,1155,0.04213338
4698,62723,0.05741278
4699,77824,6.1634026e-05
4700,11817,2.8527427e-11
4701,108272,7.697658e-12
4702,59611,7.229983e-12
4703,108034,0.01980608
4704,91430,0.003682228
4705,68499,7.173843e-12
4706,37876,0.00014189423
4707,87323,3.0992555e-09
4708,113052,0.014298061
4709,14350,0.009115906
4710,88503,0.008494399
4711,15609,0.016709944
4712,23293,5.6434607e-11
4713,39586,0.011426199
4714,85470,1.793085e-06
4715,25496,0.009166495
4716,112268,0.0023845648
4717,19963,1.3980373e-08
4718,3468,0.0030802728
4719,42248,0.017074263
4720,8018,2.3390337e-05
4721,32302,1.7497781e-10
4722,83806,0.034810767
4723,10657,0.012157152
4724,19714,6.082303e-08
4725,114995,3.9006927e-08
4726,115296,0.0034733831
4727,44704,0.00063910644
4728,70631,0.15960538
4729,47995,0.008506531
4730,18507,8.1639154e-11
4731,84906,1.8137057e-06
4732,78952,0.0019963898
4733,27026,0.00079286017
4734,100484,7.718623e-12
4735,59147,0.033792887
4736,12881,0.00031171436
4737,18953,4.4520106e-13
4738,90856,0.007161076
4739,113819,0.00328865
4740,2785,0.010715395
4741,60652,1.03851555e-07
4742,11677,0.009896677
4743,38992,2.4977415e-10
4744,44769,3.1596042e-07
4745,48607,4.073018e-05
4746,5467,0.032512687
4747,49418,7.773164e-17
4748,104132,0.036663696
4749,115171,2.844457e-11
4750,40751,1.0150147e-13
4751,81364,6.1634026e-05
4752,44944,0.01599817
4753,73548,0.15199308
4754,27349,0.00021321175
4755,97656,0.015377235
4756,3746,3.4871715e-05
4757,24922,9.985698e-10
4758,11945,0.00017937893
4759,15482,1.5408962e-10
4760,106477,0.0014177117
4761,92712,3.818975e-13
4762,94895,0.001458661
4763,26391,2.07943e-07
4764,69143,0.01728862
4765,40401,4.390146e-15
4766,71228,1.6773648e-10
4767,48708,0.07103359
4768,37199,0.06483265
4769,73489,7.090928e-08
4770,11216,7.3392044e-08
4771,13430,0.08401067
4772,35687,0.010531615
4773,23567,0.009166495
4774,87088,0.0023865474
4775,8906,0.009896677
4776,51556,2.2605745e-06
4777,74011,0.03468771
4778,17241,7.7193265e-09
4779,35246,0.068451926
4780,101222,2.6815624e-07
4781,73438,5.547213e-07
4782,90246,6.1634026e-05
4783,115411,6.6539805e-09
4784,64170,9.89253e-06
4785,21341,0.000783257
4786,44847,7.060803e-16
4787,86556,3.678733e-06
4788,113739,0.04980838
4789,90429,0.05137095
4790,81571,6.1634026e-05
4791,86552,2.8228487e-11
4792,56896,0.068451926
4793,39181,2.1826465e-06
4794,103728,0.00018646118
4795,24584,0.006562863
4796,4106,1.8111215e-06
4797,109413,0.00047557135
4798,87075,1.807515e-08
4799,98176,0.0052285832
4800,8627,0.03500239
4801,17469,0.0033913704
4802,59828,0.08254046
4803,108522,0.0014231944
4804,21919,8.0028784e-08
4805,32317,0.008845419
4806,35623,0.0030881646
4807,41313,0.008845419
4808,57009,5.5078535e-11
4809,60081,0.030963501
4810,43643,1.180868e-12
4811,98576,0.05753619
4812,29189,3.1974793e-08
4813,80309,5.2947246e-13
4814,31105,0.0023937605
4815,61596,1.8536245e-09
4816,57150,4.0222928e-10
4817,98141,0.58138967
4818,66762,1.2452172e-05
4819,57063,9.803581e-06
4820,82294,0.0057430975
4821,49336,0.068451926
4822,13422,0.068451926
4823,86809,3.7777617e-08
4824,20580,0.0015777918
4825,43033,0.00829756
4826,96570,0.048240427
4827,45351,0.08734482
4828,50910,1.0120817e-05
4829,72125,1.5198728e-08
4830,47661,0.009166495
4831,3634,0.10837911
4832,111978,0.04536966
4833,3340,0.03454235
4834,62155,0.04787555
4835,35775,0.00041188538
4836,75190,4.457332e-12
4837,26454,0.005603552
4838,105242,1.5750164e-06
4839,79533,2.094856e-11
4840,108531,0.042397507
4841,9074,8.7773635e-08
4842,41639,2.6697202e-07
4843,30856,0.0036174739
4844,36226,0.017034432
4845,52225,0.0055402275
4846,16862,0.007630734
4847,37476,0.017074263
4848,100378,0.0022382287
4849,11748,7.697561e-07
4850,100719,5.3354424e-06
4851,19600,0.062280994
4852,91837,3.1782736e-06
4853,33439,0.0022167207
4854,37944,5.6649707e-09
4855,14903,1.1012399e-09
4856,41436,0.06375701
4857,114595,3.0873106e-11
4858,42781,0.0009831698
4859,42288,0.027574962
4860,13416,4.0095295e-11
4861,65383,1.600267e-05
4862,98984,0.017317794
4863,84993,0.008904926
4864,72537,0.0035335503
4865,32761,0.01599817
4866,102598,0.00049998355
4867,114782,3.1200886e-11
4868,94859,3.2418768e-09
4869,66269,3.5963595e-12
4870,37610,1.14282105e-10
4871,65786,0.008089746
4872,11429,0.009896677
4873,68712,0.001458661
4874,2648,0.00066845
4875,109379,3.2372154e-06
4876,83078,0.015377235
4877,102426,0.042080145
4878,32732,0.0013792627
4879,94692,0.0007983909
4880,3564,0.009881465
4881,57884,0.068451926
4882,21534,3.7611933e-10
4883,40705,8.429861e-08
4884,44205,0.003951485
4885,9759,6.1163826e-07
4886,14726,1.3200932e-15
4887,27602,0.07103359
4888,104376,0.03189741
4889,51607,3.4793652e-07
4890,83975,0.009181562
4891,83792,0.05047838
4892,94587,4.1340924e-11
4893,55935,0.04787555
4894,66580,2.7147637e-06
4895,33445,0.0071781524
4896,35365,9.425449e-05
4897,38402,9.718802e-09
4898,88398,1.424484e-06
4899,111360,0.015195313
4900,111791,1.5571057e-08
4901,9333,2.1284898e-06
4902,47786,9.295779e-12
4903,40137,0.008845419
4904,57407,0.00063523813
4905,62540,4.5164768e-07
4906,107855,0.00053932745
4907,32291,0.0006961845
4908,108393,0.048240427
4909,37069,0.04957397
4910,43695,0.003064368
4911,69139,0.0005866832
4912,20053,0.009115906
4913,78405,0.019761153
4914,62347,0.042838734
4915,92016,1.5845184e-07
4916,73813,0.0020144612
4917,66719,0.0007983909
4918,108639,0.00048573752
4919,113890,0.045894172
4920,19015,0.00014492773
4921,19118,0.0006208793
4922,43779,0.010593114
4923,63759,2.3964218e-13
4924,57349,0.00010599285
4925,8209,3.0055622e-05
4926,103463,1.2637077e-05
4927,74731,0.023519892
4928,90119,0.04536966
4929,95327,0.003690152
4930,96779,0.012524341
4931,66592,1.8065176e-06
4932,66680,1.9161417e-09
4933,49064,0.01728862
4934,115696,1.8291824e-10
4935,23546,5.4442684e-14
4936,20597,0.010553112
4937,7857,2.0219397e-12
4938,7938,0.03454235
4939,77877,0.07103359
4940,61042,0.05047838
4941,27250,0.001663179
4942,23521,1.6463392e-15
4943,31053,0.0025068019
4944,15568,0.0467899
4945,100787,0.032362238
4946,111586,0.00034735014
4947,26976,4.1548625e-13
4948,95618,0.000316965
4949,23897,2.7859517e-15
4950,97740,0.004355834
4951,92214,0.05741278
4952,29211,0.017074263
4953,59093,9.295779e-12
4954,33225,2.7859517e-15
4955,103999,0.04787555
4956,81640,3.777928e-08
4957,74064,1.7707818e-14
4958,84968,0.001458661
4959,58338,2.6479948e-11
4960,42045,7.1795096e-12
4961,15024,0.008618249
4962,62881,0.0005866832
4963,44627,0.056436636
4964,103993,0.00028211123
4965,107612,7.128198e-05
4966,114615,2.5137916e-09
4967,49957,0.16770548
4968,108739,5.9313004e-07
4969,80478,1.904618e-11
4970,41769,4.03204e-10
4971,103926,8.10789e-06
4972,44954,2.7859517e-15
4973,63600,1.8275617e-09
4974,1683,0.0005234847
4975,50255,0.032544143
4976,35457,0.009084299
4977,13965,3.9472925e-11
4978,94438,0.009084299
4979,99802,0.016113395
4980,29668,0.051730532
4981,88146,0.05741278
4982,93541,1.111003e-14
4983,115908,1.5091418e-06
4984,107387,6.1634026e-05
4985,86804,0.001458661
4986,41246,1.0146174e-14
4987,72345,2.6962104e-09
4988,97692,0.0007637882
4989,29265,0.017074263
4990,112350,1.26795685e-05
4991,55074,0.0006208793
4992,103694,1.4983026e-08
4993,85702,3.9345944e-12
4994,85856,0.0010387998
4995,80504,0.007004306
4996,56304,3.825086e-08
4997,104240,0.008506531
4998,50338,0.0023916445
4999,41505,0.005603552
5000,8682,0.045614455
5001,11712,0.0053352406
5002,74894,0.05047838
5003,38249,0.009166495
5004,30264,0.009084299
5005,50703,0.0046053557
5006,81247,0.03384027
5007,37317,0.0073023727
5008,47564,3.9679735e-12
5009,52229,0.0005368607
5010,92976,1.0705837e-09
5011,11496,5.3370766e-09
5012,13029,0.032512687
5013,46155,0.0023889667
5014,114874,0.0021801235
5015,89192,0.035227705
5016,77242,0.05741278
5017,42066,0.1016414
5018,20988,0.000783257
5019,80774,6.0006643e-15
5020,12666,0.009101587
5021,41670,0.028758163
5022,6236,0.017869916
5023,40013,0.03964812
5024,55632,0.00091310084
5025,6459,1.763124e-07
5026,77347,0.025916465
5027,28212,0.0014634033
5028,38132,7.788518e-11
5029,95925,0.005954114
5030,99401,0.0035976325
5031,8074,6.379268e-09
5032,70877,0.073368184
5033,8329,2.0160442e-08
5034,69009,0.01599817
5035,14331,0.113808736
5036,18485,2.0635708e-11
5037,45235,0.009166495
5038,52783,1.5793876e-06
5039,49491,0.017034432
5040,36160,0.0055402275
5041,34159,0.07103359
5042,61011,0.0020144612
5043,33463,0.0009831698
5044,103081,0.010597673
5045,63119,0.08727707
5046,8493,4.441852e-08
5047,66491,1.6760896e-09
5048,64025,3.113472e-11
5049,112444,0.0017741153
5050,70967,2.0864601e-07
5051,92705,6.346548e-09
5052,54531,0.0059808404
5053,59940,0.05741278
5054,110441,2.8754486e-13
5055,30678,0.0022302202
5056,112000,0.04787555
5057,105427,0.057786837
5058,35912,0.009084299
5059,10851,0.42680278
5060,47233,1.6897274e-10
5061,114933,0.007605816
5062,57258,0.00018350668
5063,94972,1.2452172e-05
5064,57102,1.111003e-14
5065,18352,1.582125e-11
5066,114842,4.2606842e-09
5067,72209,4.524234e-09
5068,20507,0.001381635
5069,96257,0.0033025257
5070,74463,3.9345944e-12
5071,97156,0.008904926
5072,19364,0.0029976503
5073,11970,0.0064440104
5074,17516,0.024432875
5075,91897,6.50099e-07
5076,56498,0.025916465
5077,110574,6.9719683e-09
5078,63310,0.0060525606
5079,114124,7.223654e-09
5080,17791,0.004344768
5081,15492,6.066537e-11
5082,55783,0.00079286017
5083,29269,0.0023937605
5084,75272,0.006976981
5085,101973,2.8029492e-11
5086,15496,0.0043146308
5087,6378,0.00456404
5088,82055,2.2887357e-06
5089,61878,0.0020144612
5090,83170,0.04536966
5091,31533,0.009084299
5092,115723,0.0002613049
5093,60309,0.073368184
5094,20410,2.6001531e-05
5095,31964,0.0006208793
5096,42700,1.9615607e-07
5097,78210,2.8124857e-12
5098,111783,3.6238488e-11
5099,13132,0.031758823
5100,23503,0.03468771
5101,13150,0.006666209
5102,57312,1.7943543e-06
5103,69638,0.05741278
5104,99606,1.8308285e-06
5105,62134,2.1999136e-05
5106,16990,0.0019963898
5107,87318,6.0971232e-12
5108,61602,1.2452172e-05
5109,55736,0.016146887
5110,64117,1.2452172e-05
5111,20163,0.009115906
5112,5415,9.531177e-11
5113,27206,0.02662436
5114,110120,2.3537124e-05
5115,35566,3.9341988e-11
5116,56096,0.0005866832
5117,39902,2.9326538e-13
5118,76622,0.005869099
5119,69047,6.905573e-12
5120,70767,0.010531615
5121,59341,0.15879971
5122,89285,0.039763004
5123,115527,0.0020207777
5124,54093,0.00079286017
5125,102794,1.248098e-05
5126,69962,0.0036406247
5127,104421,5.4522374e-05
5128,59819,0.05741278
5129,37427,0.16915545
5130,9602,1.1904977e-08
5131,36300,8.675893e-13
5132,78137,0.024107663
5133,64653,1.2414658e-06
5134,15677,9.715794e-06
5135,113009,0.00049563043
5136,15451,7.38116e-17
5137,95076,4.6514e-08
5138,81530,0.08256352
5139,44957,2.128732e-05
5140,27588,0.004684085
5141,58579,0.0045028874
5142,6230,5.6260865e-06
5143,35915,3.5009737e-07
5144,103467,0.0005003087
5145,103720,0.024684858
5146,53823,3.3134693e-12
5147,113019,0.010963289
5148,51183,4.1548625e-13
5149,58214,0.033792887
5150,71816,0.001458661
5151,69570,0.0014509656
5152,14360,4.86294e-13
5153,14052,1.9840607e-09
5154,78953,2.1532604e-11
5155,111641,0.005616725
5156,22062,0.0009831698
5157,50846,1.6897274e-10
5158,4021,0.032512687
5159,4117,8.346796e-06
5160,108135,0.0024435194
5161,104715,0.0006006297
5162,44935,0.024273606
5163,53732,0.0009831698
5164,16766,1.2475624e-11
5165,918,0.00054681074
5166,85460,0.0140167875
5167,35714,0.024432875
5168,28313,0.0073023727
5169,90758,0.007630734
5170,80829,4.340743e-06
5171,96020,0.0008643368
5172,92053,0.00011958808
5173,54118,0.0422275
5174,72266,8.76387e-05
5175,111001,0.0020207777
5176,84241,0.0005072851
5177,109724,1.4988335e-09
5178,95108,0.011426199
5179,54558,0.009084299
5180,6119,0.00859817
5181,38688,0.010593114
5182,31849,3.4625983e-12
5183,104065,0.041240823
5184,83265,7.512209e-07
5185,26194,0.00079286017
5186,106636,0.07125481
5187,52461,5.286337e-07
5188,43215,0.03239536
5189,112441,0.039255198
5190,26328,0.00011893259
5191,83315,7.014747e-06
5192,47433,2.4538525e-15
5193,27019,0.009084299
5194,58685,9.152908e-05
5195,81737,0.04787555
5196,77339,3.198254e-08
5197,13932,0.1872605
5198,92790,1.1822704e-11
5199,106994,0.0049484856
5200,24532,2.9374962e-13
5201,113615,0.057889596
5202,30474,2.8302392e-08
5203,82917,0.0062234066
5204,29716,0.01877748
5205,7890,2.3979449e-06
5206,18568,2.0582619e-13
5207,17986,1.4466057e-09
5208,77412,1.2452172e-05
5209,78528,6.2672034e-06
5210,18135,2.8462818e-10
5211,67836,0.009415351
5212,61720,0.0057430975
5213,40041,2.9989435e-09
5214,27412,3.790331e-10
5215,7153,1.8682278e-05
5216,39003,0.88793015
5217,22396,1.7639732e-13
5218,68534,7.619857e-08
5219,44976,0.034754902
5220,96513,0.005616725
5221,108616,0.000121719226
5222,30073,0.00079286017
5223,20234,3.403079e-05
5224,112494,0.017114835
5225,41368,0.022921072
5226,76601,6.1634026e-05
5227,62642,2.5457933e-08
5228,3210,7.787925e-07
5229,35715,8.875701e-11
5230,102122,0.0022697179
5231,94454,0.0055402275
5232,2007,0.008084471
5233,2638,2.1964435e-07
5234,91701,0.0074526113
5235,56784,2.6490502e-06
5236,101178,9.646279e-07
5237,51399,2.514687e-10
5238,8071,4.364055e-05
5239,34687,0.9044893
5240,91074,0.010597673
5241,787,7.831706e-06
5242,12719,0.00048191426
5243,91298,7.124888e-05
5244,9679,0.02363173
5245,12011,6.0120976e-15
5246,84808,0.009181562
5247,133,0.008618249
5248,69879,5.716553e-06
5249,64375,1.575395e-06
5250,82381,0.0048167007
5251,82978,0.00079956837
5252,72762,0.017034432
5253,105564,0.0035325342
5254,74599,7.400841e-13
5255,110966,1.6338898e-10
5256,89533,0.05741278
5257,60104,0.17617574
5258,52581,6.1634026e-05
5259,71576,6.7782234e-12
5260,44914,0.0010396705
5261,42588,6.459584e-14
5262,85257,0.010597673
5263,74975,1.8389449e-07
5264,113443,1.5549e-09
5265,19251,1.03224504e-08
5266,104248,0.007859338
5267,56147,0.00025455968
5268,71934,5.620256e-08
5269,46729,0.010593114
5270,69222,6.3679497e-09
5271,82551,0.005616725
5272,110457,0.008083573
5273,74922,1.111003e-14
5274,51812,0.010531615
5275,2050,0.0028128948
5276,61575,1.0055132e-09
5277,71261,7.173843e-12
5278,25863,0.006049589
5279,55328,0.008845419
5280,1361,6.1976984e-09
5281,86745,0.009181562
5282,95180,0.04270712
5283,55837,0.0015176588
5284,21959,3.7999128e-11
5285,29193,0.008355443
5286,70725,0.0016079856
5287,5975,4.417726e-07
5288,70797,0.0046549067
5289,77842,1.9534067e-11
5290,92474,0.00020154114
5291,37661,1.4474096e-08
5292,6155,0.017869916
5293,87969,3.1446977e-11
5294,89915,0.03613884
5295,55964,0.05741278
5296,111352,0.0002199089
5297,74780,0.00055804336
5298,10134,7.034685e-05
5299,96812,1.13023245e-11
5300,56912,0.0055402275
5301,8438,3.1601967e-06
5302,33971,1.72971e-09
5303,15477,0.0043146308
5304,99498,4.185063e-06
5305,65028,0.040216576
5306,28317,0.00079286017
5307,71164,0.05137095
5308,75305,6.9555174e-11
5309,105766,1.4473012e-09
5310,28108,0.017074263
5311,58527,2.0195271e-12
5312,104369,0.00014783465
5313,65590,1.3750902e-08
5314,101309,0.024684858
5315,49484,0.015377235
5316,10460,1.7886288e-08
5317,25840,0.09024777
5318,114015,6.4869782e-06
5319,40764,3.973767e-05
5320,5424,0.017869916
5321,37360,0.0002087937
5322,76549,3.5963595e-12
5323,84267,0.009181562
5324,68350,0.062280994
5325,97428,0.05216715
5326,40934,6.459584e-14
5327,7994,4.2359957e-08
5328,1767,1.8976082e-06
5329,104193,0.0009084356
5330,76813,3.1446977e-11
5331,106705,1.5864843e-09
5332,96358,0.016113395
5333,86486,0.011426199
5334,62616,0.008515424
5335,82351,1.3941285e-08
5336,91077,0.05216715
5337,47191,0.00079545396
5338,23915,4.6441082e-10
5339,96604,1.260863e-05
5340,59326,0.010531615
5341,96406,0.016113395
5342,95473,0.008845419
5343,57274,3.473168e-08
5344,105796,0.007337851
5345,110874,0.00896607
5346,35313,0.008845419
5347,18820,0.00034467308
5348,47970,0.04096254
5349,104346,6.812702e-05
5350,106011,0.000798332
5351,52969,0.06209234
5352,3772,0.01685207
5353,102641,0.033423368
5354,83687,0.0010522492
5355,76706,0.009181562
5356,14,0.0004034683
5357,31520,8.2292565e-05
5358,92381,0.005616725
5359,98747,0.068603046
5360,70597,0.009181562
5361,42267,7.55756e-08
5362,68468,0.0005866832
5363,66826,0.023193115
5364,64643,9.501198e-10
5365,102993,2.5958904e-08
5366,110090,0.0006483078
5367,33078,0.00038691505
5368,24466,0.031758823
5369,2884,0.03454235
5370,102622,6.3679497e-09
5371,62017,1.2787568e-10
5372,45229,0.005603552
5373,77599,0.0036302214
5374,24720,0.06310645
5375,78816,0.068451926
5376,8961,6.379268e-09
5377,80151,9.270955e-12
5378,67704,4.0111044e-07
5379,84446,0.00013687441
5380,82493,0.0023865746
5381,107747,0.024684858
5382,74563,0.00086317223
5383,67653,1.5992007e-05
5384,111866,0.0002613049
5385,77827,0.00020785356
5386,43482,0.005603552
5387,85253,1.4177441e-07
5388,31970,0.009084299
5389,74578,0.0048167007
5390,40408,1.8346496e-11
5391,45183,0.009166495
5392,52257,1.2259274e-05
5393,1715,9.2035024e-10
5394,105845,8.208849e-12
5395,55859,0.00012038292
5396,634,1.1930002e-06
5397,90102,0.008845419
5398,90516,2.810094e-12
5399,26321,1.7505733e-13
5400,103838,0.0020207777
5401,10990,0.00952741
5402,89305,5.67701e-09
5403,74750,0.0023870617
5404,5160,6.1629355e-09
5405,25359,1.2608241e-08
5406,107915,0.00031867815
5407,114659,0.032544143
5408,105583,0.039851364
5409,99760,1.2692546e-08
5410,6905,8.276121e-08
5411,48105,0.0020144612
5412,73523,1.424484e-06
5413,22786,1.6061093e-10
5414,18681,0.00012350122
5415,6889,0.00030578766
5416,88132,0.001458661
5417,110506,0.010597673
5418,108712,0.00362523
5419,89464,0.001458661
5420,69010,7.608903e-09
5421,108410,3.0531133e-14
5422,55615,0.010531615
5423,45458,2.9457329e-13
5424,88147,1.2452172e-05
5425,114845,0.000107347616
5426,31980,0.0013792627
5427,63141,0.04787555
5428,89687,0.00012038292
5429,97463,0.0017176691
5430,35226,0.009084299
5431,52898,0.00010588457
5432,1223,0.00018825782
5433,102077,1.0338366e-09
5434,62169,0.0037880566
5435,14973,7.476755e-15
5436,17077,4.2757193e-13
5437,23039,2.2988675e-11
5438,43260,0.003064368
5439,107850,0.00026335605
5440,55068,0.0006775144
5441,101863,2.7428325e-06
5442,32130,3.7700243e-05
5443,65744,1.2462176e-05
5444,75129,5.3717926e-08
5445,90467,0.0048297467
5446,51624,0.010531615
5447,85180,2.7630015e-11
5448,83266,3.878318e-08
5449,38703,0.06338024
5450,38369,0.0009831698
5451,41424,0.010419504
5452,45827,0.011191711
5453,45640,0.024107663
5454,41521,4.3298307e-05
5455,3322,1.5695256e-06
5456,36886,0.0016385948
5457,27675,0.06387287
5458,98488,0.0042654667
5459,58647,0.030569442
5460,46816,0.011426199
5461,76154,0.017034432
5462,102576,1.3534763e-07
5463,45158,0.011426199
5464,63038,6.1634026e-05
5465,100808,0.05753619
5466,2636,6.1328347e-09
5467,83467,0.0048167007
5468,64545,1.2452172e-05
5469,52691,0.010947437
5470,41782,2.7859517e-15
5471,108533,0.009184932
5472,56919,0.009084299
5473,28448,0.036652684
5474,59407,6.299168e-12
5475,2767,0.022016345
5476,97379,5.7130205e-08
5477,50959,0.08734482
5478,115852,0.009184932
5479,94540,0.011966948
5480,40195,2.7859517e-15
5481,8022,1.0144241e-06
5482,2708,0.03531721
5483,76383,3.818975e-13
5484,50439,6.674106e-15
5485,36340,0.010531615
5486,2896,5.740106e-05
5487,78482,1.4891945e-07
5488,40443,0.059052628
5489,58983,0.008298639
5490,82609,0.04536966
5491,4380,0.009896677
5492,92791,1.2974483e-10
5493,63962,1.9564261e-08
5494,986,0.01599817
5495,27762,0.06387287
5496,86301,0.0003861692
5497,68784,2.0634329e-07
5498,44736,5.239726e-11
5499,88316,5.6843476e-08
5500,10260,7.3182123e-06
5501,62908,0.009164828
5502,27992,0.0005368607
5503,78387,1.19526715e-11
5504,64207,0.0014177117
5505,102008,7.081828e-09
5506,80838,2.8124857e-12
5507,107764,7.456814e-12
5508,84713,6.9129396e-06
5509,33360,0.00698014
5510,61325,6.0994382e-12
5511,62948,0.0005368607
5512,41458,0.03239536
5513,18138,0.02939055
5514,198,0.019110298
5515,80548,0.007630734
5516,17370,0.11241541
5517,14089,1.0780327e-06
5518,91828,0.001458661
5519,69321,2.362465e-10
5520,63390,3.5778335e-11
5521,26147,9.894989e-11
5522,52816,0.0036406247
5523,79926,0.0020144612
5524,76994,0.001458661
5525,51428,0.009084299
5526,36149,0.007630734
5527,103053,0.010597673
5528,64107,2.3772545e-05
5529,1623,9.568669e-06
5530,30531,0.008298639
5531,104511,3.2613883e-09
5532,41139,5.5780077e-12
5533,31807,0.0006310822
5534,43055,1.2088596e-07
5535,24521,0.0085101
5536,77331,0.008845419
5537,85812,0.024533123
5538,78270,0.00038691505
5539,71477,0.042838734
5540,65666,5.2586185e-11
5541,97319,0.000103831444
5542,16728,6.5213885e-07
5543,80088,1.5992511e-05
5544,102209,3.8974893e-11
5545,105476,0.007630734
5546,55908,0.00017297632
5547,60464,4.5120218e-05
5548,39475,7.54618e-12
5549,46450,0.024107663
5550,34157,0.08256352
5551,86869,5.5834466e-08
5552,50054,3.2157097e-09
5553,73293,0.00017722727
5554,115437,2.1015166e-10
5555,12321,7.191586e-05
5556,15232,0.0012369809
5557,14214,5.294914e-10
5558,32120,8.1709686e-08
5559,28118,0.0031121918
5560,54797,4.4207676e-14
5561,82114,0.025916465
5562,33351,0.007630734
5563,97677,0.003391807
5564,104214,0.009184932
5565,70359,4.598259e-13
5566,39349,1.2975781e-12
5567,92586,0.045750935
5568,4196,0.072237946
5569,24930,0.15124272
5570,40345,7.986248e-07
5571,111422,0.0004206083
5572,24966,0.007630734
5573,66292,1.7876813e-11
5574,14540,0.009115906
5575,73787,0.04787555
5576,84445,0.008845419
5577,66258,1.5704973e-09
5578,19685,2.2790261e-10
5579,62140,0.012154507
5580,30485,4.364182e-11
5581,100724,0.0026771852
5582,103078,0.008845419
5583,16769,6.7060047e-12
5584,21559,0.10312156
5585,23118,1.601406e-12
5586,97704,0.045750935
5587,99268,0.00029371007
5588,36885,0.00079286017
5589,25509,1.9817828e-06
5590,87476,0.0061112233
5591,53858,0.017034432
5592,216,0.15782295
5593,30404,1.7828943e-05
5594,73011,3.5963595e-12
5595,20386,0.00079251383
5596,28273,2.8167758e-06
5597,49668,0.009084299
5598,97017,7.440146e-05
5599,93441,0.009184932
5600,86483,0.0003186244
5601,76524,0.004276007
5602,1500,0.03964128
5603,105493,0.0002439733
5604,103111,0.08167636
5605,1763,4.9852744e-09
5606,3930,0.03454235
5607,62556,0.0003300177
5608,37591,0.03792611
5609,97144,0.008439263
5610,30009,0.010531615
5611,100586,0.00010630918
5612,99742,7.179502e-14
5613,62161,0.024432875
5614,23529,1.7639732e-13
5615,4357,0.036845025
5616,39980,0.017034432
5617,96407,0.0017007889
5618,111262,0.009184932
5619,73992,0.004334145
5620,57023,9.634653e-10
5621,54828,0.007630734
5622,13882,0.0042476333
5623,109950,0.011461106
5624,7095,1.1227316e-07
5625,76697,1.904618e-11
5626,51896,0.0023916445
5627,66049,1.2462176e-05
5628,30524,0.010531615
5629,2278,3.6338534e-07
5630,16047,0.032486703
5631,2201,2.976504e-08
5632,79143,6.1634026e-05
5633,37309,0.000869642
5634,55738,0.0009831698
5635,39485,0.008845419
5636,100410,0.014298061
5637,95940,1.13424065e-07
5638,102178,0.014664249
5639,108752,9.559948e-10
5640,93863,0.007337851
5641,3414,4.2679483e-05
5642,70338,0.032114133
5643,85966,9.709116e-08
5644,91478,0.008845419
5645,39046,0.049170155
5646,42193,0.07103359
5647,76350,0.0011069049
5648,31104,0.0015137042
5649,80794,0.00010630918
5650,68827,4.100318e-06
5651,44136,0.0022074215
5652,65857,1.2462176e-05
5653,21370,4.6493045e-09
5654,61982,0.15357381
5655,55316,7.707206e-12
5656,25910,0.006070889
5657,55037,0.0014692483
5658,5573,0.06864146
5659,71888,9.569502e-05
5660,10651,3.0101442e-11
5661,17677,5.4641546e-08
5662,101183,1.2452172e-05
5663,108528,1.0962761e-11
5664,85131,2.8720203e-11
5665,68397,0.08559734
5666,10652,0.013752037
5667,11971,2.02718e-08
5668,53731,0.0019963898
5669,82157,0.03468771
5670,109858,1.3481284e-08
5671,74155,4.889058e-06
5672,57464,0.010531615
5673,60070,5.3222045e-09
5674,88089,0.00010011831
5675,24681,0.00040125722
5676,65453,8.5672145e-09
5677,19999,9.232187e-08
5678,93758,0.006683917
5679,94654,3.792816e-06
5680,75837,0.024533123
5681,43737,0.051730532
5682,81752,7.714634e-12
5683,18824,7.45435e-09
5684,41068,0.017034432
5685,43683,0.017074263
5686,58119,0.010531615
5687,68761,0.0012442914
5688,13917,0.024432875
5689,41482,1.386288e-07
5690,16843,0.032486703
5691,38608,0.0019169024
5692,16358,3.1928307e-11
5693,64055,7.533768e-07
5694,94115,1.0962761e-11
5695,50260,0.0002087937
5696,60755,0.0006500485
5697,35285,4.942278e-18
5698,103501,1.6823135e-08
5699,7716,6.488681e-09
5700,67223,4.454859e-08
5701,103327,1.4473012e-09
5702,61795,1.2094834e-11
5703,86119,0.03468771
5704,95266,4.208552e-11
5705,34968,0.22167455
5706,365,0.07286587
5707,29229,0.051730532
5708,50999,3.8682235e-10
5709,30476,0.00046730373
5710,42357,2.8102603e-12
5711,46386,0.0023995372
5712,73260,6.583368e-05
5713,28867,3.1114535e-11
5714,113634,2.252515e-06
5715,10765,5.401533e-06
5716,2887,0.009881465
5717,51293,2.0510333e-07
5718,93454,2.7817857e-06
5719,91590,0.04787555
5720,69158,2.521666e-10
5721,87636,1.1407527e-09
5722,19215,0.0010522492
5723,13426,0.00015227211
5724,20821,1.2132981e-11
5725,57972,0.0055402275
5726,37865,1.6125323e-08
5727,27468,0.1016414
5728,1665,0.0055553857
5729,103895,9.560063e-09
5730,48499,2.3772806e-07
5731,74759,6.1634026e-05
5732,90880,0.017093383
5733,5231,1.770617e-06
5734,95324,0.015525614
5735,76453,2.3591027e-09
5736,101714,8.182632e-06
5737,3849,4.3049754e-06
5738,91136,0.005933887
5739,81951,0.027647147
5740,113117,0.00031022134
5741,42242,2.7359286e-09
5742,64760,2.1887979e-10
5743,65052,3.9345944e-12
5744,10443,1.1424055e-05
5745,40758,0.0043094326
5746,82758,0.005616725
5747,879,0.0039294376
5748,49408,2.0916632e-10
5749,28912,1.7505733e-13
5750,37014,5.1776267e-10
5751,27140,0.0073688454
5752,56515,0.05741278
5753,10798,5.9021227e-07
5754,30071,0.01599817
5755,6736,4.7489024e-07
5756,41668,0.008267156
5757,23512,5.870087e-10
5758,91844,0.017093383
5759,413,4.2359957e-08
5760,14668,1.0184731e-08
5761,57666,0.00079286017
5762,21736,1.7484894e-11
5763,85212,2.4460915e-06
5764,29560,0.0007983909
5765,105807,0.0002613049
5766,34786,1.0570414e-14
5767,89367,0.00063523813
5768,77344,7.173843e-12
5769,4552,4.6323248e-07
5770,17429,0.068451926
5771,46459,0.0001141803
5772,115756,3.7763255e-07
5773,52916,3.6167692e-12
5774,92273,0.03860591
5775,73219,0.005869099
5776,15225,0.018481644
5777,70056,0.0020144612
5778,113290,0.000806542
5779,106757,1.5915532e-06
5780,63452,0.009115906
5781,46300,2.9374962e-13
5782,22183,0.009166495
5783,20822,4.365614e-11
5784,45833,0.00021415038
5785,14451,1.4394307e-06
5786,42010,0.009166495
5787,80380,9.402737e-08
5788,61295,0.05741278
5789,21937,0.03239536
5790,81986,0.05137095
5791,7618,0.026604261
5792,17923,9.715794e-06
5793,65881,7.6792594e-07
5794,35508,2.3679322e-05
5795,76864,0.00063523813
5796,34569,2.0717458e-07
5797,88019,4.189236e-05
5798,89692,0.0028338716
5799,31278,0.005603552
5800,3570,1.0139898e-05
5801,42450,3.0084926e-10
5802,90529,0.024684858
5803,95535,1.4051193e-15
5804,67269,2.1532604e-11
5805,27272,0.0009993503
5806,87887,0.00044011176
5807,111846,0.007859338
5808,102269,0.068451926
5809,53439,0.0055402275
5810,33839,0.039479617
5811,2030,0.06845848
5812,13502,1.7967427e-08
5813,106740,0.0010036927
5814,101747,8.182632e-06
5815,46350,0.03468771
5816,65580,5.2586185e-11
5817,82519,8.214974e-08
5818,57918,3.6167692e-12
5819,24594,9.714719e-06
5820,21688,4.1087105e-06
5821,56012,0.007630734
5822,77214,0.05741278
5823,3126,0.009881465
5824,107453,0.032362238
5825,24977,0.0007878434
5826,87368,0.007004306
5827,2314,5.9021227e-07
5828,79162,0.00013600105
5829,51691,0.010531615
5830,22046,3.2322153e-12
5831,10173,1.2439935e-07
5832,49910,0.002292077
5833,91425,0.009181562
5834,4429,3.246557e-07
5835,3672,3.0043654e-09
5836,107365,7.606367e-08
5837,102176,5.6201856e-07
5838,3163,1.8719665e-11
5839,61874,0.03232138
5840,35400,0.009084299
5841,62895,0.009164828
5842,82040,9.244222e-08
5843,83642,0.00064935774
5844,2842,6.1328347e-09
5845,50302,0.009084299
5846,115469,1.1058825e-14
5847,13968,0.01599817
5848,91169,0.0073276917
5849,1069,0.038612682
5850,68939,0.005616725
5851,66372,3.113472e-11
5852,13524,1.4447651e-11
5853,40826,0.0043094326
5854,1649,2.7859517e-15
5855,7676,0.0015465512
5856,92002,0.008845419
5857,37750,2.6300244e-05
5858,95041,0.0036406247
5859,62176,4.428657e-06
5860,104621,7.72505e-14
5861,24045,0.0007878434
5862,4296,0.00026611504
5863,68764,0.009181562
5864,114191,0.07677293
5865,98165,0.00062585564
5866,6151,0.0048271464
5867,16791,5.721914e-10
5868,26495,0.0005356802
5869,107222,1.9896135e-08
5870,15027,3.0338828e-07
5871,12419,1.8936642e-07
5872,69274,0.001458661
5873,29881,0.00012038292
5874,109163,0.05216715
5875,81880,6.1634026e-05
5876,92072,0.0020144612
5877,47536,0.009166495
5878,109498,0.051720127
5879,62557,1.19526715e-11
5880,93416,2.7352317e-11
5881,39247,3.3111636e-08
5882,27964,0.008845419
5883,51225,5.612278e-11
5884,45439,0.032311134
5885,11882,4.960909e-07
5886,40497,0.018926162
5887,68220,1.8781959e-08
5888,20791,0.0010522492
5889,5214,0.0018992445
5890,57236,1.2127076e-08
5891,37760,9.9983466e-11
5892,28110,0.0008139481
5893,12002,2.3297275e-14
5894,115147,3.228611e-08
5895,8080,4.107316e-06
5896,33632,0.017114835
5897,93877,0.007004306
5898,6611,1.3002639e-08
5899,41166,0.03239536
5900,25638,3.323555e-05
5901,87760,0.08339744
5902,3606,0.13959335
5903,67862,0.05741278
5904,2384,0.009881465
5905,113335,1.29545415e-05
5906,100825,0.0001816509
5907,9503,0.0027719631
5908,97547,0.068603046
5909,76951,2.7199456e-12
5910,27499,0.028758163
5911,41084,0.006976981
5912,104735,0.1542064
5913,86367,6.851285e-08
5914,84886,0.032368287
5915,98720,0.000121719226
5916,72114,6.1634026e-05
5917,698,6.883796e-12
5918,30035,2.7859517e-15
5919,29983,0.0023937605
5920,81153,0.039752092
5921,101204,1.346088e-12
5922,97129,0.05753619
5923,57300,0.0036302214
5924,65102,7.1270634e-08
5925,62614,3.198254e-08
5926,113589,0.009176665
5927,3364,1.734965e-06
5928,72474,0.0020144612
5929,100423,0.007337851
5930,80959,7.846843e-09
5931,50424,2.61684e-07
5932,51965,0.0024387143
5933,78611,0.010531615
5934,58156,0.0020144612
5935,72907,6.1634026e-05
5936,101781,7.639852e-12
5937,53753,3.517294e-08
5938,54486,8.311524e-08
5939,65573,1.0294722e-09
5940,69166,3.732135e-11
5941,94207,0.024684858
5942,4951,0.03454235
5943,21545,5.012111e-10
5944,82241,1.0962761e-11
5945,11872,3.158574e-07
5946,71077,0.0032143127
5947,46343,3.158089e-07
5948,110188,0.057889596
5949,80394,0.05741278
5950,13161,7.574645e-16
5951,26382,0.05349622
5952,97015,0.011426199
5953,111259,0.042720005
5954,15005,0.009471986
5955,73501,9.42208e-14
5956,31636,7.2105243e-12
5957,91402,2.7921594e-06
5958,22310,0.000783257
5959,18032,4.326104e-13
5960,4992,8.220372e-07
5961,34624,0.017034432
5962,4534,1.2810806e-06
5963,95298,0.05753619
5964,57707,1.7439306e-10
5965,73024,0.04373174
5966,102730,0.0039294846
5967,49674,6.178756e-05
5968,37045,0.07935375
5969,98490,0.048240427
5970,3546,0.032544143
5971,104330,4.351492e-10
5972,9839,0.07110984
5973,1023,0.010553112
5974,1341,0.0027460689
5975,19397,0.010553112
5976,70448,0.0036406247
5977,65597,1.2462176e-05
5978,40167,0.0036302214
5979,82912,0.008845419
5980,87746,3.2187003e-07
5981,60297,0.00012038292
5982,96671,1.8743563e-06
5983,59396,5.1021317e-07
5984,77956,0.001458661
5985,27173,1.8101339e-06
5986,87551,0.0015176588
5987,48517,0.05741278
5988,90267,0.09043537
5989,94724,9.7972086e-05
5990,73218,0.02006725
5991,50751,0.012771705
5992,9691,0.119105674
5993,32303,3.9679735e-12
5994,25537,0.2809118
5995,95949,6.1634026e-05
5996,72498,6.0994382e-12
5997,97322,2.1940012e-05
5998,75883,0.00010630918
5999,38946,0.015332866
6000,41168,2.7859517e-15
6001,61647,0.009115906
6002,16129,1.6210195e-06
6003,61008,0.0036302214
6004,40273,0.0006500485
6005,64954,5.0801123e-08
6006,6746,0.011864196
6007,64029,0.001413896
6008,46510,0.007630734
6009,91058,0.0010522492
6010,94577,7.476931e-10
6011,8807,2.5540709e-08
6012,33146,0.010531615
6013,92231,4.646693e-11
6014,41872,9.2709107e-10
6015,102566,9.940868e-10
6016,7171,3.957045e-06
6017,113091,0.00018718353
6018,59526,3.816753e-06
6019,69119,0.0016385948
6020,93335,0.017093383
6021,23081,1.5397429e-12
6022,40175,0.103233874
6023,64789,3.85095e-07
6024,95104,0.0010522492
6025,55617,0.024107663
6026,64048,0.0008775778
6027,41687,0.0012407677
6028,41533,0.00028546568
6029,6055,1.1521236e-06
6030,20436,2.9323852e-13
6031,20801,8.023779e-10
6032,94767,4.775074e-08
6033,10628,1.0482807e-08
6034,43638,0.005603552
6035,4150,0.009896677
6036,50998,0.007882589
6037,66786,0.011426199
6038,84480,0.068451926
6039,61466,6.1634026e-05
6040,30191,0.030664822
6041,46560,2.9374962e-13
6042,45715,0.03531721
6043,29314,0.0076643657
6044,103572,0.00031490778
6045,2550,0.009881465
6046,46727,1.4888438e-07
6047,36465,1.2259274e-05
6048,107674,0.001458661
6049,50017,1.1984939e-07
6050,62973,5.748879e-14
6051,73187,0.0009854129
6052,76260,0.0007983909
6053,84255,0.08129233
6054,34098,0.009084299
6055,5935,5.391196e-14
6056,58326,0.0013697381
6057,42794,0.02544447
6058,67859,1.111003e-14
6059,13428,0.010544453
6060,49802,0.009084299
6061,105303,3.5249914e-07
6062,102816,0.014298061
6063,51090,0.028028946
6064,96977,8.20992e-07
6065,111836,0.0807709
6066,97370,0.0022382287
6067,72410,0.028758163
6068,93868,0.0037140376
6069,53690,2.7550018e-06
6070,68332,2.2862558e-08
6071,66732,1.5992007e-05
6072,113444,1.29545415e-05
6073,77744,0.017034432
6074,108421,0.00013687441
6075,108169,0.005616725
6076,2634,4.7772655e-06
6077,65235,4.2910262e-11
6078,70721,0.00079286017
6079,70275,2.0582258e-10
6080,113031,6.1634026e-05
6081,83377,0.00031845734
6082,85709,1.2366844e-09
6083,95089,0.048240427
6084,56745,1.9902669e-07
6085,17109,5.2482137e-05
6086,91428,0.03468771
6087,65099,1.0689653e-06
6088,50333,0.015332866
6089,43036,0.024273606
6090,23028,2.7859517e-15
6091,29252,9.6899306e-08
6092,33072,0.005603552
6093,72648,4.4116353e-11
6094,101450,3.6387053e-06
6095,73455,1.637605e-11
6096,62204,0.00530437
6097,106277,0.044432703
6098,105056,7.0670865e-11
6099,55566,0.0004977721
6100,33063,0.017114835
6101,20380,0.009115906
6102,63400,0.0023870617
6103,81854,0.0020144612
6104,92449,0.009181562
6105,53344,0.0023916445
6106,95726,0.05741278
6107,114237,0.000806542
6108,45373,0.07103359
6109,79711,5.6667304e-06
6110,12634,8.374037e-10
6111,7468,9.198663e-09
6112,11766,1.2876548e-08
6113,104599,2.44278e-05
6114,96897,0.016113395
6115,10075,1.9289998e-07
6116,37539,3.200448e-05
6117,20892,0.010553112
6118,37537,0.00951949
6119,44161,0.08734482
6120,22437,7.432347e-07
6121,100243,1.5992007e-05
6122,61769,1.9996617e-11
6123,10047,0.017869916
6124,18863,3.2322153e-12
6125,82458,3.659506e-09
6126,72626,6.1634026e-05
6127,34764,3.9619238e-08
6128,57588,1.3802087e-12
6129,61215,0.09024777
6130,31245,7.673947e-06
6131,59182,0.0023870617
6132,45456,2.9856195e-05
6133,98704,9.050326e-15
6134,71699,0.03201005
6135,51,3.747934e-12
6136,71409,0.02662436
6137,86388,0.009181562
6138,85409,7.213289e-07
6139,8364,0.041325085
6140,90405,3.0685435e-14
6141,46687,2.0681463e-10
6142,38618,5.264331e-10
6143,91440,0.009181562
6144,103144,0.042441774
6145,70489,6.1634026e-05
6146,27433,2.5088054e-09
6147,70062,0.00012527814
6148,76952,1.7133481e-09
6149,11284,2.2943291e-07
6150,86791,1.5046703e-10
6151,24862,0.055707112
6152,99506,0.05769793
6153,51345,0.051730532
6154,61766,0.017034432
6155,89856,1.1005391e-08
6156,66242,2.5610479e-11
6157,21420,8.0165766e-17
6158,44729,0.007630734
6159,40136,2.9326538e-13
6160,53562,0.00031359433
6161,56611,3.1095015e-11
6162,97298,0.05753619
6163,88109,0.005933887
6164,47664,0.0043644286
6165,29546,0.051730532
6166,27274,4.9539207e-08
6167,67349,0.001603003
6168,34132,8.442034e-05
6169,59289,0.0014509656
6170,75739,0.017440932
6171,93004,0.00012038292
6172,66672,1.2452172e-05
6173,108773,0.0023845648
6174,91376,1.3715874e-09
6175,36501,0.0014692483
6176,47029,0.0006208793
6177,63347,1.8725592e-07
6178,20097,3.2322153e-12
6179,50305,0.026502978
6180,84305,0.042838734
6181,50742,0.010888648
6182,5353,0.1612585
6183,97302,0.022005696
6184,75156,0.0023865746
6185,48503,0.09043537
6186,95887,1.1802943e-05
6187,100956,0.038549975
6188,42522,8.8341466e-07
6189,71021,0.023193115
6190,114413,2.189065e-10
6191,57703,0.012705972
6192,86143,0.0007983909
6193,70956,1.9534067e-11
6194,49607,0.009084299
6195,110273,1.7263614e-05
6196,81883,0.0023865746
6197,112642,8.088675e-07
6198,83280,0.04536966
6199,7957,1.49540465e-05
6200,10157,2.5540709e-08
6201,97687,0.009184932
6202,72011,0.08632413
6203,35664,0.051730532
6204,77099,0.009084299
6205,51462,0.00021321175
6206,43893,0.010593114
6207,92120,1.1108263e-12
6208,51681,0.0023916445
6209,95898,1.0962761e-11
6210,32169,0.017114835
6211,69944,0.0005866832
6212,16644,0.009115906
6213,86434,0.009223529
6214,77260,0.068451926
6215,75972,0.051730532
6216,99677,4.500061e-08
6217,10072,0.042291485
6218,90200,0.042838734
6219,28959,0.00079286017
6220,108911,1.2602031e-05
6221,8660,2.190159e-06
6222,59153,4.1079102e-11
6223,37692,0.0017573744
6224,93696,4.6705665e-12
6225,45427,2.9374962e-13
6226,62867,5.884442e-08
6227,2426,0.1612585
6228,103428,0.03371654
6229,58935,2.8124857e-12
6230,114437,0.000120431825
6231,102309,0.00033184
6232,79393,0.0026878985
6233,6123,0.009896677
6234,92739,9.505202e-10
6235,80974,4.2141792e-09
6236,115552,6.1634026e-05
6237,53353,6.9555174e-11
6238,97901,8.853226e-08
6239,1263,0.015332866
6240,44676,6.468275e-14
6241,6937,3.6156177e-08
6242,99428,0.007571936
6243,59462,0.011426199
6244,52161,0.0055402275
6245,104543,1.04898916e-07
6246,59533,1.2234715e-08
6247,92346,0.039690025
6248,41403,0.027574962
6249,11814,4.746511e-14
6250,63183,0.032486703
6251,108685,0.07677293
6252,36771,0.007630734
6253,57745,0.051730532
6254,62405,8.02495e-12
6255,41905,0.01599817
6256,74255,0.0048167007
6257,99147,1.549681e-08
6258,34378,4.152906e-09
6259,95413,4.1158898e-13
6260,71564,0.009181562
6261,42945,0.1016414
6262,115987,6.1634026e-05
6263,35506,0.032544143
6264,109475,0.014949887
6265,48361,0.0002784047
6266,79603,0.0054461462
6267,10929,1.2603677e-11
6268,12190,1.7181172e-08
6269,30385,0.06865799
6270,82100,0.025916465
6271,77234,0.009084299
6272,81966,0.017034432
6273,8391,3.7956345e-06
6274,89632,1.111003e-14
6275,62726,1.1071257e-10
6276,75984,0.012645901
6277,7048,2.5540709e-08
6278,74935,0.2270918
6279,24412,0.00025976184
6280,22771,2.8392602e-10
6281,115736,0.03926236
6282,21055,1.1195124e-09
6283,21940,1.015189e-09
6284,98425,0.08167636
6285,51739,0.0055402275
6286,83540,0.04787555
6287,83853,0.00079956837
6288,98078,9.855436e-11
6289,32229,0.006642701
6290,90085,0.006519435
6291,111442,5.68437e-06
6292,1493,0.00031359433
6293,24046,4.6501404e-07
6294,84372,0.0023889667
6295,71598,1.7117678e-12
6296,77717,2.7199456e-12
6297,113102,0.0002249202
6298,54004,0.027624859
6299,23786,0.0025553044
6300,94196,7.7320905e-08
6301,26678,0.014914249
6302,100312,0.019787185
6303,109060,0.0020207777
6304,91441,0.028754888
6305,61794,0.007004306
6306,17785,1.3200932e-15
6307,90597,1.0869023e-12
6308,48719,0.06375701
6309,16303,4.658618e-12
6310,11685,0.04135175
6311,26646,0.0023024543
6312,34572,0.032544143
6313,96547,0.00031867815
6314,95336,4.5716986e-10
6315,115491,0.009084299
6316,3258,0.0008279741
6317,21738,1.5993816e-09
6318,47822,0.05741278
6319,6344,6.6761083e-07
6320,26191,0.001966042
6321,107973,0.031891707
6322,77520,0.000107329404
6323,101601,0.0023849234
6324,98544,1.111003e-14
6325,2584,1.9866418e-05
6326,65773,1.2462176e-05
6327,35368,9.664579e-10
6328,106079,1.500466e-10
6329,76307,3.118499e-08
6330,19229,4.4647128e-05
6331,75171,1.248098e-05
6332,3237,0.06864146
6333,30800,0.00053700217
6334,41948,1.070903e-08
6335,44825,0.009857761
6336,62880,2.023536e-05
6337,3747,2.5517922e-08
6338,95478,0.05753619
6339,111592,0.009184932
6340,20316,0.06375701
6341,16735,0.012248934
6342,108258,0.07677293
6343,73140,3.5963595e-12
6344,43161,0.007630734
6345,60865,0.017034432
6346,73690,1.9256205e-12
6347,95890,1.2139115e-07
6348,30626,0.009084299
6349,4128,0.032512687
6350,115289,0.13110289
6351,110797,0.019854529
6352,40698,1.6897274e-10
6353,25369,6.2672285e-16
6354,92864,3.3148347e-12
6355,20562,2.6699084e-07
6356,19644,0.0006208793
6357,90565,0.017093383
6358,57565,0.028325338
6359,84357,0.0020144612
6360,97336,1.8133702e-06
6361,55192,1.0174789e-05
6362,42127,0.017034432
6363,29254,0.00010717005
6364,73705,0.004052948
6365,59066,3.8978076e-08
6366,89063,0.12342926
6367,107815,6.480768e-08
6368,102554,1.0492392e-07
6369,75741,0.051730532
6370,83223,1.111003e-14
6371,71193,0.008845419
6372,11931,1.5616125e-11
6373,114917,5.051879e-07
6374,32927,0.0005368607
6375,77024,0.00060456933
6376,59983,2.2189932e-09
6377,113500,1.29545415e-05
6378,109574,0.009184932
6379,62040,0.001458661
6380,79301,0.016113395
6381,79807,0.042838734
6382,78788,0.010531615
6383,70785,1.6229578e-09
6384,59403,0.073368184
6385,54895,3.6590453e-09
6386,34763,0.07103359
6387,6781,2.9490852e-08
6388,54280,0.0038083005
6389,37408,7.616972e-10
6390,52839,0.059966683
6391,98007,0.048240427
6392,77693,0.0036406247
6393,2001,8.587731e-05
6394,98686,0.0015147561
6395,5513,0.03454235
6396,51177,2.7859517e-15
6397,44470,0.0005072883
6398,70184,0.010597673
6399,52635,6.1634026e-05
6400,107069,0.0037801657
6401,94957,0.0005073693
6402,6716,2.56165e-10
6403,84645,6.1634026e-05
6404,89562,4.251498e-11
6405,96089,0.010597673
6406,25502,4.7303747e-06
6407,42970,0.0007829395
6408,68415,0.039752092
6409,40862,2.0360573e-12
6410,70643,0.008845419
6411,89952,0.010597673
6412,78802,1.2188003e-06
6413,70697,4.8847578e-05
6414,27538,2.0478555e-11
6415,1502,8.261777e-05
6416,13759,9.653741e-11
6417,103389,0.057889596
6418,64465,4.7020386e-08
6419,62732,2.8105177e-12
6420,38899,1.0069782e-05
6421,282,2.0160318e-05
6422,23155,1.0146174e-14
6423,110373,0.051720127
6424,81196,0.0035968325
6425,92724,0.005616725
6426,92693,0.008845419
6427,91248,0.17363267
6428,85609,0.068451926
6429,70606,4.5120218e-05
6430,57351,0.18194224
6431,11049,3.1143165e-06
6432,15471,0.002029363
6433,110763,3.5828623e-07
6434,57334,1.5298573e-08
6435,20089,0.0036727495
6436,21475,5.391196e-14
6437,17885,0.00060827937
6438,94950,0.008845419
6439,1870,4.1777144e-05
6440,85948,0.05137095
6441,2637,0.009881465
6442,113812,2.1836553e-07
6443,92207,0.008845419
6444,101173,1.2452172e-05
6445,66416,1.6059988e-05
6446,69798,2.810094e-12
6447,9232,0.0004034683
6448,19046,2.3065918e-06
6449,101437,0.048240427
6450,91821,0.025916465
6451,94284,0.0015147561
6452,92800,0.0052112807
6453,80395,0.008904926
6454,53357,6.875048e-05
6455,50923,0.009084299
6456,22247,5.7332206e-10
6457,111192,3.0318485e-08
6458,82832,0.017034432
6459,92498,6.1634026e-05
6460,86689,5.2334238e-11
6461,59760,1.2452172e-05
6462,31301,0.001957903
6463,90933,4.5120218e-05
6464,47538,0.0009117629
6465,10629,4.198687e-05
6466,104909,0.0021801235
6467,44641,1.7605724e-16
6468,53223,1.2524417e-09
6469,36450,1.1605406e-07
6470,62021,4.5197356e-11
6471,4346,0.0027717866
6472,91321,0.009181562
6473,66043,1.2462176e-05
6474,17138,2.1466512e-10
6475,57895,1.10831e-08
6476,99284,0.032362238
6477,33708,1.207565e-05
6478,95338,0.008845419
6479,20371,0.014820525
6480,64832,0.0057430975
6481,42532,0.0002784047
6482,107985,0.057786837
6483,104594,6.1634026e-05
6484,85439,3.108353e-05
6485,20151,1.6166425e-13
6486,73897,6.1634026e-05
6487,83759,0.005616725
6488,106866,9.33239e-07
6489,86974,1.6500957e-08
6490,67206,0.05741278
6491,110078,0.057889596
6492,65056,0.0037880566
6493,1657,8.725008e-07
6494,96630,0.012524341
6495,15339,1.6152587e-06
6496,40392,0.00527508
6497,12164,4.4294104e-14
6498,44347,2.9374962e-13
6499,108464,0.0004972341
6500,9274,6.14543e-10
6501,50287,1.1376591e-08
6502,2525,0.009881465
6503,100795,0.039297886
6504,57974,0.009084299
6505,112209,0.057786837
6506,113691,6.1634026e-05
6507,36344,3.3111636e-08
6508,69247,9.238543e-07
6509,66973,0.05741278
6510,110062,6.144518e-05
6511,50003,9.465798e-10
6512,95640,2.094856e-11
6513,46820,2.7859517e-15
6514,28851,0.00079286017
6515,73171,0.068451926
6516,29749,1.0032527e-09
6517,114592,0.05047838
6518,109792,0.01202661
6519,43408,0.017074263
6520,71041,0.08256352
6521,103936,0.0016881548
6522,29146,0.00012038292
6523,37764,0.0077683823
6524,4567,0.032512687
6525,78937,0.008494399
6526,22599,0.0012426393
6527,85471,4.5120218e-05
6528,39962,0.03218076
6529,10725,6.2809246e-05
6530,84134,0.0023870617
6531,7770,0.032512687
6532,52591,0.0020144612
6533,53746,0.009084299
6534,87430,7.611838e-12
6535,29484,1.8851218e-09
6536,109036,6.329566e-08
6537,47052,1.003657e-08
6538,53783,0.008324745
6539,41110,0.0006208793
6540,109110,6.694528e-12
6541,28024,7.2105243e-12
6542,92662,0.0004615658
6543,79076,4.428657e-06
6544,61640,1.2452172e-05
6545,8646,0.007115865
6546,97414,0.0023870617
6547,103678,1.2860449e-05
6548,86323,0.019787185
6549,82220,0.0014187942
6550,88990,0.0020144612
6551,115348,4.5308514e-07
6552,108074,0.0020207777
6553,35383,1.8028427e-08
6554,42518,0.00829756
6555,54971,0.0055402275
6556,93356,0.0030274577
6557,14403,1.329231e-05
6558,55876,3.0021141e-09
6559,9692,0.012143771
6560,108538,0.004355834
6561,25215,0.009166495
6562,93178,0.054639947
6563,55753,0.011253864
6564,28349,6.40961e-17
6565,14910,1.0066901e-08
6566,9393,0.00085794844
6567,35544,1.4917811e-08
6568,19385,0.010553112
6569,77611,0.018903228
6570,109319,0.008449222
6571,37850,3.0695514e-17
6572,3508,0.017869916
6573,52025,0.01599817
6574,26141,0.006984461
6575,79725,3.3177066e-12
6576,88928,0.010597673
6577,94646,4.0041016e-08
6578,71049,0.05741278
6579,22252,7.5543966e-10
6580,30185,4.6831127e-14
6581,91372,7.9348915e-12
6582,52220,7.9483e-05
6583,17768,0.00095678243
6584,11774,5.5389976e-10
6585,26491,0.00097152754
6586,91243,4.6417717e-06
6587,6863,1.3994888e-08
6588,101736,0.019787185
6589,60787,0.04787555
6590,91867,0.017093383
6591,67109,0.005616725
6592,92891,0.017093383
6593,58989,1.111003e-14
6594,111768,0.057786837
6595,76191,0.0060056704
6596,33339,0.0013792627
6597,71522,2.344714e-11
6598,98584,0.010597673
6599,112465,0.002379081
6600,1828,0.009881465
6601,83149,0.0037058424
6602,37967,0.007630734
6603,29899,4.9853475e-06
6604,17543,0.027574962
6605,31608,0.005603552
6606,50339,0.007630734
6607,4236,2.7496314e-06
6608,75158,4.0262146e-10
6609,8457,2.6397345e-06
6610,34708,0.007630734
6611,44940,1.6382484e-11
6612,37378,0.005433474
6613,28842,0.005603552
6614,93027,9.569502e-05
6615,27637,0.0010831727
6616,93353,0.05741278
6617,84541,0.00019690789
6618,372,5.721914e-10
6619,87903,0.05741278
6620,90525,0.008506531
6621,75623,0.0017967871
6622,56639,0.04787555
6623,114039,0.0002613049
6624,2787,0.017869916
6625,109749,1.2929988e-06
6626,17943,9.902658e-06
6627,70842,0.008845419
6628,2880,0.03683572
6629,11844,2.350396e-11
6630,18743,3.3870538e-06
6631,102981,0.00038847717
6632,50538,0.0055817068
6633,47796,3.6215588e-09
6634,50955,3.6167692e-12
6635,99541,0.045750935
6636,104675,3.4339956e-07
6637,36706,9.554521e-09
6638,114169,0.04787555
6639,41729,0.01599817
6640,21970,0.03239536
6641,84612,0.0020144612
6642,72428,5.509879e-07
6643,86525,1.4271982e-05
6644,15622,0.0016205844
6645,49715,7.844898e-07
6646,11240,1.2876548e-08
6647,67482,0.0020403417
6648,38627,0.0006500485
6649,32380,0.0006208793
6650,64771,3.9679735e-12
6651,94065,0.03231761
6652,93203,0.009184932
6653,86575,7.3836844e-07
6654,87285,0.007882589
6655,7832,0.0055553857
6656,16482,5.4649958e-05
6657,18698,2.3065918e-06
6658,106909,0.006747878
6659,95519,1.086106e-09
6660,100059,0.039851364
6661,103493,1.0224998e-09
6662,78776,2.2659166e-12
6663,4391,3.3049098e-06
6664,4438,0.0018992445
6665,59729,0.0050440403
6666,80587,0.043829076
6667,4091,3.981308e-06
6668,66920,1.2452172e-05
6669,49719,2.7117696e-05
6670,50628,0.009084299
6671,105046,5.807638e-12
6672,44427,0.007630734
6673,28251,0.00079286017
6674,11785,0.009101587
6675,92438,0.042838734
6676,26217,0.03239536
6677,5731,1.1501169e-06
6678,6067,3.5148265e-08
6679,97748,8.20992e-07
6680,49963,0.0074925814
6681,14692,0.003951485
6682,56751,0.001458661
6683,52571,0.001458661
6684,67860,6.996839e-13
6685,77550,2.710472e-05
6686,86140,0.010609078
6687,105232,9.560063e-09
6688,19014,7.1733326e-13
6689,82957,1.29066695e-08
6690,52372,1.1161938e-11
6691,96027,0.000121719226
6692,21295,0.009115906
6693,114211,0.011146584
6694,87872,7.718623e-12
6695,36012,0.06375701
6696,89909,4.0757206e-09
6697,48053,9.514435e-10
6698,76662,0.024533123
6699,112951,0.017114835
6700,25500,0.01599817
6701,94784,0.048240427
6702,29867,0.009084299
6703,98694,0.017093383
6704,94057,4.3074683e-06
6705,82501,1.904618e-11
6706,22942,3.572002e-08
6707,52269,0.0014405224
6708,10426,0.00022423049
6709,16052,0.022777947
6710,41680,8.493174e-08
6711,19112,7.637142e-12
6712,53238,0.017034432
6713,73971,0.0022382287
6714,80172,6.182541e-08
6715,31737,0.03635231
6716,17905,5.673169e-12
6717,45815,8.3101827e-07
6718,20366,0.0018168497
6719,2830,0.017869916
6720,76100,4.174795e-05
6721,50454,5.323819e-09
6722,51674,0.009084299
6723,29157,0.002225679
6724,9258,0.010101724
6725,109634,0.03218042
6726,6701,1.871579e-07
6727,31114,0.032544143
6728,6371,0.00952741
6729,62375,0.0020144612
6730,41946,0.1639844
6731,111831,0.024684858
6732,5248,6.8351e-07
6733,18452,4.376704e-05
6734,87942,0.017093383
6735,20652,1.0810285e-12
6736,3383,0.017869916
6737,49796,5.2214195e-11
6738,42673,0.007630734
6739,112612,0.0039527086
6740,37272,0.008845419
6741,21413,0.01916687
6742,22525,0.10837911
6743,6343,5.391196e-14
6744,69853,0.0014177117
6745,75999,0.0062234066
6746,49348,0.017034432
6747,77446,3.058444e-06
6748,3084,0.0048265187
6749,78406,0.0013792627
6750,12721,1.5616125e-11
6751,47570,0.007630734
6752,62862,5.8539307e-10
6753,54998,0.024107663
6754,90193,0.001458661
6755,61241,2.2659166e-12
6756,51088,1.6773648e-10
6757,77907,2.0916632e-10
6758,97091,0.007630734
6759,24698,0.0006500485
6760,1474,0.00011265807
6761,90201,0.0005500226
6762,95043,0.0014177117
6763,109821,3.807077e-13
6764,67957,3.430856e-10
6765,37345,7.2105243e-12
6766,339,1.0915393e-06
6767,93650,2.2313293e-06
6768,21570,0.008845419
6769,932,0.017363058
6770,14751,4.1700396e-06
6771,11297,2.874839e-06
6772,30840,0.009084299
6773,88214,0.051543478
6774,45364,0.011191711
6775,91214,0.056436636
6776,69642,0.032368287
6777,39589,0.017034432
6778,54284,1.6649591e-10
6779,73538,0.007004306
6780,14760,0.0006353886
6781,112600,1.1067842e-09
6782,17139,1.9744076e-07
6783,36172,0.024107663
6784,95575,0.0007983909
6785,18770,0.1016414
6786,75993,4.447472e-16
6787,114133,0.022090575
6788,40561,0.009910179
6789,58821,5.693261e-07
6790,27708,1.207565e-05
6791,39793,0.031758823
6792,4167,0.009896677
6793,81817,0.008845419
6794,50329,0.004334145
6795,106689,0.051720127
6796,98147,0.009184932
6797,19940,2.8462818e-10
6798,105522,0.009184932
6799,47916,3.6819376e-06
6800,109710,0.040113322
6801,38905,2.1798241e-10
6802,56495,2.5837053e-11
6803,89635,0.007630734
6804,40005,3.3326095e-09
6805,99950,0.009184932
6806,112852,0.008083573
6807,107330,1.2993999e-10
6808,14578,1.21853665e-08
6809,55562,0.0005368607
6810,112848,0.057786837
6811,86255,0.009181562
6812,11955,0.005504135
6813,60767,0.00096260326
6814,77962,0.009084299
6815,72886,0.0020144612
6816,59913,0.004344768
6817,90711,0.017093383
6818,27126,4.312376e-06
6819,97922,1.443255e-12
6820,67086,1.2452172e-05
6821,64200,0.00055804336
6822,53927,0.024432875
6823,108629,0.00015650215
6824,63516,4.6147272e-07
6825,10612,0.017281346
6826,80798,0.050920855
6827,79226,0.0005003087
6828,46547,0.038612682
6829,58701,0.011630384
6830,22300,2.8392602e-10
6831,47321,0.010593114
6832,58210,1.5778895e-06
6833,63055,7.462277e-12
6834,75377,0.0023865746
6835,40769,0.00012563198
6836,42543,4.6734365e-07
6837,61280,3.5963595e-12
6838,47494,0.009166495
6839,18245,1.1372144e-08
6840,36485,0.0026425123
6841,103084,0.025513297
6842,101370,0.009184932
6843,53686,3.8978076e-08
6844,102310,0.007337851
6845,18229,2.091974e-14
6846,32065,5.919332e-06
6847,85973,0.017034432
6848,43259,0.00029062817
6849,40684,0.0030405573
6850,27191,2.0848474e-11
6851,70741,0.0010522492
6852,83996,0.0022697179
6853,50761,0.017034432
6854,36521,0.007882589
6855,15769,2.0008341e-10
6856,71949,0.008845419
6857,15695,2.7070337e-07
6858,14129,7.0911415e-09
6859,44751,0.08734482
6860,46594,0.009166495
6861,8968,7.115564e-07
6862,72429,0.0020144612
6863,107546,1.43844305e-08
6864,28654,6.464974e-09
6865,111510,0.009184932
6866,86623,0.0020144612
6867,24398,0.007630734
6868,11301,0.0006044403
6869,35191,7.53226e-08
6870,100126,0.024684858
6871,76657,0.0020144612
6872,20857,3.0405606e-14
6873,71429,3.6192314e-09
6874,109886,6.1634026e-05
6875,115551,0.057889596
6876,59172,0.051730532
6877,39833,0.00019918845
6878,87039,0.05137095
6879,89467,7.6642855e-06
6880,88221,4.55221e-09
6881,85866,0.05137095
6882,48414,1.325375e-13
6883,49562,2.9639597e-09
6884,111205,0.0009363614
6885,83371,0.007630734
6886,111310,4.2843412e-06
6887,46210,0.03239536
6888,59910,1.19526715e-11
6889,68298,0.032368287
6890,20990,5.4738564e-08
6891,91457,7.932292e-11
6892,106901,1.0138704e-07
6893,92558,0.00018557736
6894,34956,0.0006208793
6895,39478,0.0035266695
6896,63142,1.6898509e-09
6897,33804,6.575458e-12
6898,42720,1.220679e-08
6899,17396,0.0055650617
6900,45217,0.00038691505
6901,829,0.00018574111
6902,80556,3.105992e-07
6903,63039,0.0068159024
6904,66274,1.2462176e-05
6905,80066,3.6338704e-07
6906,111458,0.0807709
6907,64669,0.0007983909
6908,75669,0.0011069049
6909,80184,0.040623225
6910,12117,2.4885087e-12
6911,669,2.7425763e-06
6912,112404,0.005630436
6913,61980,0.032311134
6914,85037,3.11387e-11
6915,16760,0.020627398
6916,84224,9.717523e-09
6917,93136,0.03468771
6918,112211,0.0002085086
6919,10561,0.032512687
6920,17117,0.0027717866
6921,100363,2.1523405e-07
6922,89056,0.009181562
6923,54601,0.04980838
6924,71655,0.0035335503
6925,1971,0.0023813695
6926,103086,0.001458661
6927,27737,2.006078e-05
6928,83736,3.4983826e-14
6929,112842,0.05216715
6930,98063,1.8704455e-08
6931,88619,0.030561572
6932,28088,0.015318023
6933,106567,1.1752032e-09
6934,27963,0.005603552
6935,106505,0.011082361
6936,8258,3.5402056e-07
6937,49815,1.4852881e-05
6938,44827,2.8071023e-10
6939,43646,0.010593114
6940,97418,0.017317794
6941,22057,0.10390425
6942,108857,0.031891707
6943,50498,0.017034432
6944,108945,1.6716166e-09
6945,112034,0.04306686
6946,22635,0.009166495
6947,93544,1.111003e-14
6948,85536,0.024022058
6949,756,0.00034143042
6950,66074,0.0031368302
6951,109570,0.00466948
6952,78037,0.01728862
6953,87494,0.05741278
6954,97155,0.0061715827
6955,107124,0.0020207777
6956,22265,1.774778e-11
6957,50211,3.6167692e-12
6958,21081,0.0073819715
6959,65696,3.9179864e-11
6960,100546,0.017317794
6961,46279,3.5961197e-08
6962,65622,3.5963595e-12
6963,29464,1.0146174e-14
6964,80999,2.3613253e-10
6965,19009,3.755786e-11
6966,96289,1.3592428e-07
6967,24709,0.004344768
6968,79011,1.2221375e-08
6969,48045,0.008298639
6970,114879,7.552671e-09
6971,11828,8.6735876e-05
6972,30417,3.9855821e-10
6973,24229,0.017074263
6974,21482,4.681891e-13
6975,1914,8.607578e-06
6976,86204,6.3058967e-09
6977,98344,0.001458661
6978,77483,0.08777404
6979,110908,7.602544e-05
6980,109084,4.485211e-07
6981,90527,1.5652815e-05
6982,43771,0.3528487
6983,83045,0.022005696
6984,113789,2.9796874e-14
6985,102932,8.107728e-07
6986,19456,0.009115906
6987,32984,4.522116e-11
6988,90256,0.008845419
6989,28162,9.384104e-08
6990,94544,0.00012038292
6991,55106,0.001458661
6992,69232,0.1016414
6993,49125,0.89543444
6994,92905,0.032368287
6995,35190,0.010531615
6996,31474,2.1798241e-10
6997,44663,2.7799906e-06
6998,39531,0.005603552
6999,29786,5.1962535e-11
7000,26922,0.011229747
7001,51786,0.02544447
7002,72211,0.009181562
7003,5081,0.00031002678
7004,12545,1.0291463e-09
7005,90713,6.851285e-08
7006,114415,2.4657382e-10
7007,56240,1.2239401e-09
7008,67897,0.010597673
7009,112208,7.422409e-07
7010,88855,0.017093383
7011,48658,0.045297477
7012,73033,0.0020144612
7013,30420,0.009084299
7014,64791,0.0055048945
7015,21635,1.094882e-05
7016,93786,0.009184932
7017,32205,0.010531615
7018,77872,2.3923487e-06
7019,81106,0.017034432
7020,35305,0.0002784047
7021,18206,2.0086814e-09
7022,33653,5.973386e-14
7023,22961,0.068451926
7024,76287,0.051730532
7025,10862,0.035981555
7026,26717,1.4039261e-09
7027,16213,1.0482051e-07
7028,72892,0.00079286017
7029,96593,4.5873744e-06
7030,64402,2.1302475e-09
7031,115651,4.2781885e-06
7032,69830,0.033792887
7033,92542,0.009181562
7034,6107,0.01679003
7035,41843,0.0008145374
7036,97492,5.53684e-11
7037,65424,2.1863154e-10
7038,92451,0.00044781718
7039,110780,0.009184932
7040,961,0.007882981
7041,114621,4.494959e-06
7042,82523,0.05741278
7043,80851,0.024533123
7044,32979,0.017114835
7045,47728,0.15493794
7046,100744,0.037737623
7047,5030,1.415542e-06
7048,56420,2.2188224e-06
7049,43914,0.017114835
7050,97583,0.08167636
7051,32665,4.234082e-08
7052,27027,0.008845419
7053,24175,0.0017448349
7054,55670,0.9951674
7055,81306,0.039913297
7056,28813,0.008845419
7057,74104,0.010597673
7058,105482,0.007630734
7059,28919,0.006871984
7060,56998,0.009084299
7061,97575,0.041315053
7062,15566,0.00024838326
7063,39563,2.091974e-14
7064,23076,7.965517e-17
7065,9599,3.4654076e-07
7066,62617,0.00031359433
7067,111129,1.2667958e-06
7068,5320,0.02363173
7069,65656,0.0023870617
7070,27559,0.0016420753
7071,29338,0.010531615
7072,76644,0.009181562
7073,104085,2.9062505e-08
7074,37255,0.009166495
7075,50552,0.022892
7076,64651,2.0257237e-11
7077,100810,0.005405049
7078,33527,8.8734174e-07
7079,26911,2.3514543e-11
7080,112387,0.0015334805
7081,9221,0.03454235
7082,19810,3.3111636e-08
7083,92866,0.005616725
7084,80635,0.007630734
7085,78038,0.0014177117
7086,89911,0.0046524927
7087,66363,0.0016399254
7088,21337,2.708648e-09
7089,1641,3.7113693e-12
7090,30373,0.008845419
7091,55414,2.7359286e-09
7092,86401,4.5120218e-05
7093,34746,0.98894626
7094,37058,7.788518e-11
7095,113816,7.4389367e-10
7096,48266,0.0005866832
7097,7580,6.195242e-07
7098,52974,1.4449043e-09
7099,87500,4.2214324e-06
7100,35802,0.017034432
7101,78710,3.654612e-06
7102,65189,4.454859e-08
7103,2148,1.1920459e-06
7104,30312,1.4498644e-14
7105,85798,6.4674705e-06
7106,78015,6.9247703e-06
7107,55898,0.025916465
7108,89322,0.0005866832
7109,8196,2.0160442e-08
7110,41421,0.0034701843
7111,41451,1.0384581e-11
7112,96223,0.05741278
7113,47249,0.024107663
7114,115126,0.02440206
7115,104463,0.042333726
7116,49091,1.674333e-08
7117,4770,0.0015465512
7118,3520,0.1352316
7119,32645,0.032544143
7120,110207,0.050779287
7121,16434,4.0095295e-11
7122,25155,0.03239536
7123,99440,0.0021801235
7124,84979,0.0061112233
7125,24637,0.03468771
7126,95270,1.5227931e-10
7127,94632,0.0020144612
7128,85602,0.024107663
7129,102021,7.2587763e-06
7130,31521,1.0810471e-06
7131,1059,0.00046032894
7132,39393,0.03239536
7133,25939,2.2602645e-10
7134,13754,5.334563e-09
7135,89529,6.1634026e-05
7136,114729,6.291031e-05
7137,47468,0.031758823
7138,85423,0.0011291868
7139,107873,0.0034798179
7140,103869,0.0020207777
7141,74243,0.017034432
7142,65779,0.00055804336
7143,47016,0.024432875
7144,88404,0.011426199
7145,3478,0.017869916
7146,88151,0.05741278
7147,41061,0.009166495
7148,62942,0.05137095
7149,96642,5.2334238e-11
7150,4904,0.0018992445
7151,3711,3.246557e-07
7152,29953,0.0006339421
7153,28220,0.007863321
7154,37271,0.00079286017
7155,11217,0.008548419
7156,107085,3.8834704e-12
7157,35749,4.494055e-09
7158,34312,0.00011763776
7159,106406,1.1403871e-09
7160,51678,0.002094294
7161,108091,0.0023845648
7162,46227,7.394041e-09
7163,2038,5.9021227e-07
7164,51695,3.509719e-07
7165,91335,0.009181562
7166,100100,8.4871985e-08
7167,36761,5.2585757e-12
7168,33246,0.0060474733
7169,54452,7.488527e-12
7170,48377,2.1364951e-15
7171,79088,3.3174732e-07
7172,58464,0.0036406247
7173,20885,4.681891e-13
7174,6968,0.0005406322
7175,26965,2.4790864e-08
7176,38913,0.07376902
7177,85425,1.6773648e-10
7178,94877,0.045750935
7179,102078,0.0023894135
7180,70043,0.0010522492
7181,59098,3.2088684e-07
7182,71197,0.009181562
7183,65867,7.9380585e-11
7184,21901,1.5491421e-05
7185,33781,0.051730532
7186,109515,0.030527467
7187,36287,0.032544143
7188,114236,0.08311865
7189,40328,0.015370219
7190,109479,2.4207994e-08
7191,102443,7.9834706e-08
7192,22415,0.07103359
7193,67868,0.005616725
7194,40722,4.647613e-08
7195,97750,6.816146e-05
7196,100229,0.017093383
7197,97056,6.1634026e-05
7198,105547,2.8520395e-08
7199,7170,1.9817433e-06
7200,37694,0.0031723857
7201,39763,0.001922914
7202,1628,1.4962127e-11
7203,39526,0.007630734
7204,46183,0.0005758615
7205,106530,0.009184932
7206,57071,6.1608954e-11
7207,4771,1.3428873e-05
7208,109529,0.057889596
7209,39628,1.0146174e-14
7210,1442,8.313851e-05
7211,58968,0.004344768
7212,25628,0.00079286017
7213,47317,2.9374962e-13
7214,17623,0.017034432
7215,65008,1.0012423e-05
7216,73491,0.012230066
7217,11360,7.3182123e-06
7218,38387,7.932428e-11
7219,10106,3.3439337e-05
7220,17048,1.4466057e-09
7221,26343,5.71283e-10
7222,8904,1.3514615e-07
7223,84343,0.032368287
7224,16978,6.784765e-13
7225,40867,0.0016489335
7226,115516,0.0020207777
7227,56135,0.05047838
7228,63945,0.0014177117
7229,59132,7.333447e-10
7230,112964,0.010531615
7231,21588,1.937488e-11
7232,9068,1.2193432e-05
7233,102763,6.1634026e-05
7234,67192,0.005616725
7235,113158,0.029722061
7236,56954,3.4684927e-05
7237,102407,0.0270346
7238,43791,1.6636741e-06
7239,13839,1.1681004e-06
7240,96470,1.2602031e-05
7241,36216,3.4666495e-08
7242,16950,0.009115906
7243,114078,1.1798171e-05
7244,40776,0.010502704
7245,242,0.0018992445
7246,82620,0.04536966
7247,9268,0.008096142
7248,23,9.920767e-07
7249,71980,9.483398e-14
7250,57654,1.6125996e-05
7251,36514,0.009084299
7252,96862,6.1634026e-05
7253,51443,0.005948026
7254,114886,0.0023237683
7255,95510,2.521666e-10
7256,66867,2.810094e-12
7257,11234,0.0053352406
7258,75283,1.08177986e-07
7259,96177,0.0020144612
7260,66464,5.2586185e-11
7261,81198,0.01609576
7262,25399,0.0052089873
7263,110226,1.5059824e-10
7264,78900,0.0020144612
7265,32285,0.032544143
7266,27405,0.00079286017
7267,8497,3.652567e-05
7268,112466,0.0002613049
7269,50583,1.0146174e-14
7270,106760,1.2955385e-07
7271,88373,0.017093383
7272,94016,0.039851364
7273,110071,3.469148e-09
7274,70162,0.0807709
7275,71481,1.0962761e-11
7276,82328,7.163718e-10
7277,95520,2.5308655e-09
7278,40327,0.008845419
7279,111405,0.009184932
7280,1386,0.00013505456
7281,112526,0.006041337
7282,102983,0.05741278
7283,64311,0.0023870617
7284,89794,0.007630734
7285,35559,0.032544143
7286,6271,0.009896677
7287,61377,1.8191247e-07
7288,97929,0.006506029
7289,5203,0.019110298
7290,3966,0.15119436
7291,15367,8.261777e-05
7292,59285,0.004975726
7293,47258,0.13763063
7294,56879,6.603423e-08
7295,106974,0.009184932
7296,38215,4.409333e-07
7297,75056,2.094856e-11
7298,107738,1.4021311e-08
7299,82240,5.8825673e-08
7300,71022,0.0020144612
7301,115760,0.014298061
7302,15220,2.855336e-17
7303,78396,0.001458661
7304,3985,3.246557e-07
7305,88168,0.068603046
7306,55142,6.4243855e-09
7307,37263,0.017410228
7308,80830,6.1634026e-05
7309,64565,2.0906013e-11
7310,38176,0.005603552
7311,84390,0.004344768
7312,52861,0.001458661
7313,109921,0.014138822
7314,184,5.7784066e-14
7315,114684,0.004963147
7316,40229,0.007630734
7317,91279,0.005616725
7318,33181,0.0012442914
7319,97970,0.00063020864
7320,65542,1.2462176e-05
7321,70427,0.08632413
7322,103273,6.9328193e-10
7323,25682,0.009166495
7324,94302,1.0680018e-09
7325,104433,0.010597673
7326,99883,0.050779287
7327,43663,1.180868e-12
7328,110416,0.0052285832
7329,51588,0.0055402275
7330,4832,0.009896677
7331,85436,0.0056859935
7332,65134,7.846125e-09
7333,79360,3.8974893e-11
7334,2319,1.3889043e-07
7335,88485,6.1634026e-05
7336,56795,0.008298639
7337,80767,0.0020144612
7338,76868,0.007630734
7339,85067,4.5120218e-05
7340,9278,0.03683572
7341,38485,0.008845419
7342,44750,0.091762505
7343,79491,1.3195013e-08
7344,110073,0.010597673
7345,64776,1.637605e-11
7346,87206,5.8837177e-06
7347,36659,0.009166495
7348,13039,3.889549e-12
7349,11681,8.220372e-07
7350,64518,2.7199456e-12
7351,70252,0.05741278
7352,9099,6.119432e-09
7353,115213,2.4939769e-05
7354,92647,0.005616725
7355,84710,0.008845419
7356,108021,3.807077e-13
7357,103127,0.0037801657
7358,43214,0.010593114
7359,41223,0.032311134
7360,50515,3.697001e-11
7361,94551,0.00848254
7362,65408,1.6120568e-05
7363,106048,0.0002613049
7364,62160,2.0120643e-08
7365,38765,0.00056567235
7366,62092,0.00018557736
7367,99092,0.07581729
7368,79331,0.05769793
7369,17285,0.004344768
7370,69668,0.0004981336
7371,74051,2.1532604e-11
7372,96551,0.005954114
7373,36137,0.0009831698
7374,16987,6.784765e-13
7375,1902,0.023629082
7376,66905,0.0013621068
7377,46898,2.6440075e-06
7378,99223,0.07581729
7379,42420,0.010593114
7380,39276,8.988076e-10
7381,75526,0.05047838
7382,100208,0.0024435194
7383,21445,4.813631e-10
7384,43383,3.3111636e-08
7385,115136,0.034186274
7386,8441,0.04157999
7387,82587,0.005616725
7388,3329,0.0048265187
7389,36186,1.0212037e-09
7390,17724,2.4866054e-09
7391,8855,9.395522e-05
7392,58795,0.008298639
7393,110617,1.2860449e-05
7394,54524,4.582832e-09
7395,20802,0.015332866
7396,44361,5.528809e-06
7397,11468,6.119432e-09
7398,17454,2.8462818e-10
7399,77580,0.008845419
7400,52479,0.00079286017
7401,71274,0.0022382287
7402,42541,1.9125277e-08
7403,54800,0.009084299
7404,6450,2.9050589e-06
7405,33625,0.058129728
7406,36891,0.008494399
7407,115709,6.1634026e-05
7408,9064,3.5686313e-08
7409,76150,9.483398e-14
7410,85811,0.00021549343
7411,45819,0.010593114
7412,87931,0.0021936002
7413,50605,1.374637e-07
7414,98301,0.028758163
7415,19883,2.606401e-10
7416,51879,2.620034e-07
7417,54234,0.00046128058
7418,7199,2.3078763e-09
7419,29542,7.4995177e-07
7420,22576,3.0425243e-05
7421,114460,6.291031e-05
7422,70981,0.005616725
7423,74853,3.9743893e-05
7424,43508,0.0010802648
7425,91202,0.007004306
7426,66610,0.0007983909
7427,86359,9.3260275e-11
7428,111191,0.0068329745
7429,104635,0.014162889
7430,27763,0.008558585
7431,76345,1.0032604e-09
7432,44285,0.005603552
7433,18637,0.0068159024
7434,36977,1.7639732e-13
7435,4419,0.02363173
7436,34354,0.0055402275
7437,45069,0.010593114
7438,29019,0.032544143
7439,27705,3.1181624e-10
7440,427,3.5009737e-07
7441,58261,0.05741278
7442,103240,0.00012548485
7443,89113,0.010597673
7444,102861,4.1890473e-09
7445,23846,0.058021124
7446,52756,0.15116222
7447,26449,0.00095219805
7448,112448,0.039255198
7449,46813,0.0036498394
7450,20531,1.8148064e-07
7451,20749,0.8250241
7452,18759,2.8462818e-10
7453,98145,3.207192e-11
7454,34806,0.0009831698
7455,45788,0.00090028153
7456,69371,0.00012038292
7457,9422,0.019483602
7458,3786,0.009896677
7459,64144,3.113472e-11
7460,109167,0.005616725
7461,24810,8.321771e-08
7462,17273,4.482821e-07
7463,22486,7.072693e-08
7464,113441,5.53684e-11
7465,56005,0.042838734
7466,17235,1.1927024e-08
7467,40510,0.04092039
7468,92708,0.0020144612
7469,7282,1.3795913e-06
7470,62795,0.017440932
7471,65493,3.946944e-06
7472,105334,0.007630734
7473,114902,3.0615465e-07
7474,43461,0.00829756
7475,76555,0.0073023727
7476,93288,0.0005866832
7477,88936,1.315461e-11
7478,78168,0.11768767
7479,24144,0.0007878434
7480,103735,6.1634026e-05
7481,114216,0.04787555
7482,47003,0.02662436
7483,85542,0.009181562
7484,86228,6.5441386e-09
7485,35744,0.0023916445
7486,7141,0.0019061764
7487,37047,5.023725e-05
7488,55380,0.031780265
7489,100570,0.0035335503
7490,35638,0.05118219
7491,593,4.9276657e-08
7492,103202,0.0002613049
7493,105774,7.552671e-09
7494,79862,0.08256352
7495,3437,3.6156177e-08
7496,9214,0.0055553857
7497,46005,0.0009117629
7498,75646,0.005664899
7499,104541,0.002257611
7500,98378,0.0014177117
7501,104688,3.8814896e-10
7502,60724,0.039752092
7503,95539,2.094856e-11
7504,31462,7.229983e-12
7505,114692,0.004927502
7506,102702,0.011426199
7507,385,6.9906636e-09
7508,67601,0.0036406247
7509,87071,0.06457611
7510,115184,0.00023183889
7511,32667,0.051730532
7512,13458,1.4394307e-06
7513,1487,0.00010415104
7514,39813,0.0009998084
7515,47554,5.3941203e-09
7516,60603,2.3997589e-05
7517,24664,6.1062826e-07
7518,53242,4.4207676e-14
7519,92407,6.1634026e-05
7520,100029,0.009184932
7521,112033,0.057786837
7522,111733,0.0023845648
7523,100542,0.068603046
7524,28809,0.024432875
7525,31757,0.005603552
7526,104598,2.394414e-07
7527,71221,6.1634026e-05
7528,61522,0.009115906
7529,83937,0.039752092
7530,99390,6.5431685e-08
7531,10879,0.04135175
7532,19264,0.00019017365
7533,6817,2.652243e-06
7534,56616,0.0041895267
7535,73844,3.95125e-05
7536,100110,0.010597673
7537,34539,1.0146174e-14
7538,58435,0.039752092
7539,36219,0.00012038292
7540,82023,2.1224576e-08
7541,94109,1.5571057e-08
7542,115079,0.0005003087
7543,45001,7.1795096e-12
7544,18962,7.1980065e-12
7545,8410,0.009166495
7546,86837,1.3250744e-09
7547,53239,0.030527467
7548,74913,0.01609576
7549,49994,0.0036516052
7550,73746,2.1532604e-11
7551,79934,1.2482432e-05
7552,111754,0.057786837
7553,51671,2.5514028e-08
7554,16783,0.07103359
7555,59354,0.0022382287
7556,84284,0.08006205
7557,18584,5.721914e-10
7558,96617,2.0592339e-11
7559,51360,0.09043537
7560,78459,0.0019981093
7561,48109,1.3647002e-10
7562,9613,0.02363173
7563,56619,0.051730532
7564,91901,0.005616725
7565,65757,1.31935885e-05
7566,58636,0.017034432
7567,107723,0.0008943421
7568,111686,0.00018646118
7569,15356,8.261777e-05
7570,52896,6.1634026e-05
7571,33644,0.009166495
7572,95328,0.016113395
7573,11305,1.0330346e-05
7574,70646,0.0046549067
7575,68963,6.0994382e-12
7576,23835,4.26423e-05
7577,42121,0.017034432
7578,42821,0.03239536
7579,26818,0.051730532
7580,73273,0.055059858
7581,76530,0.068451926
7582,66440,1.2462176e-05
7583,12098,5.294914e-10
7584,60151,0.05741278
7585,5769,0.0018992445
7586,74774,0.05047838
7587,82980,0.032368287
7588,7576,4.3636057e-08
7589,28564,2.1874224e-05
7590,42583,0.06855405
7591,25270,0.010479969
7592,70316,0.023226775
7593,105772,0.01716636
7594,29391,2.05045e-06
7595,108595,0.032362238
7596,83334,4.5843382e-08
7597,91717,0.05741278
7598,19065,8.0165766e-17
7599,66977,2.5672483e-08
7600,53729,0.0036406247
7601,47397,3.992704e-10
7602,3026,0.009881465
7603,91105,3.93071e-07
7604,15501,0.010171957
7605,62593,0.0020144612
7606,64185,0.0023870617
7607,111229,1.26795685e-05
7608,27351,4.7319424e-09
7609,40486,4.5034094e-12
7610,50362,0.22167455
7611,29041,0.009084299
7612,63803,9.849752e-09
7613,115046,0.0021801235
7614,43080,0.0035266695
7615,92761,1.5221294e-12
7616,30410,0.013091783
7617,83460,0.00031867815
7618,27543,0.005603552
7619,23827,5.7261533e-09
7620,31214,0.007863321
7621,40516,0.0184438
7622,51973,0.15116222
7623,63536,2.7015226e-09
7624,48276,0.009181562
7625,38106,0.0069708847
7626,71090,7.272118e-10
7627,48458,0.001458661
7628,61499,0.00053700217
7629,58175,0.0068159024
7630,66382,2.7331442e-12
7631,47886,1.2462176e-05
7632,67867,0.001458661
7633,41767,0.00016406199
7634,24063,0.009166495
7635,92342,3.2443637e-05
7636,60538,0.0034954848
7637,12468,6.988519e-07
7638,80290,0.024684858
7639,20161,6.866441e-06
7640,46107,0.03298039
7641,22848,0.0035266695
7642,95446,6.1634026e-05
7643,107407,0.00026335605
7644,73680,6.1634026e-05
7645,49508,5.9829923e-16
7646,36876,2.0916632e-10
7647,9321,0.010719061
7648,48365,0.017440932
7649,37442,8.626987e-12
7650,86898,5.2334238e-11
7651,38393,0.051730532
7652,105737,1.2713282e-06
7653,4525,1.052898e-05
7654,57603,0.042080145
7655,103056,0.0005566576
7656,102825,1.111003e-14
7657,9992,0.0012143418
7658,85876,3.818975e-13
7659,53117,0.15960538
7660,85729,0.009181562
7661,103620,0.009176665
7662,112995,3.7684043e-13
7663,37078,0.0074601388
7664,70434,2.4016856e-08
7665,96002,1.3490615e-09
7666,47997,2.5879127e-11
7667,101442,0.032362238
7668,102735,0.014949887
7669,13787,0.044023577
7670,58268,0.001458661
7671,73386,0.0005500226
7672,30689,0.005603552
7673,107701,4.5120218e-05
7674,78969,6.007298e-10
7675,63507,2.6125758e-07
7676,113454,0.00237759
7677,91408,0.017093383
7678,78161,0.0055402275
7679,9649,1.9053733e-08
7680,113976,0.00019467183
7681,56928,2.8128676e-07
7682,59336,0.007161076
7683,18563,0.0019061764
7684,81692,3.9756234e-09
7685,77578,2.772572e-07
7686,73185,0.068451926
7687,105798,0.0002613049
7688,35237,0.07103359
7689,89796,0.017093383
7690,21160,0.003173823
7691,64134,7.718623e-12
7692,115715,0.0020207777
7693,77970,0.0035335503
7694,68377,0.028758163
7695,67524,0.0048167007
7696,56844,0.05741278
7697,72990,2.1017517e-15
7698,86579,1.22437e-05
7699,98713,0.05753619
7700,26984,7.462277e-12
7701,33111,0.00698014
7702,37630,0.03054148
7703,112745,0.0017146678
7704,109701,0.062280994
7705,13130,0.009101587
7706,111311,0.020851815
7707,94672,5.386304e-10
7708,106323,4.2818415e-09
7709,5219,0.06796212
7710,73804,0.013780199
7711,22814,1.33410895e-05
7712,39963,0.0006208793
7713,46003,0.005603552
7714,113681,3.430856e-10
7715,95842,0.009184932
7716,115023,0.08167636
7717,96402,0.05741278
7718,33689,0.00698014
7719,24861,1.1392613e-05
7720,52788,0.007892327
7721,65359,2.448793e-05
7722,54946,0.033285875
7723,55046,0.1016414
7724,77659,9.700254e-11
7725,6558,4.0508377e-07
7726,81327,7.678554e-11
7727,75407,5.201204e-10
7728,30578,0.00026139262
7729,971,2.1942182e-07
7730,26334,0.00011763776
7731,65196,5.6816535e-10
7732,2519,0.019110298
7733,36492,0.01609344
7734,45527,0.009166495
7735,30599,0.009084299
7736,60059,9.677288e-10
7737,9752,6.119432e-09
7738,78571,0.00011763776
7739,35493,2.0589571e-13
7740,75301,0.05047838
7741,35839,0.010531615
7742,53428,4.4207676e-14
7743,96219,7.456814e-12
7744,53177,0.00019234925
7745,88419,1.9092819e-10
7746,106717,0.015727991
7747,10852,3.746233e-12
7748,71521,1.720579e-09
7749,18644,4.329565e-08
7750,97365,3.9345944e-12
7751,1129,0.034754902
7752,24194,4.1864777e-08
7753,111469,5.604623e-06
7754,56800,0.001458661
7755,46024,0.029157085
7756,102115,0.05741278
7757,3358,6.1649007e-07
7758,10858,2.3712832e-06
7759,113214,4.648957e-06
7760,7849,4.3991983e-07
7761,67177,0.032368287
7762,69305,6.1634026e-05
7763,17301,2.369954e-06
7764,727,0.017869916
7765,104938,0.057786837
7766,103379,0.007882589
7767,20200,0.017034432
7768,52028,8.215942e-06
7769,65929,0.0007983909
7770,80490,2.094856e-11
7771,95788,0.006485387
7772,67116,0.004567772
7773,52676,0.017034432
7774,70804,0.00079286017
7775,31625,0.004113125
7776,16819,1.2475624e-11
7777,26248,0.0015132373
7778,36667,0.000783257
7779,53026,0.0023916445
7780,36531,0.054537673
7781,10653,0.00031019087
7782,103459,1.6053938e-05
7783,41204,0.024432875
7784,48220,0.0020144612
7785,60526,0.022005696
7786,53132,0.008845419
7787,4948,6.3090994e-08
7788,30606,0.0002853155
7789,102241,0.00063523813
7790,23357,0.06375701
7791,44812,0.008845419
7792,5532,2.72509e-07
7793,25459,5.6065272e-09
7794,1497,2.4028637e-07
7795,59511,2.577458e-12
7796,105549,0.00012567584
7797,8564,1.2653216e-12
7798,83802,0.0052112807
7799,21358,0.0034061149
7800,94028,0.0028017662
7801,114644,1.9117052e-10
7802,104235,0.04270712
7803,10032,3.804767e-10
7804,25326,2.7127552e-07
7805,74744,5.5779864e-12
7806,33994,0.0026363267
7807,44605,0.01599817
7808,6354,2.7199673e-07
7809,34398,0.0055402275
7810,69849,7.5944717e-10
7811,32614,7.462277e-12
7812,60269,0.011426199
7813,80349,0.005616725
7814,45460,1.8273909e-09
7815,109685,0.011461106
7816,103502,6.1634026e-05
7817,17676,5.008226e-06
7818,85271,0.004276007
7819,50727,6.74814e-05
7820,40652,0.003945995
7821,43444,0.0001141803
7822,18984,2.8228487e-11
7823,100031,7.171537e-07
7824,87342,6.536878e-09
7825,98841,0.027660152
7826,69901,1.6773648e-10
7827,36299,2.2251427e-09
7828,13840,0.003370014
7829,85952,1.111003e-14
7830,68676,1.7714922e-13
7831,1594,5.1707666e-06
7832,1707,0.009101587
7833,75372,6.467788e-05
7834,73704,2.1532604e-11
7835,37882,0.01599817
7836,81471,0.0035335503
7837,85691,0.032368287
7838,19665,3.0829645e-07
7839,100871,0.008904926
7840,63528,1.3773943e-09
7841,90811,0.005616725
7842,108761,0.0015638102
7843,49391,0.009084299
7844,77742,0.013781839
7845,29685,0.005603552
7846,48816,2.1532604e-11
7847,96146,7.5425516e-05
7848,105655,0.0020207777
7849,32395,0.00078569097
7850,68174,0.00096260326
7851,98331,9.824347e-09
7852,102010,5.6676065e-05
7853,49514,3.4157092e-06
7854,35338,0.039833944
7855,77688,1.5198728e-08
7856,35195,1.6978549e-11
7857,14153,0.008845419
7858,35170,1.1486739e-07
7859,14923,0.0022119873
7860,68428,0.042838734
7861,78736,5.6261418e-09
7862,32954,0.005603552
7863,58357,0.024432875
7864,3487,0.50000733
7865,85789,0.0023889667
7866,9046,3.4527393e-08
7867,48918,1.7639732e-13
7868,63402,0.009115906
7869,75103,1.248098e-05
7870,51124,4.4207676e-14
7871,86979,0.0055402275
7872,30899,1.5367427e-14
7873,5528,0.072237946
7874,62227,0.010586334
7875,69016,4.4350405e-14
7876,9171,2.9753047e-09
7877,17561,2.8462818e-10
7878,81544,0.025180796
7879,108318,1.1097704e-14
7880,37934,4.6668052e-07
7881,22287,0.063076824
7882,103303,0.039155547
7883,95745,4.1042663e-06
7884,78734,0.05741278
7885,19938,2.0014173e-05
7886,2192,2.901886e-05
7887,102353,7.9102057e-07
7888,101594,0.0035333482
7889,52288,0.016769435
7890,42380,0.034754902
7891,4684,1.12604944e-07
7892,4690,0.009896677
7893,46968,0.017031254
7894,39313,0.009166495
7895,35341,2.7859517e-15
7896,42249,1.8641097e-06
7897,38071,0.031134741
7898,63335,0.0020144612
7899,1448,0.072060786
7900,28555,4.138295e-08
7901,34707,0.007882589
7902,115754,0.005616725
7903,105691,0.00013687441
7904,2672,0.0030802728
7905,96568,0.024684858
7906,32097,0.024432875
7907,79412,1.601913e-05
7908,14108,0.009115906
7909,75002,1.248098e-05
7910,20384,7.291267e-06
7911,27855,0.004482482
7912,51796,0.032544143
7913,8326,7.701144e-07
7914,26322,0.009166495
7915,33887,1.034164e-09
7916,31139,0.010531615
7917,112084,1.0531895e-14
7918,8319,6.379268e-09
7919,29781,2.7859517e-15
7920,76364,1.8014565e-07
7921,4285,2.3300244e-11
7922,30510,0.009084299
7923,32009,0.005603552
7924,3853,6.1328347e-09
7925,95116,1.9833646e-09
7926,54875,0.017034432
7927,19164,0.056436636
7928,25608,0.017074263
7929,26776,5.3088036e-07
7930,13963,0.0055196267
7931,59152,5.211529e-11
7932,101394,0.03489507
7933,78989,6.1634026e-05
7934,2669,1.13638025e-05
7935,17217,4.9929936e-06
7936,21471,4.365614e-11
7937,114396,1.29545415e-05
7938,77848,0.009984498
7939,2408,0.008084471
7940,6795,1.9164248e-05
7941,49000,0.0023916445
7942,53748,0.025575675
7943,65521,2.662587e-10
7944,57709,0.0027407333
7945,39147,0.00068238936
7946,83013,8.440613e-11
7947,87316,0.04787555
7948,10358,5.143438e-07
7949,10062,1.6311239e-07
7950,37164,0.06387287
7951,67149,0.0023894135
7952,112050,6.1634026e-05
7953,723,0.0062688184
7954,84036,0.011342298
7955,92841,1.2094834e-11
7956,25312,1.2931838e-06
7957,107793,0.00018646118
7958,82509,1.1980237e-08
7959,49260,0.003682228
7960,110019,0.007337851
7961,77201,0.02470141
7962,8888,6.955435e-08
7963,111669,1.0866179e-09
7964,36434,0.024107663
7965,8355,0.02363173
7966,91791,0.0011069049
7967,10288,0.009896677
7968,71047,3.0685435e-14
7969,22701,5.268322e-09
7970,69027,0.005616725
7971,110531,3.2539886e-06
7972,50165,0.00029997734
7973,45141,0.0002784047
7974,76127,0.00033184
7975,107258,0.048240427
7976,13536,0.16094084
7977,27335,3.1446255e-11
7978,61061,0.0055402275
7979,101069,0.05753619
7980,86387,0.0007983909
7981,14416,0.00024838326
7982,6166,2.02718e-08
7983,48554,2.3998822e-11
7984,17234,2.0212035e-08
7985,99054,0.05753619
7986,61160,0.017034432
7987,34994,0.008845419
7988,102960,0.009181562
7989,72168,6.1634026e-05
7990,57764,0.011426199
7991,38787,1.2949436e-06
7992,103350,0.009184932
7993,65587,1.7749926e-13
7994,18818,1.0074912e-08
7995,45011,0.005869099
7996,32208,5.4023707e-07
7997,45101,0.0007878434
7998,56215,0.009657256
7999,21717,0.00049204915
8000,113415,0.007161076
8001,7773,6.808699e-08
8002,33252,0.017114835
8003,37744,0.022921072
8004,39267,0.002018696
8005,98210,2.3850084e-13
8006,11417,0.03683572
8007,51525,8.76387e-05
8008,77195,8.133593e-06
8009,36077,6.2672034e-06
8010,38932,7.5677024e-05
8011,23579,0.08256352
8012,74310,1.5422995e-05
8013,35228,0.0055402275
8014,87428,0.007882589
8015,20660,0.007630734
8016,13280,0.0006983135
8017,50248,0.0006208793
8018,79306,8.2708775e-06
8019,74959,0.068451926
8020,19858,0.003173823
8021,588,7.574645e-16
8022,2936,1.4143883e-06
8023,10521,0.008548419
8024,79504,1.9534067e-11
8025,58678,2.6233296e-09
8026,13971,0.024107663
8027,41373,4.421341e-14
8028,31160,0.008298639
8029,115286,6.75401e-09
8030,22928,0.051730532
8031,47551,4.3553675e-11
8032,88028,0.0046549067
8033,43124,1.956096e-10
8034,91668,0.05047838
8035,26200,2.7859517e-15
8036,102223,0.0046308697
8037,79044,0.05047838
8038,78207,1.0962761e-11
8039,27629,3.760495e-06
8040,65970,4.191823e-08
8041,108540,1.0244808e-06
8042,53701,1.2259274e-05
8043,111295,4.8242387e-06
8044,105323,0.008845419
8045,10234,1.266698e-06
8046,21131,0.0005368607
8047,27909,0.005603552
8048,114867,2.1449714e-05
8049,61743,0.0005866832
8050,78840,2.6028647e-06
8051,46672,0.009166495
8052,41793,0.051730532
8053,38980,0.0002087937
8054,39647,0.009166495
8055,108039,0.057786837
8056,27198,0.0006310822
8057,54877,0.008845419
8058,88998,0.05741278
8059,66621,0.9962308
8060,71128,0.01599817
8061,104888,0.0068329745
8062,69348,0.005616725
8063,47496,0.008845419
8064,8130,4.5746483e-06
8065,98257,0.014949887
8066,111023,2.2659166e-12
8067,3230,0.023629082
8068,111657,4.1961684e-11
8069,6819,2.344017e-06
8070,15311,2.6699084e-07
8071,81445,0.011426199
8072,27311,8.1709686e-08
8073,103387,1.8564407e-07
8074,38914,5.7086683e-05
8075,104478,0.032362238
8076,61646,1.8275617e-09
8077,21552,0.010553112
8078,37643,0.007839853
8079,99773,0.009184932
8080,77735,1.9534067e-11
8081,109103,4.6155105e-08
8082,55558,0.0035266695
8083,94352,0.009084299
8084,76630,1.2094834e-11
8085,68590,0.017034432
8086,69494,0.027982624
8087,96530,0.0023870617
8088,91371,0.0011069049
8089,20810,5.0533218e-09
8090,9443,0.0067495913
8091,58047,3.6167692e-12
8092,6092,0.084412605
8093,19579,1.3681878e-07
8094,23099,2.5789113e-10
8095,20474,7.5543966e-10
8096,103863,0.017114835
8097,24702,0.00012038292
8098,111180,3.5394756e-08
8099,66324,2.2980491e-10
8100,109143,3.8231186e-11
8101,24744,0.009166495
8102,111677,0.009184932
8103,87120,0.064531155
8104,18717,0.000783257
8105,7916,2.0160442e-08
8106,51064,0.0024387143
8107,33955,0.0010522492
8108,50824,0.009084299
8109,19705,8.0165766e-17
8110,75960,6.1634026e-05
8111,30177,3.6208887e-09
8112,14491,0.007161076
8113,36153,0.032544143
8114,36008,4.5047932e-07
8115,2576,0.0027717866
8116,1515,4.2584685e-07
8117,91225,0.0006483078
8118,33973,2.216991e-10
8119,30015,1.122692e-13
8120,115560,0.0020207777
8121,62150,0.0005866832
8122,111308,1.1097704e-14
8123,30339,0.017114835
8124,86688,0.0035335503
8125,107773,0.042441774
8126,30749,2.7859517e-15
8127,39474,0.06375701
8128,39748,4.954497e-08
8129,6173,0.022079054
8130,9220,8.276121e-08
8131,13247,0.003951485
8132,6237,9.79677e-08
8133,23188,7.965517e-17
8134,63490,0.0020144612
8135,105887,0.00466948
8136,63009,0.010586334
8137,40399,4.0122e-05
8138,714,0.001057634
8139,85255,0.0014149278
8140,63591,2.591186e-12
8141,40220,3.3322073e-10
8142,21858,4.054159e-09
8143,86825,1.6025318e-05
8144,78586,0.0052112807
8145,62020,0.039412297
8146,83125,3.181696e-07
8147,12281,0.06796212
8148,38805,0.009166495
8149,36117,1.1400794e-07
8150,26144,0.007161076
8151,78300,0.068451926
8152,56085,0.07581729
8153,67495,1.1737251e-06
8154,30284,0.0057531856
8155,108095,1.0505749e-11
8156,24149,0.015370219
8157,30588,0.01390759
8158,11206,6.379268e-09
8159,26859,1.768518e-09
8160,105363,4.5120218e-05
8161,4312,2.4990313e-06
8162,2091,0.0028988628
8163,40687,1.1876221e-05
8164,19747,2.391915e-09
8165,30024,0.009084299
8166,48585,1.2259274e-05
8167,89991,2.0895926e-11
8168,98444,6.326851e-08
8169,24310,0.008845419
8170,63631,1.9466681e-10
8171,94173,0.011312714
8172,111063,1.0864474e-06
8173,94679,0.017093383
8174,102841,0.00018557736
8175,105051,0.009184932
8176,63997,0.034754902
8177,4927,0.009896677
8178,35407,0.0006208793
8179,44188,5.61478e-08
8180,21799,2.0737028e-07
8181,65923,1.2462176e-05
8182,25316,1.990133e-12
8183,58284,3.7370714e-11
8184,92766,0.041315053
8185,4416,0.03531721
8186,91536,2.0623352e-11
8187,72056,0.0055402275
8188,110629,0.08167636
8189,41468,0.014470785
8190,64291,9.619748e-07
8191,61851,4.005022e-10
8192,79882,1.5205143e-05
8193,23917,0.01599817
8194,50569,1.2259274e-05
8195,24053,0.054537673
8196,57292,6.406239e-09
8197,64346,2.5372887e-07
8198,58900,3.483211e-09
8199,55565,0.21276471
8200,109632,0.0330235
8201,113792,0.07677293
8202,111351,0.014298061
8203,59856,0.0060525606
8204,26009,0.0049986923
8205,54123,0.0006011388
8206,84866,2.4296067e-08
8207,63854,6.60812e-09
8208,108052,2.3844176e-09
8209,40134,7.462277e-12
8210,56437,0.0036302214
8211,43861,0.05137095
8212,48215,9.625244e-11
8213,12477,1.6398756e-06
8214,103205,0.0003335569
8215,19394,0.0004981336
8216,29049,0.022921072
8217,3659,1.5053959e-06
8218,15463,7.3992884e-13
8219,64710,3.5963595e-12
8220,63334,0.0003375851
8221,43964,0.009166495
8222,84681,0.051730532
8223,17670,7.755975e-08
8224,112439,2.8184365e-07
8225,34235,1.933228e-15
8226,66789,0.017034432
8227,98502,0.00031867815
8228,45697,2.6662698e-07
8229,64385,4.3095096e-09
8230,95776,4.1970698e-06
8231,27609,7.333447e-10
8232,60728,0.017034432
8233,28605,0.037849944
8234,103301,0.042333726
8235,75495,4.0424675e-05
8236,114795,3.437606e-08
8237,10940,5.056466e-05
8238,70198,7.524591e-05
8239,102005,0.004975726
8240,89069,6.1634026e-05
8241,45637,0.0014692483
8242,3727,0.08999429
8243,39678,5.7388805e-09
8244,28593,1.0057016e-12
8245,113194,0.00033325749
8246,61421,0.0036406247
8247,87985,1.7579949e-09
8248,113776,6.053335e-05
8249,53030,7.2105243e-12
8250,34510,1.0146174e-14
8251,43311,0.000783257
8252,100032,0.045750935
8253,115353,7.7056267e-10
8254,49554,0.017034432
8255,101578,2.1892196e-10
8256,115673,3.645336e-09
8257,19420,0.010872078
8258,91208,0.032368287
8259,11274,1.3889043e-07
8260,19931,0.0006208793
8261,44819,5.769079e-14
8262,108099,0.006802346
8263,52587,8.2524615e-08
8264,32253,0.009084299
8265,88856,0.0042654667
8266,69292,0.017034432
8267,70594,0.001458661
8268,30121,0.008558585
8269,2024,0.033731423
8270,81849,0.008845419
8271,31616,1.0746003e-06
8272,65942,1.729709e-10
8273,98376,0.05753619
8274,49774,0.0005500226
8275,113364,0.057889596
8276,71637,0.004344768
8277,35152,5.683369e-13
8278,780,1.3179854e-06
8279,82285,3.462671e-08
8280,64009,1.2452172e-05
8281,13234,2.6519408e-16
8282,103375,0.004470548
8283,105570,5.2586185e-11
8284,1374,8.261777e-05
8285,113645,0.007161076
8286,82717,0.0037535285
8287,87656,0.0010887443
8288,68432,0.00038691505
8289,66373,0.0014177117
8290,16116,0.009115906
8291,99688,2.8747112e-11
8292,3289,0.00859817
8293,82000,2.7199456e-12
8294,57971,1.4974905e-09
8295,97734,0.0009084356
8296,40962,0.05137095
8297,54827,0.004344768
8298,22352,0.0006208793
8299,48541,2.100811e-14
8300,6425,0.0011300364
8301,97576,3.2313275e-12
8302,49093,0.032544143
8303,96309,5.5005234e-08
8304,106535,0.042441774
8305,33369,0.0011784538
8306,53163,0.00040326337
8307,65238,9.76846e-09
8308,32035,3.6208887e-09
8309,112175,0.014949887
8310,104544,0.048240427
8311,72876,1.8291824e-10
8312,9763,3.883952e-06
8313,633,0.010544453
8314,11557,0.0045906156
8315,93376,0.0003804742
8316,29174,0.009084299
8317,59972,0.062280994
8318,86484,0.0023870617
8319,4589,0.008096142
8320,13590,1.2488996e-06
8321,81371,0.008558585
8322,487,1.9189267e-05
8323,346,1.343015e-13
8324,18973,3.0050976e-10
8325,58953,0.00032661538
8326,44985,0.024432875
8327,74021,8.456175e-05
8328,73292,0.0048456895
8329,13584,1.2876548e-08
8330,95524,0.0020081573
8331,41635,0.004344768
8332,10710,5.9021227e-07
8333,32019,0.00079286017
8334,29526,0.00020209265
8335,86765,6.1634026e-05
8336,83403,0.00079956837
8337,73148,0.0017552116
8338,62341,0.007630734
8339,49615,1.067961e-09
8340,78490,9.570448e-08
8341,34332,0.0055402275
8342,19790,0.0005368607
8343,105853,0.007302622
8344,83006,6.188224e-09
8345,77159,1.2259274e-05
8346,21441,0.010872078
8347,23977,2.9989435e-09
8348,83733,1.8571598e-09
8349,3694,0.009881465
8350,23173,6.2922245e-09
8351,24879,3.9679735e-12
8352,93452,0.0009854129
8353,31208,1.5947634e-07
8354,35302,5.268322e-09
8355,76014,0.017034432
8356,65386,0.0007983909
8357,40794,0.059927102
8358,103700,1.8954223e-09
8359,8854,3.246557e-07
8360,111025,3.308915e-06
8361,60140,0.009084299
8362,34761,6.9555174e-11
8363,113405,4.4154107e-09
8364,66290,2.5610479e-11
8365,94827,0.04980838
8366,70854,0.005616725
8367,35280,0.009084299
8368,65267,5.1667494e-06
8369,32485,9.721632e-10
8370,45451,0.016769435
8371,46836,0.0007878434
8372,83997,8.370435e-05
8373,108092,0.007004306
8374,36603,0.010531615
8375,74991,0.0031165234
8376,58745,3.6167692e-12
8377,93681,0.001458661
8378,21058,1.2132981e-11
8379,20759,0.032486703
8380,94422,6.0148455e-09
8381,17915,0.00018651667
8382,114784,3.1264387e-11
8383,9582,6.4450063e-07
8384,80846,0.0023865746
8385,62450,0.0012442914
8386,107768,0.00896607
8387,47533,3.416399e-07
8388,67838,0.008845419
8389,59649,5.131469e-07
8390,29573,1.5546404e-07
8391,79260,0.0050440403
8392,14844,4.075456e-13
8393,74445,5.609291e-06
8394,2839,0.03455441
8395,92259,0.009181562
8396,92781,1.7434243e-11
8397,1095,0.009896677
8398,26947,0.005603552
8399,93415,0.042838734
8400,92479,0.007004306
8401,38520,4.364182e-11
8402,68130,0.0006597948
8403,9416,6.426471e-08
8404,49188,6.624656e-05
8405,36519,0.00079286017
8406,71533,0.0005866832
8407,86040,0.007630734
8408,99744,3.3599537e-08
8409,64482,1.4048621e-15
8410,21325,6.865062e-11
8411,47827,4.5120218e-05
8412,3780,2.7268968e-07
8413,87802,0.05741278
8414,22202,6.808222e-11
8415,2074,0.0017469083
8416,71951,1.7810098e-12
8417,80629,0.04787555
8418,41081,5.195332e-11
8419,38361,1.17854775e-07
8420,99633,0.0020144612
8421,63954,1.3773943e-09
8422,113551,2.028939e-07
8423,73941,0.0032143127
8424,17642,0.08728188
8425,54213,3.8978076e-08
8426,18768,3.298339e-14
8427,15437,1.8385661e-11
8428,43537,9.665232e-16
8429,78964,1.637605e-11
8430,115455,1.6098169e-05
8431,42366,1.0536664e-09
8432,76443,4.6656208e-07
8433,98452,0.048240427
8434,34328,0.008298639
8435,83183,3.3177066e-12
8436,84072,0.007630734
8437,104443,0.00053932745
8438,93351,0.009184932
8439,81868,6.0867826e-08
8440,44126,4.392475e-06
8441,15836,1.7073857e-08
8442,76497,6.2900374e-10
8443,8231,9.202458e-08
8444,44166,0.005603552
8445,85105,1.5831516e-06
8446,44532,0.017074263
8447,73221,0.0005866832
8448,64534,0.000379735
8449,54266,0.010531615
8450,8862,6.244727e-05
8451,66833,0.05741278
8452,113511,1.5550705e-11
8453,35770,0.017034432
8454,38897,0.015370219
8455,109974,0.048240427
8456,85086,0.030527467
8457,41125,1.2644039e-10
8458,27233,7.462277e-12
8459,17415,0.011426199
8460,29978,0.009084299
8461,86398,0.017034432
8462,9935,7.02916e-08
8463,43342,0.010198445
8464,112397,0.023254048
8465,99244,8.8310975e-07
8466,61486,0.004344768
8467,51598,0.017034432
8468,60907,0.0005866832
8469,5194,7.54517e-09
8470,79267,1.0360603e-07
8471,76052,0.0020144612
8472,14501,1.3200932e-15
8473,100838,1.3148231e-05
8474,92993,0.05741278
8475,7007,2.699323e-07
8476,26536,4.7025532e-18
8477,94131,1.9534067e-11
8478,84753,1.0457684e-08
8479,87965,0.0023865474
8480,58818,3.5864593e-06
8481,42161,5.769079e-14
8482,34875,8.994255e-06
8483,34216,0.008558585
8484,29551,0.0036405534
8485,114954,1.897001e-11
8486,35473,6.624656e-05
8487,5824,0.05667794
8488,62521,0.04787555
8489,34102,0.003857162
8490,7400,0.0038168286
8491,3700,0.0028988628
8492,58337,0.0807709
8493,111624,3.9219103e-06
8494,109488,9.689173e-08
8495,83301,7.173843e-12
8496,42652,0.0006208793
8497,80397,0.0024086002
8498,37772,0.0038083005
8499,83157,4.951314e-07
8500,20798,7.6551686e-08
8501,12276,0.12850517
8502,38719,7.882697e-07
8503,108320,0.057786837
8504,114431,0.024684858
8505,36586,0.051730532
8506,46490,2.7859517e-15
8507,37358,0.015370219
8508,47627,1.2710078e-07
8509,36246,0.017034432
8510,57194,0.02939055
8511,65508,1.0705837e-09
8512,93424,5.464129e-07
8513,87671,5.8191673e-13
8514,48347,3.1095015e-11
8515,63908,1.3520274e-11
8516,65917,2.1887979e-10
8517,109653,0.00053932745
8518,82616,0.0041956403
8519,39035,1.4886794e-09
8520,111957,0.008558585
8521,83010,6.6386434e-07
8522,82401,1.111003e-14
8523,84145,0.00079251383
8524,61369,5.5492283e-08
8525,33028,3.3111636e-08
8526,5115,2.1647983e-08
8527,77675,4.0529503e-14
8528,41747,0.0002784047
8529,33002,0.007863321
8530,102095,2.810094e-12
8531,56225,0.051730532
8532,32577,0.007863321
8533,79319,2.521666e-10
8534,85799,0.024533123
8535,25539,0.0071781524
8536,79682,0.05741278
8537,76546,0.0009964516
8538,23324,6.8407985e-16
8539,44717,0.0013553158
8540,15749,0.010553112
8541,44366,8.6625846e-07
8542,40177,6.40961e-17
8543,99775,1.3320041e-10
8544,41258,2.0582619e-13
8545,71286,0.008845419
8546,52385,2.7559432e-11
8547,5208,4.8825345e-06
8548,86503,3.9345944e-12
8549,9461,0.009896677
8550,45584,0.00063523813
8551,8900,0.03500239
8552,72911,0.031770848
8553,28472,5.253175e-11
8554,78022,3.5963595e-12
8555,67643,2.3998822e-11
8556,74615,2.7199456e-12
8557,107000,0.0057430975
8558,14292,0.011842402
8559,9750,1.0144241e-06
8560,94183,0.031891707
8561,15883,4.2425942e-08
8562,53319,0.0036302214
8563,86089,1.4023631e-07
8564,8245,6.379268e-09
8565,41502,0.0036302214
8566,45940,7.652033e-05
8567,59890,3.4803502e-08
8568,10109,2.0212035e-08
8569,65770,1.2462176e-05
8570,8571,2.4097116e-07
8571,12402,4.746179e-09
8572,15405,0.0062688184
8573,19951,2.8117185e-12
8574,81273,3.5963595e-12
8575,57827,0.04536966
8576,24152,2.730193e-10
8577,77165,0.0055402275
8578,84915,0.00063523813
8579,80109,2.1473927e-05
8580,55218,1.9757317e-07
8581,97616,0.0014177117
8582,87327,0.0037749382
8583,93996,0.030301657
8584,15673,0.000982848
8585,47508,5.2724353e-12
8586,105934,7.52708e-11
8587,19743,2.6393419e-11
8588,11044,8.642668e-06
8589,24775,0.010593114
8590,72091,0.0034335682
8591,44792,0.0085101
8592,2515,0.045338824
8593,16861,1.903897e-07
8594,30259,0.7612692
8595,8749,1.0139898e-05
8596,73778,0.009181562
8597,59191,0.009084299
8598,64803,1.0136194e-05
8599,52454,2.5017059e-08
8600,61912,0.0044050603
8601,97605,0.045750935
8602,43399,0.00036398685
8603,72639,1.2259274e-05
8604,105209,6.1634026e-05
8605,5224,9.030037e-05
8606,49598,6.459584e-14
8607,49695,0.003682228
8608,103370,0.0030613104
8609,74075,0.05741278
8610,25229,7.1795096e-12
8611,18016,0.00012038292
8612,56684,0.0036346465
8613,21193,9.421241e-09
8614,27528,0.00079286017
8615,33081,7.4995177e-07
8616,84520,0.007630734
8617,24185,5.24932e-05
8618,22844,2.9326538e-13
8619,90887,0.005933887
8620,115129,3.359555e-06
8621,80847,2.3772806e-07
8622,46859,0.00036746604
8623,80104,0.0003186244
8624,112395,6.6588404e-06
8625,10808,0.00026655386
8626,26078,3.5009737e-07
8627,55583,2.5869812e-10
8628,58130,0.0046549067
8629,75567,2.9538793e-07
8630,100505,0.014949887
8631,33500,0.006976981
8632,17348,7.8524405e-13
8633,26836,0.0070705446
8634,101336,0.039851364
8635,62962,0.00049652014
8636,3398,0.045338824
8637,55232,2.0091e-06
8638,29825,4.077153e-12
8639,113697,9.887612e-15
8640,52173,7.475665e-09
8641,57116,3.8978076e-08
8642,20668,0.022921072
8643,7887,0.00437134
8644,14184,0.021873787
8645,74852,1.5673924e-11
8646,44805,1.1907204e-05
8647,103810,0.006449025
8648,50466,0.030527467
8649,110885,0.013780199
8650,35973,0.0009831698
8651,38528,0.0006208793
8652,55967,0.05047838
8653,36841,0.17363267
8654,109398,6.1634026e-05
8655,41384,4.077153e-12
8656,86594,0.0007986854
8657,15585,0.010553112
8658,67504,0.0052112807
8659,36844,3.7450839e-06
8660,47809,1.9789272e-06
8661,99328,0.05769793
8662,8033,5.9021227e-07
8663,92421,0.024684858
8664,44873,0.00045373422
8665,113152,0.057786837
8666,46642,0.051730532
8667,39554,2.7859517e-15
8668,4504,0.009896677
8669,25413,0.009166495
8670,45786,2.9374962e-13
8671,55342,0.008298639
8672,1659,0.005504135
8673,2005,1.217116e-05
8674,64258,2.0906013e-11
8675,42748,0.015370219
8676,50124,0.009084299
8677,54039,0.024107663
8678,15292,5.165588e-07
8679,25473,4.421341e-14
8680,65829,0.00440378
8681,114743,3.4617972e-07
8682,66308,1.9191747e-08
8683,100438,0.009184932
8684,102483,0.05753619
8685,78158,2.1156048e-10
8686,98338,1.729709e-10
8687,3763,8.1031055e-07
8688,31056,0.11469945
8689,9296,2.1478698e-08
8690,111678,0.008483679
8691,79078,7.788518e-11
8692,114273,0.0004184828
8693,3034,3.8978076e-08
8694,88584,0.014695989
8695,111699,0.0035325342
8696,81543,1.5043769e-06
8697,111328,2.1301652e-10
8698,69916,0.007571936
8699,104401,0.032362238
8700,28500,1.2577189e-07
8701,114566,0.009084299
8702,108767,0.0005829531
8703,25360,7.844898e-07
8704,27634,0.108159624
8705,110343,0.000320764
8706,54682,7.9885073e-13
8707,44450,1.6514327e-06
8708,62529,0.010586334
8709,42254,2.1243974e-12
8710,77533,6.8891975e-05
8711,47625,1.2698229e-07
8712,79920,0.04456799
8713,36328,1.1486739e-07
8714,87964,0.008845419
8715,87735,0.024684858
8716,17875,1.0566188e-05
8717,56637,1.2259274e-05
8718,64513,0.0023870617
8719,8005,7.5009126e-07
8720,13860,0.1016414
8721,63652,2.1261975e-08
8722,27176,0.005603552
8723,38677,0.010593114
8724,34048,0.012147215
8725,15847,6.9628277e-07
8726,18048,0.00036269482
8727,17939,3.9817877e-07
8728,98496,7.2341834e-05
8729,111102,0.018907836
8730,5876,0.016854424
8731,2324,0.009881465
8732,53837,2.0848474e-11
8733,106006,1.2709749e-05
8734,114992,5.008422e-10
8735,66550,5.7807338e-05
8736,51975,0.0008145374
8737,79985,0.02742935
8738,4112,1.1245604e-05
8739,9157,0.07824153
8740,71301,0.001458661
8741,32872,0.005603552
8742,47918,0.0035335503
8743,69884,0.005616725
8744,89984,0.010597673
8745,69886,0.033792887
8746,57668,0.009084299
8747,84831,0.02662436
8748,95485,0.046991006
8749,97596,1.6078682e-05
8750,11932,2.9106974e-17
8751,28514,1.8514466e-14
8752,102975,4.681984e-08
8753,43089,0.0010802648
8754,3947,1.7589352e-06
8755,22157,3.0695514e-17
8756,85321,0.0043840325
8757,13696,0.031758823
8758,41731,0.062280994
8759,88676,0.019931749
8760,49155,1.708085e-07
8761,46846,0.0006208793
8762,96398,1.9695717e-08
8763,39472,0.0002087937
8764,89163,0.007004306
8765,14133,0.0015095206
8766,19236,0.000723749
8767,91330,0.008506531
8768,83656,1.443255e-12
8769,4606,4.589073e-05
8770,114535,0.00012456151
8771,74317,4.867643e-10
8772,16239,1.6388828e-11
8773,79743,0.0073688454
8774,75194,2.7199456e-12
8775,18122,5.6825855e-14
8776,63766,8.685733e-12
8777,49760,0.004344768
8778,104039,0.057889596
8779,31057,0.051730532
8780,60264,1.7639732e-13
8781,72836,0.006976981
8782,108717,1.0887754e-09
8783,37225,5.5391018e-05
8784,54262,0.009084299
8785,66041,0.0014177117
8786,33195,1.207565e-05
8787,24417,0.015370219
8788,12549,5.617624e-07
8789,79742,0.0035335503
8790,20397,0.0037922664
8791,95433,0.039851364
8792,99237,2.4115532e-05
8793,35478,2.7804605e-09
8794,28524,0.017074263
8795,52035,0.009084299
8796,1207,6.426471e-08
8797,57032,5.603857e-12
8798,87747,0.05216715
8799,42747,3.622964e-06
8800,56959,0.008126607
8801,90754,6.905573e-12
8802,22580,0.09043537
8803,76124,3.860149e-08
8804,26864,2.0995459e-07
8805,2256,0.010715395
8806,48902,0.0027407333
8807,53790,0.0015176588
8808,100335,1.3320041e-10
8809,84158,0.005363385
8810,47821,6.4574195e-09
8811,40255,3.3799446e-11
8812,79896,3.199623e-14
8813,77443,0.012018987
8814,76792,3.317232e-12
8815,13602,8.6359694e-05
8816,89108,0.017093383
8817,112410,0.06865799
8818,8301,6.808699e-08
8819,99816,2.7779917e-08
8820,59161,0.05741278
8821,113082,3.2845992e-06
8822,33512,2.0848474e-11
8823,43517,2.7859517e-15
8824,32739,0.008558585
8825,5970,0.06864146
8826,53925,0.009084299
8827,23479,3.9249198e-11
8828,2361,0.08596141
8829,21140,9.7597745e-14
8830,45593,0.0026425123
8831,106542,0.042441774
8832,49244,1.2534251e-05
8833,101306,0.0007993315
8834,75717,0.0035335503
8835,12967,6.4653716e-12
8836,35671,0.009084299
8837,95487,6.1634026e-05
8838,103023,6.433856e-05
8839,76594,0.007004306
8840,27874,4.2861085e-08
8841,67049,0.037861023
8842,34976,1.0146174e-14
8843,29712,0.1321119
8844,50480,0.010531615
8845,104140,0.00037606456
8846,108505,2.5184534e-07
8847,27313,0.032544143
8848,48980,1.8688968e-09
8849,26774,0.06855405
8850,86882,1.9840085e-08
8851,74960,0.0022382287
8852,28871,2.0848474e-11
8853,22158,4.8236178e-08
8854,10925,0.032512687
8855,45367,1.0954819e-11
8856,87882,0.05216715
8857,38016,0.03239536
8858,38817,1.4258292e-07
8859,92531,7.3985524e-05
8860,62269,0.0058758073
8861,11160,0.00013563353
8862,49732,0.004684085
8863,5530,0.00021317576
8864,83146,0.0020144612
8865,42119,0.000783257
8866,25588,0.034754902
8867,26048,0.009166495
8868,14644,0.031758823
8869,36013,0.03219603
8870,77496,0.068451926
8871,66642,3.5921984e-12
8872,34520,3.323512e-07
8873,93425,0.05741278
8874,56601,0.00527508
8875,57492,0.001458661
8876,15004,0.009471986
8877,81083,0.008845419
8878,106118,7.466263e-07
8879,98771,2.1193809e-10
8880,113074,0.0005829531
8881,37739,2.8615432e-07
8882,70712,6.1634026e-05
8883,92571,2.2317212e-10
8884,20451,0.051730532
8885,39782,0.005359286
8886,1725,1.6369921e-12
8887,27495,0.1016414
8888,75115,0.05047838
8889,37264,1.1710351e-06
8890,24098,0.01599817
8891,13743,4.782459e-11
8892,51459,1.9873497e-07
8893,60099,0.04506066
8894,110077,0.0002613049
8895,23883,0.14529857
8896,103557,0.009184932
8897,18970,2.0529691e-09
8898,63308,2.0916632e-10
8899,8400,0.03683572
8900,52089,0.002292077
8901,87393,3.8974893e-11
8902,36636,1.1662689e-05
8903,7191,6.119432e-09
8904,85793,0.001458661
8905,50070,0.009084299
8906,92437,0.045750935
8907,66837,0.0007235627
8908,71179,0.00527508
8909,52179,0.008298639
8910,89826,0.05741278
8911,47349,0.03218076
8912,88250,0.0039121527
8913,88254,3.9345944e-12
8914,33261,0.032544143
8915,114209,0.0025083798
8916,87739,0.068451926
8917,61467,1.0294722e-09
8918,4341,1.1582374e-05
8919,89011,0.068603046
8920,11539,6.132196e-11
8921,89054,0.007630734
8922,20813,1.1913398e-07
8923,40540,0.041222017
8924,13450,0.12270057
8925,48537,0.0020144612
8926,20921,2.1779726e-08
8927,194,0.0018992445
8928,30294,0.0027400674
8929,102086,0.00012038292
8930,85383,0.000121096615
8931,2093,4.114867e-06
8932,67918,0.003682228
8933,92883,0.0066840975
8934,87579,0.05741278
8935,101038,1.5233871e-12
8936,54671,9.295779e-12
8937,111321,0.0077397674
8938,76542,0.0058029746
8939,55628,3.7077275e-11
8940,74210,1.1172332e-07
8941,77798,0.14294605
8942,56399,0.003998202
8943,33200,6.288421e-06
8944,45820,0.0003670127
8945,90358,0.025916465
8946,3449,0.032544143
8947,39849,0.14529857
8948,85803,0.009181562
8949,22268,1.9391608e-05
8950,101115,1.2364712e-05
8951,79054,0.003998202
8952,45847,0.00983577
8953,4259,5.9021227e-07
8954,75867,6.3618066e-09
8955,54680,0.001458661
8956,18077,0.0015160383
8957,25623,0.0006101255
8958,105244,1.6008418e-07
8959,83234,0.0026380874
8960,107141,1.25402885e-05
8961,99010,0.000585449
8962,39025,0.009166495
8963,106629,0.007859338
8964,68945,0.01599817
8965,104238,3.8776378e-08
8966,65596,1.2462176e-05
8967,43077,0.00018349443
8968,12282,8.89374e-09
8969,104410,0.057786837
8970,57229,0.0009986684
8971,28484,1.0561417e-08
8972,32124,0.03531721
8973,104016,0.05330698
8974,43866,2.3634957e-15
8975,33819,4.759662e-07
8976,64523,1.600267e-05
8977,43929,0.0047608973
8978,51178,2.7859517e-15
8979,48787,0.009033776
8980,37840,0.0006310822
8981,62553,0.0007983909
8982,27808,5.769079e-14
8983,79499,0.050779287
8984,110463,7.9932825e-08
8985,57894,0.003682228
8986,95748,2.2695287e-08
8987,4955,0.03454235
8988,28148,9.698991e-08
8989,32203,0.046288982
8990,10281,0.01679003
8991,104995,1.0962761e-11
8992,111017,0.0035325342
8993,51157,0.022892
8994,4448,1.3179755e-05
8995,53704,0.1639844
8996,29281,0.004344768
8997,45555,0.028758163
8998,86317,0.009181562
8999,98341,2.0391084e-08
9000,42106,0.028758163
9001,64708,0.0067397202
9002,63488,0.0017302294
9003,55728,0.032544143
9004,84587,0.05137095
9005,40544,0.0062688184
9006,36206,0.009084299
9007,110300,6.1634026e-05
9008,30816,5.391196e-14
9009,40841,1.8346496e-11
9010,108104,6.1634026e-05
9011,40214,0.009166495
9012,7244,0.00952741
9013,52158,0.032544143
9014,109760,3.11387e-11
9015,37115,1.3570966e-07
9016,71785,0.05741278
9017,51034,7.657527e-10
9018,54449,0.008558585
9019,72952,0.0002854929
9020,61312,0.017034432
9021,68343,7.173843e-12
9022,15006,0.009471986
9023,85151,0.00050938805
9024,62052,6.1634026e-05
9025,55588,0.0012442914
9026,22080,0.009166495
9027,34080,0.009084299
9028,14810,0.011426199
9029,18177,0.017034432
9030,102461,2.369844e-10
9031,114300,0.00045630007
9032,17913,7.227942e-05
9033,84009,4.826075e-07
9034,69,0.16915545
9035,32365,0.00012038292
9036,56429,0.05741278
9037,8882,2.2585694e-07
9038,60469,0.0009831698
9039,45264,0.01599817
9040,48529,0.009181562
9041,107638,0.00026335605
9042,50474,0.009084299
9043,56528,0.007882589
9044,64498,1.0937985e-06
9045,77465,3.0329338e-07
9046,7068,3.246557e-07
9047,28264,0.00038564226
9048,67500,0.007859338
9049,83882,2.9007046e-07
9050,74304,1.0514043e-12
9051,44028,2.205704e-10
9052,66748,0.0009854129
9053,99587,0.009184932
9054,106828,0.032362238
9055,106123,1.6047938e-05
9056,26207,0.00079286017
9057,16039,6.427415e-12
9058,76916,0.00033184
9059,74818,2.094856e-11
9060,108820,0.019787185
9061,77277,0.0023870617
9062,107471,3.037037e-10
9063,81290,1.0626607e-11
9064,52321,0.00031359433
9065,75505,0.001458661
9066,28710,0.010531615
9067,103844,0.057786837
9068,71246,0.0020144612
9069,37497,0.10837911
9070,53893,2.2528955e-06
9071,58664,0.009084299
9072,43066,0.010593114
9073,89691,0.042838734
9074,35743,7.132278e-05
9075,62745,1.2452172e-05
9076,16006,4.6591843e-13
9077,5293,6.6761083e-07
9078,77882,1.6773648e-10
9079,13639,6.608383e-17
9080,63569,1.2452172e-05
9081,95435,0.0007983909
9082,40919,0.00028546568
9083,2513,4.802302e-08
9084,113321,0.00060827506
9085,47277,0.056436636
9086,49160,0.051730532
9087,27891,3.8045235e-12
9088,96303,3.8491224e-11
9089,107182,0.000106529485
9090,30519,0.007630734
9091,44743,9.0088985e-09
9092,80640,0.0020144612
9093,107173,0.030527467
9094,17703,0.022986861
9095,20797,2.1243974e-12
9096,44919,2.36338e-10
9097,35921,0.00079286017
9098,61512,0.04414261
9099,66787,5.541143e-07
9100,68285,0.04787555
9101,9113,0.06864146
9102,111588,0.0019995444
9103,42561,0.06209234
9104,109435,6.5347244e-08
9105,42311,2.3641195e-10
9106,106960,0.08167636
9107,48886,0.017034432
9108,89656,0.0020144612
9109,63236,1.2452172e-05
9110,51317,7.262422e-08
9111,9565,1.709478e-06
9112,61277,0.0020144612
9113,114648,3.3235903e-12
9114,86370,2.1863154e-10
9115,105542,0.007302622
9116,14107,0.022986861
9117,83319,3.736828e-06
9118,87869,0.042838734
9119,82094,3.3177066e-12
9120,34531,0.017034432
9121,68066,1.2259274e-05
9122,38352,0.00029997734
9123,10960,0.04135175
9124,56683,1.4914182e-10
9125,109267,1.7606222e-07
9126,33359,0.008558585
9127,16923,0.0036302214
9128,48460,0.017034432
9129,69237,0.01599817
9130,57873,0.007630734
9131,40956,0.007630734
9132,2544,0.009881465
9133,29428,3.1020724e-07
9134,66390,0.007565507
9135,61858,6.1634026e-05
9136,105346,0.008449222
9137,10509,1.9817433e-06
9138,111620,0.0002613049
9139,1433,3.5525563e-08
9140,37138,1.1163513e-11
9141,84052,8.911489e-08
9142,27509,0.007630734
9143,93835,0.007303894
9144,25161,0.006562863
9145,18865,5.947432e-07
9146,80780,0.07103359
9147,10278,0.017869916
9148,49924,0.008558585
9149,92980,0.03489507
9150,89313,0.006210506
9151,98001,0.0023870617
9152,39355,0.0006310822
9153,15621,0.0016205844
9154,33837,0.00011763776
9155,11271,1.5388365e-07
9156,31483,7.904604e-08
9157,76098,0.068451926
9158,94883,0.009084299
9159,63589,0.00055804336
9160,40000,0.009166495
9161,102035,0.08273073
9162,92280,0.032248
9163,70921,0.0014177117
9164,110840,0.001458661
9165,92502,3.818975e-13
9166,32393,0.0069832746
9167,19978,7.5543966e-10
9168,75428,1.5992007e-05
9169,48303,0.009462023
9170,42581,0.00051839586
9171,1419,2.4150144e-05
9172,51660,0.1016414
9173,87401,0.017034432
9174,19735,4.1655013e-10
9175,77033,2.2308708e-07
9176,91221,0.011184035
9177,71705,1.6773648e-10
9178,53074,0.060923815
9179,81491,1.7967618e-06
9180,100034,0.010597673
9181,32932,2.5486847e-07
9182,2464,7.54517e-09
9183,25453,2.8360342e-10
9184,43012,5.712999e-12
9185,41570,2.9326538e-13
9186,27819,0.0005368607
9187,79710,2.7199456e-12
9188,16925,0.0031617514
9189,88854,0.008845419
9190,60486,0.01599817
9191,69022,2.1516632e-11
9192,40690,1.3729765e-10
9193,98143,0.025859984
9194,109289,0.055619955
9195,69210,0.05741278
9196,68376,7.4833373e-10
9197,107665,5.3692393e-09
9198,539,1.2259917e-06
9199,82338,0.0008775778
9200,6258,0.009896677
9201,83205,5.584337e-10
9202,70625,0.017034432
9203,74458,0.0027321398
9204,81756,0.024533123
9205,9207,0.00021850671
9206,285,5.38175e-07
9207,48077,2.7199456e-12
9208,74158,8.188115e-08
9209,109383,0.0040116915
9210,43639,5.2674307e-07
9211,78942,9.717523e-09
9212,99486,0.017093383
9213,93475,0.009882981
9214,115400,0.000806542
9215,85416,1.8361796e-07
9216,17226,7.429973e-07
9217,8601,0.006450452
9218,72024,0.00023208305
9219,24213,0.0027400674
9220,53063,0.00079286017
9221,34752,1.1440635e-15
9222,32789,0.0014692483
9223,43591,1.5961557e-11
9224,56532,0.16915545
9225,73553,0.05047838
9226,39134,5.7784066e-14
9227,65893,6.8741984e-10
9228,57187,0.0009806018
9229,101898,0.01274487
9230,83851,0.001458661
9231,32367,0.017114835
9232,74803,2.7199456e-12
9233,93986,0.008845419
9234,109834,0.000449014
9235,12401,1.2876548e-08
9236,103147,1.6716962e-06
9237,99669,0.0020144612
9238,54001,0.0048167007
9239,15839,0.07103359
9240,85258,0.032368287
9241,11516,0.015697025
9242,26134,0.009166495
9243,14098,0.13494028
9244,15651,0.00078948674
9245,105963,7.17257e-12
9246,27395,0.06387287
9247,36632,1.0146174e-14
9248,81285,1.1591292e-07
9249,71591,0.009181562
9250,87918,0.0006483078
9251,70644,0.017034432
9252,115606,0.00055804336
9253,48785,0.01609344
9254,100227,0.0052285832
9255,78440,5.5779864e-12
9256,34123,0.0012801625
9257,32211,1.341533e-09
9258,24255,0.011166594
9259,9860,0.07746102
9260,22930,2.7859517e-15
9261,67581,0.01599817
9262,109798,0.028750474
9263,113382,1.4892274e-06
9264,106453,0.0003461112
9265,106820,5.9573157e-08
9266,83369,0.041322865
9267,45912,0.06375701
9268,39309,0.008845419
9269,101271,5.5834466e-08
9270,39363,0.0005368607
9271,73564,0.0036406247
9272,57670,0.0023894135
9273,9073,0.007630734
9274,60694,0.001458661
9275,18431,8.0766025e-09
9276,18375,2.850474e-07
9277,97634,0.0036406247
9278,70485,1.9534067e-11
9279,16065,2.8527427e-11
9280,73451,0.009181562
9281,61653,0.00025492033
9282,79256,4.304244e-05
9283,79346,2.3404155e-07
9284,41611,0.017074263
9285,59802,0.008298639
9286,27949,0.05256187
9287,23725,0.0048271464
9288,27104,0.009084299
9289,53101,1.2259274e-05
9290,95084,0.011426199
9291,99619,0.0015633658
9292,55132,9.95023e-08
9293,110326,0.0039128847
9294,41978,5.814471e-10
9295,10215,0.016854424
9296,55514,0.078132115
9297,107441,0.00026335605
9298,4831,6.004749e-07
9299,18677,0.031343345
9300,16136,7.381778e-10
9301,10809,1.7699655e-07
9302,97790,0.0011165098
9303,73416,3.3832798e-06
9304,99061,0.002353506
9305,99764,0.009184932
9306,113416,1.9455713e-08
9307,71773,0.009181562
9308,31932,0.0015137042
9309,64686,0.21967289
9310,24518,0.051730532
9311,109713,1.2858583e-05
9312,8761,0.0019061764
9313,79480,1.190354e-09
9314,114363,6.1634026e-05
9315,37774,1.7639732e-13
9316,84428,9.094725e-12
9317,82923,0.04787555
9318,68122,0.0010960877
9319,89211,0.03539168
9320,85545,0.005869099
9321,98673,0.0013240895
9322,80698,0.007630734
9323,14456,8.562746e-11
9324,95789,0.015377235
9325,32588,2.7859517e-15
9326,37705,0.006070889
9327,57332,4.796352e-07
9328,53590,2.5053978e-07
9329,24633,0.013442923
9330,27029,1.1899759e-11
9331,79791,0.009084299
9332,7666,0.0048271464
9333,68958,0.001458661
9334,100954,2.0111145e-10
9335,111876,0.07469655
9336,31778,6.2672285e-16
9337,30058,0.00079286017
9338,681,9.2035024e-10
9339,14051,0.0005368607
9340,99683,0.001458661
9341,66901,7.718623e-12
9342,40552,1.1882202e-05
9343,65750,1.600267e-05
9344,80945,1.248098e-05
9345,104504,0.108159624
9346,99079,1.3320041e-10
9347,53814,0.001458661
9348,95607,0.04270712
9349,108175,3.960322e-08
9350,90661,2.5307207e-09
9351,79563,0.0023865474
9352,91108,2.117306e-06
9353,56262,0.04787555
9354,52759,0.009084299
9355,59969,0.06209234
9356,95754,0.004355834
9357,39599,6.681978e-15
9358,39249,1.6897274e-10
9359,51820,0.017440932
9360,11145,0.2730642
9361,65157,0.0007983909
9362,40891,4.708974e-09
9363,114719,1.1990325e-07
9364,3368,0.0027717866
9365,24663,0.03239536
9366,97461,0.010597673
9367,79667,0.048240427
9368,22192,1.4708792e-05
9369,33601,0.0073023727
9370,13653,2.770952e-09
9371,393,4.897887e-08
9372,4094,0.032512687
9373,88420,0.05741278
9374,30400,0.009084299
9375,92380,0.07125481
9376,108966,0.041645944
9377,113371,0.042333726
9378,100721,0.014298061
9379,40037,0.00031359433
9380,16637,8.772617e-10
9381,115372,0.05216715
9382,113840,0.05047838
9383,51162,1.0212037e-09
9384,25052,0.008845419
9385,99978,0.008355443
9386,95136,6.437943e-08
9387,92249,0.0022382287
9388,5425,0.00066845
9389,8482,1.243715e-06
9390,112359,0.010531615
9391,47357,7.3754805e-08
9392,113786,6.049393e-10
9393,26547,0.010531615
9394,95661,0.0005866832
9395,47431,0.03531721
9396,76649,0.009181562
9397,83739,0.005616725
9398,33475,0.00490609
9399,104595,0.057786837
9400,29431,0.002018696
9401,18413,1.5172759e-10
9402,104780,0.046991006
9403,28226,2.1933333e-09
9404,86007,0.0016385948
9405,5762,0.0053791357
9406,74402,1.2452172e-05
9407,96961,1.8230774e-09
9408,64017,1.600267e-05
9409,55902,0.07581729
9410,75136,6.1634026e-05
9411,91773,0.032368287
9412,40483,6.44201e-06
9413,82499,0.00055812736
9414,95598,0.009184932
9415,88235,0.009181562
9416,30106,0.009084299
9417,9092,1.7589352e-06
9418,33316,0.004534614
9419,2002,8.587731e-05
9420,18845,0.011166594
9421,6649,5.5288996e-09
9422,18873,0.0004981336
9423,66609,0.000674751
9424,6553,6.3090994e-08
9425,11568,8.3341954e-05
9426,60058,0.04787555
9427,67856,1.424484e-06
9428,58488,3.6167692e-12
9429,96441,0.00011042106
9430,68086,0.01728862
9431,17741,0.011426199
9432,68693,1.8723961e-10
9433,45817,0.00029997734
9434,70117,0.001458661
9435,113887,0.00012456151
9436,27081,5.372991e-08
9437,38771,0.03239536
9438,10950,0.005537089
9439,2360,6.1649007e-07
9440,15611,3.556181e-05
9441,8851,0.04157999
9442,82488,1.0284732e-09
9443,87988,0.05741278
9444,114134,0.022090575
9445,15557,1.7199193e-06
9446,9166,1.779423e-06
9447,92293,1.7401028e-10
9448,67058,5.620256e-08
9449,17701,2.5789113e-10
9450,70727,0.0020144612
9451,92701,0.039752092
9452,14518,2.9168516e-08
9453,100309,0.05216715
9454,100057,0.00012038292
9455,6079,1.871377e-06
9456,23796,0.017074263
9457,115016,0.017114835
9458,101642,6.8422774e-11
9459,55502,1.11096e-15
9460,31946,0.0050409567
9461,68176,7.619857e-08
9462,32366,0.032544143
9463,110036,0.01594746
9464,87599,6.1634026e-05
9465,107456,0.009184932
9466,58833,0.0012442914
9467,112154,0.007004306
9468,88266,0.0023865474
9469,1906,3.928333e-06
9470,42229,0.0008237475
9471,45222,0.017074263
9472,88638,2.128866e-05
9473,115051,7.654671e-12
9474,74109,0.06651735
9475,15264,8.261777e-05
9476,4960,1.1073295e-08
9477,64358,2.3926314e-05
9478,89319,0.0055402275
9479,114379,0.017114835
9480,52029,0.05741278
9481,111600,3.3817365e-08
9482,52919,0.00012306274
9483,73472,0.033285875
9484,51285,0.05047838
9485,75667,0.0004981336
9486,18679,2.3666578e-07
9487,68012,0.0012442914
9488,8350,4.302685e-06
9489,82806,0.005616725
9490,81029,0.001458661
9491,6516,0.004756518
9492,72,1.6998802e-11
9493,34597,0.004276007
9494,10711,0.00030692382
9495,85331,2.0039855e-07
9496,11252,1.05849765e-07
9497,78533,3.1447338e-11
9498,38502,0.04980838
9499,15987,6.79176e-12
9500,20751,4.3553675e-11
9501,33707,0.0073023727
9502,89420,2.129098e-09
9503,7086,0.008548419
9504,48020,3.1447338e-11
9505,45050,0.007863321
9506,19998,1.44147584e-11
9507,69513,0.009181562
9508,11610,8.276121e-08
9509,13311,3.3136542e-11
9510,95307,0.00052852
9511,71431,0.05741278
9512,71904,0.04980838
9513,81816,0.00053932745
9514,41980,0.009166495
9515,10317,0.0015465512
9516,19430,0.06209234
9517,77886,0.024107663
9518,64162,2.7331442e-12
9519,5430,6.0722573e-06
9520,32266,0.010531615
9521,3529,2.2850672e-06
9522,105709,0.057786837
9523,85005,0.030365592
9524,43001,0.005603552
9525,5808,4.238298e-06
9526,17458,5.6232928e-11
9527,101478,0.0007993315
9528,34771,0.01599817
9529,96721,0.0029614866
9530,60434,4.324434e-11
9531,100631,0.011426199
9532,41560,0.009166495
9533,68394,0.05741278
9534,100318,1.7789882e-05
9535,42579,0.0009993503
9536,32569,2.0473379e-17
9537,4836,0.06864146
9538,107022,0.00031867815
9539,37603,0.0005500226
9540,100855,0.051543478
9541,56007,0.042080145
9542,31106,0.009084299
9543,7138,3.6782216e-11
9544,12654,0.000982848
9545,54969,0.007630734
9546,106681,0.057786837
9547,44430,0.06371157
9548,15111,7.574645e-16
9549,76921,0.0014187942
9550,47640,0.009166495
9551,57791,0.009084299
9552,21957,3.5636636e-05
9553,30169,0.012174453
9554,3211,3.246557e-07
9555,33844,6.6412627e-09
9556,1689,0.012376631
9557,38649,3.1058326e-11
9558,81607,0.00038628338
9559,71412,0.042838734
9560,71235,0.00053932745
9561,91130,0.010597673
9562,87226,2.1414024e-08
9563,54933,0.029354855
9564,12174,0.013492468
9565,18146,2.1095223e-06
9566,88661,0.008506531
9567,86390,0.00014030072
9568,42196,6.849751e-17
9569,76482,0.0023865746
9570,86749,0.0006483078
9571,50388,1.9628738e-05
9572,102583,0.08273073
9573,2502,0.023629082
9574,80885,3.860149e-08
9575,68232,0.0046549067
9576,13784,0.0004059246
9577,50445,0.008845419
9578,7230,2.2054186e-07
9579,101517,0.0023849234
9580,115916,0.028163206
9581,69982,0.051730532
9582,13962,0.03818808
9583,75379,0.027982624
9584,40711,0.018607568
9585,92732,0.045750935
9586,83998,0.0020144612
9587,55963,9.152908e-05
9588,84039,0.0002712397
9589,39251,0.0035266695
9590,95907,0.042838734
9591,8136,9.0549037e-07
9592,64108,0.0031612949
9593,21045,0.003857162
9594,58622,7.718623e-12
9595,50278,1.5948783e-05
9596,94140,0.0039557265
9597,102404,0.009184932
9598,82849,1.1108401e-10
9599,95906,0.010597673
9600,66289,0.0023870617
9601,52688,0.0035335503
9602,37576,3.6917902e-09
9603,13714,0.0031617514
9604,80706,0.034810767
9605,48170,3.317232e-12
9606,82768,0.0032882392
9607,42871,0.009166495
9608,67706,0.0076375725
9609,85747,0.001458661
9610,19828,0.019825885
9611,99446,0.009184932
9612,70589,0.042838734
9613,11192,0.009896677
9614,41627,2.5462761e-05
9615,87878,8.682724e-05
9616,1275,0.010044627
9617,55478,0.005948026
9618,88686,4.522116e-11
9619,49923,0.0009831698
9620,5088,0.0055553857
9621,32640,0.00012038292
9622,69441,2.8275382e-10
9623,40447,1.14850685e-10
9624,5165,0.055661947
9625,15894,0.009115906
9626,74406,6.1634026e-05
9627,74582,3.1895632e-14
9628,31217,4.55221e-09
9629,68692,2.8720203e-11
9630,72227,0.001458661
9631,15038,0.017533239
9632,112362,0.023254048
9633,100217,0.024684858
9634,103950,1.566413e-10
9635,9745,0.05342802
9636,16845,2.2677805e-08
9637,70724,6.1634026e-05
9638,75714,1.5848546e-12
9639,22173,2.7409712e-11
9640,99769,1.5904014e-06
9641,23467,1.4909874e-08
9642,53209,0.1702915
9643,114765,0.022090575
9644,103206,1.44853695e-11
9645,13523,7.574645e-16
9646,107902,0.00896607
9647,29633,0.009084299
9648,437,4.681891e-13
9649,32677,0.006562863
9650,41701,1.7639732e-13
9651,70421,0.03231761
9652,91039,0.0006900675
9653,47423,9.4092826e-07
9654,62137,0.03175226
9655,54540,0.001458661
9656,113641,0.000806542
9657,99292,0.00017765973
9658,65285,0.0022697179
9659,57953,0.0006310822
9660,12388,2.494374e-11
9661,68062,0.009181562
9662,13181,0.00093732175
9663,956,3.6731624e-06
9664,16469,1.9827966e-07
9665,25569,3.0695514e-17
9666,81779,0.0037535285
9667,11381,6.6761083e-07
9668,67870,0.0002228566
9669,29044,0.004344768
9670,3133,0.08401067
9671,69231,0.0015176588
9672,53885,2.1018081e-11
9673,48041,0.001458661
9674,66913,2.1558933e-06
9675,77870,0.0023894135
9676,114691,0.0014921338
9677,76480,0.0036406247
9678,96490,4.1540948e-06
9679,98205,0.009184932
9680,10647,2.4130352e-06
9681,114760,0.00029371007
9682,26966,9.168789e-05
9683,26906,0.0006208793
9684,11708,0.26456806
9685,55543,0.009084299
9686,53270,0.005330541
9687,61224,0.0081550535
9688,76577,0.0017967871
9689,21136,0.1639844
9690,101526,0.005616725
9691,110401,7.456814e-12
9692,38965,0.055707112
9693,39581,5.3131293e-12
9694,24164,0.0073023727
9695,42519,3.1655347e-09
9696,106357,0.050779287
9697,67331,7.173843e-12
9698,34430,2.8056357e-10
9699,72376,4.068501e-11
9700,44006,0.0070283753
9701,65951,7.341318e-07
9702,4707,0.00952741
9703,93501,0.039690025
9704,34835,0.007882589
9705,43353,0.0001141803
9706,24484,0.009166495
9707,30701,7.91769e-11
9708,77000,2.4885936e-09
9709,77665,0.0008775778
9710,101684,3.503934e-06
9711,53693,0.017034432
9712,88539,0.05047838
9713,4083,2.249235e-06
9714,82638,9.483398e-14
9715,107138,0.0015137042
9716,69281,0.034754902
9717,75435,6.1634026e-05
9718,17183,0.00092012633
9719,97804,0.032253224
9720,40467,0.0044447533
9721,106980,0.0010508251
9722,101157,0.000112394104
9723,20272,2.8462818e-10
9724,25091,0.00017827096
9725,72231,0.0022811855
9726,35540,2.6490528e-07
9727,15623,2.2830955e-09
9728,11459,0.0008367395
9729,70010,0.04787555
9730,25561,0.009166495
9731,91024,1.531582e-06
9732,91671,0.0071502724
9733,98916,1.9970734e-07
9734,165,6.915858e-11
9735,89912,0.005933887
9736,114744,0.018696826
9737,28562,0.0036621022
9738,86981,9.717523e-09
9739,54183,0.027574962
9740,81552,0.04787555
9741,105361,0.009184932
9742,18789,1.1161938e-11
9743,111799,3.8723687e-08
9744,52987,1.0396472e-07
9745,83290,0.024533123
9746,5838,0.012728051
9747,102908,4.805147e-10
9748,93269,9.416996e-10
9749,5580,5.9213025e-06
9750,55097,0.0005368607
9751,56815,0.0807709
9752,13424,3.5608612e-06
9753,38572,0.06209234
9754,89341,7.488527e-12
9755,11804,0.017034432
9756,10258,1.1207019e-06
9757,10205,0.0048271464
9758,63510,2.5730658e-09
9759,34245,1.9532948e-07
9760,55551,0.015377235
9761,88298,0.07601939
9762,74117,0.032368287
9763,66203,5.2586185e-11
9764,1958,0.009881465
9765,41457,1.1607574e-05
9766,7390,0.005811785
9767,42786,2.744015e-06
9768,52594,3.818975e-13
9769,97023,0.00558456
9770,113484,1.29545415e-05
9771,106579,0.01980608
9772,115355,0.034186274
9773,88413,1.123082e-09
9774,98385,3.6739161e-06
9775,54424,9.95023e-08
9776,4137,0.0016329134
9777,33778,0.004534614
9778,3946,1.6434593e-06
9779,74360,1.5992007e-05
9780,38491,0.0068159024
9781,65797,1.2462176e-05
9782,22558,0.007863321
9783,77897,1.111003e-14
9784,5820,0.009896677
9785,93759,0.006683917
9786,6133,0.0018992445
9787,57644,0.0006500485
9788,26866,0.00033261377
9789,43955,0.15124272
9790,34427,0.022892
9791,21361,5.391196e-14
9792,66060,1.2462176e-05
9793,35593,5.8578316e-09
9794,110324,1.4473012e-09
9795,7647,0.032512687
9796,78397,0.01609576
9797,97661,0.011701933
9798,52882,6.1634026e-05
9799,12687,0.08728188
9800,63981,0.0023870617
9801,79942,0.068451926
9802,29505,0.009084299
9803,25773,0.009166495
9804,82590,1.3713415e-09
9805,42612,0.017074263
9806,53963,0.06346887
9807,35323,4.7158534e-07
9808,6903,6.119432e-09
9809,104795,0.010597673
9810,100315,0.00021257314
9811,113379,0.0035325342
9812,58199,0.0020144612
9813,77438,0.00021813369
9814,113995,0.057889596
9815,8649,0.0010450368
9816,83314,0.005752578
9817,8920,0.017869916
9818,20094,0.009115906
9819,18190,2.1373066e-07
9820,65694,5.2586185e-11
9821,49521,0.017034432
9822,63852,3.5743194e-12
9823,11341,1.9914942e-05
9824,16988,7.0763416e-14
9825,14320,2.3297275e-14
9826,44578,0.06371157
9827,57093,0.00983577
9828,367,7.227092e-11
9829,47137,6.8422774e-11
9830,68614,5.330278e-10
9831,56737,0.01599817
9832,1991,0.0034560994
9833,112207,3.896315e-11
9834,36331,0.068451926
9835,62672,0.0009986684
9836,38302,2.8305985e-07
9837,109674,7.3724376e-13
9838,111662,0.0035325342
9839,89450,0.05741278
9840,35794,0.00012038292
9841,57514,0.03468771
9842,33615,0.009084299
9843,95715,0.0030274577
9844,55458,0.003857162
9845,73839,2.7164083e-07
9846,13067,0.0006983135
9847,40749,6.4075917e-10
9848,40241,0.017034432
9849,63170,0.0005670711
9850,11205,0.017787637
9851,49784,2.931544e-11
9852,68726,3.1441982e-12
9853,25475,3.0063071e-10
9854,6484,6.808699e-08
9855,61497,0.03531721
9856,22479,1.678313e-09
9857,81924,0.0036661478
9858,70708,1.2259274e-05
9859,115178,0.0035261284
9860,17639,4.6041303e-05
9861,5062,0.18902723
9862,62660,8.492688e-08
9863,3718,0.024939163
9864,13764,0.00010159205
9865,66348,1.2462176e-05
9866,109176,0.009050281
9867,70545,7.517872e-10
9868,92119,0.005933887
9869,101402,4.485211e-07
9870,102295,0.039752092
9871,11005,2.4130352e-06
9872,109409,0.0035325342
9873,48876,0.008298639
9874,108869,0.051720127
9875,8994,0.08999429
9876,51072,1.4320612e-09
9877,92850,2.8874652e-07
9878,109540,0.057889596
9879,51327,0.007630734
9880,85004,0.008589525
9881,7341,8.220372e-07
9882,52262,0.00012038292
9883,74025,0.03468771
9884,90259,5.6328955e-09
9885,21161,0.00011593393
9886,91718,0.09722748
9887,25193,0.00011763776
9888,74892,0.0007983909
9889,54615,0.009115347
9890,26155,8.697524e-05
9891,92981,0.016113395
9892,84505,0.0004977721
9893,102084,0.0014072479
9894,2008,1.191411e-08
9895,54922,0.060344182
9896,102989,9.4834664e-15
9897,40643,8.195495e-05
9898,6482,4.8066596e-07
9899,43039,5.052433e-07
9900,1927,2.052283e-06
9901,20461,0.01599817
9902,61237,0.003682228
9903,82494,1.2482432e-05
9904,28860,0.007630734
9905,106171,4.7314297e-12
9906,83030,0.0004977721
9907,51476,0.01728862
9908,28550,1.6277187e-10
9909,25049,0.005869099
9910,72562,0.14567678
9911,41274,0.022921072
9912,49816,1.6021898e-10
9913,56569,3.1095015e-11
9914,85997,0.0035680751
9915,33985,0.0005204292
9916,90447,1.0980063e-08
9917,45942,1.0146174e-14
9918,100845,1.3320041e-10
9919,90518,0.05741278
9920,2083,1.1525651e-05
9921,91055,0.05216715
9922,23671,1.266698e-06
9923,51489,0.068451926
9924,12159,4.2679483e-05
9925,92516,2.6794893e-07
9926,53526,0.00034316536
9927,87569,0.00052852
9928,104048,1.8925664e-07
9929,102243,0.002267349
9930,39473,0.010593114
9931,30896,0.007630734
9932,55827,4.6712985e-06
9933,109229,2.563492e-05
9934,1149,0.07110618
9935,32762,5.514999e-07
9936,84053,0.00079251383
9937,8267,0.017869916
9938,86282,5.744299e-06
9939,58475,0.05047838
9940,68042,6.6981785e-09
9941,46926,0.0085101
9942,36059,3.6167692e-12
9943,67931,0.051730532
9944,69769,0.005616725
9945,75048,0.017034432
9946,67544,0.03468771
9947,21301,1.4393798e-05
9948,55043,0.001556362
9949,72600,0.05047838
9950,7040,0.009896677
9951,52615,0.00031359433
9952,48043,5.201204e-10
9953,6952,2.8462818e-10
9954,101933,0.010597673
9955,52465,1.6773648e-10
9956,31542,0.0055402275
9957,94653,0.00012169693
9958,58559,0.00020785356
9959,62977,2.4789643e-11
9960,5892,0.032512687
9961,5419,6.1629355e-09
9962,94979,1.2452172e-05
9963,90814,0.005616725
9964,111276,9.335082e-08
9965,70985,0.0035335503
9966,32523,1.900443e-07
9967,18453,4.2955567e-10
9968,98863,0.045750935
9969,35359,7.2105243e-12
9970,92975,2.0593714e-11
9971,85569,4.2383534e-13
9972,25447,0.017074263
9973,95509,0.00017838487
9974,70197,1.4597192e-08
9975,20573,4.1895237e-05
9976,43234,4.3350155e-07
9977,107765,1.23507276e-08
9978,70609,0.009181562
9979,20520,1.9395041e-10
9980,85937,6.1634026e-05
9981,94782,0.048240427
9982,106765,0.057786837
9983,58677,0.024432875
9984,12333,1.6415765e-05
9985,109076,7.692902e-12
9986,43112,0.03239536
9987,84962,4.5120218e-05
9988,7093,0.008096142
9989,28117,3.34669e-05
9990,46318,0.004344768
9991,32304,0.07103359
9992,44552,3.462671e-08
9993,45653,4.7146656e-08
9994,28636,0.009857761
9995,91724,0.025916465
9996,5723,0.033731423
9997,90937,0.008506531
9998,12070,2.296431e-11
9999,27280,0.017074263
10000,24818,0.009166495
10001,85033,0.032368287
10002,75261,0.078793466
10003,104835,1.08990676e-07
10004,102997,0.0035335503
10005,97850,1.111003e-14
10006,19857,1.7850741e-08
10007,59399,0.04373174
10008,58164,0.05741278
10009,114628,0.00012456151
10010,83713,7.792779e-12
10011,108689,3.4676415e-08
10012,53125,0.008298639
10013,56688,1.7639732e-13
10014,80545,0.009181562
10015,13604,0.13892727
10016,62261,5.781031e-10
10017,41550,0.03239536
10018,40754,0.0036444613
10019,13131,0.022749957
10020,98561,0.034003627
10021,84381,3.3162893e-12
10022,41376,0.0002784047
10023,92617,2.1863154e-10
10024,65067,4.0229156e-13
10025,101928,0.04252781
10026,54818,1.6897274e-10
10027,114014,0.000806542
10028,38752,7.319235e-10
10029,41830,0.00028879885
10030,105074,8.3428205e-14
10031,2065,1.191411e-08
10032,95436,1.5272159e-08
10033,51387,0.036652684
10034,67567,0.017034432
10035,96654,0.3222316
10036,70227,0.05047838
10037,69576,3.8682235e-10
10038,52126,0.032544143
10039,85061,5.321394e-08
10040,17153,7.574645e-16
10041,52190,0.0023916445
10042,1001,0.15119436
10043,86699,6.1634026e-05
10044,4551,0.017869916
10045,84297,7.639852e-12
10046,8857,0.03454235
10047,74999,0.0037535285
10048,104579,1.8501462e-08
10049,100134,0.0020144612
10050,31892,7.462277e-12
10051,9695,7.016488e-07
10052,48527,4.9048754e-07
10053,63828,0.0023870617
10054,36526,2.091974e-14
10055,89126,2.0953038e-11
10056,49383,5.6434607e-11
10057,56626,2.5758649e-09
10058,53471,4.0314997e-05
10059,24534,2.9374962e-13
10060,83113,6.1634026e-05
10061,29063,0.032544143
10062,77351,2.1074993e-12
10063,40116,0.06318279
10064,66346,9.677288e-10
10065,57817,3.1095015e-11
10066,101316,0.039851364
10067,14613,9.506889e-10
10068,46139,2.5700688e-09
10069,99193,0.001458661
10070,24235,0.7696475
10071,47033,0.00092866045
10072,16568,0.00036269482
10073,49120,2.8124857e-12
10074,38732,1.8194984e-14
10075,50932,0.015532766
10076,61641,1.4890883e-09
10077,112110,0.001458661
10078,86639,0.009181562
10079,72640,7.737239e-12
10080,99786,0.009184932
10081,106873,0.048240427
10082,34838,0.0006208793
10083,52979,4.8344284e-09
10084,43624,4.191823e-08
10085,74710,1.2466502e-05
10086,16656,1.2902387e-08
10087,16868,7.574645e-16
10088,9054,2.4031828e-05
10089,31459,2.6307064e-12
10090,76904,7.361068e-10
10091,103881,1.2199576e-08
10092,88144,0.010597673
10093,23083,0.051730532
10094,34069,1.3174168e-15
10095,71547,5.5778507e-11
10096,371,1.6008242e-05
10097,17411,0.0014995642
10098,13064,3.1434993e-06
10099,10097,1.0726083e-07
10100,15822,0.0015095206
10101,95268,0.00096698315
10102,111084,0.017114835
10103,56056,0.00054023403
10104,67616,0.017034432
10105,12095,0.0065234727
10106,97951,0.08273073
10107,19453,0.03571048
10108,36154,0.04955863
10109,12346,0.031758823
10110,44324,7.019399e-07
10111,71129,0.009181562
10112,110065,7.552671e-09
10113,97039,0.048240427
10114,48285,1.5992007e-05
10115,83663,1.2482432e-05
10116,30343,0.004113125
10117,59590,2.253521e-12
10118,86764,0.025916465
10119,17638,0.047186818
10120,63079,0.004052948
10121,46002,0.014820525
10122,49967,0.015332866
10123,67228,0.027682044
10124,47648,1.0426603e-06
10125,108500,0.040623225
10126,84492,0.0020144612
10127,90192,0.010597673
10128,41954,0.0011102806
10129,90319,2.0435727e-05
10130,19237,0.0004209099
10131,47182,0.00040977096
10132,112289,2.2659166e-12
10133,3854,2.052283e-06
10134,20255,2.087247e-05
10135,87050,0.007004306
10136,57100,0.006845233
10137,17995,1.7602698e-09
10138,95611,0.011426199
10139,25897,1.4661331e-13
10140,3909,5.90442e-08
10141,93955,0.048240427
10142,4446,0.17021848
10143,110912,0.017114835
10144,39680,0.024432875
10145,34651,0.068451926
10146,20517,0.017034432
10147,39360,1.578923e-08
10148,84283,0.0036406247
10149,8638,8.918943e-06
10150,660,0.008548419
10151,16181,9.7743265e-05
10152,12554,1.5992053e-05
10153,23630,4.1446266e-10
10154,94468,0.012846575
10155,1364,2.7459308e-08
10156,37099,0.0025741642
10157,45528,5.769079e-14
10158,94052,1.2259274e-05
10159,95930,2.7601517e-11
10160,55156,0.009084299
10161,52895,6.1634026e-05
10162,102408,5.0787294e-05
10163,37051,0.0077683823
10164,58356,0.018943269
10165,4095,0.032512687
10166,17219,5.721914e-10
10167,52496,3.5628647e-05
10168,109293,1.2602031e-05
10169,66153,1.8037289e-06
10170,80544,0.034810767
10171,25564,5.9222934e-13
10172,88821,0.015377235
10173,22681,1.1119424e-05
10174,23219,0.010593114
10175,56788,1.9632526e-07
10176,109973,0.00031867815
10177,27560,0.0038083005
10178,79445,3.1446977e-11
10179,50002,0.003682228
10180,58656,0.00079286017
10181,59075,1.2259274e-05
10182,8273,0.060240556
10183,111417,2.4696956e-06
10184,108925,0.04587008
10185,71210,6.1634026e-05
10186,23596,0.0006208793
10187,5212,8.276121e-08
10188,110283,1.2637077e-05
10189,29767,6.078551e-10
10190,26030,0.0015156976
10191,76876,2.7199456e-12
10192,53877,0.0015693421
10193,90648,0.024684858
10194,32728,2.0589571e-13
10195,29188,0.0023937605
10196,28697,6.444141e-05
10197,38336,0.008845419
10198,75001,0.08830397
10199,52314,1.0146174e-14
10200,60760,1.5992007e-05
10201,35567,0.96950555
10202,40506,7.800088e-06
10203,7526,5.0099075e-08
10204,32831,9.70839e-07
10205,14410,8.272393e-06
10206,75263,0.0022298128
10207,24601,8.697616e-09
10208,73032,0.0012259773
10209,34951,0.009084299
10210,42055,2.721332e-07
10211,57314,3.1095015e-11
10212,73710,9.483398e-14
10213,13620,0.017533239
10214,84884,0.004739834
10215,64059,2.0906013e-11
10216,2249,0.003377015
10217,27580,3.3799446e-11
10218,89314,0.05216715
10219,47851,0.0007983909
10220,59784,0.07581729
10221,83914,0.07404922
10222,36,0.031758823
10223,49205,6.459584e-14
10224,20074,3.2797168e-12
10225,92339,0.08129233
10226,78370,0.008845419
10227,65816,5.3762524e-15
10228,79610,9.08011e-09
10229,7340,0.03531721
10230,58030,0.001458661
10231,11074,1.5347565e-05
10232,31187,3.198294e-07
10233,48710,4.5788826e-09
10234,21388,4.5938062e-09
10235,17270,2.8462818e-10
10236,108384,2.0586331e-11
10237,84678,2.1863154e-10
10238,19760,5.391196e-14
10239,67667,0.010597673
10240,9645,1.3329276e-06
10241,38064,9.243576e-05
10242,88593,2.5721477e-07
10243,30653,0.0013792627
10244,110723,2.7186392e-05
10245,38700,2.7195763e-09
10246,58480,1.7460132e-11
10247,110134,2.189065e-10
10248,18335,0.009115906
10249,4284,0.023629082
10250,68416,2.1887979e-10
10251,109711,0.000113064976
10252,76872,9.808675e-09
10253,42817,2.0577074e-06
10254,6,7.320474e-06
10255,58472,2.9435676e-11
10256,30956,0.0023937605
10257,81395,0.025916465
10258,103129,1.6866002e-07
10259,54005,0.017034432
10260,57285,5.5620417e-06
10261,17565,0.00027452194
10262,5302,0.0003842736
10263,5844,0.035981555
10264,58458,0.05047838
10265,22617,2.2602645e-10
10266,15901,4.7116e-08
10267,71902,0.008845419
10268,30733,2.091974e-14
10269,98200,0.010597673
10270,48374,0.0006500485
10271,11688,4.2348674e-06
10272,57284,4.8344284e-09
10273,55463,0.017311538
10274,71019,2.810094e-12
10275,82112,0.07581729
10276,50987,0.0020432167
10277,80242,1.4759185e-06
10278,45535,0.0009954225
10279,1613,0.0053352406
10280,18037,6.1412457e-18
10281,86603,0.01728862
10282,77056,0.009084299
10283,73166,0.0014628335
10284,89633,4.2960546e-06
10285,8243,0.000118710064
10286,104431,3.1368555e-07
10287,80187,3.6995395e-06
10288,22780,1.3221802e-05
10289,76897,0.009181562
10290,66511,1.0118249e-10
10291,61152,0.0036302214
10292,76980,0.001653347
10293,73415,0.019473488
10294,18175,0.019825885
10295,28840,0.0015156976
10296,17159,9.6166006e-11
10297,104448,0.017114835
10298,24655,0.062280994
10299,41124,1.1334572e-08
10300,85880,0.0023870617
10301,45889,3.7125494e-06
10302,1910,0.1639844
10303,91889,8.899578e-09
10304,59900,4.3243062e-06
10305,40182,0.0027400674
10306,18585,0.00028537368
10307,99693,6.406599e-11
10308,50225,6.624656e-05
10309,98712,0.007630734
10310,11276,2.1284898e-06
10311,95869,3.636235e-07
10312,72651,0.005869099
10313,86741,0.008845419
10314,48003,0.0055402275
10315,7643,0.0039379597
10316,114008,1.6098169e-05
10317,7641,0.017869916
10318,62568,0.04536966
10319,32115,3.3142837e-06
10320,6082,5.0125113e-06
10321,94803,0.008845419
10322,50634,2.7790686e-11
10323,72208,0.008845419
10324,88689,0.009689955
10325,111381,0.001458661
10326,22584,4.105252e-06
10327,97987,0.0023519874
10328,73530,6.059347e-07
10329,85301,0.00029062817
10330,58564,2.3648874e-09
10331,112485,0.033193946
10332,52891,0.010531615
10333,5909,0.0021644887
10334,60218,0.050893337
10335,86313,0.038200755
10336,90443,0.017093383
10337,80388,0.0070973393
10338,78416,0.010597673
10339,36508,0.00527508
10340,46421,0.0006208793
10341,33395,2.0848474e-11
10342,87056,3.860149e-08
10343,81510,1.248098e-05
10344,8328,0.007893683
10345,98779,1.6078682e-05
10346,73906,0.039752092
10347,61620,0.001458661
10348,43271,0.011426199
10349,96867,0.012729388
10350,48628,0.022237206
10351,85945,1.3626836e-11
10352,113587,0.039255198
10353,32530,1.1083161e-12
10354,11603,1.6317745e-07
10355,41602,0.0001141803
10356,50600,0.009084299
10357,36825,0.00036383036
10358,95759,0.05741278
10359,36210,1.8000634e-06
10360,64050,3.6653094e-10
10361,7699,2.6582716e-08
10362,46698,0.13849458
10363,70664,0.003682228
10364,65365,1.2462176e-05
10365,105535,0.032362238
10366,59149,0.008558585
10367,75098,9.957517e-06
10368,28387,0.024432875
10369,60446,0.0006084542
10370,81547,6.0287e-08
10371,88105,0.005869099
10372,24978,1.4394307e-06
10373,49518,0.017034432
10374,31808,0.008558585
10375,20689,0.011426199
10376,98683,0.08167636
10377,88545,5.547213e-07
10378,65016,3.5963595e-12
10379,48369,1.4832552e-08
10380,100087,0.043829076
10381,13948,0.03298039
10382,88223,1.5992511e-05
10383,53464,0.11469945
10384,111930,1.6349288e-05
10385,31492,1.9796642e-09
10386,41718,0.0004544684
10387,4861,3.246557e-07
10388,42224,8.325735e-05
10389,17890,2.8462818e-10
10390,53674,2.2064614e-10
10391,7586,0.00952741
10392,60580,3.520484e-11
10393,14270,4.9163628e-08
10394,41105,0.01609344
10395,100334,0.026535407
10396,111248,8.7443584e-07
10397,77262,2.4641994e-07
10398,25788,2.1798241e-10
10399,105283,3.4003167e-06
10400,104455,0.000120431825
10401,92065,7.380856e-08
10402,36807,1.19526715e-11
10403,69684,0.05047838
10404,107211,3.79497e-13
10405,90095,0.0055402275
10406,29472,0.017114835
10407,31719,0.008558585
10408,106839,0.0015137042
10409,21719,0.009166495
10410,1218,9.107516e-09
10411,10452,5.4086877e-06
10412,59902,0.00034335826
10413,42351,0.009166495
10414,42060,0.004344768
10415,9326,6.382106e-08
10416,81766,0.004684085
10417,49574,0.068451926
10418,7471,3.89433e-08
10419,109956,1.1223705e-06
10420,21191,0.0019963898
10421,82096,0.0109518785
10422,48462,0.008547773
10423,62202,1.3103844e-05
10424,15852,5.4220172e-06
10425,39215,0.008845419
10426,104728,0.06865799
10427,12057,0.00091632595
10428,47700,1.1907204e-05
10429,62843,0.009164828
10430,46553,0.005603552
10431,33068,3.3111636e-08
10432,115143,0.0014921338
10433,61815,1.0294722e-09
10434,80487,7.1386244e-09
10435,91141,0.0020144612
10436,4229,1.5492263e-07
10437,51331,0.0038989778
10438,78167,0.068451926
10439,104457,0.010597673
10440,50708,0.1395598
10441,4714,8.0910617e-10
10442,76518,4.255417e-11
10443,11715,6.379268e-09
10444,65695,7.717254e-12
10445,63642,1.0749601e-06
10446,80189,0.0037058424
10447,73412,0.001458661
10448,60281,1.381373e-08
10449,52164,1.0035742e-09
10450,64069,3.629611e-06
10451,42208,1.507722e-09
10452,100493,0.045750935
10453,28694,0.017074263
10454,97884,7.663064e-10
10455,95174,2.1441049e-11
10456,98733,0.00019718012
10457,39112,8.272995e-05
10458,109214,1.9275813e-10
10459,66426,9.483398e-14
10460,8122,6.6761083e-07
10461,70532,2.01562e-13
10462,24375,1.1345208e-09
10463,115180,0.000106986576
10464,34688,3.6167692e-12
10465,87487,0.0012177774
10466,101071,0.017093383
10467,51212,1.5948783e-05
10468,82774,9.885476e-12
10469,64666,0.0014177117
10470,115816,0.010597673
10471,54841,1.2755313e-06
10472,76526,0.05741278
10473,70017,0.007630734
10474,8249,1.4929687e-06
10475,102618,0.008904926
10476,108206,0.0023845648
10477,17336,2.9212615e-08
10478,89412,2.0895926e-11
10479,42247,0.034754902
10480,93704,0.032253224
10481,7477,2.987743e-08
10482,822,6.0066154e-06
10483,10557,7.7173866e-08
10484,64824,2.1887979e-10
10485,43429,0.010593114
10486,28300,0.0023024543
10487,2725,0.94213015
10488,110311,7.97068e-06
10489,49305,0.026666787
10490,1917,0.03500239
10491,88742,1.3400976e-10
10492,66831,3.816753e-06
10493,112380,6.1634026e-05
10494,62086,1.2452172e-05
10495,82752,0.0020144612
10496,65665,9.834048e-11
10497,77449,6.1634026e-05
10498,87099,0.03860591
10499,86290,9.483398e-14
10500,53644,6.1634026e-05
10501,4702,1.5542254e-06
10502,55669,0.0036302214
10503,71643,7.7869766e-10
10504,54488,0.051730532
10505,10266,4.417726e-07
10506,56319,0.005686457
10507,82696,0.0055402275
10508,97507,0.005616725
10509,5044,0.011864196
10510,89296,7.932292e-11
10511,52685,0.008298639
10512,38479,0.01599817
10513,88365,0.0037639884
10514,101534,0.062280994
10515,65503,3.5963595e-12
10516,111060,1.731296e-05
10517,55681,0.04380697
10518,38217,2.2605745e-06
10519,11364,0.035981555
10520,55369,2.0589571e-13
10521,30271,0.0010522492
10522,99295,7.0798237e-06
10523,94245,0.045421273
10524,50953,0.04980838
10525,35484,1.582765e-11
10526,70392,2.3735066e-07
10527,3573,0.0048265187
10528,94469,0.017093383
10529,102160,1.3973954e-15
10530,88807,0.009181562
10531,78243,0.001458661
10532,52632,2.4686992e-07
10533,11898,1.6417737e-15
10534,90474,0.08129233
10535,51216,1.2725863e-10
10536,52936,0.00010588457
10537,102652,2.521666e-10
10538,99613,4.63927e-08
10539,46914,0.008845419
10540,44634,0.005603552
10541,16741,1.1904977e-08
10542,58759,0.05047838
10543,10462,0.018774
10544,64115,1.600267e-05
10545,81610,2.0895059e-06
10546,29676,0.009084299
10547,47425,0.0085101
10548,55440,0.0033481172
10549,92808,0.008083573
10550,78741,0.005603552
10551,23611,0.010593114
10552,37871,1.7827572e-06
10553,2194,0.00014214597
10554,50683,0.011426199
10555,97985,0.039851364
10556,86942,0.00068211433
10557,81495,0.022237206
10558,103372,9.811415e-11
10559,5632,6.808699e-08
10560,89622,0.010597673
10561,4084,0.00859817
10562,93956,5.2334238e-11
10563,76529,0.0046549067
10564,61346,4.5191366e-09
10565,103034,3.3177066e-12
10566,11147,0.005537089
10567,76663,5.6654622e-11
10568,92296,1.5942138e-05
10569,76064,1.248098e-05
10570,55064,0.4266748
10571,115067,0.0002613049
10572,80668,0.0007983909
10573,90454,0.05741278
10574,62940,0.0002215978
10575,107169,0.008454252
10576,70618,7.173843e-12
10577,2575,0.26456806
10578,62463,1.2452172e-05
10579,72667,0.024849257
10580,112388,1.5804662e-07
10581,58796,0.0038083005
10582,109235,0.042333726
10583,61591,0.010586334
10584,4231,1.2475624e-11
10585,96487,8.214974e-08
10586,66170,1.7581783e-10
10587,108486,0.017114835
10588,39274,0.009166495
10589,50915,0.008845419
10590,47727,3.1058683e-11
10591,113462,0.07677293
10592,46393,5.488822e-10
10593,92820,6.9555945e-08
10594,66106,1.2359227e-07
10595,12412,3.7622408e-10
10596,84796,0.00818025
10597,11502,1.1258712e-07
10598,11578,0.009896677
10599,42388,5.7546565e-08
10600,54315,0.017034432
10601,70553,0.010597673
10602,34271,2.0848474e-11
10603,26797,0.00014299605
10604,21038,1.0498229e-05
10605,3295,7.787925e-07
10606,9760,2.1639643e-08
10607,97580,1.6078682e-05
10608,8047,7.922759e-05
10609,83186,4.5120218e-05
10610,110613,0.009050281
10611,88054,0.006562863
10612,95114,0.017093383
10613,81359,0.009067895
10614,79087,2.7559432e-11
10615,73999,0.0020144612
10616,54494,0.011426199
10617,10601,4.5016768e-05
10618,43543,0.005603552
10619,106470,0.007004306
10620,38812,4.364182e-11
10621,93209,0.031891707
10622,55027,3.8174124e-07
10623,4844,0.017034432
10624,51403,5.2334238e-11
10625,5805,0.0055553857
10626,64367,8.848962e-06
10627,56542,0.002212002
10628,44365,1.1486739e-07
10629,62871,0.024432875
10630,61464,3.3162893e-12
10631,48094,0.0008775778
10632,93175,0.02662436
10633,42538,6.459584e-14
10634,14136,2.4554213e-11
10635,38762,0.00012038292
10636,59478,0.05137095
10637,82960,0.008395921
10638,69064,1.5198728e-08
10639,81831,6.1634026e-05
10640,33579,0.00698014
10641,13145,5.294914e-10
10642,103551,1.3217473e-07
10643,25970,5.399962e-06
10644,33808,0.017114835
10645,104284,0.017114835
10646,11518,2.652243e-06
10647,15060,6.889917e-12
10648,92225,2.7630015e-11
10649,11658,1.1904977e-08
10650,108458,4.3174776e-11
10651,108643,1.2602031e-05
10652,69601,2.6221375e-10
10653,17846,1.8203812e-09
10654,70281,2.1897918e-10
10655,102451,0.013579231
10656,92060,0.007630734
10657,5898,0.006396192
10658,75376,0.017440932
10659,11163,1.9866418e-05
10660,56393,0.0038083005
10661,74416,4.95223e-08
10662,31895,0.0015137042
10663,60316,0.017034432
10664,48546,0.00011763776
10665,64769,0.0023870617
10666,38261,2.9457329e-13
10667,74319,0.0020144612
10668,66032,1.2462176e-05
10669,42869,2.228546e-08
10670,105060,0.039851364
10671,95698,2.1848916e-12
10672,29876,0.0036621022
10673,62437,0.05741278
10674,12658,0.038605433
10675,105506,0.0005829531
10676,89722,0.068603046
10677,79432,2.0493982e-08
10678,46118,0.0002327039
10679,10530,6.119432e-09
10680,19914,2.0128551e-08
10681,61642,0.0807709
10682,36651,0.009166495
10683,19972,1.900443e-07
10684,34243,2.5789113e-10
10685,84706,0.04787555
10686,18761,0.011627808
10687,105874,0.000104393155
10688,42048,1.7935228e-06
10689,74027,3.5853577e-07
10690,76899,0.009181562
10691,91414,0.009181562
10692,25123,0.009166495
10693,73277,3.9719946e-08
10694,60146,0.042838734
10695,59238,0.0005914476
10696,28858,0.00017506054
10697,15875,2.56165e-10
10698,76203,0.0020144612
10699,83709,0.046436626
10700,51696,1.450758e-10
10701,22577,0.03239536
10702,81433,1.5223095e-12
10703,79268,8.3761975e-09
10704,41106,0.0048456895
10705,102183,0.017093383
10706,108700,0.028758163
10707,75227,0.001458661
10708,73768,0.0008145374
10709,12465,1.0061047e-08
10710,76629,3.9268592e-11
10711,98660,0.0032738037
10712,73751,0.0035335503
10713,2601,0.00013743638
10714,107272,1.2378509e-08
10715,3504,0.054712385
10716,12152,0.06796212
10717,43774,0.007863321
10718,53094,6.1634026e-05
10719,78978,2.3926314e-05
10720,25867,2.157038e-11
10721,45911,0.0007878434
10722,45831,0.00036383036
10723,1332,0.013886908
10724,105254,6.4076185e-06
10725,22823,0.017034432
10726,88707,2.17885e-07
10727,90304,0.0046549067
10728,42525,0.0004611632
10729,72606,6.1634026e-05
10730,26202,0.003510634
10731,3549,0.0048265187
10732,24962,1.4704078e-08
10733,39676,3.572002e-08
10734,114631,0.034186274
10735,60714,0.017034432
10736,49937,0.008558585
10737,96201,0.0007983909
10738,34153,4.4226454e-07
10739,54748,0.009084299
10740,75193,5.5779864e-12
10741,38428,0.0015156976
10742,43323,7.462277e-12
10743,113761,0.00012456151
10744,79414,7.580349e-06
10745,2706,0.0030802728
10746,44883,1.5573069e-06
10747,60819,0.0020144612
10748,34995,9.469907e-08
10749,88824,0.007630734
10750,86214,0.04536966
10751,109473,0.0010036927
10752,76567,0.018907836
10753,59267,7.611838e-12
10754,58952,0.52203083
10755,81715,1.00239525e-10
10756,40495,0.04092039
10757,59615,0.0018907001
10758,110592,0.05216715
10759,97957,0.050779287
10760,66236,1.7017602e-09
10761,56386,0.00012038292
10762,26232,0.03239536
10763,101340,0.000121719226
10764,81492,0.0020144612
10765,73494,0.009181562
10766,39333,1.1119424e-05
10767,104529,1.0962761e-11
10768,89535,7.611838e-12
10769,62010,0.024432875
10770,31732,0.005603552
10771,109477,0.019854529
10772,114798,0.000106986576
10773,46833,4.3253104e-10
10774,36568,1.1535111e-06
10775,94810,0.034448393
10776,63028,6.1634026e-05
10777,25160,0.009166495
10778,88471,0.05741278
10779,99396,6.1634026e-05
10780,25528,7.1795096e-12
10781,5902,2.249235e-06
10782,2595,0.03454235
10783,47040,9.1439016e-11
10784,52827,2.898342e-14
10785,13105,0.000104866675
10786,115924,0.001458661
10787,18765,1.4267393e-07
10788,13912,0.00012321562
10789,79543,0.007630734
10790,108514,1.6053938e-05
10791,9100,3.5973817e-12
10792,94930,0.008845419
10793,25876,7.1795096e-12
10794,76210,1.8972353e-08
10795,56332,0.05741278
10796,1624,7.5816647e-06
10797,112641,1.2310966e-06
10798,39484,7.462277e-12
10799,81810,0.0004977721
10800,115477,0.010531615
10801,54318,4.1646991e-10
10802,37243,0.009166495
10803,22875,2.9326538e-13
10804,42564,0.017074263
10805,9698,0.033731423
10806,113933,3.7691433e-10
10807,32501,0.0005076005
10808,3008,0.003879682
10809,91790,0.0020144612
10810,43192,1.8631607e-07
10811,41950,0.0024387143
10812,23698,2.5405954e-05
10813,45263,0.0013553158
10814,18875,1.3140003e-07
10815,81786,0.001458661
10816,49799,1.5948783e-05
10817,42007,2.6774915e-06
10818,775,1.952239e-09
10819,71195,4.5120218e-05
10820,52299,1.760321e-08
10821,83549,6.21039e-06
10822,71332,0.05741278
10823,48805,0.0009831698
10824,13716,2.0402841e-11
10825,65731,0.0011165098
10826,14417,4.746891e-14
10827,20997,1.2132981e-11
10828,46710,0.11469945
10829,114308,0.007004306
10830,72841,0.0009854129
10831,10919,6.1558006e-07
10832,45232,0.00829756
10833,32416,0.017114835
10834,24077,3.3676256e-06
10835,55287,1.9714153e-10
10836,47049,0.0035680751
10837,9551,3.89433e-08
10838,110766,4.0994217e-09
10839,51408,0.0022284968
10840,33412,0.017114835
10841,15236,0.00011332836
10842,22153,0.009166495
10843,66432,1.2462176e-05
10844,57296,3.8189782e-07
10845,3734,1.3238047e-15
10846,55238,9.314856e-07
10847,24293,0.016795654
10848,64484,6.6895445e-10
10849,28044,5.6434607e-11
10850,44067,0.007630734
10851,6318,0.013781839
10852,26292,0.005603552
10853,85108,3.5963595e-12
10854,22275,2.7118704e-06
10855,8287,2.0212035e-08
10856,78007,2.295216e-09
10857,22554,2.8392602e-10
10858,103255,7.723845e-06
10859,35218,2.662915e-08
10860,75711,0.01609576
10861,19294,7.35797e-09
10862,12052,7.4951455e-15
10863,114877,0.0010498271
10864,58376,0.017440932
10865,54739,0.007630734
10866,4273,3.246557e-07
10867,45505,0.0019963898
10868,50215,0.008558585
10869,7813,6.426471e-08
10870,67466,0.009181562
10871,101439,0.08167636
10872,103589,0.07677293
10873,87267,3.1083146e-05
10874,67425,8.76387e-05
10875,10392,3.7956345e-06
10876,18338,4.206121e-11
10877,67781,3.5185926e-10
10878,87175,0.0023865474
10879,58971,0.0046549067
10880,3,0.00038691505
10881,66132,5.578781e-13
10882,101232,0.0037880566
10883,92250,1.4036543e-07
10884,22672,0.059927102
10885,70224,0.005616725
10886,103227,2.810094e-12
10887,80429,0.024533123
10888,91761,0.05741278
10889,63998,0.0011165098
10890,7694,0.033731423
10891,97868,3.94967e-06
10892,16017,2.56165e-10
10893,57318,0.01599817
10894,39893,0.03239536
10895,90715,0.007859338
10896,22329,0.0004981336
10897,18896,0.017034432
10898,57309,0.0022382287
10899,16683,0.022777947
10900,68052,2.1887979e-10
10901,104690,3.5661765e-06
10902,10744,0.032512687
10903,7407,0.017281346
10904,35018,1.6201287e-08
10905,67756,0.0050440403
10906,115706,5.3561e-11
10907,115414,0.0047153607
10908,26964,0.010531615
10909,104109,0.028163206
10910,73856,0.043205634
10911,13695,4.2757193e-13
10912,18224,4.075456e-13
10913,97407,0.024684858
10914,111965,1.814062e-06
10915,80743,1.7755464e-11
10916,33413,0.06865799
10917,93668,7.336364e-08
10918,48694,2.1887979e-10
10919,100860,0.002817257
10920,100152,0.009184932
10921,91841,3.496005e-05
10922,53488,7.360652e-07
10923,3062,0.0036787204
10924,67612,0.05741278
10925,69049,0.012873361
10926,115214,0.02440206
10927,26414,0.017074263
10928,82756,0.00022399398
10929,44417,1.9166167e-07
10930,45655,0.0013154529
10931,64888,2.5610479e-11
10932,114758,1.0377651e-11
10933,42149,3.381826e-12
10934,107933,0.024022058
10935,20731,8.81758e-09
10936,74796,0.004276007
10937,75188,0.0009854129
10938,26950,0.01076988
10939,29133,0.0073023727
10940,52355,0.00031359433
10941,89575,0.010597673
10942,112348,0.00027175946
10943,92916,0.0005866832
10944,113611,2.4019548e-06
10945,68611,0.032368287
10946,2778,4.8825345e-06
10947,96817,0.010597673
10948,39825,2.6930259e-06
10949,11816,2.8527427e-11
10950,85497,0.00079956837
10951,2051,0.0028128948
10952,56403,0.0080523295
10953,85836,0.00023370984
10954,90944,6.1634026e-05
10955,51380,0.009084299
10956,40245,0.031758823
10957,75866,2.7199456e-12
10958,4678,4.327314e-06
10959,70191,0.010597673
10960,112369,6.548486e-05
10961,60920,0.0005866832
10962,51923,0.0002784047
10963,34989,0.00012867099
10964,43441,0.010593114
10965,72947,0.009181562
10966,109656,0.009184932
10967,58424,0.00054305646
10968,1652,3.6256288e-06
10969,78801,4.460964e-08
10970,68606,0.009181562
10971,100292,1.5045617e-07
10972,85711,0.02742935
10973,28648,0.00012038292
10974,87131,1.111003e-14
10975,23464,2.8228487e-11
10976,27120,9.1823097e-07
10977,40216,0.07375868
10978,60901,0.03175226
10979,115420,7.2105243e-12
10980,80746,0.009181562
10981,2463,1.1920459e-06
10982,65874,2.1887979e-10
10983,76285,0.0020144612
10984,44244,1.1907204e-05
10985,31185,0.00027617818
10986,104100,1.14741034e-07
10987,41357,4.325662e-15
10988,75201,0.0014509656
10989,2695,2.1647983e-08
10990,42362,1.3248691e-10
10991,26821,0.1016414
10992,86482,0.21637648
10993,12078,0.0075926143
10994,75850,0.0014187942
10995,22016,1.2335053e-11
10996,59964,6.76121e-05
10997,65171,5.2586185e-11
10998,39896,0.009452367
10999,43812,6.044187e-05
11000,37209,0.0007983909
11001,20561,1.1083856e-09
11002,70743,0.0020144612
11003,15145,0.0059808404
11004,28190,2.9833142e-05
11005,43357,0.0055402275
11006,25457,0.011191711
11007,61412,0.008515424
11008,76117,4.5120218e-05
11009,36620,0.06371157
11010,38532,5.4442684e-14
11011,95518,0.05753619
11012,47949,0.0036406247
11013,26448,2.9158176e-07
11014,70228,2.7876658e-07
11015,15544,0.0064440104
11016,98029,7.70756e-08
11017,84105,0.005363385
11018,103827,0.004927502
11019,90617,0.04536966
11020,115972,0.0010327322
11021,60408,4.4783106e-09
11022,24577,0.005603552
11023,21155,0.004684085
11024,99203,0.009184932
11025,86021,9.819075e-05
11026,51791,0.017034432
11027,103815,6.239886e-10
11028,10577,9.859782e-06
11029,60102,9.3261265e-09
11030,9810,0.00011339689
11031,42035,0.00012038292
11032,35868,0.02662436
11033,52694,0.0018168497
11034,86042,9.666063e-08
11035,93036,1.1717695e-05
11036,54924,0.007630734
11037,47001,0.0036498394
11038,82617,0.05741278
11039,86128,0.028758163
11040,93129,3.8591816e-07
11041,6651,0.009896677
11042,11476,0.008618249
11043,83683,1.2281816e-10
11044,22365,3.0695514e-17
11045,84386,0.0020144612
11046,50241,0.008452738
11047,78154,0.033285875
11048,24094,1.0204025e-07
11049,53614,0.015370219
11050,113955,0.006449025
11051,93685,4.1607805e-08
11052,38296,2.5550682e-13
11053,63031,0.05741278
11054,112539,2.2317212e-10
11055,41580,0.009166495
11056,19561,0.024432875
11057,46029,1.880915e-10
11058,63462,0.00081152475
11059,58922,0.004344768
11060,7896,0.009166495
11061,88874,0.0055402275
11062,22026,0.015697025
11063,62136,0.01599817
11064,15690,1.2905918e-10
11065,111419,9.288298e-07
11066,107438,0.00026335605
11067,49029,0.010531615
11068,37131,0.02431595
11069,45728,4.077153e-12
11070,105355,6.1634026e-05
11071,21261,1.2608241e-08
11072,105959,0.05216715
11073,83056,1.3647002e-10
11074,87141,0.024684858
11075,16041,4.075456e-13
11076,29696,0.009084299
11077,106351,0.09043537
11078,79171,3.5588904e-08
11079,57390,4.702081e-05
11080,82793,2.6718192e-11
11081,115054,1.4533365e-10
11082,26444,0.010593114
11083,81370,0.0058029746
11084,32998,0.06420567
11085,115346,0.0006145053
11086,21706,0.0002430219
11087,100561,0.031891707
11088,104030,0.057786837
11089,21532,0.0048054815
11090,113547,1.1970713e-05
11091,89884,1.8599228e-07
11092,13529,2.2228094e-05
11093,90660,5.062796e-05
11094,68830,1.0705837e-09
11095,75906,0.00063523813
11096,24370,0.010593114
11097,10130,2.1639643e-08
11098,13167,8.109794e-07
11099,71859,0.023193115
11100,10887,4.388514e-06
11101,31749,0.002766781
11102,79761,0.025916465
11103,85676,1.7777109e-12
11104,69206,0.017034432
11105,74626,4.5322384e-05
11106,103757,1.8535407e-06
11107,83425,0.27772957
11108,75831,0.0016385948
11109,88999,1.2452172e-05
11110,70624,0.07103359
11111,55983,9.699963e-10
11112,60015,0.0023870617
11113,1353,1.4624286e-11
11114,24058,2.8102603e-12
11115,3371,2.1284898e-06
11116,52837,0.024107663
11117,61899,0.00091310084
11118,29578,1.0700509e-09
11119,65798,0.04886534
11120,105354,0.004843005
11121,21289,4.1013713e-08
11122,55633,0.01390759
11123,29553,0.0036621022
11124,58198,7.2105243e-12
11125,82597,0.00038628338
11126,20235,2.31467e-06
11127,78048,0.017034432
11128,96982,0.005616725
11129,59540,0.051730532
11130,8602,1.1445386e-05
11131,88129,6.127007e-06
11132,51181,5.2334238e-11
11133,105985,9.559948e-10
11134,104066,2.8124857e-12
11135,59602,0.14655237
11136,19402,0.009115906
11137,55326,0.07103359
11138,18919,2.1369628e-06
11139,92021,1.7876813e-11
11140,39787,0.00019264879
11141,109399,3.6373837e-09
11142,59830,0.14739293
11143,44834,0.0023995372
11144,48334,0.0028338716
11145,12615,6.8747656e-09
11146,111790,6.1634026e-05
11147,89064,0.0060525606
11148,43828,0.09257117
11149,1422,5.9230733e-05
11150,100543,1.4498985e-06
11151,17290,1.1301341e-13
11152,47491,0.00015494735
11153,35121,0.0073576616
11154,69779,0.05741278
11155,13915,0.028758163
11156,96879,0.00053932745
11157,83466,2.2659166e-12
11158,39948,0.010593114
11159,62290,0.0014187942
11160,50917,0.008845419
11161,16321,7.0763416e-14
11162,25258,0.03239536
11163,45426,0.024432875
11164,45898,4.4135173e-16
11165,46709,0.017114835
11166,36590,0.8392091
11167,18538,2.4355534e-13
11168,91709,6.851285e-08
11169,98810,8.079148e-05
11170,105057,0.017114835
11171,22550,1.2742967e-05
11172,14983,2.3905968e-09
11173,42020,0.0016325784
11174,7279,0.001142084
11175,44246,3.1895632e-14
11176,39617,0.009166495
11177,63095,0.0052112807
11178,60632,0.0008775778
11179,113847,0.00039115443
11180,87236,2.2907918e-07
11181,101435,0.009184932
11182,106169,1.4322263e-11
11183,101378,0.00466948
11184,55587,0.003682228
11185,83603,0.015377235
11186,16034,3.9282846e-10
11187,78841,2.8532026e-09
11188,15841,6.181176e-11
11189,82121,1.0962761e-11
11190,79527,0.008845419
11191,16260,2.6213044e-16
11192,7829,1.1372144e-08
11193,39608,0.0026337989
11194,105637,0.030566067
11195,97735,9.744857e-10
11196,31048,6.343027e-09
11197,91366,4.1158898e-13
11198,64919,0.108627215
11199,64719,2.662587e-10
11200,50778,0.072973624
11201,96900,0.00036751843
11202,69161,7.508138e-11
11203,112925,0.014298061
11204,70041,1.2259274e-05
11205,11455,0.009896677
11206,15252,1.694383e-08
11207,57756,0.00015052146
11208,103220,9.293368e-08
11209,54967,1.13440825e-13
11210,90224,0.0006084542
11211,43045,0.00829756
11212,37308,2.5199906e-08
11213,47737,0.0023893428
11214,78740,1.7573537e-10
11215,54094,1.7021207e-09
11216,23861,5.2975985e-11
11217,14497,0.00023591841
11218,6078,1.5894069e-06
11219,36799,1.7714398e-11
11220,109694,0.0015704078
11221,93369,0.05216715
11222,18412,0.08857281
11223,92946,3.818975e-13
11224,44360,0.027574962
11225,7677,0.0055553857
11226,79816,0.017034432
11227,33868,7.397548e-07
11228,39750,0.01599817
11229,76860,4.650002e-05
11230,30756,0.00024124728
11231,101903,1.6652805e-06
11232,7934,4.2089946e-06
11233,5404,0.012143771
11234,95807,0.024684858
11235,27717,5.8689622e-08
11236,2919,0.0048265187
11237,75803,0.01609576
11238,7328,1.8695396e-06
11239,33300,6.1713126e-12
11240,65363,1.2531114e-08
11241,70979,6.1634026e-05
11242,49601,0.049974177
11243,52670,0.0020144612
11244,102146,1.111003e-14
11245,23557,1.8173039e-07
11246,63635,0.15955041
11247,3228,1.2994033e-06
11248,43514,0.034754902
11249,112670,0.00063020864
11250,79520,0.011426199
11251,112338,4.5120218e-05
11252,31315,0.032311134
11253,62331,0.009115906
11254,92364,0.05741278
11255,79146,0.0023865746
11256,101668,4.3018128e-10
11257,85424,3.9950162e-08
11258,85655,0.0020144612
11259,34942,0.008558585
11260,40914,0.8147112
11261,113880,0.017114835
11262,15460,9.7665195e-17
11263,45338,0.015370219
11264,26432,0.03239536
11265,106859,0.009184932
11266,111627,0.07469655
11267,65182,1.2462176e-05
11268,97209,0.05769793
11269,97435,0.004355834
11270,43356,0.007863321
11271,84672,0.004344768
11272,82275,3.982219e-16
11273,50757,0.008845419
11274,20768,1.9551643e-09
11275,59023,1.3892435e-09
11276,15829,0.0055650617
11277,24253,0.010593114
11278,91534,0.03468771
11279,94986,6.1634026e-05
11280,94959,4.2211926e-07
11281,28916,0.0021472822
11282,3273,0.033731423
11283,80607,0.017034432
11284,17364,2.1998714e-11
11285,23356,0.017034432
11286,80812,0.0015021568
11287,20302,0.0014072767
11288,90802,8.76387e-05
11289,10126,0.05050802
11290,52612,0.05137095
11291,57392,0.00012075725
11292,84245,0.009181562
11293,46012,0.0002087937
11294,16832,5.6898545e-13
11295,105719,0.00024531147
11296,57910,0.0014621086
11297,3311,0.017869916
11298,46901,1.4348335e-07
11299,38578,4.1815614e-08
11300,111692,0.0006483078
11301,10286,0.009896677
11302,61657,7.127162e-11
11303,109250,0.00053932745
11304,107989,8.853226e-08
11305,29504,0.009084299
11306,7721,0.0019061764
11307,105822,1.4836903e-09
11308,16246,1.1012399e-09
11309,62389,1.111003e-14
11310,11457,7.02916e-08
11311,102985,3.0865235e-10
11312,59743,5.748879e-14
11313,77479,2.2463034e-08
11314,55755,0.00079286017
11315,76704,0.009181562
11316,18629,5.3495228e-08
11317,92001,0.011184035
11318,106215,2.512502e-06
11319,71852,0.05741278
11320,63974,1.2452172e-05
11321,76466,0.051730532
11322,3539,0.009881465
11323,19711,5.294876e-13
11324,74365,0.017034432
11325,100201,0.04270712
11326,18635,1.352661e-06
11327,46391,2.073979e-08
11328,43957,0.1639844
11329,26132,9.330646e-09
11330,66858,1.1085095e-14
11331,68080,0.030569442
11332,92670,0.039752092
11333,34485,0.024107663
11334,26017,0.0022385484
11335,105999,6.1634026e-05
11336,113780,1.3528918e-11
11337,38119,0.024432875
11338,77492,2.0471056e-07
11339,111190,0.007337851
11340,44860,0.007630734
11341,84248,0.0022697179
11342,74595,7.361068e-10
11343,78822,1.2259274e-05
11344,45187,0.009166495
11345,69312,0.0020144612
11346,57905,0.032544143
11347,25779,2.059501e-11
11348,80061,2.8056686e-06
11349,3510,7.320474e-06
11350,43661,4.3553675e-11
11351,36945,0.03239536
11352,2836,0.009881465
11353,102306,0.0046549067
11354,11656,0.00029237266
11355,37498,6.5458386e-07
11356,8561,1.5835252e-05
11357,75628,7.0726895e-09
11358,26471,1.1899759e-11
11359,41107,0.08256352
11360,108798,0.073368184
11361,77522,0.03656999
11362,88953,0.024684858
11363,10113,2.1639643e-08
11364,88458,0.017093383
11365,33756,0.0013792627
11366,21265,0.008267156
11367,25617,0.009166495
11368,77335,0.01347337
11369,74166,0.0005866832
11370,56251,0.010531615
11371,114070,6.1634026e-05
11372,46512,0.00046877004
11373,107841,0.043829076
11374,43926,3.2315986e-06
11375,4582,1.3395784e-06
11376,9717,7.787925e-07
11377,50476,2.0433015e-06
11378,47176,0.00043253618
11379,42017,0.005603552
11380,72466,0.0006084542
11381,26624,0.017074263
11382,15712,0.030763503
11383,37546,0.017074263
11384,62849,0.01728862
11385,100344,0.0014177117
11386,6656,7.787925e-07
11387,83219,3.2591533e-06
11388,42662,7.2646493e-09
11389,74918,0.0060525606
11390,40575,1.1946875e-06
11391,35136,0.00056550605
11392,25929,3.870271e-08
11393,70771,0.05047838
11394,9160,1.8409508e-09
11395,11809,4.326104e-13
11396,17958,0.038605433
11397,15011,0.00033362463
11398,105080,0.0006084542
11399,115642,2.1057396e-08
11400,5417,0.03454235
11401,110351,3.3196054e-12
11402,110965,0.0020207777
11403,69819,1.6680893e-07
11404,28528,1.7457384e-09
11405,45429,0.004344768
11406,91785,0.0020144612
11407,64001,3.113472e-11
11408,88237,0.00038847717
11409,101216,4.391975e-07
11410,76493,1.0010904e-10
11411,104113,0.0020207777
11412,67316,0.023193115
11413,61378,7.932292e-11
11414,79798,0.017093383
11415,59547,0.05741278
11416,103675,0.017114835
11417,54321,1.3130627e-05
11418,52968,9.113323e-08
11419,92040,0.0017176691
11420,52572,0.0020144612
11421,39192,4.364182e-11
11422,70223,0.032368287
11423,55844,0.017034432
11424,10197,0.009896677
11425,23648,0.00061194017
11426,74996,0.007630734
11427,20832,0.0059119686
11428,100608,1.9529646e-06
11429,51134,1.2210568e-11
11430,114271,0.0020207777
11431,87450,8.4390145e-08
11432,6268,6.808699e-08
11433,40239,0.0006208793
11434,22089,8.0165766e-17
11435,7059,8.7773635e-08
11436,85520,0.0020144612
11437,41305,1.1607574e-05
11438,2286,0.50000733
11439,14093,0.008845419
11440,63625,0.0022697179
11441,111092,0.049592495
11442,110720,0.020982333
11443,65347,0.0023870617
11444,94328,0.0009549791
11445,110190,1.5531747e-05
11446,55406,2.0848474e-11
11447,20826,0.0006101255
11448,81161,0.005616725
11449,9925,1.213978e-06
11450,13951,0.01599817
11451,114983,2.0849346e-07
11452,98349,0.000121719226
11453,33387,0.017034432
11454,73411,0.001458661
11455,3496,6.6761083e-07
11456,46802,2.5870282e-08
11457,106987,0.003822522
11458,102811,0.0026570077
11459,16278,0.051730532
11460,43773,0.03239536
11461,21428,0.0037922664
11462,21298,2.9323852e-13
11463,74370,0.0020144612
11464,62874,0.010888648
11465,102406,1.8007077e-09
11466,71119,0.017034432
11467,33315,1.207565e-05
11468,59673,0.018942418
11469,69689,0.033792887
11470,25007,0.0005368607
11471,49950,0.00012038292
11472,97366,4.3848337e-05
11473,77148,0.0006500485
11474,41679,0.010593114
11475,5440,1.3558008e-06
11476,13109,1.3238047e-15
11477,71418,0.030561572
11478,92918,1.1969215e-06
11479,87125,1.3304506e-07
11480,27452,7.2105243e-12
11481,21775,0.03239536
11482,11491,0.0002657801
11483,53666,0.0020144612
11484,86569,0.040477555
11485,58377,6.7507696e-15
11486,62142,0.0007983909
11487,4577,0.032512687
11488,73874,0.007859338
11489,19842,2.1243974e-12
11490,101887,0.002015717
11491,63696,0.033295583
11492,66316,0.00055804336
11493,114484,0.009084299
11494,45267,0.0085101
11495,67039,0.05741278
11496,5159,3.0695514e-17
11497,110422,0.006185725
11498,369,0.000783257
11499,35245,0.004344768
11500,29086,0.009084299
11501,11713,0.009896677
11502,40490,0.038004804
11503,67185,0.0023894135
11504,25689,4.421341e-14
11505,85759,4.675853e-08
11506,105265,1.6053938e-05
11507,94215,6.403612e-05
11508,91349,0.007004306
11509,65523,6.5577815e-06
11510,106759,0.03468771
11511,28368,6.0197977e-05
11512,88095,0.0046524927
11513,72280,0.032368287
11514,43118,0.0010802648
11515,2805,0.017869916
11516,86680,3.8910442e-10
11517,112071,7.686594e-12
11518,56630,0.05741278
11519,44801,0.008845419
11520,62369,0.0046549067
11521,42866,7.1795096e-12
11522,114649,3.3235903e-12
11523,77051,1.1955487e-09
11524,107427,0.057786837
11525,21617,0.18751608
11526,111303,0.005295385
11527,29292,7.2105243e-12
11528,102344,1.6078682e-05
11529,114598,5.8390744e-11
11530,25772,1.5930503e-11
11531,61026,0.025916465
11532,613,1.0957586e-13
11533,14278,0.017034432
11534,101895,0.05474447
11535,76131,1.0385007e-09
11536,1292,8.220372e-07
11537,64355,3.78415e-09
11538,98734,0.0020144612
11539,11863,2.4619607e-07
11540,7543,0.003688102
11541,47328,0.03239536
11542,16941,0.00052059046
11543,18196,7.084365e-10
11544,8954,1.8650823e-06
11545,22629,8.879588e-09
11546,31560,2.091974e-14
11547,10539,0.016854424
11548,19510,0.017034432
11549,65552,7.717254e-12
11550,47412,0.017074263
11551,33702,7.773164e-17
11552,70473,0.00027174962
11553,68630,0.05741278
11554,35759,0.068451926
11555,44835,1.3727156e-16
11556,111514,2.6748733e-06
11557,25093,0.0006935119
11558,5582,4.2359957e-08
11559,114479,0.05216715
11560,89186,0.0035335503
11561,38508,0.00027617818
11562,81189,0.011426199
11563,36874,0.0025068019
11564,78668,0.017440932
11565,20730,3.9042854e-07
11566,57470,0.01599817
11567,10334,1.2777424e-06
11568,109093,3.632568e-06
11569,63140,0.034754902
11570,92277,6.1634026e-05
11571,26853,0.010593114
11572,110227,0.007630734
11573,53070,2.252652e-09
11574,80526,5.2479073e-11
11575,23174,2.0805172e-11
11576,4810,0.017869916
11577,60474,0.0059808404
11578,16867,2.56165e-10
11579,92528,0.032368287
11580,20342,0.15124272
11581,39872,1.0146174e-14
11582,13703,0.032512687
11583,115906,0.0033682704
11584,69603,0.0036406247
11585,39014,0.03468771
11586,8204,0.0019061764
11587,104792,0.0001333109
11588,74221,0.0807709
11589,75659,0.017034432
11590,31770,0.008298639
11591,7579,0.060240556
11592,106715,0.017114835
11593,55020,0.008558585
11594,103605,0.057786837
11595,37979,5.870087e-10
11596,78423,0.0023870617
11597,67737,1.9902669e-07
11598,96208,6.1634026e-05
11599,90672,3.860149e-08
11600,34465,0.051730532
11601,114517,5.2115943e-06
11602,13520,4.658171e-13
11603,41567,0.00015113299
11604,97174,0.0048456895
11605,8662,6.713325e-08
11606,100843,0.022237206
11607,106619,0.07667974
11608,98742,1.7541737e-12
11609,22002,0.015103332
11610,105875,3.6141942e-10
11611,88346,1.218809e-07
11612,86968,0.0006483078
11613,112667,0.006041337
11614,106572,2.1868116e-10
11615,107398,0.00026335605
11616,4653,1.3318412e-06
11617,89017,0.00029282513
11618,96256,0.005616725
11619,69546,7.173843e-12
11620,71620,0.111877225
11621,21351,9.397034e-08
11622,65563,1.2896055e-13
11623,85630,0.00031359433
11624,2499,0.0048265187
11625,63593,1.5850776e-06
11626,24537,3.6534786e-10
11627,29328,0.009084299
11628,39922,0.038612682
11629,69368,0.0020144612
11630,24359,2.9374962e-13
11631,82097,0.0051868777
11632,105771,0.05216715
11633,102265,4.472594e-07
11634,89415,0.042838734
11635,13085,1.0449179e-10
11636,62784,2.810094e-12
11637,88247,0.00029969745
11638,56373,0.015136308
11639,45195,0.0120286625
11640,30048,0.010934852
11641,97337,4.1171017e-08
11642,48124,6.1634026e-05
11643,26156,0.051730532
11644,65089,7.9380585e-11
11645,16131,2.6213044e-16
11646,70495,0.1016414
11647,69577,0.09043537
11648,88743,0.042838734
11649,71638,0.0007637882
11650,33805,0.0055402275
11651,60203,0.01599817
11652,11819,9.935746e-07
11653,46014,0.1639844
11654,29351,0.034754902
11655,46294,1.5672371e-11
11656,100135,0.00029371007
11657,98069,2.2258173e-05
11658,63676,3.782695e-11
11659,83139,0.011426199
11660,45754,0.005603552
11661,61739,3.0833222e-10
11662,62800,0.073368184
11663,12694,1.9703963e-10
11664,112658,0.006041337
11665,86881,9.943727e-11
11666,16669,1.3200932e-15
11667,89096,1.6025318e-05
11668,5599,3.4301409e-06
11669,6864,0.017869916
11670,56702,0.06260726
11671,95657,0.017093383
11672,71151,1.7457384e-09
11673,17590,0.051730532
11674,47333,0.010888648
11675,66174,8.105893e-13
11676,24872,0.0015156976
11677,79565,0.0069307243
11678,111538,0.010531615
11679,113368,0.008558585
11680,45649,2.2871482e-07
11681,16976,0.051730532
11682,40276,1.5897123e-05
11683,32976,2.730193e-10
11684,62221,0.017034432
11685,36475,9.727204e-07
11686,50678,1.7639732e-13
11687,68255,0.001458661
11688,85155,1.9904851e-07
11689,96523,0.005616725
11690,85671,9.207097e-06
11691,114655,1.42809375e-11
11692,73758,0.05256187
11693,23148,7.965517e-17
11694,26880,1.207565e-05
11695,2245,1.5894069e-06
11696,34756,0.016769435
11697,17444,0.00031592505
11698,67758,0.001458661
11699,60458,2.2068486e-10
11700,86609,1.8984663e-06
11701,8046,1.080806e-06
11702,115979,0.0028122517
11703,9993,4.424676e-09
11704,58498,1.1524079e-05
11705,6775,3.4255381e-06
11706,85263,2.1090798e-08
11707,37568,0.017074263
11708,63494,0.0037880566
11709,5551,0.009896677
11710,12646,6.8110173e-10
11711,75661,1.248098e-05
11712,90812,0.0001240821
11713,52738,0.00020785356
11714,103004,1.904618e-11
11715,63199,1.3415816e-09
11716,71389,0.008845419
11717,68552,7.546666e-09
11718,35212,0.008298639
11719,59092,0.007882589
11720,115857,0.001458661
11721,2816,3.5033424e-06
11722,109242,0.009184932
11723,107241,0.0023845648
11724,41039,0.017034432
11725,78128,5.3722324e-08
11726,50523,2.370175e-13
11727,31774,5.6391425e-16
11728,29605,4.2993773e-07
11729,21469,1.0569215e-12
11730,61871,1.9161417e-09
11731,28278,4.2861085e-08
11732,92897,0.00064479787
11733,47441,1.010289e-06
11734,43875,0.008848408
11735,47854,1.2259274e-05
11736,91613,9.1493905e-07
11737,72102,4.9417656e-07
11738,7911,1.1904977e-08
11739,46186,0.009166495
11740,32252,6.615363e-05
11741,76738,2.2071349e-10
11742,94088,6.1634026e-05
11743,41546,0.000783257
11744,5613,1.9644356e-05
11745,10874,0.009896677
11746,114863,7.1507933e-09
11747,22321,2.3327862e-06
11748,3241,0.0053867744
11749,46193,1.1442437e-09
11750,99711,0.0048297467
11751,89718,0.05741278
11752,87940,0.008506531
11753,115479,0.050779287
11754,108950,0.057828885
11755,21317,2.1865698e-10
11756,40484,9.153073e-07
11757,88176,0.010597673
11758,92987,0.0043501053
11759,85493,0.019247625
11760,45711,0.005869099
11761,2067,0.037939616
11762,93087,4.6741542e-07
11763,111258,0.007630734
11764,19846,0.03539168
11765,78683,1.111003e-14
11766,1954,3.376952e-09
11767,74813,0.15288681
11768,94541,0.068603046
11769,36065,0.0055402275
11770,113220,2.5388128e-05
11771,25947,0.040477555
11772,24470,0.00017722727
11773,111868,0.00619747
11774,11108,8.707413e-08
11775,25,4.862964e-05
11776,89723,0.0055402275
11777,33127,2.8124857e-12
11778,59123,0.05047838
11779,32880,0.31662488
11780,52211,2.1639373e-05
11781,28835,7.3703826e-10
11782,23919,1.5788544e-06
11783,59767,7.3034687e-07
11784,49978,0.009084299
11785,1627,4.244893e-07
11786,54457,0.012154507
11787,115637,6.185655e-08
11788,26117,1.8295968e-05
11789,2216,8.641097e-09
11790,49962,0.0023916445
11791,70552,0.008845419
11792,2815,3.5033424e-06
11793,112277,0.008558585
11794,90537,0.036624063
11795,109277,6.1634026e-05
11796,80249,0.009181562
11797,14097,0.008845419
11798,46266,9.295779e-12
11799,93434,0.048240427
11800,27501,0.003510634
11801,93616,0.05741278
11802,60487,4.5120218e-05
11803,19086,2.2882864e-10
11804,50870,1.9525235e-07
11805,26828,0.007630734
11806,70222,0.0038989778
11807,16859,0.009115906
11808,88659,0.017093383
11809,1350,0.011475999
11810,23969,3.2493018e-15
11811,32965,4.5716805e-10
11812,32066,0.010531615
11813,20196,5.294876e-13
11814,106827,0.0052285832
11815,104565,3.420821e-09
11816,45791,2.9374962e-13
11817,105389,0.057786837
11818,47081,1.3085916e-07
11819,54629,1.9534067e-11
11820,95515,5.370708e-11
11821,95357,0.0807709
11822,69435,1.9747704e-08
11823,92625,0.05741278
11824,3380,2.5517922e-08
11825,75793,0.01609576
11826,46248,0.009166495
11827,16095,1.1264678e-08
11828,32477,0.001381635
11829,28492,0.05137095
11830,39692,1.27883e-10
11831,80960,2.1887979e-10
11832,35161,5.3846993e-11
11833,109215,4.322189e-12
11834,53456,0.0055402275
11835,24954,0.00018377599
11836,34463,0.032544143
11837,21613,0.000783257
11838,98024,0.005616725
11839,89394,0.017093383
11840,8048,0.0048271464
11841,95166,2.0130481e-05
11842,7587,0.046223346
11843,87242,1.4917825e-10
11844,32447,2.9750083e-10
11845,80688,0.009181562
11846,84022,0.00012038292
11847,2807,7.667504e-05
11848,102905,0.010531615
11849,47776,6.31272e-09
11850,113304,6.1634026e-05
11851,5593,1.0997936e-09
11852,93055,0.0023894135
11853,71537,7.737239e-12
11854,94462,6.905573e-12
11855,37166,0.017114835
11856,23433,0.00013978488
11857,111307,0.0068329745
11858,111690,0.048240427
11859,4463,0.15782295
11860,26634,0.017074263
11861,45438,0.051730532
11862,78809,2.1863154e-10
11863,46621,0.017074263
11864,107203,5.2727355e-06
11865,49046,0.0016325784
11866,40526,3.610738e-16
11867,78295,0.0004981336
11868,83092,0.009181562
11869,39337,0.017034432
11870,113305,0.011082361
11871,71730,0.007630734
11872,79526,4.3419723e-06
11873,56740,2.0589571e-13
11874,104095,9.761745e-11
11875,87321,6.9555267e-06
11876,94872,1.7910631e-06
11877,65352,7.0609724e-14
11878,82796,3.806204e-10
11879,65685,0.0023870617
11880,16535,1.9863677e-08
11881,67720,0.008845419
11882,27711,4.808475e-10
11883,24241,0.009166495
11884,14128,5.294914e-10
11885,72276,0.009181562
11886,83654,2.769464e-15
11887,50378,0.019825885
11888,21565,5.391196e-14
11889,38602,5.3762524e-15
11890,8077,0.09988324
11891,53174,1.4553011e-07
11892,49891,4.45808e-05
11893,62026,0.007863321
11894,85498,0.009181562
11895,770,2.56165e-10
11896,99330,4.039106e-06
11897,8528,0.0053352406
11898,5515,1.0254729e-06
11899,108933,0.00015950244
11900,100738,0.0023870617
11901,64197,2.0590925e-11
11902,83767,0.0052112807
11903,78876,0.000361744
11904,23352,2.69711e-06
11905,69144,1.2259274e-05
11906,56258,2.5308404e-05
11907,83827,0.0006101255
11908,90742,0.05741278
11909,92150,0.0003186244
11910,34802,0.009084299
11911,51365,2.0204163e-09
11912,50197,0.007974509
11913,18541,4.4435095e-07
11914,80994,0.00079251383
11915,105513,6.1634026e-05
11916,49240,0.0046549067
11917,18817,0.00031359433
11918,9069,4.8088464e-07
11919,95339,0.000121719226
11920,82869,0.008845419
11921,66797,1.2452172e-05
11922,57997,3.9679735e-12
11923,39087,0.040301632
11924,17043,0.054537673
11925,107540,0.006185725
11926,75403,0.0013495095
11927,104058,0.00055351155
11928,1640,8.79797e-06
11929,83408,0.04787555
11930,21579,0.008845419
11931,115636,1.0514043e-12
11932,101363,0.009184932
11933,68145,0.0020144612
11934,102715,0.0023865746
11935,29262,0.024107663
11936,86927,0.005869099
11937,33116,0.0014692483
11938,86615,0.017034432
11939,27531,4.387135e-14
11940,42675,0.07103359
11941,105326,0.057786837
11942,30359,0.010531615
11943,93486,0.008506531
11944,18023,1.9384143e-09
11945,2059,0.009881465
11946,69767,0.010597673
11947,92912,0.03489507
11948,53978,1.111003e-14
11949,7016,0.0008367395
11950,54371,6.79232e-11
11951,44300,0.00029997734
11952,82200,8.6510755e-07
11953,81782,0.07581729
11954,63087,0.024427054
11955,109212,8.509074e-06
11956,102032,0.009084299
11957,39383,0.038612682
11958,106748,5.443763e-09
11959,57248,0.0048167007
11960,66035,1.2462176e-05
11961,15548,1.582125e-11
11962,74628,0.0020144612
11963,85849,0.017034432
11964,2530,0.07286587
11965,99009,0.00030950672
11966,32255,0.17363267
11967,41756,0.0085101
11968,97624,0.0005003087
11969,36482,0.010531615
11970,102372,0.007630734
11971,102807,0.016113395
11972,16043,1.8388582e-10
11973,21491,0.0068159024
11974,16385,0.13892727
11975,6577,0.017281346
11976,103165,0.03401273
11977,25393,0.0013792627
11978,84603,7.489241e-12
11979,42539,0.0013553158
11980,86816,0.000121719226
11981,70958,0.009181562
11982,98281,0.045750935
11983,66271,3.6995156e-09
11984,61702,2.6845006e-09
11985,111005,4.5103207e-08
11986,31320,0.00013129044
11987,55545,1.2259274e-05
11988,52488,0.045421273
11989,59042,8.0425315e-07
11990,59832,1.6914161e-07
11991,78101,2.521666e-10
11992,34782,0.0046053557
11993,75712,0.017034432
11994,392,1.2810806e-06
11995,52885,0.009084299
11996,37755,0.009166495
11997,35414,0.032544143
11998,8774,0.0027717866
11999,23859,0.0003381333
12000,9453,2.7306573e-06
12001,46071,0.005603552
12002,84596,1.2190155e-08
12003,15762,1.2905918e-10
12004,108707,0.0037801657
12005,64774,1.9038166e-06
12006,48198,1.4763414e-10
12007,115966,1.0962761e-11
12008,113318,2.2576642e-05
12009,27954,2.0179108e-11
12010,55112,5.6002216e-09
12011,59501,0.00014424199
12012,100163,0.0004965159
12013,88416,0.009181562
12014,80325,1.2094834e-11
12015,1456,0.010593114
12016,95265,0.005491266
12017,73369,0.001458661
12018,801,3.992738e-06
12019,71831,1.5850776e-06
12020,54935,0.0036302214
12021,55799,0.98691887
12022,67413,0.009181562
12023,8173,2.1224816e-06
12024,90342,0.008845419
12025,57152,0.05047838
12026,78738,0.009181562
12027,50164,0.008845419
12028,79783,6.685427e-13
12029,77478,5.1776267e-10
12030,115605,0.031891707
12031,107266,0.010597673
12032,37932,0.017034432
12033,46171,0.0035680751
12034,114356,4.507498e-09
12035,15310,0.17277932
12036,26800,4.077153e-12
12037,62483,0.005603552
12038,55047,0.086333364
12039,40930,0.04380697
12040,50380,0.00079286017
12041,86146,6.884462e-05
12042,55092,7.8792634e-10
12043,10409,3.082885e-07
12044,46956,4.3553675e-11
12045,106402,0.04587008
12046,78657,3.0974872e-05
12047,98202,0.046991006
12048,84924,1.9562995e-06
12049,51127,1.450758e-10
12050,17245,2.8527427e-11
12051,50457,0.009084299
12052,14067,1.1552633e-07
12053,12040,2.6907032e-09
12054,79663,0.002015717
12055,5800,0.15119436
12056,84957,8.114877e-10
12057,43642,7.991032e-06
12058,40150,3.3799446e-11
12059,70602,2.385274e-08
12060,15305,4.9550534e-05
12061,23568,0.15124272
12062,17171,1.2055841e-07
12063,48877,1.1394017e-06
12064,24381,2.8102603e-12
12065,109028,0.0020207777
12066,67240,0.04787555
12067,8153,0.00022507746
12068,71662,0.009181562
12069,85888,9.259571e-07
12070,101158,3.6696716e-07
12071,102633,0.001458661
12072,10383,0.008096142
12073,61991,0.007565507
12074,46697,0.005603552
12075,107686,0.0020207777
12076,74604,0.0007983909
12077,90430,0.00012038292
12078,74632,0.00063523813
12079,103963,0.017493913
12080,75688,4.2552222e-11
12081,6999,0.032512687
12082,48723,0.0048167007
12083,103898,0.009184932
12084,32441,0.004344768
12085,94362,3.5198187e-07
12086,17651,4.6417238e-11
12087,43706,0.010593114
12088,83490,5.2421503e-09
12089,83952,0.042838734
12090,49528,1.17854775e-07
12091,114965,5.0914434e-07
12092,50606,0.0031121918
12093,21891,0.08256352
12094,68978,0.017034432
12095,70986,0.0807709
12096,91816,0.005616725
12097,67476,4.395375e-06
12098,37489,6.459584e-14
12099,77154,0.000674751
12100,48996,0.0015176588
12101,60908,0.04536966
12102,77204,6.1634026e-05
12103,96070,0.010597673
12104,11631,0.0019061764
12105,105598,0.042441774
12106,72750,8.738775e-06
12107,24447,1.0841496e-10
12108,91977,0.008845419
12109,40520,1.125364e-08
12110,97362,0.00092567544
12111,46130,0.0006208793
12112,83510,0.00055812736
12113,12443,7.574645e-16
12114,112096,5.8114917e-13
12115,66501,3.130716e-08
12116,24981,7.840435e-06
12117,20712,8.8142516e-09
12118,15382,5.960018e-09
12119,85170,0.0020144612
12120,54248,0.032544143
12121,54438,0.0012806297
12122,111471,3.503934e-06
12123,91418,0.056436636
12124,10054,3.3504773e-05
12125,8384,0.0058327727
12126,78250,2.0388752e-08
12127,68911,0.017034432
12128,57908,0.0046549067
12129,55296,0.0132279
12130,38945,1.8404517e-06
12131,75231,0.01609576
12132,30290,7.132278e-05
12133,69083,1.6773648e-10
12134,53325,0.008558585
12135,20204,0.00031359433
12136,41700,1.3486086e-09
12137,50899,0.00086317223
12138,18498,1.11029934e-07
12139,21149,9.295779e-12
12140,70360,6.61129e-11
12141,83203,0.017440932
12142,66982,0.008845419
12143,15980,0.00024838326
12144,69185,7.087631e-11
12145,113043,0.009050281
12146,72727,0.34425753
12147,88013,1.300399e-10
12148,101857,0.051720127
12149,12796,4.6970505e-10
12150,32788,0.00045347586
12151,51827,0.028873334
12152,98823,2.5821095e-05
12153,56271,0.04787555
12154,47179,1.4911723e-08
12155,90012,6.1634026e-05
12156,114762,6.291031e-05
12157,91587,0.00027047168
12158,64253,0.00055804336
12159,13171,0.68583953
12160,12677,0.006666209
12161,31045,0.0036174739
12162,59906,0.017034432
12163,95414,3.0865235e-10
12164,35940,0.009084299
12165,76302,0.05741278
12166,84430,0.00063073414
12167,78011,1.648223e-06
12168,44055,9.115465e-11
12169,43428,0.0054955254
12170,37441,0.00020107931
12171,32776,2.7859517e-15
12172,19695,2.56165e-10
12173,66780,0.00011308428
12174,37183,0.051730532
12175,67566,0.04337805
12176,89424,0.0020144612
12177,38665,9.539067e-06
12178,75991,0.007630734
12179,38305,1.207565e-05
12180,53842,5.264331e-10
12181,44598,0.0018993546
12182,77949,0.007630734
12183,57902,2.087764e-11
12184,59995,2.5554853e-06
12185,107728,0.0038439056
12186,40472,0.014795163
12187,43651,0.022921072
12188,46905,0.005603552
12189,25589,6.325511e-08
12190,39823,0.01599817
12191,60723,0.003682228
12192,83167,5.58656e-15
12193,22282,2.2763308e-08
12194,58520,0.009084299
12195,76696,0.45899615
12196,112788,3.456185e-08
12197,98418,0.009223529
12198,17287,1.7410449e-07
12199,111302,3.3196054e-12
12200,57381,1.5059875e-06
12201,25801,0.00079286017
12202,46887,0.00025492033
12203,49545,0.009084299
12204,47291,0.06855405
12205,55235,0.024432875
12206,24212,7.536671e-07
12207,81276,0.0071502724
12208,10272,0.15119436
12209,82033,0.005869099
12210,109184,1.1407155e-13
12211,67154,2.3998822e-11
12212,12981,0.44318175
12213,45590,1.8952769e-06
12214,49129,0.011426199
12215,11257,0.011475999
12216,15837,8.4126144e-11
12217,91102,0.017093383
12218,94545,0.0014176023
12219,64846,0.005128313
12220,19471,0.010553112
12221,11392,8.7773635e-08
12222,84947,0.051730532
12223,14166,0.010158245
12224,43919,0.00038691505
12225,5280,4.4968237e-06
12226,73347,0.00079286017
12227,44514,0.03239536
12228,107240,2.4724127e-09
12229,62038,2.0590925e-11
12230,89923,4.802009e-06
12231,38791,2.7859517e-15
12232,6495,0.0030808074
12233,66352,0.0053526433
12234,105877,4.6340682e-09
12235,44460,2.9374962e-13
12236,9244,1.7589352e-06
12237,87674,0.05741278
12238,51159,0.00022470734
12239,56658,0.0076375725
12240,39436,0.009166495
12241,90426,0.0014072479
12242,87398,0.0011909696
12243,90553,4.6168647e-09
12244,55484,1.2259274e-05
12245,101554,0.0002613049
12246,72563,0.0055402275
12247,28989,0.009857761
12248,9928,8.276121e-08
12249,2058,0.032544143
12250,48873,0.056436636
12251,115028,1.2471484e-07
12252,96560,4.392544e-10
12253,63881,2.0801264e-13
12254,88006,5.462651e-06
12255,84376,0.009181562
12256,72548,1.5652751e-10
12257,86047,0.04536966
12258,105668,7.52708e-11
12259,3120,0.011191711
12260,86592,0.010597673
12261,29741,0.009084299
12262,84340,0.05137095
12263,113340,5.487838e-10
12264,30791,6.5259864e-10
12265,70440,0.010597673
12266,54879,7.548369e-08
12267,12242,1.3258145e-10
12268,33542,0.00010524855
12269,63966,0.008558585
12270,41173,0.03239536
12271,35005,3.216435e-05
12272,8517,0.032512687
12273,20033,0.0010656365
12274,34921,0.009084299
12275,99064,0.0068329745
12276,75942,0.0009854129
12277,89400,0.017093383
12278,90019,0.017093383
12279,109053,0.009184932
12280,35632,0.009084299
12281,57004,0.009084299
12282,63297,0.09024777
12283,33731,0.00698014
12284,73773,0.02006725
12285,58003,0.00079286017
12286,66819,2.9436376e-13
12287,44545,0.007630734
12288,106172,0.005616725
12289,61891,6.1634026e-05
12290,79270,3.0638798e-08
12291,61270,0.0028284746
12292,96206,0.0033025257
12293,50482,6.459584e-14
12294,54936,8.9186484e-05
12295,63931,9.483398e-14
12296,98356,1.5269617e-09
12297,109672,1.26354735e-05
12298,22259,3.298339e-14
12299,74643,0.023519892
12300,4517,1.5408718e-07
12301,12991,0.006666209
12302,30426,4.851357e-05
12303,10799,1.1938944e-09
12304,81223,1.3988188e-12
12305,3863,0.009896677
12306,56853,0.0023894135
12307,29460,0.051730532
12308,52247,0.010531615
12309,20611,0.0019963898
12310,27234,3.834824e-12
12311,69719,0.0034043493
12312,72113,0.0020144612
12313,10421,8.297917e-08
12314,64422,3.838275e-07
12315,108438,0.032362238
12316,57034,1.0596466e-08
12317,82296,1.815778e-05
12318,66508,2.4428135e-11
12319,1591,0.011426199
12320,22745,3.7999128e-11
12321,47738,2.7859517e-15
12322,83847,1.2482432e-05
12323,13770,0.03539168
12324,54679,2.9545673e-09
12325,31493,0.024432875
12326,77089,0.024432875
12327,38735,0.0006310822
12328,70145,4.454859e-08
12329,51490,0.024432875
12330,52216,1.5948783e-05
12331,4820,1.3499017e-07
12332,3420,2.6213044e-16
12333,26659,0.08256352
12334,69324,0.0016262548
12335,70783,0.0001819952
12336,74661,0.001458661
12337,100105,4.0388786e-06
12338,65855,1.3773943e-09
12339,5714,6.808699e-08
12340,4620,1.32574e-08
12341,79009,0.0013792627
12342,574,9.2035024e-10
12343,43778,4.3002518e-11
12344,101133,6.093136e-12
12345,66561,4.6236345e-08
12346,110876,0.005616725
12347,42212,5.769079e-14
12348,14554,0.051730532
12349,75691,3.916487e-07
12350,4027,4.960909e-07
12351,91686,0.00053932745
12352,42709,0.009166495
12353,66326,0.008089746
12354,112746,4.648957e-06
12355,69645,0.011426199
12356,82438,0.04158854
12357,72724,0.008845419
12358,75665,1.9983531e-08
12359,70214,0.0004353522
12360,40573,0.024317063
12361,69976,0.001458661
12362,71583,0.0016015102
12363,11152,0.017787637
12364,23602,5.7546565e-08
12365,48796,0.009084299
12366,54080,1.5571057e-08
12367,32497,0.0015176588
12368,13699,2.9147785e-11
12369,65388,1.600267e-05
12370,21013,2.3664998e-07
12371,30033,0.00010943114
12372,110983,0.00041354191
12373,8818,0.0001496582
12374,42138,4.694109e-06
12375,65132,1.2462176e-05
12376,19663,0.009115906
12377,113652,4.818751e-09
12378,98930,0.0037880566
12379,4192,2.0652361e-07
12380,61915,3.6215588e-09
12381,56478,0.040472522
12382,15904,0.008845419
12383,114538,3.7906492e-10
12384,112509,9.7843134e-08
12385,11670,0.00013136094
12386,2356,4.1300873e-07
12387,97075,0.0036406247
12388,40525,0.0064057936
12389,1293,8.220372e-07
12390,76202,0.008506531
12391,21543,3.9570124e-13
12392,18167,0.00024838326
12393,106769,1.0238561e-09
12394,27165,0.06855405
12395,89981,0.006519435
12396,35320,0.009084299
12397,103154,2.521666e-10
12398,58371,0.0048167007
12399,46303,0.010593114
12400,36460,0.008845419
12401,84633,2.094856e-11
12402,35905,2.8912066e-08
12403,75796,3.5336457e-06
12404,44521,0.005869099
12405,2840,2.6420908e-12
12406,107655,6.1634026e-05
12407,91028,0.00063020864
12408,90709,1.111003e-14
12409,72538,0.0032143127
12410,69897,2.4639315e-11
12411,112173,0.024193196
12412,15184,3.794966e-11
12413,20404,5.065464e-08
12414,4842,0.02363173
12415,28724,0.005603552
12416,87296,0.016113395
12417,3834,7.2374194e-12
12418,81397,4.460964e-08
12419,31042,0.00040309157
12420,25146,0.009166495
12421,103341,0.008083573
12422,101823,0.00012432478
12423,3885,0.0028128948
12424,8500,3.6720412e-05
12425,27879,0.032544143
12426,97591,0.02905802
12427,82133,2.361064e-10
12428,86023,0.0011291868
12429,38206,0.026293248
12430,81668,0.00054732664
12431,114777,0.017440932
12432,75715,0.0033025257
12433,56895,6.0743612e-05
12434,96888,0.012524341
12435,27907,0.0038083005
12436,107586,2.9597643e-07
12437,31444,0.00040125722
12438,114717,0.003559729
12439,114781,0.021260178
12440,112781,0.002223975
12441,68264,0.00063523813
12442,23284,9.835428e-09
12443,49565,0.009084299
12444,61276,0.032486703
12445,26691,0.051730532
12446,100901,3.5430618e-16
12447,15447,0.004870569
12448,5091,6.1649007e-07
12449,107094,0.010597673
12450,84766,0.04787555
12451,21211,1.4916572e-10
12452,110678,3.6141942e-10
12453,84346,0.025916465
12454,53301,0.0055402275
12455,91482,0.005616725
12456,42406,0.036521014
12457,64206,0.0023870617
12458,39660,6.628024e-06
12459,70633,1.6289415e-07
12460,64154,1.2452172e-05
12461,88772,0.068603046
12462,92138,0.03184056
12463,38565,0.011342298
12464,55541,0.0014692483
12465,52485,1.2094834e-11
12466,22445,0.0009831698
12467,90485,8.852264e-08
12468,473,0.054537673
12469,97810,0.048240427
12470,46392,8.451867e-07
12471,52423,0.024107663
12472,18721,0.004344768
12473,30744,0.009084299
12474,69791,0.0046549067
12475,96249,0.04373174
12476,62001,0.11539332
12477,74266,3.818975e-13
12478,56490,3.1380272e-12
12479,111889,0.0021801235
12480,101073,4.0789817e-07
12481,74795,0.08830397
12482,46007,1.5013722e-08
12483,41418,0.005603552
12484,21145,5.059168e-08
12485,35238,9.09179e-09
12486,87481,7.173843e-12
12487,464,9.1572067e-10
12488,51378,2.9688891e-08
12489,73632,0.009181562
12490,57945,0.00020785356
12491,58317,0.042838734
12492,57485,0.05047838
12493,60008,1.9902669e-07
12494,18099,0.008552861
12495,115851,3.3031966e-08
12496,88103,0.0807709
12497,101613,0.0068329745
12498,42360,0.022921072
12499,7577,0.09913665
12500,6226,7.9774566e-07
12501,114623,0.08167636
12502,34468,0.0014692483
12503,30181,0.004344768
12504,38934,2.9326538e-13
12505,31701,0.0023937605
12506,54305,1.2259274e-05
12507,69314,7.173843e-12
12508,98259,0.009184932
12509,44019,2.5714584e-07
12510,30442,5.393997e-09
12511,71732,0.0006500485
12512,40732,0.005173245
12513,48136,4.564576e-07
12514,31510,6.1245e-09
12515,96889,0.05741278
12516,58276,0.0020144612
12517,100497,0.010597673
12518,7921,7.5861107e-07
12519,101481,0.0017151721
12520,39753,3.88133e-08
12521,26302,0.00012038292
12522,80499,1.7777109e-12
12523,65849,5.603857e-12
12524,11244,0.07824153
12525,43583,0.024107663
12526,36699,0.031758823
12527,58387,7.1051734e-11
12528,104980,7.0670865e-11
12529,64109,1.2188003e-06
12530,13833,0.01599817
12531,6562,5.7247276e-11
12532,103288,7.6226993e-06
12533,59038,1.0962761e-11
12534,39386,0.0085101
12535,94160,3.0047565e-06
12536,63670,0.2662834
12537,111916,0.05780512
12538,26173,0.009166495
12539,32224,0.017114835
12540,96706,9.224785e-10
12541,115522,5.547213e-07
12542,74594,2.1732678e-11
12543,29806,3.3111636e-08
12544,637,0.06796212
12545,56776,0.032865454
12546,82047,6.841654e-07
12547,52655,1.9656477e-14
12548,77233,2.2659166e-12
12549,377,6.1649007e-07
12550,96056,1.2452172e-05
12551,92954,0.0020144612
12552,97874,1.2738234e-06
12553,23880,0.010531615
12554,49399,0.009084299
12555,11320,1.9396393e-06
12556,60273,0.032544143
12557,9856,0.017869916
12558,24556,0.022921072
12559,105216,0.0020207777
12560,34306,0.009084299
12561,60397,6.803257e-13
12562,107992,6.1634026e-05
12563,109472,3.8132535e-07
12564,16758,4.6762247e-09
12565,70652,6.415865e-12
12566,83921,0.032368287
12567,46324,0.0006208793
12568,24843,0.0020233786
12569,110159,5.441931e-05
12570,40476,0.011946388
12571,101193,6.05027e-10
12572,23920,2.34992e-05
12573,80987,1.248098e-05
12574,96937,0.034003627
12575,21983,2.6943979e-05
12576,100650,0.030566067
12577,15630,4.7729016e-14
12578,44887,1.1907204e-05
12579,52180,0.009084299
12580,33286,8.236107e-12
12581,83208,0.032368287
12582,47356,7.1795096e-12
12583,38434,0.009166495
12584,112786,0.00080119947
12585,62797,2.10681e-06
12586,89370,0.007952709
12587,54809,0.00079286017
12588,98706,2.280659e-12
12589,66360,2.2708186e-06
12590,95846,0.032362238
12591,114871,1.593212e-05
12592,79484,0.009181562
12593,39194,1.9443272e-05
12594,15565,7.1922966e-07
12595,100188,0.00086641876
12596,28355,0.0036621022
12597,76211,3.9268592e-11
12598,95950,0.042838734
12599,89493,0.017093383
12600,5901,0.00834779
12601,41869,2.7859517e-15
12602,18302,5.6113827e-06
12603,94744,0.0035976325
12604,14390,0.008845419
12605,18086,4.9950795e-06
12606,63114,0.05741278
12607,10483,2.5540709e-08
12608,90620,0.0020144612
12609,43071,0.017074263
12610,16848,1.9863677e-08
12611,59417,1.204232e-06
12612,106971,1.1980421e-05
12613,51730,0.019786377
12614,44590,3.1058326e-11
12615,59779,2.135517e-08
12616,15215,7.4488e-11
12617,60216,0.0022697179
12618,38557,9.384104e-08
12619,48799,6.6060873e-10
12620,74136,0.0015176588
12621,83015,0.0003488084
12622,71222,0.0013974028
12623,36262,0.15116222
12624,114242,0.017114835
12625,98458,8.0381884e-05
12626,42015,0.017034432
12627,79304,0.013780199
12628,74250,0.0037284244
12629,9653,0.0004477487
12630,86008,6.1634026e-05
12631,12755,3.0365144e-11
12632,81754,0.045297477
12633,87243,7.157221e-05
12634,18712,5.391196e-14
12635,18929,5.391196e-14
12636,52538,0.00306215
12637,112487,0.057786837
12638,78991,5.7084574e-08
12639,87115,0.007630734
12640,10678,0.0034610408
12641,107960,0.06865799
12642,783,1.4819058e-06
12643,83109,0.0003300177
12644,23308,0.005359286
12645,115443,3.8909842e-05
12646,30674,0.009084299
12647,102438,0.026535407
12648,21170,1.0561417e-08
12649,42142,2.657819e-09
12650,69030,4.3021437e-06
12651,34757,0.03468771
12652,32004,2.3449546e-08
12653,66143,0.99653625
12654,23132,0.000783257
12655,83402,9.717523e-09
12656,38343,6.492327e-05
12657,83137,0.04150388
12658,106491,2.8247064e-07
12659,112331,3.6141942e-10
12660,40898,9.397887e-10
12661,105742,4.424271e-09
12662,26479,0.009166495
12663,84595,0.0073023727
12664,109410,0.000121719226
12665,4246,7.821838e-07
12666,93928,0.034003627
12667,34070,0.007882589
12668,92186,0.00012098386
12669,45145,0.007955866
12670,108051,0.0089743575
12671,34473,1.0146174e-14
12672,87787,0.05741278
12673,19640,7.6286256e-08
12674,112043,0.007337851
12675,78676,0.013780199
12676,88808,0.0807709
12677,52775,0.0055402275
12678,38438,0.009166495
12679,31965,0.195312
12680,79781,3.7496188e-06
12681,15312,0.009965272
12682,115419,0.0024989329
12683,46584,0.00038691505
12684,8656,3.245048e-06
12685,8334,5.034264e-09
12686,31347,0.051730532
12687,46835,8.011682e-14
12688,98856,2.1863154e-10
12689,98431,7.470808e-12
12690,13009,0.008503508
12691,82666,0.007859338
12692,35616,3.5009737e-07
12693,69964,1.1279679e-09
12694,47091,1.1907204e-05
12695,816,2.6697202e-07
12696,87307,0.068451926
12697,32025,0.010531615
12698,32595,0.00079286017
12699,26639,4.9441322e-08
12700,58188,0.0020144612
12701,48067,0.010531615
12702,111618,0.0034847572
12703,88918,0.05741278
12704,36550,0.0006500485
12705,14778,6.470312e-10
12706,73110,0.00050892605
12707,13757,4.746891e-14
12708,38457,0.0014621086
12709,41053,0.0006208793
12710,99269,7.552671e-09
12711,1331,6.119432e-09
12712,89594,8.077646e-14
12713,22760,0.0015176588
12714,63941,2.1261975e-08
12715,48842,0.007630734
12716,69823,0.009181562
12717,33758,0.00076644245
12718,100058,0.028093543
12719,77736,3.3162893e-12
12720,32278,0.007630734
12721,20654,9.7597745e-14
12722,58334,1.1396855e-08
12723,94664,6.1634026e-05
12724,113940,6.049393e-10
12725,86654,0.0023865474
12726,26915,0.007630734
12727,88531,0.007004306
12728,31674,0.008845419
12729,114506,0.017114835
12730,103422,1.29545415e-05
12731,53129,0.0009831698
12732,103105,0.057889596
12733,19292,0.009115906
12734,113034,0.009050281
12735,5360,1.6912452e-07
12736,39684,0.024432875
12737,51673,0.026837869
12738,15789,7.997719e-06
12739,35439,1.31368515e-05
12740,93631,3.9345944e-12
12741,108138,3.7245006e-06
12742,50713,0.0055402275
12743,66733,3.5921984e-12
12744,37018,2.1284431e-10
12745,50908,0.024107663
12746,31752,0.00046128058
12747,63838,2.639404e-10
12748,25866,0.009166495
12749,99007,9.632325e-05
12750,68459,0.005616725
12751,92921,0.05741278
12752,47751,0.00083754474
12753,18084,0.010553112
12754,90499,0.0072452514
12755,84876,3.11387e-11
12756,109431,4.3091265e-07
12757,21680,0.009166495
12758,25018,6.005445e-09
12759,79208,0.043829076
12760,91269,2.1548948e-08
12761,27816,0.008355443
12762,42370,0.1016414
12763,10669,2.4228532e-07
12764,88616,0.008845419
12765,64674,8.942408e-06
12766,59950,0.04787555
12767,82044,0.014820525
12768,53989,0.0020707627
12769,4040,3.0711385e-07
12770,47747,0.00829756
12771,76413,0.028758163
12772,15129,0.0013761964
12773,91002,7.173843e-12
12774,14260,2.351084e-17
12775,110752,0.022403453
12776,45792,0.00016021902
12777,48006,0.010531615
12778,114889,0.034186274
12779,8937,1.7181786e-05
12780,40599,7.8366196e-05
12781,47535,6.615363e-05
12782,66034,0.0014177117
12783,57335,0.0023870617
12784,65811,8.430822e-09
12785,52344,0.008558585
12786,59349,0.032544143
12787,11668,0.0018837643
12788,88991,0.017093383
12789,99807,0.001458661
12790,37824,0.00097152754
12791,93968,6.851285e-08
12792,6308,0.02363173
12793,86381,2.1532604e-11
12794,15629,0.008101773
12795,75706,1.5051159e-09
12796,48104,0.0013796791
12797,10492,0.03454235
12798,15322,8.342626e-06
12799,35843,0.005852185
12800,97710,0.016113395
12801,49945,3.9341988e-11
12802,24602,0.0006208793
12803,8155,0.010719061
12804,77660,1.600267e-05
12805,95724,1.2452172e-05
12806,112675,0.044741917
12807,88462,0.022005696
12808,92351,0.006196454
12809,3382,3.4789673e-07
12810,33931,0.0020951142
12811,31035,1.3362708e-07
12812,93614,0.007630734
12813,70165,0.0020144612
12814,110412,0.010597673
12815,29571,6.243897e-07
12816,16093,0.032486703
12817,61334,0.009115906
12818,109381,0.042333726
12819,92459,0.016113395
12820,108185,0.030569442
12821,6596,0.0048271464
12822,5692,0.00047129497
12823,1696,0.00031171436
12824,94605,6.1634026e-05
12825,107499,6.3286456e-09
12826,39037,3.7999128e-11
12827,66164,0.0053526433
12828,73611,6.9328193e-10
12829,109468,6.8604904e-06
12830,83977,0.025916465
12831,72087,0.04536966
12832,68989,3.3162893e-12
12833,65828,3.2235093e-06
12834,83519,0.011426199
12835,99570,3.0104164e-07
12836,22659,0.0016724962
12837,109735,0.02742935
12838,101179,1.5750008e-08
12839,52516,4.5120218e-05
12840,8463,3.4787092e-06
12841,106243,4.84185e-07
12842,47735,0.009166495
12843,96776,1.2602031e-05
12844,12161,5.6725423e-08
12845,30318,0.011229747
12846,105905,0.0068329745
12847,109984,0.017114835
12848,27842,0.00079286017
12849,37413,0.017034432
12850,51533,0.00029997734
12851,60657,0.034754902
12852,101573,0.05753619
12853,77834,2.3326254e-07
12854,1811,9.817193e-06
12855,21318,8.723459e-11
12856,46809,0.040477555
12857,89992,0.008506531
12858,72748,0.0010367725
12859,5074,0.03456673
12860,43484,0.027982624
12861,56565,0.051730532
12862,62501,0.0068159024
12863,88835,0.05047838
12864,97927,0.00048557547
12865,101327,0.04587008
12866,60962,8.3621615e-10
12867,107724,6.1634026e-05
12868,5913,2.3282286e-08
12869,29486,2.8124857e-12
12870,63662,0.03183797
12871,74208,0.0066776965
12872,57572,5.8689622e-08
12873,33993,0.00011763776
12874,13538,2.6519408e-16
12875,108622,2.356637e-10
12876,1509,0.0019809806
12877,17864,3.755786e-11
12878,33058,0.0009117629
12879,7891,2.2431483e-07
12880,16266,0.00031592505
12881,101440,0.007004306
12882,64088,0.0007983909
12883,100636,2.1532604e-11
12884,3710,0.06864146
12885,72535,0.14567678
12886,46256,2.3514543e-11
12887,58112,3.1095015e-11
12888,88925,1.5233529e-07
12889,113850,0.05047838
12890,54609,3.6085215e-08
12891,10022,1.2193432e-05
12892,82181,0.07581729
12893,112891,1.7935228e-06
12894,94359,0.0005866832
12895,58008,0.00079286017
12896,62978,1.2672944e-05
12897,62509,0.00062736054
12898,110215,0.011082361
12899,70166,0.008845419
12900,88724,0.05216715
12901,106141,0.005616725
12902,36253,0.068451926
12903,72031,1.2222929e-09
12904,94147,0.00031867815
12905,38638,4.037668e-09
12906,6613,2.3231945e-07
12907,97226,0.005616725
12908,102890,1.2094834e-11
12909,55416,0.0046549067
12910,99179,6.1634026e-05
12911,72188,0.009181562
12912,60967,5.620256e-08
12913,105027,0.039851364
12914,99342,0.00021255128
12915,48652,0.120604634
12916,6954,0.02363173
12917,12628,0.0015095206
12918,18616,3.747934e-12
12919,97952,1.6077144e-07
12920,95229,0.039851364
12921,79631,0.011426199
12922,111745,0.05216715
12923,114025,6.127007e-06
12924,57220,0.010531615
12925,73066,0.017034432
12926,54468,2.8124857e-12
12927,31348,0.030664822
12928,13694,0.051730532
12929,87373,0.00057973654
12930,112329,0.0017146678
12931,86302,0.010597673
12932,75133,0.01609576
12933,26814,0.007962341
12934,21869,5.7332206e-10
12935,4982,6.216543e-10
12936,63753,0.0023870617
12937,62944,0.026719132
12938,25663,1.19526715e-11
12939,59582,0.042838734
12940,67526,0.025916465
12941,19751,2.6964972e-10
12942,89892,0.0020144612
12943,11416,6.314728e-10
12944,30620,1.7714922e-13
12945,80892,0.0016325784
12946,12841,2.0776777e-07
12947,54146,3.6352976e-08
12948,112053,0.007630734
12949,82102,0.002455789
12950,87764,5.8899435e-08
12951,15745,0.0029536516
12952,24902,0.010593114
12953,87137,0.007630734
12954,61190,0.1759755
12955,37629,1.207565e-05
12956,4644,6.379268e-09
12957,11327,0.051200297
12958,50294,2.7859517e-15
12959,24893,0.06983903
12960,10783,0.025144087
12961,64411,7.0670865e-11
12962,48769,0.0031809756
12963,69417,6.1634026e-05
12964,97808,8.460155e-09
12965,114966,9.940622e-10
12966,100053,0.009252583
12967,19165,2.9321112e-13
12968,22518,1.774778e-11
12969,60346,0.033792887
12970,40775,0.04266385
12971,107157,0.0057430975
12972,98443,0.000585449
12973,67805,0.005974913
12974,67428,0.008267156
12975,59215,0.00050762953
12976,24932,0.03239536
12977,99968,0.012524341
12978,14863,5.9383834e-05
12979,89291,0.042838734
12980,24020,7.1795096e-12
12981,9743,0.0055553857
12982,95346,0.0015147561
12983,10571,4.804381e-08
12984,57425,1.2659054e-09
12985,32172,3.6208887e-09
12986,38238,1.7714398e-11
12987,77973,9.330288e-06
12988,13866,0.005869099
12989,103742,0.03489507
12990,114306,2.9219302e-06
12991,26520,3.0934797e-09
12992,60831,0.021198912
12993,2215,0.0048265187
12994,14258,7.574645e-16
12995,88748,1.2452172e-05
12996,34316,0.017034432
12997,100824,0.007882589
12998,2950,0.017869916
12999,35682,0.0015176588
13000,35576,1.7639732e-13
13001,114589,0.013863485
13002,90023,0.0020144612
13003,18009,2.6519408e-16
13004,105580,0.0043042507
13005,114349,2.3164404e-07
13006,56276,1.1949066e-08
13007,100784,4.721599e-10
13008,1496,2.02718e-08
13009,97367,2.3674385e-08
13010,102052,0.0093015805
13011,12125,0.010544453
13012,9798,2.4866054e-09
13013,48449,0.0015176588
13014,56777,0.04787555
13015,72890,2.2336894e-07
13016,6703,2.7199673e-07
13017,47104,6.615363e-05
13018,73023,0.03656999
13019,49801,1.0146174e-14
13020,76964,0.0022726473
13021,110168,0.009050281
13022,11388,6.1558006e-07
13023,80964,9.4372695e-12
13024,65439,1.0236729e-05
13025,48231,0.0052112807
13026,81053,6.1634026e-05
13027,110878,2.1563084e-16
13028,79063,2.3116565e-06
13029,67600,1.0260929e-05
13030,25169,0.017074263
13031,3638,0.03454235
13032,46194,1.1068503e-08
13033,37004,2.2476262e-07
13034,19253,3.3111636e-08
13035,71797,0.009181562
13036,43495,0.009084299
13037,61482,0.0807709
13038,22601,0.0037922664
13039,51683,0.008845419
13040,49232,3.946754e-09
13041,89893,0.04253559
13042,32056,0.06865799
13043,42468,4.191823e-08
13044,66437,0.00025286304
13045,78760,0.009181562
13046,41523,0.0010748202
13047,100492,0.0015288979
13048,83480,0.0008182977
13049,105510,0.057786837
13050,50345,7.403457e-12
13051,28738,0.1016414
13052,75769,0.004344768
13053,22056,0.010593114
13054,102427,0.039752092
13055,85670,0.037849944
13056,80094,1.1856903e-05
13057,60349,0.04787555
13058,96119,1.3626836e-11
13059,9399,2.1954781e-07
13060,86907,0.04787555
13061,86989,3.6085215e-08
13062,14105,7.652033e-05
13063,9560,9.337917e-06
13064,64672,0.0012351783
13065,11006,0.0005906274
13066,53215,1.8255655e-09
13067,73170,3.1448115e-11
13068,83868,0.005616725
13069,55476,0.15960538
13070,25377,6.234361e-05
13071,30654,7.229983e-12
13072,98988,0.07125481
13073,17490,0.017227124
13074,91338,0.007859338
13075,76564,0.051730532
13076,66365,5.0469465e-05
13077,29991,0.019825885
13078,19273,7.0046213e-10
13079,74691,0.00027314812
13080,60463,0.039752092
13081,49139,0.003682228
13082,44530,0.005869099
13083,69567,0.023193115
13084,58724,0.032544143
13085,59472,0.05047838
13086,108807,4.598259e-13
13087,17847,4.421341e-14
13088,10290,6.1558006e-07
13089,44165,3.1438205e-12
13090,21460,0.00012350122
13091,115894,3.1145055e-11
13092,18357,0.00017815168
13093,20395,0.08728188
13094,11978,8.428684e-09
13095,108556,9.9564045e-11
13096,67977,0.17363267
13097,86534,3.9550141e-16
13098,29908,0.009084299
13099,170,1.2682748e-05
13100,17770,3.755786e-11
13101,61426,6.717437e-08
13102,18754,0.06209234
13103,88251,1.2319705e-14
13104,57634,7.249147e-06
13105,105106,0.00053932745
13106,83773,1.7857487e-06
13107,88869,0.001458661
13108,5082,0.010719061
13109,57319,0.00045373422
13110,9581,0.02363173
13111,56633,5.620256e-08
13112,3169,1.1521236e-06
13113,75655,0.00050762953
13114,82513,0.009084299
13115,52767,0.028179713
13116,23656,0.009166495
13117,27056,9.715794e-06
13118,54806,0.0002784047
13119,16252,0.13233298
13120,100936,0.010597673
13121,37087,1.207565e-05
13122,3094,0.010715395
13123,107332,1.0771412e-07
13124,49016,0.003682228
13125,4647,0.035309214
13126,71455,0.00087840814
13127,79876,0.05216715
13128,17051,0.009115906
13129,107618,0.00026335605
13130,83107,0.017034432
13131,107156,0.0020207777
13132,76261,1.7401028e-10
13133,58844,0.0002784047
13134,87949,0.00029282513
13135,55743,1.2259274e-05
13136,19124,1.740376e-09
13137,112425,0.07125481
13138,38070,1.3328081e-06
13139,62482,0.001458661
13140,9331,0.008096142
13141,46496,2.105348e-10
13142,69177,0.017440932
13143,64722,3.5963595e-12
13144,21009,8.0165766e-17
13145,100856,0.0025057446
13146,65396,1.6830298e-07
13147,59932,0.017034432
13148,71826,1.3829349e-10
13149,53281,4.0673796e-13
13150,57803,7.5527095e-14
13151,112553,2.3606858e-10
13152,38048,0.0009993503
13153,73766,1.0705837e-09
13154,106337,0.0014177117
13155,24314,0.008845419
13156,95990,0.0020144612
13157,80225,0.0036406247
13158,26361,0.004344768
13159,53955,3.097392e-06
13160,96324,1.2602031e-05
13161,46616,0.009166495
13162,2175,0.032544143
13163,16337,6.670083e-08
13164,82480,7.389959e-11
13165,84775,4.317559e-07
13166,72723,9.931336e-10
13167,11312,2.851511e-05
13168,85544,0.00031359433
13169,30565,0.0008859618
13170,89372,0.001458661
13171,94779,0.00029997734
13172,40997,0.009166495
13173,112040,7.624553e-08
13174,107323,3.8040415e-10
13175,86308,2.1863154e-10
13176,40066,0.0001141803
13177,40083,0.0015176588
13178,64909,0.09397878
13179,29903,1.0952602e-05
13180,71790,0.05741278
13181,85277,0.05137095
13182,53780,0.009084299
13183,22109,0.010593114
13184,81722,1.248098e-05
13185,66305,1.6059988e-05
13186,72309,0.009181562
13187,43720,0.017074263
13188,49384,5.4243326e-08
13189,95137,0.0018071823
13190,16811,0.0055650617
13191,71093,0.0010168058
13192,23234,0.0006208793
13193,26364,0.017074263
13194,10300,0.046230752
13195,87374,0.007630734
13196,86897,1.111003e-14
13197,89497,0.09013098
13198,39570,0.00033184
13199,77010,4.9547747e-05
13200,41395,0.009166495
13201,108459,1.7738465e-05
13202,114789,2.9910673e-08
13203,18054,3.2043725e-05
13204,33889,0.017114835
13205,91924,0.05741278
13206,59669,0.04787555
13207,50182,0.011426199
13208,52376,0.009084299
13209,99156,7.1561767e-06
13210,71287,0.05047838
13211,15824,0.010553112
13212,50587,0.008845419
13213,17316,0.010553112
13214,16753,4.4974118e-11
13215,29865,4.304244e-05
13216,5161,0.0055553857
13217,2603,2.2491943e-06
13218,107526,1.7184924e-10
13219,58807,1.600267e-05
13220,28360,0.010531615
13221,77494,1.2452172e-05
13222,69812,0.0015176588
13223,46021,9.2995055e-05
13224,84395,0.00020785356
13225,13125,0.0075926143
13226,73935,0.008506531
13227,31651,0.021736547
13228,55179,0.017034432
13229,10997,6.1558006e-07
13230,94906,0.009084299
13231,79229,1.9047143e-07
13232,78871,0.031770848
13233,5402,1.5373411e-10
13234,82887,0.004684085
13235,90278,0.03489507
13236,87110,1.111003e-14
13237,12585,2.091974e-14
13238,40903,0.0036302214
13239,13010,6.657765e-05
13240,56504,1.0366467e-05
13241,35494,0.0006208793
13242,30560,2.7361596e-08
13243,55613,0.017034432
13244,49482,2.2304573e-10
13245,52352,0.008558585
13246,63411,1.3647002e-10
13247,87724,0.006519435
13248,90397,0.0073276917
13249,39857,0.00033595203
13250,20243,0.009115906
13251,31435,0.030459462
13252,86095,1.90041e-06
13253,33782,0.0009952565
13254,88846,0.03468771
13255,23886,0.027982624
13256,72728,0.05741278
13257,110479,3.4655532e-11
13258,90849,0.08129233
13259,26875,0.00044520805
13260,113679,0.13110289
13261,61561,6.515552e-10
13262,46583,0.009166495
13263,17506,1.7951339e-05
13264,24989,0.009166495
13265,76711,0.009181562
13266,4017,0.00014214597
13267,21876,1.6484885e-15
13268,31244,2.8506494e-05
13269,45054,0.056436636
13270,91328,0.07125481
13271,99947,0.009184932
13272,94801,1.0962761e-11
13273,100296,0.00028317107
13274,51754,0.09985056
13275,92805,3.764102e-09
13276,66893,0.010597673
13277,11753,1.0841944e-05
13278,6248,0.0320559
13279,49116,0.017034432
13280,45258,1.2708255e-10
13281,86894,3.4431847e-15
13282,50891,1.6021898e-10
13283,73246,0.02006725
13284,53466,0.0020144612
13285,42056,7.0694006e-07
13286,43617,5.617117e-06
13287,67212,0.04536966
13288,12033,0.009101587
13289,4800,0.030462032
13290,26830,0.009084299
13291,110204,0.057889596
13292,114402,0.00023054716
13293,13864,0.05009029
13294,72509,2.4955043e-06
13295,67018,3.3162893e-12
13296,16167,0.009115906
13297,78392,4.5120218e-05
13298,77130,0.008256645
13299,98142,0.05216715
13300,79024,0.02319666
13301,77864,3.1453197e-12
13302,35703,0.00054023403
13303,108050,0.050779287
13304,78034,2.5923082e-08
13305,92895,1.3362204e-10
13306,50470,2.0848474e-11
13307,2213,5.785311e-07
13308,90939,2.2133012e-11
13309,112097,0.00053932745
13310,64410,0.0014177117
13311,50204,0.009084299
13312,109669,0.000121719226
13313,10662,0.03454235
13314,79661,3.5339948e-10
13315,41319,0.009166495
13316,2931,0.023629082
13317,26620,0.005603552
13318,93367,2.094856e-11
13319,58129,0.0073023727
13320,70591,0.0054123774
13321,91765,3.6238488e-11
13322,75612,1.248098e-05
13323,36284,6.0533687e-12
13324,15752,7.37537e-05
13325,57228,0.039412297
13326,51415,0.01599817
13327,103794,0.014949887
13328,64010,1.2452172e-05
13329,113163,0.009050281
13330,104000,8.208849e-12
13331,76448,0.024533123
13332,78575,1.8232039e-06
13333,37575,0.009084299
13334,20626,2.7859517e-15
13335,46773,0.0001141803
13336,74247,1.5992007e-05
13337,107145,1.3320041e-10
13338,42750,0.01599817
13339,68655,0.0020144612
13340,20170,0.017034432
13341,52855,0.0027407333
13342,109380,3.0200675e-09
13343,12016,0.010544453
13344,93679,0.00023054716
13345,93461,0.032362238
13346,36038,0.08256352
13347,65184,5.2197185e-05
13348,43606,0.0006208793
13349,56182,0.0031216643
13350,66264,2.4017152e-10
13351,110533,4.1652754e-08
13352,90804,0.011426199
13353,51604,3.3111636e-08
13354,1432,6.239758e-09
13355,38478,7.9988105e-10
13356,722,0.0048271464
13357,41455,0.008845419
13358,20627,0.0006208793
13359,55507,0.009084299
13360,20946,0.00063523813
13361,83956,0.01599817
13362,114403,0.00046436107
13363,6946,6.4113884e-08
13364,104001,0.000121719226
13365,100590,0.010597673
13366,77783,0.0046549067
13367,30320,0.017114835
13368,70716,0.05137095
13369,24010,1.159849e-09
13370,50291,0.009084299
13371,49678,0.009084299
13372,21978,0.00019805142
13373,41822,0.0024029904
13374,25188,0.009166495
13375,97932,5.834515e-13
13376,13168,5.5428945e-06
13377,53009,0.049705487
13378,57173,3.6167692e-12
13379,61691,0.068451926
13380,102923,6.84973e-08
13381,548,0.00012038292
13382,28071,5.0794443e-07
13383,43309,2.7859517e-15
13384,69799,0.009181562
13385,66703,3.4048742e-08
13386,114490,6.8446894e-08
13387,15504,1.0891559e-12
13388,72372,0.00033184
13389,13706,1.0873878e-05
13390,31710,7.52132e-12
13391,115235,0.00053932745
13392,100998,3.818975e-13
13393,104336,6.1634026e-05
13394,73621,0.00091310084
13395,29131,0.009084299
13396,99302,0.004748103
13397,67424,0.009958585
13398,20330,0.010553112
13399,88833,0.0003031248
13400,99259,1.111003e-14
13401,90122,0.00096698315
13402,7457,0.00952741
13403,54788,7.533768e-07
13404,2189,0.03683572
13405,28102,0.005603552
13406,13533,6.9884026e-15
13407,106434,0.051720127
13408,66705,3.9345944e-12
13409,68375,0.008845419
13410,102711,0.008267156
13411,80896,0.051730532
13412,77920,6.0986513e-05
13413,85200,1.0962761e-11
13414,67968,0.0052112807
13415,73590,0.009181562
13416,99850,7.707097e-06
13417,109658,1.1161938e-11
13418,16622,0.007630734
13419,208,0.009896677
13420,76905,0.03860591
13421,14601,0.019825885
13422,60841,0.033792887
13423,17621,2.552701e-06
13424,77491,0.0005866832
13425,113186,0.010531615
13426,33650,0.051730532
13427,68483,0.0046549067
13428,35420,0.97456115
13429,108218,0.07809963
13430,12417,0.008309544
13431,102212,1.3248709e-07
13432,31937,0.007863321
13433,73725,0.009181562
13434,87530,0.011426199
13435,9619,1.3273917e-05
13436,24469,1.0051552e-06
13437,30888,0.009084299
13438,36188,0.0055402275
13439,92679,0.00094810943
13440,99567,7.1216954e-07
13441,57016,0.2125377
13442,65837,3.9179864e-11
13443,92782,0.06209234
13444,79821,3.816753e-06
13445,75233,9.677288e-10
13446,50517,0.0009117629
13447,87196,3.9823943e-05
13448,96317,0.008845419
13449,63879,4.5048332e-13
13450,26394,0.008845419
13451,16864,6.98763e-15
13452,90196,0.0010522492
13453,47116,2.5759161e-06
13454,81136,1.3988188e-12
13455,75901,1.9161417e-09
13456,1519,2.56165e-10
13457,66359,2.3665232e-06
13458,35369,0.00079286017
13459,103659,4.675094e-08
13460,11900,0.13233298
13461,82460,0.0022382287
13462,90371,0.017093383
13463,30928,4.4350405e-14
13464,18315,7.229846e-08
13465,58771,0.025916465
13466,102571,0.028163206
13467,36066,6.624656e-05
13468,46903,0.010593114
13469,94984,0.0020144612
13470,22742,3.1880792e-14
13471,113302,0.00031359433
13472,74899,0.01609576
13473,78129,0.00011168418
13474,2774,0.0048265187
13475,59273,0.008298639
13476,70502,0.023193115
13477,4918,2.5517922e-08
13478,109270,3.6238488e-11
13479,12756,4.8818084e-08
13480,97707,2.784709e-05
13481,59302,0.008298639
13482,14058,4.326104e-13
13483,35117,0.008558585
13484,64681,3.337738e-08
13485,20789,0.00043478486
13486,110017,6.1634026e-05
13487,107343,7.17257e-12
13488,14663,0.004344768
13489,78031,0.0036302214
13490,35660,0.009084299
13491,72794,0.005869099
13492,49752,0.0005368607
13493,61192,3.6238488e-11
13494,91442,0.0008037711
13495,6016,8.27642e-08
13496,96466,0.008845419
13497,15429,1.0404849e-10
13498,115283,5.541296e-07
13499,98,5.5968776e-06
13500,74589,3.8974893e-11
13501,111579,0.014949887
13502,88454,0.039851364
13503,97849,0.005616725
13504,109703,5.6127223e-09
13505,30235,0.0010462338
13506,54105,0.011189828
13507,48929,0.008845419
13508,42154,0.009166495
13509,9351,3.0510264e-12
13510,92532,0.005616725
13511,49331,0.0048456895
13512,51458,0.0010441417
13513,107160,0.003822522
13514,113966,0.039752092
13515,112564,0.07677293
13516,75291,0.017440932
13517,104408,0.009184932
13518,95429,0.0007983909
13519,75832,0.0014187942
13520,554,4.9891196e-07
13521,97355,0.0006101255
13522,96825,7.3525956e-13
13523,54884,1.9091884e-09
13524,88868,0.001458661
13525,40791,2.8127382e-05
13526,72445,0.001458661
13527,86557,8.5672145e-09
13528,42580,0.017074263
13529,37864,1.207565e-05
13530,47161,6.648242e-07
13531,33257,0.017114835
13532,44558,0.009166495
13533,4375,0.009896677
13534,85942,0.04787555
13535,69488,4.5322384e-05
13536,26309,4.387135e-14
13537,34195,0.010531615
13538,20650,0.0019963898
13539,4725,0.06864146
13540,12243,2.6891607e-07
13541,81670,0.034206174
13542,52692,1.2259274e-05
13543,74528,4.5120218e-05
13544,25234,0.004268883
13545,86233,0.039412297
13546,73008,0.042838734
13547,66186,0.0036892933
13548,91838,0.008845419
13549,45654,0.02939055
13550,106594,0.003943275
13551,79174,0.04456799
13552,82726,0.00012038292
13553,77732,0.009084299
13554,97237,2.094856e-11
13555,301,0.009881465
13556,109496,0.057889596
13557,39346,0.038612682
13558,67074,4.6494835e-05
13559,43721,2.9374962e-13
13560,68143,2.4754533e-07
13561,29734,5.2225148e-11
13562,89847,1.3928343e-15
13563,41899,0.0020766447
13564,43195,2.9311331e-09
13565,76726,2.4451372e-13
13566,35451,9.3968374e-08
13567,108134,0.3528487
13568,85647,0.0029027148
13569,91138,0.00052852
13570,36856,4.421341e-14
13571,38971,2.0083645e-08
13572,85526,0.007630734
13573,109256,0.007859338
13574,46353,9.854798e-07
13575,91104,0.07581729
13576,21279,0.008845419
13577,9822,2.1966319e-07
13578,77020,0.001458661
13579,2995,0.009881465
13580,84396,0.04787555
13581,40417,4.9408015e-13
13582,14017,0.0004981336
13583,46590,5.120033e-09
13584,62751,0.034754902
13585,100230,0.007630734
13586,76626,0.026604261
13587,40965,0.0022167207
13588,45775,0.06855405
13589,27159,0.00011763776
13590,57357,0.05741278
13591,91115,0.05753619
13592,85790,0.004344768
13593,98518,0.041086193
13594,114681,0.00012456151
13595,52789,0.0006011388
13596,43969,0.009166495
13597,105886,8.208849e-12
13598,43568,0.23157167
13599,76618,7.022178e-12
13600,57595,0.032506406
13601,9894,3.9225772e-11
13602,100639,0.016113395
13603,19205,9.202226e-06
13604,12202,0.0047018765
13605,110973,0.0010036927
13606,40633,6.364795e-12
13607,106914,0.009184932
13608,82875,0.005616725
13609,43972,0.009166495
13610,32091,0.00015148401
13611,34722,0.017034432
13612,108236,1.2602031e-05
13613,75416,0.0034335682
13614,56833,0.0055402275
13615,7703,6.808699e-08
13616,20873,0.063076824
13617,113550,1.9478425e-07
13618,70858,0.001458661
13619,106920,0.0007993315
13620,62972,0.0036406247
13621,59783,6.334745e-09
13622,206,5.124313e-06
13623,57840,0.00091310084
13624,76616,0.0007983909
13625,25715,1.2764386e-05
13626,96877,3.0865235e-10
13627,48378,0.039978363
13628,81310,6.2607e-07
13629,44579,0.06371157
13630,7794,0.00056228344
13631,5348,0.010044627
13632,29463,8.1709686e-08
13633,26689,0.06441067
13634,15798,0.008845419
13635,66746,1.5198728e-08
13636,60569,0.65821016
13637,83321,7.173843e-12
13638,114316,7.9023884e-08
13639,104153,8.170983e-07
13640,109854,4.055095e-09
13641,26358,5.151428e-05
13642,113787,0.045894172
13643,54209,0.009084299
13644,99126,1.3320041e-10
13645,112753,1.505245e-13
13646,65767,4.191823e-08
13647,10199,0.0263601
13648,58840,3.3626307e-07
13649,47442,1.5844141e-06
13650,91675,0.05047838
13651,3239,2.2054186e-07
13652,65240,6.9555174e-11
13653,74147,0.0035976325
13654,51969,1.2259274e-05
13655,107353,0.0006535863
13656,76013,0.051730532
13657,4663,5.616662e-06
13658,26208,0.057994165
13659,86469,0.009181562
13660,62421,1.7457384e-09
13661,3294,0.017869916
13662,48161,1.478333e-06
13663,112352,0.008558585
13664,44050,0.032311134
13665,95390,0.0005906345
13666,7863,1.3514615e-07
13667,66648,1.0294722e-09
13668,34907,4.579087e-06
13669,1586,0.004474574
13670,84559,0.05741278
13671,106970,0.00026335605
13672,54904,0.009084299
13673,1281,0.0019809806
13674,51372,0.017034432
13675,93298,0.010597673
13676,94031,2.105123e-06
13677,52782,0.007829534
13678,72291,0.012230066
13679,27421,0.017074263
13680,110070,0.00055804336
13681,69385,6.1634026e-05
13682,110661,0.0015137042
13683,100076,6.8422774e-11
13684,34689,0.009084299
13685,6753,8.243937e-06
13686,58272,0.068451926
13687,14428,0.004113125
13688,84874,0.0011291868
13689,51004,5.340504e-05
13690,776,0.0018992445
13691,1102,3.5179546e-05
13692,98477,0.009184932
13693,36681,0.032544143
13694,100588,0.011070772
13695,8135,9.0549037e-07
13696,58814,0.0028284746
13697,101455,3.9411723e-09
13698,75023,0.01609576
13699,48647,0.04787555
13700,108422,0.010603905
13701,53451,4.225625e-06
13702,35690,5.6727904e-12
13703,66000,7.478115e-10
13704,109349,1.4373919e-07
13705,107569,1.2401663e-05
13706,23286,0.005603552
13707,101963,0.0035335503
13708,115470,3.49502e-11
13709,79817,9.514435e-10
13710,29909,0.017114835
13711,94915,7.604045e-07
13712,67716,0.010597673
13713,32596,0.010531615
13714,85344,0.0034922762
13715,10506,3.5405916e-05
13716,66148,0.0057430975
13717,29766,4.3134635e-10
13718,31101,7.2105243e-12
13719,6026,0.012776594
13720,68720,0.0035335503
13721,11316,0.009896677
13722,20091,1.9612615e-07
13723,98213,2.0318472e-05
13724,105337,0.0020207777
13725,21249,0.0019963898
13726,92783,0.041315053
13727,106004,2.110669e-12
13728,7466,0.0027717866
13729,17374,0.0038111561
13730,57716,5.620256e-08
13731,75679,0.051730532
13732,77074,2.2680808e-05
13733,26647,0.00015992015
13734,73963,0.004344768
13735,89431,1.2452172e-05
13736,71707,7.456814e-12
13737,34883,9.810565e-09
13738,42746,0.000783257
13739,48415,0.0007983909
13740,73591,0.009181562
13741,55547,0.17363267
13742,5739,0.032512687
13743,63275,2.3676739e-07
13744,10624,0.0048271464
13745,87982,0.003009944
13746,102560,2.5958904e-08
13747,98101,0.00052407704
13748,1105,0.0048271464
13749,19194,4.771679e-07
13750,24074,5.89042e-14
13751,110905,0.00896607
13752,110724,0.14697398
13753,30685,0.017114835
13754,50984,0.017034432
13755,38822,5.246958e-14
13756,112136,0.0002613049
13757,97785,0.039851364
13758,46027,1.0146174e-14
13759,86877,7.0014057e-09
13760,92279,0.001458661
13761,19944,0.16025965
13762,112385,0.057786837
13763,56086,0.04536966
13764,6684,0.00952741
13765,72338,3.113472e-11
13766,79537,0.00029282513
13767,106580,4.8262544e-05
13768,113060,0.010531615
13769,69876,1.8291824e-10
13770,91127,0.05753619
13771,104493,0.048240427
13772,3481,4.7116e-08
13773,29207,0.26180023
13774,96082,7.788518e-11
13775,21685,0.015370219
13776,28386,2.4198032e-11
13777,70314,0.007630734
13778,103396,0.057786837
13779,59833,3.5963595e-12
13780,83387,1.3339828e-09
13781,67404,0.0997367
13782,58026,0.009084299
13783,94436,1.2452172e-05
13784,103279,0.042720005
13785,114155,0.025946744
13786,36979,0.017034432
13787,86866,9.609527e-05
13788,27195,0.0006208793
13789,82630,0.02662436
13790,32157,1.6106503e-06
13791,23565,1.5888749e-07
13792,76026,0.0004981336
13793,69671,0.0015263944
13794,97654,0.05753619
13795,31465,0.010531615
13796,77876,0.00011797117
13797,95882,3.3162893e-12
13798,34801,0.00056497054
13799,27249,0.008355443
13800,53611,0.003682228
13801,10269,0.008618249
13802,86773,1.111003e-14
13803,18684,0.00011593393
13804,50202,6.007636e-08
13805,105034,0.007630734
13806,99884,0.0020144612
13807,20491,5.9860406e-07
13808,72071,0.00079286017
13809,56547,2.0133504e-08
13810,52570,0.007630734
13811,84111,0.017440932
13812,23951,0.017114835
13813,105196,0.03189741
13814,24220,0.00027110163
13815,103470,0.009184932
13816,44322,0.0020627258
13817,29017,0.009084299
13818,4345,1.2680009e-12
13819,682,5.044527e-07
13820,55295,3.8978076e-08
13821,28994,0.032544143
13822,11434,1.871579e-07
13823,29239,0.010531615
13824,9404,8.7773635e-08
13825,73179,6.1634026e-05
13826,44872,0.007863321
13827,102478,4.7581275e-06
13828,73720,0.007004306
13829,14921,0.010657814
13830,113237,0.009176665
13831,9666,0.15119436
13832,96159,0.012991469
13833,95954,0.0009859026
13834,55362,0.0055402275
13835,21130,3.5546628e-09
13836,32607,0.005603552
13837,88100,0.02645108
13838,83544,0.0048167007
13839,64718,1.0034239e-07
13840,17860,8.463906e-06
13841,112104,6.049393e-10
13842,66577,0.0060525606
13843,14800,0.03468771
13844,73505,0.00017722727
13845,72824,0.009181562
13846,24867,1.4867363e-08
13847,12446,1.1681345e-09
13848,105702,0.042441774
13849,11430,2.190159e-06
13850,93719,5.7453573e-05
13851,53945,3.994833e-08
13852,51626,0.010531615
13853,83428,1.2763309e-12
13854,41633,0.00038691505
13855,100095,0.00021336612
13856,84892,2.2317212e-10
13857,70982,3.860149e-08
13858,31069,0.004344768
13859,84227,4.5120218e-05
13860,97334,3.394434e-12
13861,15251,8.261777e-05
13862,38391,9.733312e-08
13863,107589,0.0033682704
13864,61443,0.009115906
13865,55695,0.009084299
13866,101451,0.002015717
13867,92785,0.0020144612
13868,96559,2.6610096e-09
13869,5422,0.046429764
13870,80516,0.0013697381
13871,18913,0.0024861172
13872,66431,1.0294722e-09
13873,76311,3.1446977e-11
13874,95367,0.032544143
13875,38388,0.008845419
13876,31449,0.007630734
13877,3951,1.2978654e-05
13878,3039,6.244727e-05
13879,53868,0.008845419
13880,112491,1.3647002e-10
13881,7389,4.2089946e-06
13882,29802,0.06865799
13883,21253,0.0055650617
13884,69966,3.113472e-11
13885,104267,0.031891707
13886,40073,1.5831107e-07
13887,45239,0.0019175311
13888,100913,0.014949887
13889,8600,0.03454235
13890,32519,0.017114835
13891,49266,0.024432875
13892,29921,0.017114835
13893,50102,1.2088418e-08
13894,68844,0.032368287
13895,63971,1.6558162e-10
13896,111940,3.0540532e-09
13897,240,1.2150657e-10
13898,51503,1.5948783e-05
13899,86535,5.0425165e-06
13900,90774,1.776247e-08
13901,1879,0.0025989867
13902,102296,0.039752092
13903,3787,0.4210774
13904,77600,0.0020144612
13905,34036,0.0006310822
13906,110675,1.7181816e-07
13907,64862,6.3248348e-12
13908,29595,0.16423137
13909,59837,2.8124857e-12
13910,38921,0.005603552
13911,49869,0.0055402275
13912,31237,0.017114835
13913,21742,6.653643e-15
13914,98386,0.01936989
13915,103339,0.0062461263
13916,102189,0.0020144612
13917,28359,7.6909366e-08
13918,85873,2.8997562e-07
13919,94286,1.1088703e-08
13920,57713,2.0848474e-11
13921,13303,5.4634824e-10
13922,99729,0.0021801235
13923,69464,0.0022811855
13924,21971,1.6576805e-10
13925,81820,0.6220633
13926,16411,4.746891e-14
13927,64727,2.6675286e-06
13928,91893,0.0042654667
13929,67000,1.2452172e-05
13930,53356,0.010531615
13931,44210,0.0006208793
13932,108325,0.008506531
13933,80336,0.0010036927
13934,35382,0.010531615
13935,107652,0.009184932
13936,17965,6.1976984e-09
13937,88549,5.230694e-09
13938,71430,1.3498351e-06
13939,36289,3.1895632e-14
13940,48725,0.31014928
13941,24279,0.0013553158
13942,41,6.621727e-11
13943,94280,0.0008329453
13944,58149,6.1634026e-05
13945,35925,3.2105232e-10
13946,103883,2.521666e-10
13947,81427,0.00020785356
13948,45566,0.0025061234
13949,12409,1.846852e-09
13950,6062,5.246669e-07
13951,73057,5.547213e-07
13952,87729,0.008506531
13953,37632,0.005869099
13954,97971,1.7435524e-09
13955,66175,4.0624514e-08
13956,113424,1.1536663e-10
13957,58183,0.0055402275
13958,68638,9.483398e-14
13959,64195,3.5963595e-12
13960,15595,4.746891e-14
13961,112478,1.611505e-05
13962,91054,2.1351405e-05
13963,94896,1.9534067e-11
13964,65454,2.1863154e-10
13965,68602,0.009181562
13966,82478,0.05047838
13967,56213,0.007161076
13968,20676,0.051730532
13969,68270,0.9218111
13970,81140,3.818975e-13
13971,5880,0.0028988628
13972,1510,0.0019809806
13973,104337,0.056436636
13974,74023,1.0773948e-09
13975,89731,0.035227705
13976,68737,0.009181562
13977,91674,2.8029492e-11
13978,71770,0.009181562
13979,102540,2.7481009e-11
13980,29053,0.003510634
13981,82142,0.0035335503
13982,30180,0.049076274
13983,93135,0.008845419
13984,72393,0.05741278
13985,76589,0.00063073414
13986,31659,7.2105243e-12
13987,67997,0.0052112807
13988,101798,1.1116227e-09
13989,56255,0.017034432
13990,103488,3.6391967e-08
13991,99653,0.005954114
13992,77959,0.004344768
13993,89511,0.00080200256
13994,30321,1.207565e-05
13995,2670,0.005811121
13996,108998,6.205508e-08
13997,40679,3.7518894e-12
13998,69135,0.001458661
13999,64854,0.0053473273
14000,108336,0.0070973393
14001,48566,0.0060525606
14002,79354,2.0574291e-10
14003,60054,0.001458661
14004,85777,0.030763503
14005,114166,0.006449025
14006,84720,0.0108660385
14007,45402,0.0085101
14008,26513,0.027574962
14009,61301,0.051730532
14010,21600,4.365614e-11
14011,54628,0.017034432
14012,90090,2.1503539e-08
14013,8795,1.8730164e-07
14014,79296,1.9970734e-07
14015,97618,0.0020144612
14016,109567,1.648715e-06
14017,64581,5.238067e-15
14018,6605,0.07746102
14019,42834,2.0848474e-11
14020,31786,0.007630734
14021,35193,2.5575427e-11
14022,98426,0.017093383
14023,114778,4.8592603e-05
14024,7753,0.00952741
14025,114583,1.5804662e-07
14026,33520,0.08256352
14027,36449,0.0038083005
14028,110728,0.016113395
14029,98620,0.039851364
14030,76535,3.9345944e-12
14031,60796,5.5698536e-07
14032,53894,0.001458661
14033,97224,0.010597673
14034,24054,2.7859517e-15
14035,44740,1.6611772e-07
14036,110518,0.001458661
14037,20343,1.4063205e-15
14038,9394,0.0034610408
14039,59559,4.897285e-10
14040,98602,0.05256187
14041,77903,2.1863154e-10
14042,38102,0.00056379754
14043,77359,3.5963595e-12
14044,103421,8.182632e-06
14045,69486,6.1634026e-05
14046,37511,2.6662698e-07
14047,19780,0.006823089
14048,103440,8.208849e-12
14049,46976,0.003951485
14050,110609,0.02662436
14051,2829,0.009881465
14052,36050,4.522116e-11
14053,84147,5.667958e-05
14054,84262,5.9698377e-06
14055,15414,0.0012369809
14056,55340,0.009084299
14057,20360,0.0002784047
14058,66341,7.686112e-12
14059,87992,0.00080200256
14060,61772,1.7238901e-07
14061,65861,8.077646e-14
14062,85597,3.1751047e-06
14063,61652,0.00028537368
14064,50346,1.2259274e-05
14065,42424,0.005039457
14066,94019,0.048240427
14067,98781,0.0017176691
14068,60917,2.521666e-10
14069,33344,0.00019805442
14070,41310,0.0042919293
14071,28004,0.010531615
14072,92352,0.045750935
14073,48317,2.5612871e-06
14074,34915,0.00025976184
14075,108360,0.010597673
14076,74898,0.00025976184
14077,45399,0.010593114
14078,44816,0.017074263
14079,87542,0.0043501053
14080,38789,0.027574962
14081,115206,0.0035549472
14082,45039,2.5087932e-11
14083,51857,0.84559023
14084,79705,2.4308098e-05
14085,42632,0.00038691505
14086,57297,1.2946196e-15
14087,12207,0.06796212
14088,101725,0.0001843504
14089,101591,5.0247216e-08
14090,1751,6.1328347e-09
14091,97863,0.0049238466
14092,39460,0.0044065244
14093,73094,0.023193115
14094,23189,0.005603552
14095,2302,0.009881465
14096,21083,1.287095e-08
14097,49072,0.008558585
14098,80718,0.9531484
14099,85433,6.9555174e-11
14100,49698,0.0002853155
14101,101718,6.2704764e-10
14102,85149,1.00102544e-10
14103,114748,0.0043561356
14104,12862,6.72484e-10
14105,23090,3.2930212e-14
14106,35838,0.008845419
14107,46277,5.769079e-14
14108,33391,0.00010091136
14109,6505,6.1629355e-09
14110,114436,0.048240427
14111,91155,0.0043501053
14112,103618,0.005869099
14113,72399,7.488527e-12
14114,67769,0.008506531
14115,32386,1.7341358e-10
14116,94263,0.011312714
14117,5034,6.1629355e-09
14118,28217,0.009084299
14119,54267,0.001458661
14120,70962,0.008845419
14121,84055,0.0020144612
14122,34511,0.008558585
14123,25678,0.06855405
14124,40189,2.1243974e-12
14125,27458,0.010531615
14126,62189,0.1395598
14127,55078,3.5246757e-07
14128,90659,0.0020144612
14129,41143,0.005603552
14130,106785,7.647839e-09
14131,14055,2.9297062e-10
14132,62488,0.005603552
14133,65926,0.0014177117
14134,85653,0.009181562
14135,68085,0.04373174
14136,102555,2.154316e-07
14137,111481,2.2818216e-07
14138,112229,0.057786837
14139,92760,0.0020144612
14140,13251,4.746891e-14
14141,10918,0.008845419
14142,84337,0.008845419
14143,95471,9.214938e-10
14144,44844,3.80938e-09
14145,3030,0.017281346
14146,17170,0.008541577
14147,47610,0.0009954225
14148,110564,2.2204333e-06
14149,58515,2.0848474e-11
14150,5514,0.024939163
14151,19724,0.0059119686
14152,11150,0.00015995403
14153,64212,5.2346695e-07
14154,82099,0.001458661
14155,101998,2.4782162e-08
14156,36019,0.032544143
14157,89727,6.406599e-11
14158,18010,0.008101773
14159,87282,4.4123047e-09
14160,98574,1.6819564e-06
14161,61425,0.0036302214
14162,102688,0.0042722304
14163,67746,3.8262227e-05
14164,99599,0.009184932
14165,96896,1.2602031e-05
14166,10428,4.244893e-07
14167,105142,1.6947311e-07
14168,25532,0.017074263
14169,78990,0.03468771
14170,8393,0.051200297
14171,50488,6.1697456e-06
14172,115413,0.0003335569
14173,61916,3.8974893e-11
14174,53244,0.0036302214
14175,98498,0.0005539234
14176,34621,0.051730532
14177,80701,2.8050126e-08
14178,55889,0.05741278
14179,95377,1.111003e-14
14180,14158,1.879847e-07
14181,66048,2.0673983e-09
14182,101155,8.7599494e-07
14183,64245,1.2708255e-10
14184,27359,1.0176842e-09
14185,64110,1.0723823e-09
14186,43395,0.0085101
14187,45987,0.009166495
14188,27653,1.6112955e-09
14189,16775,6.2528036e-09
14190,29736,9.803581e-06
14191,71750,9.483398e-14
14192,63279,0.005603552
14193,76286,0.00027314812
14194,61186,0.003682228
14195,104198,2.3004582e-06
14196,29238,0.01390759
14197,77507,0.8338459
14198,20901,1.3490305e-07
14199,89226,3.6583423e-08
14200,49843,0.008558585
14201,65549,2.1863154e-10
14202,82456,0.09024777
14203,11340,1.7690426e-11
14204,40733,0.008035012
14205,23721,4.077332e-12
14206,34396,0.015377235
14207,30113,7.611838e-12
14208,78354,0.0014177117
14209,108564,0.009184932
14210,82573,0.01609576
14211,61638,0.017440932
14212,4320,1.2810806e-06
14213,40768,0.024432875
14214,43162,2.2049723e-10
14215,40970,5.7784066e-14
14216,94092,3.8682235e-10
14217,52005,0.042838734
14218,73845,0.007882589
14219,35765,6.969894e-09
14220,98572,6.583118e-05
14221,98792,0.003684347
14222,103263,0.007630734
14223,76086,4.198264e-08
14224,7484,0.00019997131
14225,29990,0.032544143
14226,57914,0.0010441417
14227,48966,0.0013113954
14228,24120,2.2342856e-05
14229,8813,4.193761e-06
14230,89286,2.1863154e-10
14231,87885,0.010597673
14232,83176,0.0020144612
14233,2753,3.5033424e-06
14234,110206,0.07677293
14235,4712,0.05351113
14236,114258,0.0024546527
14237,111230,1.26795685e-05
14238,25134,0.0035680751
14239,114174,0.0012573771
14240,89563,0.05216715
14241,87154,0.024684858
14242,101085,0.017093383
14243,78748,1.4515273e-14
14244,59586,0.01599817
14245,78477,0.0009831698
14246,32711,0.0036302214
14247,28771,3.5313885e-13
14248,28556,8.707163e-12
14249,63301,4.4255035e-09
14250,59713,2.9445296e-10
14251,108132,1.2602031e-05
14252,6269,0.02363173
14253,43885,0.017074263
14254,24934,0.0002784047
14255,107348,6.1634026e-05
14256,91481,0.005616725
14257,54236,4.4207676e-14
14258,38344,0.024107663
14259,17229,0.063076824
14260,2930,0.023629082
14261,37142,0.01599817
14262,88219,6.536878e-09
14263,8959,6.3409004e-08
14264,46157,7.773164e-17
14265,77125,5.2225148e-11
14266,64297,3.3170736e-12
14267,67179,0.016143078
14268,93404,0.0003186244
14269,2482,0.017869916
14270,103307,2.9901491e-12
14271,109609,6.1634026e-05
14272,58000,2.362465e-10
14273,21699,4.1247182e-07
14274,106341,1.38417375e-08
14275,166,0.03792611
14276,79381,0.017311538
14277,24516,0.010593114
14278,16375,0.00042303398
14279,11736,5.9139716e-06
14280,13206,0.0014263658
14281,99218,0.014298061
14282,40782,0.059927102
14283,59031,0.0023746644
14284,79402,0.048240427
14285,40461,1.0150147e-13
14286,16842,0.022986861
14287,12926,2.1466512e-10
14288,104192,0.042441774
14289,49897,0.011426199
14290,68924,2.8190975e-06
14291,67169,0.04980838
14292,9330,0.0010039643
14293,43550,0.0009993503
14294,115233,7.5483413e-06
14295,40957,0.011426199
14296,11673,0.007893683
14297,92412,1.9234945e-09
14298,2823,2.8635039e-11
14299,55934,0.010531615
14300,94310,9.427819e-13
14301,78667,3.0021857e-11
14302,87844,0.02742935
14303,31941,0.015370219
14304,68067,0.008845419
14305,37872,1.546323e-09
14306,14824,3.7474163e-10
14307,30931,0.0030802377
14308,79481,2.1349491e-13
14309,77749,0.009383951
14310,34002,2.730193e-10
14311,91235,0.011426199
14312,83282,0.009181562
14313,9234,3.0564046e-05
14314,41134,7.1795096e-12
14315,93411,5.6667304e-06
14316,105828,3.1339006e-08
14317,2344,6.3091605e-08
14318,59071,3.982219e-16
14319,91179,0.008845419
14320,7306,0.008548419
14321,96680,0.00055804336
14322,12191,0.0025393388
14323,30913,0.05137095
14324,80699,0.007630734
14325,76463,0.0020144612
14326,73498,0.009181562
14327,92345,4.5120218e-05
14328,3238,0.032544143
14329,16323,5.2645277e-07
14330,101687,0.048240427
14331,54159,0.032544143
14332,106460,0.06865799
14333,85668,0.05137095
14334,70699,2.4055857e-05
14335,39462,4.8697743e-06
14336,17145,4.1460976e-07
14337,24218,9.447135e-09
14338,19855,3.7842312e-06
14339,103425,0.017114835
14340,50094,3.3111636e-08
14341,67732,1.9712572e-06
14342,46398,0.017074263
14343,72812,3.3082824e-07
14344,76216,8.996068e-10
14345,91227,0.04270712
14346,47924,0.009084299
14347,12561,0.00018129757
14348,44494,0.011191711
14349,45225,0.008845419
14350,31350,0.030858863
14351,82539,1.7312166e-07
14352,85223,0.0020144612
14353,112576,0.057786837
14354,83932,3.9538463e-08
14355,19767,5.7546565e-08
14356,1559,4.241057e-08
14357,25870,0.017074263
14358,26183,0.00054023403
14359,58629,0.010531615
14360,70863,2.3735066e-07
14361,90570,3.860149e-08
14362,29746,4.1358766e-10
14363,16815,3.5176243e-15
14364,11651,0.011475999
14365,64034,0.0014427594
14366,14975,5.7250283e-05
14367,77289,0.00038847717
14368,36197,1.074838e-06
14369,46949,0.007841386
14370,97306,0.0009854129
14371,91731,6.1634026e-05
14372,94852,0.009084299
14373,3373,1.0186274e-05
14374,63685,1.0723823e-09
14375,40931,3.1275973e-14
14376,56422,1.4487373e-05
14377,20306,3.1438205e-12
14378,1961,0.023629082
14379,83501,0.0014187942
14380,101745,0.0020144612
14381,3768,3.2553092e-07
14382,41203,1.0146174e-14
14383,103061,0.034003627
14384,91358,0.05741278
14385,113985,1.2037918e-07
14386,50161,3.8978076e-08
14387,105410,0.0061715827
14388,71479,4.2910262e-11
14389,93712,5.5779864e-12
14390,34042,2.7571787e-11
14391,102224,6.1634026e-05
14392,53019,0.003682228
14393,41277,0.07103359
14394,103550,0.009184932
14395,41111,0.014385811
14396,67435,0.0032012658
14397,76651,0.009181562
14398,105112,0.00053932745
14399,78191,0.00011763776
14400,2196,0.0048265187
14401,99680,4.5716986e-10
14402,15439,4.093905e-09
14403,31423,0.005603552
14404,41342,0.027574962
14405,43529,0.09257117
14406,100248,1.3106998e-15
14407,110117,4.4524096e-13
14408,52857,7.2105243e-12
14409,32093,0.01599817
14410,114477,1.6618174e-07
14411,56862,0.009084299
14412,47156,2.7859517e-15
14413,51733,0.008298639
14414,40228,0.008845419
14415,91495,0.0030274577
14416,16579,2.352022e-09
14417,87057,0.040623225
14418,105093,0.057786837
14419,80390,0.07581729
14420,46867,5.2806083e-08
14421,26850,0.005603552
14422,69597,3.7370714e-11
14423,77337,3.113472e-11
14424,38938,4.6686173e-06
14425,109106,0.04846016
14426,99183,0.068603046
14427,71008,5.426231e-10
14428,44782,0.008019019
14429,96633,6.1634026e-05
14430,106040,2.3844176e-09
14431,12858,7.029344e-09
14432,34232,0.01599817
14433,3056,1.1143538e-07
14434,37646,0.017074263
14435,7078,2.659449e-07
14436,21040,0.004276007
14437,85963,0.010012389
14438,25331,0.009166495
14439,43536,0.00015534603
14440,83055,0.017034432
14441,102281,0.007630734
14442,49088,0.15116222
14443,75918,6.1634026e-05
14444,83564,1.3662068e-08
14445,19472,0.017034432
14446,115027,0.019094082
14447,45740,0.0038311784
14448,62163,0.001458661
14449,1864,3.4527393e-08
14450,73700,0.009181562
14451,72189,3.5963595e-12
14452,73587,7.4303694e-05
14453,59901,0.022892
14454,74107,0.028253209
14455,11893,1.3238359e-10
14456,98394,0.009184932
14457,113449,0.1026037
14458,43184,2.9445296e-10
14459,30382,0.010531615
14460,38445,1.5484363e-06
14461,58061,0.009084299
14462,46669,1.705601e-07
14463,70891,1.6680893e-07
14464,85343,1.04898916e-07
14465,113826,0.00237759
14466,16564,4.7434706e-10
14467,65504,0.0041177007
14468,62888,5.5698536e-07
14469,31571,0.003712577
14470,71063,1.9608845e-14
14471,15567,0.10837911
14472,7698,4.8088464e-07
14473,3731,0.0013460611
14474,63995,0.10072983
14475,37109,0.0006832614
14476,102914,0.039851364
14477,24566,4.681891e-13
14478,97640,0.04270712
14479,32244,0.0060474733
14480,66073,3.113472e-11
14481,30390,0.010531615
14482,111505,2.8124857e-12
14483,108825,5.145795e-11
14484,95150,1.5234802e-08
14485,23554,9.397034e-08
14486,40707,0.09294824
14487,92167,0.05741278
14488,104864,0.004843005
14489,67194,3.5963595e-12
14490,55015,2.8908723e-14
14491,56513,0.009084299
14492,70523,0.008845419
14493,15952,0.09722748
14494,40429,0.0031825865
14495,81030,0.007161076
14496,8868,1.5867263e-06
14497,68852,0.009181562
14498,78333,1.424484e-06
14499,15490,1.7126649e-17
14500,8159,2.0160442e-08
14501,90534,0.010597673
14502,22185,0.0027400674
14503,86479,0.009181562
14504,97619,2.1863154e-10
14505,96393,0.05753619
14506,83277,3.6238488e-11
14507,31257,5.4755496e-06
14508,105386,6.8422774e-11
14509,88658,0.0014699146
14510,111221,0.0035325342
14511,79720,0.0021801235
14512,53529,0.007630734
14513,64542,9.483398e-14
14514,33473,1.6479664e-08
14515,102080,0.05216715
14516,44875,0.00045373422
14517,32445,3.5731276e-15
14518,107065,3.9179864e-11
14519,111990,0.00055804336
14520,580,0.011426199
14521,80119,1.424484e-06
14522,108428,0.08167636
14523,84656,0.008506531
14524,24965,1.1907204e-05
14525,105704,6.1634026e-05
14526,4681,5.90442e-08
14527,79493,0.005616725
14528,63014,6.905573e-12
14529,23449,0.025238749
14530,36025,0.032544143
14531,54618,6.0743612e-05
14532,71036,0.05741278
14533,5390,0.009896677
14534,74978,0.017034432
14535,72076,0.1759755
14536,99234,0.0049840785
14537,1025,0.009896677
14538,26683,0.0023937605
14539,71123,3.4543971e-13
14540,32832,0.005603552
14541,61542,0.00012432478
14542,23535,2.8102603e-12
14543,70457,0.00033184
14544,76182,1.111003e-14
14545,63048,0.005603552
14546,50219,0.001458661
14547,52832,5.0650724e-14
14548,92751,0.024684858
14549,309,1.4962042e-11
14550,69440,0.0653051
14551,71293,2.1411774e-06
14552,77874,0.03468771
14553,19662,1.8910534e-05
14554,15281,0.0036292938
14555,113384,0.03854016
14556,5600,4.286763e-07
14557,8878,1.1658735e-06
14558,9342,2.3013663e-05
14559,110755,3.6238488e-11
14560,27477,0.007863321
14561,56411,4.4670023e-06
14562,28493,0.0009954225
14563,14708,2.1368518e-07
14564,30826,2.7804605e-09
14565,14794,1.0247801e-09
14566,92239,0.08129233
14567,83517,8.671063e-09
14568,15799,0.022986861
14569,99818,0.008089746
14570,87707,0.05741278
14571,114105,0.1961286
14572,29205,0.00012038292
14573,106861,0.0270346
14574,94763,8.6600323e-07
14575,90733,0.0035266695
14576,85351,6.993237e-09
14577,48803,0.0015902519
14578,38446,0.028758163
14579,11096,0.00023168157
14580,55842,0.068451926
14581,67773,0.0010960877
14582,37612,8.3675775e-05
14583,66674,7.272118e-10
14584,31601,0.017114835
14585,109621,0.0005283414
14586,15055,5.8677e-11
14587,17680,7.461907e-08
14588,83024,8.690551e-09
14589,39457,0.0006310822
14590,60702,4.5120218e-05
14591,39023,0.024000274
14592,30684,0.0005368607
14593,41979,0.03539168
14594,34608,0.07103359
14595,38975,1.0146174e-14
14596,33959,0.05137095
14597,113696,5.737059e-14
14598,86108,0.013847047
14599,42269,0.009166495
14600,12294,1.0305517e-11
14601,34893,3.6284578e-07
14602,17356,2.6213044e-16
14603,84130,0.009181562
14604,113360,0.00237759
14605,94304,6.324567e-09
14606,40644,3.915493e-10
14607,18827,3.1596042e-07
14608,12761,2.459977e-08
14609,31137,0.010531615
14610,24043,0.005603552
14611,98194,0.017493913
14612,78472,0.033285875
14613,26408,0.0013154529
14614,47385,0.00829756
14615,61968,0.0073023727
14616,80943,0.00053932745
14617,95462,0.0036406247
14618,7192,0.00016752043
14619,68481,0.03468771
14620,100815,0.0014177117
14621,75251,3.113472e-11
14622,42136,0.0051733973
14623,109782,0.07324448
14624,108241,0.009184932
14625,108487,0.048240427
14626,109725,0.0014231944
14627,77313,3.629611e-06
14628,52231,0.008845419
14629,18437,2.56165e-10
14630,88883,0.011426199
14631,83651,0.015377235
14632,56288,6.10684e-05
14633,68212,5.9798766e-09
14634,94925,8.838309e-09
14635,101284,0.009184932
14636,95543,0.013780199
14637,88696,0.0010522492
14638,89297,0.0020144612
14639,80728,9.0157366e-05
14640,54115,0.0059808404
14641,18999,4.3553675e-11
14642,38855,0.0002087937
14643,51499,2.0916632e-10
14644,54535,1.5431366e-05
14645,103170,0.000120431825
14646,17496,3.8915303e-12
14647,53650,0.010531615
14648,74186,0.008506531
14649,7784,0.06375701
14650,75932,0.017440932
14651,11770,0.0038111561
14652,28034,5.789892e-10
14653,108551,0.0022382287
14654,18021,7.478221e-12
14655,89787,2.810094e-12
14656,50837,0.0009831698
14657,79338,1.5950907e-06
14658,74841,5.2453653e-11
14659,49748,0.0009831698
14660,110740,0.017317794
14661,10535,0.005537089
14662,8346,2.735427e-07
14663,62232,0.0020144612
14664,213,0.0002087937
14665,79183,0.05047838
14666,35072,1.9298738e-09
14667,9634,0.06864146
14668,48164,0.0006208793
14669,83119,5.5744554e-08
14670,88091,0.009181562
14671,19424,7.548562e-07
14672,13978,4.7777324e-09
14673,48709,1.9525235e-07
14674,113437,1.29545415e-05
14675,91767,3.4509399e-06
14676,92076,1.3278965e-07
14677,104681,0.010597673
14678,112447,0.039255198
14679,26684,4.138295e-08
14680,18130,4.6992126e-09
14681,54832,0.024432875
14682,16391,4.746891e-14
14683,51963,6.3545422e-09
14684,102293,0.039752092
14685,97938,2.9194352e-11
14686,73984,0.04787555
14687,70651,5.337995e-12
14688,94663,9.8362436e-11
14689,9816,0.0015777918
14690,60821,0.017034432
14691,89134,0.05741278
14692,37039,0.024432875
14693,75296,2.41386e-12
14694,87077,0.068451926
14695,89589,6.2930408e-09
14696,101943,0.050779287
14697,28398,0.007630734
14698,15802,9.1572067e-10
14699,32578,0.00027617818
14700,55171,6.1847055e-10
14701,27712,0.030408526
14702,32341,1.1817317e-07
14703,24270,0.010593114
14704,71141,0.009181562
14705,69634,0.009181562
14706,86678,0.00080200256
14707,26137,0.03239536
14708,50978,0.016146887
14709,70265,5.34212e-08
14710,81881,6.1634026e-05
14711,70973,4.681984e-08
14712,78090,0.0068159024
14713,98395,0.034115262
14714,68639,0.001458661
14715,39711,0.0029674894
14716,89142,0.0005866832
14717,105134,0.0009854129
14718,41694,0.005603552
14719,99371,0.00064479787
14720,12718,9.667884e-09
14721,56216,0.010531615
14722,4561,0.0027717866
14723,39453,5.9366055e-05
14724,98296,0.0102125965
14725,15297,0.005173245
14726,35741,0.032544143
14727,14584,2.6466582e-10
14728,38843,0.06806343
14729,47255,0.024107663
14730,9768,4.8825345e-06
14731,30418,2.196206e-06
14732,83312,1.7270065e-06
14733,52722,1.2259274e-05
14734,19821,0.068451926
14735,66228,0.0011165098
14736,92920,0.0048456895
14737,96960,7.311512e-05
14738,73042,0.02006725
14739,28889,0.0009993503
14740,115433,1.28961135e-08
14741,44702,0.00829756
14742,7892,0.00952741
14743,7363,0.0055553857
14744,70400,4.009321e-08
14745,2124,6.1649007e-07
14746,6692,0.017869916
14747,68763,0.009181562
14748,105608,0.0014177117
14749,59583,0.024432875
14750,71052,1.900443e-07
14751,48016,0.0010168058
14752,67733,0.06975691
14753,67539,9.483398e-14
14754,65369,0.028253209
14755,30917,0.0010522492
14756,12382,0.013492468
14757,99560,1.7184924e-10
14758,61470,1.2094834e-11
14759,109459,0.0035325342
14760,77157,1.0344546e-08
14761,44924,4.421341e-14
14762,34613,5.6434607e-11
14763,56444,0.042838734
14764,90956,0.05741278
14765,67461,6.1634026e-05
14766,110249,1.2637077e-05
14767,15491,5.9059606e-09
14768,89014,3.9018537e-12
14769,115192,0.0014921338
14770,20559,0.03830148
14771,107708,8.208849e-12
14772,65644,1.2462176e-05
14773,25911,0.0021584723
14774,100252,7.639852e-12
14775,98304,9.02079e-06
14776,8519,0.00045959323
14777,24640,9.715794e-06
14778,43809,0.007630734
14779,91272,2.4699112e-08
14780,115861,0.034186274
14781,82429,2.1532604e-11
14782,47087,0.09257117
14783,104257,3.6995395e-06
14784,59816,1.0294722e-09
14785,77623,0.0015176588
14786,6898,2.7199673e-07
14787,12206,0.68583953
14788,71721,0.007004306
14789,12302,1.4108748e-06
14790,5932,9.878322e-06
14791,42104,0.03239536
14792,87740,0.010597673
14793,9779,0.1612585
14794,89149,1.292586e-08
14795,13086,0.00031171436
14796,898,2.1224816e-06
14797,78362,1.5893424e-10
14798,14684,0.011426199
14799,52942,0.01599817
14800,88900,0.0807709
14801,7432,0.03456673
14802,84674,3.878318e-08
14803,38728,7.1795096e-12
14804,8670,4.2359957e-08
14805,105455,0.026053129
14806,75900,0.0007983909
14807,55113,6.5306767e-06
14808,108408,0.0020207777
14809,54426,0.005686457
14810,72787,0.00091310084
14811,63207,0.039752092
14812,69572,0.05741278
14813,27544,0.017074263
14814,39057,1.4966907e-13
14815,45567,0.0012442914
14816,57672,3.883561e-11
14817,46120,8.161772e-10
14818,79581,0.0016987133
14819,94899,0.016113395
14820,96193,1.587436e-06
14821,635,1.191411e-08
14822,35626,0.0009831698
14823,94656,0.02662436
14824,28487,0.008558585
14825,11792,3.5608612e-06
14826,103627,6.6042514e-09
14827,99867,0.05769793
14828,1259,0.06864146
14829,25077,8.3914964e-10
14830,96329,0.006506029
14831,49446,5.769079e-14
14832,89995,0.0035335503
14833,63872,5.3722324e-08
14834,5359,1.6912452e-07
14835,49666,6.459584e-14
14836,63499,1.8285343e-07
14837,25354,0.005603552
14838,4920,4.0912757e-05
14839,713,5.3146576e-09
14840,55341,1.7639732e-13
14841,112712,0.009050281
14842,51137,2.2534847e-05
14843,72218,3.1448115e-11
14844,49527,0.95766544
14845,85070,0.009181562
14846,65358,0.0017483967
14847,6807,0.0048271464
14848,2130,1.6971078e-05
14849,3739,2.1743135e-06
14850,53212,2.2397167e-10
14851,16013,3.244131e-11
14852,69590,0.042838734
14853,112724,0.0020207777
14854,67669,1.4305077e-07
14855,12501,4.746511e-14
14856,59554,0.0023870617
14857,32015,0.004344768
14858,103130,6.6579055e-08
14859,112161,0.00013978555
14860,114103,9.625244e-11
14861,58381,3.8978076e-08
14862,99026,0.08273073
14863,24648,7.462277e-12
14864,55061,2.0848474e-11
14865,52931,0.004344768
14866,11634,0.009896677
14867,3644,0.15782295
14868,50709,8.7220015e-13
14869,66644,0.0032950174
14870,53249,0.009084299
14871,1238,0.0019963898
14872,89837,1.9904851e-07
14873,78071,1.1203076e-06
14874,67059,0.008845419
14875,110795,3.8186916e-09
14876,28848,0.009084299
14877,73762,6.1634026e-05
14878,59959,0.001624404
14879,93430,0.068603046
14880,51175,0.0014692483
14881,73776,0.027624859
14882,20657,5.7964116e-06
14883,71372,0.007004306
14884,104783,1.7309981e-08
14885,3221,0.0018992445
14886,110222,0.009120641
14887,43961,0.01390759
14888,49632,0.017034432
14889,68697,0.008506531
14890,98944,1.6773648e-10
14891,99951,6.8364494e-07
14892,21097,0.007960484
14893,94816,0.010531615
14894,79390,0.00020520893
14895,17793,7.596906e-10
14896,88872,0.0015147561
14897,80145,0.009181562
14898,40740,8.734926e-08
14899,36384,0.0006208793
14900,104948,0.050779287
14901,51609,3.8682235e-10
14902,71147,0.08777404
14903,90577,0.007161076
14904,40009,0.00058038457
14905,85883,0.00055812736
14906,26425,0.086333364
14907,106423,0.08167636
14908,29339,0.0015938933
14909,50253,0.0036302214
14910,92081,0.00053932745
14911,43936,0.1016414
14912,17857,2.985519e-10
14913,82525,0.04536966
14914,52015,1.0146174e-14
14915,52149,0.007630734
14916,50994,3.8978076e-08
14917,102031,0.013780199
14918,68895,0.078413665
14919,31954,0.009084299
14920,55956,1.8137057e-06
14921,103208,0.057889596
14922,50440,0.051730532
14923,15881,0.007630734
14924,102531,5.3730012e-08
14925,35150,0.009084299
14926,12673,2.3297275e-14
14927,2900,0.0048265187
14928,52867,6.9555174e-11
14929,17200,6.2748813e-13
14930,105761,0.050779287
14931,21648,2.9323852e-13
14932,24022,0.008845419
14933,45634,5.8689622e-08
14934,105441,3.181696e-07
14935,115363,0.00019854585
14936,47609,0.0467899
14937,10575,0.030362666
14938,12674,0.00012038292
14939,9172,1.1227316e-07
14940,86514,1.3765554e-06
14941,37829,0.024432875
14942,63578,0.0007983909
14943,58087,9.803581e-06
14944,21210,0.020561721
14945,87979,0.0003861692
14946,69169,0.051730532
14947,88688,0.03928465
14948,31878,1.2018012e-10
14949,71356,0.007004306
14950,79008,0.00079286017
14951,13292,0.004684085
14952,98382,0.00026939384
14953,70287,0.007630734
14954,101918,0.0075809965
14955,3587,2.190159e-06
14956,34821,0.017034432
14957,76181,2.094856e-11
14958,82015,0.0054488014
14959,44703,0.0001141803
14960,22388,0.0037922664
14961,104885,0.0038308748
14962,113365,0.057889596
14963,77796,1.052915e-09
14964,52874,0.00020785356
14965,88489,0.017093383
14966,11356,0.009984498
14967,106227,6.1634026e-05
14968,89936,2.0895926e-11
14969,15575,0.0059808404
14970,3709,0.0004034683
14971,90528,1.1129704e-06
14972,23331,0.00033184
14973,41120,0.0004611632
14974,32500,4.2567747e-10
14975,47757,2.05045e-06
14976,96094,9.0777065e-12
14977,58385,0.05047838
14978,113531,8.208849e-12
14979,51231,3.9855821e-10
14980,76691,0.024533123
14981,68691,0.002824946
14982,18031,2.8462818e-10
14983,112130,2.3732028e-08
14984,108756,0.005616725
14985,36452,3.0390652e-06
14986,12753,2.531539e-06
14987,96076,9.761383e-07
14988,109910,5.0778046e-05
14989,42814,0.007630734
14990,27569,0.017074263
14991,5701,0.017869916
14992,36409,0.027574962
14993,40649,0.04781412
14994,38579,0.01599817
14995,96781,0.005616725
14996,58961,1.3757304e-08
14997,49454,0.0015777918
14998,86463,1.5180946e-05
14999,60077,7.1756415e-07
15000,44005,0.0070283753
15001,72250,3.528241e-06
15002,98917,2.5889442e-06
15003,69255,0.0807709
15004,37972,0.0001226258
15005,44337,0.0001141803
15006,33982,0.0055402275
15007,49572,0.017034432
15008,80131,0.0035335503
15009,56627,5.372991e-08
15010,91637,5.185672e-10
15011,99976,0.0021499936
15012,58335,0.04373174
15013,3005,0.0009954913
15014,81109,0.0010522492
15015,8535,1.9232484e-09
15016,69866,0.0015693421
15017,7903,7.02916e-08
15018,109414,0.010597673
15019,110152,1.357761e-06
15020,80053,1.0370098e-10
15021,85841,0.00025411375
15022,47128,0.0015156976
15023,112237,0.010531615
15024,42865,5.953192e-07
15025,23949,4.2958663e-06
15026,70175,2.2659166e-12
15027,80907,0.033285875
15028,55990,0.010531615
15029,83881,2.8465945e-07
15030,48138,1.982202e-14
15031,3459,0.00015995403
15032,26091,0.009166495
15033,82939,3.6238488e-11
15034,31251,0.008845419
15035,56947,4.1624523e-07
15036,58599,0.05741278
15037,27010,0.09024777
15038,7864,7.787925e-07
15039,97669,0.010597673
15040,72506,4.5120218e-05
15041,25672,3.2706519e-06
15042,87839,7.611838e-12
15043,84644,0.0020144612
15044,104057,6.7349515e-11
15045,81570,4.2361414e-08
15046,82221,0.010597673
15047,44029,4.085135e-05
15048,7993,2.344017e-06
15049,78699,1.0294722e-09
15050,55189,1.6479664e-08
15051,110731,0.07565959
15052,85929,7.488527e-12
15053,15678,2.0727037e-10
15054,83118,3.3177066e-12
15055,83229,0.008845419
15056,71782,0.027574962
15057,106596,4.9940856e-05
15058,33192,0.051730532
15059,28298,0.0015156976
15060,58984,8.760066e-09
15061,63391,0.018907836
15062,15390,0.0134347305
15063,7397,3.0500141e-06
15064,70997,6.1634026e-05
15065,12893,5.0751885e-07
15066,73463,7.619857e-08
15067,106860,2.261398e-06
15068,107298,8.164727e-06
15069,57669,0.00079286017
15070,25985,0.010593114
15071,103769,0.001190279
15072,90588,0.007630734
15073,108602,0.0102125965
15074,77562,0.0807709
15075,84318,0.02662436
15076,78654,0.015823359
15077,102065,0.0002327039
15078,60101,1.2452172e-05
15079,71345,6.4319745e-09
15080,39869,0.0009831698
15081,6038,8.538452e-06
15082,54192,0.0008178421
15083,52508,0.001458661
15084,61465,6.1634026e-05
15085,115230,0.0074659945
15086,109593,7.185201e-07
15087,86075,0.008845419
15088,12291,0.07103359
15089,57290,0.0023894135
15090,18785,0.008541577
15091,32183,0.009084299
15092,110984,0.005616725
15093,72070,0.008047716
15094,65850,4.2022457e-08
15095,41056,4.7482277e-07
15096,19443,0.0031443723
15097,17459,2.6213044e-16
15098,66820,0.07639059
15099,55388,7.8792634e-10
15100,87871,0.007882589
15101,97609,0.0002147333
15102,77741,0.010586334
15103,59395,0.04787555
15104,32468,0.032544143
15105,115383,1.6864152e-09
15106,2850,1.3499017e-07
15107,7263,0.011475999
15108,109934,2.1074562e-11
15109,52368,2.1908588e-06
15110,6846,0.30891496
15111,40109,0.0015150252
15112,23117,4.697196e-09
15113,114241,7.6493223e-10
15114,100961,0.0083529735
15115,92097,0.1016414
15116,90826,0.05741278
15117,41261,0.005603552
15118,71308,0.0035680751
15119,112517,0.0015954345
15120,10101,6.6480984e-06
15121,25851,0.0015156976
15122,95668,0.011202871
15123,2814,0.009881465
15124,47961,6.9965114e-05
15125,108724,0.0037801657
15126,62917,0.04536966
15127,33343,0.032544143
15128,18495,0.17363267
15129,87000,0.00080200256
15130,62809,1.4917811e-08
15131,35030,0.004344768
15132,49503,0.017034432
15133,111428,2.040657e-08
15134,107171,2.1057396e-08
15135,2181,1.7309228e-05
15136,45312,1.1907204e-05
15137,51161,3.3799446e-11
15138,1336,7.574645e-16
15139,105988,1.25402885e-05
15140,74030,0.001458661
15141,52949,2.1403643e-09
15142,51149,0.024107663
15143,67521,0.0006310822
15144,87670,0.042080145
15145,82682,0.005869099
15146,114547,0.0017713457
15147,19529,2.4419962e-09
15148,84025,0.00063073414
15149,79141,0.011426199
15150,101771,1.11706e-12
15151,99778,1.8291824e-10
15152,47686,0.005603552
15153,55040,0.0005368607
15154,19675,2.116209e-11
15155,13305,0.009101587
15156,1516,6.713434e-10
15157,24980,1.3748262e-06
15158,91223,7.594219e-08
15159,61919,0.0028151472
15160,52748,3.6167692e-12
15161,12550,7.084365e-10
15162,67590,0.007161076
15163,18461,1.9828983e-06
15164,86889,9.363414e-09
15165,79,2.8392602e-10
15166,11294,7.980989e-08
15167,56076,2.2159202e-05
15168,82816,0.027647147
15169,109715,0.017317794
15170,26407,0.017074263
15171,48962,6.4395535e-06
15172,15072,0.008541577
15173,113252,0.0023787855
15174,100880,9.1081276e-08
15175,84063,0.07103359
15176,67253,0.08777404
15177,92958,0.009181562
15178,114269,3.6531037e-05
15179,110793,3.7876937e-06
15180,86621,0.009181562
15181,9298,3.4527393e-08
15182,89162,6.406599e-11
15183,108716,0.007337851
15184,49880,5.7546565e-08
15185,46252,0.0036498394
15186,105684,5.442639e-07
15187,61589,1.2452172e-05
15188,66321,0.0057430975
15189,64541,6.065862e-06
15190,16955,0.00031592505
15191,80135,0.005616725
15192,58390,7.4833373e-10
15193,21935,3.298339e-14
15194,40832,0.014795163
15195,9045,4.85633e-07
15196,35650,1.2259274e-05
15197,8390,0.00030578766
15198,1005,7.574645e-16
15199,70587,0.0014177117
15200,89996,0.0073276917
15201,75440,0.007004306
15202,15759,0.16543192
15203,71385,0.009181562
15204,69462,0.00021413852
15205,19936,0.00016850678
15206,2962,1.2794731e-08
15207,90547,0.005616725
15208,15572,1.1100649e-10
15209,30112,4.6629202e-12
15210,46658,2.8228487e-11
15211,72545,3.6238488e-11
15212,41137,2.2368576e-09
15213,105132,0.03468771
15214,52799,2.2772992e-08
15215,22917,7.965517e-17
15216,58209,0.0046549067
15217,58113,0.00029476063
15218,60401,4.9515684e-06
15219,100530,5.5958225e-09
15220,99122,0.0002613049
15221,51480,0.00024977417
15222,110189,0.057889596
15223,36108,0.0010976733
15224,21231,0.007630734
15225,83323,0.01022795
15226,61774,7.671677e-07
15227,53143,0.007974509
15228,78685,1.2462176e-05
15229,85267,6.1634026e-05
15230,36118,0.15116222
15231,59929,0.05137095
15232,65715,1.7222698e-09
15233,12724,0.005504135
15234,52433,7.548369e-08
15235,95337,0.05753619
15236,95919,0.054639947
15237,93072,0.00020824316
15238,58769,1.0703592e-09
15239,35490,0.016588908
15240,62771,0.00028552258
15241,23045,2.382851e-11
15242,52384,0.0021467868
15243,60152,0.068451926
15244,113241,2.1532604e-11
15245,28151,3.940379e-11
15246,48411,2.0848474e-11
15247,14238,1.1904977e-08
15248,34247,0.010531615
15249,72541,9.804979e-15
15250,108710,0.039851364
15251,109957,1.2637077e-05
15252,6470,0.00029042017
15253,67637,0.0003312827
15254,104542,0.057786837
15255,56191,0.009084299
15256,62664,0.005603552
15257,36240,0.068451926
15258,40989,4.7257567e-12
15259,63545,5.781031e-10
15260,17589,0.009115906
15261,1504,7.733786e-07
15262,39624,3.691222e-08
15263,31790,0.010531615
15264,107218,2.9910673e-08
15265,46624,6.459584e-14
15266,100987,0.03189741
15267,38322,0.011426199
15268,57656,0.017034432
15269,18119,0.051730532
15270,55412,2.6962104e-09
15271,59858,0.02544447
15272,85421,1.3988188e-12
15273,100503,0.00031867815
15274,91651,9.545494e-11
15275,92596,0.05741278
15276,66313,3.5963595e-12
15277,20502,0.0012426393
15278,12068,0.009101587
15279,7913,0.0048271464
15280,93834,6.1634026e-05
15281,58760,0.0036406247
15282,114344,4.200286e-14
15283,55884,0.039752092
15284,12172,8.725008e-07
15285,7456,6.808699e-08
15286,84897,0.0005866832
15287,4751,0.058112465
15288,88070,0.0010168058
15289,64745,0.0014177117
15290,53232,0.9994165
15291,99765,0.005179432
15292,95764,0.0037284244
15293,13535,0.010544453
15294,5609,3.6758156e-11
15295,105800,0.005616725
15296,96694,1.1331984e-07
15297,65691,5.2586185e-11
15298,108849,3.4185937e-06
15299,15241,5.046168e-07
15300,39240,0.024107663
15301,109807,5.036466e-08
15302,61537,1.8633669e-07
15303,70989,0.001458661
15304,110280,0.0019637463
15305,27795,0.008355443
15306,44918,0.005603552
15307,11548,1.0137036e-06
15308,34336,0.051730532
15309,59598,8.787904e-11
15310,3341,4.3991983e-07
15311,4321,4.4968237e-06
15312,45245,2.0473379e-17
15313,80788,0.01609576
15314,55303,0.008298639
15315,33147,7.488527e-12
15316,109633,3.1561711e-07
15317,15722,7.422477e-11
15318,58936,0.009084299
15319,57417,1.3100594e-06
15320,63818,0.001413896
15321,53438,1.6643162e-08
15322,109942,2.0584565e-11
15323,37356,0.015271516
15324,66628,3.2107512e-13
15325,1647,0.05484476
15326,65819,0.0023870617
15327,86677,0.0006101255
15328,33765,0.00032423518
15329,2661,0.08596141
15330,29093,1.3904579e-06
15331,51972,1.4267285e-07
15332,84508,1.2094834e-11
15333,106854,0.011895626
15334,71742,4.264684e-09
15335,102142,0.00055804336
15336,61870,9.58357e-07
15337,68634,1.424484e-06
15338,31357,0.06387287
15339,40425,1.8346496e-11
15340,97400,1.5180687e-05
15341,84103,0.032368287
15342,16961,5.268512e-13
15343,37811,5.812664e-06
15344,108683,1.3666047e-07
15345,95193,0.016113395
15346,115871,0.017114835
15347,57344,2.0848474e-11
15348,56155,0.00018557736
15349,56067,0.010531615
15350,39537,0.03239536
15351,102061,0.0020144612
15352,101932,4.3006844e-12
15353,44527,1.1907204e-05
15354,79575,0.024107663
15355,2554,0.0032031608
15356,34564,0.003510634
15357,38734,0.0009993503
15358,43190,0.09257117
15359,79674,0.011426199
15360,92405,0.017618142
15361,11849,3.4227947e-11
15362,50521,1.080186e-11
15363,9010,0.0015465512
15364,83316,3.520484e-11
15365,45492,5.318849e-15
15366,54821,0.0022302202
15367,6813,0.0019061764
15368,12162,6.0120976e-15
15369,3482,0.08999429
15370,79367,0.007004306
15371,33471,0.010531615
15372,52705,0.0028284746
15373,35416,0.051730532
15374,85492,2.3844176e-09
15375,64338,9.2528923e-10
15376,18469,2.6519408e-16
15377,63115,0.008845419
15378,69053,0.05047838
15379,90962,0.07581729
15380,112214,7.3066526e-14
15381,85868,0.017034432
15382,112822,0.0036933233
15383,3473,0.12305165
15384,63447,0.017034432
15385,3066,1.1501169e-06
15386,42838,7.968476e-14
15387,110725,0.00029899285
15388,42635,0.007630734
15389,94029,0.00020095283
15390,40280,0.0063674287
15391,26886,0.004344768
15392,79202,1.5875617e-06
15393,60884,0.05741278
15394,98789,7.17257e-12
15395,87717,0.051543478
15396,12993,0.26456806
15397,102390,2.459455e-06
15398,62264,6.0994382e-12
15399,59803,6.499742e-09
15400,88992,1.7792171e-08
15401,45452,0.0016385948
15402,13946,1.3956024e-08
15403,6697,2.7199673e-07
15404,63918,2.1732678e-11
15405,32727,0.024432875
15406,2328,0.045338824
15407,39564,0.009166495
15408,87938,9.599727e-10
15409,94485,0.0005003087
15410,93760,0.009184932
15411,36164,1.7639732e-13
15412,89340,0.031770848
15413,91090,6.009658e-06
15414,57401,3.6167692e-12
15415,12492,1.2788631e-08
15416,97629,7.105427e-12
15417,103727,1.4681409e-05
15418,36003,0.068451926
15419,91853,0.0017176691
15420,23405,1.7639732e-13
15421,74204,0.0022697179
15422,83948,0.005616725
15423,71538,0.009181562
15424,35699,2.7859517e-15
15425,39790,3.2797168e-12
15426,14563,0.008101773
15427,56079,0.05047838
15428,55136,0.032544143
15429,44225,0.037866514
15430,56681,0.0036405534
15431,47031,0.0021437
15432,52708,0.008845419
15433,80827,2.521666e-10
15434,56922,0.0036302214
15435,90987,7.0271156e-10
15436,22391,0.0008151108
15437,75798,0.05047838
15438,15632,5.1064308e-05
15439,110434,0.010597673
15440,10766,2.249235e-06
15441,111835,0.017114835
15442,41253,0.016769435
15443,49834,2.9623335e-08
15444,68305,0.001458661
15445,73176,1.5256169e-09
15446,1399,0.017869916
15447,96163,0.005616725
15448,26161,6.7510633e-12
15449,12816,3.6314933e-08
15450,69851,0.0057492517
15451,75383,0.05047838
15452,109816,0.00015097311
15453,71199,1.5198728e-08
15454,67480,0.0048702015
15455,2359,0.00010981016
15456,47043,0.010593114
15457,31381,5.2721035e-12
15458,53856,0.022892
15459,92132,0.0003186244
15460,11158,0.017787637
15461,84946,1.2054008e-10
15462,55001,0.068451926
15463,38695,4.045817e-06
15464,64921,1.31935885e-05
15465,6474,0.007648132
15466,82612,0.04536966
15467,57829,0.003682228
15468,87721,0.05741278
15469,7742,0.007893683
15470,100477,0.048240427
15471,45557,0.00034335826
15472,113395,2.8124857e-12
15473,83652,4.0027692e-10
15474,95411,1.194031e-07
15475,73319,2.2659166e-12
15476,73953,4.0111303e-10
15477,67102,0.01390759
15478,57324,0.0030274577
15479,61449,1.2810003e-10
15480,56320,7.956123e-12
15481,35672,3.722597e-07
15482,102384,0.04787555
15483,26537,0.0008139481
15484,104731,0.010597673
15485,51843,0.0002853155
15486,110618,0.008315511
15487,95348,0.0807709
15488,29141,5.837507e-06
15489,103562,1.7945532e-09
15490,98767,4.5120218e-05
15491,17001,1.9703963e-10
15492,50169,0.01599817
15493,71837,1.2259274e-05
15494,3438,0.012583016
15495,46766,0.017074263
15496,5524,2.7094175e-06
15497,30898,0.08734482
15498,82198,9.412776e-14
15499,91306,0.108159624
15500,56083,2.0499376e-06
15501,41856,0.026400069
15502,98068,0.0014177117
15503,65647,7.712191e-07
15504,17858,5.981375e-15
15505,70058,0.024432875
15506,52602,0.007004306
15507,65913,3.8749544e-08
15508,68180,0.0032143127
15509,107205,0.00026335605
15510,81449,3.7501724e-08
15511,106017,7.7308727e-07
15512,115801,0.0069349166
15513,45128,0.0048456895
15514,20150,0.009115906
15515,12806,1.0102255e-08
15516,86541,2.059729e-11
15517,83178,2.7136862e-08
15518,94162,0.0020144612
15519,32686,0.0015137042
15520,59353,0.0055402275
15521,74772,3.113472e-11
15522,71413,2.2659166e-12
15523,27962,6.459584e-14
15524,42739,0.11469945
15525,31950,0.005603552
15526,103775,0.001458661
15527,27713,0.017074263
15528,57571,0.0055402275
15529,87218,3.292345e-09
15530,93892,0.009184932
15531,24762,0.015370219
15532,50419,0.008845419
15533,94045,0.00011958808
15534,14244,0.019825885
15535,51482,0.008298639
15536,54204,0.022892
15537,16963,0.06730878
15538,108322,0.03854016
15539,59298,0.008089746
15540,20455,1.4466057e-09
15541,28518,0.051730532
15542,78914,0.009067895
15543,58763,0.030431528
15544,37088,6.849751e-17
15545,52,7.034685e-05
15546,70003,6.3679497e-09
15547,11258,3.328312e-06
15548,78548,9.927062e-16
15549,89685,0.0006101255
15550,81714,4.5716805e-10
15551,35888,0.051730532
15552,95209,1.3319847e-05
15553,76066,2.0184594e-09
15554,4414,0.0467899
15555,113952,0.00237759
15556,74564,0.0007983909
15557,42785,0.005603552
15558,39605,0.8798674
15559,83399,2.4799338e-06
15560,72933,1.111003e-14
15561,15697,0.007630734
15562,86378,0.009181562
15563,54704,3.6167692e-12
15564,17840,5.294914e-10
15565,114028,0.087052986
15566,59358,0.04787555
15567,81116,1.6104774e-10
15568,79614,0.024107663
15569,84015,3.5624277e-09
15570,84086,0.0020144612
15571,64481,0.47391066
15572,54872,3.7779056e-08
15573,27144,0.027574962
15574,115309,1.9992554e-13
15575,3074,6.3091605e-08
15576,38061,2.6131322e-09
15577,66042,1.7255742e-06
15578,28136,0.008355443
15579,71761,0.005502342
15580,20014,6.0369787e-10
15581,114067,0.011082361
15582,41352,4.9863945e-07
15583,65125,4.5716986e-10
15584,97739,0.05753619
15585,98832,0.00053932745
15586,109951,0.011461106
15587,31133,2.5789113e-10
15588,90984,9.752133e-07
15589,54108,0.009084299
15590,111608,0.0002613049
15591,76907,0.0076425825
15592,87193,5.673203e-05
15593,64417,0.0007983909
15594,13587,2.9197352e-06
15595,29319,0.0076643657
15596,219,1.1807224e-11
15597,26677,0.017074263
15598,12779,0.091762505
15599,111395,0.005616725
15600,77752,2.1887979e-10
15601,112137,1.7294173e-08
15602,82856,6.1634026e-05
15603,29184,1.7505733e-13
15604,93494,7.22355e-11
15605,106136,0.0009749477
15606,55595,0.009084299
15607,58774,1.1085095e-14
15608,15647,1.8055324e-06
15609,20500,0.011755209
15610,49390,0.0073023727
15611,3595,8.641097e-09
15612,1319,6.1328347e-09
15613,25132,2.1798241e-10
15614,60601,1.1956421e-09
15615,73360,3.878318e-08
15616,51357,4.522116e-11
15617,44570,2.4137694e-06
15618,47577,1.0146174e-14
15619,50623,7.210099e-05
15620,21733,0.017034432
15621,63747,0.007565507
15622,29222,0.022921072
15623,97481,0.04270712
15624,59135,0.03705001
15625,84987,2.7199456e-12
15626,23364,2.8571256e-15
15627,27424,0.05137095
15628,2786,1.9866418e-05
15629,13996,2.0212035e-08
15630,54257,7.132278e-05
15631,58684,0.002234119
15632,63043,1.3629814e-09
15633,68961,0.017034432
15634,46535,2.0582619e-13
15635,9484,3.1502802e-07
15636,109594,0.0068329745
15637,18595,0.028758163
15638,25822,0.005603552
15639,58176,0.0020144612
15640,16743,0.0015176588
15641,50845,2.7859517e-15
15642,22085,0.072060786
15643,30412,1.6649168e-06
15644,42777,0.008845419
15645,107608,0.028163206
15646,56687,0.007161076
15647,72604,1.111003e-14
15648,26823,0.0015156976
15649,97527,0.08273073
15650,18056,5.721914e-10
15651,104075,0.0022382287
15652,91729,0.07581729
15653,115358,0.009084299
15654,44127,2.9374962e-13
15655,61195,1.3524686e-07
15656,87644,3.181696e-07
15657,80015,0.0015176588
15658,101949,0.05753619
15659,63628,0.00018954836
15660,16646,5.6502117e-08
15661,12704,0.06796212
15662,102361,0.004975726
15663,113274,6.7349515e-11
15664,85244,0.003857162
15665,53290,0.0023889667
15666,22884,0.026046082
15667,57659,5.675108e-05
15668,87908,0.07125481
15669,65605,5.2586185e-11
15670,38167,0.00079286017
15671,30200,0.058129728
15672,43547,0.009166495
15673,97982,0.008506531
15674,28029,0.07103359
15675,26758,0.31187662
15676,33191,0.064531155
15677,37912,0.010593114
15678,85961,0.00017893803
15679,151,9.39123e-08
15680,43226,2.5529093e-10
15681,37582,0.038004804
15682,104863,0.0007637882
15683,60002,3.5963595e-12
15684,71877,2.2022278e-10
15685,41185,0.0066641374
15686,69956,7.173843e-12
15687,59750,7.1490017e-06
15688,5449,1.3994888e-08
15689,95132,0.05753619
15690,6559,2.5557748e-07
15691,28988,2.4793767e-10
15692,65,0.0028988628
15693,40162,1.7668096e-08
15694,38868,7.1795096e-12
15695,26,0.0036978724
15696,11128,1.951382e-10
15697,84794,1.5992511e-05
15698,114654,2.7605276e-07
15699,35758,0.00079286017
15700,47601,7.788518e-11
15701,110122,1.2832931e-08
15702,58362,0.0055402275
15703,64638,1.0124728e-08
15704,46108,0.015332866
15705,77900,0.017034432
15706,53245,0.00063523813
15707,26540,0.007630734
15708,89510,0.001458661
15709,91698,6.1634026e-05
15710,113926,2.3571936e-06
15711,79357,0.032362238
15712,79956,0.008845419
15713,85947,0.001458661
15714,20105,3.1053126e-14
15715,49706,1.1486739e-07
15716,61658,0.0807709
15717,54295,0.0005500226
15718,47375,0.008845419
15719,115669,1.0962761e-11
15720,18353,0.0031617514
15721,89819,0.0005866832
15722,105393,1.2399367e-07
15723,13006,8.0599854e-08
15724,63853,0.032368287
15725,73703,0.068451926
15726,10029,0.009896677
15727,28702,0.0006208793
15728,73608,6.1634026e-05
15729,83766,0.0023865474
15730,101013,0.028163206
15731,103112,8.208849e-12
15732,62974,3.3162893e-12
15733,14433,0.003528946
15734,96384,0.00018154494
15735,100220,0.08167636
15736,104805,2.3043167e-10
15737,75232,2.7199456e-12
15738,84686,0.009181562
15739,29885,0.0009831698
15740,114261,7.463174e-08
15741,66334,3.3170736e-12
15742,11512,8.318883e-08
15743,48434,5.2453653e-11
15744,4655,3.5483798e-05
15745,76890,5.6791e-09
15746,78742,1.5507971e-10
15747,61170,1.5099772e-05
15748,22649,2.56165e-10
15749,50109,9.545494e-11
15750,95901,6.3522276e-09
15751,10124,0.013752037
15752,22602,2.087247e-05
15753,96970,0.017093383
15754,27467,0.009084299
15755,60043,4.4207676e-14
15756,35066,2.1609987e-08
15757,17092,4.8947998e-14
15758,35435,1.0212037e-09
15759,69737,0.001458661
15760,115747,6.1634026e-05
15761,2034,4.3959927e-12
15762,4801,2.8731264e-07
15763,415,1.0978062e-10
15764,108563,3.8834704e-12
15765,26628,0.007630734
15766,63149,0.0020144612
15767,65835,1.2462176e-05
15768,68171,4.4207676e-14
15769,69319,0.010597673
15770,15422,1.18595006e-14
15771,64735,1.2452172e-05
15772,29661,3.1114535e-11
15773,24034,0.00829756
15774,5439,0.012143771
15775,57747,6.394854e-11
15776,19633,0.0010656365
15777,81472,0.0020144612
15778,63580,1.5677529e-09
15779,57777,6.4574195e-09
15780,64857,6.8354524e-08
15781,58347,0.0048167007
15782,30246,0.009084299
15783,95653,0.010597673
15784,113215,3.725818e-07
15785,60322,0.04980838
15786,50453,4.459077e-06
15787,8235,0.009896677
15788,39714,0.0003875855
15789,59065,3.7579384e-06
15790,11484,1.2709821e-05
15791,5954,0.009896677
15792,107300,4.0327652e-09
15793,96351,0.00029371007
15794,105645,1.2185226e-08
15795,25634,2.6415413e-16
15796,14715,1.9837717e-05
15797,76977,7.254703e-14
15798,44363,3.3111636e-08
15799,31151,0.00064120337
15800,99878,6.851285e-08
15801,91553,0.009181562
15802,10000,6.485384e-05
15803,16530,4.075456e-13
15804,101139,1.2309016e-05
15805,42936,0.025238749
15806,81104,0.04787555
15807,74393,1.5198728e-08
15808,84988,0.024684858
15809,53211,0.009084299
15810,67879,4.1563483e-15
15811,4761,0.019110298
15812,26682,1.5930503e-11
15813,84405,7.413501e-09
15814,34008,0.017114835
15815,48440,0.027574962
15816,725,5.2362545e-09
15817,108791,0.0002613049
15818,24134,1.12014355e-07
15819,37118,0.00012038292
15820,31966,2.5789113e-10
15821,27564,0.009084299
15822,13443,7.574645e-16
15823,84629,0.010597673
15824,55249,0.017034432
15825,101267,0.0007983909
15826,93105,0.0046549067
15827,243,0.008541577
15828,22832,0.008267156
15829,87298,0.001458661
15830,68791,7.456814e-12
15831,83907,0.005869099
15832,58173,0.001187648
15833,80117,0.2270918
15834,12428,0.032512687
15835,46086,0.020898685
15836,52549,0.0020144612
15837,86771,1.5172911e-06
15838,7886,6.8304675e-05
15839,102162,0.009181562
15840,51109,1.2572249e-05
15841,20637,0.0034061149
15842,99356,0.00031867815
15843,9486,0.009896677
15844,52955,0.009084299
15845,96803,0.005330541
15846,65729,0.0008775778
15847,55672,0.027574962
15848,1057,0.035309214
15849,103741,0.016113395
15850,71879,0.009181562
15851,58526,0.0005500226
15852,37704,4.309195e-10
15853,60314,0.008558585
15854,113355,0.118461
15855,6645,2.249235e-06
15856,60078,0.010531615
15857,94388,0.042838734
15858,25483,0.00066845
15859,104164,0.009184932
15860,57836,3.5279082e-09
15861,18397,2.8462818e-10
15862,57542,0.07581729
15863,52059,0.06209234
15864,25640,0.0023937605
15865,54647,6.4221184e-09
15866,98641,2.087341e-08
15867,45059,0.008845419
15868,11607,0.05791445
15869,70824,1.8291824e-10
15870,32502,0.009084299
15871,102895,1.1285195e-08
15872,64148,0.0073023727
15873,13641,0.008548419
15874,74709,0.023519892
15875,19929,8.056195e-06
15876,84057,0.00031359433
15877,29495,2.8239702e-10
15878,52001,1.1161938e-11
15879,91085,0.032248
15880,2784,6.379268e-09
15881,26912,0.00033680393
15882,64209,9.116654e-05
15883,10166,2.0160442e-08
15884,51940,0.009084299
15885,56548,8.7999884e-05
15886,33118,0.010531615
15887,5423,8.8393487e-10
15888,22967,5.614275e-09
15889,13401,0.26456806
15890,46463,0.01609344
15891,75237,0.0022382287
15892,34787,0.05791445
15893,22220,3.9762803e-14
15894,13041,0.009475836
15895,226,7.787171e-05
15896,69618,6.0994382e-12
15897,36159,0.010531615
15898,51901,0.004344768
15899,76043,3.4647603e-06
15900,1503,1.2648367e-12
15901,73139,4.9842875e-08
15902,28185,0.03468771
15903,73316,0.0038764863
15904,25992,2.2363368e-07
15905,106366,1.3845666e-07
15906,11996,4.3936215e-08
15907,28158,0.0023937605
15908,51983,3.5972239e-12
15909,109364,6.055326e-10
15910,411,0.008618249
15911,79625,0.0068329745
15912,52903,1.5684736e-06
15913,16097,7.574645e-16
15914,98847,8.192838e-05
15915,42107,7.1795096e-12
15916,111711,0.005616725
15917,73951,0.0020144612
15918,31890,0.0006208793
15919,102041,0.05753619
15920,66064,1.600267e-05
15921,40099,0.0023889667
15922,39933,5.4442684e-14
15923,101766,0.00362523
15924,75745,0.024533123
15925,31912,2.8030236e-05
15926,6219,3.246557e-07
15927,89216,0.0020144612
15928,96830,0.05741278
15929,73279,0.006976981
15930,59301,0.051730532
15931,65207,1.2974515e-09
15932,19870,0.017034432
15933,28866,0.0015156976
15934,70126,6.8604904e-06
15935,12948,0.017869916
15936,71575,0.042838734
15937,72938,0.006562863
15938,46098,0.017074263
15939,18682,0.027574962
15940,86244,6.1634026e-05
15941,104797,0.014949887
15942,80065,5.6667304e-06
15943,32973,5.412847e-09
15944,19442,1.6465325e-05
15945,82673,2.5534811e-05
15946,49219,8.9719404e-10
15947,68252,0.0014177117
15948,67239,0.0014805722
15949,5709,0.15119436
15950,15493,2.3160942e-06
15951,29823,0.00012038292
15952,26325,0.009166495
15953,32506,1.4325886e-05
15954,35307,0.032544143
15955,9961,0.06864146
15956,2099,3.6517758e-07
15957,12977,2.2316858e-07
15958,108516,0.057828885
15959,61523,0.051730532
15960,6015,1.1920459e-06
15961,42189,6.352273e-05
15962,4141,8.240521e-07
15963,89312,0.024107663
15964,64004,1.42044e-09
15965,531,2.5586905e-05
15966,73043,0.0014424709
15967,9509,0.0017457495
15968,91604,0.029476257
15969,39069,0.010593114
15970,106852,0.00896607
15971,6073,0.0032029292
15972,52152,4.4021117e-11
15973,107563,0.008449222
15974,89104,0.0020144612
15975,114061,0.010531615
15976,78443,0.00025455968
15977,25310,0.09024777
15978,74928,0.001458661
15979,16144,4.7365273e-10
15980,67147,0.05741278
15981,103614,0.16425905
15982,30954,9.729239e-10
15983,75619,6.1634026e-05
15984,74386,0.00055804336
15985,90113,5.121188e-07
15986,67700,0.0011100322
15987,11609,7.7173866e-08
15988,17175,0.056436636
15989,47540,0.007630734
15990,26791,0.010531615
15991,12308,6.784765e-13
15992,78770,5.6058448e-12
15993,84912,3.5778335e-11
15994,56647,0.009084299
15995,86013,0.04787555
15996,17686,0.032486703
15997,38837,0.001418254
15998,77723,0.007004306
15999,110314,0.0068329745
16000,80633,0.003477578
16001,95772,5.4888438e-05
16002,115065,0.0037132776
16003,75409,0.001458661
16004,18061,0.010553112
16005,49229,1.2259274e-05
16006,98953,0.001458661
16007,85178,4.9369567e-07
16008,26075,2.1394426e-06
16009,51215,0.017034432
16010,80609,0.006189132
16011,2171,0.019110298
16012,114255,0.05047838
16013,30757,3.556509e-08
16014,76430,1.7133481e-09
16015,60822,0.0036406247
16016,95616,0.008506531
16017,44726,1.1814021e-08
16018,20497,0.004344768
16019,88832,6.1634026e-05
16020,93053,0.026535407
16021,18936,2.0254891e-10
16022,45630,0.03239536
16023,68133,0.05741278
16024,13444,0.010544453
16025,60833,0.0020144612
16026,27595,3.0490008e-09
16027,80738,0.0032943976
16028,35297,6.451784e-07
16029,76783,1.9904851e-07
16030,105811,0.010597673
16031,87581,1.479268e-06
16032,5128,7.2591094e-05
16033,78926,4.26432e-12
16034,69142,7.644616e-09
16035,87158,5.650859e-06
16036,37566,0.01599817
16037,51047,0.0013480405
16038,12496,3.948286e-11
16039,59532,0.051730532
16040,90951,0.0016295415
16041,44097,0.028398506
16042,90479,0.0011163886
16043,114769,3.1429765e-11
16044,57927,3.6167692e-12
16045,109517,3.5442522e-08
16046,114638,0.016484596
16047,14872,0.032243427
16048,105708,7.009736e-11
16049,97679,0.005616725
16050,4545,0.017281346
16051,67610,5.988793e-07
16052,13797,0.004344768
16053,76045,6.1634026e-05
16054,28129,0.008845419
16055,8715,1.0164069e-07
16056,30055,3.4157092e-06
16057,105758,2.3674385e-08
16058,85714,4.646249e-06
16059,106464,0.0021801235
16060,94037,5.029491e-06
16061,68671,0.0020144612
16062,102927,6.26145e-11
16063,73730,0.01599817
16064,103152,0.000792376
16065,109033,0.0023845648
16066,36381,3.3799446e-11
16067,22269,4.9126173e-14
16068,47107,0.010593114
16069,40582,7.18414e-08
16070,41653,0.004344768
16071,97021,0.08167636
16072,114425,5.4791777e-10
16073,108048,0.00880494
16074,85913,0.00079956837
16075,33358,0.06865799
16076,105332,8.649594e-06
16077,96590,0.0023870617
16078,99897,0.046991006
16079,94176,0.0020144612
16080,109228,0.0002613049
16081,63760,2.507341e-05
16082,80211,0.0022382287
16083,382,1.1728999e-05
16084,9285,0.00456404
16085,17050,7.478221e-12
16086,41772,0.027574962
16087,66995,0.07389288
16088,84011,2.1863154e-10
16089,81866,3.1446977e-11
16090,6693,0.009896677
16091,115018,0.0068329745
16092,24733,1.7639732e-13
16093,97510,0.039851364
16094,64974,1.425419e-06
16095,66869,2.9436376e-13
16096,48974,0.01599817
16097,28470,0.010531615
16098,92665,0.08129233
16099,41135,0.05137095
16100,91490,0.005616725
16101,50199,0.0031121918
16102,25116,4.077153e-12
16103,68653,0.03468771
16104,54496,0.068451926
16105,104574,5.2334238e-11
16106,9673,1.858433e-05
16107,50337,1.3530606e-05
16108,59641,0.068451926
16109,51416,0.017034432
16110,58902,0.010531615
16111,59398,1.8725396e-07
16112,104658,1.1870867e-13
16113,31068,9.3072306e-14
16114,51531,0.0019293692
16115,44652,3.6537267e-07
16116,82536,0.00063073414
16117,74554,3.8974893e-11
16118,10763,3.245048e-06
16119,70754,0.03183797
16120,29307,0.0026425123
16121,64568,6.687588e-11
16122,73902,0.0059340503
16123,104546,3.627763e-06
16124,57007,3.7374335e-08
16125,102881,4.2810164e-09
16126,3921,1.7637662e-06
16127,40031,0.0019963898
16128,108372,0.0002613049
16129,27570,0.005603552
16130,13175,0.00036269482
16131,16717,1.7811314e-09
16132,84843,2.1341728e-12
16133,50469,0.000985989
16134,79279,1.1725441e-15
16135,102227,0.05753619
16136,33194,0.028758163
16137,70470,1.8739061e-07
16138,95472,0.0035335503
16139,9114,0.0030808074
16140,34716,0.010531615
16141,104233,5.3520022e-08
16142,33700,0.0009831698
16143,106559,0.03819641
16144,40570,4.4743345e-07
16145,112943,0.017114835
16146,18657,0.00853371
16147,43025,5.795464e-09
16148,53762,0.0046549067
16149,32606,2.9654425e-08
16150,15081,0.00033362463
16151,86455,6.1634026e-05
16152,114696,8.19841e-06
16153,67999,0.08256352
16154,35984,0.028873334
16155,59928,0.0055402275
16156,65702,1.349742e-07
16157,96714,0.008506531
16158,82574,9.717523e-09
16159,33647,9.553532e-10
16160,9219,0.008096142
16161,33952,0.016769435
16162,107918,0.0035937494
16163,102453,2.3373681e-05
16164,59265,0.0036302214
16165,962,9.130348e-10
16166,75128,9.677288e-10
16167,11957,0.009101587
16168,110477,3.6141942e-10
16169,23547,4.35601e-07
16170,39745,0.011426199
16171,13518,0.03400554
16172,114326,0.006449025
16173,72065,0.0019280683
16174,64706,1.4643272e-14
16175,29660,8.086615e-06
16176,61967,0.0015132373
16177,18795,9.243408e-05
16178,86598,0.006895036
16179,88845,0.04536966
16180,60403,0.001458661
16181,47537,0.017074263
16182,100962,0.15074456
16183,98806,0.039297886
16184,44240,0.009084299
16185,57790,0.009084299
16186,66474,0.0014177117
16187,6185,0.010161458
16188,39305,0.0020462673
16189,110832,4.531324e-09
16190,71463,0.008494399
16191,99158,0.0048297467
16192,104003,2.0912362e-06
16193,25191,0.0023937605
16194,37244,0.009084299
16195,57870,9.672053e-07
16196,19669,0.01599817
16197,6387,1.9723254e-06
16198,101399,0.0055803726
16199,114266,4.1961684e-11
16200,87867,0.006519435
16201,15985,4.7358e-08
16202,9176,0.00015797341
16203,75927,0.010597673
16204,11159,0.00043171234
16205,38640,0.051730532
16206,72480,4.5120218e-05
16207,104064,5.3848613e-08
16208,74798,0.0009854129
16209,20513,0.0004697371
16210,4064,8.27642e-08
16211,104212,0.015332866
16212,42466,0.009984498
16213,19444,4.265593e-10
16214,26315,2.3634597e-07
16215,113894,0.028163206
16216,79843,0.073368184
16217,95770,0.013435944
16218,50940,0.017034432
16219,58304,0.017143069
16220,26041,1.024656e-11
16221,57217,0.00091310084
16222,24968,1.7963895e-08
16223,45469,0.0036498394
16224,71035,0.017034432
16225,66997,0.010597673
16226,93921,0.02742935
16227,96664,0.0022068373
16228,50299,0.009084299
16229,23465,1.475121e-16
16230,91362,0.03468771
16231,47717,0.07103359
16232,85782,0.017034432
16233,32952,0.007630734
16234,1675,1.1358102e-07
16235,92115,4.422982e-08
16236,54116,0.009084299
16237,94259,2.2317212e-10
16238,59650,0.00080428977
16239,64019,0.011053292
16240,81452,2.7199456e-12
16241,29756,0.017114835
16242,84577,0.014820525
16243,48501,0.0020144612
16244,35294,0.017034432
16245,79660,6.1634026e-05
16246,8722,0.013752037
16247,72937,0.026604261
16248,22145,2.1243974e-12
16249,14026,0.00031359433
16250,75425,0.01609576
16251,36413,0.0023916445
16252,89746,0.058072332
16253,103942,0.042720005
16254,30957,0.009084299
16255,21585,1.7081863e-09
16256,35722,0.009084299
16257,4490,3.9846678e-11
16258,50710,0.1395598
16259,58934,1.559847e-11
16260,10687,4.4576614e-06
16261,104977,1.3898798e-06
16262,4241,2.25784e-09
16263,31205,0.005603552
16264,82966,6.1634026e-05
16265,67585,9.349996e-12
16266,107449,0.0021801235
16267,104380,0.048240427
16268,111565,0.007859338
16269,53007,4.790191e-15
16270,3161,2.0203582e-07
16271,25098,0.009166495
16272,74590,2.1532604e-11
16273,20794,2.551152e-10
16274,52925,0.0072408663
16275,4355,1.3558008e-06
16276,101677,0.010597673
16277,33410,1.0171234e-09
16278,102490,6.3852407e-10
16279,15660,0.072367854
16280,25545,5.264331e-10
16281,106066,0.00031867815
16282,80021,0.019825885
16283,84125,0.007859338
16284,53388,2.6301949e-08
16285,79571,0.005616725
16286,2727,2.1224816e-06
16287,71074,7.9375204e-05
16288,25283,0.00011763776
16289,105264,0.0002613049
16290,12028,2.7671834e-11
16291,53240,0.004344768
16292,66016,1.0294722e-09
16293,114939,0.002060897
16294,48832,1.0146174e-14
16295,20499,2.4355534e-13
16296,100877,1.3320041e-10
16297,93139,0.0023894135
16298,25055,1.7935228e-06
16299,85925,0.00020785356
16300,78483,5.7453573e-05
16301,31515,4.411801e-08
16302,32669,0.051730532
16303,88053,0.0029679532
16304,114422,3.8978076e-08
16305,59752,0.00017800463
16306,56167,5.2334238e-11
16307,52585,0.0020144612
16308,80164,3.4863095e-12
16309,94187,0.030566067
16310,111775,0.005616725
16311,14699,4.3793935e-10
16312,22941,1.1534238e-07
16313,32807,3.9619238e-08
16314,72706,0.011426199
16315,9174,1.9148238e-06
16316,14227,2.476768e-10
16317,47323,1.3771958e-07
16318,51238,1.2589477e-11
16319,49770,0.004334145
16320,27141,0.005603552
16321,92675,0.0035335503
16322,65088,3.3170736e-12
16323,1934,6.4032974e-08
16324,63566,2.3735066e-07
16325,90372,0.005616725
16326,4640,0.11225427
16327,79733,0.02662436
16328,1796,0.038605433
16329,94053,0.05741278
16330,114463,1.8025354e-06
16331,11506,5.046987e-07
16332,69048,0.01599817
16333,98964,0.043829076
16334,42953,6.760357e-11
16335,64016,0.0014177117
16336,32194,4.6340565e-10
16337,62456,0.07581729
16338,10214,0.016854424
16339,99177,0.048240427
16340,49192,3.1671112e-09
16341,42199,0.87167
16342,8619,0.032311134
16343,86805,0.00048323467
16344,106995,0.0030927972
16345,1074,1.996963e-07
16346,81605,0.0048167007
16347,70825,1.8514466e-14
16348,66202,0.04337805
16349,66624,3.145726e-07
16350,110145,4.721599e-10
16351,60381,0.028758163
16352,23101,2.56165e-10
16353,65199,9.677288e-10
16354,101489,0.050779287
16355,4953,0.015763247
16356,86492,1.7240323e-08
16357,10913,3.9053275e-06
16358,63893,3.4827087e-15
16359,97684,0.011170823
16360,93800,0.0014800583
16361,87145,0.051730532
16362,99196,0.0020144612
16363,24852,0.16915545
16364,16562,9.768492e-10
16365,87955,0.05741278
16366,12332,0.0005445007
16367,43448,0.0009831698
16368,65209,1.2462176e-05
16369,92377,0.0015147561
16370,76973,6.914931e-12
16371,53652,6.1634026e-05
16372,87222,0.051730532
16373,64487,3.1447338e-11
16374,86473,1.5992511e-05
16375,80878,0.0033025257
16376,93091,0.88777256
16377,43554,0.010593114
16378,99615,0.009184932
16379,12972,1.4296979e-06
16380,95001,6.773291e-05
16381,29285,0.032544143
16382,20538,2.56165e-10
16383,17914,0.0010441417
16384,75509,0.0037535285
16385,34156,0.008558585
16386,63150,3.883561e-11
16387,11440,2.287738e-05
16388,104912,0.0020207777
16389,89651,0.015377235
16390,40415,0.0004765043
16391,95047,3.8974893e-11
16392,95439,1.0962761e-11
16393,4541,0.017869916
16394,49713,0.0055402275
16395,17167,0.006866697
16396,74060,0.016769435
16397,11811,1.3238047e-15
16398,3108,3.5033424e-06
16399,27864,1.9804261e-10
16400,13263,2.9390825e-09
16401,58131,0.0035338406
16402,6113,5.7519944e-10
16403,11469,0.0019061764
16404,74849,0.01728862
16405,82067,0.007630734
16406,41538,0.0085101
16407,72953,6.1634026e-05
16408,29227,0.00058900024
16409,101888,0.013852291
16410,3942,0.032512687
16411,37048,5.143104e-12
16412,11177,5.1707666e-06
16413,112151,0.0054681
16414,48073,0.032368287
16415,94456,0.01599817
16416,7338,0.04157999
16417,59541,1.2222929e-09
16418,57665,0.04536966
16419,108440,0.001458661
16420,37746,0.0002087937
16421,9640,3.246557e-07
16422,10816,5.0125113e-06
16423,19070,9.152908e-05
16424,26012,0.0004444594
16425,69686,0.0022811855
16426,5976,2.7022026e-05
16427,94349,0.068603046
16428,103317,0.009184932
16429,21979,2.8392602e-10
16430,62528,0.0022697179
16431,77832,0.001753382
16432,114801,9.996254e-10
16433,55785,0.009084299
16434,89481,0.0055402275
16435,103471,0.00031302948
16436,28841,0.051730532
16437,9343,2.6688442e-06
16438,47082,6.459584e-14
16439,105286,0.057786837
16440,5029,0.0034610408
16441,74260,0.006562863
16442,25957,0.006871984
16443,70318,0.001458661
16444,25471,0.017074263
16445,26999,8.086615e-06
16446,67183,7.456814e-12
16447,3261,6.1328347e-09
16448,103448,2.2209323e-09
16449,45091,0.017074263
16450,52854,0.032544143
16451,19532,0.03063009
16452,58603,1.9498156e-10
16453,55855,0.009084299
16454,75978,3.818975e-13
16455,50410,0.068451926
16456,27613,3.7928386e-11
16457,109487,0.017317794
16458,42287,2.9326538e-13
16459,10835,1.1391878e-08
16460,40075,0.009166495
16461,88359,0.0023865474
16462,60394,0.0023889667
16463,96782,0.024684858
16464,56017,0.0807709
16465,20979,0.017034432
16466,80574,6.8912775e-10
16467,93961,1.3763757e-12
16468,113715,0.034186274
16469,25045,2.1798241e-10
16470,26515,0.008031868
16471,115261,9.240375e-07
16472,57838,0.053652577
16473,28943,0.011166594
16474,52475,0.011342298
16475,12952,0.009101587
16476,103443,4.3787786e-05
16477,19512,0.0010441417
16478,96157,0.030527467
16479,48451,0.005869099
16480,20190,0.068451926
16481,21209,3.27021e-08
16482,81519,2.3844176e-09
16483,42347,0.0085101
16484,96191,1.637826e-08
16485,42515,0.024432875
16486,77641,6.912088e-18
16487,44538,6.1375044e-06
16488,102067,0.005616725
16489,46334,6.459584e-14
16490,26927,1.2323778e-09
16491,26660,1.4966907e-13
16492,43907,1.175175e-05
16493,103006,0.0005443191
16494,108574,0.009184932
16495,40184,1.9825407e-12
16496,115963,2.0093518e-07
16497,40232,2.593664e-07
16498,88647,0.0020144612
16499,10698,5.761464e-07
16500,81980,4.6921283e-05
16501,71062,0.05137095
16502,71026,0.01599817
16503,26022,0.0012299791
16504,20815,1.6484885e-15
16505,112472,0.0071502724
16506,66167,3.2482206e-13
16507,107685,0.09495409
16508,51406,1.0035742e-09
16509,42728,6.0743612e-05
16510,61694,0.05741278
16511,72195,0.0807709
16512,33468,0.00010091136
16513,87174,0.017034432
16514,37177,7.2105243e-12
16515,24206,0.0010887443
16516,67226,0.008845419
16517,44622,0.056436636
16518,15459,2.1466512e-10
16519,10758,6.119432e-09
16520,106373,1.7190605e-05
16521,77613,8.3894696e-07
16522,17970,0.00016873608
16523,63359,0.05741278
16524,83104,8.2893575e-07
16525,84484,0.005616725
16526,107556,3.7626978e-11
16527,92440,4.55221e-09
16528,103546,0.014949887
16529,65275,1.2462176e-05
16530,84933,0.0055048945
16531,95904,4.2070982e-07
16532,22461,5.4442684e-14
16533,68094,1.442419e-15
16534,90651,6.1634026e-05
16535,13849,3.370303e-10
16536,82139,0.003783773
16537,38926,3.8043824e-10
16538,108620,0.0005240276
16539,13592,0.21125033
16540,31673,0.008845419
16541,100240,0.010597673
16542,56654,3.629611e-06
16543,86757,0.010597673
16544,92121,1.111003e-14
16545,108762,0.009184932
16546,12020,1.4706615e-10
16547,82489,0.001458661
16548,25611,0.00076672883
16549,79800,0.011426199
16550,105287,0.017114835
16551,44046,0.009166495
16552,51774,0.0015176588
16553,115243,6.291031e-05
16554,39270,0.0006208793
16555,18354,2.3905968e-09
16556,33566,2.507011e-05
16557,102705,0.042838734
16558,105759,0.09410329
16559,33820,0.0015015582
16560,12919,1.582125e-11
16561,68022,0.0030634908
16562,9881,1.3617846e-07
16563,29201,1.3716399e-06
16564,113197,0.057786837
16565,104743,7.552671e-09
16566,69558,0.0004981336
16567,9971,0.011864196
16568,61676,0.0051521026
16569,71329,0.03468771
16570,61988,0.0036406247
16571,38221,0.05528827
16572,85316,1.0284296e-10
16573,39530,0.024432875
16574,14786,8.473989e-07
16575,41795,0.08728188
16576,96932,0.005616725
16577,49723,0.007882589
16578,48079,2.7559432e-11
16579,4162,3.0500141e-06
16580,50129,0.0038989778
16581,80488,0.0019963898
16582,26815,0.012939423
16583,67946,0.00054305646
16584,33581,1.0119427e-05
16585,28704,0.008845419
16586,94684,0.02662436
16587,82900,0.032253224
16588,19923,0.010553112
16589,33203,0.010531615
16590,866,1.28899754e-14
16591,50531,0.009084299
16592,115557,0.06865799
16593,114604,3.1200886e-11
16594,25993,6.41514e-13
16595,36510,0.0069761653
16596,80022,0.001458661
16597,7368,7.2342046e-12
16598,82449,0.0023393368
16599,49663,8.806018e-07
16600,39026,4.3624532e-10
16601,29829,0.0006961845
16602,48681,0.0023870617
16603,71172,0.05741278
16604,102054,0.0022382287
16605,99628,2.0068143e-11
16606,32250,1.207565e-05
16607,12987,2.0023114e-10
16608,84079,3.9345944e-12
16609,48119,0.00017297632
16610,58367,0.0046549067
16611,91377,9.8757384e-11
16612,7346,0.017281346
16613,52894,0.009084299
16614,90215,0.0043501053
16615,37718,0.009166495
16616,69498,7.456814e-12
16617,22409,0.00026558407
16618,26673,3.88133e-08
16619,8373,0.0019061764
16620,34649,0.011966272
16621,108664,4.5120218e-05
16622,94700,0.024084097
16623,22325,2.56165e-10
16624,28673,7.458217e-06
16625,42791,0.02544447
16626,46506,2.091974e-14
16627,114170,0.06209234
16628,53860,0.007004306
16629,83261,0.04150388
16630,63219,0.00033374966
16631,37349,0.0001533957
16632,78301,0.00053932745
16633,44054,0.0006208793
16634,60350,1.19526715e-11
16635,5190,4.326104e-13
16636,95056,0.0023870617
16637,100440,3.4690314e-07
16638,32326,0.086333364
16639,34012,0.0018680645
16640,50415,0.16713868
16641,8936,4.2348674e-06
16642,73249,0.008083573
16643,68806,0.0022382287
16644,57925,4.0284544e-08
16645,115507,0.009184932
16646,69270,0.007752217
16647,35432,0.03468771
16648,112176,1.4694088e-13
16649,6543,1.3514615e-07
16650,31050,0.00019805142
16651,24191,0.051730532
16652,4305,1.2810806e-06
16653,60201,7.739314e-06
16654,29084,0.010531615
16655,104535,0.0039527086
16656,6383,0.0034610408
16657,14448,8.986116e-11
16658,71727,0.017034432
16659,16345,1.0066901e-08
16660,8085,1.3761611e-05
16661,11530,2.0219397e-12
16662,83785,0.06287356
16663,104562,0.057786837
16664,89301,1.6180657e-08
16665,66229,1.6059988e-05
16666,42064,0.17363267
16667,22755,2.8392602e-10
16668,87472,0.05741278
16669,8634,4.039925e-09
16670,81074,0.0020144612
16671,4268,9.6977885e-08
16672,5116,3.6172392e-07
16673,88062,4.6234854e-05
16674,22781,0.004276007
16675,13718,3.3850225e-11
16676,53857,0.06406262
16677,104280,4.729166e-06
16678,76367,1.6243938e-10
16679,35403,0.024432875
16680,70330,0.027982624
16681,105974,5.458142e-09
16682,72780,0.05741278
16683,79092,3.528241e-06
16684,58233,0.0005368607
16685,16276,0.008541577
16686,28849,0.024432875
16687,32095,0.0128702475
16688,99598,0.001458661
16689,3890,1.44912e-05
16690,23598,0.008845419
16691,17810,0.0018803631
16692,10544,3.862326e-05
16693,87566,0.011426199
16694,56464,0.039752092
16695,72778,8.182632e-06
16696,60591,9.599727e-10
16697,46205,6.1062826e-07
16698,50900,0.00080028723
16699,109385,0.016113395
16700,53272,0.15116222
16701,98128,1.0962761e-11
16702,31344,0.0008945969
16703,38790,0.006851259
16704,73237,7.488527e-12
16705,68479,0.068451926
16706,52068,7.3648806e-08
16707,108601,0.048240427
16708,106979,1.9102006e-07
16709,105925,0.017114835
16710,82561,0.009084299
16711,50206,0.009084299
16712,24467,0.031758823
16713,112542,9.559948e-10
16714,22992,0.0075322944
16715,31324,0.009084299
16716,95374,7.004497e-11
16717,17179,0.05256187
16718,99941,7.17257e-12
16719,73740,0.007004306
16720,65350,4.772652e-08
16721,32886,0.017114835
16722,113140,1.1855062e-07
16723,17776,0.008908841
16724,23510,0.09024777
16725,73097,3.113472e-11
16726,56402,5.2334238e-11
16727,66478,7.717254e-12
16728,18398,6.2744986e-13
16729,99272,3.3162893e-12
16730,108287,1.904618e-11
16731,107056,0.0039128847
16732,3462,1.0463215e-07
16733,80016,6.3453864e-09
16734,55427,0.046288982
16735,9164,3.0805487e-07
16736,99994,0.017093383
16737,14641,1.2908175e-15
16738,53796,0.0003300177
16739,59782,2.188059e-10
16740,29357,3.5374492e-09
16741,66783,3.2372154e-06
16742,59133,0.00558456
16743,113093,0.038200755
16744,24061,2.7859517e-15
16745,59173,1.7460132e-11
16746,39083,0.005869099
16747,69667,0.008494399
16748,25454,0.031758823
16749,54167,0.00079286017
16750,21490,0.000783257
16751,55176,0.008845419
16752,67501,0.05741278
16753,65498,4.2910262e-11
16754,2438,6.1328347e-09
16755,99347,0.045750935
16756,77368,0.03218076
16757,59704,0.0023870617
16758,65782,0.04096254
16759,90693,0.005616725
16760,56465,0.00012038292
16761,30734,0.034754902
16762,28410,4.3953392e-08
16763,93730,0.005616725
16764,50664,1.2763309e-12
16765,860,0.008084471
16766,35453,2.1302475e-09
16767,34589,0.008558585
16768,101196,1.7044476e-08
16769,101611,0.050779287
16770,75065,0.003699953
16771,98460,0.05753619
16772,6051,7.831706e-06
16773,88976,0.008845419
16774,59432,0.0014177117
16775,100138,0.0056858445
16776,10390,0.013752037
16777,82277,3.8385165e-06
16778,92507,0.00013625962
16779,107811,0.007337851
16780,82491,0.01609576
16781,16002,1.2905918e-10
16782,2946,0.0006208793
16783,9322,0.020223834
16784,39693,0.009166495
16785,53573,0.0002784047
16786,1481,0.06796212
16787,77129,0.032311134
16788,80702,0.051730532
16789,55007,0.0023894135
16790,60426,0.007571936
16791,46400,1.0146174e-14
16792,54572,0.010531615
16793,60328,0.06307189
16794,53575,5.6315566e-15
16795,16027,4.3022e-13
16796,112201,2.8029492e-11
16797,32213,0.017114835
16798,115600,0.0014470553
16799,29561,0.010531615
16800,82079,6.633708e-05
16801,52203,2.7291701e-08
16802,21926,0.010593114
16803,7136,2.3390337e-05
16804,107754,0.0020207777
16805,36740,0.00063523813
16806,40637,0.005359286
16807,25263,0.007630734
16808,107779,3.4275894e-07
16809,70376,0.005616725
16810,83556,0.0048167007
16811,112936,0.010531615
16812,40360,0.0036444613
16813,65305,9.483398e-14
16814,25026,0.010593114
16815,57098,0.05741278
16816,16737,6.608383e-17
16817,92704,0.045750935
16818,41248,0.007071
16819,97077,0.042384364
16820,67419,1.6304858e-08
16821,67369,6.0994382e-12
16822,187,9.421988e-07
16823,39659,0.015377235
16824,104077,5.537184e-09
16825,41114,0.009166495
16826,112537,0.0015954345
16827,17922,0.009115906
16828,72140,0.0055402275
16829,77793,7.1212333e-12
16830,54189,0.0009831698
16831,13756,0.0031617514
16832,107386,0.04587008
16833,71024,2.362465e-10
16834,22889,0.022921072
16835,67953,0.0016325784
16836,53792,0.0020144612
16837,17607,1.9528997e-07
16838,62576,1.9329234e-06
16839,38450,2.1250153e-06
16840,104789,0.042441774
16841,47130,0.027574962
16842,54402,0.007882589
16843,101367,0.002015717
16844,50820,0.009084299
16845,47899,1.1083856e-09
16846,18916,0.003951485
16847,51280,4.0307366e-08
16848,18588,3.2982392e-05
16849,106764,1.2208857e-09
16850,30937,0.15124272
16851,106082,0.000798332
16852,54987,0.06209234
16853,103787,1.093481e-09
16854,25543,0.008845419
16855,11761,1.3869546e-11
16856,108117,2.2216332e-07
16857,13226,6.883796e-12
16858,57991,0.00020785356
16859,23871,0.009166495
16860,6973,0.00037648928
16861,90164,0.007882589
16862,4405,3.0711385e-07
16863,21569,0.010553112
16864,84313,1.5992007e-05
16865,17463,6.2528036e-09
16866,6517,0.010044627
16867,80507,0.032248
16868,69179,0.007630734
16869,110286,0.009050281
16870,38272,4.471188e-06
16871,44896,2.091974e-14
16872,58310,1.6014328e-06
16873,14056,0.020365557
16874,28930,0.009084299
16875,18421,0.0019501388
16876,37926,1.0146174e-14
16877,98491,1.6201215e-06
16878,83757,0.025238749
16879,28437,2.4941387e-09
16880,44981,0.07859105
16881,66446,3.5963595e-12
16882,56937,0.05047838
16883,19880,0.03539168
16884,79823,0.04787555
16885,96277,0.07581729
16886,107265,0.00026335605
16887,43992,5.1189794e-08
16888,42801,0.09257117
16889,26905,3.5961197e-08
16890,59239,1.3174168e-15
16891,3378,1.9866418e-05
16892,33983,0.009084299
16893,28061,0.010531615
16894,85302,1.2845976e-07
16895,26198,0.00079286017
16896,22966,3.9128444e-13
16897,12941,4.537445e-10
16898,13986,0.011342298
16899,67715,0.108159624
16900,109328,0.00017911267
16901,103543,0.12455524
16902,61762,3.818975e-13
16903,27611,0.0077683823
16904,38793,0.03239536
16905,76072,2.4308098e-05
16906,44781,8.7106835e-16
16907,10080,0.017869916
16908,8336,1.8111215e-06
16909,100099,2.8290487e-10
16910,24964,0.06855405
16911,52709,0.0006084542
16912,79361,0.0036406247
16913,100005,3.0549106e-06
16914,34358,6.459584e-14
16915,108749,7.751492e-07
16916,57630,6.1502774e-06
16917,46087,0.0036264842
16918,34663,2.1302475e-09
16919,94783,0.0020144612
16920,47279,0.0051481444
16921,99905,0.017093383
16922,47079,0.005603552
16923,18547,5.4682127e-11
16924,85547,0.0048167007
16925,18208,2.314656e-05
16926,68581,0.007859338
16927,934,0.17021848
16928,108660,0.0002613049
16929,59574,0.009084299
16930,61621,0.18194224
16931,72058,9.844251e-16
16932,33275,0.010531615
16933,747,0.0047165668
16934,114481,0.009084299
16935,37909,0.017034432
16936,103917,2.367076e-09
16937,93307,0.05047838
16938,31508,0.024432875
16939,90381,1.14005826e-10
16940,54450,0.0055402275
16941,75924,0.05741278
16942,40007,0.068451926
16943,90901,1.7401028e-10
16944,105256,0.027660152
16945,78160,1.7374936e-05
16946,41128,0.00063523813
16947,804,0.009896677
16948,87768,1.647938e-08
16949,107074,0.0007993315
16950,64467,1.9796642e-09
16951,106400,2.1017517e-15
16952,99945,0.0037535285
16953,46529,7.773164e-17
16954,14882,0.01390759
16955,14870,0.022986861
16956,8476,7.186851e-06
16957,89561,0.010597673
16958,107684,4.544727e-06
16959,77635,0.005616725
16960,57933,7.1795773e-07
16961,15560,1.5577504e-08
16962,90345,3.1647982e-09
16963,13390,0.010544453
16964,61178,0.03175226
16965,69012,9.483398e-14
16966,8771,9.224015e-06
16967,33134,0.009084299
16968,97520,0.014949887
16969,2937,8.641097e-09
16970,41394,0.0015911987
16971,44218,0.009084299
16972,68551,0.001458661
16973,35537,0.0031121918
16974,49575,4.191087e-12
16975,102980,1.0598204e-08
16976,64694,0.0007983909
16977,56884,0.0031809756
16978,108555,3.0667344e-11
16979,54688,0.009984498
16980,57730,2.3952889e-09
16981,66888,0.010597673
16982,21753,2.4355534e-13
16983,12064,4.075456e-13
16984,68313,0.008845419
16985,63083,1.111003e-14
16986,77324,0.017034432
16987,89807,6.851285e-08
16988,50458,0.017034432
16989,50780,1.0146174e-14
16990,96447,0.0014692483
16991,6196,6.004749e-07
16992,100725,0.017317794
16993,11207,5.901988e-08
16994,22648,0.0035623533
16995,42021,6.289935e-08
16996,196,7.206557e-07
16997,98231,0.0020144612
16998,73340,0.05047838
16999,60978,0.0075112884
17000,10461,0.017869916
17001,95822,0.007859338
17002,59051,1.4269871e-06
17003,52935,0.003682228
17004,23933,0.008720732
17005,21509,1.0566354e-06
17006,42773,0.0009831698
17007,6122,6.430898e-08
17008,68622,0.007859338
17009,109340,0.008759628
17010,63454,3.5778335e-11
17011,3265,0.07286587
17012,12774,1.5161338e-13
17013,113539,0.02662436
17014,110089,2.6696481e-08
17015,30201,0.058129728
17016,32134,0.010531615
17017,36948,0.03239536
17018,80398,1.3647002e-10
17019,7371,0.00952741
17020,110135,0.009263365
17021,33361,8.747063e-08
17022,94526,9.270103e-09
17023,16379,5.981375e-15
17024,71087,5.603857e-12
17025,115877,0.00045630007
17026,25699,0.017074263
17027,104877,0.042720005
17028,77143,3.692417e-09
17029,32682,0.006976981
17030,7441,1.2758323e-08
17031,38207,0.14643662
17032,56166,7.513905e-09
17033,40406,0.024432875
17034,63732,0.00025111614
17035,71219,0.039412297
17036,65629,3.4031597e-08
17037,97241,0.0036406247
17038,43856,8.554907e-08
17039,108954,0.0023845648
17040,22730,2.109987e-06
17041,90767,0.005616725
17042,59584,0.04439562
17043,2115,3.8978076e-08
17044,99757,3.662822e-06
17045,68408,0.009181562
17046,33482,0.007630734
17047,52967,0.007882589
17048,15307,8.261777e-05
17049,30981,0.0016518506
17050,103113,0.012204648
17051,37381,0.00043910477
17052,13386,4.746891e-14
17053,64556,1.11403455e-08
17054,3297,0.025208931
17055,61736,0.05741278
17056,56951,5.2334238e-11
17057,76341,0.00038628338
17058,35465,1.755098e-06
17059,52619,2.6794893e-07
17060,90218,3.1448115e-11
17061,20086,1.2794413e-08
17062,100139,1.0962761e-11
17063,46366,0.007969238
17064,19741,5.2687363e-07
17065,19079,0.009115906
17066,103064,0.0035335503
17067,25006,8.9867073e-13
17068,83461,0.0004981336
17069,41268,0.00011748866
17070,35462,0.0005368607
17071,64012,9.834048e-11
17072,12420,9.3110314e-10
17073,92356,0.039297886
17074,31824,3.2833137e-07
17075,2079,0.0048265187
17076,48758,0.73564655
17077,104679,0.0016833263
17078,51740,4.4207676e-14
17079,70762,1.05281e-06
17080,18049,2.087247e-05
17081,15192,0.00031660288
17082,115980,0.057786837
17083,47820,7.2105243e-12
17084,30861,0.010531615
17085,34248,0.0019981093
17086,31189,0.004482482
17087,108174,0.00053932745
17088,41953,0.06375701
17089,112998,0.0020207777
17090,52206,0.0055402275
17091,62152,0.005603552
17092,103715,0.057786837
17093,28891,0.0035680751
17094,40940,0.007630734
17095,6945,0.0010450368
17096,76547,4.598259e-13
17097,68393,0.005616725
17098,77927,1.9161417e-09
17099,81819,0.001458661
17100,55261,0.007882589
17101,110048,0.0020207777
17102,5112,1.2609513e-06
17103,72289,1.6520051e-14
17104,88258,9.927062e-16
17105,35953,0.004274903
17106,51211,0.00019895214
17107,88541,0.0023865474
17108,51142,0.008845419
17109,33043,1.6649591e-10
17110,99392,5.061667e-05
17111,23001,3.4320554e-05
17112,65885,2.1863154e-10
17113,21691,6.2319434e-09
17114,62328,1.2452172e-05
17115,82242,1.9232093e-06
17116,53367,0.008558585
17117,104799,0.0828945
17118,23285,0.017034432
17119,58267,0.001458661
17120,19068,1.0146174e-14
17121,97447,0.046991006
17122,16099,2.8584904e-10
17123,101152,0.0007983909
17124,111430,6.52599e-09
17125,75303,0.016769435
17126,56741,0.001458661
17127,3563,0.0019649682
17128,61308,0.04787555
17129,38076,2.3148094e-14
17130,17761,2.9069437e-08
17131,27091,6.124435e-05
17132,35421,0.005067789
17133,6570,1.9256885e-10
17134,328,3.3111636e-08
17135,63726,1.4485689e-09
17136,74872,0.0007983909
17137,49338,6.7375567e-12
17138,91446,1.8804656e-11
17139,72662,0.005869099
17140,84285,0.0020144612
17141,15306,1.227623e-08
17142,40104,1.44853695e-11
17143,42402,0.0035680751
17144,69134,0.025462776
17145,80201,0.042838734
17146,111873,0.018571878
17147,10226,2.989074e-10
17148,42862,2.883915e-07
17149,70903,6.1634026e-05
17150,71083,0.05741278
17151,84353,0.0020144612
17152,70339,0.042838734
17153,30880,0.008558585
17154,47739,0.03239536
17155,85770,3.1447338e-11
17156,103725,1.4190703e-08
17157,7259,6.8540558e-06
17158,75268,5.5779864e-12
17159,73106,0.0005500226
17160,13571,0.009101587
17161,87920,0.05741278
17162,24748,2.7859517e-15
17163,20603,8.8968443e-13
17164,6149,0.017869916
17165,32834,2.264681e-05
17166,3049,2.3285385e-09
17167,99529,0.032362238
17168,83503,0.009181562
17169,32702,0.022921072
17170,36751,5.0895705e-05
17171,49966,0.0031643424
17172,9370,7.787925e-07
17173,95849,9.961277e-07
17174,7817,0.06864146
17175,61857,0.0010522492
17176,34987,0.009084299
17177,27738,6.615363e-05
17178,65652,1.2462176e-05
17179,10363,0.008096142
17180,87173,6.0994382e-12
17181,87638,0.009181562
17182,39518,4.618097e-13
17183,8141,9.199425e-05
17184,16155,6.749849e-13
17185,53467,0.0015176588
17186,64606,1.2452172e-05
17187,71986,0.00040215463
17188,61618,0.005603552
17189,91290,0.009181562
17190,64521,0.00055804336
17191,59825,3.9917863e-06
17192,61442,1.8354547e-05
17193,81093,0.0006775144
17194,94371,0.0055402275
17195,75338,2.7636252e-06
17196,75084,3.1515665e-07
17197,71604,3.6238488e-11
17198,48634,1.0730543e-11
17199,26002,0.007161076
17200,54880,0.032311134
17201,77393,1.3173294e-06
17202,21950,0.015370219
17203,50184,0.046436626
17204,61380,0.008845419
17205,10995,1.0360816e-06
17206,57661,0.0055402275
17207,41366,5.749899e-07
17208,25426,3.790331e-10
17209,112666,0.0007637882
17210,106174,0.01529603
17211,6853,4.598346e-06
17212,47293,0.009166495
17213,43858,0.0007878434
17214,12379,0.038605433
17215,91047,0.011426199
17216,54476,0.009084299
17217,114701,3.6387917e-06
17218,75319,1.248098e-05
17219,62175,0.004344768
17220,78755,0.009084299
17221,20152,2.6508621e-07
17222,68494,0.009181562
17223,8049,0.04348152
17224,32212,1.7497781e-10
17225,69265,7.173843e-12
17226,86373,0.033125855
17227,72039,0.017440932
17228,45365,0.011191711
17229,40685,3.9716193e-05
17230,24845,0.0013553158
17231,51552,2.1873874e-10
17232,101464,0.001458661
17233,63036,0.009164828
17234,59726,0.042838734
17235,89513,0.05741278
17236,22285,1.0146174e-14
17237,12210,2.0786322e-06
17238,16128,5.6473885e-07
17239,31825,0.028758163
17240,106340,0.009184932
17241,40027,0.022921072
17242,96696,0.010597673
17243,58737,0.00027339198
17244,58004,0.033792887
17245,40596,1.0164189e-05
17246,42611,0.00021321175
17247,100726,0.001458661
17248,97745,0.04195062
17249,30288,0.0015137042
17250,63741,9.483398e-14
17251,53791,0.001458661
17252,73211,0.032368287
17253,19189,2.0473379e-17
17254,1560,0.025086792
17255,29036,7.2105243e-12
17256,44216,0.0055402275
17257,70167,0.0010522492
17258,80926,3.2303607e-08
17259,23079,7.965517e-17
17260,82364,1.1428521e-09
17261,50939,0.00079286017
17262,26738,0.03964812
17263,53152,3.3134693e-12
17264,31877,1.6897274e-10
17265,106522,0.0002429788
17266,108053,1.0639208e-06
17267,19425,4.2754848e-05
17268,49475,0.0038083005
17269,4347,1.2810806e-06
17270,78771,2.662587e-10
17271,64030,0.0036826672
17272,13410,4.206121e-11
17273,38918,0.010593114
17274,25344,0.0013792627
17275,52928,6.1634026e-05
17276,53323,0.0013792627
17277,103195,2.0114255e-06
17278,111340,0.032362238
17279,93858,1.3640569e-06
17280,95643,0.00038847717
17281,30715,0.00045285624
17282,30651,0.009084299
17283,100952,1.10734445e-05
17284,23858,0.009166495
17285,66657,2.9672178e-09
17286,62560,0.009115906
17287,88438,9.831921e-07
17288,96556,7.848189e-13
17289,23316,0.00033184
17290,32582,0.017114835
17291,108914,0.000121719226
17292,111209,0.009050281
17293,9006,0.000102280355
17294,4738,0.017869916
17295,115919,0.033127367
17296,30322,2.9005007e-09
17297,89741,0.05741278
17298,13487,6.789804e-12
17299,45210,0.0025061234
17300,98098,0.005616725
17301,57771,0.017034432
17302,43908,0.03239536
17303,28018,1.3243107e-10
17304,46784,0.010593114
17305,5717,0.010719061
17306,86355,0.017034432
17307,65499,3.692417e-09
17308,87848,0.0014072479
17309,72021,5.603857e-12
17310,38810,0.0040016235
17311,12436,0.051730532
17312,86041,0.07581729
17313,33602,0.00097152754
17314,97709,0.002968082
17315,19154,0.04980838
17316,51680,1.2534251e-05
17317,33243,1.7639732e-13
17318,107301,0.038549975
17319,94458,0.009084299
17320,18733,5.9680906e-06
17321,83859,4.052716e-15
17322,51396,0.0006500485
17323,113503,0.00237759
17324,25599,4.077153e-12
17325,106934,0.00019718012
17326,43156,3.1058326e-11
17327,54458,0.0002504968
17328,32067,0.009084299
17329,64601,6.64771e-14
17330,78810,0.009084299
17331,26172,0.07103359
17332,101947,1.7926862e-08
17333,21766,0.009166495
17334,74288,6.661037e-10
17335,114143,6.1634026e-05
17336,99406,0.009184932
17337,33963,2.8124857e-12
17338,96868,0.014949887
17339,31756,0.005603552
17340,5611,8.7773635e-08
17341,63341,0.009115906
17342,102502,0.00028512513
17343,94264,0.025456244
17344,5398,1.2512084e-05
17345,63521,5.884442e-08
17346,20297,0.014820525
17347,66066,1.637605e-11
17348,26569,0.00045373422
17349,15446,3.9016757e-07
17350,78455,0.00012038292
17351,100175,0.0010743323
17352,80546,4.8670932e-05
17353,18725,6.459584e-14
17354,105885,1.904618e-11
17355,48224,0.017034432
17356,6143,9.47263e-07
17357,49291,0.0027407333
17358,41303,3.6784777e-09
17359,113251,0.04041531
17360,64216,0.007565507
17361,62218,1.7573537e-10
17362,58411,0.068451926
17363,52791,6.827094e-05
17364,14143,1.8725396e-07
17365,49122,1.8750715e-06
17366,100441,0.0023870617
17367,10606,3.2322153e-12
17368,91694,0.05741278
17369,78769,1.1956421e-09
17370,16286,0.06375701
17371,98285,5.5726157e-12
17372,87297,6.1634026e-05
17373,5908,0.0021645713
17374,4334,0.009896677
17375,106014,1.904618e-11
17376,24450,3.4529933e-07
17377,47073,1.7525453e-08
17378,77155,4.30555e-06
17379,91854,0.005616725
17380,113146,0.008558585
17381,89217,0.04536966
17382,47184,0.010593114
17383,43261,2.3545635e-08
17384,48432,0.032368287
17385,73573,0.0030379319
17386,47662,3.8195208e-07
17387,3593,0.04157999
17388,66663,1.2452172e-05
17389,25080,2.0814907e-10
17390,96315,1.8093297e-06
17391,104812,0.006185725
17392,81870,0.00031265456
17393,6835,0.00052060856
17394,18073,0.022986861
17395,19658,2.9321112e-13
17396,62164,0.00018557736
17397,4127,0.009896677
17398,85663,0.046288982
17399,37666,4.2825725e-18
17400,57743,0.020918312
17401,64236,1.9796642e-09
17402,50386,2.066646e-05
17403,81321,0.0023865746
17404,18440,1.7639732e-13
17405,90007,9.8518585e-06
17406,54158,9.803581e-06
17407,23817,1.0051552e-06
17408,9675,2.0160442e-08
17409,21156,0.0036302214
17410,61866,0.00021321175
17411,46984,0.007630734
17412,39439,0.009166495
17413,97361,3.0844988e-10
17414,11743,0.00036269482
17415,103174,0.010874519
17416,98190,2.8029492e-11
17417,26998,0.0072273663
17418,90579,0.017093383
17419,91827,0.004522544
17420,81695,4.5120218e-05
17421,2867,0.04157999
17422,35250,0.010531615
17423,11547,3.1569518e-05
17424,33390,8.539464e-09
17425,68583,0.05741278
17426,48488,0.0035335503
17427,93040,0.001458661
17428,35020,0.017034432
17429,68184,8.911489e-08
17430,16004,4.658618e-12
17431,99571,4.533978e-09
17432,46273,0.03239536
17433,3116,0.01685207
17434,20224,2.9212615e-08
17435,38440,1.8287762e-08
17436,28449,0.009084299
17437,101292,3.0841247e-06
17438,6680,6.808699e-08
17439,54443,0.00020785356
17440,18168,9.9143194e-14
17441,38004,8.2650786e-08
17442,80660,6.1634026e-05
17443,7303,0.042730037
17444,19932,0.006745254
17445,4279,2.2054186e-07
17446,109917,0.0021036493
17447,28225,2.2115879e-07
17448,11046,2.2240818e-07
17449,108454,0.032362238
17450,96641,0.010597673
17451,21076,0.000723749
17452,14020,7.574645e-16
17453,72747,6.7782234e-12
17454,84393,0.010531615
17455,114383,0.017114835
17456,109808,0.02093605
17457,106294,5.4193863e-09
17458,51964,3.77518e-07
17459,95551,5.6126326e-05
17460,36653,0.00028317107
17461,73723,0.00019873997
17462,102783,0.04787555
17463,104856,2.8054764e-13
17464,81204,0.0037535285
17465,111061,0.06287871
17466,99125,0.009184932
17467,63429,0.03288006
17468,2686,2.3353196e-06
17469,91566,2.3844176e-09
17470,11009,1.2981197e-07
17471,90293,0.05047838
17472,86070,0.028161319
17473,59517,1.2452172e-05
17474,9391,0.017869916
17475,49564,0.009084299
17476,74489,0.068451926
17477,70361,5.3952857e-07
17478,96707,0.001458661
17479,82983,3.5278634e-07
17480,60929,0.032544143
17481,18866,2.9445296e-10
17482,15130,0.0002784047
17483,28477,0.06855405
17484,104965,1.9917708e-11
17485,73653,0.00053932745
17486,5336,1.1204316e-08
17487,85401,3.1209949e-10
17488,100468,4.951658e-06
17489,46440,1.0146174e-14
17490,103114,1.9440307e-07
17491,92961,2.3844176e-09
17492,63486,3.2780687e-14
17493,102699,0.014949887
17494,84260,0.05741278
17495,30611,7.1337654e-06
17496,33337,0.0002784047
17497,17584,0.12270057
17498,73101,0.07103359
17499,67256,0.03181879
17500,97777,0.03218042
17501,67188,0.009181562
17502,38476,4.6808744e-09
17503,90470,0.0005866832
17504,103857,0.057786837
17505,106471,0.0015638102
17506,6103,2.4860814e-05
17507,56553,0.008298639
17508,40795,2.7766865e-07
17509,97673,0.001458661
17510,56346,0.0807709
17511,33220,0.008558585
17512,64958,2.3655662e-11
17513,271,0.03531721
17514,43175,2.351318e-06
17515,17828,2.628808e-10
17516,5807,0.07356794
17517,76239,0.017034432
17518,84728,6.1634026e-05
17519,75700,0.05047838
17520,59581,2.091974e-14
17521,28982,0.008845419
17522,50541,9.3968374e-08
17523,59322,0.006668451
17524,88672,6.196881e-13
17525,91906,1.111003e-14
17526,99074,0.0002613049
17527,99427,0.050779287
17528,9407,2.9129963e-06
17529,58681,0.0014095724
17530,14689,0.029043237
17531,38854,4.077153e-12
17532,20658,0.010872078
17533,109665,0.050779287
17534,54154,0.015332866
17535,55792,0.008298639
17536,113908,0.0010498271
17537,67538,0.0036174739
17538,1307,0.009896677
17539,102456,0.007859338
17540,68815,0.051730532
17541,62526,0.010586334
17542,79157,2.2659166e-12
17543,46828,0.0006208793
17544,27490,6.1462746e-10
17545,63892,1.9796642e-09
17546,36204,2.1056372e-10
17547,78113,5.9091794e-06
17548,13372,3.3852666e-05
17549,19153,0.008267156
17550,20777,0.00010822311
17551,13474,0.00036269482
17552,96596,0.00011916406
17553,77531,1.3773943e-09
17554,16221,8.2909384e-05
17555,90488,0.007859338
17556,86391,0.00012038292
17557,13549,0.026604261
17558,39627,0.0048456895
17559,3427,0.0027717866
17560,3591,1.7589352e-06
17561,80274,0.017034432
17562,35548,0.06857668
17563,49504,4.2944723e-07
17564,22910,2.3857433e-07
17565,113886,4.1782586e-09
17566,27878,0.00079286017
17567,113363,0.06710639
17568,61239,0.017034432
17569,62923,0.04536966
17570,113315,0.0020207777
17571,19227,7.832408e-06
17572,105821,0.042441774
17573,64867,4.941238e-07
17574,61790,3.066648e-10
17575,81745,5.4940665e-06
17576,64161,2.1887979e-10
17577,65121,0.0022697179
17578,70404,0.010597673
17579,91311,0.006519435
17580,40737,0.00012563198
17581,33165,0.0006312092
17582,65501,0.0014177117
17583,67273,0.009181562
17584,24221,5.769079e-14
17585,34066,4.1040472e-08
17586,18907,0.0035623533
17587,69492,0.0004981336
17588,59030,0.0059808404
17589,28926,0.00048517872
17590,111049,0.050680123
17591,20629,1.17811e-12
17592,69920,7.272118e-10
17593,62050,0.017034432
17594,100571,0.025547996
17595,583,1.9817433e-06
17596,4276,1.6404154e-05
17597,31876,0.06865799
17598,64331,0.0007983909
17599,73163,4.1302443e-12
17600,26730,0.005603552
17601,43512,0.0085101
17602,110177,6.97634e-07
17603,7851,1.3795913e-06
17604,23355,0.022921072
17605,63749,7.036578e-12
17606,98433,0.039297886
17607,56782,1.4487373e-05
17608,86915,2.1863154e-10
17609,105185,4.4419963e-08
17610,33933,3.909158e-06
17611,56333,0.03468771
17612,3070,3.246557e-07
17613,27228,1.3278965e-07
17614,60483,0.05741278
17615,96320,0.008904926
17616,57749,7.8493736e-07
17617,101056,0.007004306
17618,10625,0.0048271464
17619,72111,0.0020144612
17620,107144,0.006801399
17621,37862,3.1670275e-08
17622,1231,1.5918598e-06
17623,8154,4.2425942e-08
17624,13049,0.008552861
17625,49904,6.506216e-09
17626,28211,0.019825885
17627,53092,9.95023e-08
17628,102694,1.0535504e-08
17629,107763,6.1634026e-05
17630,82152,4.7321937e-06
17631,113754,0.00018646118
17632,66993,0.04787555
17633,13615,0.051730532
17634,24267,0.007630734
17635,69148,8.957842e-08
17636,73510,1.57882e-09
17637,32374,0.009857761
17638,90936,0.013787374
17639,86852,2.810094e-12
17640,89249,0.0023865474
17641,93828,0.013920229
17642,87723,6.432259e-07
17643,102287,0.01599817
17644,98430,0.009184932
17645,112030,0.024684858
17646,51575,0.09043537
17647,89406,2.1031553e-07
17648,88666,2.5479327e-05
17649,72053,1.2259274e-05
17650,112808,3.3672107e-11
17651,106930,0.032362238
17652,67104,0.0004959932
17653,93711,0.017093383
17654,38845,1.9091884e-09
17655,97821,8.193456e-07
17656,15537,5.294914e-10
17657,8224,0.017869916
17658,98454,0.009184932
17659,15071,0.017034432
17660,36802,0.0006208793
17661,49584,0.0017026146
17662,105100,0.0068329745
17663,102506,0.003857162
17664,40170,0.068451926
17665,59249,0.0023870617
17666,99409,0.08167636
17667,76001,0.024533123
17668,71317,0.05741278
17669,42944,2.4767585e-10
17670,29677,0.009084299
17671,73901,0.01599817
17672,7402,3.6077164e-08
17673,83693,0.0006101255
17674,11623,0.008618249
17675,72450,0.017034432
17676,56758,0.011426199
17677,30327,4.8954126e-07
17678,53097,7.466056e-07
17679,15291,4.4073597e-16
17680,93402,0.007859338
17681,58620,5.1962535e-11
17682,69902,0.0020144612
17683,74549,6.49388e-09
17684,22277,0.00028546568
17685,77229,1.111003e-14
17686,71967,0.0035335503
17687,43228,0.017074263
17688,14999,0.0006208793
17689,36712,0.0015132373
17690,107216,0.0020207777
17691,5685,0.06864146
17692,95196,1.111003e-14
17693,27496,5.3282656e-10
17694,98123,0.08006205
17695,58898,0.05741278
17696,75127,4.2552222e-11
17697,16911,9.537815e-11
17698,98028,2.159321e-09
17699,76164,0.024533123
17700,33377,0.011426199
17701,114527,1.00713414e-07
17702,34462,3.9790277e-10
17703,76717,0.009181562
17704,86950,0.0020144612
17705,86910,0.010597673
17706,112549,0.057786837
17707,64809,3.167684e-07
17708,45772,5.2672243e-07
17709,108996,1.245429e-06
17710,56169,0.0071502724
17711,76041,0.0023865746
17712,62861,1.3773943e-09
17713,12265,1.0247801e-09
17714,65029,0.0016399254
17715,69409,0.05741278
17716,106806,0.08167636
17717,75197,2.841417e-07
17718,17220,7.084365e-10
17719,28686,9.384104e-08
17720,89205,2.5898752e-13
17721,70805,0.05741278
17722,73990,0.068451926
17723,92931,0.003682228
17724,115858,0.0035261284
17725,23301,0.0012490317
17726,32991,0.004534614
17727,5389,0.072060786
17728,55807,0.0073023727
17729,47562,0.004344768
17730,102731,5.2334238e-11
17731,95694,3.11387e-11
17732,21853,0.005039457
17733,54243,0.09024777
17734,113803,0.006449025
17735,42666,3.1880792e-14
17736,60887,0.03468771
17737,52578,0.0020144612
17738,36250,2.1798241e-10
17739,33087,8.47464e-06
17740,97368,0.0036342165
17741,17931,6.1806185e-07
17742,88072,0.0005866832
17743,41325,0.068451926
17744,45620,0.051730532
17745,15159,0.05667794
17746,679,2.0130777e-08
17747,42609,0.023529181
17748,103374,0.007004306
17749,70068,0.05047838
17750,56507,0.0005866832
17751,74888,0.004344768
17752,766,5.721914e-10
17753,30748,0.00012261985
17754,100613,0.048240427
17755,77945,5.0633053e-10
17756,31522,0.022921072
17757,72906,0.032368287
17758,28089,0.0006775144
17759,57282,0.003954171
17760,95864,7.17257e-12
17761,19638,0.001586823
17762,2442,0.009881465
17763,34684,1.931882e-08
17764,75481,0.00038628338
17765,46739,4.681891e-13
17766,98794,0.2270918
17767,62414,0.009115906
17768,33975,0.0055402275
17769,54485,2.1788118e-08
17770,88678,0.039685007
17771,70784,0.009181562
17772,63104,0.0078526335
17773,77301,5.3632333e-12
17774,113914,0.17131919
17775,62093,0.0020144612
17776,97715,2.7562534e-11
17777,84872,0.00018557736
17778,106080,1.2164112e-09
17779,23689,8.1470023e-07
17780,60878,0.31014928
17781,74712,0.08830397
17782,91016,0.009181562
17783,57567,6.4445485e-06
17784,11115,2.0160442e-08
17785,54270,3.4958786e-05
17786,98269,0.0115453
17787,89523,0.0807709
17788,99459,5.1529896e-09
17789,112602,1.7251928e-09
17790,90885,0.00063523813
17791,37299,0.032544143
17792,86930,0.0020144612
17793,62000,0.05741278
17794,107843,0.009050281
17795,110823,0.009184932
17796,25821,3.0286355e-07
17797,34184,0.00046730373
17798,63802,1.9902669e-07
17799,82967,0.04536966
17800,3247,0.034636524
17801,107869,6.1634026e-05
17802,44482,1.7235123e-05
17803,49819,1.0146174e-14
17804,25043,5.2793087e-07
17805,99798,5.567294e-07
17806,40305,0.03239536
17807,2883,0.0009954913
17808,85764,1.5992511e-05
17809,96270,6.1634026e-05
17810,24971,0.009166495
17811,67243,4.6655687e-06
17812,93646,0.0013691944
17813,102062,7.488527e-12
17814,101156,1.225103e-07
17815,67861,0.008845419
17816,51471,0.01599817
17817,9096,0.009896677
17818,55028,0.0055402275
17819,70094,0.0014424709
17820,30098,2.5594436e-06
17821,73368,0.045509357
17822,35155,3.8978076e-08
17823,99591,1.4347925e-09
17824,35027,1.2259274e-05
17825,8461,1.0351262e-05
17826,65164,5.916916e-07
17827,27876,0.005603552
17828,9981,0.06864146
17829,6682,4.244893e-07
17830,111000,4.531324e-09
17831,73817,0.017034432
17832,109815,1.4269871e-06
17833,11055,3.4527393e-08
17834,46695,0.00017722727
17835,75746,0.017034432
17836,18813,8.6536524e-08
17837,55616,0.010586334
17838,19700,3.747934e-12
17839,20930,0.009115906
17840,55404,0.00011763776
17841,70355,0.073368184
17842,51822,7.2105243e-12
17843,58947,0.008845419
17844,45671,0.005603552
17845,15676,3.3637303e-08
17846,28203,1.2546192e-10
17847,31617,1.4325886e-05
17848,59753,1.2452172e-05
17849,28608,0.014089769
17850,93936,2.1441049e-11
17851,101224,1.8043865e-09
17852,35657,0.00527508
17853,77998,0.008845419
17854,88635,0.04167307
17855,45401,0.0021472822
17856,43050,0.004123326
17857,39065,0.00012038292
17858,12056,0.032512687
17859,41771,0.00054822315
17860,12,2.6213044e-16
17861,27815,0.004344768
17862,64457,4.4062182e-07
17863,16115,2.6213044e-16
17864,87425,6.1634026e-05
17865,81286,0.0020144612
17866,8697,5.616871e-06
17867,83871,4.558935e-09
17868,70274,0.017034432
17869,56445,0.0005368607
17870,109057,1.8535513e-05
17871,61683,0.001458661
17872,18893,8.023779e-10
17873,68842,0.010597673
17874,8834,0.02735915
17875,19152,6.293863e-06
17876,91302,0.024684858
17877,77569,0.0025068019
17878,85705,6.07324e-11
17879,99420,0.024684858
17880,102684,0.01599817
17881,90391,0.010597673
17882,71781,0.05741278
17883,43281,0.00029997734
17884,24711,0.02645108
17885,75180,0.0007983909
17886,11196,4.815111e-05
17887,99047,0.0046549067
17888,83571,0.013276954
17889,70091,0.027982624
17890,95208,7.718623e-12
17891,50806,0.00010588457
17892,35078,0.032544143
17893,56028,0.009084299
17894,105108,1.25402885e-05
17895,5379,0.022016345
17896,83023,0.005616725
17897,97995,0.008309544
17898,99497,2.094856e-11
17899,108733,0.0023845648
17900,51907,0.0023916445
17901,5930,6.808699e-08
17902,6832,1.869108e-05
17903,58409,0.028758163
17904,6434,4.897887e-08
17905,34562,3.1247264e-08
17906,110278,0.005616725
17907,11003,0.0048271464
17908,1735,6.184538e-06
17909,58116,3.7741948e-13
17910,30995,0.0038083005
17911,19095,0.0055650617
17912,37887,6.649522e-18
17913,12650,4.746511e-14
17914,63020,8.852264e-08
17915,26278,0.009166495
17916,107286,0.062280994
17917,60600,0.040999617
17918,36205,1.3278965e-07
17919,48009,7.127162e-11
17920,105601,0.009184932
17921,60896,6.8281945e-05
17922,24353,4.681891e-13
17923,33878,1.207565e-05
17924,12708,2.0622145e-05
17925,20057,0.0012426393
17926,38467,2.7859517e-15
17927,8534,6.6761083e-07
17928,77548,9.309771e-10
17929,73570,6.5701756e-06
17930,19362,0.0002201122
17931,49551,0.017034432
17932,53948,2.385274e-08
17933,56978,2.0589571e-13
17934,47057,0.005603552
17935,47974,6.0004433e-05
17936,9301,2.7988757e-05
17937,100045,0.006958726
17938,16982,0.09024777
17939,36037,0.00086317223
17940,17809,0.0003254144
17941,27005,0.010531615
17942,111687,0.009184932
17943,49776,4.681891e-13
17944,15801,4.746891e-14
17945,77045,0.006585609
17946,11752,0.0025393388
17947,3743,0.009881465
17948,58468,0.00818025
17949,50967,0.0015176588
17950,15300,0.011989718
17951,14000,0.006562863
17952,83498,0.004975726
17953,115155,0.028163206
17954,99981,0.0010036927
17955,5616,0.011864196
17956,14756,1.996963e-07
17957,37680,0.0009954225
17958,19268,0.118461
17959,26384,1.0426603e-06
17960,93076,0.032362238
17961,79967,1.111003e-14
17962,90211,0.017093383
17963,91642,0.0046549067
17964,103287,3.806121e-08
17965,34439,3.9619238e-08
17966,110375,0.0024552552
17967,106033,4.5120218e-05
17968,100790,0.04270712
17969,113997,3.016344e-08
17970,39752,0.005603552
17971,39720,0.005603552
17972,214,3.1692604e-10
17973,55373,3.6167692e-12
17974,100524,0.017093383
17975,8337,0.010101724
17976,40529,0.0064057936
17977,43431,0.0085101
17978,96663,0.0005866832
17979,24591,0.00063207065
17980,11941,0.0019809806
17981,57887,0.007630734
17982,44679,2.971739e-08
17983,10778,6.119432e-09
17984,77370,0.0033074091
17985,36145,0.017034432
17986,47046,2.7859517e-15
17987,91995,0.0006483078
17988,12792,1.2313021e-06
17989,3046,0.00456404
17990,47926,0.019825885
17991,55259,0.008845419
17992,11226,0.009896677
17993,41596,5.6305668e-12
17994,12166,0.0019809806
17995,64788,3.3170736e-12
17996,83060,0.024897002
17997,59284,1.2914542e-13
17998,7289,8.559926e-10
17999,49611,0.051730532
18000,20566,0.14529857
18001,57049,0.010531615
18002,81217,3.128141e-07
18003,33504,0.017114835
18004,20616,0.007205151
18005,76057,0.00079251383
18006,62122,0.06370319
18007,54190,6.207591e-08
18008,46331,0.0028104123
18009,81717,0.007882589
18010,8844,0.0019061764
18011,92847,0.00813872
18012,85801,0.032368287
18013,21416,1.2981674e-08
18014,26040,0.010642565
18015,92530,0.01609344
18016,57938,0.031770848
18017,99298,0.0146160405
18018,65488,0.0002708425
18019,93360,0.05047838
18020,43100,0.0011605003
18021,47067,1.0951355e-14
18022,1003,7.84993e-08
18023,32623,6.521478e-05
18024,29789,0.008355443
18025,111645,0.0807709
18026,34044,0.50902385
18027,89630,0.04536966
18028,99019,4.1751123e-09
18029,19799,1.5648684e-11
18030,101605,0.05753619
18031,105053,2.4046773e-07
18032,65247,2.6687246e-07
18033,78010,2.7683553e-11
18034,52336,9.642232e-09
18035,46090,0.009166495
18036,19530,4.3146903e-07
18037,60319,0.007882589
18038,25951,0.009166495
18039,81742,0.0022382287
18040,67095,0.0046549067
18041,105569,0.0039527086
18042,48593,0.00016790631
18043,57797,0.004344768
18044,94448,0.073368184
18045,40179,0.010593114
18046,46351,0.009166495
18047,31573,2.7859517e-15
18048,5578,5.464535e-07
18049,86462,3.78455e-11
18050,82880,4.251498e-11
18051,63503,0.0060525606
18052,6204,0.0024570464
18053,30502,6.491852e-12
18054,34873,1.2210568e-11
18055,24878,0.005603552
18056,91959,1.9695717e-08
18057,96843,0.00053932745
18058,54312,0.0010976733
18059,55512,2.3914076e-10
18060,30086,0.009084299
18061,101009,0.039851364
18062,44508,0.007630734
18063,106518,0.010603905
18064,19509,1.0146174e-14
18065,91676,6.3308214e-08
18066,97713,0.00019679865
18067,88042,0.0023865474
18068,105360,0.003120437
18069,75522,5.5779864e-12
18070,47741,0.019825885
18071,114474,1.6618174e-07
18072,1466,2.7859517e-15
18073,78299,0.05047838
18074,58532,0.00038691505
18075,6503,5.1830092e-11
18076,43502,2.4137694e-06
18077,44340,0.06855405
18078,114125,5.623106e-05
18079,4727,0.01679003
18080,17530,5.656274e-11
18081,57465,1.2259274e-05
18082,27169,0.06371157
18083,23327,6.234361e-05
18084,86861,4.251498e-11
18085,48034,0.009084299
18086,1530,2.341241e-08
18087,99301,5.8599533e-05
18088,84799,0.008506531
18089,108282,4.5120218e-05
18090,105460,0.0020207777
18091,39580,7.95808e-06
18092,21806,6.060321e-09
18093,52039,1.735503e-07
18094,59942,0.08632413
18095,14850,7.181205e-06
18096,66078,6.1639585e-06
18097,48654,6.239185e-05
18098,12955,0.0015095206
18099,13407,7.206415e-05
18100,114375,0.014298061
18101,55899,0.05047838
18102,42599,0.007384124
18103,13138,0.005467563
18104,73932,0.0020144612
18105,60892,0.05741278
18106,42950,0.017074263
18107,59229,0.039752092
18108,101260,2.2004444e-05
18109,54331,0.0067403205
18110,43460,0.005603552
18111,85122,0.039752092
18112,64883,1.1662389e-05
18113,78564,4.797078e-18
18114,62889,1.4917811e-08
18115,112630,0.00015950244
18116,79974,3.2311822e-05
18117,6232,7.268068e-07
18118,103380,8.2526714e-07
18119,97206,0.0020144612
18120,40554,3.5434678e-12
18121,67711,0.017440932
18122,102360,0.001458661
18123,16432,0.00074469787
18124,78686,0.009084299
18125,84328,0.006562863
18126,34399,0.0055817068
18127,79561,6.1634026e-05
18128,29995,0.0005368607
18129,78870,3.5963595e-12
18130,41069,0.013781839
18131,23454,1.0146174e-14
18132,57761,7.285747e-15
18133,96718,0.0022382287
18134,28314,0.017074263
18135,61253,0.04787555
18136,11627,1.0033126e-06
18137,76083,0.00079251383
18138,56328,6.4574195e-09
18139,91647,0.032368287
18140,7740,2.5566788e-08
18141,81088,1.248098e-05
18142,99982,2.898987e-08
18143,66814,6.848097e-08
18144,41328,0.0005368607
18145,78819,0.17363267
18146,67441,5.6391425e-16
18147,94978,0.050779287
18148,71702,1.20028406e-11
18149,68363,0.028239235
18150,107767,0.001458661
18151,74821,2.094856e-11
18152,55472,0.0068159024
18153,67561,2.3998822e-11
18154,18219,4.3740697e-06
18155,87251,0.010597673
18156,15889,3.29644e-10
18157,108209,0.057786837
18158,3432,0.008096142
18159,48455,6.579396e-05
18160,30492,0.017114835
18161,54521,0.03792611
18162,46890,0.005603552
18163,32389,0.009084299
18164,114787,5.941551e-09
18165,83067,0.009181562
18166,82378,0.004344768
18167,107507,1.6736035e-10
18168,97264,0.05753619
18169,33526,3.1958635e-08
18170,41392,0.0002784047
18171,44318,0.0010522492
18172,48522,1.5948783e-05
18173,20169,5.413995e-12
18174,80401,0.005616725
18175,86718,0.07103359
18176,33981,0.0009831698
18177,52189,0.00527508
18178,9876,3.0101442e-11
18179,8308,1.5003464e-07
18180,53398,1.8621557e-11
18181,15813,2.1364457e-08
18182,24617,0.04980838
18183,101782,9.560646e-09
18184,33207,0.00092866045
18185,102489,4.3074683e-06
18186,60599,0.2270918
18187,43287,9.666035e-06
18188,82584,7.631046e-05
18189,91752,0.014820525
18190,69660,3.0869266e-08
18191,36127,0.0047089937
18192,38268,0.0006208793
18193,37405,0.0007983909
18194,71121,0.038612682
18195,93246,2.015977e-10
18196,16051,4.3022e-13
18197,25693,7.462277e-12
18198,97877,0.0037284244
18199,73677,6.5701756e-06
18200,14664,3.5179546e-05
18201,102758,3.0771662e-07
18202,22840,9.264578e-11
18203,109898,0.0047608973
18204,55029,0.0023894135
18205,115839,1.3089512e-11
18206,106703,1.2458953e-07
18207,84170,6.1634026e-05
18208,93487,0.054639947
18209,75459,6.1634026e-05
18210,81534,0.068451926
18211,75592,1.5105343e-09
18212,4156,0.010719061
18213,72834,0.0020144612
18214,66773,0.011426199
18215,67046,0.023193115
18216,68550,0.007974509
18217,27373,0.005603552
18218,1412,3.0500141e-06
18219,30753,0.0006208793
18220,84323,1.2452172e-05
18221,69241,2.5883322e-11
18222,100489,0.08632413
18223,6848,0.021591296
18224,99854,0.010597673
18225,66398,1.2462176e-05
18226,27603,0.06387287
18227,48614,0.008845419
18228,46097,1.0539141e-08
18229,44656,0.072575845
18230,99117,0.0002613049
18231,99521,0.027660152
18232,23420,1.14946715e-07
18233,14932,0.00031592505
18234,44443,0.021074943
18235,78892,0.004975726
18236,80382,1.5743677e-06
18237,54600,0.051730532
18238,27776,0.04052498
18239,88644,1.2452172e-05
18240,112599,3.2699477e-12
18241,87841,0.05047838
18242,50747,1.8250896e-08
18243,67527,1.5198728e-08
18244,33904,0.0055402275
18245,44690,9.715794e-06
18246,66765,2.3998822e-11
18247,40206,4.241621e-09
18248,22350,1.7350627e-06
18249,76258,3.332546e-06
18250,36442,0.0002087937
18251,6063,2.1224816e-06
18252,107053,0.009184932
18253,29636,3.6208887e-09
18254,30789,4.009321e-08
18255,101755,8.678116e-08
18256,764,1.2648367e-12
18257,17488,7.36297e-07
18258,51549,0.00083854375
18259,3870,0.03683572
18260,68205,0.0023894135
18261,4200,7.723056e-06
18262,61387,0.024432875
18263,7006,0.0018539046
18264,27388,0.056436636
18265,44636,4.0497946e-07
18266,68860,1.1684293e-08
18267,54068,4.5120218e-05
18268,12758,5.552876e-10
18269,33159,0.07103359
18270,16847,9.1572067e-10
18271,3343,0.06864146
18272,37077,0.007863321
18273,841,3.1963932e-06
18274,89092,0.0022098392
18275,100781,0.048240427
18276,95778,0.0036406247
18277,87261,0.0114599075
18278,52653,9.447135e-09
18279,103780,3.8398412e-10
18280,13119,1.332813e-09
18281,83475,0.009181562
18282,55456,3.6215588e-09
18283,36002,0.008845419
18284,60315,0.04787555
18285,10692,0.0019061764
18286,79564,4.5120218e-05
18287,46720,1.424484e-06
18288,45024,0.007863321
18289,35094,0.0055402275
18290,33382,0.004684085
18291,29210,0.010531615
18292,43977,4.522116e-11
18293,71383,0.005616725
18294,102101,0.0035335503
18295,38415,0.024107663
18296,37712,0.009084299
18297,98745,3.0744723e-10
18298,20400,0.1639844
18299,4188,7.693372e-06
18300,80357,0.024684858
18301,104345,2.121329e-05
18302,5737,1.5183333e-06
18303,110616,2.4581252e-06
18304,54475,4.707746e-08
18305,17874,9.1572067e-10
18306,104128,0.048240427
18307,22401,1.1912584e-06
18308,74983,0.0009854129
18309,47032,1.1907204e-05
18310,28549,0.05137095
18311,21547,4.3553675e-11
18312,43435,0.08256352
18313,57881,7.1643095e-05
18314,7473,1.3975316e-06
18315,80219,2.5430898e-08
18316,72324,0.008047716
18317,94261,1.2324168e-05
18318,84857,9.454904e-09
18319,16685,0.0005368607
18320,16814,1.3238359e-10
18321,35597,0.0023916445
18322,5757,0.03454235
18323,63181,6.2992487e-09
18324,74396,0.0036406247
18325,49456,0.0015777918
18326,57822,0.051730532
18327,35846,0.008558585
18328,90899,0.035910267
18329,71223,0.005616725
18330,102559,0.05047838
18331,34635,0.017034432
18332,69448,2.9436376e-13
18333,13892,0.00015317631
18334,23520,1.7142126e-07
18335,84098,0.015332866
18336,84534,9.1219227e-10
18337,78414,4.389641e-05
18338,104344,0.04536966
18339,71157,0.0020144612
18340,104610,0.048240427
18341,2276,0.009881465
18342,62075,0.042838734
18343,112353,6.7349515e-11
18344,74876,3.3170736e-12
18345,64576,0.0014177117
18346,108744,0.001458661
18347,99045,2.3357543e-08
18348,58543,0.0055402275
18349,69004,0.07103359
18350,9920,3.746233e-12
18351,52047,7.206345e-08
18352,96519,1.0043498e-09
18353,97184,0.05753619
18354,12790,1.3910866e-06
18355,79643,0.00096698315
18356,103610,2.261398e-06
18357,40397,5.4542912e-09
18358,4394,1.068928e-07
18359,794,2.3905968e-09
18360,4140,7.212202e-07
18361,24653,0.009166495
18362,76426,4.754268e-07
18363,6069,1.7067457e-10
18364,83615,1.6055478e-11
18365,39188,0.016769435
18366,24303,1.067961e-09
18367,17052,0.19628094
18368,89926,2.794312e-07
18369,44569,2.4699307e-07
18370,89110,2.810094e-12
18371,48595,0.06209234
18372,87180,0.007565507
18373,56389,0.005142767
18374,37640,1.7827572e-06
18375,12968,0.06796212
18376,98879,7.8997886e-10
18377,10594,0.0008367395
18378,4472,2.6955954e-06
18379,106216,0.08167636
18380,87959,0.016113395
18381,16435,1.4573407e-12
18382,89308,0.008083573
18383,28767,0.0015156976
18384,26765,2.1243974e-12
18385,79482,0.024533123
18386,24846,0.00028546568
18387,105255,0.015377235
18388,70085,0.088839225
18389,106888,0.04980838
18390,81827,0.032368287
18391,59834,9.295779e-12
18392,60634,0.009084299
18393,114512,0.0046524927
18394,30571,2.9255198e-09
18395,94241,5.9669597e-05
18396,41563,3.4491517e-08
18397,109695,0.009184932
18398,109608,0.005869099
18399,67180,0.032114133
18400,99783,0.0022382287
18401,77163,1.2452172e-05
18402,114360,1.29545415e-05
18403,28150,3.7928386e-11
18404,20663,0.00031592505
18405,72126,0.007004306
18406,113464,0.010531615
18407,81070,1.3647002e-10
18408,112126,0.055520963
18409,48700,1.9534067e-11
18410,107322,8.231502e-09
18411,72473,0.0020144612
18412,72179,2.9436376e-13
18413,41600,8.849306e-09
18414,7367,0.03454235
18415,95065,0.0022382287
18416,9610,8.220372e-07
18417,3740,0.049170155
18418,72593,0.009181562
18419,32602,4.808571e-08
18420,36203,0.068451926
18421,34402,5.7331285e-08
18422,16096,3.3337243e-15
18423,45823,0.08256352
18424,36131,0.004276007
18425,26877,7.046745e-08
18426,51988,0.017034432
18427,12221,0.00031660288
18428,80029,0.014298061
18429,13394,2.4866054e-09
18430,82808,0.068451926
18431,94358,0.017093383
18432,77198,0.003682228
18433,26013,2.2342856e-05
18434,53046,4.042441e-11
18435,100711,0.0007983909
18436,63842,5.2453653e-11
18437,108659,0.022326356
18438,105377,8.658879e-06
18439,92971,0.009181562
18440,52510,0.0020144612
18441,64985,1.2462176e-05
18442,60576,4.4207676e-14
18443,32013,0.195312
18444,103189,2.33078e-11
18445,8289,8.918943e-06
18446,223,3.4027348e-10
18447,28969,3.940379e-11
18448,29465,0.0005435259
18449,20095,0.01599817
18450,104711,0.048240427
18451,36973,4.0060766e-10
18452,99998,1.5190878e-07
18453,32232,0.0036174739
18454,105421,0.0005641214
18455,55788,6.3041256e-10
18456,104858,0.00019869639
18457,91231,0.0035335503
18458,26446,0.00097152754
18459,106246,0.0021801235
18460,21786,0.0002430219
18461,60519,4.5120218e-05
18462,22667,6.0971232e-12
18463,37620,3.1438205e-12
18464,13752,4.746891e-14
18465,34145,2.7859517e-15
18466,82340,1.2482432e-05
18467,85077,0.009181562
18468,21109,0.0018730182
18469,67364,0.0014805722
18470,102449,0.011426199
18471,43488,7.1795096e-12
18472,34352,0.01599817
18473,32624,4.7581366e-12
18474,53678,0.051730532
18475,106249,6.8422774e-11
18476,28701,0.008355443
18477,90825,3.3612608e-08
18478,11169,6.379268e-09
18479,93543,1.111003e-14
18480,34953,8.875701e-11
18481,110906,7.8417026e-05
18482,19060,0.01599817
18483,50570,0.022892
18484,1755,5.7784066e-14
18485,70531,0.009181562
18486,47314,0.0036498394
18487,103673,0.08311865
18488,107844,0.057786837
18489,83670,0.062280994
18490,96799,3.9550141e-16
18491,113563,2.3127716e-07
18492,28055,1.7505733e-13
18493,14192,0.008845419
18494,65330,1.0294722e-09
18495,104602,0.0020207777
18496,26330,2.1243974e-12
18497,73425,0.05047838
18498,40426,9.359146e-09
18499,67943,0.05741278
18500,36616,1.074838e-06
18501,30489,0.032544143
18502,65941,2.4485352e-09
18503,104469,2.7494274e-11
18504,43560,0.0003022167
18505,26560,5.372468e-12
18506,104674,7.97068e-06
18507,36782,1.1835337e-05
18508,101946,0.00466948
18509,94556,0.01599817
18510,111497,2.858189e-11
18511,15112,7.574645e-16
18512,24678,2.0582619e-13
18513,23618,0.0006208793
18514,102473,0.03273613
18515,8948,0.03454235
18516,114499,9.1687413e-10
18517,49651,3.1438205e-12
18518,59139,3.8978076e-08
18519,61934,0.005603552
18520,42924,0.010593114
18521,107313,0.050779287
18522,25406,0.008845419
18523,30569,0.008845419
18524,47284,0.031758823
18525,50344,9.488701e-10
18526,77193,6.4874126e-05
18527,107719,1.6680461e-07
18528,4642,0.010719061
18529,1969,0.017869916
18530,22678,2.6869964e-08
18531,39769,1.765354e-16
18532,107676,2.0586331e-11
18533,6947,0.010442716
18534,78539,0.0053473273
18535,37146,0.009166495
18536,109989,5.5978264e-05
18537,74049,5.53684e-11
18538,64876,3.9611885e-13
18539,23569,0.0035372423
18540,98535,0.05753619
18541,59741,0.0055402275
18542,66085,1.1191649e-05
18543,82252,0.00079956837
18544,52166,0.0020432167
18545,19628,0.017034432
18546,70565,0.00021197971
18547,78541,1.1622146e-06
18548,21113,0.017034432
18549,17331,1.953267e-09
18550,61911,3.2843887e-11
18551,114714,2.9796874e-14
18552,50232,0.023785902
18553,104670,0.03468771
18554,111073,2.8054764e-13
18555,43900,7.1281236e-12
18556,55067,0.0015945786
18557,7172,6.379268e-09
18558,43497,0.0033286484
18559,17216,1.0833334e-17
18560,29021,3.3111636e-08
18561,7895,3.5402056e-07
18562,83784,0.0024574343
18563,42895,1.1157276e-07
18564,8309,0.02363173
18565,7723,1.5072604e-07
18566,20394,0.051730532
18567,50954,0.007955866
18568,81892,0.022005696
18569,20596,0.00011411205
18570,76806,0.04042109
18571,60858,0.0020144612
18572,77715,0.00063523813
18573,71227,0.0020144612
18574,35342,1.19526715e-11
18575,11441,0.010101724
18576,26497,0.029704567
18577,79936,1.5571057e-08
18578,56091,2.063018e-09
18579,92694,0.05741278
18580,84695,2.715835e-12
18581,2649,6.1328347e-09
18582,113419,3.0449479e-05
18583,63393,3.5778335e-11
18584,50585,0.034754902
18585,44182,0.008494399
18586,72454,0.038612682
18587,79439,0.0006084542
18588,52130,0.00527508
18589,64237,9.558973e-12
18590,56211,0.042838734
18591,73537,3.5631276e-09
18592,100898,0.0023870617
18593,56300,0.04337805
18594,2105,4.6011837e-07
18595,106955,7.381612e-09
18596,55190,5.8682343e-07
18597,77058,0.0004776981
18598,110543,1.2637077e-05
18599,75650,0.00012901782
18600,15342,0.032486703
18601,22387,0.009166495
18602,59606,1.2452172e-05
18603,108278,0.011458291
18604,38307,0.028758163
18605,86630,3.878318e-08
18606,74031,0.9791378
18607,99212,1.1738292e-06
18608,38421,0.051730532
18609,59694,2.730741e-09
18610,13800,0.09722748
18611,22908,1.0906249e-05
18612,108880,0.057828885
18613,78907,3.4412988e-08
18614,114746,0.011458291
18615,99437,9.4045276e-07
18616,22139,2.087247e-05
18617,94756,0.05741278
18618,92882,0.05047838
18619,61528,0.001458661
18620,78882,0.0006208793
18621,1124,2.1688058e-07
18622,16201,4.075456e-13
18623,59640,1.5992007e-05
18624,92338,3.720847e-07
18625,39751,0.009166495
18626,4421,0.009896677
18627,93573,0.0005127347
18628,54616,2.6666885e-10
18629,7818,0.06864146
18630,2628,0.0002914623
18631,2076,0.03455441
18632,82679,0.005616725
18633,1599,0.025086792
18634,91448,0.007822134
18635,59303,0.004344768
18636,4626,2.052283e-06
18637,87068,0.0052387794
18638,45336,0.015370219
18639,37715,3.037603e-07
18640,35847,0.009084299
18641,13475,2.4530025e-10
18642,81174,2.1269254e-10
18643,692,0.055707112
18644,55862,0.005948026
18645,70872,0.008494399
18646,7020,7.02916e-08
18647,97991,0.016113395
18648,44820,5.769079e-14
18649,10440,2.4130352e-06
18650,83855,3.508055e-08
18651,64068,1.600267e-05
18652,31580,6.459584e-14
18653,56726,7.608903e-09
18654,17595,0.00014584603
18655,51300,1.2259274e-05
18656,11951,0.00031171436
18657,51783,0.022892
18658,59604,7.488527e-12
18659,31999,0.005603552
18660,68353,1.6573999e-06
18661,73201,7.9483e-05
18662,6487,6.1629355e-09
18663,56831,0.0048167007
18664,50838,0.040477555
18665,113445,2.3792883e-09
18666,86242,0.0037058424
18667,71167,0.010597673
18668,67265,0.03181879
18669,69885,0.017034432
18670,7496,0.022079054
18671,15945,6.0321204e-06
18672,78401,1.0043498e-09
18673,60466,0.0036302214
18674,102527,0.009181562
18675,85760,4.2960546e-06
18676,14444,0.007630734
18677,83810,4.7214558e-06
18678,72426,6.1634026e-05
18679,86934,0.07581729
18680,101929,0.0023917276
18681,115418,0.002060897
18682,103462,0.042397507
18683,88877,0.05216715
18684,114689,8.208849e-12
18685,25087,0.005603552
18686,13348,0.030462032
18687,75384,6.1634026e-05
18688,57917,0.008298639
18689,114646,0.0014470553
18690,91756,0.004113125
18691,112693,8.77207e-13
18692,101215,3.5614506e-12
18693,78344,7.462277e-12
18694,80693,3.8974893e-11
18695,85499,6.406599e-11
18696,84576,0.001458661
18697,114555,0.05047838
18698,23639,0.0001141803
18699,1312,0.006450452
18700,57257,4.4207676e-14
18701,4894,6.514023e-07
18702,39703,2.7859517e-15
18703,27633,0.006871984
18704,2176,0.028912809
18705,78855,1.7641474e-14
18706,111680,2.0984603e-06
18707,60707,1.5493313e-07
18708,21463,6.459584e-14
18709,50162,0.00079286017
18710,61872,0.008515424
18711,84702,0.001458661
18712,94050,0.033858243
18713,5013,5.90442e-08
18714,71466,0.017034432
18715,108030,0.048240427
18716,86069,0.009181562
18717,24920,0.06865799
18718,81635,0.0023865746
18719,46525,0.009166495
18720,94239,0.0020144612
18721,88963,0.07125481
18722,59356,0.04787555
18723,56222,0.02879052
18724,58728,2.486607e-07
18725,658,3.7296908e-05
18726,64756,2.0042894e-07
18727,82362,0.011426199
18728,6329,6.430898e-08
18729,102601,2.7096396e-06
18730,103848,1.3030455e-06
18731,67780,1.7776329e-12
18732,85174,0.00020785356
18733,69459,0.0015176588
18734,99992,0.05769793
18735,22945,4.800209e-07
18736,35460,2.7859517e-15
18737,96514,0.0067605744
18738,62686,0.04787555
18739,89445,4.4255035e-09
18740,89179,0.0006101255
18741,34560,1.2284238e-06
18742,9555,0.02363173
18743,67698,0.023193115
18744,48270,1.4582291e-10
18745,70415,0.009181562
18746,45996,0.0028333783
18747,707,0.013781839
18748,29516,0.004344768
18749,92224,3.6284478e-06
18750,106897,0.00018646118
18751,85708,0.017034432
18752,97905,1.166151e-07
18753,15309,0.019041244
18754,88787,0.0035335503
18755,9807,0.0053352406
18756,8423,0.016854424
18757,735,2.1284898e-06
18758,89521,0.05741278
18759,67195,1.1161938e-11
18760,45967,0.0002087937
18761,11412,0.017281346
18762,100997,0.03189741
18763,19023,0.012841478
18764,15663,9.098262e-07
18765,3004,0.022016345
18766,102392,0.0031889176
18767,44544,2.0916632e-10
18768,6429,0.0034610408
18769,72299,0.00063073414
18770,31446,2.127618e-11
18771,21997,0.0010119245
18772,7460,3.5033424e-06
18773,50495,0.009084299
18774,98582,0.039851364
18775,53187,0.017034432
18776,75584,0.024533123
18777,10590,0.00952741
18778,75606,0.051730532
18779,115168,1.897001e-11
18780,66947,0.051730532
18781,49884,7.2105243e-12
18782,3171,6.195881e-08
18783,18833,3.5123484e-11
18784,51457,1.2259274e-05
18785,9767,1.2361947e-08
18786,43015,4.8236178e-08
18787,104086,2.7545637e-09
18788,58372,0.010531615
18789,107950,5.5726157e-12
18790,29246,0.008558585
18791,113807,6.1634026e-05
18792,51952,0.06572579
18793,20845,3.1053126e-14
18794,104229,0.05753619
18795,86618,0.0045028874
18796,24259,0.007630734
18797,98204,0.004355834
18798,41835,9.0291665e-05
18799,60924,1.2452172e-05
18800,111900,0.0075635207
18801,80790,6.1634026e-05
18802,14018,0.014820525
18803,97964,0.0056611053
18804,25418,0.017074263
18805,50133,2.4538525e-15
18806,41864,0.06375701
18807,23487,0.009166495
18808,45693,0.02939055
18809,65603,3.5963595e-12
18810,53217,0.00086317223
18811,72997,0.028758163
18812,53612,0.07103359
18813,113991,0.04787555
18814,63292,0.0005076005
18815,51803,0.119571716
18816,79290,0.0023870617
18817,59327,3.1475617e-10
18818,22400,0.0009993503
18819,7189,1.7886288e-08
18820,99476,1.7848391e-08
18821,105364,0.07581729
18822,74223,0.0007983909
18823,50990,0.008298639
18824,28606,5.2225148e-11
18825,111498,6.9591297e-06
18826,39916,0.0025771065
18827,42697,2.894087e-07
18828,79452,0.003351908
18829,114839,9.254882e-06
18830,30725,0.009084299
18831,95610,0.011426199
18832,22246,0.01396796
18833,93907,5.029491e-06
18834,58870,0.033285875
18835,93841,2.8308682e-06
18836,100249,5.6953167e-09
18837,59026,0.02572848
18838,42216,8.0238094e-10
18839,14003,1.7639732e-13
18840,99076,0.07805727
18841,2116,6.7859946e-05
18842,93111,0.0005443191
18843,42318,2.1552482e-08
18844,38500,0.0018589231
18845,21551,7.771345e-06
18846,38259,0.008845419
18847,92116,6.1634026e-05
18848,86382,6.0994382e-12
18849,107140,1.9949885e-10
18850,98551,0.0014177117
18851,31296,0.16423137
18852,94929,0.050779287
18853,115594,1.0265489e-05
18854,13301,6.9884026e-15
18855,45468,1.7427478e-09
18856,14521,2.8835439e-07
18857,54149,0.003682228
18858,72837,1.1523688e-10
18859,83063,3.3445646e-11
18860,1813,5.1681405e-07
18861,81784,3.4642682e-09
18862,37314,0.008558585
18863,21721,2.087247e-05
18864,88662,1.6339273e-10
18865,17912,0.01599817
18866,45162,0.0036498394
18867,85324,1.2482432e-05
18868,99346,0.07805727
18869,88504,0.032368287
18870,60212,0.05741278
18871,91303,4.964141e-10
18872,112342,0.010531615
18873,89466,3.720847e-07
18874,93431,0.001458661
18875,1192,0.03964128
18876,10391,0.00952741
18877,70583,0.007004306
18878,25524,8.3620944e-11
18879,66219,2.266589e-10
18880,45595,0.03239536
18881,101467,0.009184932
18882,77938,0.011426199
18883,45138,0.65559345
18884,191,0.012376631
18885,68453,0.032368287
18886,47476,0.009166495
18887,75430,1.111003e-14
18888,104129,2.0912362e-06
18889,104685,0.009184932
18890,48972,0.00011763776
18891,441,5.0601e-07
18892,107837,3.896315e-11
18893,25783,1.207565e-05
18894,788,1.4466057e-09
18895,57136,0.021053016
18896,12399,0.008309544
18897,25842,0.0026796078
18898,109583,0.0009854129
18899,33860,4.4207676e-14
18900,58399,1.2240123e-07
18901,90064,0.04536966
18902,2322,2.1224816e-06
18903,113764,0.00012456151
18904,94278,0.0010522492
18905,68880,0.005616725
18906,94058,4.62217e-08
18907,18632,3.2702693e-10
18908,30897,2.955506e-11
18909,23640,2.4496373e-06
18910,17861,0.11469945
18911,85414,0.051730532
18912,34957,0.009084299
18913,20430,2.0128551e-08
18914,38888,4.364182e-11
18915,68444,8.979202e-13
18916,65687,4.1098474e-06
18917,113882,1.7310828e-06
18918,87376,0.007630734
18919,83231,0.00027314812
18920,64878,2.5610479e-11
18921,45962,0.008845419
18922,73750,7.173843e-12
18923,48399,1.8364747e-10
18924,31495,6.459584e-14
18925,100270,1.3320041e-10
18926,104250,0.00053932745
18927,110364,0.010597673
18928,42061,0.007071
18929,44824,2.478565e-09
18930,70340,0.009181562
18931,22021,0.00021321175
18932,10176,4.326104e-13
18933,86874,0.0005003087
18934,50878,0.00012038292
18935,114430,0.032544143
18936,77818,0.007630734
18937,25518,0.019825885
18938,9441,0.017869916
18939,52146,0.008558585
18940,5442,1.191411e-08
18941,16713,0.13494028
18942,43927,0.017074263
18943,58363,9.68472e-06
18944,107965,0.050779287
18945,48936,0.0006208793
18946,47794,0.0055402275
18947,76502,0.024533123
18948,47455,0.03239536
18949,75015,2.2601912e-10
18950,85261,2.6490502e-06
18951,67668,5.9525906e-08
18952,53222,0.00012038292
18953,98845,0.04195062
18954,52710,1.3252634e-10
18955,71478,0.05047838
18956,21949,0.015370219
18957,12472,0.00029725904
18958,9084,5.4639688e-05
18959,48183,0.024432875
18960,91271,0.0048297467
18961,108243,3.219725e-12
18962,32460,2.2484022e-13
18963,42451,9.979314e-11
18964,43906,0.010593114
18965,51931,0.009984498
18966,98153,0.011426199
18967,11029,8.807469e-05
18968,75847,1.3863925e-07
18969,93460,0.03232138
18970,45800,0.0001141803
18971,94558,0.007571936
18972,76926,0.010597673
18973,61209,9.422153e-10
18974,1340,0.068451926
18975,108617,0.0068329745
18976,8408,0.15119436
18977,115544,0.002379081
18978,90387,0.04536966
18979,89287,0.0030274577
18980,91797,0.030561572
18981,22077,2.7859517e-15
18982,102971,2.2317212e-10
18983,63046,0.005616725
18984,13074,3.6182035e-09
18985,75839,9.717523e-09
18986,33264,0.009084299
18987,732,1.3427541e-09
18988,57362,0.01728862
18989,43578,0.00014064243
18990,20495,5.6434607e-11
18991,115259,0.0055003488
18992,109151,8.678116e-08
18993,28361,0.017074263
18994,48688,1.0294722e-09
18995,69760,0.0010522492
18996,25445,0.004344768
18997,74994,6.985617e-05
18998,76892,0.006976981
18999,5812,0.009896677
19000,104243,0.010597673
19001,36309,1.2547904e-08
19002,38234,0.0001141803
19003,26780,2.7859517e-15
19004,6296,0.03500239
19005,110184,3.6238488e-11
19006,52008,0.00492387
19007,37938,3.4909417e-07
19008,42026,0.009166495
19009,25097,0.015370219
19010,35153,0.008845419
19011,46104,0.0005368607
19012,63532,0.0014095724
19013,62831,0.005603552
19014,49690,0.07103359
19015,27161,0.005603552
19016,91387,0.003009944
19017,50354,0.009084299
19018,17597,0.024432875
19019,66250,3.5963595e-12
19020,32496,7.2105243e-12
19021,92143,7.062583e-08
19022,44733,0.005603552
19023,21185,7.6286256e-08
19024,1286,1.5053959e-06
19025,39151,4.3469625e-10
19026,49282,0.09331331
19027,89943,1.436033e-06
19028,47276,0.009166495
19029,47493,0.0006233595
19030,54400,0.05137095
19031,85298,0.005330541
19032,113723,0.010531615
19033,39689,2.7859517e-15
19034,2783,0.0048265187
19035,11097,1.0621334e-06
19036,3131,0.05667794
19037,60524,0.0048167007
19038,25722,0.0068159024
19039,86655,0.016146887
19040,67865,5.1776267e-10
19041,114062,2.809552e-09
19042,73184,0.0023242084
19043,112481,0.002379081
19044,99563,0.010597673
19045,113555,0.009050281
19046,17262,2.8462818e-10
19047,55740,3.3134693e-12
19048,68808,0.00394109
19049,111055,1.9396125e-09
19050,2358,0.03455441
19051,83694,3.9538463e-08
19052,104158,3.3178898e-12
19053,42243,0.003064368
19054,83338,3.0870797e-08
19055,15635,3.5608612e-06
19056,72845,3.240646e-13
19057,38032,0.0010522492
19058,24096,0.010593114
19059,86973,4.6308095e-08
19060,62674,7.533768e-07
19061,112303,0.0021801235
19062,37318,5.9494865e-10
19063,27512,2.7859517e-15
19064,79083,0.05047838
19065,49729,2.7859517e-15
19066,110330,3.058533e-11
19067,55875,0.0068159024
19068,89811,0.00063020864
19069,55163,0.0005076005
19070,76130,6.1634026e-05
19071,30326,7.2105243e-12
19072,98786,0.0009854129
19073,3152,2.0189455e-08
19074,22804,0.0011169551
19075,112649,0.00019638009
19076,44415,5.6002216e-09
19077,26543,0.009166495
19078,65259,1.5548021e-09
19079,110928,6.1634026e-05
19080,66700,1.0282276e-10
19081,85380,1.0708248e-09
19082,56301,0.00527508
19083,2283,0.006808138
19084,38358,2.7859517e-15
19085,93303,0.00053932745
19086,22698,3.5646772e-09
19087,27659,4.387135e-14
19088,92450,8.047712e-08
19089,67213,0.020717869
19090,109412,0.032362238
19091,74263,0.0004981336
19092,91027,0.001458661
19093,45197,0.007194547
19094,107935,0.057786837
19095,30986,0.008363692
19096,15044,0.072367854
19097,17780,1.7075148e-07
19098,87040,0.0043501053
19099,46910,0.0034482088
19100,75108,1.111003e-14
19101,6245,7.030716e-08
19102,82614,0.0009070569
19103,52253,3.037928e-11
19104,62532,0.0034954848
19105,60976,6.9555174e-11
19106,95682,0.000121719226
19107,51451,0.051730532
19108,33494,2.0577074e-06
19109,57652,0.0022811855
19110,41591,3.3799446e-11
19111,4468,2.013055e-08
19112,2491,7.030716e-08
19113,24568,0.010593114
19114,94372,0.00017070358
19115,103875,1.03209e-07
19116,1343,9.397034e-08
19117,30282,0.03468771
19118,75676,5.4514e-05
19119,87593,3.278603e-06
19120,65336,0.0022697179
19121,16306,8.43339e-14
19122,10630,1.4711949e-05
19123,105958,0.00015857466
19124,61041,1.2452172e-05
19125,20591,0.0034061149
19126,46045,0.007630734
19127,108181,1.904618e-11
19128,16844,9.1572067e-10
19129,102020,0.0020144612
19130,94428,0.009084299
19131,78968,0.03860591
19132,85368,0.068451926
19133,3242,1.3499017e-07
19134,84991,0.00019690789
19135,91667,0.024684858
19136,115466,0.002060897
19137,100192,0.00024987996
19138,33771,2.7859517e-15
19139,82372,0.010597673
19140,88713,4.2383534e-13
19141,76646,5.6654622e-11
19142,87052,0.008506531
19143,70163,2.6943979e-05
19144,35463,0.0005368607
19145,88203,1.1207394e-08
19146,97706,0.0023112844
19147,100390,8.283895e-06
19148,115798,0.027660152
19149,99350,0.0005838372
19150,84607,0.04787555
19151,15103,0.00033362463
19152,66350,7.478115e-10
19153,21934,0.007630734
19154,25971,0.004344768
19155,8296,1.1264301e-05
19156,27030,0.0019963898
19157,36129,0.009084299
19158,81044,1.3398804e-10
19159,79050,0.010531615
19160,66018,7.8350837e-10
19161,71798,0.0006084542
19162,58086,0.005371928
19163,65954,7.349619e-07
19164,57825,1.2425269e-09
19165,27039,0.0008874565
19166,74179,9.4415424e-07
19167,3024,1.3163562e-06
19168,75282,0.0060972734
19169,63728,1.2352092e-06
19170,41094,0.08256352
19171,70379,0.01599817
19172,30450,0.009084299
19173,46825,4.3553675e-11
19174,72175,0.031770848
19175,12984,0.009101587
19176,28256,5.0259557e-09
19177,59892,0.010531615
19178,72182,0.05047838
19179,67491,0.0009854129
19180,61281,2.575425e-11
19181,73173,3.5798028e-06
19182,69764,0.005616725
19183,17017,2.9326538e-13
19184,27937,4.2861925e-06
19185,58245,0.0002784047
19186,31292,3.0325566e-05
19187,19092,0.034754902
19188,107821,0.0019093235
19189,87654,3.0822656e-09
19190,113406,3.1145055e-11
19191,93100,0.03531721
19192,72844,0.00033184
19193,54891,1.5948783e-05
19194,5646,0.011864196
19195,36358,0.05137095
19196,22006,1.7571247e-07
19197,102810,0.0037639884
19198,37141,0.009166495
19199,20296,2.0083645e-08
19200,54624,0.010531615
19201,60372,0.04536966
19202,84032,0.05741278
19203,38315,0.009166495
19204,97258,1.6506889e-10
19205,86018,1.3253607e-08
19206,72765,1.4283133e-06
19207,45152,0.0005231675
19208,110223,1.6149167e-07
19209,16875,0.3528487
19210,863,0.032486703
19211,28326,4.387135e-14
19212,51868,0.032544143
19213,62043,1.7639732e-13
19214,9465,2.81528e-06
19215,38820,1.7700854e-06
19216,17039,0.0025393388
19217,13045,6.127924e-09
19218,23740,1.7639732e-13
19219,72237,6.1634026e-05
19220,64283,1.508872e-10
19221,26902,3.940379e-11
19222,14424,3.0550609e-09
19223,14572,1.1613415e-06
19224,51340,8.8085886e-07
19225,55172,1.2126613e-05
19226,115003,0.00237759
19227,68543,0.04787555
19228,45226,0.01599817
19229,40204,0.051730532
19230,14257,0.03218076
19231,46475,0.00036398685
19232,74550,0.007004306
19233,97065,3.627947e-09
19234,73554,0.0036406247
19235,28096,2.7657323e-11
19236,63351,0.033193946
19237,66216,6.0017777e-07
19238,115757,1.3481284e-08
19239,77661,0.009181562
19240,24170,0.0003300177
19241,68317,0.005686457
19242,67063,1.1991714e-08
19243,27516,1.7947308e-06
19244,1309,0.032512687
19245,33041,0.0009831698
19246,79618,0.03468771
19247,99870,0.03218042
19248,62986,3.5963595e-12
19249,53461,9.803581e-06
19250,17412,0.06318279
19251,67839,0.009181562
19252,23746,3.5685784e-06
19253,2281,3.246557e-07
19254,8382,0.0058327727
19255,109162,1.6053938e-05
19256,36181,0.8392091
19257,93000,0.00020824316
19258,39895,1.6387447e-12
19259,113200,1.4174757e-10
19260,27187,0.0047944956
19261,101493,9.7657775e-09
19262,33978,0.007630734
19263,28984,1.8851218e-09
19264,112914,0.045894172
19265,97186,0.008506531
19266,13916,1.3238047e-15
19267,62960,7.050765e-12
19268,88498,6.0994382e-12
19269,18662,2.8462818e-10
19270,27646,7.132278e-05
19271,25647,0.008494399
19272,61101,7.645245e-07
19273,65272,3.3170736e-12
19274,46313,0.0068159024
19275,84012,0.00011625087
19276,47305,1.710819e-07
19277,13277,2.6376926e-14
19278,35527,0.009084299
19279,69436,0.034754902
19280,15261,7.38116e-17
19281,17510,0.00030789332
19282,63636,1.2452172e-05
19283,112715,0.001458661
19284,115035,0.002060897
19285,100132,6.1634026e-05
19286,82445,0.005363385
19287,62171,1.2351703e-06
19288,96052,1.4917825e-10
19289,86133,2.2659166e-12
19290,114221,2.2317212e-10
19291,14429,8.7967794e-10
19292,59811,0.05741278
19293,92019,0.039752092
19294,14630,6.756217e-06
19295,107883,3.8814896e-10
19296,72975,0.00079286017
19297,94884,0.0022382287
19298,15610,0.017034432
19299,29714,0.0006208793
19300,80787,0.032368287
19301,115208,0.04364297
19302,7256,1.4655669e-05
19303,8158,3.0899425e-08
19304,83527,3.5123484e-11
19305,73596,7.173843e-12
19306,23255,0.022921072
19307,112613,0.045894172
19308,51816,0.06375701
19309,45167,0.009166495
19310,44014,6.2821637e-06
19311,28590,2.1450367e-08
19312,89472,0.007630734
19313,13153,9.122741e-10
19314,107505,0.0037801657
19315,2545,1.0139898e-05
19316,85843,1.3419397e-07
19317,105688,0.017317794
19318,18182,1.3238047e-15
19319,60478,2.7876314e-07
19320,37532,9.803581e-06
19321,110396,0.009184932
19322,91896,0.00064479787
19323,98539,0.046991006
19324,110545,0.0033014994
19325,80910,1.248098e-05
19326,88889,1.2190155e-08
19327,58516,0.033792887
19328,75286,0.0060525606
19329,95592,3.5850012e-10
19330,12471,0.17021848
19331,67200,0.009181562
19332,15203,0.010010872
19333,87136,0.010597673
19334,90716,0.04536966
19335,62941,2.7841964e-09
19336,82615,0.003896884
19337,44199,2.7859517e-15
19338,73702,0.0006011388
19339,24969,0.026837869
19340,14626,0.008845419
19341,31504,0.005603552
19342,70002,0.010597673
19343,39307,0.03239536
19344,46682,3.6581851e-10
19345,87284,0.012230066
19346,1434,6.220916e-11
19347,43910,1.0146174e-14
19348,7569,0.009896677
19349,96438,3.990656e-10
19350,100632,0.011426199
19351,104272,2.874248e-09
19352,53994,1.5948783e-05
19353,91283,0.0046549067
19354,54777,0.4266748
19355,20884,0.010888648
19356,82085,0.037662227
19357,43944,2.9374962e-13
19358,57276,1.3642257e-05
19359,73420,1.1305208e-06
19360,80482,2.1532604e-11
19361,42529,0.37494603
19362,56309,0.033792887
19363,41814,0.00536555
19364,11473,0.009896677
19365,68492,1.6912951e-06
19366,92551,0.045750935
19367,68274,0.008845419
19368,35691,0.0023916445
19369,8453,6.119432e-09
19370,6785,0.016854424
19371,19291,0.000783257
19372,108722,3.0367677e-12
19373,68175,0.05741278
19374,15486,0.0852024
19375,45641,0.013453155
19376,73383,2.1887979e-10
19377,64031,5.915199e-11
19378,15873,0.00031592505
19379,66784,0.0012474207
19380,51787,0.017034432
19381,27364,1.1276596e-14
19382,51021,1.2259274e-05
19383,91962,0.011426199
19384,62896,0.05741278
19385,11333,3.6611905e-08
19386,86775,1.3415916e-13
19387,47013,3.2862513e-10
19388,33816,2.116817e-09
19389,42863,0.005433474
19390,26755,0.00048801876
19391,20533,4.8947998e-14
19392,40890,0.0035680751
19393,99152,0.00013659865
19394,44163,0.019825885
19395,106905,0.017114835
19396,11740,7.574645e-16
19397,21822,0.03239536
19398,82271,0.0020144612
19399,83555,1.3610929e-06
19400,4837,0.055661947
19401,43971,0.010593114
19402,1944,0.00437134
19403,5237,5.3514566e-07
19404,37286,0.06387287
19405,655,0.00293886
19406,20498,1.9501433e-05
19407,3981,5.40538e-07
19408,84121,2.943396e-07
19409,60778,0.0054519447
19410,1529,2.1639643e-08
19411,75529,9.483398e-14
19412,96584,1.5571057e-08
19413,31856,3.2862263e-10
19414,45164,0.0027400674
19415,115060,0.05047838
19416,108010,0.00018646118
19417,58712,6.4574195e-09
19418,28175,0.00063523813
19419,94799,0.017093383
19420,8166,0.01371045
19421,45554,0.007863321
19422,79465,0.048240427
19423,23294,0.008845419
19424,83829,7.63289e-12
19425,105257,0.00018559788
19426,20688,0.0035266695
19427,115336,0.003739154
19428,73867,9.752133e-07
19429,19599,1.8090153e-08
19430,13055,1.0790628e-09
19431,106882,1.1140084e-09
19432,41947,0.1639844
19433,7126,9.3172936e-08
19434,104207,6.1634026e-05
19435,57585,5.1962535e-11
19436,96751,2.1887979e-10
19437,90788,9.1871927e-10
19438,5886,6.808699e-08
19439,52120,2.7346334e-10
19440,106797,3.5401931e-06
19441,52407,0.08256352
19442,45243,3.5009737e-07
19443,82325,3.9538463e-08
19444,47844,1.2259274e-05
19445,100783,0.025923373
19446,29244,3.2132234e-11
19447,47102,0.010593114
19448,27663,1.876168e-06
19449,11771,0.009101587
19450,84457,2.9436376e-13
19451,70761,3.968848e-06
19452,20336,5.573946e-05
19453,715,1.0423312e-08
19454,62738,1.2452172e-05
19455,51271,0.009084299
19456,104162,0.022096224
19457,37550,3.0092473e-08
19458,76845,0.038612682
19459,51242,0.00079286017
19460,25057,0.026293248
19461,64646,2.726142e-12
19462,51385,1.0703592e-09
19463,53811,0.010531615
19464,105135,8.703112e-06
19465,108711,0.005433474
19466,58121,0.009084299
19467,90907,0.05216715
19468,20827,2.7859517e-15
19469,104224,0.051720127
19470,111444,2.2243143e-10
19471,64383,0.0043990035
19472,56476,0.00079286017
19473,24524,0.009166495
19474,27845,5.1883297e-05
19475,40163,0.019825885
19476,90830,0.08129233
19477,87232,1.8800945e-09
19478,23574,1.6060257e-07
19479,46115,0.005603552
19480,94188,2.3844176e-09
19481,63317,0.03179163
19482,74534,6.1634026e-05
19483,35291,8.675893e-13
19484,39596,1.507722e-09
19485,23486,0.017034432
19486,81047,0.007630734
19487,93399,0.0011205855
19488,83380,0.005616725
19489,112686,2.2659166e-12
19490,65446,3.5229306e-10
19491,86247,0.017034432
19492,46955,2.0582619e-13
19493,87319,1.0657384e-06
19494,24597,0.00027110163
19495,62935,0.00023227918
19496,29392,1.017186e-06
19497,102824,0.017440932
19498,50802,0.021573644
19499,89526,0.007630734
19500,30994,0.01390759
19501,76470,1.1167096e-05
19502,92564,0.07581729
19503,21399,5.636107e-06
19504,49224,4.64957e-09
19505,29115,0.009084299
19506,59022,0.04787555
19507,3877,2.4752037e-06
19508,107838,2.2893352e-07
19509,84546,0.0053473273
19510,109011,0.03489507
19511,36221,2.7859517e-15
19512,46666,0.0051481444
19513,92721,0.05741278
19514,19285,0.032486703
19515,110957,7.17257e-12
19516,32568,0.017114835
19517,50895,0.009084299
19518,3401,0.054712385
19519,19144,0.2270918
19520,12803,4.746511e-14
19521,27979,4.7020386e-08
19522,42619,0.005039457
19523,45769,2.7859517e-15
19524,92145,1.3163044e-07
19525,40953,1.4167608e-08
19526,81404,0.0007983909
19527,27297,2.0105516e-07
19528,24796,3.1438205e-12
19529,67274,0.00046405467
19530,3259,7.787925e-07
19531,103024,3.1032442e-07
19532,115925,0.042441774
19533,65145,3.9345944e-12
19534,45656,0.00829756
19535,39611,0.009433691
19536,86366,0.007004306
19537,49094,6.4097095e-13
19538,103841,3.7247042e-05
19539,113878,0.002385215
19540,79972,0.0020144612
19541,107901,1.25402885e-05
19542,14165,0.08256352
19543,108544,1.02466586e-07
19544,15388,8.233948e-10
19545,64024,2.1863154e-10
19546,63017,0.018907836
19547,114339,3.7889648e-05
19548,69477,0.005616725
19549,83102,0.04536966
19550,92765,0.045750935
19551,85825,0.017034432
19552,83026,3.1964464e-07
19553,66109,5.884442e-08
19554,92942,3.1866016e-06
19555,27404,0.010531615
19556,43249,2.6662698e-07
19557,72228,0.008047716
19558,14492,5.552876e-10
19559,66488,0.037525553
19560,22058,0.009166495
19561,37892,0.0117144035
19562,53361,9.7717646e-05
19563,77095,0.019258602
19564,43307,0.01599817
19565,92913,0.0026570077
19566,59384,0.0074925814
19567,35998,0.017034432
19568,54787,0.008298639
19569,77380,6.1634026e-05
19570,63742,2.0155723e-05
19571,55668,0.00090048823
19572,15670,1.2665121e-08
19573,62802,0.07103359
19574,36645,0.007630734
19575,63321,2.9653181e-06
19576,19104,4.3334047e-09
19577,91919,0.011699497
19578,31862,0.00079286017
19579,10252,3.5402056e-07
19580,98915,0.011426199
19581,63575,2.9817953e-05
19582,71664,0.05047838
19583,14968,4.746891e-14
19584,10837,0.008096142
19585,79621,0.007561423
19586,110718,0.03468771
19587,88560,0.042838734
19588,26737,1.9478556e-07
19589,64126,3.5723666e-10
19590,72177,5.3320908e-09
19591,14911,0.00017125021
19592,17140,0.007990757
19593,74681,0.007630734
19594,75966,1.5291067e-09
19595,34596,0.024458854
19596,63539,0.051730532
19597,87668,0.05216715
19598,36393,0.003682228
19599,38233,4.1039225e-08
19600,80276,0.016698353
19601,54229,0.003682228
19602,88354,0.008506531
19603,108176,7.456814e-12
19604,62281,0.007863321
19605,107923,2.490046e-06
19606,26889,3.7450839e-06
19607,38,0.03298039
19608,49617,1.4373686e-07
19609,50522,1.9757317e-07
19610,7764,8.4696916e-07
19611,60727,1.7133481e-09
19612,37020,3.4392976e-08
19613,5988,1.1402583e-06
19614,88887,0.04536966
19615,77115,0.011426199
19616,22468,1.424484e-06
19617,15551,4.746891e-14
19618,13365,2.476768e-10
19619,53286,0.008845419
19620,42574,2.8080235e-10
19621,22304,0.027982624
19622,24710,0.0052154358
19623,19075,4.9699483e-10
19624,75507,6.1634026e-05
19625,93081,0.042838734
19626,69354,0.0026337989
19627,111490,1.1598617e-10
19628,111040,1.8434216e-08
19629,55994,0.04787555
19630,46703,2.7859517e-15
19631,70423,6.345035e-09
19632,104399,1.5447951e-10
19633,36401,0.025516089
19634,115684,6.4701315e-05
19635,1212,0.00031592505
19636,42030,0.009166495
19637,70759,1.3427823e-05
19638,98241,1.6121578e-11
19639,112970,0.025916465
19640,81089,0.008494399
19641,39566,0.007863321
19642,108306,0.0005073693
19643,35165,3.2706519e-06
19644,52261,0.011342298
19645,104936,0.00015186943
19646,66158,0.0057430975
19647,88313,0.008845419
19648,62361,1.2725863e-10
19649,89397,1.4491408e-09
19650,113404,0.010531615
19651,44403,1.3157693e-08
19652,65357,1.2462176e-05
19653,25001,0.0036026305
19654,39196,0.0006956371
19655,55169,3.1095015e-11
19656,101925,0.07047905
19657,37433,4.077153e-12
19658,87332,0.024684858
19659,105297,0.008089746
19660,64247,1.0985807e-11
19661,95334,2.850628e-10
19662,7427,5.8444255e-07
19663,89289,0.0048456895
19664,91542,7.4833373e-10
19665,90493,0.010597673
19666,86195,0.017034432
19667,115123,1.1058825e-14
19668,59287,0.07675912
19669,114911,0.004964805
19670,28663,0.051730532
19671,81118,9.1219227e-10
19672,24912,0.03239536
19673,2666,0.0027460689
19674,65871,3.5963595e-12
19675,63464,3.130716e-08
19676,75838,1.9458385e-08
19677,65469,0.0011165098
19678,103855,0.0007928711
19679,108567,0.05216715
19680,99832,0.009184932
19681,23280,1.075361e-08
19682,46644,1.4111391e-10
19683,18247,2.091974e-14
19684,85649,0.032368287
19685,9385,6.9623293e-06
19686,63515,2.6181406e-06
19687,85227,1.2482432e-05
19688,37134,0.0085101
19689,16991,1.0621334e-06
19690,74500,0.023193115
19691,61361,0.03175226
19692,96395,0.0005443191
19693,38619,0.09465778
19694,77040,0.008845419
19695,4791,0.00028172258
19696,66676,1.2633858e-05
19697,100122,0.011082361
19698,26111,0.00079286017
19699,85249,0.0048167007
19700,91512,0.0052112807
19701,91892,8.785316e-07
19702,29490,0.009084299
19703,73736,0.0020144612
19704,96225,0.005616725
19705,20600,0.0002087937
19706,46200,6.1062826e-07
19707,90386,0.012739766
19708,63754,1.2262225e-10
19709,53135,0.00027504825
19710,78244,0.033792887
19711,81357,0.00012038292
19712,54696,0.032544143
19713,99224,1.6773648e-10
19714,113863,0.00033236938
19715,112877,0.00031022134
19716,49915,9.803581e-06
19717,4780,0.08999429
19718,82699,0.005616725
19719,997,9.146444e-08
19720,97789,2.4604778e-09
19721,91310,0.017093383
19722,72479,4.068501e-11
19723,115936,0.042441774
19724,100544,0.009184932
19725,77080,0.033792887
19726,105343,9.157721e-08
19727,48574,0.00021321175
19728,51839,0.00017722727
19729,13970,0.0055718194
19730,99468,1.3320041e-10
19731,77298,0.01599817
19732,11591,0.03683572
19733,26204,5.769079e-14
19734,96895,0.0006483078
19735,9435,0.14529857
19736,18494,7.574645e-16
19737,3509,6.436039e-08
19738,38435,0.00046128058
19739,70351,0.009181562
19740,41155,0.010593114
19741,68894,0.00021966749
19742,88916,0.0807709
19743,106108,1.1108295e-10
19744,25629,0.007161076
19745,102974,0.0020144612
19746,50443,4.5120218e-05
19747,14716,0.009115906
19748,81269,6.1634026e-05
19749,12124,4.2955567e-10
19750,55139,0.0031121918
19751,88024,6.1634026e-05
19752,66105,0.0014177117
19753,97068,0.00010630918
19754,78640,1.0705837e-09
19755,82603,3.9538463e-08
19756,12598,1.9703963e-10
19757,21696,0.009166495
19758,66582,2.1216145e-05
19759,30515,1.2210568e-11
19760,50564,0.004344768
19761,62534,0.0002784047
19762,65553,2.8734007e-15
19763,45356,2.8102603e-12
19764,102710,0.03860591
19765,1413,0.1639844
19766,22195,3.536264e-08
19767,110116,9.7753125e-14
19768,105215,0.013780199
19769,113841,9.534479e-07
19770,33238,0.0026337989
19771,88955,1.7363025e-05
19772,77307,0.011426199
19773,71163,0.0001248313
19774,14738,0.032486703
19775,65637,0.1016414
19776,104435,2.2659166e-12
19777,49725,0.0073819715
19778,4119,0.0048268302
19779,93148,1.9234945e-09
19780,11867,4.746511e-14
19781,60740,0.028758163
19782,105301,0.009184932
19783,114607,0.000806542
19784,7532,6.51702e-06
19785,106599,0.0068329745
19786,12943,0.0002627817
19787,23515,0.00038691505
19788,90552,0.05741278
19789,70632,2.8275382e-10
19790,80808,0.017034432
19791,104984,0.0021801235
19792,74340,0.024432875
19793,106786,0.007004306
19794,63025,3.3162893e-12
19795,51188,9.634653e-10
19796,74678,0.0024435194
19797,83786,0.009181562
19798,41239,0.028758163
19799,52497,0.0046549067
19800,64373,0.00013572913
19801,1670,0.03116986
19802,28167,0.0006961845
19803,31242,0.04980838
19804,33724,4.6378017e-07
19805,16329,1.3200932e-15
19806,72592,3.113472e-11
19807,12868,2.6519408e-16
19808,40616,3.7424625e-12
19809,111153,0.0010036927
19810,9291,1.1691096e-05
19811,71613,0.01599817
19812,32459,0.012154507
19813,106540,8.208849e-12
19814,21592,5.724111e-09
19815,12789,4.746511e-14
19816,39446,0.00065197935
19817,71532,0.00039437631
19818,83856,5.71283e-10
19819,92902,0.00012329448
19820,11524,6.312169e-07
19821,23811,0.0111008715
19822,31991,8.454877e-05
19823,33568,0.0009952565
19824,2153,0.009523529
19825,23160,2.0805172e-11
19826,2033,0.0018992445
19827,78923,1.2462176e-05
19828,5668,0.009896677
19829,92887,0.009181562
19830,11363,3.634491e-07
19831,75933,0.0020144612
19832,88621,5.3745595e-08
19833,68960,0.00020785356
19834,110558,0.0021801235
19835,65964,5.451725e-07
19836,19514,1.6876886e-05
19837,40853,0.0011864931
19838,45288,1.1726582e-11
19839,95352,1.2452172e-05
19840,59436,2.575425e-11
19841,87194,1.5602632e-08
19842,46865,0.00829756
19843,84465,0.007161076
19844,64018,6.8281945e-05
19845,8113,8.276121e-08
19846,59212,1.10831e-08
19847,65234,1.2462176e-05
19848,23936,1.1804983e-09
19849,57891,3.3075875e-10
19850,63008,0.0009842208
19851,82092,0.05137095
19852,34555,1.4867533e-08
19853,53900,0.37599817
19854,109378,0.048240427
19855,23987,2.1118e-05
19856,109500,0.0068329745
19857,102569,0.017093383
19858,111617,1.3983367e-07
19859,26505,1.207565e-05
19860,74891,8.0540694e-08
19861,22342,2.7859517e-15
19862,28316,0.024432875
19863,97245,0.005616725
19864,112056,1.3596078e-10
19865,18924,1.077784e-06
19866,39456,0.010593114
19867,44104,0.015367997
19868,32658,0.005603552
19869,42829,6.8772665e-06
19870,79091,5.2453653e-11
19871,25308,0.15124272
19872,32147,3.5009737e-07
19873,59563,6.7116496e-05
19874,96650,0.010597673
19875,110224,1.435288e-09
19876,23980,3.9169049e-10
19877,99576,1.5992007e-05
19878,9098,0.0019061764
19879,65883,7.2307564e-08
19880,64627,0.0014177117
19881,100765,1.2452172e-05
19882,58091,0.1759755
19883,94918,6.083991e-07
19884,66480,5.603857e-12
19885,20679,8.03109e-08
19886,83838,0.0011291868
19887,45802,0.017074263
19888,24757,0.15116222
19889,44497,0.1016414
19890,88866,2.3000597e-08
19891,73968,1.3195446e-11
19892,45025,3.8840858e-07
19893,8357,5.1673405e-06
19894,84586,9.1219227e-10
19895,38501,0.009166495
19896,65205,2.0590925e-11
19897,31378,0.032544143
19898,76889,0.010597673
19899,916,0.00019963107
19900,54319,1.3788359e-07
19901,8750,0.010719061
19902,94060,0.007859338
19903,76954,0.051730532
19904,6020,0.009896677
19905,95762,0.00029371007
19906,56949,3.3130136e-06
19907,93493,0.0009854129
19908,89022,9.713904e-06
19909,61430,0.0011165098
19910,58328,0.04980838
19911,16886,8.8219974e-07
19912,86518,4.395375e-06
19913,35244,0.00055798667
19914,14275,3.0330227e-08
19915,19307,1.7068103e-05
19916,35196,3.5972239e-12
19917,106224,0.043829076
19918,45900,0.0012442914
19919,9841,0.017869916
19920,13575,0.032512687
19921,33604,0.00698014
19922,80051,3.430856e-10
19923,101770,0.0015137042
19924,79906,0.0053473273
19925,77757,3.0405606e-14
19926,64922,1.194031e-07
19927,52412,0.0055402275
19928,31354,1.7584715e-16
19929,86238,0.0017257171
19930,45645,0.005603552
19931,46257,0.016761953
19932,51662,3.7507553e-10
19933,84899,0.0011291868
19934,20936,0.06209234
19935,7465,0.02363173
19936,93824,0.009184932
19937,56116,0.009084299
19938,97916,3.0865235e-10
19939,35366,6.459584e-14
19940,22519,8.48604e-07
19941,2532,5.9021227e-07
19942,105472,0.0002613049
19943,73103,0.02544447
19944,31409,3.261336e-06
19945,75952,0.051730532
19946,38044,0.027574962
19947,54605,0.001458661
19948,69006,0.010597673
19949,81230,0.08256352
19950,59156,5.9798766e-09
19951,71408,0.04787555
19952,80393,0.039752092
19953,10060,4.6719328e-05
19954,15674,0.07103359
19955,70390,2.1835898e-10
19956,4851,0.009896677
19957,66318,4.2910262e-11
19958,1784,0.0019502714
19959,89666,0.0020144612
19960,65565,3.130716e-08
19961,64812,4.1637735e-12
19962,23597,2.7626696e-05
19963,55170,0.0055402275
19964,112668,0.06865799
19965,59089,0.013456098
19966,57782,7.8493736e-07
19967,24305,0.0005368607
19968,13302,0.000783257
19969,35663,0.00036398685
19970,41046,0.00012038292
19971,46153,0.06855405
19972,1007,0.07103359
19973,114284,0.034186274
19974,51386,0.007882589
19975,102261,7.313046e-05
19976,9018,1.7587755e-10
19977,73622,0.007004306
19978,71616,1.8291824e-10
19979,109721,1.5849153e-08
19980,47677,0.0015156976
19981,58946,1.7156209e-09
19982,32354,0.0006208793
19983,81224,0.0022382287
19984,22078,4.411221e-07
19985,78193,0.0033025257
19986,51035,3.8974252e-07
19987,29501,3.1650356e-07
19988,59849,0.008298639
19989,100372,1.3320041e-10
19990,77302,0.00010630918
19991,8713,0.004200051
19992,10370,4.3806962e-05
19993,70456,0.008845419
19994,31147,0.017114835
19995,79352,0.024684858
19996,87188,0.0052112807
19997,107591,1.1097704e-14
19998,92592,0.030561572
19999,54554,0.0010441417
20000,14892,4.1335193e-07
20001,57208,3.6167692e-12
20002,34311,4.5579386e-06
20003,83003,6.1634026e-05
20004,18113,0.0019024442
20005,35519,3.790331e-10
20006,41833,9.126786e-12
20007,47509,2.0119032e-08
20008,109392,0.032362238
20009,76870,0.009181562
20010,103805,0.00053932745
20011,85264,4.070532e-06
20012,56523,0.056436636
20013,2770,0.0018992445
20014,79924,0.00015725622
20015,39515,9.0512694e-05
20016,98485,3.5120462e-07
20017,40725,3.675939e-09
20018,36826,0.007630734
20019,49787,3.0063071e-10
20020,60113,9.9866206e-08
20021,105085,0.057786837
20022,28974,0.017074263
20023,59013,0.032544143
20024,89465,1.617197e-10
20025,1269,2.8117185e-12
20026,6801,0.0019061764
20027,90549,0.0005003087
20028,93776,6.1634026e-05
20029,76751,0.001458661
20030,14765,7.476755e-15
20031,29010,9.006314e-06
20032,94423,1.3739838e-08
20033,115558,2.393373e-11
20034,55768,0.0034167026
20035,107555,0.039851364
20036,58642,0.0807709
20037,35653,0.008558585
20038,102984,0.006506029
20039,80882,0.0015176588
20040,91293,0.024684858
20041,46630,2.5789113e-10
20042,27679,0.3244742
20043,58393,7.928253e-11
20044,111283,4.35949e-06
20045,97308,0.0020144612
20046,78558,2.9079583e-08
20047,84998,1.04469065e-10
20048,11734,0.1352316
20049,78078,0.00021321175
20050,68300,0.001458661
20051,98237,1.7639732e-13
20052,92759,0.05216715
20053,43432,0.008845419
20054,93628,0.02662436
20055,21966,4.365614e-11
20056,35144,1.4348335e-07
20057,64340,7.2778766e-10
20058,27806,0.0057503334
20059,8363,2.9990511e-05
20060,10988,2.851511e-05
20061,98693,0.0023865746
20062,91000,6.1634026e-05
20063,101017,1.0962761e-11
20064,20705,4.145265e-11
20065,32358,0.009084299
20066,81687,6.1634026e-05
20067,54575,1.02192e-14
20068,11511,2.4097116e-07
20069,31261,0.0023024543
20070,25204,0.0023937605
20071,31044,0.008298639
20072,21154,0.018276803
20073,108887,0.0020207777
20074,31654,0.017114835
20075,72018,0.017034432
20076,114530,2.751178e-05
20077,31857,0.008298639
20078,8272,0.044227675
20079,21890,6.459584e-14
20080,73972,3.1895632e-14
20081,88230,0.009181562
20082,84547,6.1634026e-05
20083,78377,8.749591e-10
20084,56820,1.7947308e-06
20085,48550,9.500889e-10
20086,92828,1.3351098e-10
20087,78218,1.6059988e-05
20088,58566,0.04787555
20089,70221,0.001320296
20090,25573,3.120045e-06
20091,103102,0.00010630918
20092,43326,1.5660426e-10
20093,86722,0.0012042703
20094,40030,0.0006208793
20095,67458,0.0005866832
20096,49595,0.008028033
20097,111910,0.00053932745
20098,83865,0.001458661
20099,14802,6.024952e-07
20100,100602,0.0023870617
20101,40012,0.007863321
20102,101893,0.014298061
20103,61300,4.299533e-07
20104,88615,4.251498e-11
20105,54649,1.2516286e-05
20106,7133,5.3641127e-08
20107,87161,6.0994382e-12
20108,113105,0.038200755
20109,46975,0.09257117
20110,15495,5.3650956e-07
20111,47206,0.010238126
20112,4215,7.0734536e-06
20113,56173,0.032311134
20114,91018,3.1761272e-05
20115,10555,4.3991983e-07
20116,102110,0.042838734
20117,22514,1.9863677e-08
20118,12384,2.6519408e-16
20119,47855,1.2259274e-05
20120,59320,0.04536966
20121,111343,1.6773208e-09
20122,31748,1.4917811e-08
20123,79095,7.272118e-10
20124,31832,0.009084299
20125,6302,0.00017771598
20126,70264,0.05741278
20127,110500,0.00079956837
20128,16922,8.7892386e-07
20129,84632,0.017034432
20130,100887,0.0075809965
20131,68875,5.1776267e-10
20132,96113,4.0406585e-06
20133,51290,0.051730532
20134,107376,7.780764e-06
20135,104072,7.1923816e-05
20136,16342,4.5468095e-14
20137,57635,1.8475986e-06
20138,88941,0.009181562
20139,67950,0.0010960877
20140,83127,0.0014187942
20141,71194,5.8256136e-11
20142,73605,0.0046549067
20143,19910,1.8526924e-06
20144,31043,1.6927557e-11
20145,19467,0.027982624
20146,23690,0.00031159818
20147,67578,0.04787555
20148,66370,0.0014177117
20149,50819,0.009084299
20150,445,2.56165e-10
20151,21068,0.0024387143
20152,18647,0.017034432
20153,40217,0.004642751
20154,62112,1.0170298e-10
20155,94973,0.05753619
20156,41341,4.0485014e-07
20157,62785,0.0073023727
20158,53931,7.309867e-08
20159,109811,0.0023845648
20160,21932,7.089211e-08
20161,42491,1.7256017e-08
20162,51046,7.737239e-12
20163,88802,2.0895926e-11
20164,84236,1.6360058e-08
20165,82305,0.0073023727
20166,84172,4.522116e-11
20167,114048,0.024684858
20168,7854,0.011774602
20169,31408,3.842799e-05
20170,109850,1.7985585e-06
20171,81482,6.1634026e-05
20172,63449,3.1623182e-09
20173,80936,0.00055804336
20174,100703,0.009184932
20175,66722,3.5921984e-12
20176,94716,0.009084299
20177,43872,0.00031336478
20178,106148,0.0020207777
20179,83710,0.068451926
20180,62084,0.003682228
20181,59706,1.1469246e-07
20182,29199,0.009084299
20183,93149,0.0036406247
20184,109935,0.39253768
20185,115057,0.06865799
20186,119,0.009896677
20187,109575,0.009184932
20188,63379,1.5992007e-05
20189,37347,0.009084299
20190,6518,0.00013487246
20191,81628,7.660642e-09
20192,248,1.5373411e-10
20193,16123,7.476755e-15
20194,72830,0.00015713151
20195,48097,2.091974e-14
20196,104445,0.011145521
20197,102474,0.000585449
20198,100304,3.9441296e-08
20199,106063,9.155001e-11
20200,82566,0.004344768
20201,51888,1.2259274e-05
20202,64905,4.838194e-06
20203,83524,2.2229218e-05
20204,61365,0.005603552
20205,26387,1.0146174e-14
20206,4099,0.005811785
20207,7983,1.49540465e-05
20208,46010,0.06975691
20209,31667,0.008298639
20210,53727,0.001458661
20211,96403,5.012715e-09
20212,10514,7.723321e-06
20213,72717,5.5778507e-11
20214,85483,0.009181562
20215,31250,0.01599817
20216,103788,0.0023845648
20217,110998,0.26113683
20218,6427,0.0008662476
20219,75066,0.0007983909
20220,38319,6.751808e-09
20221,106270,0.031891707
20222,110902,0.04536966
20223,100627,0.015332866
20224,4214,0.0028988628
20225,985,2.0160318e-05
20226,31907,7.93589e-12
20227,80650,0.007630734
20228,22107,2.0019856e-07
20229,92139,0.0010745595
20230,59087,0.00011763776
20231,1787,2.6128883e-16
20232,110554,0.07821164
20233,103507,0.032362238
20234,74377,0.00017963859
20235,50722,1.0212037e-09
20236,41901,0.011426199
20237,59896,5.3027193e-06
20238,104859,0.017114835
20239,80360,0.054537673
20240,15830,0.032486703
20241,101091,6.1634026e-05
20242,112997,0.0005829531
20243,61079,6.0971232e-12
20244,91610,6.1634026e-05
20245,55650,2.2266444e-10
20246,8127,7.787925e-07
20247,9381,0.019864865
20248,1897,0.010044627
20249,50090,1.2259274e-05
20250,93156,0.008845419
20251,39320,1.4682631e-09
20252,11534,2.0078043e-05
20253,880,2.5599709e-06
20254,48586,0.05741278
20255,97309,0.0077334153
20256,2312,5.90442e-08
20257,31996,2.1611509e-06
20258,43727,5.769079e-14
20259,63080,0.010586334
20260,53184,4.4207676e-14
20261,100223,0.0025021476
20262,63214,2.2659166e-12
20263,39338,0.00021415038
20264,55784,0.0001500915
20265,106436,0.009184932
20266,91852,0.008845419
20267,35249,3.1095015e-11
20268,75420,1.4914665e-10
20269,87939,0.0002740235
20270,93057,7.50581e-06
20271,58379,0.010033809
20272,66710,1.2452172e-05
20273,109296,8.602866e-08
20274,83347,2.7199456e-12
20275,17775,0.0013037124
20276,54110,0.9793043
20277,54498,0.032544143
20278,16731,0.00031592505
20279,42636,0.000783257
20280,62508,1.2452172e-05
20281,90813,0.108159624
20282,41148,1.19526715e-11
20283,91873,0.045750935
20284,90738,5.570194e-08
20285,50946,0.01609344
20286,70142,0.001458661
20287,97000,3.691744e-11
20288,101154,1.3166052e-08
20289,29694,0.02788049
20290,49358,0.024432875
20291,73863,0.01599817
20292,17248,0.0064440104
20293,55426,0.032544143
20294,47298,2.2871482e-07
20295,104837,6.6899525e-10
20296,14115,0.07375868
20297,9236,6.414424e-05
20298,69802,0.00050892605
20299,56090,2.063018e-09
20300,35680,1.9091884e-09
20301,58033,0.04536966
20302,11215,2.7813297e-07
20303,115933,0.002257611
20304,34532,0.2306795
20305,100517,0.08167636
20306,23154,1.00859516e-07
20307,97814,0.03189741
20308,11721,1.191411e-08
20309,58604,1.3415816e-09
20310,115052,8.584832e-09
20311,77188,0.00038628338
20312,96437,0.05741278
20313,18101,0.009115906
20314,40165,2.5888085e-06
20315,53450,0.0022072564
20316,53568,2.203237e-09
20317,57504,2.2659166e-12
20318,61933,0.033792887
20319,1842,6.004749e-07
20320,19306,9.715794e-06
20321,107658,8.584832e-09
20322,74403,1.6840349e-07
20323,46498,0.009067895
20324,62479,0.0002784047
20325,40056,3.991394e-05
20326,34940,1.0146174e-14
20327,89098,0.00029282513
20328,98095,0.00031867815
20329,10916,0.04135175
20330,65497,4.2910262e-11
20331,76415,0.05047838
20332,57106,0.007161076
20333,1985,0.00020030221
20334,8856,0.03454235
20335,26847,0.0006208793
20336,4240,1.1501169e-06
20337,112620,0.042441774
20338,45944,0.0019981093
20339,92718,1.8291824e-10
20340,78138,2.5864395e-09
20341,18477,5.969172e-14
20342,44434,0.009166495
20343,73910,0.01599817
20344,105671,9.784749e-07
20345,98642,0.021439657
20346,74997,0.0004981336
20347,84640,0.00048291028
20348,27991,0.00014299605
20349,26234,9.715794e-06
20350,38346,5.712999e-12
20351,76998,0.0027321398
20352,112850,0.010531615
20353,93077,0.0026570077
20354,24753,1.6085862e-05
20355,100888,7.17257e-12
20356,38683,1.4733489e-13
20357,12184,4.746511e-14
20358,41096,3.5810612e-12
20359,106904,0.0035325342
20360,10181,0.008618249
20361,107428,0.00026335605
20362,115752,0.009184932
20363,52764,4.9890306e-05
20364,37163,0.06387287
20365,90153,0.068603046
20366,80205,6.1634026e-05
20367,70401,1.9902669e-07
20368,61611,0.007863321
20369,73090,0.0004978357
20370,69989,0.0020144612
20371,31359,0.007202887
20372,62833,5.8783837e-12
20373,76227,7.9117146e-14
20374,18859,5.7784066e-14
20375,34016,7.487686e-05
20376,41281,0.0010441417
20377,81363,0.015377235
20378,111197,1.2833262e-05
20379,34435,0.0075006173
20380,81548,3.7351705e-10
20381,62400,0.007863321
20382,113463,0.006855702
20383,111183,0.04525063
20384,12397,6.4653716e-12
20385,101485,0.027660152
20386,60166,1.2452172e-05
20387,57273,9.18208e-06
20388,105523,0.0021801235
20389,65711,1.2462176e-05
20390,16026,0.013781839
20391,41093,0.009166495
20392,32844,0.65297335
20393,112869,0.0002085086
20394,3423,0.00859817
20395,34646,0.0055402275
20396,94277,1.7678602e-13
20397,29618,0.032311134
20398,45926,0.07571634
20399,24089,6.8472086e-12
20400,91968,0.0006291446
20401,47054,0.0004438725
20402,4043,0.009524824
20403,91120,0.03489507
20404,14965,0.08256352
20405,16929,0.024432875
20406,2481,0.022016345
20407,47896,5.290879e-06
20408,111730,0.019854529
20409,53131,4.4255035e-09
20410,3455,0.009881465
20411,61212,0.010531615
20412,19051,3.6758156e-11
20413,48622,0.009433691
20414,38059,7.113476e-10
20415,46323,2.5789113e-10
20416,37339,2.55863e-08
20417,102926,2.486465e-07
20418,98528,0.032362238
20419,91670,0.07125481
20420,100740,0.010597673
20421,795,0.017034432
20422,101190,1.2452172e-05
20423,24182,7.3866113e-06
20424,115666,0.0039527086
20425,43561,5.769079e-14
20426,88271,0.010597673
20427,86709,0.0020144612
20428,68874,4.454859e-08
20429,7755,0.10631054
20430,13572,0.004276007
20431,14801,1.3238359e-10
20432,19372,2.7608644e-06
20433,70110,0.0005866832
20434,73126,0.17078868
20435,8268,1.3514615e-07
20436,1806,6.379268e-09
20437,45810,0.022921072
20438,31724,1.7714398e-11
20439,14380,0.004344768
20440,98366,0.068603046
20441,79379,2.9135017e-06
20442,49126,0.017034432
20443,35809,1.3243107e-10
20444,112571,5.677424e-07
20445,44737,0.01599817
20446,2854,0.0004034683
20447,39497,1.3727156e-16
20448,27877,0.024107663
20449,91498,5.3343592e-06
20450,72950,0.05741278
20451,75402,6.1634026e-05
20452,23971,2.9374962e-13
20453,26584,0.017074263
20454,83336,0.032368287
20455,79808,1.904618e-11
20456,38823,0.004344768
20457,107185,3.7684043e-13
20458,38246,4.8236178e-08
20459,38714,4.364182e-11
20460,101843,7.639852e-12
20461,55093,0.0055402275
20462,35271,0.008558585
20463,12766,4.746511e-14
20464,36353,0.34425753
20465,22545,0.011342298
20466,6916,3.5354494e-11
20467,6314,5.90442e-08
20468,66838,3.5963595e-12
20469,10099,0.0038343663
20470,58029,0.001458661
20471,21242,0.10312156
20472,109687,0.009184932
20473,16935,0.04980838
20474,25476,7.1795096e-12
20475,69824,0.051730532
20476,66325,3.113472e-11
20477,74092,0.00020785356
20478,87799,0.05741278
20479,57172,0.017034432
20480,51328,0.042118583
20481,105136,0.07581729
20482,72769,0.00079286017
20483,72616,0.004567772
20484,55571,9.022966e-07
20485,84425,1.2874638e-07
20486,19545,0.058572147
20487,82331,0.008506531
20488,92928,0.03489507
20489,98601,0.05753619
20490,14841,0.0055718194
20491,112798,0.028758163
20492,78922,8.997463e-06
20493,105776,0.009184932
20494,67532,0.039752092
20495,10708,6.119432e-09
20496,52588,0.01599817
20497,114418,0.048240427
20498,84579,0.001458661
20499,87198,1.2794738e-06
20500,689,2.8527427e-11
20501,12670,0.032512687
20502,85531,1.4083073e-06
20503,38865,0.00031359433
20504,98083,8.000327e-06
20505,59106,0.09043537
20506,59437,4.522116e-11
20507,95673,2.8314266e-08
20508,11980,4.2955567e-10
20509,79684,0.0016325784
20510,11686,4.3947443e-07
20511,48887,0.051730532
20512,103957,2.4031666e-11
20513,63692,0.010399654
20514,107587,2.1007461e-11
20515,72539,6.1634026e-05
20516,5155,0.0034610408
20517,4088,0.009896677
20518,82374,0.0035335503
20519,12096,0.017034432
20520,96683,0.0020144612
20521,17989,4.746891e-14
20522,85196,0.009181562
20523,86495,0.0055402275
20524,31837,3.556509e-08
20525,30292,5.391196e-14
20526,25309,0.005603552
20527,52507,4.5120218e-05
20528,27801,0.005603552
20529,12971,2.1028168e-09
20530,9913,0.000712016
20531,79731,1.8291824e-10
20532,51708,0.0010522492
20533,100317,0.003919443
20534,100197,0.01716636
20535,51463,0.06310645
20536,83202,0.005869099
20537,8990,0.03500239
20538,73447,6.1634026e-05
20539,76177,0.00053932745
20540,31400,1.207565e-05
20541,83389,0.017034432
20542,58790,0.019825885
20543,47369,1.1161938e-11
20544,88191,0.0015147561
20545,67246,0.02470141
20546,8317,2.2358706e-06
20547,84082,0.05216715
20548,68628,0.0010786734
20549,111039,0.07565959
20550,37310,0.010593114
20551,86087,0.005869099
20552,65740,1.2462176e-05
20553,44181,0.108048275
20554,63325,7.462277e-12
20555,62009,0.039752092
20556,8174,4.244893e-07
20557,51281,0.00011763776
20558,54114,0.03468771
20559,10685,0.005537089
20560,100694,0.032362238
20561,94549,0.0807709
20562,7949,2.004959e-05
20563,33379,0.017114835
20564,113836,0.002353506
20565,61734,0.0002784047
20566,11650,6.119432e-09
20567,96357,0.04787555
20568,115934,0.014298061
20569,105895,0.007004306
20570,77133,1.0294722e-09
20571,43887,5.457728e-07
20572,21285,1.556741e-05
20573,80492,2.7199456e-12
20574,89254,1.567291e-11
20575,69702,0.0022382287
20576,17021,6.784765e-13
20577,78003,4.522116e-11
20578,7108,0.017869916
20579,45161,0.15124272
20580,35163,4.1039225e-08
20581,32839,0.0006208793
20582,97036,4.727055e-08
20583,71037,0.00038691505
20584,25218,1.1457905e-08
20585,72891,0.001458661
20586,70614,0.007565507
20587,75216,0.032311134
20588,101566,0.04587008
20589,125,4.7116e-08
20590,34886,0.032544143
20591,18806,0.011426199
20592,5614,1.2810806e-06
20593,3286,8.426076e-10
20594,18137,2.9759758e-12
20595,27369,0.006562863
20596,38413,0.009166495
20597,68,0.0055650617
20598,73862,6.088569e-06
20599,108946,0.04587008
20600,87181,2.327505e-08
20601,111833,0.005551046
20602,41354,0.005603552
20603,74169,0.08559734
20604,50076,5.707357e-07
20605,79223,5.8654204e-10
20606,80125,0.0009854129
20607,71810,0.00091310084
20608,78673,0.00055804336
20609,5099,4.9091387e-08
20610,4265,0.101613894
20611,60,1.0644409e-05
20612,22713,0.011245011
20613,111247,1.792116e-11
20614,7362,0.00462326
20615,21924,1.7126063e-13
20616,67576,0.007535375
20617,58144,6.1634026e-05
20618,68710,0.0020144612
20619,2379,0.017869916
20620,73385,0.00021725897
20621,51650,0.032311134
20622,48765,0.0015062045
20623,48290,1.7639732e-13
20624,32006,1.7947308e-06
20625,56294,1.2762596e-05
20626,83445,0.0020144612
20627,34604,0.024432875
20628,50092,0.017034432
20629,3129,3.0470255e-06
20630,10232,2.2054186e-07
20631,60438,0.0036302214
20632,11732,1.4188817e-06
20633,53108,7.611838e-12
20634,64926,1.3773943e-09
20635,112910,0.009266489
20636,36391,0.0055402275
20637,36462,0.010531615
20638,75707,0.0058758073
20639,47048,0.027574962
20640,104666,1.224258e-06
20641,55083,0.019825885
20642,17442,7.476755e-15
20643,96079,6.1634026e-05
20644,80947,0.0013697381
20645,98445,0.05753619
20646,18922,9.4944705e-11
20647,92365,0.009181562
20648,106452,2.8952238e-06
20649,111816,1.2895639e-09
20650,75476,0.05047838
20651,93584,1.44853695e-11
20652,87113,1.2785192e-08
20653,50920,0.022892
20654,33186,0.009084299
20655,22566,0.010593114
20656,41188,0.037866514
20657,64995,3.3170736e-12
20658,81850,0.0020144612
20659,54695,6.709392e-09
20660,95277,2.014041e-09
20661,92012,0.003467219
20662,17521,8.214071e-07
20663,19138,4.411221e-07
20664,57698,1.2268597e-05
20665,70649,5.603857e-12
20666,69098,0.00019234925
20667,68835,0.032368287
20668,54359,0.04644706
20669,102704,6.957856e-06
20670,80447,0.008449222
20671,78107,9.483398e-14
20672,17047,8.9704436e-08
20673,102916,3.593555e-08
20674,76252,0.0057430975
20675,95900,0.0006310822
20676,29784,0.007962341
20677,21048,0.051730532
20678,57275,1.0174364e-08
20679,101808,0.00033007594
20680,70543,0.02662436
20681,100617,2.810094e-12
20682,115759,1.8678713e-05
20683,2049,1.961834e-07
20684,37424,0.006496392
20685,43519,0.0008838042
20686,25027,5.3027193e-06
20687,20521,0.16770548
20688,31488,0.005603552
20689,25243,1.3409776e-13
20690,31885,0.0008945969
20691,2417,0.023629082
20692,39961,3.4844336e-09
20693,38856,0.008267156
20694,67598,0.008845419
20695,4199,7.723056e-06
20696,80691,0.00018707343
20697,8683,1.2961974e-07
20698,87743,0.00983577
20699,88932,5.26902e-11
20700,11067,9.271253e-07
20701,3200,1.3558008e-06
20702,35131,1.2259274e-05
20703,96603,0.068603046
20704,3637,6.1649007e-07
20705,110513,0.0021801235
20706,21844,0.009166495
20707,38689,0.005603552
20708,53723,4.1548625e-13
20709,13110,4.746511e-14
20710,13895,0.01599817
20711,48257,1.4483645e-06
20712,35092,0.06375701
20713,75121,1.6926765e-13
20714,67056,0.0043990035
20715,19573,0.010553112
20716,54445,1.0701589e-05
20717,86694,4.2908796e-05
20718,36163,6.9555174e-11
20719,25363,1.207565e-05
20720,12146,0.038605433
20721,15046,0.0067525394
20722,59447,0.05741278
20723,40462,4.3399893e-09
20724,87183,0.0076616546
20725,57206,0.05047838
20726,7750,4.857013e-05
20727,83901,0.0046549067
20728,105781,0.011426199
20729,113099,1.7450144e-07
20730,107062,4.0975874e-07
20731,96285,2.3844176e-09
20732,77544,0.009181562
20733,109635,0.06865799
20734,83130,0.017034432
20735,31220,0.005603552
20736,75974,2.7199456e-12
20737,71309,0.05047838
20738,27315,0.017074263
20739,99618,0.010597673
20740,42957,3.4827087e-15
20741,36758,0.0001141803
20742,19493,5.932296e-06
20743,33403,1.1430979e-10
20744,96574,0.005616725
20745,36528,3.6167692e-12
20746,11080,0.0053352406
20747,91412,5.5752214e-08
20748,107934,2.0912362e-06
20749,35556,0.017034432
20750,60860,0.15116222
20751,96606,0.034003627
20752,106552,0.0002853046
20753,28104,0.015361034
20754,56608,0.005948026
20755,79786,0.017034432
20756,5966,1.1645644e-06
20757,54453,7.488527e-12
20758,31417,0.011189828
20759,78426,0.029627845
20760,56414,0.009084299
20761,73594,0.0035335503
20762,95156,0.073368184
20763,4591,0.00015995403
20764,24773,9.569502e-05
20765,71089,9.501198e-10
20766,68338,9.483398e-14
20767,56443,0.051730532
20768,78867,1.0212037e-09
20769,95456,0.009084299
20770,60932,0.0007983909
20771,32360,0.06420567
20772,39840,0.010593114
20773,11666,0.1352316
20774,4549,0.032311134
20775,88134,1.7811084e-08
20776,55505,0.005686457
20777,54755,1.111003e-14
20778,53975,1.111003e-14
20779,76133,7.714634e-12
20780,6147,7.82283e-07
20781,31516,5.71283e-10
20782,9013,0.019701557
20783,100745,0.048240427
20784,25847,4.820615e-06
20785,34077,7.488527e-12
20786,29646,1.2915622e-05
20787,28620,0.000249869
20788,109153,7.697658e-12
20789,18623,0.051730532
20790,108867,1.2584069e-06
20791,45323,0.011426199
20792,9633,1.1501169e-06
20793,34334,0.0544064
20794,56900,0.0067403205
20795,32541,0.005603552
20796,78282,0.000600727
20797,62697,0.0014692483
20798,101063,0.005433474
20799,65105,1.0294722e-09
20800,72310,0.05047838
20801,43852,0.009166495
20802,60260,4.210053e-11
20803,73334,0.024432875
20804,20237,0.019825885
20805,81658,0.01609576
20806,52124,0.00079286017
20807,84774,0.00031152213
20808,14562,3.353891e-11
20809,100444,1.1020153e-09
20810,75385,2.0255584e-06
20811,63733,1.5992007e-05
20812,39047,9.447135e-09
20813,103159,0.00896607
20814,60745,0.009084299
20815,72027,0.04787555
20816,22691,0.0001141803
20817,68773,2.0589571e-13
20818,35264,0.0009986684
20819,82776,0.005616725
20820,104068,6.7349515e-11
20821,93535,0.02662436
20822,37976,3.4229366e-12
20823,82569,0.04536966
20824,5183,6.379268e-09
20825,16472,1.4005267e-09
20826,62165,3.2703174e-11
20827,72524,0.0010441417
20828,37980,0.0057531856
20829,104899,1.0707247e-09
20830,66636,1.5834429e-06
20831,71142,1.382694e-07
20832,80671,5.7706392e-11
20833,13433,6.883796e-12
20834,97160,0.007630734
20835,74738,0.0036406247
20836,2869,0.0048265187
20837,100424,0.0004884581
20838,32737,0.007630734
20839,68883,0.005616725
20840,82920,0.005869099
20841,1342,0.000100644684
20842,80335,1.2452172e-05
20843,115254,0.034186274
20844,90301,2.0117918e-08
20845,42143,0.0020255346
20846,93358,0.005954114
20847,19309,2.4355534e-13
20848,23145,1.3781568e-12
20849,28112,2.21114e-08
20850,109065,0.007859338
20851,66494,1.7581783e-10
20852,39150,3.5765273e-09
20853,106879,1.7237387e-06
20854,49964,9.347336e-09
20855,460,1.0492738e-06
20856,28533,4.387135e-14
20857,47852,1.7133481e-09
20858,95275,0.016113395
20859,66368,3.8057976e-10
20860,48493,1.3874202e-07
20861,27639,1.6713864e-10
20862,91902,1.775687e-07
20863,85978,0.05741278
20864,66737,1.0034239e-07
20865,886,2.3065918e-06
20866,80085,0.00298427
20867,81374,6.556773e-08
20868,85400,0.009181562
20869,10551,6.119432e-09
20870,87411,0.020376947
20871,97026,0.07805727
20872,52328,4.0152942e-10
20873,72722,0.011342298
20874,91218,0.007161076
20875,76914,6.2607e-07
20876,102585,5.806541e-05
20877,85106,6.1634026e-05
20878,76355,1.0787006e-09
20879,84960,2.3144395e-07
20880,11285,4.3991983e-07
20881,94032,0.00053932745
20882,60112,0.04506066
20883,80423,0.03218042
20884,42027,0.007071
20885,55585,5.2686177e-05
20886,23780,0.008845419
20887,47324,6.120291e-06
20888,21577,0.068451926
20889,74910,0.007885965
20890,59566,6.7193776e-07
20891,31176,0.009084299
20892,28490,4.409333e-07
20893,58659,0.042838734
20894,101197,7.715685e-05
20895,98404,0.00983577
20896,22023,1.7899449e-13
20897,47690,1.7639732e-13
20898,82227,0.0066441963
20899,46769,0.01599817
20900,11189,0.023576632
20901,9580,4.2425942e-08
20902,49172,0.024432875
20903,88179,0.009181562
20904,93293,0.016113395
20905,54411,4.681891e-13
20906,75563,2.866162e-09
20907,11104,8.670304e-07
20908,70084,0.05741278
20909,86066,0.017034432
20910,58534,8.427842e-07
20911,25173,0.017074263
20912,111241,2.3217726e-07
20913,115932,0.012683687
20914,39719,0.007630734
20915,95387,0.0023870617
20916,37483,1.3289582e-11
20917,19017,4.6344213e-09
20918,112660,0.0054681
20919,11156,8.515705e-08
20920,8963,0.017869916
20921,62588,0.0036302214
20922,19891,0.00058221124
20923,59705,0.010763304
20924,28473,1.1040722e-06
20925,53087,0.032311134
20926,47789,0.030527467
20927,14632,3.7819834e-06
20928,4250,0.00025035237
20929,89119,0.0046549067
20930,47278,0.008845419
20931,86690,0.009181562
20932,92978,0.0017176691
20933,14318,8.841735e-12
20934,23964,2.7859517e-15
20935,46837,1.7714398e-11
20936,1974,0.0016379163
20937,18709,6.8403627e-10
20938,9869,1.1904977e-08
20939,68729,2.0117918e-08
20940,103146,0.042441774
20941,21177,2.56165e-10
20942,61616,1.3311026e-10
20943,34348,3.2706519e-06
20944,14943,0.026604261
20945,16947,2.6213044e-16
20946,108478,0.008506531
20947,81815,0.07581729
20948,79639,1.937591e-06
20949,83839,0.0036406247
20950,81460,0.00012038292
20951,104419,0.02662436
20952,104311,0.009184932
20953,54633,4.844981e-12
20954,78723,0.0048167007
20955,91690,0.02742935
20956,12229,2.0538377e-10
20957,84344,0.04373174
20958,11959,2.0829997e-14
20959,69181,3.0444492e-06
20960,74635,8.616739e-09
20961,52992,0.007004306
20962,78148,2.3998822e-11
20963,61420,0.007161076
20964,64768,1.0749601e-06
20965,112769,0.010531615
20966,11620,2.5402125e-05
20967,64490,3.5629178e-16
20968,46638,0.0006208793
20969,20116,5.2013387e-08
20970,7655,0.00040089228
20971,65538,5.65462e-12
20972,47917,6.0994382e-12
20973,109518,0.0020207777
20974,90425,0.010597673
20975,106696,0.0015162649
20976,107596,0.012204648
20977,56452,0.0038083005
20978,85815,0.00012038292
20979,11781,0.068451926
20980,32759,3.045179e-07
20981,10190,0.03500239
20982,66562,0.0023870617
20983,37907,3.1438205e-12
20984,11452,1.2758323e-08
20985,94098,4.6446267e-08
20986,17935,7.476755e-15
20987,31008,0.008558585
20988,108621,2.2659166e-12
20989,42678,0.01599817
20990,115523,0.0014277507
20991,57949,0.0055402275
20992,5691,1.2978654e-05
20993,93349,4.485211e-07
20994,32185,1.8912684e-10
20995,115248,0.0068329745
20996,88905,0.006519435
20997,114698,0.08167636
20998,111939,0.057786837
20999,90339,0.010597673
21000,16538,9.1572067e-10
21001,48158,5.603857e-12
21002,35344,0.00014071433
21003,102929,0.009184932
21004,79045,0.05047838
21005,58333,0.009084299
21006,44644,2.55495e-05
21007,37156,0.009166495
21008,36643,0.00086405023
21009,43225,0.007863321
21010,76011,3.7233707e-07
21011,65595,0.0014177117
21012,31279,0.026837869
21013,38000,4.189487e-09
21014,94878,4.0219057e-08
21015,2548,0.0012619044
21016,98461,4.3388927e-06
21017,112007,0.005616725
21018,1300,1.7589352e-06
21019,47548,0.06855405
21020,95445,0.016154563
21021,10489,2.0078043e-05
21022,77086,3.8906023e-08
21023,83648,0.00048022997
21024,106111,5.9573157e-08
21025,81801,0.005869099
21026,82128,0.0020144612
21027,72385,1.2119576e-13
21028,97965,4.0471317e-11
21029,68152,0.042080145
21030,69761,2.1897918e-10
21031,44454,7.462277e-12
21032,24550,0.0014692483
21033,14840,2.7704816e-09
21034,115373,0.97063994
21035,58806,0.00020785356
21036,48508,0.017034432
21037,28289,0.0013792627
21038,10385,0.009896677
21039,45532,0.00038691505
21040,54059,1.8725396e-07
21041,8321,6.379268e-09
21042,87659,2.7760694e-07
21043,30577,0.0070289676
21044,103624,0.00065823336
21045,16520,6.281037e-09
21046,71353,0.0016079856
21047,63935,1.9796642e-09
21048,24227,0.003951485
21049,79946,0.0807709
21050,87501,0.00080200256
21051,31678,5.2585757e-12
21052,36593,3.3134693e-12
21053,110652,0.04619891
21054,89033,2.3960243e-07
21055,6363,6.8540558e-06
21056,21872,0.002018696
21057,107639,0.0038362336
21058,20701,2.5789113e-10
21059,97376,7.456814e-12
21060,51028,0.0002853155
21061,26010,0.019111952
21062,50550,0.032311134
21063,35448,0.02662436
21064,8110,2.3039642e-05
21065,42719,2.6806475e-09
21066,113283,0.014298061
21067,42051,0.0094203465
21068,104179,0.039255198
21069,12231,2.0130544e-12
21070,13021,0.017034432
21071,96853,0.00063523813
21072,101735,0.00063523813
21073,6614,0.06864146
21074,77376,0.032368287
21075,33454,0.0015137042
21076,109870,0.009184932
21077,8637,4.3991983e-07
21078,303,0.038605433
21079,24809,2.359971e-09
21080,84557,0.046436626
21081,105712,8.265472e-08
21082,13398,0.0002603301
21083,62287,0.0055402275
21084,38171,8.631704e-06
21085,87250,0.010597673
21086,97685,0.00039458877
21087,94786,0.05741278
21088,104970,0.011461106
21089,46189,2.0359062e-06
21090,47253,0.00014227723
21091,12723,0.0002922676
21092,73164,0.009181562
21093,6091,1.18367e-06
21094,57876,0.05741278
21095,7528,0.009896677
21096,1287,0.08999429
21097,10867,1.0144241e-06
21098,22096,1.0569215e-12
21099,64403,0.0023870617
21100,114882,0.0014921338
21101,59948,9.039193e-06
21102,110863,1.2234598e-08
21103,4353,8.220372e-07
21104,46849,0.010593114
21105,61824,0.05047838
21106,3635,1.3499017e-07
21107,25519,0.005603552
21108,5230,4.250143e-08
21109,65491,2.1947212e-06
21110,83735,0.0034922762
21111,46416,0.011426199
21112,110969,0.009176665
21113,31353,0.00025492033
21114,78503,0.00079286017
21115,51323,0.00079286017
21116,44518,0.017074263
21117,33974,1.6649591e-10
21118,22236,7.1795096e-12
21119,107672,1.9396125e-09
21120,37984,1.0317165e-06
21121,31650,1.1817317e-07
21122,111271,1.4435447e-07
21123,77481,0.011189828
21124,16548,0.0009831698
21125,86686,0.001458661
21126,64965,0.0001252233
21127,70811,3.8974893e-11
21128,10077,7.2663674e-06
21129,26189,0.035789967
21130,71623,0.009181562
21131,40887,3.9208775e-12
21132,43009,3.5308257e-15
21133,74977,0.027647147
21134,21630,2.9323852e-13
21135,94618,0.0008173535
21136,3219,0.08999429
21137,56316,0.0022811855
21138,15244,8.261777e-05
21139,28173,9.238651e-12
21140,89347,1.555985e-10
21141,58306,5.1644036e-09
21142,25016,1.1462885e-05
21143,95617,3.902204e-06
21144,39002,2.9251007e-07
21145,56307,0.0006500485
21146,30647,5.7546565e-08
21147,16883,0.00028660666
21148,86784,0.013578126
21149,113771,0.008083573
21150,59134,5.2334238e-11
21151,11564,0.00018565753
21152,11328,0.017787637
21153,77896,0.0022382287
21154,27058,3.1499354e-09
21155,17177,0.00025029745
21156,5472,0.032512687
21157,69482,0.001458661
21158,18521,0.00015042633
21159,56391,0.0055402275
21160,60898,1.9534067e-11
21161,93949,3.2006164e-07
21162,22646,1.647981e-06
21163,113592,0.019854529
21164,14014,1.6068554e-08
21165,40169,0.019825885
21166,43823,0.024107663
21167,42608,0.000783257
21168,40351,0.004870569
21169,39266,0.007863321
21170,76452,1.0489692e-05
21171,18332,0.019825885
21172,71515,0.005616725
21173,72873,0.008059609
21174,59935,0.0005866832
21175,11087,0.00952741
21176,75580,2.7199456e-12
21177,104682,0.0075809965
21178,30238,5.2225148e-11
21179,77480,0.0020144612
21180,67894,7.456814e-12
21181,31745,9.309771e-10
21182,103251,6.1634026e-05
21183,16668,0.032486703
21184,106798,9.662954e-07
21185,84815,0.005616725
21186,72002,0.009181562
21187,95212,0.048240427
21188,70548,0.017034432
21189,42436,0.046436626
21190,5107,3.7795644e-06
21191,88511,3.5430618e-16
21192,72945,1.7777109e-12
21193,17186,7.049175e-09
21194,96367,0.0061715827
21195,80345,0.05753619
21196,29936,7.333447e-10
21197,55528,0.0005500226
21198,84531,0.001458661
21199,32857,0.017114835
21200,105659,0.0014177117
21201,81138,4.5120218e-05
21202,14873,0.0001679811
21203,108430,0.01728862
21204,59206,0.07581729
21205,78730,1.44853695e-11
21206,4125,2.3141152e-05
21207,36702,0.0006208793
21208,52144,1.2073405e-10
21209,98478,1.6506889e-10
21210,42323,0.00023004453
21211,115068,0.056436636
21212,87486,0.017034432
21213,104045,0.031891707
21214,1745,0.0068159024
21215,45327,4.409333e-07
21216,27115,0.16423137
21217,102262,1.3398804e-10
21218,58848,6.4574195e-09
21219,14890,1.2910283e-07
21220,47162,1.3069038e-10
21221,15823,9.756379e-08
21222,107682,6.1634026e-05
21223,7901,0.0019061764
21224,108811,3.723752e-11
21225,80252,0.0035335503
21226,40227,3.7842312e-06
21227,110986,0.0030007216
21228,7442,2.9267605e-06
21229,105293,1.2929988e-06
21230,59162,0.0009831698
21231,12757,0.004344768
21232,36001,0.0055402275
21233,16166,0.0019809806
21234,75033,9.717523e-09
21235,95300,7.511207e-05
21236,9687,0.009896677
21237,1053,0.013752037
21238,112979,3.528241e-06
21239,85772,5.737789e-08
21240,35148,7.389112e-05
21241,93331,0.017093383
21242,57452,0.010476256
21243,45832,0.007863321
21244,90548,0.017093383
21245,26312,0.0023024543
21246,101719,7.17257e-12
21247,94780,0.000121719226
21248,48187,9.612846e-06
21249,11393,0.0019061764
21250,23575,1.2944191e-05
21251,107208,6.964247e-09
21252,17246,2.8527427e-11
21253,113682,5.112525e-14
21254,68785,0.05741278
21255,112815,3.9184815e-06
21256,111036,0.004355834
21257,63925,1.600267e-05
21258,12250,1.9703963e-10
21259,110473,3.7717847e-09
21260,96904,0.005616725
21261,18256,0.009115906
21262,55121,3.2303607e-08
21263,60444,0.001458661
21264,85981,2.7270114e-06
21265,65794,1.2462176e-05
21266,95142,0.009084299
21267,11698,0.022297263
21268,12377,7.503596e-12
21269,55861,0.008558585
21270,13106,0.0015095206
21271,105710,2.395896e-07
21272,15014,3.2071687e-18
21273,42884,0.010593114
21274,115179,1.5431615e-05
21275,43442,0.010593114
21276,5689,8.292301e-08
21277,23864,1.7639732e-13
21278,41479,2.7686667e-07
21279,88175,0.05741278
21280,115442,0.032086547
21281,19222,0.004344768
21282,10357,0.0048271464
21283,55756,8.690771e-08
21284,19725,2.0916632e-10
21285,8978,3.4527393e-08
21286,76677,0.009181562
21287,76457,7.660642e-09
21288,107401,0.025923373
21289,112191,3.5552676e-12
21290,86349,1.1498374e-10
21291,65243,3.5439829e-15
21292,37168,0.017114835
21293,113774,6.7349515e-11
21294,15531,0.0036302214
21295,25272,0.0024387143
21296,1406,3.082885e-07
21297,51027,0.0016189096
21298,72381,0.03253015
21299,14476,1.3200932e-15
21300,48011,5.041987e-06
21301,112557,5.4534648e-11
21302,20666,5.7784066e-14
21303,53921,0.017034432
21304,66812,1.2452172e-05
21305,55267,0.00036285148
21306,62760,0.051730532
21307,95946,0.0048297467
21308,892,0.019110298
21309,110994,7.029418e-11
21310,79521,9.709995e-10
21311,115260,0.0055402275
21312,89625,0.0004144769
21313,107553,6.6224504e-10
21314,109174,0.007004306
21315,83820,0.007859338
21316,70384,0.00079286017
21317,54903,1.450758e-10
21318,39945,0.009166495
21319,106685,2.2352663e-07
21320,44043,0.0007878434
21321,55115,0.010531615
21322,15293,0.08048601
21323,82002,7.316562e-08
21324,91648,0.001458661
21325,29614,0.007630734
21326,59920,0.05137095
21327,45517,1.4394307e-06
21328,99868,2.2173997e-05
21329,57184,3.1095015e-11
21330,102768,0.007882589
21331,65242,0.0007983909
21332,47860,0.004113125
21333,90662,2.5307207e-09
21334,48938,0.0014692483
21335,80678,0.0006084542
21336,106473,3.807077e-13
21337,64304,4.5228794e-09
21338,89876,0.0055402275
21339,79126,0.014298061
21340,99417,1.6339709e-10
21341,45618,0.0004981336
21342,94257,0.007630734
21343,36839,0.042739734
21344,75086,0.007885965
21345,21998,9.2035024e-10
21346,68943,0.03656999
21347,29722,0.08734482
21348,35858,0.0055402275
21349,6989,7.787925e-07
21350,35202,0.004344768
21351,10008,0.004743529
21352,5801,2.055164e-06
21353,73788,9.483398e-14
21354,22555,0.0023889667
21355,100386,0.00010630918
21356,103007,0.06710639
21357,26962,1.8207606e-08
21358,60495,0.0006084542
21359,115694,1.4700743e-05
21360,53372,1.561464e-14
21361,62472,0.017034432
21362,58425,0.07103359
21363,45773,0.0036498394
21364,48300,1.5198728e-08
21365,75198,0.023519892
21366,13709,0.13494028
21367,4594,0.032512687
21368,56071,0.0055402275
21369,92046,0.07581729
21370,79686,4.133631e-09
21371,48516,3.1095015e-11
21372,12378,2.6519408e-16
21373,82853,6.1634026e-05
21374,106041,0.0033346275
21375,40668,1.844495e-07
21376,50514,0.001391017
21377,34861,0.07103359
21378,24333,0.0068159024
21379,68696,2.3597774e-07
21380,72644,0.0020144612
21381,62340,6.49388e-09
21382,6380,0.0003809629
21383,108056,7.226052e-06
21384,97830,0.00983577
21385,106691,1.4525792e-05
21386,93991,0.013780199
21387,71612,9.483398e-14
21388,11144,7.3182123e-06
21389,88309,0.0023865474
21390,61304,0.033792887
21391,60085,4.4207676e-14
21392,76288,9.1048076e-07
21393,39039,0.011245011
21394,114264,0.014298061
21395,22669,2.2064037e-09
21396,8478,1.2972336e-07
21397,107771,3.9538532e-16
21398,78597,0.009181562
21399,49197,0.015332866
21400,9960,8.297917e-08
21401,106044,0.003443624
21402,72414,0.009181562
21403,81667,2.094856e-11
21404,10152,0.0048271464
21405,94323,0.05741278
21406,72298,0.007630734
21407,18774,0.009115906
21408,113061,0.0020207777
21409,105409,0.003391807
21410,106735,1.5401183e-09
21411,48480,0.008298639
21412,80324,0.00038628338
21413,8300,6.808699e-08
21414,107642,1.3632424e-05
21415,47748,0.051730532
21416,32080,2.03987e-09
21417,80550,7.173843e-12
21418,108349,2.942281e-06
21419,80735,0.0014187942
21420,101471,4.460964e-08
21421,19801,3.75146e-08
21422,49039,0.004344768
21423,19226,5.7784066e-14
21424,112177,0.0035680751
21425,15268,0.0002638464
21426,115219,7.2105243e-12
21427,31615,1.0118249e-10
21428,115288,0.009084299
21429,113319,0.042333726
21430,48831,0.009084299
21431,92122,0.0009854129
21432,31194,0.022921072
21433,55248,1.7379972e-06
21434,86531,0.0050718444
21435,111584,0.0031507364
21436,105388,0.007630734
21437,42150,0.0017782958
21438,24423,2.0598427e-11
21439,67730,0.0022374261
21440,108743,0.00012567584
21441,89805,0.0006101255
21442,7585,0.00952741
21443,39928,0.00010379788
21444,98402,0.045895107
21445,54499,0.00079286017
21446,2313,0.0034560994
21447,52284,0.00011763776
21448,44886,0.01609344
21449,98236,3.2663575e-08
21450,100366,0.017093383
21451,98672,0.045750935
21452,85163,0.004344768
21453,2337,0.0015777918
21454,24488,0.0005231675
21455,24714,0.0002784047
21456,88930,0.00033525773
21457,106870,0.001458661
21458,58322,0.04787555
21459,67958,0.042838734
21460,63757,0.0011165098
21461,71830,4.100561e-14
21462,18145,1.4104441e-07
21463,28372,4.742758e-13
21464,45281,3.0695514e-17
21465,15448,0.00011332836
21466,90623,0.00021203067
21467,113485,0.0020279835
21468,17330,5.721914e-10
21469,16042,0.00031592505
21470,37469,7.572765e-09
21471,9405,1.2415511e-06
21472,19659,0.000723749
21473,97078,0.05753619
21474,7458,3.3343804e-05
21475,93162,0.0020144612
21476,13637,0.0002922676
21477,75725,0.00086317223
21478,73961,9.54545e-07
21479,55315,0.0018066003
21480,5049,0.0048271464
21481,66142,2.3250855e-09
21482,111168,1.1708993e-15
21483,80093,0.04536966
21484,48890,2.3344283e-11
21485,103277,1.6339709e-10
21486,97751,0.009184932
21487,32521,0.0025765013
21488,62599,5.2508307e-11
21489,27510,3.8978076e-08
21490,67738,0.010597673
21491,50695,0.0055402275
21492,10224,0.009896677
21493,83500,0.007565507
21494,95884,0.005954114
21495,24165,0.009166495
21496,102748,0.05741278
21497,26439,0.007161076
21498,16639,5.4849753e-12
21499,90356,0.042838734
21500,53287,1.080186e-11
21501,101569,0.036663696
21502,102664,0.016113395
21503,48099,0.05047838
21504,30486,0.009084299
21505,4969,0.15980779
21506,72684,0.0022382287
21507,67329,0.009181562
21508,96713,2.1863154e-10
21509,101145,6.838138e-05
21510,26006,4.6730293e-05
21511,11026,1.1501169e-06
21512,43787,0.005603552
21513,109,4.3991983e-07
21514,88605,1.3647002e-10
21515,12259,0.13892727
21516,111144,0.004843005
21517,94112,0.032362238
21518,85281,5.254478e-11
21519,87598,1.3647002e-10
21520,19393,8.2645034e-05
21521,111392,7.17257e-12
21522,11304,2.5552743e-05
21523,8537,1.0458591e-06
21524,42365,0.00012038292
21525,12322,3.5517093e-08
21526,28857,0.00049652014
21527,66594,0.0005588812
21528,103973,0.0003679153
21529,77637,0.028758163
21530,54172,1.6985595e-09
21531,16062,6.98763e-15
21532,86055,0.001046014
21533,36006,0.0006208793
21534,101622,5.9173278e-08
21535,8032,5.9021227e-07
21536,105475,4.533234e-06
21537,112426,3.181696e-07
21538,105414,0.05216715
21539,53396,0.002292077
21540,40130,2.7002054e-08
21541,77691,1.1406907e-11
21542,16672,8.016198e-06
21543,98969,0.00010630918
21544,78652,0.0002784047
21545,89245,7.173843e-12
21546,8430,0.009896677
21547,111278,3.3196054e-12
21548,34020,0.0006208793
21549,29647,3.1114535e-11
21550,77394,0.0055402275
21551,95110,6.853889e-11
21552,96632,1.1456225e-15
21553,55860,0.024432875
21554,13679,3.716157e-05
21555,67499,0.0036174739
21556,31901,0.007194547
21557,78198,0.001458661
21558,14627,0.008845419
21559,5307,2.9963978e-06
21560,24628,1.7639732e-13
21561,57964,0.0005866832
21562,78599,1.2177437e-09
21563,48206,0.027647147
21564,14829,0.022777947
21565,75730,0.01609576
21566,109741,1.3898798e-06
21567,87191,7.488527e-12
21568,46965,2.4347097e-08
21569,99554,0.010597673
21570,44486,0.001957903
21571,87028,0.00012038292
21572,98097,1.111003e-14
21573,96677,6.3522276e-09
21574,18188,0.00011690117
21575,80776,6.1634026e-05
21576,43083,0.005603552
21577,32969,0.31662488
21578,24233,2.0011175e-09
21579,39890,1.5938095e-12
21580,72863,0.0046549067
21581,112884,0.024684858
21582,72703,0.009181562
21583,41672,0.06375701
21584,61488,1.3415816e-09
21585,51456,0.014122791
21586,73907,0.0001594103
21587,112189,0.04513743
21588,60067,0.0006500485
21589,87439,0.010597673
21590,77348,0.007630734
21591,66729,2.9436376e-13
21592,93660,1.2259274e-05
21593,38974,7.3525956e-13
21594,95138,4.5120218e-05
21595,64421,0.0007983909
21596,107679,0.009184932
21597,44601,0.08256352
21598,101448,6.1634026e-05
21599,41829,6.015933e-10
21600,17766,1.5251277e-13
21601,104671,0.0007993315
21602,34533,1.0174364e-08
21603,80720,0.001458661
21604,12582,6.6089375e-17
21605,32289,3.0695514e-17
21606,38149,2.0589571e-13
21607,107889,0.0068329745
21608,34693,0.015332866
21609,15213,3.144021e-06
21610,15479,0.018723011
21611,88186,0.001458661
21612,24986,0.007824065
21613,88497,4.6189632e-07
21614,109737,0.0020207777
21615,102650,2.358738e-09
21616,31780,1.6204351e-06
21617,104082,7.94139e-11
21618,96549,2.3134943e-10
21619,112889,0.02742935
21620,55182,0.009084299
21621,97038,0.0007983909
21622,19595,2.8066366e-10
21623,28559,0.0046053557
21624,32522,1.12014355e-07
21625,1024,5.9522836e-07
21626,73765,0.009181562
21627,32336,7.4995177e-07
21628,105983,0.034424238
21629,59430,2.091974e-14
21630,114187,5.53684e-11
21631,20122,3.6758156e-11
21632,66778,5.5274597e-11
21633,68498,1.1067299e-05
21634,102153,0.032368287
21635,4750,0.017869916
21636,2612,0.032544143
21637,37149,7.1795096e-12
21638,89332,0.0007983909
21639,85986,0.00038847717
21640,58923,0.0036302214
21641,88720,4.681984e-08
21642,69102,2.4064758e-07
21643,64778,1.2452172e-05
21644,108197,0.06588788
21645,16011,0.00017586676
21646,67771,0.009181562
21647,62964,0.009164828
21648,54721,0.00079286017
21649,9090,8.9121835e-07
21650,96950,0.040188804
21651,112638,0.045894172
21652,47797,0.08777404
21653,88563,6.1634026e-05
21654,14755,8.725008e-07
21655,76756,0.024533123
21656,114131,1.4538411e-10
21657,63544,3.3162893e-12
21658,45506,1.8148427e-07
21659,33711,0.050738763
21660,57305,6.3754114e-06
21661,71306,7.027796e-11
21662,47261,2.7859517e-15
21663,64454,2.0860653e-10
21664,49011,0.024432875
21665,31714,1.20395535e-14
21666,82737,1.35773295e-08
21667,38474,3.3111636e-08
21668,60229,0.0022068373
21669,39402,2.1798241e-10
21670,87025,1.7504728e-05
21671,10726,5.4932543e-06
21672,32574,0.005603552
21673,98105,0.0008491994
21674,50081,0.009084299
21675,104043,7.161655e-10
21676,97622,9.806545e-06
21677,93278,0.048240427
21678,94265,7.026602e-11
21679,26252,9.891051e-10
21680,17349,3.794966e-11
21681,54775,0.0067054727
21682,22431,0.00031359433
21683,83542,0.03468771
21684,61089,1.2177437e-09
21685,12819,2.4480622e-05
21686,32247,0.016769435
21687,91652,5.681351e-05
21688,79055,0.00083155156
21689,114869,2.1449714e-05
21690,58068,8.7348255e-08
21691,24091,0.0010441417
21692,85136,0.02662436
21693,101372,0.05753619
21694,8011,8.918943e-06
21695,28213,0.005603552
21696,42956,0.0017813661
21697,28218,0.017074263
21698,78837,0.00043931807
21699,111007,6.1634026e-05
21700,48995,0.010531615
21701,109709,0.00063158764
21702,94168,0.048240427
21703,36324,0.010531615
21704,30366,1.4914182e-10
21705,49444,0.017034432
21706,5501,0.008548419
21707,5943,0.05351113
21708,85936,0.09208603
21709,57231,0.07103359
21710,42626,1.0821715e-06
21711,27936,8.957842e-08
21712,4765,2.3390337e-05
21713,100622,7.718623e-12
21714,74824,0.10072983
21715,52067,0.02939055
21716,32126,1.9796642e-09
21717,113593,1.3898798e-06
21718,103360,0.0020971887
21719,23400,0.015733985
21720,12255,0.07103359
21721,71325,5.5629857e-06
21722,28171,3.217401e-10
21723,29224,0.0047608973
21724,113301,0.022090575
21725,75063,6.313005e-07
21726,38957,0.0006208793
21727,70998,0.0807709
21728,113128,0.010531615
21729,92527,2.4115077e-06
21730,111545,6.8422774e-11
21731,83340,1.2482432e-05
21732,73261,0.009181562
21733,28980,0.010531615
21734,9494,4.2359957e-08
21735,85071,2.723376e-09
21736,73890,0.08777404
21737,54125,0.00063523813
21738,30630,0.01599817
21739,3506,6.6761083e-07
21740,91173,6.853991e-08
21741,85889,0.007161076
21742,60802,5.6674456e-09
21743,98871,0.010597673
21744,91106,0.000585449
21745,49558,0.0017026146
21746,15260,2.855336e-17
21747,57186,6.63689e-07
21748,83863,3.3365858e-08
21749,104148,0.042441774
21750,59842,0.011426199
21751,78307,0.026719132
21752,65574,0.008089746
21753,72040,1.2259274e-05
21754,100260,0.0010036927
21755,44574,0.010593114
21756,39352,0.010593114
21757,36517,0.017034432
21758,29113,0.009084299
21759,49206,0.068451926
21760,92206,2.0916632e-10
21761,26376,0.017074263
21762,101547,6.587156e-05
21763,61275,1.3415816e-09
21764,34479,2.0040958e-10
21765,92386,0.0017176691
21766,113872,0.00237759
21767,6053,9.723458e-05
21768,103594,5.012715e-09
21769,54644,1.9173443e-09
21770,83623,0.0023490877
21771,19416,0.00032807997
21772,11310,6.379268e-09
21773,61395,0.0005368607
21774,8910,0.030454718
21775,86893,0.032362238
21776,94969,3.764102e-09
21777,40863,0.04092039
21778,1553,0.00031592505
21779,53391,0.0010522492
21780,12482,6.1629355e-09
21781,47576,4.464051e-06
21782,1592,1.2132981e-11
21783,104185,8.604668e-09
21784,45015,0.0046014097
21785,99383,6.1634026e-05
21786,96474,0.00063020864
21787,9474,0.008096142
21788,91182,0.00063523813
21789,91325,0.001458661
21790,10608,4.9338446e-12
21791,74083,0.05047838
21792,81091,4.447472e-16
21793,10135,1.7179211e-07
21794,16537,0.008541577
21795,16795,1.225627e-06
21796,55239,0.007161076
21797,103300,0.009184932
21798,91010,0.009181562
21799,101128,2.5923228e-12
21800,61544,1.7639732e-13
21801,89577,0.011800525
21802,70368,7.932292e-11
21803,26398,0.0052089873
21804,55017,0.01599817
21805,81225,0.068451926
21806,20894,9.218582e-07
21807,24491,0.005603552
21808,75019,0.001458661
21809,94711,0.007630734
21810,61326,7.462277e-12
21811,9253,0.017281346
21812,31875,0.005603552
21813,4152,1.9532197e-06
21814,79240,2.459455e-06
21815,48085,0.041322865
21816,54654,2.0017255e-08
21817,58699,0.0010053698
21818,76504,0.0020144612
21819,10717,0.004684085
21820,63994,1.2222929e-09
21821,37486,0.012443738
21822,61698,1.9161417e-09
21823,5213,0.032512687
21824,79626,0.005869099
21825,6718,2.0160442e-08
21826,2503,0.01685207
21827,33485,2.7859517e-15
21828,56376,9.634653e-10
21829,99679,0.068603046
21830,36748,0.00028546568
21831,43003,0.0006208793
21832,30365,0.055866085
21833,108277,0.0002613049
21834,29879,2.4906916e-07
21835,71338,0.051730532
21836,103406,0.0010824188
21837,51919,0.017034432
21838,110964,0.0005003087
21839,108674,1.2602031e-05
21840,8908,0.055661947
21841,22501,4.241219e-08
21842,78865,0.0032143127
21843,33157,0.00040309157
21844,95258,0.0046549067
21845,16824,5.721914e-10
21846,47753,2.0011175e-09
21847,110812,0.03189741
21848,1575,3.1836758e-09
21849,58727,0.051730532
21850,72590,2.730193e-10
21851,65507,7.717254e-12
21852,11259,2.7894604e-08
21853,115025,0.011458291
21854,41957,0.17363267
21855,20723,4.365614e-11
21856,28749,0.032544143
21857,27207,0.0010522492
21858,21830,3.4900355e-12
21859,98507,5.6126326e-05
21860,2364,1.3499017e-07
21861,4318,0.07286587
21862,15827,9.465564e-10
21863,40514,2.0932696e-06
21864,7476,5.426585e-06
21865,42722,0.0006208793
21866,113016,0.02440206
21867,25906,0.01894666
21868,22776,0.0001141803
21869,99283,0.0036406247
21870,83666,0.04980838
21871,101848,0.05753619
21872,111713,9.154992e-09
21873,94595,0.046991006
21874,78605,0.00011355931
21875,25818,0.00079286017
21876,80159,0.0014072479
21877,89195,0.010597673
21878,100104,0.017093383
21879,10009,1.1904977e-08
21880,47861,7.2105243e-12
21881,30182,0.019825885
21882,50292,7.459837e-10
21883,68410,0.05741278
21884,6506,6.3090994e-08
21885,10956,0.44318175
21886,42053,3.5047543e-14
21887,103003,0.001458661
21888,90796,6.406599e-11
21889,9636,0.001142084
21890,96295,0.028163206
21891,87107,7.449848e-08
21892,66549,3.5439829e-15
21893,7963,8.220372e-07
21894,42407,0.0018181578
21895,114666,6.291031e-05
21896,102661,7.084874e-11
21897,87231,5.6667304e-06
21898,98012,0.05216715
21899,76379,0.024533123
21900,62188,5.842634e-09
21901,85476,0.0006084542
21902,44854,0.0007878434
21903,106186,5.145795e-11
21904,53845,0.0035338406
21905,101332,6.9328193e-10
21906,101695,0.000585449
21907,22035,6.140149e-09
21908,3178,0.010715395
21909,57448,0.001458661
21910,89581,0.08925234
21911,78650,2.3998822e-11
21912,32464,0.009084299
21913,20127,0.014820525
21914,107609,0.028163206
21915,85778,0.0020144612
21916,102854,0.00029062817
21917,83852,9.043799e-08
21918,6998,0.032512687
21919,82811,7.456814e-12
21920,69753,0.0004981336
21921,659,6.1558006e-07
21922,25024,1.6927557e-11
21923,92194,8.720925e-08
21924,109894,6.7349515e-11
21925,63750,0.0011165098
21926,48901,0.007966068
21927,3387,6.1328347e-09
21928,5987,1.191411e-08
21929,43153,0.0036302214
21930,66904,0.03181879
21931,35980,1.1161938e-11
21932,7945,5.604381e-08
21933,96439,0.05216715
21934,103860,0.0035325342
21935,95124,2.8393745e-07
21936,107588,1.5237736e-08
21937,113428,0.0043561356
21938,26808,0.017074263
21939,67965,0.010597673
21940,83048,0.024107663
21941,112260,6.7349515e-11
21942,115676,0.0020207777
21943,15425,0.004870569
21944,6338,8.7773635e-08
21945,115513,0.010531615
21946,26593,0.0005368607
21947,102460,5.2334238e-11
21948,82366,1.2482432e-05
21949,83918,0.0007983909
21950,14964,0.03468771
21951,54995,0.032544143
21952,65683,2.4650271e-06
21953,12301,0.061213087
21954,73448,1.4586888e-06
21955,54273,0.00983577
21956,4059,5.482797e-06
21957,43932,0.03239536
21958,27245,0.032544143
21959,25299,0.00011763776
21960,45960,7.114992e-11
21961,16479,0.06730878
21962,28792,0.00013345755
21963,51875,0.010531615
21964,73112,6.1634026e-05
21965,111107,0.009184932
21966,95691,0.051543478
21967,110124,6.1634026e-05
21968,63923,5.352248e-07
21969,54388,0.051730532
21970,4617,0.03456673
21971,113299,5.5025645e-10
21972,83213,0.039752092
21973,39339,0.009166495
21974,29984,0.009084299
21975,104112,1.4473012e-09
21976,17658,1.2900334e-05
21977,546,0.008035012
21978,93471,5.1649954e-06
21979,49050,0.051730532
21980,10659,0.009896677
21981,38633,1.6782022e-06
21982,46373,7.0699793e-06
21983,74915,0.0014187942
21984,23200,2.8392602e-10
21985,74591,4.4808605e-11
21986,101583,6.8422774e-11
21987,78532,5.716553e-06
21988,32941,0.0013792627
21989,75275,6.8058195e-15
21990,113920,0.0015638102
21991,44313,7.1795096e-12
21992,94732,0.00010588457
21993,105500,1.443322e-05
21994,31513,1.0118249e-10
21995,2340,0.022016345
21996,96391,0.03468771
21997,111502,0.0020207777
21998,5818,0.046223346
21999,27239,0.31014928
22000,99640,0.017093383
22001,34699,7.2105243e-12
22002,104947,2.0586331e-11
22003,60448,0.0020144612
22004,35206,0.0055402275
22005,49657,0.0006208793
22006,2009,0.03531721
22007,30751,0.007630734
22008,27048,0.051730532
22009,93740,0.0020144612
22010,88744,2.3664323e-07
22011,47119,0.0017903007
22012,99327,0.005495776
22013,50615,0.008558585
22014,86102,0.0002712397
22015,106595,6.3840635e-09
22016,112928,0.001986231
22017,109893,0.000121719226
22018,2674,0.010044627
22019,87151,1.2452172e-05
22020,60238,0.007630734
22021,17575,5.673169e-12
22022,51769,0.032311134
22023,68289,0.032253224
22024,54504,9.243408e-05
22025,26618,1.5930503e-11
22026,5711,0.016854424
22027,46779,0.017074263
22028,16270,7.476755e-15
22029,67911,0.00054023403
22030,91869,0.05216715
22031,103631,0.057786837
22032,69273,0.0020144612
22033,434,0.00456404
22034,67603,0.03552536
22035,83553,0.07103359
22036,44585,6.459584e-14
22037,31122,0.0023937605
22038,106439,6.1634026e-05
22039,11263,0.0034610408
22040,85976,3.164131e-11
22041,74191,0.0036406247
22042,84178,0.0007983909
22043,22740,2.8066366e-10
22044,80672,0.05741278
22045,23336,0.009166495
22046,112625,0.0020207777
22047,46472,0.00011722668
22048,26122,1.1959599e-08
22049,29621,3.7244897e-06
22050,59847,0.0055402275
22051,80331,0.000193085
22052,1457,0.0002784047
22053,100196,0.01716636
22054,3914,0.03454235
22055,103708,1.6098169e-05
22056,19636,0.028742965
22057,87060,0.007630734
22058,51570,0.011189828
22059,63819,0.10072983
22060,33562,2.481199e-07
22061,83635,0.015377235
22062,50800,0.397332
22063,26718,0.008355443
22064,15058,7.2888986e-07
22065,88735,0.0023834705
22066,66598,1.6649591e-10
22067,63829,1.2452172e-05
22068,30555,0.00097152754
22069,90361,0.0020144612
22070,106175,5.117258e-07
22071,98852,0.017093383
22072,12976,5.657108e-06
22073,37731,0.055707112
22074,77598,0.007630734
22075,40264,6.4579645e-08
22076,89219,6.281494e-05
22077,489,0.009115906
22078,48335,4.6441082e-10
22079,26175,1.0146174e-14
22080,45182,2.0582619e-13
22081,26820,0.024432875
22082,10944,0.00019753729
22083,110287,0.00079956837
22084,3054,4.8825345e-06
22085,100689,0.05753619
22086,58127,0.0023870617
22087,38495,4.1225387e-12
22088,45472,0.017074263
22089,17297,0.13168253
22090,13789,0.024432875
22091,107372,3.8386013e-05
22092,47877,0.00012038292
22093,50367,3.6440285e-06
22094,60756,0.058021106
22095,5480,0.035309214
22096,55498,3.8205997e-13
22097,53920,0.017034432
22098,89773,0.073368184
22099,19860,5.8567673e-07
22100,10776,0.009896677
22101,111685,0.010531615
22102,53133,3.2064912e-07
22103,83774,0.0022382287
22104,47329,0.0038268098
22105,25661,0.03468771
22106,86884,3.7496188e-06
22107,18620,0.032486703
22108,73337,2.6625618e-10
22109,9964,0.0263601
22110,35151,0.013781839
22111,32071,7.2105243e-12
22112,76938,0.0058029746
22113,53587,0.007974509
22114,39075,2.0570583e-08
22115,56968,0.00054023403
22116,57697,0.005948026
22117,13396,1.103529e-06
22118,20080,0.0009831698
22119,107690,0.0035325342
22120,43707,0.024273606
22121,60763,0.007630734
22122,93264,0.0010745595
22123,90448,5.57827e-06
22124,112967,0.033127367
22125,101064,0.036975846
22126,14426,6.7148223e-12
22127,114434,0.042739734
22128,23412,0.007630734
22129,65898,1.2462176e-05
22130,63307,7.0412826e-14
22131,78759,2.6121488e-14
22132,87271,0.00012788131
22133,111462,1.6098169e-05
22134,76498,2.059501e-11
22135,36036,0.0036302214
22136,105962,0.057786837
22137,44984,0.010050855
22138,108364,2.810094e-12
22139,32786,7.590664e-05
22140,83478,5.7306743e-06
22141,30059,7.611838e-12
22142,115918,8.193354e-07
22143,97291,0.000585449
22144,102578,0.024684858
22145,6146,7.82283e-07
22146,85683,2.810094e-12
22147,10833,1.5794025e-07
22148,27138,0.00025492033
22149,63885,1.00239525e-10
22150,67760,6.2714145e-07
22151,46061,0.003185745
22152,86673,0.00063523813
22153,41240,0.051730532
22154,64928,0.0004830679
22155,95584,0.05753619
22156,55073,1.5269813e-10
22157,11624,2.5540709e-08
22158,16888,6.0912796e-11
22159,39845,0.027574962
22160,37284,0.0015156976
22161,82400,0.0007983909
22162,33488,0.056436636
22163,939,1.6091219e-08
22164,31382,1.104369e-14
22165,77135,1.3575198e-05
22166,76157,0.0037535285
22167,15067,0.068451926
22168,72867,0.011426199
22169,99953,0.00035321125
22170,29805,3.65859e-10
22171,82223,0.017034432
22172,22655,0.010593114
22173,114101,2.1532604e-11
22174,94476,0.038200755
22175,38869,0.08188736
22176,15711,0.0035680751
22177,65636,1.2462176e-05
22178,31841,0.00025492033
22179,76703,0.020015934
22180,97829,0.000585449
22181,62725,4.6962914e-09
22182,54367,3.3134693e-12
22183,64252,3.6973324e-11
22184,71853,5.603857e-12
22185,19461,8.0165766e-17
22186,11619,0.015521292
22187,90410,3.6167692e-12
22188,25714,0.13578467
22189,100072,1.2319705e-14
22190,65693,4.4808605e-11
22191,55529,1.9353385e-11
22192,26901,3.7928386e-11
22193,4422,0.07286587
22194,865,0.051730532
22195,55236,3.1095015e-11
22196,65086,0.007565507
22197,25472,4.421341e-14
22198,37957,0.0036302214
22199,7613,0.032512687
22200,56122,3.1153132e-11
22201,17925,1.707313e-07
22202,100425,0.009184932
22203,87507,5.45187e-07
22204,79753,4.5120218e-05
22205,14004,1.7788058e-09
22206,64738,1.2452172e-05
22207,101553,0.00063192
22208,22360,0.068451926
22209,108362,0.0020207777
22210,110862,1.1161938e-11
22211,104142,0.0010522492
22212,96451,0.05741278
22213,86014,0.04787555
22214,112507,0.033858243
22215,84160,1.7777109e-12
22216,32182,5.1167426e-09
22217,95537,3.2230116e-06
22218,7266,4.2348674e-06
22219,3619,0.009523529
22220,47630,3.5910216e-11
22221,14654,0.009115906
22222,17554,4.2757193e-13
22223,110822,0.005616725
22224,114857,0.0017083058
22225,51762,5.2334238e-11
22226,73562,3.5963595e-12
22227,67796,0.008845419
22228,39803,0.0006208793
22229,110115,2.9371733e-08
22230,25115,0.009166495
22231,1922,3.0470255e-06
22232,84994,0.014298061
22233,98183,0.00025824195
22234,41044,0.006562863
22235,34775,0.195312
22236,111845,0.031770848
22237,65489,5.39551e-09
22238,81963,1.8721218e-07
22239,48567,6.2093344e-11
22240,77792,0.0008606813
22241,41215,4.077153e-12
22242,111210,2.1532604e-11
22243,24778,0.009166495
22244,45022,0.007863321
22245,60398,0.026159361
22246,53482,0.051730532
22247,21923,7.1733326e-13
22248,77196,0.0005500226
22249,108256,1.2602031e-05
22250,45969,1.4059313e-08
22251,109276,0.057889596
22252,36436,0.0055402275
22253,77366,1.6618174e-07
22254,71822,0.009181562
22255,105724,0.009184932
22256,69709,0.0066840975
22257,18630,0.00059360295
22258,28001,0.017114835
22259,32184,1.1817317e-07
22260,8036,4.3991983e-07
22261,44596,0.02939055
22262,40378,3.6555275e-10
22263,101001,8.351647e-07
22264,17757,0.03116986
22265,65360,7.612194e-10
22266,41290,0.0010522492
22267,105480,1.0518346e-06
22268,7241,0.00952741
22269,49184,5.2724353e-12
22270,24520,0.0056154868
22271,31660,0.017114835
22272,97557,1.8291824e-10
22273,61364,0.0039557265
22274,40049,2.7115183e-08
22275,97473,0.05753619
22276,98703,1.2452172e-05
22277,75956,0.0024435194
22278,102025,0.00527508
22279,12563,1.3415515e-08
22280,63084,0.0030274577
22281,33211,0.06865799
22282,20442,1.3849871e-12
22283,62502,0.005603552
22284,52714,0.0048167007
22285,96262,3.6208887e-09
22286,28130,7.2840605e-09
22287,50295,0.010531615
22288,93099,0.013762856
22289,29329,2.2022278e-10
22290,48280,3.1438205e-12
22291,82664,0.0019581069
22292,82974,0.00029062817
22293,10114,0.0034610408
22294,1859,6.004749e-07
22295,8392,0.003688102
22296,58963,0.05137095
22297,29455,7.175693e-11
22298,9,0.008548419
22299,102001,6.7266534e-16
22300,21216,0.0014692483
22301,23847,0.009166495
22302,103749,2.545418e-09
22303,115928,3.8776378e-08
22304,44217,0.009166495
22305,86374,0.032368287
22306,35841,2.3196399e-06
22307,54901,0.0055402275
22308,52797,1.4209847e-06
22309,43871,0.027574962
22310,74015,0.001458661
22311,39977,0.0006208793
22312,86824,8.856331e-07
22313,54803,0.00983577
22314,97548,0.0020144612
22315,20041,2.7790686e-11
22316,113434,1.29545415e-05
22317,100481,9.762686e-07
22318,24918,0.009166495
22319,111118,0.019854529
22320,32594,0.0023937605
22321,84583,0.007530326
22322,96035,0.009184932
22323,114175,0.008089746
22324,52971,0.00055798667
22325,89263,0.017093383
22326,97260,0.0015954345
22327,33849,9.715794e-06
22328,92109,6.0994382e-12
22329,95038,0.017093383
22330,28230,6.278441e-08
22331,78887,0.011426199
22332,12832,1.0864165e-17
22333,549,3.246557e-07
22334,82891,0.017034432
22335,19518,5.932296e-06
22336,6140,2.071014e-05
22337,10982,0.0034610408
22338,65306,0.0014177117
22339,109368,6.4055883e-10
22340,52970,0.009137165
22341,70689,0.003998202
22342,39800,0.010593114
22343,63484,2.7559432e-11
22344,43619,0.008845419
22345,61670,0.001458661
22346,86650,0.009181562
22347,105620,9.69647e-13
22348,41040,3.4640328e-07
22349,115394,0.0016223614
22350,96964,0.005616725
22351,78849,0.027927138
22352,66006,3.2952727e-09
22353,7965,0.0053352406
22354,96100,0.016113395
22355,113747,7.082221e-06
22356,9596,3.5033424e-06
22357,45380,1.0561417e-08
22358,24859,0.0002087937
22359,36319,0.05528827
22360,57129,0.017034432
22361,86346,0.1173779
22362,56298,0.0014692483
22363,29333,0.017114835
22364,81312,0.007630734
22365,46863,1.4581975e-15
22366,77991,0.020682834
22367,18544,1.7639732e-13
22368,109918,0.010597673
22369,89701,0.024684858
22370,40916,0.005603552
22371,31697,2.8912337e-12
22372,24214,0.03468771
22373,46756,1.8692023e-10
22374,28002,0.009084299
22375,74271,6.1634026e-05
22376,90442,0.05741278
22377,102485,0.0008203248
22378,108650,0.025923373
22379,30582,0.017114835
22380,62927,0.008845419
22381,39409,0.009166495
22382,45865,0.0025768075
22383,24502,3.892525e-08
22384,31657,4.078782e-05
22385,98403,0.0007637882
22386,94236,4.0219057e-08
22387,82934,1.2259274e-05
22388,96424,0.007004306
22389,109508,3.807077e-13
22390,3948,0.002164967
22391,62132,1.9111076e-06
22392,115160,0.017114835
22393,80669,0.014324543
22394,46685,5.4023707e-07
22395,23211,0.03054148
22396,115181,2.5080662e-06
22397,112109,0.0020207777
22398,77895,0.0007983909
22399,37814,9.603566e-15
22400,90150,1.7155491e-05
22401,63371,0.05047838
22402,42677,2.5598942e-08
22403,104231,1.0962761e-11
22404,26860,0.00016783028
22405,35814,0.040477555
22406,1390,1.8425508e-11
22407,55329,8.2524615e-08
22408,80213,1.10463085e-13
22409,105534,0.0005829531
22410,24192,0.03239536
22411,86878,0.03468771
22412,65602,1.2462176e-05
22413,8221,6.6761083e-07
22414,44955,6.138287e-05
22415,53943,0.0048167007
22416,24345,0.005869099
22417,111981,1.4628825e-12
22418,86151,0.004344768
22419,104255,1.0177721e-06
22420,28661,0.008355443
22421,16591,1.8337551e-10
22422,49911,0.010531615
22423,48271,7.3525956e-13
22424,102537,0.05741278
22425,104211,0.010597673
22426,2353,1.657003e-05
22427,76226,2.920047e-06
22428,9190,0.032311134
22429,18871,0.008541577
22430,87306,7.1014954e-09
22431,9127,2.0160442e-08
22432,53159,0.068451926
22433,83576,0.00079956837
22434,51439,0.009084299
22435,2848,1.944183e-09
22436,5819,0.00015995403
22437,80411,0.008089746
22438,24325,3.749881e-11
22439,51029,0.03468771
22440,110369,0.0908215
22441,104734,0.017114835
22442,51058,0.032544143
22443,34165,0.0014512036
22444,24779,0.009166495
22445,22573,0.013781839
22446,3160,0.032544143
22447,84890,0.009181562
22448,108787,4.5120218e-05
22449,76763,0.007630734
22450,59587,0.0017934751
22451,100534,0.00012736993
22452,87351,0.051730532
22453,9022,7.2608123e-06
22454,23822,0.022892
22455,90466,0.0020144612
22456,113824,3.1226807e-07
22457,65041,3.9345944e-12
22458,40350,0.00013659017
22459,25797,0.009882981
22460,98405,0.05753619
22461,69560,3.365541e-05
22462,4869,6.379268e-09
22463,102319,1.2452172e-05
22464,93609,1.7726441e-05
22465,6910,6.119432e-09
22466,49483,0.0059808404
22467,16309,2.1567881e-10
22468,50685,0.03468771
22469,9145,0.0021320658
22470,49243,0.0068159024
22471,16526,1.2134497e-09
22472,13211,2.6519408e-16
22473,44654,0.0009621452
22474,101398,0.008543814
22475,101804,0.039851364
22476,105678,4.816024e-06
22477,54349,0.001936481
22478,102018,0.0022697179
22479,26824,7.715104e-07
22480,53492,3.1095015e-11
22481,105098,0.0020207777
22482,108222,0.0002085086
22483,58522,2.9806579e-05
22484,91148,0.009181562
22485,46150,1.0146174e-14
22486,17034,0.032486703
22487,98070,0.009184932
22488,43765,0.0005692543
22489,60362,0.0074925814
22490,97573,7.6224576e-05
22491,90463,0.010597673
22492,24088,0.010238126
22493,29948,0.022921072
22494,63082,0.005603552
22495,96229,1.0952097e-06
22496,21291,2.05737e-06
22497,18816,0.010609078
22498,30712,0.00056567235
22499,61556,7.718623e-12
22500,89820,3.6260817e-06
22501,32109,9.751504e-06
22502,70335,7.173843e-12
22503,9122,1.3842933e-07
22504,16487,2.6213044e-16
22505,95684,0.009184932
22506,3106,6.681446e-07
22507,64913,0.04096254
22508,42996,0.00012527814
22509,16649,3.868299e-09
22510,21652,4.3334047e-09
22511,30990,4.409333e-07
22512,108549,0.0002613049
22513,18211,1.2588199e-08
22514,32809,0.0003207374
22515,26231,5.6065272e-09
22516,33429,0.00698014
22517,17560,0.008845419
22518,18819,0.0008151108
22519,115534,2.400836e-10
22520,115849,2.0489126e-09
22521,25252,0.0077683823
22522,35528,1.2259274e-05
22523,105780,0.006506029
22524,108915,2.526379e-10
22525,38007,0.051730532
22526,23399,0.017034432
22527,55174,0.009084299
22528,57404,0.0036406247
22529,64230,2.0906013e-11
22530,67908,0.0014187942
22531,94939,0.0070973393
22532,101937,4.347985e-09
22533,18476,4.4022905e-10
22534,48598,0.06209234
22535,113620,2.9349505e-07
22536,92657,0.004074609
22537,102820,8.793816e-07
22538,57119,0.027574962
22539,13144,5.4649958e-05
22540,107590,3.8776378e-08
22541,12810,8.266525e-09
22542,57597,3.8978076e-08
22543,67835,2.810094e-12
22544,11991,4.684288e-08
22545,88775,0.05741278
22546,76858,0.00012038292
22547,62648,3.198254e-08
22548,18532,7.2888986e-07
22549,36298,2.3070137e-09
22550,2021,1.1501169e-06
22551,96518,1.323979e-07
22552,107032,0.031891707
22553,103002,0.05741278
22554,38220,0.06768258
22555,19195,0.00029191643
22556,76153,8.080749e-06
22557,24280,0.0007112578
22558,77898,0.0060525606
22559,11076,3.788535e-05
22560,103519,5.548538e-09
22561,24247,2.6662698e-07
22562,47224,0.009166495
22563,42932,3.88133e-08
22564,73437,9.483398e-14
22565,114707,7.765133e-09
22566,37122,0.010593114
22567,89967,0.067476474
22568,66538,3.113472e-11
22569,26196,4.1335147e-12
22570,63109,0.0807709
22571,41042,0.0019963898
22572,14874,0.30891496
22573,15740,0.009115906
22574,35906,0.009084299
22575,60818,3.4152174e-06
22576,41026,0.010593114
22577,28713,4.387135e-14
22578,114896,3.88872e-11
22579,64155,1.2452172e-05
22580,70194,0.008845419
22581,103613,0.050779287
22582,75703,0.0009854129
22583,43415,1.6405467e-07
22584,28734,0.0027400674
22585,69121,0.008047716
22586,58572,0.051730532
22587,15581,9.8423754e-08
22588,23334,0.00033184
22589,98291,0.045750935
22590,93403,0.0003186244
22591,26180,0.00079286017
22592,89102,4.2305765e-06
22593,49159,0.019111952
22594,52758,0.009084299
22595,45346,0.005603552
22596,99718,1.1159814e-10
22597,7038,7.0013743e-07
22598,102564,3.3148347e-12
22599,26975,0.009084299
22600,77737,1.637605e-11
22601,53191,0.0055402275
22602,43219,0.00829756
22603,93190,0.0044270493
22604,91938,0.009181562
22605,66232,0.0036892933
22606,84907,1.6276929e-06
22607,51135,0.00063523813
22608,98803,1.3912786e-07
22609,38410,0.008355443
22610,62396,4.4207676e-14
22611,24864,0.007630734
22612,85190,2.0017127e-07
22613,84527,1.4985603e-11
22614,2874,0.0028988628
22615,110561,0.0057430975
22616,48057,0.024107663
22617,107180,8.8260634e-08
22618,79090,1.3067857e-15
22619,85741,1.5643797e-10
22620,104273,0.00466948
22621,32820,5.769079e-14
22622,43268,4.7400764e-11
22623,37233,1.207565e-05
22624,32905,0.028758163
22625,100662,0.008904926
22626,52474,0.0046549067
22627,48398,2.4861514e-08
22628,73436,0.03090701
22629,103199,3.8099301e-10
22630,41252,3.88133e-08
22631,99638,0.0054488014
22632,97198,8.696923e-08
22633,16478,5.14017e-09
22634,82471,0.00052852
22635,109083,0.00055804336
22636,76522,2.9475956e-07
22637,55631,0.0149190435
22638,13910,9.506889e-10
22639,44420,5.6434607e-11
22640,66754,3.5963595e-12
22641,55510,6.827299e-11
22642,5862,0.009896677
22643,86222,3.6660374e-06
22644,24133,0.005603552
22645,101707,0.0077229394
22646,64937,3.3170736e-12
22647,73037,3.906789e-13
22648,94891,6.430723e-06
22649,50745,0.0002784047
22650,50906,0.00079286017
22651,42982,0.0024029904
22652,39875,0.03239536
22653,100621,0.05753619
22654,87930,0.005933887
22655,61876,0.0007983909
22656,33915,1.6988056e-13
22657,111052,0.0048167007
22658,50062,4.6286242e-10
22659,64782,2.1679353e-11
22660,115946,0.00023907085
22661,79232,0.0061112233
22662,19676,7.637142e-12
22663,70135,2.5883322e-11
22664,88453,1.5183891e-08
22665,91915,0.009181562
22666,26461,0.0006101255
22667,74869,6.1634026e-05
22668,77980,0.01390759
22669,5619,8.220372e-07
22670,26301,0.0015483467
22671,91258,4.6476078e-14
22672,88702,0.007882589
22673,25568,2.5789113e-10
22674,34284,0.068451926
22675,45279,3.3782921e-06
22676,74040,0.009181562
22677,82864,0.00026222755
22678,100975,0.008904926
22679,53296,0.09722748
22680,45851,0.000533036
22681,45247,0.0036498394
22682,30514,0.009084299
22683,34300,0.03218076
22684,19388,4.421341e-14
22685,108667,0.006185725
22686,98216,1.0294722e-09
22687,42083,1.13890755e-08
22688,44276,0.00038691505
22689,106913,0.009184932
22690,91969,0.0003186244
22691,33290,0.00022138808
22692,74170,0.0004981336
22693,48580,0.009084299
22694,48790,0.035227705
22695,97896,0.032362238
22696,57177,0.008298639
22697,108682,0.0020207777
22698,93204,0.008506531
22699,71135,6.1634026e-05
22700,100752,0.009184932
22701,108377,0.0035325342
22702,53549,2.3664323e-07
22703,39786,2.7859517e-15
22704,92157,0.001458661
22705,33349,2.0593714e-11
22706,17851,7.8436555e-09
22707,5235,0.0013460611
22708,46738,0.009166495
22709,17252,0.03808838
22710,90344,0.04787555
22711,104569,0.03189741
22712,52310,9.3968374e-08
22713,15656,0.0002784047
22714,114449,0.00043666622
22715,13763,0.07745776
22716,43305,0.07103359
22717,113726,1.6098169e-05
22718,65494,3.3170736e-12
22719,88933,0.007565507
22720,90216,2.810094e-12
22721,23196,3.9498695e-14
22722,103527,2.3613253e-10
22723,110717,0.0015638102
22724,47907,0.0047439053
22725,79116,0.009084299
22726,2760,0.1612585
22727,95751,0.05590458
22728,76234,0.028758163
22729,78572,0.00017911913
22730,22419,2.9219636e-08
22731,51286,0.007955866
22732,57222,1.9840085e-08
22733,59613,0.009084299
22734,12788,1.6101531e-16
22735,101501,2.0567995e-05
22736,78289,2.091974e-14
22737,8070,0.004711967
22738,77101,5.721887e-07
22739,52562,0.03218076
22740,107134,0.00016342386
22741,100603,0.032253224
22742,49624,0.0006208793
22743,69446,0.005806973
22744,101939,0.005616725
22745,58053,2.3998822e-11
22746,51025,0.017034432
22747,106710,0.0068329745
22748,68957,4.933047e-11
22749,76612,6.1634026e-05
22750,87843,0.0022382287
22751,112647,0.025916465
22752,108792,0.009120641
22753,97921,0.0020144612
22754,23551,3.1438205e-12
22755,46677,0.151
22756,66128,5.737515e-08
22757,91029,2.594607e-09
22758,72929,2.0490464e-08
22759,110950,0.057786837
22760,8446,2.2054186e-07
22761,62970,0.010586334
22762,8783,6.379268e-09
22763,68420,0.009181562
22764,22543,3.1687002e-09
22765,57204,0.017034432
22766,100056,3.8776378e-08
22767,51288,6.851285e-08
22768,57735,0.04536966
22769,54960,0.008256645
22770,107361,2.3782378e-07
22771,48015,3.860149e-08
22772,49838,0.010531615
22773,103549,0.048240427
22774,69298,1.7460132e-11
22775,115220,0.009084299
22776,85455,2.666634e-09
22777,53235,0.002632856
22778,90724,0.009181562
22779,81525,0.01390759
22780,61855,0.018176686
22781,8415,0.00043175518
22782,55250,0.00010191826
22783,41642,0.01599817
22784,24727,7.462277e-12
22785,11976,4.6119573e-11
22786,96281,0.017093383
22787,108492,0.0009854129
22788,65648,1.2721896e-08
22789,32754,0.008558585
22790,61945,0.0036302214
22791,75310,0.01728862
22792,97522,1.6078682e-05
22793,95563,0.025923373
22794,78394,0.017034432
22795,23631,1.0146174e-14
22796,59835,0.0002784047
22797,84878,0.032311134
22798,21350,2.56165e-10
22799,59383,0.025462776
22800,57653,1.6649591e-10
22801,90250,1.0032527e-09
22802,45064,3.3111636e-08
22803,107683,2.3844176e-09
22804,67749,3.3162893e-12
22805,24430,7.1795096e-12
22806,78372,1.9161417e-09
22807,50396,2.0820596e-09
22808,74383,0.00010588457
22809,77272,0.005616725
22810,113398,3.5594033e-10
22811,824,1.3238047e-15
22812,109501,4.738809e-08
22813,102342,0.048240427
22814,7386,6.119432e-09
22815,12822,7.574645e-16
22816,12679,2.1076767e-08
22817,8170,0.010719061
22818,31275,0.005603552
22819,36093,1.854505e-09
22820,47652,0.00038691505
22821,16953,0.022777947
22822,47466,4.737076e-11
22823,94199,0.024684858
22824,41616,0.0085101
22825,33859,0.0019963898
22826,88844,0.05741278
22827,28508,0.017074263
22828,107461,0.007630734
22829,68619,3.113472e-11
22830,53663,7.611838e-12
22831,55025,7.4705234e-08
22832,68670,5.8452946e-07
22833,45859,0.005603552
22834,51620,0.032544143
22835,14642,0.011426199
22836,108669,1.3647002e-10
22837,41082,2.9326538e-13
22838,6095,1.9723254e-06
22839,79900,8.2946e-07
22840,4079,0.009896677
22841,64712,2.9036078e-06
22842,65751,0.0053526433
22843,113195,0.000806542
22844,46574,0.00021321175
22845,36180,4.86535e-06
22846,24595,3.2832098e-08
22847,38712,2.7859517e-15
22848,82677,2.146176e-14
22849,84510,0.08256352
22850,20928,5.3000165e-10
22851,34652,0.007974509
22852,36687,0.00053700217
22853,20959,0.00031359433
22854,8756,8.456088e-06
22855,29652,1.653939e-09
22856,110687,7.17257e-12
22857,40092,0.0380238
22858,14381,7.297705e-07
22859,101894,0.034003627
22860,4432,0.021591296
22861,89587,0.04536966
22862,11800,4.746511e-14
22863,13600,6.4653716e-12
22864,36867,0.03239536
22865,94281,2.7287691e-05
22866,55712,2.756763e-15
22867,99505,0.0017870738
22868,91411,0.025550146
22869,109343,0.057889596
22870,53665,0.0020144612
22871,73154,0.05047838
22872,93420,0.13284063
22873,47816,0.004344768
22874,81176,1.9959836e-08
22875,110548,6.7349515e-11
22876,26357,3.543651e-07
22877,79295,2.594398e-10
22878,76971,1.0481874e-14
22879,57014,0.0023889667
22880,74920,0.001458661
22881,94205,0.0059322077
22882,48386,1.111003e-14
22883,76621,1.5992007e-05
22884,94734,0.043829076
22885,105220,0.008506531
22886,100352,3.1447338e-11
22887,66665,1.0294722e-09
22888,65473,3.4543971e-13
22889,12254,0.30891496
22890,94537,3.8974893e-11
22891,31549,1.0990773e-11
22892,85376,1.11737386e-07
22893,103520,0.04980838
22894,16277,0.010553112
22895,93161,0.00091310084
22896,54263,7.9483e-05
22897,45306,2.958724e-09
22898,91957,5.9371104e-09
22899,7314,6.0444273e-07
22900,38525,3.1058326e-11
22901,21407,5.7784066e-14
22902,95407,1.0232866e-06
22903,43594,0.00012038292
22904,68051,1.2259274e-05
22905,22564,0.010593114
22906,100179,2.3575868e-09
22907,105881,7.1561767e-06
22908,23518,0.00088301604
22909,89210,0.008845419
22910,1718,0.007875004
22911,86528,1.315461e-11
22912,71259,0.0020144612
22913,74428,0.0024435194
22914,40777,3.234197e-11
22915,96334,0.007859338
22916,110645,6.1634026e-05
22917,49193,0.004121995
22918,98714,7.1561767e-06
22919,76455,0.004975726
22920,17624,7.912523e-12
22921,8247,6.379268e-09
22922,29100,1.5930503e-11
22923,16942,1.2961974e-07
22924,76248,1.5180726e-06
22925,12234,0.010544453
22926,6594,0.0055553857
22927,49377,0.0023916445
22928,97650,3.8776378e-08
22929,37782,0.03531721
22930,54044,0.0016325784
22931,90809,1.1157324e-10
22932,49182,0.007161076
22933,47173,0.0009831698
22934,7318,0.02363173
22935,56241,0.0052112807
22936,56250,0.010531615
22937,2183,6.2740804e-09
22938,54582,0.0055402275
22939,112978,0.057786837
22940,35142,0.0036302214
22941,59749,1.223633e-07
22942,4465,0.87405896
22943,60068,0.16004656
22944,110488,0.0028284746
22945,44974,2.5789113e-10
22946,60613,5.7453573e-05
22947,74968,4.598821e-09
22948,94370,4.5896833e-08
22949,65583,1.2462176e-05
22950,40541,0.024317063
22951,57181,0.017034432
22952,100996,0.048240427
22953,14346,0.014142053
22954,108688,8.283716e-05
22955,74192,3.2451103e-10
22956,10115,5.053535e-05
22957,97274,4.4178426e-14
22958,81506,3.5963595e-12
22959,43334,0.051730532
22960,112037,1.26795685e-05
22961,67032,1.5206953e-09
22962,80543,0.032368287
22963,101101,6.1634026e-05
22964,111802,0.031770848
22965,98828,0.032362238
22966,104020,3.3235903e-12
22967,34848,3.4967417e-14
22968,67041,0.004344768
22969,26995,8.313851e-05
22970,95052,3.11387e-11
22971,51498,0.024107663
22972,7777,1.02498e-05
22973,12712,0.017034432
22974,78368,3.790331e-10
22975,30851,0.0035680751
22976,47382,7.1795096e-12
22977,55651,0.0005368607
22978,95712,0.014949887
22979,8843,2.249235e-06
22980,47290,5.571556e-11
22981,46513,0.010593114
22982,15224,1.0651408e-14
22983,1728,5.6044037e-15
22984,54737,0.009084299
22985,28782,0.00097152754
22986,46230,0.009166495
22987,32555,0.005603552
22988,100320,9.454313e-08
22989,29675,3.0869266e-08
22990,76873,1.904618e-11
22991,89488,0.032248
22992,41804,1.4186963e-09
22993,99942,9.640259e-06
22994,77238,0.008845419
22995,42977,2.8527913e-15
22996,78948,0.73564655
22997,1562,0.07824153
22998,43948,3.6244778e-06
22999,105680,0.001458661
23000,114780,1.7498001e-05
23001,41433,0.011245011
23002,54212,0.009084299
23003,72300,0.010966371
23004,3769,0.27829066
23005,5418,0.021591296
23006,36062,5.1776267e-10
23007,28021,3.3111636e-08
23008,68238,0.00037993272
23009,113124,0.024684858
23010,63410,2.2317212e-10
23011,16282,0.008845419
23012,113276,3.6995395e-06
23013,97900,7.17257e-12
23014,109867,2.7247627e-06
23015,35565,0.032544143
23016,84909,3.5778335e-11
23017,97854,0.011170823
23018,42382,4.68452e-08
23019,61115,0.030963501
23020,45173,0.017074263
23021,48199,0.051730532
23022,88611,1.2452172e-05
23023,110555,0.03218042
23024,103747,0.057786837
23025,89124,7.173843e-12
23026,88939,5.058365e-09
23027,42309,5.712999e-12
23028,74411,0.00038691505
23029,30351,7.229983e-12
23030,33641,0.121260926
23031,36708,1.2698229e-07
23032,40246,0.006562863
23033,42902,0.007848188
23034,110646,9.18427e-09
23035,77490,1.2259274e-05
23036,54376,2.362465e-10
23037,6726,1.6306404e-09
23038,74059,9.483398e-14
23039,15538,0.02662436
23040,66483,1.6059988e-05
23041,21438,0.010553112
23042,78205,0.0023916445
23043,112083,0.03785851
23044,91076,0.068603046
23045,19089,7.637142e-12
23046,65232,3.1447338e-11
23047,78589,0.00011763776
23048,15710,1.4727983e-13
23049,16053,6.8796743e-12
23050,34089,6.208171e-08
23051,76245,0.0007983909
23052,84669,3.8974893e-11
23053,14116,2.4036826e-09
23054,34495,0.00080028723
23055,77805,0.0020144612
23056,8893,3.7956345e-06
23057,622,4.960909e-07
23058,14471,0.051730532
23059,61014,0.0010441417
23060,106476,7.0670865e-11
23061,495,2.8527427e-11
23062,76358,0.051730532
23063,844,0.008267156
23064,57811,0.009084299
23065,114734,0.000806542
23066,92988,0.0020144612
23067,60332,4.775074e-08
23068,33346,4.0978202e-06
23069,81527,0.0020144612
23070,59021,0.0022382287
23071,5047,0.101613894
23072,14740,1.1391878e-08
23073,5428,0.012595596
23074,89749,0.0020144612
23075,53169,3.924489e-17
23076,94879,1.3759723e-07
23077,115510,0.0034202568
23078,54837,3.830396e-05
23079,10257,1.052898e-05
23080,8629,6.164141e-06
23081,74134,0.04787555
23082,112947,0.017440932
23083,21683,5.7332206e-10
23084,71250,0.024432875
23085,38256,1.0043895e-10
23086,3318,6.1649007e-07
23087,36283,0.014648134
23088,79463,1.3481284e-08
23089,83724,0.017034432
23090,61997,0.005603552
23091,1844,2.3474344e-11
23092,104165,0.007630734
23093,60986,0.05741278
23094,70739,0.03468771
23095,63548,0.0023870617
23096,78238,0.0004959932
23097,106787,7.0670865e-11
23098,97631,0.007004306
23099,7551,1.6742422e-05
23100,10889,0.016854424
23101,93547,0.009184932
23102,110310,0.042333726
23103,2497,0.0048265187
23104,61829,2.1532604e-11
23105,76334,0.001753382
23106,61918,1.497859e-06
23107,31094,0.027574962
23108,105478,0.03232138
23109,15589,0.014535742
23110,108655,0.00047561128
23111,39260,0.08256352
23112,34811,2.9150333e-06
23113,52876,0.0024574343
23114,40614,1.7119016e-16
23115,31313,0.00018755441
23116,76369,4.2552222e-11
23117,80445,3.508881e-05
23118,40250,1.227623e-08
23119,45269,0.0036026305
23120,110922,7.8417026e-05
23121,12992,0.06730878
23122,102362,0.05753619
23123,26373,0.007863321
23124,10699,0.0019061764
23125,14071,3.181827e-11
23126,111771,0.03468771
23127,87923,0.00080200256
23128,10067,0.03454235
23129,27301,0.03539168
23130,66024,0.00081022136
23131,67390,0.0019963898
23132,58168,0.025916465
23133,39871,5.7546565e-08
23134,7223,0.045608345
23135,112946,0.045894172
23136,68872,0.0008178421
23137,105350,0.009184932
23138,54316,9.634653e-10
23139,88122,0.017093383
23140,46689,0.0082609765
23141,9886,3.2055734e-05
23142,108645,0.042720005
23143,51024,0.017034432
23144,37007,3.9619238e-08
23145,2534,6.1649007e-07
23146,113561,0.025923373
23147,102670,0.004697079
23148,46389,5.769079e-14
23149,43930,9.234723e-08
23150,53736,0.00053700217
23151,11655,2.0102518e-06
23152,51335,0.008845419
23153,52662,6.1634026e-05
23154,9585,1.871579e-07
23155,27182,2.0916632e-10
23156,34078,0.009084299
23157,5169,3.5325204e-06
23158,56602,0.00018557736
23159,77149,0.0036356205
23160,83696,2.1305948e-11
23161,67319,0.039752092
23162,62750,0.025916465
23163,10563,0.0019061764
23164,53694,0.013852291
23165,29562,1.1486739e-07
23166,73909,0.023025468
23167,84474,1.2069802e-08
23168,75341,0.00053932745
23169,83296,0.006053673
23170,45682,0.017074263
23171,45622,1.3111756e-05
23172,5140,3.5921923e-07
23173,61831,0.010586334
23174,13985,0.011342298
23175,109750,4.5120218e-05
23176,68378,0.17078868
23177,63734,0.0057430975
23178,92552,0.017223911
23179,78773,0.0129874535
23180,97330,1.5571057e-08
23181,40664,0.018007109
23182,30458,0.0002853155
23183,81907,0.01609576
23184,39218,0.009166495
23185,55866,4.111728e-05
23186,6384,0.007026908
23187,22664,5.294876e-13
23188,55567,0.008845419
23189,16773,3.0247757e-10
23190,92264,1.3358007e-09
23191,50992,0.008845419
23192,104741,1.8163094e-09
23193,63474,0.007364703
23194,80438,3.11387e-11
23195,29485,0.046436626
23196,59838,1.4860119e-10
23197,110584,0.042441774
