index,ID,fraud_flag
0,64707,1.7027379e-16
1,63919,1.0946165e-12
2,15664,0.0042001335
3,6626,0.025259737
4,26766,0.012313596
5,2055,0.0068870047
6,80703,1.9561894e-05
7,45482,0.17091456
8,91264,0.00024887492
9,1049,2.2077349e-12
10,67644,0.019502632
11,17283,2.8671776e-10
12,111047,0.0089902915
13,6283,0.00909721
14,10932,2.4334825e-09
15,6866,0.009941477
16,32797,0.009159205
17,87632,0.018107578
18,20830,5.624626e-10
19,70988,0.0011280156
20,2589,0.0036075034
21,76471,0.018107578
22,57026,0.031558465
23,34068,0.004193047
24,110099,2.9327183e-11
25,44409,2.731556e-07
26,98424,0.04805257
27,100327,0.0019717314
28,85449,0.07171395
29,105123,0.0006742901
30,115595,1.5363655e-07
31,34762,0.0044315513
32,30440,0.009558456
33,395,1.2972492e-05
34,34667,0.34201133
35,87615,0.009609334
36,43712,4.795108e-08
37,17074,0.00041535633
38,68564,0.028905047
39,91813,0.032136623
40,62080,0.0009905635
41,12050,4.4673225e-09
42,63426,9.8406e-06
43,93726,0.004607776
44,21287,0.20597227
45,25800,0.009169346
46,33442,0.025428584
47,46493,1.1768354e-06
48,105529,0.0042148116
49,25747,2.1305052e-05
50,105901,0.00011374323
51,53369,0.0023467834
52,80105,1.0898548e-07
53,93931,0.009611095
54,106790,0.24023794
55,17416,1.2664064e-05
56,105290,9.0276255e-05
57,58133,1.2935505e-05
58,81540,0.002814115
59,23236,0.009057707
60,62711,5.315151e-07
61,20999,0.027147863
62,103783,8.291739e-14
63,17545,0.028905047
64,91278,0.0042148116
65,16821,0.10055027
66,47115,0.009169346
67,101433,0.0033585567
68,64042,9.8406e-06
69,2158,9.127074e-05
70,44272,0.018125536
71,88331,1.9561894e-05
72,6698,8.555445e-05
73,69531,1.9561894e-05
74,30625,0.012313596
75,11877,5.9591936e-11
76,52353,1.68492e-06
77,31005,0.027070584
78,101230,0.018134167
79,60853,3.4653254e-09
80,56734,0.10200941
81,53707,0.06433432
82,50265,8.3978925e-08
83,72607,0.08785336
84,49053,2.189176e-08
85,36071,0.0009799172
86,40741,0.056367837
87,56960,1.7933766e-05
88,53425,2.2063236e-09
89,81012,1.6092321e-16
90,103397,0.00010616106
91,115241,0.009159205
92,16477,2.2416397e-14
93,106300,0.050217867
94,778,6.2871623e-09
95,54111,4.2157527e-10
96,43160,0.0009615326
97,13312,0.00013526439
98,40729,0.0009935285
99,29282,0.009558456
100,2486,0.036642306
101,81324,0.001488875
102,75361,0.004193053
103,83557,2.1313535e-06
104,78430,0.003501911
105,58733,0.009558456
106,4100,8.3489874e-07
107,89993,0.018917745
108,85173,0.018107578
109,100381,0.059353366
110,19324,0.0040224534
111,71719,1.9561894e-05
112,89961,0.00034594888
113,87549,0.0005303402
114,82988,9.193888e-10
115,22403,0.0025845168
116,51891,1.3620224e-09
117,45978,1.4053837e-06
118,20555,0.0022811217
119,55970,0.06482158
120,47319,0.0033593855
121,74241,0.4994589
122,103281,9.677297e-06
123,108240,3.9442084e-06
124,61359,0.0091682235
125,71663,0.0077906027
126,89413,0.05926452
127,39662,0.0218647
128,112982,2.2642008e-09
129,56650,0.07016115
130,8849,1.7864829e-06
131,12567,8.755075e-12
132,73998,0.009170086
133,1712,0.00909721
134,112407,0.00020140917
135,15075,1.132784e-06
136,101430,0.006364578
137,79990,2.6942592e-11
138,52886,0.008456095
139,87463,0.05926452
140,61955,0.010311361
141,30263,6.0255705e-05
142,85593,4.98299e-10
143,103216,5.7588127e-06
144,39612,0.0069047827
145,44407,6.5777346e-07
146,98760,0.00084463385
147,17265,0.007679209
148,106871,0.004052996
149,83690,0.0077906027
150,107039,0.0028669229
151,57715,6.722654e-08
152,41191,0.0077453903
153,101274,3.8510412e-10
154,85340,9.917045e-10
155,42354,0.0015616057
156,36079,1.7517035e-05
157,71215,0.0008544404
158,39362,2.938078e-10
159,5693,0.0071632224
160,78375,0.0014862727
161,61534,3.1616046e-06
162,67488,0.00074501237
163,15561,0.0095750205
164,16157,0.0077906027
165,17,0.003511545
166,29639,0.009558456
167,91112,1.260485e-08
168,104649,0.059533693
169,693,0.00916275
170,4689,9.963685e-10
171,58919,0.009558456
172,36766,0.009558456
173,15077,0.00916275
174,37006,0.0027304147
175,93345,0.010311361
176,44664,1.1103317e-10
177,18762,0.00063210167
178,22379,0.009169346
179,89724,9.501419e-09
180,3745,8.751615e-09
181,83488,0.010449223
182,108394,2.8977305e-09
183,8641,0.4393954
184,69466,0.00024887492
185,25047,3.8455875e-10
186,39695,0.002262497
187,57982,4.98299e-10
188,90462,3.2793473e-06
189,112752,0.00020140917
190,117,0.00031380277
191,98398,4.310223e-10
192,19002,9.758336e-05
193,100559,3.9243475e-09
194,11291,0.00087630894
195,72304,0.002328324
196,23250,0.00031027012
197,99518,2.881309e-07
198,105725,0.008838812
199,55984,3.1061982e-12
200,97310,0.0009905635
201,39077,2.8606284e-10
202,110918,0.018143823
203,41184,0.28326577
204,9739,2.4966695e-10
205,6322,0.0006714119
206,10936,0.0018695857
207,92917,0.0008508814
208,16710,0.0077906027
209,113964,2.1958073e-09
210,110281,0.0007412293
211,501,6.313699e-08
212,38063,1.079073e-05
213,53303,1.0788682e-15
214,75137,0.0006647029
215,31793,0.08869992
216,77822,1.9073095e-06
217,22821,0.00050232525
218,79560,0.018134167
219,1724,0.00909721
220,41295,0.027271394
221,114664,0.0019673521
222,83239,0.0021926202
223,76161,0.0007400047
224,12812,0.0041827145
225,73079,0.019502632
226,33477,1.07715756e-07
227,110911,9.012449e-06
228,74088,0.014781824
229,91464,1.9561894e-05
230,78965,1.2888155e-14
231,115734,0.027316395
232,39064,0.012313596
233,87531,0.0010368283
234,21392,0.006781493
235,85410,9.807219e-06
236,101374,0.0022938333
237,61893,0.021764839
238,35957,0.023214001
239,18330,9.418145e-05
240,25920,5.527481e-11
241,29321,0.009558456
242,50864,8.675344e-10
243,16324,5.110951e-07
244,107063,0.059533693
245,62263,0.0012733163
246,38175,0.00067582063
247,36909,7.144613e-05
248,97440,0.050105408
249,107136,0.0036064067
250,51426,0.031167235
251,62186,0.0009905635
252,57941,0.07983019
253,88610,0.0010103625
254,77426,2.033818e-06
255,63630,9.93073e-10
256,97452,2.227576e-09
257,27847,3.6862588e-07
258,72330,0.06433432
259,83242,0.008979334
260,99627,0.07580334
261,55561,8.498396e-05
262,21229,3.8109036e-14
263,43254,0.07016115
264,46349,0.07631463
265,32885,0.0042110747
266,63211,0.0007400047
267,74017,0.0007400047
268,112309,2.0823445e-06
269,71080,1.1957216e-05
270,11233,0.00023189992
271,65032,1.3865282e-08
272,62670,1.2843934e-06
273,34602,5.6208077e-10
274,113971,0.067479685
275,44728,0.04562465
276,78716,1.9561894e-05
277,60993,0.0009905635
278,62434,0.022337675
279,13314,5.569551e-07
280,9420,0.00916275
281,94502,0.019502632
282,14782,0.00037149573
283,105399,0.027725894
284,26114,4.4835772e-08
285,94952,1.4399035e-19
286,63121,0.0006647029
287,17505,1.2276001e-07
288,23853,6.9301545e-06
289,76294,0.004607776
290,79180,0.002341042
291,66894,0.00024887492
292,97408,0.0019294682
293,33501,1.3406772e-11
294,50551,0.052005466
295,80870,0.009609334
296,36561,0.010449223
297,41816,0.0014833396
298,62882,2.4539792e-11
299,34681,0.009558456
300,114749,0.02335275
301,8606,1.5464012e-06
302,42446,9.323843e-14
303,53904,0.054374717
304,22551,0.00022884113
305,94510,6.643055e-11
306,1373,1.7920762e-06
307,82674,0.0040224534
308,40993,0.009169346
309,92014,0.010311361
310,73191,0.03426602
311,106449,1.579704e-06
312,58423,3.1728682e-08
313,27731,3.2916056e-08
314,89611,0.004607776
315,64260,9.8406e-06
316,94809,2.1404861e-05
317,102324,3.0095266e-17
318,86926,0.010311361
319,49185,0.00016085288
320,57289,0.014781824
321,2655,0.009085741
322,2988,1.4141064e-06
323,545,7.3480187e-06
324,28457,4.15168e-12
325,14596,1.44245215e-11
326,79184,0.06482158
327,15201,0.00016537691
328,56585,0.042549033
329,6307,0.0038721084
330,98730,0.03288868
331,51980,2.189176e-08
332,80528,1.9561894e-05
333,22762,6.269214e-12
334,51747,8.698822e-10
335,18778,7.257592e-11
336,47414,0.011837281
337,72518,0.17215532
338,13949,0.05701869
339,55661,0.009558456
340,89809,1.4817932e-08
341,61393,1.9793273e-05
342,75157,0.018107578
343,49321,0.08234013
344,32608,0.0018160112
345,5749,5.181265e-09
346,4497,1.1889011e-06
347,5680,0.010606611
348,9543,0.004226581
349,3613,0.07014628
350,74486,0.00013489742
351,92762,7.4861134e-08
352,26829,2.810834e-08
353,87804,3.4239278e-13
354,64122,1.1385944e-05
355,6967,0.0106561
356,33595,2.1321089e-13
357,29196,0.009558456
358,51322,8.208349e-08
359,103698,1.6684339e-10
360,30082,0.009558456
361,45037,0.0025845168
362,104501,0.00035981176
363,28006,5.915843e-05
364,1572,0.00027810014
365,105217,0.010316847
366,48157,0.05701869
367,48353,0.0007400047
368,5189,1.2014343e-06
369,62531,0.0042110747
370,93051,0.040398903
371,38760,0.0022047155
372,51776,0.0077906027
373,31602,3.0530757e-06
374,109562,0.024748232
375,65343,4.8865103e-09
376,32437,0.006883253
377,5350,3.026472e-10
378,97738,3.3229156e-10
379,83307,0.027308173
380,29927,0.018143823
381,101416,0.0006647029
382,94024,5.482806e-07
383,72374,3.4112495e-09
384,72292,1.3027238e-12
385,56177,0.048092566
386,9135,0.0017002779
387,78647,2.456596e-12
388,59323,0.031558465
389,79453,0.0007400047
390,11380,0.0032853102
391,45280,0.018125536
392,24095,1.6790387e-14
393,90252,0.027684728
394,101354,8.3789414e-10
395,39613,0.00040723698
396,56024,0.06433432
397,29067,0.02718392
398,72766,0.030890098
399,91040,0.02897164
400,102100,0.009558456
401,91937,0.00010576498
402,33126,0.010311361
403,43785,3.6225684e-12
404,23703,0.009567516
405,3837,0.04516103
406,7726,0.017496446
407,9364,0.04516103
408,111757,1.8574035e-05
409,9181,5.068465e-07
410,87618,2.1600954e-09
411,76250,2.4304028e-09
412,36068,0.006883253
413,46893,0.009601473
414,114571,0.00012538736
415,38291,1.7559452e-06
416,67623,0.00013489742
417,101068,0.004193053
418,85744,1.8059315e-10
419,53069,0.004193047
420,80582,1.9561894e-05
421,50799,0.009159205
422,112728,0.02154969
423,102871,7.995964e-07
424,20702,1.2227155e-12
425,50019,0.054374717
426,114385,0.018143823
427,88270,0.0052007926
428,87238,0.00013667603
429,80143,0.00011632451
430,71196,0.0007400047
431,57365,7.286733e-05
432,95054,0.019548833
433,74508,0.0006647029
434,61161,2.5714406e-10
435,26538,0.00045608997
436,56029,0.032136623
437,31570,5.5558746e-10
438,106217,5.757395e-10
439,12642,1.1598475e-08
440,112036,0.032177687
441,34514,0.009159205
442,93450,1.3723569e-06
443,38545,0.06433432
444,107432,0.0011136024
445,3722,1.3290206e-06
446,57759,0.059979018
447,82794,3.2475518e-09
448,64296,1.5016004e-09
449,7803,0.0036080985
450,45852,0.06445305
451,19727,0.24580425
452,101122,7.903251e-11
453,59991,0.11003851
454,15276,1.8341275e-12
455,21190,2.5322477e-08
456,57751,2.3303922e-08
457,48048,0.028976
458,14201,6.884015e-17
459,104452,0.018143823
460,61560,0.0012398196
461,13655,6.61988e-12
462,111774,0.001008452
463,29079,0.052082203
464,32527,0.006883253
465,112644,2.2642008e-09
466,89335,0.00041128387
467,106410,0.024748232
468,88697,0.031146465
469,68809,9.363182e-07
470,19408,0.0010663307
471,278,2.89027e-05
472,111383,1.6827048e-12
473,67563,4.723744e-06
474,112976,0.003264534
475,102347,0.03362903
476,4923,0.010467954
477,92434,2.9543518e-10
478,49135,2.329322e-05
479,24611,1.3356072e-09
480,104534,6.3775034e-09
481,67830,0.010311361
482,112269,2.0004113e-07
483,72199,1.9561894e-05
484,93470,5.92243e-05
485,92290,0.032136623
486,62790,3.5289178e-09
487,29962,0.009558456
488,43340,0.20597227
489,95912,0.00014671683
490,2054,0.0068870047
491,105031,0.0042148116
492,82647,0.0002778415
493,4104,0.0006007668
494,32165,0.009892122
495,3485,0.39854077
496,53150,9.193888e-10
497,55810,4.7072793e-12
498,96529,0.0026451752
499,61429,1.1581583e-12
500,82759,0.008133005
501,98261,3.0947967e-06
502,73851,1.9793273e-05
503,96701,3.788525e-07
504,108510,7.434244e-13
505,4513,1.628758e-07
506,7989,0.0005766112
507,52209,0.0001528702
508,51706,0.0028958032
509,75132,0.0022938333
510,88174,2.9322849e-09
511,70443,0.027994813
512,79727,9.807219e-06
513,75815,0.044862695
514,109976,0.0007412293
515,40198,0.61361974
516,56110,0.048092566
517,105614,0.00075830315
518,51330,3.9367572e-07
519,89294,0.0007400047
520,29257,2.4594053e-07
521,100033,0.0019673521
522,67397,5.97517e-08
523,105967,0.0011293961
524,38882,0.027271394
525,63066,0.0010103625
526,99436,0.055277847
527,75724,0.01844304
528,79512,1.3078862e-10
529,22706,7.709092e-15
530,2749,6.8782574e-06
531,31627,0.0042110747
532,40317,3.00956e-10
533,47068,0.008979334
534,112718,3.6494268e-05
535,48713,0.0009716983
536,39577,0.0072275545
537,65495,2.4229957e-10
538,14485,2.43283e-07
539,56594,2.0836911e-05
540,62322,0.05926452
541,69218,0.0019297089
542,50698,2.9769212e-10
543,105068,0.00013489742
544,64397,5.8047696e-08
545,92772,0.018134167
546,74760,2.632378e-08
547,58341,3.216662e-12
548,92893,0.05452379
549,50706,0.004193047
550,3254,0.009085741
551,87809,0.05926452
552,105595,1.923583e-12
553,108347,0.024748232
554,11053,5.5244524e-05
555,50097,2.1818467e-09
556,86132,1.8515712e-13
557,36263,0.00037149573
558,95855,1.0682417e-10
559,83201,4.98299e-10
560,18947,0.0036191498
561,15456,0.0009363337
562,102205,0.0006657896
563,37779,1.4391842e-08
564,46785,0.0017448065
565,76488,3.0139557e-13
566,102027,0.009609334
567,8838,4.5807846e-10
568,55321,1.2495688e-09
569,32597,0.058946833
570,11647,5.622561e-07
571,15613,0.11335018
572,80527,0.009159205
573,23335,0.018107578
574,77863,0.01763777
575,19824,2.7257614e-09
576,38893,9.968833e-06
577,34168,0.009558456
578,44081,0.009169346
579,59661,0.0017309716
580,10466,0.0017002779
581,96815,1.1617252e-15
582,44377,0.009558456
583,100864,0.009611095
584,94430,0.009558456
585,87742,1.5709954e-08
586,65674,1.1846237e-09
587,104512,0.0009923768
588,24492,0.0003453031
589,49739,9.968833e-06
590,80417,0.0007400047
591,99334,0.00909884
592,112122,0.0007412293
593,101283,1.9561894e-05
594,21677,0.0091682235
595,95083,0.0006647029
596,106571,2.2275926e-05
597,90303,0.06526349
598,9299,1.526886e-05
599,6426,9.164139e-06
600,94693,1.43519845e-08
601,63857,2.3112349e-05
602,88880,0.03426602
603,1883,1.08844425e-07
604,84356,0.0007400047
605,61747,0.003944993
606,41443,0.0077906027
607,12360,1.3825399e-09
608,78005,3.183076e-08
609,94849,9.8406e-06
610,22284,0.009601473
611,29215,5.4038185e-10
612,82606,0.018107578
613,104103,0.0006647029
614,36447,0.01763777
615,41050,2.566855e-13
616,9949,1.8204377e-08
617,45600,6.877457e-07
618,73479,2.4218e-07
619,46979,0.009159205
620,41784,6.9301545e-06
621,90034,0.05946976
622,19768,1.5793386e-08
623,20081,0.05588981
624,63156,1.788687e-15
625,50526,7.6556166e-13
626,33958,4.4180988e-09
627,14261,2.4261174e-10
628,35991,0.00061638444
629,51997,0.08251212
630,79806,1.457512e-17
631,95620,0.004010236
632,34320,0.16751377
633,21679,1.8259252e-06
634,103104,0.04805257
635,68491,0.031018341
636,79707,0.04805257
637,83363,2.573688e-10
638,45483,0.010152991
639,31264,0.0042110747
640,37724,9.276851e-07
641,93250,0.010311361
642,103271,0.0006647029
643,64938,9.8406e-06
644,533,6.3774216e-08
645,67037,0.0014888049
646,93473,0.06334803
647,31665,0.0991361
648,102196,0.001488875
649,45224,0.010311361
650,83765,3.6142015e-07
651,101763,1.9561894e-05
652,42042,0.000509919
653,67828,0.056627505
654,59157,0.019502632
655,99616,0.05946976
656,375,6.3749853e-06
657,69416,2.2352323e-07
658,63999,1.7027379e-16
659,78883,0.0023467834
660,31772,1.743306e-05
661,67449,0.10547876
662,48837,0.009558456
663,37881,0.0991361
664,105357,8.307664e-14
665,57189,0.024478596
666,98878,0.0077906027
667,98940,0.0688517
668,15375,3.0616033e-05
669,99199,8.276121e-08
670,57281,4.0118432e-13
671,109732,2.9717473e-10
672,13354,2.4261174e-10
673,72902,1.9561894e-05
674,113479,1.1428253e-06
675,58274,0.08662097
676,104509,0.0019673521
677,44498,0.009601473
678,39696,0.028905047
679,21928,2.20639e-10
680,47299,0.009601473
681,112470,0.059533693
682,84809,0.00024887492
683,34971,0.0077906027
684,9567,2.8029033e-06
685,58474,2.227576e-09
686,34696,0.00067582063
687,33177,4.129355e-07
688,30371,9.904291e-06
689,111751,0.0011293961
690,58321,1.6647484e-05
691,14148,0.00641176
692,15809,0.00067582063
693,65457,0.0026451752
694,111372,0.059533693
695,36594,0.0009799172
696,102912,0.0007400047
697,52753,0.00011718232
698,65752,6.621626e-11
699,115710,0.024748232
700,23591,0.0042110747
701,17983,1.5836567e-10
702,45798,8.910579e-10
703,106725,0.003385089
704,66451,0.07760984
705,107430,0.0009923768
706,4661,1.492474e-05
707,10387,6.0173835e-07
708,78369,1.5709954e-08
709,16948,3.5339957e-13
710,17737,8.749149e-08
711,21807,2.2255375e-09
712,111914,0.0026269308
713,106711,2.983885e-06
714,54179,0.0057472317
715,2255,1.3858492e-07
716,102888,0.009159205
717,70070,0.0043609967
718,13371,0.00017896295
719,15328,1.87701e-16
720,5326,0.0044668126
721,98753,4.3943106e-05
722,15979,3.931491e-11
723,69201,0.0033140113
724,68233,0.009609334
725,43903,0.0042110747
726,61446,0.026707362
727,107870,1.0363689e-18
728,64151,6.36882e-14
729,39190,0.0040224534
730,60485,0.05926452
731,61360,0.0007400047
732,92658,0.0010103625
733,90645,0.009170086
734,84042,2.887028e-09
735,99935,0.019548833
736,29513,0.018143823
737,34249,4.115151e-07
738,10336,0.008955581
739,16350,8.6875715e-12
740,56866,0.0023286652
741,37369,6.3697255e-05
742,16662,2.5290591e-14
743,1938,1.7585918e-09
744,12555,0.06433432
745,99851,3.4238415e-10
746,90916,0.018917745
747,75043,0.004193053
748,65278,0.0026451752
749,42076,0.0069047827
750,91286,4.1361286e-06
751,76276,1.9873337e-12
752,73158,0.06433432
753,92448,4.292971e-09
754,74964,1.9962938e-10
755,55257,1.1014929e-07
756,108498,0.05452379
757,9208,0.00070688233
758,56508,0.0002778415
759,72341,0.009609334
760,65967,9.829541e-06
761,31113,2.6765004e-08
762,93318,1.2714351e-12
763,22480,0.0004845081
764,75752,3.617635e-14
765,16697,0.018107578
766,26579,1.2793535e-08
767,6534,0.06455465
768,56725,0.00084267557
769,72510,7.778152e-06
770,22674,7.130258e-05
771,57898,2.8518193e-10
772,90026,4.1383512e-07
773,88601,0.001260472
774,8652,0.08608767
775,7408,0.0018050314
776,34244,5.6208077e-10
777,89968,2.665121e-06
778,100214,0.0010097303
779,2891,6.1131935e-08
780,12559,7.2036483e-09
781,49025,0.0013471787
782,33870,5.6208077e-10
783,69606,0.009609334
784,57042,0.0040224534
785,114064,0.018143823
786,728,4.7508865e-06
787,71654,2.2757132e-09
788,47027,0.009169346
789,41250,1.1257928e-09
790,1630,0.0010028712
791,55361,0.009558456
792,63639,5.801804e-06
793,115273,5.3988277e-08
794,43430,0.0056132367
795,111233,1.1640531e-13
796,93160,0.040398903
797,27887,0.06445305
798,21843,0.009601473
799,79166,0.00031733298
800,98456,2.2184059e-08
801,19852,2.9926894e-11
802,16831,1.154951e-08
803,103336,0.059533693
804,100769,1.7136497e-08
805,46063,0.009601473
806,34534,6.352631e-08
807,115948,8.8617054e-07
808,87782,0.032136623
809,87652,0.0010103625
810,26365,0.031180395
811,100684,2.0019545e-08
812,14358,1.2873196e-10
813,18797,0.010111938
814,76235,0.0077906027
815,18255,3.437663e-09
816,34981,5.952075e-05
817,885,0.0007589474
818,39133,1.11044224e-13
819,22504,9.811258e-07
820,57135,0.07536306
821,96741,0.009170086
822,35895,0.060822796
823,15442,0.0009935285
824,28839,2.4594053e-07
825,90862,1.9060181e-10
826,57101,2.227576e-09
827,20459,2.5423585e-06
828,106982,0.032865044
829,89803,0.0010103625
830,75674,1.0803359e-12
831,103938,0.0007254407
832,26549,0.0015616057
833,51210,0.00084267557
834,22082,1.9335027e-07
835,99316,0.05946976
836,37683,0.00020439777
837,102322,0.027887167
838,12356,0.00047427235
839,2765,0.009085741
840,74343,8.438241e-12
841,113233,5.921839e-07
842,66575,1.1389628e-06
843,85051,0.009609334
844,64211,1.7110266e-05
845,106908,0.004052996
846,91261,0.0046927584
847,63342,3.877567e-14
848,10069,3.7871298e-05
849,73421,0.0053932318
850,69688,0.015285397
851,1916,8.033746e-06
852,60627,9.8406e-06
853,65061,2.3273663e-09
854,98762,0.000260735
855,110721,0.026707362
856,71075,0.0688517
857,36583,1.6799157e-07
858,37828,1.3663488e-10
859,31886,0.0003453031
860,50401,0.054374717
861,95231,0.019548833
862,72370,2.0899422e-06
863,81888,0.04562465
864,91872,0.0007400047
865,69257,0.05926452
866,85541,0.0069063785
867,110988,0.004563765
868,29389,0.005943573
869,73105,2.9322849e-09
870,60871,4.2987802e-05
871,85124,3.9420287e-05
872,66055,6.621626e-11
873,79308,0.010167009
874,69138,0.07983019
875,43470,0.06445305
876,22682,9.400722e-13
877,71908,0.031303167
878,112624,0.059533693
879,86645,1.2454476e-09
880,79794,4.8007444e-12
881,93410,0.0007907776
882,18488,0.0095750205
883,87727,0.002641423
884,24604,1.01508245e-13
885,858,2.296521e-09
886,40474,5.0705535e-07
887,102567,6.803275e-05
888,26475,1.7007508e-06
889,39434,0.0013462038
890,4280,0.032525297
891,4363,0.027112849
892,75693,1.9561894e-05
893,37366,0.0008616289
894,45766,5.565799e-11
895,95063,0.032150183
896,53878,0.0006647029
897,5385,0.025702558
898,13919,0.002982897
899,8778,8.3489874e-07
900,43603,0.06445305
901,36953,0.005133042
902,114804,0.02335275
903,7047,0.0039733527
904,113578,1.3006998e-07
905,61299,0.0042110747
906,69762,5.0121816e-06
907,34228,0.002694702
908,97227,2.3146456e-06
909,75009,0.031449392
910,32689,0.02718392
911,114483,0.027070584
912,9028,4.0906957e-07
913,72784,0.02718392
914,43102,2.1704453e-16
915,17174,7.535774e-10
916,108850,0.00017547482
917,93274,0.00073439575
918,111350,1.9561894e-05
919,101529,0.0011293961
920,36379,9.786599e-14
921,33392,0.009558456
922,114841,0.010320635
923,78860,0.002692252
924,111563,9.59462e-06
925,54796,8.86698e-05
926,64079,1.5447843e-09
927,6668,0.00025146955
928,22115,3.2431845e-15
929,11711,0.010467954
930,107304,1.6707179e-09
931,30788,1.0203592e-08
932,100674,3.2913013e-05
933,57164,0.025070598
934,91601,1.04092e-09
935,93919,7.788685e-05
936,53392,1.3012092e-08
937,110586,0.001036643
938,7210,0.002459462
939,5815,6.313699e-08
940,19593,0.00037749737
941,64384,0.0009905635
942,110494,6.7556284e-05
943,55333,0.08234013
944,103234,0.063593924
945,88602,0.018917745
946,58152,0.00024887492
947,35486,1.977663e-10
948,106966,0.088789076
949,28743,0.004318842
950,92010,4.3990945e-06
951,68967,1.1385944e-05
952,114683,3.769465e-11
953,55680,1.3012092e-08
954,111861,6.3775034e-09
955,110932,0.00941246
956,354,0.054374717
957,39998,5.230737e-08
958,19200,0.008979334
959,76143,0.0026416038
960,1617,2.9340763e-05
961,45206,1.0688954e-11
962,74375,0.0069063785
963,28730,0.14404759
964,51172,0.031167235
965,113597,0.0021425732
966,40816,0.0006946361
967,108785,0.0060857222
968,92298,0.0053932318
969,6549,3.4478298e-08
970,91511,0.00072222145
971,93581,5.795468e-15
972,9051,0.21436183
973,62544,0.032136623
974,64378,0.0047364547
975,48466,8.407016e-11
976,84038,0.048092566
977,39096,2.4221023e-05
978,111852,0.0023361093
979,12418,0.0051822932
980,96796,7.0846136e-07
981,40636,0.004676806
982,48293,0.05926452
983,4943,0.021736553
984,94920,1.273596e-11
985,54345,0.0020660777
986,109443,2.712956e-12
987,23715,0.010467954
988,37474,0.023214001
989,104222,0.007900154
990,64986,0.0014888049
991,115836,1.3709677e-06
992,52932,0.00015994912
993,99150,0.0006742901
994,51139,0.009558456
995,26034,0.0042110747
996,25497,0.0009799172
997,53976,0.017254384
998,85045,1.3190366e-06
999,63763,0.00017374133
1000,73927,0.027917715
1001,78763,0.11096153
1002,40524,0.00020963047
1003,60080,3.4112495e-09
1004,38018,0.00017287674
1005,37104,0.00091074186
1006,66782,3.1728682e-08
1007,95262,4.895498e-05
1008,62423,1.3829817e-11
1009,99900,0.056533176
1010,66071,1.5016004e-09
1011,68684,0.0006454911
1012,63647,9.8406e-06
1013,102818,0.0031377638
1014,77240,0.00266249
1015,12171,0.00013526439
1016,11744,8.755075e-12
1017,65812,1.9577496e-05
1018,79056,4.544677e-10
1019,66526,9.721908e-07
1020,113751,2.6155299e-17
1021,56106,5.9785923e-15
1022,39448,0.032397907
1023,4372,0.010467954
1024,78001,0.00084267557
1025,32123,4.672523e-10
1026,73152,0.0070868284
1027,34136,0.06433432
1028,61539,0.0026451752
1029,36696,0.019502632
1030,45526,0.009601473
1031,56,0.01046717
1032,20686,1.1967163e-05
1033,21765,0.00017287674
1034,99170,0.027316395
1035,64623,9.8406e-06
1036,109437,0.032860268
1037,79064,0.06334803
1038,100984,3.3722138e-13
1039,28997,0.0042110747
1040,101693,0.0011293961
1041,104025,0.0019829555
1042,17388,0.0026217476
1043,100747,0.0058318716
1044,110907,1.0322888e-07
1045,80508,0.028931597
1046,14628,2.5574086e-06
1047,44227,6.461743e-13
1048,16513,0.010111938
1049,51743,2.1818467e-09
1050,64927,0.0043916465
1051,102125,5.563329e-10
1052,98729,2.1513033e-10
1053,32824,1.8156098e-09
1054,67448,0.0038918324
1055,41982,2.3761049e-09
1056,104531,2.8503482e-08
1057,84893,3.4119456e-09
1058,27235,1.9100969e-11
1059,63674,1.3612292e-06
1060,101362,3.5480043e-09
1061,72224,0.026707362
1062,89172,0.05926452
1063,64679,7.859586e-10
1064,106421,0.024748232
1065,38230,1.0384691e-09
1066,99629,0.003927828
1067,90571,1.0209728e-07
1068,92202,0.018370343
1069,98812,2.9322849e-09
1070,2886,1.4846733e-05
1071,4475,2.1710587e-08
1072,72438,0.009609334
1073,46830,0.002814115
1074,11309,5.622561e-07
1075,60096,0.0010103625
1076,76773,5.973851e-11
1077,47830,2.4064275e-07
1078,107459,0.019548833
1079,111236,2.9134574e-06
1080,102154,0.054374717
1081,65859,6.880481e-14
1082,20280,0.00037149573
1083,93545,0.05926452
1084,113800,3.539129e-07
1085,40355,8.351056e-06
1086,78950,0.03426602
1087,79619,0.06451
1088,47530,0.009169346
1089,81065,0.009174467
1090,94171,0.07011593
1091,31247,0.0042110747
1092,55209,2.301017e-11
1093,19954,5.1171567e-11
1094,19819,0.010449223
1095,87990,0.004085512
1096,30269,0.018143823
1097,41171,1.7506142e-12
1098,71168,0.07983019
1099,9658,1.16332185e-05
1100,40734,6.8150686e-11
1101,32263,0.064573884
1102,1616,1.1911622e-05
1103,42637,0.065604225
1104,74937,0.111531295
1105,27883,1.9680901e-05
1106,55033,0.006883253
1107,85715,0.0028958032
1108,85586,0.0015616057
1109,60693,0.028905047
1110,22213,5.8109517e-06
1111,11864,0.027112849
1112,53100,0.009558456
1113,73228,0.00013489742
1114,1925,0.009085741
1115,21479,6.9301545e-06
1116,22312,2.4594053e-07
1117,4507,0.0101294415
1118,43922,2.2943973e-09
1119,95504,0.0009905635
1120,42621,2.4594053e-07
1121,72500,0.019502632
1122,107281,9.744012e-06
1123,28987,0.00020545091
1124,101461,2.2734268e-09
1125,113804,1.7484352e-12
1126,7724,0.023169983
1127,47947,0.019502632
1128,76811,3.6337934e-12
1129,45423,4.035595e-10
1130,45359,4.130757e-07
1131,28778,0.0030991253
1132,60952,0.00013526439
1133,101849,0.0077906027
1134,16514,0.0095750205
1135,98234,0.0010182443
1136,71740,0.088342346
1137,59947,1.7910652e-09
1138,27786,0.031513087
1139,13035,0.08239772
1140,114671,0.0041764216
1141,9837,2.9971186e-05
1142,28881,0.28326577
1143,58143,0.0028958032
1144,34,2.6777315e-07
1145,107355,0.009611095
1146,31607,1.743306e-05
1147,57851,3.4112495e-09
1148,15377,0.018300813
1149,114384,0.06835419
1150,49200,0.0287143
1151,54311,7.68944e-12
1152,43165,0.009601473
1153,108889,8.0235525e-13
1154,3483,0.104424424
1155,81811,2.1122742e-06
1156,83437,1.9421379e-12
1157,85147,0.04562465
1158,44221,9.4530056e-14
1159,17742,2.356437e-05
1160,95774,0.008979334
1161,105010,0.024748232
1162,61835,0.0042110747
1163,64746,5.9166055e-06
1164,100840,0.027684728
1165,9885,0.03460654
1166,6167,0.027112849
1167,57636,5.7822493e-08
1168,28662,0.004020566
1169,40488,2.0405561e-05
1170,74414,2.887028e-09
1171,4376,0.0010253326
1172,15554,2.3385427e-10
1173,73550,0.009159205
1174,69666,1.355368e-12
1175,115701,3.371381e-07
1176,59627,0.0009905635
1177,106212,3.539129e-07
1178,32771,6.2159056e-09
1179,69075,0.031641856
1180,59036,5.772594e-09
1181,29176,0.009558456
1182,113306,9.310955e-06
1183,107175,0.027316395
1184,101901,0.047967356
1185,59467,0.009159205
1186,38473,0.009601473
1187,10377,1.001438e-06
1188,106110,0.004052996
1189,41331,0.009169346
1190,87936,5.999658e-11
1191,60400,0.00024887492
1192,78124,0.0009799172
1193,33217,0.009159205
1194,12427,0.00034788036
1195,70075,2.2262293e-13
1196,63249,0.0095750205
1197,108599,3.6307384e-08
1198,75415,2.1056671e-06
1199,101168,0.0009905635
1200,32392,0.022316055
1201,19637,9.673226e-18
1202,102708,9.101976e-09
1203,114611,5.966449e-11
1204,85287,2.9322849e-09
1205,45764,8.609395e-05
1206,181,0.00016008859
1207,78327,0.021735985
1208,80244,0.054945264
1209,78021,0.009159205
1210,32878,0.1258617
1211,20175,0.03108126
1212,48863,0.008979334
1213,111485,0.023273004
1214,108217,0.0014891593
1215,107648,0.018143823
1216,97857,0.0038918324
1217,11504,2.0626747e-05
1218,90089,0.060112506
1219,39604,0.009601473
1220,84807,0.028931597
1221,106625,0.02897164
1222,6456,0.00019626891
1223,22968,3.0557365e-13
1224,92475,1.1184692e-12
1225,93927,0.02576682
1226,27566,0.0077906027
1227,78996,0.001267699
1228,32560,0.0042110747
1229,49832,0.0022512635
1230,62046,1.4328618e-09
1231,109154,0.009611095
1232,86551,0.004607776
1233,16617,0.04562465
1234,21015,1.487324e-07
1235,89597,0.0022099128
1236,11084,8.3489874e-07
1237,40579,0.0003714814
1238,74513,6.121121e-10
1239,17247,1.8840567e-10
1240,32201,0.009159205
1241,6719,0.0014277677
1242,7939,0.03252788
1243,55465,1.8975562e-07
1244,98033,0.00020140917
1245,71987,0.00045373946
1246,59034,9.968833e-06
1247,54016,0.009558456
1248,40253,0.014260509
1249,61684,0.0006647029
1250,38881,0.009306214
1251,99388,0.0011293961
1252,74963,5.6069364e-08
1253,114861,1.7052889e-09
1254,32967,2.3769166e-05
1255,51427,1.2357742e-07
1256,40277,0.003110614
1257,71827,0.0077906027
1258,90220,0.0134254685
1259,8951,1.7012455e-06
1260,60385,0.032136623
1261,62776,0.0091682235
1262,53996,0.0019829555
1263,32446,0.00030180954
1264,31365,0.0009799172
1265,2476,0.0004931502
1266,66190,9.829541e-06
1267,65475,4.8370515e-15
1268,284,0.00688787
1269,103193,5.8391854e-11
1270,96326,0.0014863982
1271,35520,0.004713951
1272,60476,0.0010103625
1273,104790,0.009611095
1274,38251,4.372352e-09
1275,7164,9.334196e-11
1276,112414,0.059533693
1277,25207,1.8369848e-06
1278,102156,0.0069063785
1279,57237,0.0072275545
1280,59244,0.003156181
1281,53411,3.4249754e-07
1282,18093,1.4969605e-11
1283,16971,0.0688517
1284,46013,3.1775963e-07
1285,40727,2.0405561e-05
1286,29424,0.054374717
1287,36140,0.00829747
1288,66114,8.252071e-11
1289,114970,4.0674956e-07
1290,89907,0.0005684963
1291,58803,0.007639094
1292,110153,0.0011369371
1293,105739,0.000109130284
1294,95655,0.04805257
1295,8167,3.0309124e-07
1296,92330,0.0006647029
1297,111895,0.02897164
1298,92323,0.0042148116
1299,6045,0.0043253656
1300,78568,0.009558456
1301,75350,0.02718392
1302,24386,1.3356072e-09
1303,42967,0.00020363928
1304,94790,0.018134167
1305,3391,0.0016911315
1306,96097,0.009611095
1307,48473,0.102882765
1308,3832,0.005794769
1309,97505,0.00941246
1310,26460,0.0022512635
1311,65091,1.9577496e-05
1312,69346,2.1847854e-10
1313,97281,0.059353366
1314,72344,0.004193053
1315,9382,0.001051407
1316,65977,1.4819035e-08
1317,26854,4.4072785e-06
1318,10622,0.028456591
1319,23393,7.4857637e-10
1320,6607,0.0036080985
1321,22903,2.2325781e-09
1322,96644,0.0038918324
1323,35836,1.977663e-10
1324,98743,0.009611095
1325,91116,2.227576e-09
1326,94529,0.055277847
1327,114616,4.222041e-12
1328,98303,2.387499e-16
1329,72496,3.5164489e-12
1330,18843,6.4254136e-13
1331,43354,0.0013471787
1332,90002,7.286733e-05
1333,58219,1.9561894e-05
1334,74614,0.031449392
1335,15354,2.0457508e-05
1336,103943,0.08087044
1337,88119,3.238746e-11
1338,52250,0.5567915
1339,33355,0.21090065
1340,42025,4.2436866e-08
1341,92576,0.050105408
1342,31699,0.009159205
1343,57444,5.993484e-14
1344,37040,0.028905047
1345,85224,0.009170086
1346,12778,6.4091343e-13
1347,72732,0.00266249
1348,32704,0.010252689
1349,41160,0.0042110747
1350,83491,2.0155694e-06
1351,100278,0.009611095
1352,82218,0.0023459184
1353,109638,0.02426992
1354,38079,0.009169346
1355,94249,0.05926452
1356,49308,3.4170482e-11
1357,70011,2.6674654e-11
1358,30364,0.0020392071
1359,12784,9.133797e-10
1360,65998,1.0184948e-11
1361,58695,0.0012733163
1362,40463,0.0006946361
1363,12606,1.8588348e-14
1364,56419,4.822179e-17
1365,12869,4.6403587e-05
1366,1087,1.632914e-05
1367,104251,0.0077906027
1368,26286,0.018525936
1369,113612,0.021550737
1370,101828,5.0913482e-11
1371,28409,1.7386605e-09
1372,99684,0.00021192232
1373,77835,0.0015586636
1374,49570,0.00041128387
1375,98088,0.001726012
1376,65384,4.8514734e-12
1377,59876,0.027308173
1378,58832,0.00037149573
1379,108940,0.050217867
1380,1066,0.001916096
1381,121,1.6023043e-12
1382,97401,0.04974522
1383,88148,0.0010017033
1384,39420,1.3526686e-05
1385,30010,0.009558456
1386,100467,0.00011627305
1387,13659,0.009161325
1388,33096,0.0040224534
1389,113716,0.007061
1390,59006,0.00033153896
1391,18719,2.1986195e-09
1392,96988,0.004607776
1393,24228,0.0218647
1394,101059,3.5797996e-06
1395,53500,0.009558456
1396,107285,0.0026269308
1397,39675,3.4170482e-11
1398,17491,0.0095750205
1399,68433,0.0038918324
1400,65906,0.0026451752
1401,84677,1.6447537e-12
1402,72191,0.004116663
1403,85111,0.023318995
1404,39501,0.00017287674
1405,56841,0.0023467834
1406,22280,7.0424716e-07
1407,4566,0.027112849
1408,58637,0.011915572
1409,34847,0.0012398196
1410,35298,0.20597227
1411,33590,0.0056853113
1412,48731,5.403292e-10
1413,77005,0.016967166
1414,17692,0.04562465
1415,66240,1.8458957e-05
1416,101117,3.390364e-12
1417,98959,4.1761868e-13
1418,10225,2.7024027e-10
1419,106890,5.340526e-10
1420,71355,0.004193053
1421,22768,6.9332096e-08
1422,79593,0.002982897
1423,109335,2.2275926e-05
1424,115302,1.291458e-11
1425,80722,0.002740436
1426,39029,5.2008454e-06
1427,40672,5.614286e-09
1428,60254,4.2209525e-09
1429,71424,1.9561894e-05
1430,89849,9.918866e-06
1431,80933,0.01954178
1432,58150,0.007213677
1433,20808,7.67301e-06
1434,68166,5.7960517e-07
1435,75995,1.4725186e-15
1436,114856,0.009558456
1437,86892,0.009609334
1438,10028,1.3227526e-06
1439,3137,0.0071619675
1440,47892,0.00024887492
1441,76113,1.7622557e-12
1442,112597,0.00018441686
1443,44291,3.4170482e-11
1444,34448,0.0688517
1445,75208,1.9793273e-05
1446,8590,1.09171e-12
1447,78234,6.800324e-05
1448,32396,0.0040224534
1449,8156,2.680082e-06
1450,43528,1.2495688e-09
1451,19802,2.3177697e-10
1452,3057,0.0032814324
1453,56703,0.009558456
1454,8569,0.0014277677
1455,55656,4.350558e-12
1456,40236,2.0102703e-05
1457,59297,2.2275926e-05
1458,13578,2.0821858e-10
1459,56020,0.005194104
1460,11127,1.4116893e-05
1461,86320,5.831884e-11
1462,17966,2.405664e-09
1463,51337,1.5022592e-07
1464,4313,6.339818e-07
1465,45021,0.027271394
1466,83472,2.0700624e-12
1467,40048,1.3941138e-05
1468,97214,8.890056e-10
1469,7243,0.00012670658
1470,51745,0.0048444965
1471,101904,8.890056e-10
1472,56297,0.05926452
1473,115947,1.226133e-07
1474,46011,1.641507e-08
1475,20786,2.7927047e-10
1476,112547,0.059533693
1477,52872,0.00048040142
1478,19187,6.9301545e-06
1479,74605,0.0020953673
1480,33960,0.0022512635
1481,40566,0.21696468
1482,59117,0.009558456
1483,102697,1.5430922e-07
1484,83607,0.00023243937
1485,106644,7.056911e-05
1486,66001,4.5696384e-11
1487,28655,1.3329128e-08
1488,61723,1.5771012e-09
1489,14741,7.634534e-07
1490,88008,0.018134167
1491,31747,4.4575492e-07
1492,10436,0.026641795
1493,7713,1.098198e-05
1494,74178,7.532035e-11
1495,27381,2.1553201e-10
1496,108552,0.010317226
1497,103653,0.024748232
1498,39144,2.4221023e-05
1499,22773,1.9891607e-07
1500,98322,1.3636577e-06
1501,90041,0.06451
1502,93887,0.0042148116
1503,2202,3.354751e-07
1504,15219,2.0457508e-05
1505,83899,0.0012028717
1506,5286,5.5244524e-05
1507,58351,0.018107578
1508,39048,3.583357e-08
1509,48696,1.0237271e-09
1510,13551,0.0048444965
1511,112522,7.1087214e-08
1512,35156,7.316709e-10
1513,37757,1.7051693e-08
1514,82016,1.0859619e-15
1515,101816,2.55697e-09
1516,1792,9.774446e-08
1517,38658,7.140807e-08
1518,21607,1.9750176e-13
1519,11888,4.2937472e-07
1520,6071,0.0036080985
1521,35184,0.0077906027
1522,99532,2.357803e-06
1523,4516,0.0007031608
1524,6642,1.8463107e-08
1525,70177,0.06482158
1526,14696,1.8359553e-05
1527,44332,2.472074e-12
1528,107112,9.744012e-06
1529,75930,0.0026416038
1530,48545,0.00037149573
1531,31819,2.883198e-09
1532,86502,9.0124995e-06
1533,14908,9.475937e-09
1534,10325,0.00020436305
1535,59655,0.023273004
1536,42023,1.8634176e-14
1537,32604,3.2316322e-05
1538,112319,0.0028741907
1539,109855,0.0037694138
1540,98150,1.3865592e-09
1541,22546,8.783356e-07
1542,13856,0.019502632
1543,33693,3.7217771e-06
1544,34576,0.00012767575
1545,52813,0.0038918324
1546,33012,0.018143823
1547,113354,0.0006647029
1548,22836,4.3049263e-06
1549,5207,0.04516103
1550,65748,9.829541e-06
1551,74478,0.00012745256
1552,66337,8.853263e-15
1553,75300,1.2665079e-11
1554,41751,0.00022303304
1555,96248,0.05926452
1556,3884,1.5464012e-06
1557,70218,0.054374717
1558,85675,0.018107578
1559,32676,1.873314e-10
1560,2794,3.6510133e-07
1561,90622,5.973851e-11
1562,109306,0.059607558
1563,105296,0.00046791197
1564,52648,0.28326577
1565,71675,0.010311361
1566,113497,0.029035993
1567,8609,0.00042377808
1568,75044,6.875995e-10
1569,13204,1.0179289e-09
1570,94399,0.00018016814
1571,56692,1.3356072e-09
1572,4792,3.0483561e-05
1573,69771,2.0800051e-07
1574,31656,5.572469e-05
1575,21348,0.0003221182
1576,32642,1.3147977e-07
1577,12222,1.2156713e-09
1578,18462,0.001267699
1579,29050,5.772594e-09
1580,45895,0.009601473
1581,90338,0.05926452
1582,88369,0.0006647029
1583,94707,0.00012671818
1584,44256,0.009601473
1585,12767,4.4491912e-07
1586,56439,0.048092566
1587,26262,0.00012767575
1588,56607,0.054945264
1589,5056,3.2537213e-05
1590,82953,0.00016370678
1591,34347,0.0014862727
1592,52605,0.004193047
1593,6278,0.0036080985
1594,35241,0.030310262
1595,33491,1.170305e-12
1596,7112,0.001612474
1597,63497,0.0012669662
1598,108973,2.8977305e-09
1599,69734,0.008979334
1600,56574,5.4788384e-08
1601,112694,1.584232e-12
1602,93525,2.171745e-09
1603,56150,0.00013526439
1604,113125,0.059533693
1605,14821,1.1698379e-05
1606,38923,2.0882825e-14
1607,10890,0.00013199943
1608,84019,0.0077906027
1609,91238,0.047967356
1610,527,2.6374591e-08
1611,66535,9.829541e-06
1612,41987,0.0040224534
1613,32323,0.031180395
1614,74485,0.0023459184
1615,72705,0.009159205
1616,14688,0.024478596
1617,107206,1.5034222e-14
1618,103148,0.0011136024
1619,62411,0.0059512216
1620,32140,2.1169631e-08
1621,98279,8.189627e-06
1622,69204,0.037284933
1623,98340,1.8109238e-05
1624,93528,0.04570172
1625,39847,0.0012368212
1626,79321,0.0072170203
1627,33714,0.006883253
1628,8185,0.004933561
1629,33287,2.2063236e-09
1630,71824,4.544059e-15
1631,110247,1.3410167e-12
1632,12700,0.00086410786
1633,70960,0.07508184
1634,39957,0.00014939245
1635,64404,5.9166055e-06
1636,29548,0.002176483
1637,67866,0.0006647029
1638,8942,6.610533e-05
1639,8793,0.01046717
1640,1984,1.8015318e-06
1641,54083,1.8471156e-06
1642,12403,0.009567516
1643,89358,0.06482158
1644,26051,5.4038185e-10
1645,113947,1.5752921e-12
1646,19534,1.1080816e-08
1647,8431,8.84235e-05
1648,80430,0.0006647029
1649,82380,0.0020064046
1650,85256,1.9561894e-05
1651,33280,0.07016115
1652,82210,1.9844285e-12
1653,28072,2.350502e-06
1654,102469,0.046888195
1655,107699,0.022287307
1656,57321,0.0012398196
1657,22349,0.007568096
1658,60153,0.05926452
1659,5061,4.087259e-05
1660,23387,0.009169346
1661,5517,0.050684255
1662,65283,2.071519e-09
1663,16901,2.401703e-06
1664,87962,0.0040165526
1665,9833,2.5690911e-11
1666,14035,1.0070718e-09
1667,84040,2.297853e-05
1668,42855,0.00987986
1669,81674,0.003156181
1670,18309,1.3313802e-06
1671,29220,0.027070584
1672,7715,2.3613633e-05
1673,5539,0.0037447906
1674,37552,6.2159056e-09
1675,52302,0.009159205
1676,68568,0.009609334
1677,38397,5.6057434e-05
1678,66331,5.075672e-10
1679,70190,1.9793273e-05
1680,97451,0.025259737
1681,83103,9.807219e-06
1682,36755,0.009601473
1683,107500,0.059533693
1684,41703,0.0009615326
1685,10429,4.3025206e-09
1686,104603,1.7595225e-05
1687,4449,0.03252788
1688,12725,2.0821858e-10
1689,57834,5.6208077e-10
1690,58780,2.632378e-08
1691,2133,0.027070584
1692,114796,9.567053e-12
1693,26855,0.00017287674
1694,21580,1.45323874e-11
1695,69987,0.031641856
1696,27241,6.877457e-07
1697,32805,0.054374717
1698,12942,0.13441801
1699,94222,0.009611095
1700,53274,1.3424435e-10
1701,58909,2.9322849e-09
1702,91989,0.050105408
1703,78903,0.0007400047
1704,63817,1.3612292e-06
1705,87824,1.9561894e-05
1706,66221,5.2456468e-05
1707,7958,0.00089933455
1708,16800,0.011466325
1709,11136,2.4003307e-07
1710,79486,0.0042148116
1711,21459,2.8652414e-05
1712,355,0.0025845168
1713,63777,0.0010763028
1714,38675,9.755644e-06
1715,91824,0.009609334
1716,70740,0.026707362
1717,2020,0.0001433871
1718,13667,0.00037149573
1719,72653,0.002814115
1720,106911,0.0036064067
1721,87485,0.04570172
1722,40724,0.0042110747
1723,52991,0.00013526439
1724,27590,4.1818778e-13
1725,16494,2.0019182e-10
1726,111847,7.783992e-10
1727,76855,0.009609334
1728,85458,0.06433432
1729,115911,0.059533693
1730,54354,0.054374717
1731,36635,0.06445305
1732,43654,2.386893e-06
1733,45006,0.0015616057
1734,43523,2.9988763e-12
1735,58853,0.032136623
1736,30509,3.2961862e-07
1737,14466,8.985645e-09
1738,107166,2.6726284e-12
1739,44103,5.0226986e-06
1740,98741,8.844315e-05
1741,102953,0.00031207356
1742,78272,0.0688517
1743,103495,3.4668552e-15
1744,35789,0.009558456
1745,96531,0.0042148116
1746,113386,9.310955e-06
1747,69839,0.04562465
1748,101149,9.8406e-06
1749,35988,0.0014862727
1750,99748,7.296814e-08
1751,64633,0.007568737
1752,86532,4.3696127e-06
1753,64094,0.0010050256
1754,114755,0.00041064332
1755,7168,0.0037447906
1756,90819,0.00047594728
1757,45718,0.026707362
1758,20429,0.018525936
1759,34947,0.009558456
1760,14928,1.7251556e-14
1761,10891,5.1072385e-07
1762,105920,0.010805872
1763,68527,3.0732017e-09
1764,95399,0.0053932318
1765,4292,0.28419405
1766,73850,0.0007738704
1767,80860,0.28326577
1768,70131,1.7027379e-16
1769,15511,1.4648824e-15
1770,33010,0.009558456
1771,45403,0.009169346
1772,46449,0.0018067206
1773,33663,0.018370343
1774,113527,9.575728e-15
1775,13964,5.386284e-07
1776,52993,0.019502632
1777,46923,0.0010539371
1778,23507,0.000509919
1779,86992,1.9561894e-05
1780,96366,2.9102274e-12
1781,17387,6.800274e-09
1782,90873,0.010167009
1783,105686,0.00024887492
1784,58073,0.00013526439
1785,81778,1.9561894e-05
1786,6472,0.00909721
1787,102875,0.009170086
1788,53876,0.015507207
1789,36387,0.0002058674
1790,25810,0.011915572
1791,44996,0.0022376422
1792,80050,1.789409e-13
1793,560,0.06455465
1794,102463,0.0028958032
1795,48204,0.117945015
1796,79421,1.1136414e-06
1797,25339,4.03631e-06
1798,54848,0.026707362
1799,23317,0.07171395
1800,74234,1.6447537e-12
1801,113327,0.05452379
1802,42063,3.4345105e-09
1803,88450,0.0007400047
1804,75418,6.339649e-07
1805,100510,0.0069063785
1806,103342,4.2944426e-10
1807,79440,3.507396e-10
1808,112749,0.027725894
1809,70701,7.7183804e-10
1810,82386,0.0042600445
1811,28908,1.0237271e-09
1812,11501,1.5275226e-06
1813,36576,0.0015939274
1814,38710,0.018107578
1815,104125,0.04805257
1816,62095,2.6197544e-09
1817,53574,0.00020545091
1818,90966,0.00024887492
1819,71970,0.010311361
1820,24668,7.4584886e-13
1821,75564,0.004130997
1822,5627,8.715646e-06
1823,81830,0.00039347933
1824,53804,7.211775e-07
1825,18676,0.089410104
1826,107019,0.00042381103
1827,24132,6.132851e-11
1828,112275,0.01274207
1829,107299,0.009611095
1830,68457,1.5330271e-07
1831,16066,1.6128292e-10
1832,70353,9.917045e-10
1833,16532,3.3193967e-08
1834,82071,0.13720359
1835,72110,9.917045e-10
1836,90378,0.08043513
1837,43970,0.0042110747
1838,100267,3.555951e-09
1839,83474,3.9420287e-05
1840,69741,1.9561894e-05
1841,21047,4.2766437e-12
1842,29173,2.0394584e-08
1843,23608,0.00010681258
1844,13079,1.3214642e-05
1845,98290,1.584572e-10
1846,103442,3.7530132e-08
1847,41176,3.2044733e-05
1848,38716,2.189176e-08
1849,74958,2.7061628e-10
1850,96913,0.10343049
1851,99496,1.5422421e-06
1852,29143,0.031180395
1853,57810,0.0038918324
1854,46041,0.024478596
1855,14392,0.018107578
1856,71139,0.117945015
1857,72092,0.07983019
1858,31331,2.8605425e-09
1859,56763,0.010311361
1860,64044,1.1056924e-07
1861,43101,0.0012368212
1862,60420,2.581478e-08
1863,43678,4.747545e-13
1864,62924,1.07289934e-10
1865,36371,0.018107578
1866,18949,0.0006115443
1867,111922,0.0006647029
1868,3596,4.4737095e-05
1869,11714,0.028526781
1870,49380,1.6999523e-10
1871,112519,0.0006159452
1872,72064,0.028905047
1873,29973,8.762338e-09
1874,38252,0.59932214
1875,103931,1.1622871e-13
1876,45509,0.10126911
1877,48802,0.009558456
1878,16175,6.7892414e-10
1879,83451,0.00015060575
1880,53553,0.023214001
1881,51019,2.9788327e-19
1882,68472,0.016423926
1883,91793,0.02154969
1884,41660,0.0077906027
1885,4368,0.01046717
1886,20448,0.007568096
1887,24473,5.565799e-11
1888,93090,3.3483225e-12
1889,42878,0.0012284027
1890,37313,1.4363785e-12
1891,98800,0.0049228678
1892,53218,0.015507207
1893,4511,3.3365595e-05
1894,110041,0.00013489742
1895,77048,0.009558456
1896,94858,1.5062725e-10
1897,24203,0.027271394
1898,71044,0.009170086
1899,80359,6.133673e-14
1900,51850,4.869793e-06
1901,37119,1.7945669e-09
1902,32712,0.027070584
1903,53139,0.027915554
1904,74775,1.664487e-09
1905,36828,0.008979334
1906,69251,0.0028958032
1907,110236,0.000260735
1908,59680,3.5452037e-09
1909,51903,0.009159205
1910,57658,0.0057472317
1911,25120,1.3231483e-15
1912,26900,1.7167058e-06
1913,87396,0.28706506
1914,19255,1.3112246e-08
1915,42336,1.770838e-08
1916,38050,0.00067582063
1917,1081,5.722574e-07
1918,46451,0.009601473
1919,113329,3.1978083e-12
1920,50348,0.00035680205
1921,50075,0.027915554
1922,67370,0.0003832666
1923,47568,6.352631e-08
1924,22477,1.2560737e-08
1925,39525,5.893118e-07
1926,111884,0.0011293961
1927,68605,0.0006647029
1928,77109,0.08835583
1929,104009,0.014575672
1930,63890,0.34201133
1931,36011,3.0334043e-12
1932,86858,0.00010576498
1933,57494,1.12290245e-05
1934,43799,2.566855e-13
1935,19721,1.01573005e-05
1936,84654,1.9561894e-05
1937,70290,0.0040224534
1938,107557,0.0036064067
1939,85934,0.002328324
1940,2561,0.009085741
1941,80215,5.4104367e-11
1942,2374,5.6214247e-08
1943,13007,0.21233937
1944,59644,0.0006647029
1945,27988,1.2582173e-12
1946,41193,2.788857e-06
1947,42188,0.027915554
1948,79473,0.0033002163
1949,115486,1.6304349e-13
1950,16313,3.8963208e-12
1951,86285,0.040115204
1952,80602,1.1366535e-05
1953,88642,2.9322849e-09
1954,18454,5.4499316e-10
1955,64272,0.0002807166
1956,103269,0.018143823
1957,17261,1.3175971e-06
1958,81505,1.5998529e-07
1959,110465,1.04321174e-13
1960,24794,9.5248356e-07
1961,16393,9.552964e-07
1962,13454,8.321309e-07
1963,5730,0.028460784
1964,63782,2.3573165e-13
1965,48940,0.0688517
1966,56551,0.07983019
1967,31188,0.064573884
1968,95600,0.015160915
1969,100178,0.027844498
1970,85187,1.8906074e-07
1971,75273,1.9561894e-05
1972,78051,5.3189847e-10
1973,13439,2.6213408e-07
1974,8586,0.026641795
1975,56341,0.0012733163
1976,18102,0.055304173
1977,50284,7.348293e-05
1978,42809,0.054374717
1979,111555,0.0042148116
1980,21996,7.497312e-13
1981,82115,0.0007400047
1982,57363,0.048092566
1983,83009,0.001488875
1984,42252,7.378885e-08
1985,97422,0.08087044
1986,6259,4.5280867e-05
1987,76777,5.3507065e-08
1988,54386,9.8053645e-09
1989,31880,1.6307972e-11
1990,44853,5.565799e-11
1991,99025,0.014856258
1992,52071,0.006883253
1993,157,3.459438e-05
1994,60004,0.019305756
1995,45976,9.965719e-10
1996,47080,0.00012767575
1997,16757,3.2580926e-13
1998,31179,0.009558456
1999,45745,2.386893e-06
2000,66155,0.1450518
2001,109292,9.677297e-06
2002,302,2.8253587e-11
2003,96501,0.0014904204
2004,81103,0.0023459184
2005,48345,0.00053218845
2006,96653,0.05926452
2007,61494,0.054945264
2008,75222,0.0007400047
2009,78280,6.7178694e-09
2010,23672,1.4396596e-07
2011,41067,4.217541e-06
2012,54155,0.009558456
2013,12892,0.00013526439
2014,109945,0.045780502
2015,25108,0.009169346
2016,63053,0.05926452
2017,7659,0.0032853102
2018,99917,5.696596e-07
2019,89490,0.0038918324
2020,98975,4.8644855e-05
2021,56850,0.0010103625
2022,33198,0.0040224534
2023,94326,0.00010575418
2024,62604,1.1789006e-05
2025,44687,0.0013471787
2026,26247,0.0287143
2027,24596,0.00043281872
2028,22471,1.01573005e-05
2029,109546,0.0042148116
2030,86555,4.0839981e-10
2031,114176,0.0025764718
2032,93601,0.010311361
2033,46224,7.140807e-08
2034,24626,0.0077906027
2035,54807,0.027070584
2036,11987,0.021942975
2037,49808,0.027618969
2038,89284,0.00092928094
2039,72669,0.009609334
2040,72532,0.00035717452
2041,62652,0.0077906027
2042,57371,8.513866e-09
2043,71497,0.05926452
2044,85389,0.041373618
2045,23681,0.008955581
2046,115368,1.9561894e-05
2047,86800,4.7803113e-13
2048,65479,3.412483e-06
2049,80989,6.5988644e-07
2050,71459,0.0006647029
2051,1012,0.00033104117
2052,93177,0.08087044
2053,5660,0.006353159
2054,88966,0.0007400047
2055,61819,0.0042110747
2056,113078,0.064573884
2057,8250,5.201743e-06
2058,50744,0.0040224534
2059,65438,3.2201978e-08
2060,77728,0.008979334
2061,72949,0.010311361
2062,105733,0.0077906027
2063,98874,0.055277847
2064,42888,0.018125536
2065,5058,3.7202012e-06
2066,46238,4.705893e-06
2067,76112,1.2946759e-08
2068,79422,0.019611884
2069,58364,3.623837e-10
2070,103132,0.02897164
2071,30453,0.009558456
2072,24839,0.00076957635
2073,106520,0.003152046
2074,17376,1.9792518e-10
2075,103529,1.6083953e-07
2076,57527,0.0023467834
2077,7789,0.06455465
2078,4470,0.0071632224
2079,100541,0.018134167
2080,74073,0.0009799172
2081,78194,2.329322e-05
2082,95070,0.004057443
2083,31883,0.04562465
2084,73918,0.0047364547
2085,88812,9.8406e-06
2086,88058,0.009609334
2087,79973,0.06433432
2088,15050,2.533807e-13
2089,87898,0.002341042
2090,53266,1.7910652e-09
2091,105488,4.7172108e-08
2092,33053,5.6395604e-09
2093,62380,0.056781925
2094,103824,2.809002e-15
2095,69182,0.027308173
2096,69850,0.0070724194
2097,19832,1.977663e-10
2098,10170,0.023169983
2099,1867,0.0051694573
2100,62655,1.1581583e-12
2101,88004,0.07983019
2102,70672,4.3609262e-08
2103,59656,0.006883253
2104,4022,5.0531703e-08
2105,87877,0.05926452
2106,27386,3.7812836e-10
2107,8091,6.4883915e-07
2108,1443,0.009567516
2109,58006,0.0017531384
2110,49371,2.1818467e-09
2111,76643,0.009609334
2112,49817,0.018107578
2113,108537,8.455513e-12
2114,64336,9.8406e-06
2115,31511,1.726014e-05
2116,11783,2.8088178e-09
2117,6984,4.3038835e-05
2118,33397,6.560154e-11
2119,97416,0.08087044
2120,112949,1.9561894e-05
2121,33271,0.00045577035
2122,43688,0.000509919
2123,16905,1.0853842e-05
2124,73308,2.45526e-09
2125,34695,1.6213149e-09
2126,11672,3.7874874e-05
2127,30066,0.028905047
2128,20886,0.0009615326
2129,57423,0.006883253
2130,66527,8.172496e-08
2131,97271,0.05452379
2132,11563,1.3684122e-05
2133,95709,0.0007400047
2134,930,4.809512e-05
2135,80442,0.000509919
2136,30413,0.0009190496
2137,18223,1.8984098e-10
2138,4234,4.73019e-05
2139,58383,5.3393745e-10
2140,66593,2.292827e-09
2141,22741,2.9938985e-08
2142,112243,0.040115204
2143,111177,0.02589771
2144,33624,0.018143823
2145,103358,2.8977305e-09
2146,48701,2.1074971e-14
2147,81221,0.06433432
2148,1882,0.39854077
2149,95330,1.6120899e-15
2150,36832,0.010311361
2151,48370,1.4200036e-13
2152,16422,2.405664e-09
2153,36970,0.005194104
2154,26670,0.027271394
2155,62453,0.0095750205
2156,27696,0.00030126362
2157,59190,0.005194104
2158,96994,0.001260472
2159,75150,0.038801875
2160,52818,1.0237271e-09
2161,95540,0.018134167
2162,62769,4.7978127e-05
2163,9868,0.0001559431
2164,76152,0.054374717
2165,75112,0.0026416038
2166,67588,3.560494e-05
2167,30815,0.00031084364
2168,42923,0.009169346
2169,71706,0.009609334
2170,8009,5.221277e-05
2171,36870,0.031167235
2172,98351,0.0007400047
2173,38693,0.0069047827
2174,81602,0.01954178
2175,16265,0.001273944
2176,38570,8.681558e-16
2177,77756,0.03426602
2178,75096,2.227576e-09
2179,338,1.5275226e-06
2180,108308,1.4835957e-18
2181,112029,1.9561894e-05
2182,52982,0.018370343
2183,34188,0.00026873508
2184,27565,1.2582173e-12
2185,110748,0.021550737
2186,1405,1.2560737e-08
2187,2349,5.990455e-07
2188,82866,1.9344224e-08
2189,18444,1.1155569e-06
2190,63707,5.2570293e-05
2191,97657,1.1225926e-11
2192,92621,0.0006647029
2193,58380,1.3290206e-06
2194,58270,0.041373618
2195,84842,1.7876113e-13
2196,12365,1.6323823e-10
2197,11124,7.3181226e-09
2198,29343,0.00022501823
2199,112106,2.1953017e-08
2200,104130,1.211444e-06
2201,58259,0.00020873497
2202,24219,0.08662097
2203,7689,2.5289862e-06
2204,12530,1.9865945e-05
2205,13532,2.8088178e-09
2206,84528,0.009609334
2207,5803,0.0016801297
2208,109419,2.2275926e-05
2209,109649,4.98299e-10
2210,28634,0.0003660205
2211,53288,0.009558456
2212,12263,0.009567516
2213,86509,0.0006149392
2214,23760,2.1669853e-06
2215,99052,2.0929988e-07
2216,19147,2.737981e-05
2217,95004,0.020593692
2218,97053,0.0077906027
2219,40793,0.012162022
2220,53059,8.487901e-05
2221,98564,9.8406e-06
2222,89700,0.02897164
2223,104846,0.00024887492
2224,10623,0.0036080985
2225,75728,3.1388295e-12
2226,54508,5.9152408e-06
2227,57346,3.1113823e-11
2228,29279,1.3010992e-09
2229,15797,1.0246121e-09
2230,39118,0.009306214
2231,81518,1.1584434e-06
2232,65496,0.0026451752
2233,20854,0.0009615326
2234,89525,0.051745117
2235,102812,0.032150183
2236,89115,0.0077906027
2237,13558,8.367118e-06
2238,30471,0.054374717
2239,19881,2.1818467e-09
2240,107607,0.0009923768
2241,87400,0.018107578
2242,85549,0.0007400047
2243,113757,2.425494e-06
2244,18115,0.028905047
2245,32618,1.2885477e-06
2246,35257,1.2495688e-09
2247,7222,2.2896982e-06
2248,63868,5.2236875e-05
2249,76847,0.00017851983
2250,98309,1.3605255e-07
2251,34796,0.0034669372
2252,24285,0.0042110747
2253,62115,0.042703345
2254,57267,0.00040401155
2255,68902,0.00034621728
2256,29634,0.018143823
2257,9648,8.739742e-12
2258,30411,8.276121e-08
2259,14944,1.8413545e-09
2260,67951,0.024886517
2261,47045,0.0009702986
2262,62458,0.000509919
2263,62789,3.5289178e-09
2264,17085,0.05701869
2265,94494,0.00012767575
2266,44828,3.9532926e-05
2267,69556,1.1128583e-11
2268,80161,0.010167009
2269,30358,1.1066079e-07
2270,79804,5.999658e-11
2271,33670,0.0015616057
2272,90744,0.0979692
2273,114362,9.310955e-06
2274,98168,0.0006647029
2275,7523,0.021601614
2276,37423,2.0836911e-05
2277,108526,0.00017301097
2278,26729,0.0042110747
2279,74565,0.0007400047
2280,48846,0.06482158
2281,4425,5.302307e-08
2282,34282,2.5696644e-11
2283,33891,0.064573884
2284,80110,0.027684728
2285,5980,0.0032853102
2286,32195,0.011924698
2287,88598,0.05926452
2288,22443,1.3600222e-11
2289,81236,0.0011217773
2290,86908,0.02154969
2291,108086,6.3481816e-06
2292,81584,0.009159205
2293,50817,6.229418e-11
2294,46799,0.009169346
2295,60386,0.009558456
2296,1602,0.054374717
2297,78096,0.009170086
2298,82995,0.00020140917
2299,100473,4.4107646e-09
2300,21181,2.20639e-10
2301,98603,0.009611095
2302,89491,6.7317833e-06
2303,52682,0.004563765
2304,18714,0.019502632
2305,87119,0.00012380318
2306,38383,0.011837281
2307,29444,2.2063236e-09
2308,104226,0.0014888049
2309,62808,0.00014475951
2310,97139,0.00941246
2311,8706,9.290639e-08
2312,3631,0.04516103
2313,66798,0.00030671878
2314,11710,0.0019114235
2315,75968,0.0022512635
2316,69233,1.9793273e-05
2317,22547,1.4164642e-11
2318,19872,6.181379e-05
2319,102413,0.0015751565
2320,76700,0.001488875
2321,35667,0.012313596
2322,75641,0.0007400047
2323,30773,4.791766e-07
2324,94740,7.1043155e-07
2325,11742,0.009567516
2326,72467,0.031558465
2327,106428,0.05072814
2328,80087,3.539129e-07
2329,33563,0.054374717
2330,12407,2.3999623e-13
2331,66863,9.8406e-06
2332,20710,1.904702e-05
2333,110260,1.9561894e-05
2334,67431,1.9561894e-05
2335,71155,1.9561894e-05
2336,43943,0.04562465
2337,101109,2.5129925e-08
2338,45442,1.3176545e-07
2339,81646,0.0077906027
2340,31037,0.000509919
2341,26366,0.0077906027
2342,74630,1.9828906e-06
2343,106069,3.568173e-05
2344,82843,7.49101e-09
2345,13395,0.0041827145
2346,88639,3.936404e-06
2347,3664,0.01046717
2348,1190,0.11006626
2349,67788,0.00012503525
2350,113303,9.310955e-06
2351,81958,0.018107578
2352,108177,0.009611095
2353,15532,0.0022376422
2354,109613,0.050240614
2355,7194,0.0071632224
2356,74927,2.1131474e-07
2357,72263,2.6389303e-05
2358,7838,1.9124445e-07
2359,71486,0.0023459184
2360,35028,5.4791255e-10
2361,111132,9.59462e-06
2362,67447,0.03426602
2363,87836,0.05926452
2364,48677,4.461551e-12
2365,56735,0.054945264
2366,43078,1.5577118e-08
2367,63305,0.010311361
2368,88183,0.0016254165
2369,88984,1.5068624e-09
2370,35873,1.8742197e-12
2371,68185,0.05588981
2372,5937,0.000106984946
2373,9821,4.1292983e-06
2374,96476,0.02897164
2375,109445,0.0005321527
2376,106753,0.019548833
2377,36220,0.0287143
2378,15163,8.4830275e-11
2379,12295,0.032354064
2380,111744,7.674372e-06
2381,72828,0.0019712257
2382,45214,0.0042110747
2383,33490,0.4550848
2384,45746,2.1818467e-09
2385,18612,4.6429004e-06
2386,93732,0.0042148116
2387,49298,5.257574e-08
2388,8785,0.0008270536
2389,47252,0.11121769
2390,88138,0.060822796
2391,21159,0.16170701
2392,2640,2.6397137e-08
2393,66433,3.2457351e-06
2394,95763,0.05926452
2395,95351,0.028832536
2396,83309,9.917045e-10
2397,114228,0.000260735
2398,67144,0.008979334
2399,6436,1.7691516e-05
2400,96872,6.2990234e-12
2401,40342,0.0006946361
2402,32978,0.010311361
2403,37763,0.00014910723
2404,85559,2.1056671e-06
2405,54442,0.0013740046
2406,13461,3.8478407e-07
2407,101359,0.02897164
2408,66068,9.829541e-06
2409,46247,0.0032401218
2410,100513,9.994419e-11
2411,58957,0.0015360629
2412,71402,0.000119184406
2413,41699,0.01763777
2414,13227,2.8145237e-09
2415,113766,0.0076118503
2416,85595,0.009609334
2417,47175,0.0010870037
2418,60076,4.86413e-12
2419,11579,0.14404759
2420,114994,0.0004574969
2421,33306,0.009159205
2422,26188,1.4362315e-06
2423,42130,0.00056991604
2424,305,0.0003453031
2425,18561,2.4747456e-11
2426,16146,4.236316e-05
2427,94285,4.1613264e-09
2428,108075,0.0022746052
2429,57522,0.0023459184
2430,66843,1.7027379e-16
2431,87228,0.0077906027
2432,71239,0.0042148116
2433,71204,3.1482243e-05
2434,104972,0.08087044
2435,85721,0.0006647029
2436,28498,0.16683608
2437,51049,0.004193047
2438,60773,9.551939e-06
2439,83679,0.010311361
2440,85333,2.4131063e-11
2441,1514,2.7741473e-08
2442,67159,1.1961893e-05
2443,99681,0.05946976
2444,100048,4.474252e-14
2445,78552,0.009558456
2446,35622,1.2194537e-14
2447,23973,1.1620096e-10
2448,51233,3.617635e-14
2449,38453,0.0003221182
2450,5108,2.810542e-10
2451,5279,0.00014061078
2452,93151,3.2260132e-08
2453,112281,0.054945264
2454,59124,0.048092566
2455,96793,0.032136623
2456,105466,0.009513768
2457,71262,1.2211402e-08
2458,712,0.025817117
2459,87522,0.0688517
2460,79206,5.5186446e-14
2461,23900,2.8420698e-06
2462,22198,1.977663e-10
2463,88709,0.018134167
2464,103324,0.059533693
2465,74172,9.8406e-06
2466,97568,0.0235681
2467,52717,1.1756649e-07
2468,79529,0.0028570136
2469,114695,0.001704862
2470,107384,0.055277847
2471,15704,0.00016056142
2472,3614,0.041634236
2473,54375,0.0057472317
2474,104923,0.00082912884
2475,108568,0.007402212
2476,108019,0.059533693
2477,114895,0.00066317443
2478,73785,0.0009799172
2479,53970,0.0026789745
2480,94314,0.0014881216
2481,13054,0.009161325
2482,67100,0.0019829555
2483,52768,1.743306e-05
2484,92641,0.04974522
2485,8597,2.4461555e-05
2486,30062,1.0959192e-10
2487,102649,0.04805257
2488,60836,1.7145592e-11
2489,71249,0.009609334
2490,4895,2.4223218e-07
2491,50060,0.004193047
2492,23903,0.00017287674
2493,84818,1.731441e-07
2494,105467,1.2301435e-06
2495,87624,0.002328324
2496,37678,0.0016859038
2497,13947,2.0832867e-13
2498,80955,4.797648e-09
2499,43777,0.0031560324
2500,40536,1.563317e-06
2501,41462,0.054374717
2502,64680,4.4037993e-15
2503,93271,0.0042148116
2504,63535,0.00056667824
2505,15018,0.007055392
2506,100075,3.555951e-09
2507,71661,0.009609334
2508,44139,6.715684e-11
2509,26665,0.018125536
2510,87097,0.010311361
2511,106339,4.8700247e-08
2512,4570,2.1438224e-07
2513,102651,1.5392055e-12
2514,9782,0.021887975
2515,46691,2.2325781e-09
2516,102363,0.0023459184
2517,111708,1.9561894e-05
2518,28128,1.0020513e-05
2519,72924,0.03215198
2520,54309,2.329322e-05
2521,71560,0.009609334
2522,110944,0.0042148116
2523,79805,1.2850913e-11
2524,49620,0.06248485
2525,93058,1.9561894e-05
2526,4025,0.002459462
2527,31871,0.1775315
2528,33169,1.44430725e-08
2529,85461,0.031558465
2530,36369,0.0003221182
2531,57617,0.000509919
2532,51195,0.00040931496
2533,23112,7.4857637e-10
2534,106784,0.004052996
2535,90505,0.018134167
2536,23015,1.0979121e-08
2537,40173,2.1553201e-10
2538,89870,0.0058093416
2539,108860,0.059563927
2540,59720,1.8359553e-05
2541,98082,4.989933e-10
2542,23928,0.0035476917
2543,23332,2.3049247e-09
2544,78834,9.808837e-06
2545,87946,0.0077906027
2546,67664,0.0011197915
2547,88274,0.032136623
2548,1774,0.027684728
2549,105319,0.050217867
2550,88417,0.009609334
2551,23222,0.004195782
2552,49392,9.968833e-06
2553,36241,9.187985e-06
2554,108854,0.08087044
2555,71900,0.0006647029
2556,64820,0.0026451752
2557,78241,0.018107578
2558,1531,8.3489874e-07
2559,53654,1.9561894e-05
2560,41175,3.2044733e-05
2561,94552,0.0011283889
2562,10309,2.0484094e-06
2563,55223,0.08333831
2564,26748,0.00067582063
2565,46244,1.8609035e-05
2566,45200,2.9169794e-12
2567,29916,0.01929331
2568,78703,0.031303167
2569,98520,0.009611095
2570,65044,0.0009905635
2571,113206,9.417552e-10
2572,51540,8.487901e-05
2573,18906,0.00916275
2574,45956,0.010152991
2575,70072,0.009170086
2576,6783,0.0068877526
2577,84452,0.00037622394
2578,60050,0.0017553555
2579,71615,1.3742609e-09
2580,71498,9.968833e-06
2581,95117,0.0009905635
2582,72948,0.0008033396
2583,46084,1.6779062e-06
2584,11682,0.028460784
2585,77762,0.009558456
2586,102294,0.031558465
2587,51097,8.917002e-11
2588,9136,5.5244524e-05
2589,25029,0.009169346
2590,2080,0.004932903
2591,62749,0.05926452
2592,8845,5.5244524e-05
2593,107578,0.0011136024
2594,86152,0.009609334
2595,26609,3.734078e-06
2596,99339,0.027684728
2597,59542,0.014295783
2598,85827,1.0859619e-15
2599,103743,0.027844498
2600,106328,0.059533693
2601,85755,5.973851e-11
2602,33623,0.00015994912
2603,33999,0.006883253
2604,88363,0.013007739
2605,77724,1.1756649e-07
2606,70180,0.0009799172
2607,87870,0.004193047
2608,105218,3.0638242e-10
2609,111373,0.024748232
2610,29261,1.3723813e-11
2611,97371,3.699416e-06
2612,100044,0.00010575418
2613,43899,1.17173675e-08
2614,57626,2.7106862e-06
2615,35970,1.3356072e-09
2616,86590,0.054374717
2617,37296,0.009159205
2618,33183,0.082323804
2619,68070,0.028905047
2620,72838,0.013027288
2621,76357,1.2338983e-11
2622,37817,5.565799e-11
2623,112488,4.6594337e-09
2624,65053,1.509727e-10
2625,61599,0.0042110747
2626,101496,0.004010236
2627,106255,0.033549488
2628,31087,0.009558456
2629,13338,1.1312e-05
2630,33272,1.0020513e-05
2631,10543,3.5890116e-06
2632,101093,0.007900154
2633,5308,6.544002e-09
2634,27886,0.009558456
2635,71297,2.3422383e-06
2636,11569,0.0077906027
2637,96111,0.009170086
2638,46255,2.1553201e-10
2639,111218,0.029826863
2640,38245,2.1818467e-09
2641,4258,0.010391143
2642,6858,0.00076730776
2643,72240,0.009609334
2644,91568,0.009609334
2645,19576,0.0025905778
2646,79951,5.999658e-11
2647,54711,0.009609334
2648,68629,4.978295e-05
2649,7946,0.28336766
2650,44979,5.565799e-11
2651,42705,2.386893e-06
2652,39528,0.0018949573
2653,86094,0.043131772
2654,94623,4.781595e-10
2655,105498,0.02335275
2656,22592,0.013964912
2657,71006,0.009170086
2658,14490,2.0449239e-05
2659,46342,0.00034621728
2660,108553,0.009611095
2661,5399,0.0016801297
2662,100551,2.7937182e-07
2663,101396,0.0017770022
2664,64817,9.8406e-06
2665,39658,3.3730841e-12
2666,48452,2.9419989e-13
2667,88059,0.00010576498
2668,534,1.4889589e-06
2669,59428,0.05926452
2670,17734,1.00522125e-10
2671,103762,0.043056346
2672,74941,0.0014259123
2673,103726,3.156008e-10
2674,2086,2.88823e-06
2675,22240,2.0492974e-11
2676,81442,0.0007400047
2677,12009,1.9634635e-06
2678,77883,2.2276725e-10
2679,44500,0.098787576
2680,111938,9.59462e-06
2681,49414,0.010311361
2682,97215,0.009170086
2683,96887,0.009170086
2684,74903,1.2113298e-08
2685,21236,0.02470093
2686,28830,0.018125536
2687,75445,5.563329e-10
2688,3905,0.000109351844
2689,102588,7.663418e-13
2690,33589,0.010311361
2691,58722,0.02154969
2692,98883,5.4038185e-10
2693,44925,5.4038622e-09
2694,110178,0.0026269308
2695,85243,0.0009928349
2696,36023,0.009558456
2697,16690,6.093601e-08
2698,83985,0.003156181
2699,46958,0.0042110747
2700,115434,1.4391043e-12
2701,32949,1.0237271e-09
2702,54082,0.0011280156
2703,84467,0.007799152
2704,68150,0.00083163125
2705,62073,6.319131e-07
2706,93464,0.051745117
2707,53685,0.00037149573
2708,33923,0.0046908283
2709,65981,9.829541e-06
2710,99768,9.8406e-06
2711,110454,6.0693466e-05
2712,34936,0.004193047
2713,7203,0.0044668126
2714,12652,6.345412e-12
2715,107163,0.002692252
2716,26585,0.00083229045
2717,104578,0.0009960629
2718,46693,0.3480044
2719,64512,0.0009905635
2720,12032,0.009567516
2721,22127,3.898542e-09
2722,45441,0.005237537
2723,114562,4.712339e-11
2724,10129,8.700058e-06
2725,102744,0.000311466
2726,49499,0.009558456
2727,95059,9.8406e-06
2728,11544,0.023779541
2729,75771,4.03631e-06
2730,26933,0.018125536
2731,73047,0.032136623
2732,96374,0.010167009
2733,82986,7.187724e-10
2734,65620,9.829541e-06
2735,72620,0.02154969
2736,92951,2.879572e-06
2737,6447,0.025702558
2738,60330,0.019502632
2739,19894,0.0075157513
2740,75297,9.249182e-11
2741,55845,0.00060985197
2742,90551,0.0077906027
2743,95263,0.004057443
2744,78126,0.0007400047
2745,98738,0.026616558
2746,8162,0.01764968
2747,22441,2.24363e-13
2748,68818,0.000597133
2749,937,6.522e-05
2750,81094,1.9561894e-05
2751,14061,0.09191287
2752,13296,0.0026217476
2753,3348,3.398613e-05
2754,48543,2.2063236e-09
2755,37621,5.6652333e-08
2756,25973,2.9308147e-09
2757,98955,0.00015994912
2758,66638,1.9836868e-06
2759,32507,8.229895e-07
2760,96284,2.0004113e-07
2761,72194,0.009609334
2762,88576,0.000113784125
2763,52785,0.00017287674
2764,76421,0.01954178
2765,27077,1.0237271e-09
2766,56318,2.3229534e-09
2767,49316,1.2495688e-09
2768,78162,4.136796e-08
2769,47752,2.458129e-08
2770,40347,0.03864256
2771,66463,6.75116e-10
2772,87910,6.1272855e-11
2773,18852,0.00067582063
2774,55925,1.8826986e-05
2775,85500,0.018107578
2776,110639,0.035764765
2777,2955,5.6121107e-06
2778,42003,5.2330222e-08
2779,76705,1.9561894e-05
2780,46452,0.054374717
2781,105613,5.6805055e-10
2782,10538,1.0049017e-09
2783,94941,0.059353366
2784,113486,0.0732838
2785,82209,0.0014712744
2786,58561,0.00084267557
2787,89858,6.096913e-06
2788,31224,0.003734469
2789,98598,0.00034391746
2790,49086,0.0924337
2791,36237,0.009558456
2792,30256,0.00017287674
2793,80338,0.023978656
2794,96364,2.7847166e-13
2795,67633,0.009609334
2796,100496,4.5060922e-05
2797,102256,4.1759648e-20
2798,73339,0.00031027012
2799,81048,2.865202e-15
2800,27347,0.002694702
2801,105049,1.493908e-12
2802,103322,0.02897164
2803,60688,6.995684e-05
2804,74302,0.0007400047
2805,101411,9.8406e-06
2806,4042,0.0043288292
2807,98289,2.2352323e-07
2808,33448,0.0100853825
2809,70763,0.03490889
2810,46770,0.019502632
2811,100794,7.2714934e-10
2812,90082,0.0042148116
2813,63511,9.8406e-06
2814,115683,0.0025920197
2815,89304,9.8406e-06
2816,98907,9.8406e-06
2817,78538,5.563329e-10
2818,31773,4.9850293e-12
2819,85220,0.005842996
2820,30465,7.563772e-09
2821,108515,0.021550737
2822,845,5.7008134e-07
2823,51494,0.0011670059
2824,34584,1.0237271e-09
2825,109698,0.012835627
2826,109339,0.0006647029
2827,25540,0.000116101764
2828,77718,1.6447537e-12
2829,110464,0.001036643
2830,86740,0.009609334
2831,85573,0.0010755879
2832,1962,2.4716659e-05
2833,14179,1.4700128e-11
2834,47480,0.0042110747
2835,92388,0.028832536
2836,4857,0.001424623
2837,17678,2.0228659e-19
2838,64751,1.04347996e-10
2839,95160,0.00072166725
2840,44421,0.0077453903
2841,48145,1.7537056e-12
2842,113794,6.8718905e-06
2843,86802,1.9561894e-05
2844,16244,1.44245215e-11
2845,93114,1.0209728e-07
2846,96392,0.0006159452
2847,110406,9.90623e-10
2848,26925,0.06482158
2849,34346,5.7238467e-06
2850,59209,0.054945264
2851,64730,1.3078862e-10
2852,99151,0.00041052632
2853,104437,0.009155407
2854,99110,3.6250665e-05
2855,44672,5.7966712e-08
2856,115986,9.563601e-09
2857,55577,0.009558456
2858,44271,5.033203e-11
2859,89111,0.009170086
2860,4530,5.5136866e-06
2861,32044,5.5884843e-09
2862,72156,0.071841754
2863,86976,9.968079e-13
2864,36665,0.018917745
2865,40303,1.977663e-10
2866,45194,3.6816223e-09
2867,10236,0.10055027
2868,34739,0.0015616057
2869,102728,0.00012639367
2870,45043,0.0053184475
2871,70991,0.0042148116
2872,82159,0.0077906027
2873,39846,1.8512191e-08
2874,25980,0.00017287674
2875,61453,0.0007400047
2876,9402,0.028526781
2877,8520,0.0015191603
2878,13297,0.023892665
2879,112813,0.059533693
2880,114851,5.3988277e-08
2881,62258,0.08333831
2882,104471,7.515481e-13
2883,46173,0.0025652924
2884,81871,9.808837e-06
2885,7776,0.0014277677
2886,26162,1.3842658e-06
2887,100950,0.009611095
2888,93238,8.741531e-07
2889,964,4.6327595e-09
2890,108972,1.9561894e-05
2891,72985,1.9561894e-05
2892,61424,0.0091682235
2893,70108,0.009609334
2894,19778,7.5883753e-07
2895,17250,2.8088178e-09
2896,16763,7.5883753e-07
2897,72257,0.031303167
2898,64600,0.000118879645
2899,53206,0.027915554
2900,38042,0.027915554
2901,69262,0.0042148116
2902,81981,0.004371448
2903,71525,0.004607776
2904,62257,0.00014405725
2905,9705,8.4399227e-07
2906,35111,1.6129067e-09
2907,4720,2.3606074e-08
2908,2424,0.097600184
2909,6469,1.2996213e-06
2910,17870,0.0095750205
2911,92111,2.2633627e-13
2912,56839,0.00013526439
2913,21624,0.0009692785
2914,78042,0.0032731737
2915,18622,4.6429004e-06
2916,48830,6.0902634e-09
2917,114806,0.0008079704
2918,5095,0.07771289
2919,86481,1.9561894e-05
2920,103297,3.539129e-07
2921,86136,0.009609334
2922,114650,2.4272365e-06
2923,77761,6.621626e-11
2924,55256,0.00037149573
2925,107734,0.059533693
2926,91501,3.0296138e-05
2927,91394,5.04329e-05
2928,2967,0.05757638
2929,84544,2.7547895e-09
2930,28658,2.189176e-08
2931,33917,9.804133e-12
2932,49112,1.7910652e-09
2933,20842,2.6529804e-05
2934,64112,0.0010763028
2935,76300,1.4819035e-08
2936,58584,0.033814374
2937,46966,0.027271394
2938,38469,0.06433432
2939,9255,1.5207766e-09
2940,44884,1.8683851e-11
2941,59642,0.00046000123
2942,108189,0.009611095
2943,47793,0.054374717
2944,38811,9.777307e-06
2945,3336,1.3528959e-06
2946,111116,0.0009928349
2947,17439,4.6403587e-05
2948,48439,7.958855e-12
2949,84779,0.010311361
2950,114963,0.012767978
2951,42793,0.0059645195
2952,24945,0.00029716495
2953,83722,0.04005772
2954,74762,1.313994e-07
2955,100321,0.005644344
2956,114447,0.002328324
2957,111610,0.0007412293
2958,6561,0.09650666
2959,107231,0.0036064067
2960,78118,3.552648e-10
2961,86394,0.0069063785
2962,94467,6.3667716e-09
2963,36406,0.004140266
2964,81567,0.00013327887
2965,75408,6.1918756e-12
2966,103919,0.018143823
2967,61050,0.05926452
2968,30277,0.00019617405
2969,95023,9.8406e-06
2970,70871,6.812772e-07
2971,56779,0.0007400047
2972,90999,9.917045e-10
2973,89121,3.785906e-05
2974,61563,0.0009905635
2975,104492,0.009263063
2976,3081,0.0036075034
2977,104892,1.084327e-11
2978,102199,0.008091142
2979,16677,3.9367106e-16
2980,1393,2.7250535e-06
2981,28160,0.010311361
2982,94483,6.389894e-14
2983,57046,0.018107578
2984,77085,9.223826e-12
2985,56440,1.3290206e-06
2986,5883,6.313699e-08
2987,60234,0.0006647029
2988,46556,2.1818467e-09
2989,111857,0.0042148116
2990,40446,6.7971323e-10
2991,59659,0.03426602
2992,53952,1.9561894e-05
2993,11545,0.097600184
2994,20725,0.08248923
2995,64911,7.495968e-13
2996,8884,0.00045577035
2997,98805,0.004125149
2998,69261,1.2283148e-14
2999,320,0.0071632224
3000,55817,0.00084267557
3001,7067,5.5244524e-05
3002,79035,0.003943983
3003,43186,0.0069047827
3004,56649,0.00127102
3005,40819,4.3377946e-05
3006,105276,0.055277847
3007,24159,0.054374717
3008,925,0.0014259123
3009,5347,0.026604231
3010,6595,0.023169983
3011,27146,0.00044181608
3012,3251,0.01046717
3013,111032,1.0478539e-06
3014,5510,1.0204593e-05
3015,65152,2.064999e-08
3016,106849,6.3751615e-11
3017,33106,0.031180395
3018,49436,9.277817e-16
3019,83740,3.664133e-11
3020,111921,1.4979145e-11
3021,104880,1.9619948e-07
3022,82228,0.00048040142
3023,110469,7.3242936e-06
3024,100587,0.009170086
3025,70568,0.0042148116
3026,48609,0.006883253
3027,12105,5.5985634e-05
3028,46929,0.05701869
3029,108266,0.010167009
3030,62211,0.07016115
3031,89648,0.0007400047
3032,101285,1.9263432e-05
3033,73373,0.0014888049
3034,80446,0.028931597
3035,99041,1.3524641e-10
3036,87279,0.06433432
3037,35518,0.009159205
3038,63606,0.0023467834
3039,17733,1.1017051e-07
3040,18144,0.027147863
3041,37235,0.0077906027
3042,105146,1.3592353e-06
3043,75821,0.0007400047
3044,10406,0.015654262
3045,33352,1.977663e-10
3046,31097,0.018525936
3047,8102,6.930697e-07
3048,70847,1.8134111e-14
3049,35771,6.352631e-08
3050,40620,7.9036927e-10
3051,3243,8.3174555e-08
3052,93296,0.032136623
3053,20035,1.4088482e-07
3054,26058,0.06445305
3055,22117,0.010537614
3056,71257,0.00035717452
3057,96049,1.3771586e-08
3058,14888,0.11437819
3059,94268,0.0021675031
3060,63556,0.0028888308
3061,110478,0.032177687
3062,115917,0.032865044
3063,10186,2.0626747e-05
3064,42912,1.977663e-10
3065,24822,4.6353753e-06
3066,3645,0.032525297
3067,76878,0.00020203156
3068,93049,0.0006647029
3069,7686,3.6878865e-07
3070,50693,0.03113307
3071,16372,7.542638e-09
3072,77167,5.999016e-15
3073,46569,0.027271394
3074,114394,3.087839e-08
3075,70831,0.06482158
3076,62839,0.05926452
3077,102240,0.05926452
3078,25303,0.00017287674
3079,10632,5.5244524e-05
3080,87631,0.02897164
3081,104252,0.0084629385
3082,23699,0.0019705053
3083,112570,5.1412004e-16
3084,56051,0.03294483
3085,6861,5.971092e-08
3086,84028,0.05452379
3087,108015,0.0005506846
3088,90629,0.0042148116
3089,80595,1.3850567e-06
3090,42290,0.018125536
3091,57555,0.009159205
3092,75604,6.2310985e-13
3093,77873,0.0006742901
3094,75423,8.5222837e-07
3095,75490,0.00013327887
3096,29355,0.006285153
3097,49793,6.481175e-12
3098,33430,0.41461223
3099,53547,0.0025845168
3100,19704,1.2654418e-07
3101,94466,0.009558456
3102,71665,0.00018111977
3103,15087,3.747877e-08
3104,14739,1.5836567e-10
3105,54419,0.0005010382
3106,101358,0.009611095
3107,11229,1.2338515e-05
3108,46422,0.04562465
3109,43120,1.4217667e-11
3110,37745,0.027915554
3111,4907,2.5813065e-06
3112,25728,2.731556e-07
3113,36354,0.00067582063
3114,27172,0.00017287674
3115,97124,2.1185795e-05
3116,94491,0.05926452
3117,45253,8.487901e-05
3118,30952,1.7517035e-05
3119,21137,0.20597227
3120,111339,9.824613e-08
3121,93989,6.181379e-05
3122,73934,1.1216871e-07
3123,61738,0.019502632
3124,108296,0.010317226
3125,85731,1.0076045e-06
3126,113076,4.2143606e-06
3127,63015,0.005772953
3128,33120,2.8629932e-09
3129,18459,9.4504195e-08
3130,11778,1.3501245e-09
3131,46936,0.009601473
3132,39513,0.027618969
3133,2332,0.104424424
3134,2526,1.2604337e-07
3135,9994,0.00070688233
3136,109484,2.712956e-12
3137,13091,3.921769e-15
3138,78334,0.017147802
3139,45853,7.140807e-08
3140,83080,1.3829817e-11
3141,100306,1.2002102e-12
3142,1372,0.0037447906
3143,57862,0.05926452
3144,111810,0.032177687
3145,32866,0.010359154
3146,44020,0.009601473
3147,62605,1.3356072e-09
3148,75736,0.01954178
3149,38204,0.10389486
3150,2369,0.010391143
3151,69028,0.048092566
3152,49191,0.10754466
3153,113035,0.004052996
3154,63987,1.5016004e-09
3155,73894,0.0007400047
3156,1083,3.5959552e-08
3157,109939,0.009611095
3158,114754,1.4815644e-08
3159,58434,0.06433432
3160,96740,0.055277847
3161,99013,0.0006647029
3162,26617,1.7007508e-06
3163,89964,0.008979334
3164,87018,0.000528029
3165,22859,1.7108568e-05
3166,54563,6.7401635e-09
3167,3582,0.009490432
3168,33866,0.028627647
3169,80465,0.018107578
3170,83300,0.00046783456
3171,75713,0.0047364547
3172,95154,5.999658e-11
3173,70438,0.32997808
3174,19731,1.1155569e-06
3175,76277,0.00013327887
3176,2377,0.008984137
3177,115263,0.00048994605
3178,50690,0.018107578
3179,62217,0.029848313
3180,76671,0.031167235
3181,115459,1.0175081e-06
3182,12661,8.466112e-09
3183,106147,0.004052996
3184,75274,9.808837e-06
3185,34442,2.8358083e-13
3186,88906,0.007213677
3187,115495,0.031146465
3188,111630,7.4690586e-05
3189,27073,0.0077906027
3190,113178,1.8733826e-07
3191,67258,1.4819035e-08
3192,107539,0.0011136024
3193,30545,0.005194104
3194,10677,2.4003307e-07
3195,14846,4.5294226e-09
3196,87043,5.588897e-10
3197,93417,9.968833e-06
3198,6887,0.0001433871
3199,63373,9.8406e-06
3200,73889,0.0040748757
3201,4439,0.00056975585
3202,102230,0.018107578
3203,83754,0.008121043
3204,45667,0.01931029
3205,104151,0.0001483355
3206,32693,0.02718392
3207,107808,6.3775034e-09
3208,101395,0.00013314575
3209,9858,0.0032853102
3210,88064,1.4077636e-16
3211,110356,1.8966281e-07
3212,32275,0.0014862727
3213,34607,1.977663e-10
3214,114776,5.111497e-08
3215,41848,0.009169346
3216,106997,0.0038399606
3217,106939,0.032177687
3218,114580,6.7795945e-08
3219,4126,0.005188494
3220,40149,0.00034621728
3221,14088,2.1140982e-08
3222,21939,3.8109036e-14
3223,79196,0.08087044
3224,21172,2.514071e-08
3225,103691,0.018143823
3226,57655,0.018107578
3227,13812,0.010311361
3228,67812,0.009609334
3229,1197,5.906582e-12
3230,7413,0.0047263433
3231,26574,8.425453e-09
3232,88206,1.7844508e-05
3233,79459,0.018134167
3234,21595,6.3164895e-05
3235,102006,0.0015083309
3236,55245,1.0237271e-09
3237,27596,0.018125536
3238,7631,0.026641795
3239,19312,0.054374717
3240,48684,7.1043155e-07
3241,4339,0.08285551
3242,93902,8.487901e-05
3243,45178,0.009601473
3244,16930,0.0688517
3245,33770,0.009558456
3246,66940,0.0006636983
3247,113680,0.019548833
3248,83826,9.040506e-08
3249,31976,5.8432626e-05
3250,32338,6.2159056e-09
3251,31065,6.1479854e-14
3252,57576,0.0075330995
3253,22538,0.00067582063
3254,83602,6.022333e-08
3255,61504,0.042961393
3256,82552,0.04974522
3257,106467,0.00022972673
3258,6924,0.008955581
3259,59140,0.06433432
3260,41249,2.044606e-05
3261,64544,6.812772e-07
3262,93438,0.0006647029
3263,27160,0.0042110747
3264,29860,0.027070584
3265,1002,0.0095750205
3266,104921,0.00030630614
3267,36788,0.009159205
3268,63000,4.4399034e-08
3269,26504,7.701556e-05
3270,105701,0.021550737
3271,75299,2.467912e-10
3272,11683,4.087259e-05
3273,77495,0.00024887492
3274,101632,0.0055272486
3275,62673,1.953211e-07
3276,1691,1.8847601e-07
3277,98361,0.0019243036
3278,76545,0.06531476
3279,3773,0.008268267
3280,92514,1.6968754e-06
3281,92258,2.3716605e-11
3282,112962,0.00018628401
3283,8486,1.5748552e-05
3284,104687,5.0711677e-08
3285,36871,0.019502632
3286,23168,0.009601473
3287,14092,0.007206219
3288,112451,0.0077135977
3289,99380,1.7145592e-11
3290,15807,8.3600596e-13
3291,31777,0.027684728
3292,46223,2.2943973e-09
3293,43736,3.0990603e-09
3294,80253,0.009609334
3295,96865,1.9561894e-05
3296,16943,1.1155569e-06
3297,105274,0.007997473
3298,94811,2.8069447e-08
3299,3600,0.009085741
3300,109863,0.009611095
3301,55493,0.00266249
3302,26834,0.00011091483
3303,73153,0.009609334
3304,86336,0.0007400047
3305,105604,0.018143823
3306,76251,9.808837e-06
3307,31775,0.0012578603
3308,44319,1.6979336e-10
3309,49262,8.683058e-06
3310,69137,0.004728661
3311,73635,0.0006742901
3312,26616,0.009159205
3313,80071,1.6498988e-10
3314,113832,5.235971e-05
3315,110118,1.9561894e-05
3316,46215,0.0012398196
3317,111070,3.539129e-07
3318,102930,3.0133288e-07
3319,19028,0.027147863
3320,39130,1.5071533e-05
3321,111445,1.5068624e-09
3322,16033,0.0077906027
3323,13691,0.018107578
3324,111607,3.555951e-09
3325,65610,0.0026451752
3326,89067,0.009105743
3327,28205,6.9301545e-06
3328,36476,0.054374717
3329,30945,2.5537382e-13
3330,48363,1.0242729e-11
3331,76221,0.0007400047
3332,83083,0.0010996143
3333,94940,0.00093502575
3334,109455,1.3013912e-06
3335,16588,0.006932496
3336,67878,0.0006742901
3337,8775,0.0021600947
3338,60914,0.0047364547
3339,5806,3.2295205e-07
3340,38376,6.3349525e-08
3341,26654,0.0070489813
3342,90160,0.06482158
3343,9747,8.91272e-06
3344,32804,3.4170482e-11
3345,82518,0.04974522
3346,44515,5.565799e-11
3347,27323,0.0025526127
3348,77663,0.027994813
3349,105199,0.004895277
3350,79654,1.9561894e-05
3351,24057,0.0077906027
3352,31942,1.3072475e-06
3353,69387,2.0800051e-07
3354,51893,0.054374717
3355,63296,0.0006751025
3356,32333,0.0028477935
3357,47447,0.0042110747
3358,28615,0.018125536
3359,76145,0.018107578
3360,12713,1.4969605e-11
3361,74556,0.28326577
3362,29235,3.617635e-14
3363,3907,1.3579147e-05
3364,111636,0.015508021
3365,105380,0.07462092
3366,83345,1.9782516e-05
3367,33340,2.9392435e-05
3368,9406,7.0561306e-05
3369,95093,0.06451
3370,109913,0.009170086
3371,55012,0.009558456
3372,108089,6.47697e-13
3373,3858,1.7920762e-06
3374,41025,1.6467972e-12
3375,47139,0.14404759
3376,78189,9.968833e-06
3377,96,0.028905047
3378,69487,0.007213677
3379,11827,0.00083229045
3380,33076,0.0062258933
3381,9862,2.4966695e-10
3382,60423,1.4819035e-08
3383,5395,1.1267546e-06
3384,78365,1.977663e-10
3385,40375,0.0008483992
3386,56846,0.0017333619
3387,60360,8.8586385e-05
3388,98009,5.9392704e-07
3389,47697,0.004020566
3390,75882,0.028931597
3391,52627,8.155776e-11
3392,55034,0.00266249
3393,25186,0.0077906027
3394,77004,0.004193047
3395,111089,1.9561894e-05
3396,34299,1.5528073e-07
3397,6377,0.0038721084
3398,53457,0.00047096336
3399,17259,0.006932496
3400,5877,2.7184865e-06
3401,23687,0.07705828
3402,51978,0.0003154658
3403,42618,8.0888385e-05
3404,1646,5.722574e-07
3405,50427,2.1846491e-09
3406,105869,0.0006647029
3407,53668,0.0006647029
3408,27913,0.022969535
3409,68884,0.0042148116
3410,48474,0.0015360629
3411,36840,1.7777873e-05
3412,90710,0.0042148116
3413,78601,0.00017896295
3414,19198,2.6236471e-11
3415,56858,6.001694e-15
3416,7754,0.010467954
3417,101964,0.003156181
3418,33022,8.758173e-14
3419,4400,0.0037447906
3420,14710,0.033291984
3421,42157,9.749775e-08
3422,112663,8.111895e-09
3423,57466,0.0014862727
3424,66545,0.0009905635
3425,115004,4.7817045e-10
3426,36580,0.047630355
3427,29729,0.0042110747
3428,42058,0.019502632
3429,102215,0.009170086
3430,58189,0.06433432
3431,32284,0.0056379135
3432,41945,0.0018128384
3433,12799,2.3289454e-06
3434,38818,3.5735165e-11
3435,82322,5.1543375e-06
3436,115685,3.2087114e-10
3437,61630,0.00013526439
3438,47618,0.018125536
3439,77333,5.624756e-06
3440,90982,0.004193053
3441,48526,0.0023459184
3442,7286,0.005188494
3443,56591,0.004193047
3444,24029,1.7777873e-05
3445,24607,0.027915554
3446,87893,0.0009975367
3447,86441,0.018107578
3448,17618,0.011466325
3449,113481,0.00011169344
3450,43566,3.595677e-14
3451,69055,1.4051207e-07
3452,6838,0.009692641
3453,55835,0.025216931
3454,14961,0.00916275
3455,8598,0.00089240255
3456,29512,1.6999523e-10
3457,84983,0.0026451752
3458,1821,0.015276665
3459,33093,4.8360084e-07
3460,20743,0.023214001
3461,102691,2.6967614e-12
3462,63644,3.6225684e-12
3463,96496,0.02426992
3464,81383,2.3607122e-06
3465,95672,0.009611095
3466,84767,0.0007400047
3467,103878,0.0037722404
3468,80413,0.009609334
3469,21221,1.0957586e-13
3470,82994,0.04974522
3471,83745,0.002328324
3472,82904,0.04334703
3473,36638,0.008369416
3474,68537,3.1787848e-05
3475,23855,8.4646873e-10
3476,98228,9.627137e-07
3477,105007,0.08087044
3478,95291,0.011915572
3479,51376,8.582986e-08
3480,98345,1.32698245e-11
3481,27553,0.011837281
3482,4782,0.00909721
3483,59120,0.005194104
3484,16587,0.006932496
3485,42279,0.009601473
3486,50943,0.023214001
3487,59746,2.5519453e-10
3488,115859,2.7864663e-08
3489,55231,0.0007400047
3490,5403,1.0735298e-06
3491,1147,0.0009032256
3492,57367,7.286733e-05
3493,79784,9.807219e-06
3494,115257,3.6298792e-12
3495,115183,0.048092566
3496,105169,0.018143823
3497,64356,8.109871e-12
3498,35417,9.968833e-06
3499,115770,0.010320635
3500,40212,0.005223745
3501,86343,0.01763777
3502,77397,2.3185566e-10
3503,18980,0.028905047
3504,4473,0.097600184
3505,44134,0.06445305
3506,25811,0.033279814
3507,115298,1.5621813e-06
3508,32196,5.845379e-06
3509,28434,2.8973458e-05
3510,14407,3.2858134e-07
3511,33712,0.0100853825
3512,39672,0.07016115
3513,109465,6.1693536e-05
3514,64903,0.039952856
3515,60676,2.9322849e-09
3516,104389,1.9793273e-05
3517,88166,9.8406e-06
3518,35413,1.977663e-10
3519,98644,0.0008230805
3520,59731,0.00013526439
3521,75206,0.0002549031
3522,75478,2.2979727e-08
3523,75504,4.98299e-10
3524,29311,0.000509919
3525,46534,0.009601473
3526,36600,2.812991e-15
3527,58401,2.3205368e-08
3528,115779,0.010320635
3529,102190,0.002341042
3530,68355,0.0012398196
3531,69287,0.009170086
3532,26753,1.3010992e-09
3533,1167,0.021887975
3534,4124,0.00909721
3535,108797,0.27494743
3536,27071,0.004713951
3537,97425,0.02576682
3538,45681,0.024478596
3539,54765,0.04562465
3540,5752,6.313699e-08
3541,110130,0.075796224
3542,14618,0.0042001335
3543,54350,0.026707362
3544,87597,0.017371042
3545,66618,0.00010423431
3546,87082,6.3785035e-07
3547,15861,5.121436e-05
3548,106501,0.00022718021
3549,96242,0.0069063785
3550,33627,0.019502632
3551,50298,0.009558456
3552,3729,0.00729189
3553,106742,0.004610218
3554,66968,0.0028958032
3555,30575,4.986848e-05
3556,64348,7.4188294e-10
3557,76282,0.028931597
3558,22406,9.73071e-09
3559,40821,1.2402247e-10
3560,34742,0.0076080156
3561,2611,0.0007913125
3562,69521,1.2656523e-12
3563,99863,4.4822524e-08
3564,110746,1.9561894e-05
3565,52996,0.00056911266
3566,37766,0.065604225
3567,12155,2.1429395e-07
3568,94688,0.00018016814
3569,41144,3.014407e-11
3570,78692,0.0003453031
3571,100090,0.018134167
3572,113160,9.446033e-06
3573,25293,0.3480044
3574,50988,0.0048444965
3575,30764,0.000509919
3576,29960,0.031180395
3577,17333,0.0027180442
3578,14313,8.715646e-06
3579,95829,5.6069364e-08
3580,8013,2.4003307e-07
3581,35786,5.5845017e-08
3582,30568,0.008369416
3583,48362,1.00492325e-05
3584,49720,0.005666774
3585,96789,0.010311361
3586,64218,7.18893e-14
3587,35665,3.428013e-12
3588,34031,7.67301e-06
3589,37517,0.009169346
3590,23422,0.04562465
3591,33113,5.5884843e-09
3592,6190,6.715523e-05
3593,69379,0.030886786
3594,107254,1.0660432e-14
3595,69752,3.1407544e-05
3596,111165,0.0011293961
3597,53061,0.00020545091
3598,79394,9.002675e-10
3599,40904,4.3626235e-12
3600,79376,0.1712599
3601,60205,0.005194104
3602,115596,3.568173e-05
3603,25979,0.009601473
3604,14524,0.0014704193
3605,17803,0.027915554
3606,11290,0.0014277677
3607,57883,0.06433432
3608,410,8.555445e-05
3609,33723,4.1358217e-10
3610,61374,0.043131772
3611,46735,0.009601473
3612,79201,9.0919645e-09
3613,58775,0.018370343
3614,14849,6.0173835e-07
3615,115352,8.627425e-06
3616,114095,6.116631e-09
3617,102802,1.5068624e-09
3618,57396,2.343263e-07
3619,64645,1.0641146e-08
3620,64167,0.0010763028
3621,71893,0.018107578
3622,17468,3.9745873e-15
3623,70388,8.395618e-12
3624,13689,3.0867454e-11
3625,12726,0.009161325
3626,81509,1.3527262e-08
3627,92581,0.018370343
3628,97601,0.004010236
3629,20059,0.018525936
3630,81800,0.0077906027
3631,67919,0.00076586317
3632,60121,0.0052347747
3633,14857,4.7619727e-07
3634,90323,0.000108566055
3635,59681,0.031558465
3636,87169,2.462311e-11
3637,111336,3.86252e-12
3638,106234,1.868828e-05
3639,3977,7.3480187e-06
3640,19861,0.0004960336
3641,7572,1.03299e-07
3642,63126,0.10200941
3643,89257,3.1514151e-12
3644,33642,3.3416065e-05
3645,105170,0.00030214753
3646,78287,0.0009905635
3647,61428,0.048092566
3648,3043,1.4573619e-05
3649,16056,0.0077916645
3650,93287,8.92935e-13
3651,102354,0.009170086
3652,95021,3.8004797e-05
3653,34130,0.009558456
3654,37181,2.2943973e-09
3655,10333,3.2513173e-05
3656,76337,2.9322849e-09
3657,51192,0.004420008
3658,58101,0.00013415226
3659,74407,0.004607776
3660,19250,9.586165e-07
3661,14894,0.018107578
3662,106878,0.0008218755
3663,77709,1.8578606e-06
3664,567,0.0048500197
3665,29341,0.0014259123
3666,79549,0.009611095
3667,92253,9.968833e-06
3668,52233,0.0077906027
3669,105109,0.018143823
3670,82922,8.094695e-05
3671,82787,0.0077906027
3672,38947,0.01763777
3673,75819,0.060112506
3674,104301,0.001333864
3675,85363,1.1209883e-10
3676,19150,1.8107553e-08
3677,45397,4.3897448e-11
3678,5048,0.028526781
3679,66740,4.2209525e-09
3680,55909,0.040115204
3681,85707,2.3919196e-05
3682,44790,0.009169346
3683,62821,1.566166e-09
3684,17315,0.019502632
3685,80613,3.624727e-11
3686,105338,0.004610218
3687,72625,0.002814115
3688,43280,1.0546139e-08
3689,93829,1.3240664e-09
3690,21550,6.2159056e-09
3691,77090,2.9635823e-08
3692,34385,0.0077906027
3693,9349,0.0006062326
3694,56088,0.023273004
3695,39500,0.010152991
3696,5477,4.551725e-16
3697,38504,0.019502632
3698,108078,0.004610218
3699,95438,7.522898e-05
3700,81377,1.0209728e-07
3701,29593,0.0012097919
3702,85286,2.145644e-10
3703,98834,0.010314077
3704,37963,0.15853351
3705,24079,0.0069047827
3706,48275,0.0006636983
3707,108663,0.0006647029
3708,19177,0.00037749737
3709,104806,0.0089902915
3710,91003,2.2757132e-09
3711,50084,0.009558456
3712,12348,0.009567516
3713,39379,0.0022512635
3714,47971,9.539657e-10
3715,13643,0.02090601
3716,115497,0.009558456
3717,190,0.00688787
3718,24416,0.009601473
3719,77006,2.9520499e-05
3720,109054,0.023214001
3721,98111,0.002272817
3722,74394,0.0058086915
3723,12526,0.02718392
3724,4216,0.008267238
3725,18997,0.0065296283
3726,18316,8.739742e-12
3727,72566,2.168955e-09
3728,69323,0.021894407
3729,20576,0.00017287674
3730,87275,3.54568e-11
3731,47890,1.6020905e-12
3732,34750,8.397945e-11
3733,104101,0.046888195
3734,85186,0.054374717
3735,86309,4.1383512e-07
3736,111694,0.02897164
3737,63138,1.9561894e-05
3738,105883,1.2605588e-07
3739,97731,1.8257985e-07
3740,18467,0.07016115
3741,30939,0.009558456
3742,103046,3.0243573e-08
3743,90433,0.04974522
3744,63761,1.5326912e-06
3745,110976,0.009159205
3746,56587,0.054374717
3747,50821,0.0003221182
3748,66763,1.0946165e-12
3749,35777,0.009558456
3750,95649,0.059353366
3751,42571,0.0040224534
3752,96903,8.890056e-10
3753,87013,2.0479365e-12
3754,53635,2.8267604e-11
3755,98313,1.4570784e-13
3756,88292,9.917045e-10
3757,107410,2.7846493e-08
3758,954,0.0032853102
3759,85990,0.0007400047
3760,50195,0.054374717
3761,38844,0.027684728
3762,36744,0.009068372
3763,34823,0.06433432
3764,102149,1.1878301e-06
3765,105849,4.2252974e-05
3766,64496,5.617196e-07
3767,12734,0.018107578
3768,99186,0.004052996
3769,53084,1.9561894e-05
3770,101596,0.025134135
3771,110051,2.9939513e-11
3772,26146,8.910579e-10
3773,66057,2.064999e-08
3774,33089,0.027070584
3775,23929,0.009601473
3776,79782,0.003156181
3777,51219,0.0004920569
3778,8957,0.0014277677
3779,115387,0.00012380166
3780,41801,1.0850309e-06
3781,112490,0.08087044
3782,114464,7.95611e-15
3783,14414,5.121436e-05
3784,95289,2.6908154e-07
3785,99558,0.02897164
3786,55336,9.968833e-06
3787,93929,0.027316395
3788,111676,0.059533693
3789,33018,0.0077906027
3790,31981,7.987444e-07
3791,17555,0.028905047
3792,56383,0.024833668
3793,101495,0.009169436
3794,43131,3.1376995e-11
3795,45587,0.009601473
3796,61480,5.6208077e-10
3797,11660,2.680082e-06
3798,104905,2.9579827e-14
3799,26184,0.00077251426
3800,1477,0.03252788
3801,66015,1.0978146e-10
3802,12274,2.1992028e-06
3803,56378,0.0056132367
3804,108529,0.0006742901
3805,86768,1.6130953e-08
3806,49085,0.009558456
3807,109264,6.7741324e-14
3808,95693,0.0043916465
3809,54002,0.015160915
3810,68388,0.00042246477
3811,52011,0.018917745
3812,91688,0.00010681258
3813,108786,0.0005268644
3814,60764,0.010311361
3815,57722,0.006883253
3816,75320,0.00046791197
3817,91492,1.1846237e-09
3818,56861,0.027308173
3819,100923,0.00019497426
3820,25778,0.009159205
3821,5771,0.010391143
3822,82711,0.0042148116
3823,33045,7.784085e-09
3824,92727,0.00013489742
3825,345,0.0013995677
3826,52000,0.009558456
3827,69929,0.027684728
3828,107997,2.8245575e-10
3829,27975,0.0041323192
3830,3518,1.2972492e-05
3831,73884,2.2757132e-09
3832,80599,3.736022e-12
3833,83749,5.308295e-09
3834,90104,0.0007400047
3835,13004,9.1391936e-11
3836,18282,0.031115428
3837,108583,0.002272817
3838,110877,0.08092284
3839,108462,0.0011676986
3840,89759,0.009170086
3841,3003,0.0043288292
3842,46050,0.01929331
3843,60016,0.018107578
3844,13201,3.595677e-14
3845,72036,0.07983019
3846,94967,2.2275926e-05
3847,83226,4.61024e-12
3848,25002,9.003821e-05
3849,54951,0.00048040142
3850,112144,0.08087044
3851,80425,1.9245437e-05
3852,15761,0.019241376
3853,78890,0.0014888049
3854,85031,0.0005303402
3855,2846,2.27157e-06
3856,77514,2.7001231e-08
3857,73812,6.7178694e-09
3858,83728,0.0040224534
3859,49694,0.0565374
3860,10739,0.0004819995
3861,22296,0.00010765167
3862,60230,0.018107578
3863,87948,0.018134167
3864,85431,9.807219e-06
3865,63227,0.07983019
3866,51844,1.3356072e-09
3867,4677,0.00021729607
3868,55630,0.0005303402
3869,103020,0.07983019
3870,111440,0.048092566
3871,12985,0.007772865
3872,32399,0.006883253
3873,84836,2.2757132e-09
3874,35531,1.0792295e-09
3875,31059,3.9828687e-05
3876,110764,0.007213677
3877,87408,0.018107578
3878,59427,0.018107578
3879,48993,2.0853146e-09
3880,105188,1.7626794e-12
3881,106835,3.568173e-05
3882,90471,4.8196336e-09
3883,30338,0.009558456
3884,88977,0.05926452
3885,23383,0.009169346
3886,68318,2.632378e-08
3887,105105,1.9945567e-08
3888,1006,0.0032853102
3889,45579,9.965719e-10
3890,60695,0.0012669662
3891,100673,0.059353366
3892,103852,3.211697e-07
3893,102781,0.0019673521
3894,110802,0.027316395
3895,43304,0.07016115
3896,15009,1.2823946e-16
3897,98858,2.864199e-10
3898,8320,8.3489874e-07
3899,107593,0.000260735
3900,55438,0.009558456
3901,7642,0.000118820826
3902,74763,3.8596945e-11
3903,25335,1.1598475e-08
3904,36375,2.1818467e-09
3905,82310,0.0007400047
3906,100364,0.0070739565
3907,12935,0.065942466
3908,13136,0.00013526439
3909,54515,0.00020545091
3910,5592,0.06455465
3911,47112,0.00487458
3912,86306,5.999658e-11
3913,23729,0.004334744
3914,52392,3.802325e-05
3915,79775,0.01954178
3916,68141,0.0028958032
3917,106533,0.0007412293
3918,71977,0.054945264
3919,75782,0.0007400047
3920,110784,1.2902754e-12
3921,41049,0.00017287674
3922,50739,1.977663e-10
3923,92008,1.0979047e-10
3924,67681,0.048092566
3925,23297,0.027917715
3926,8628,2.7250535e-06
3927,74703,7.8509105e-10
3928,92906,0.018134167
3929,104189,0.004052996
3930,101132,1.533122e-07
3931,72312,0.0028958032
3932,93396,0.08087044
3933,3741,0.000118820826
3934,94451,0.018134167
3935,97421,0.0074040866
3936,72391,1.9561894e-05
3937,85910,9.5204316e-09
3938,55159,7.062689e-07
3939,12592,1.1084373e-11
3940,31183,1.0645865e-06
3941,14539,8.739742e-12
3942,100124,0.0021675031
3943,99027,0.0007400047
3944,42043,0.0077906027
3945,86756,0.0007400047
3946,67727,1.15617254e-07
3947,16241,0.00916275
3948,2060,0.0071619675
3949,46099,0.0077453903
3950,83526,0.0034842058
3951,39623,0.009601473
3952,33104,0.010311361
3953,50649,0.0100853825
3954,20493,1.1155569e-06
3955,50835,2.0700624e-12
3956,92433,1.9561894e-05
3957,110237,0.000260735
3958,70993,8.0656355e-07
3959,34721,0.027070584
3960,96907,5.236988e-11
3961,52309,9.967344e-08
3962,7017,1.0204593e-05
3963,49425,1.4567329e-06
3964,103910,0.0026269308
3965,8428,0.0101294415
3966,50026,1.6443442e-14
3967,71771,0.027308173
3968,69117,0.048092566
3969,60117,0.4239294
3970,66428,5.9166055e-06
3971,58486,0.010311361
3972,94630,0.02426992
3973,87022,4.4126512e-08
3974,115093,1.3046706e-06
3975,101381,6.171827e-17
3976,91734,8.617935e-06
3977,105342,1.0588919e-06
3978,32651,0.04562465
3979,64199,0.0009905635
3980,112607,0.009159205
3981,96564,0.0042148116
3982,83379,3.9524602e-11
3983,51203,0.018107578
3984,58954,1.27083e-06
3985,80864,0.044862695
3986,69398,1.9793273e-05
3987,24384,0.00020918605
3988,48252,9.917045e-10
3989,27101,1.5686319e-05
3990,58060,0.0038918324
3991,52760,9.789585e-06
3992,36852,0.009601473
3993,55657,2.833613e-13
3994,8448,0.005794769
3995,12771,3.707507e-08
3996,37435,0.0042110747
3997,68554,8.235865e-10
3998,22727,0.008979334
3999,89144,9.544526e-08
4000,48773,1.7575201e-06
4001,42930,0.019849384
4002,35372,7.144613e-05
4003,87080,0.0007400047
4004,86257,1.9561894e-05
4005,26251,0.0042110747
4006,106864,0.004052996
4007,88722,0.028832536
4008,106640,0.04721201
4009,106509,0.009611095
4010,61317,0.05926452
4011,52943,0.019502632
4012,68573,0.00020545091
4013,8129,0.00039637033
4014,70913,0.00041128387
4015,27184,3.6637724e-05
4016,9314,0.041634236
4017,100346,0.026707362
4018,84089,0.054374717
4019,57541,0.00087073527
4020,110370,0.0005076782
4021,49734,0.06433432
4022,108477,0.0029807393
4023,7910,0.0012179903
4024,17266,2.401703e-06
4025,38222,0.00087803364
4026,28765,2.9588605e-06
4027,34963,0.0026789745
4028,48,6.6204506e-15
4029,47621,2.9847284e-05
4030,46982,0.06445305
4031,31464,3.4880245e-09
4032,25731,3.726969e-12
4033,36735,0.011184858
4034,84571,0.009609334
4035,51446,0.0025845168
4036,38101,0.0007366325
4037,96773,0.08258882
4038,68148,1.6177438e-07
4039,81131,0.0038918324
4040,25277,0.007976294
4041,63154,0.0025845168
4042,109211,2.712956e-12
4043,31759,0.054374717
4044,69644,2.1369996e-12
4045,93625,0.009611095
4046,60677,0.0015616057
4047,37352,0.00013526439
4048,94819,1.892282e-05
4049,48482,0.1078823
4050,32060,0.031180395
4051,84027,0.054374717
4052,60551,0.00024887492
4053,89125,1.985178e-12
4054,37521,0.14404759
4055,106498,0.050217867
4056,90839,0.009609334
4057,94678,1.0412976e-05
4058,112573,7.1660305e-13
4059,45594,0.0042110747
4060,50868,2.1818467e-09
4061,22952,0.007456785
4062,74420,8.314026e-09
4063,34612,0.00026873508
4064,16110,0.002639748
4065,57793,0.0038918324
4066,4197,5.722574e-07
4067,93652,0.0006951967
4068,4467,1.0347598e-09
4069,113975,0.046888195
4070,35443,0.06433432
4071,57432,9.968833e-06
4072,94014,0.0010097303
4073,65606,2.0696066e-06
4074,113256,0.0010063287
4075,64257,9.8406e-06
4076,55655,0.009159205
4077,76932,0.0028477935
4078,70437,0.00017166777
4079,5150,1.3227526e-06
4080,9246,4.5807846e-10
4081,59222,0.00970623
4082,43983,0.08333831
4083,34185,1.9513839e-06
4084,68154,8.860268e-05
4085,55183,1.0237271e-09
4086,72790,0.027684728
4087,85241,0.03858612
4088,95972,7.176751e-10
4089,44352,0.0020030206
4090,74195,0.048092566
4091,83600,0.036110673
4092,62377,0.054374717
4093,82161,0.015276665
4094,62550,0.0095750205
4095,11224,0.0016591736
4096,49366,0.019502632
4097,52044,0.0192844
4098,102659,0.018107578
4099,52964,0.0009940119
4100,112908,9.193888e-10
4101,34509,2.811079e-17
4102,27914,6.9301545e-06
4103,80198,0.002982897
4104,34041,0.009159205
4105,77160,2.101658e-09
4106,115741,0.0023459184
4107,82329,0.004607776
4108,6770,0.11214797
4109,45134,1.3607551e-05
4110,44943,2.1818467e-09
4111,7604,0.21233937
4112,65902,0.0014888049
4113,105192,1.5619218e-05
4114,69215,0.00066630886
4115,4540,0.023169983
4116,13539,2.6213408e-07
4117,90979,0.009609334
4118,49874,0.00011882467
4119,83824,6.121121e-10
4120,99592,0.0037722404
4121,74953,0.054374717
4122,95222,0.009558456
4123,46853,0.0027304147
4124,74154,0.3352981
4125,78674,6.820143e-14
4126,81591,0.054945264
4127,17721,3.421369e-06
4128,45270,3.705221e-06
4129,93504,1.0682417e-10
4130,84769,2.2757132e-09
4131,81201,0.00013489742
4132,30938,0.00013526439
4133,101427,0.032865044
4134,112879,0.00066182925
4135,14669,6.61988e-12
4136,62706,0.018107578
4137,50537,0.009558456
4138,108373,0.02897164
4139,79168,2.8725776e-12
4140,16736,0.00017992505
4141,91700,0.050105408
4142,42964,0.00034594888
4143,89645,0.0022499925
4144,28191,0.06552552
4145,6679,0.0012101504
4146,12414,3.0918833e-11
4147,87525,0.032136623
4148,63224,1.3356072e-09
4149,109386,1.9561894e-05
4150,4407,0.11006626
4151,28950,5.28088e-07
4152,29680,0.027579654
4153,48351,2.2063236e-09
4154,101694,3.1126987e-08
4155,6671,0.00091075443
4156,30123,1.0237271e-09
4157,92740,1.2883517e-13
4158,69437,0.0027180058
4159,59523,0.0025845168
4160,92165,0.0028367671
4161,97047,4.0839981e-10
4162,16150,0.018107578
4163,82266,0.0006647029
4164,44858,6.420713e-08
4165,45420,0.0015616057
4166,72504,0.07536306
4167,31437,0.009159205
4168,42771,3.6479295e-07
4169,104623,0.0008230805
4170,25766,0.009169346
4171,75539,3.062968e-12
4172,61071,0.0077906027
4173,74480,0.009170086
4174,20587,2.20639e-10
4175,41803,5.1101297e-09
4176,1808,8.713917e-06
4177,9741,0.038313698
4178,104157,0.00046304654
4179,48515,9.8406e-06
4180,76699,0.0005268644
4181,6224,1.8015318e-06
4182,95225,9.305002e-16
4183,76676,0.006289199
4184,63262,0.054945264
4185,51334,0.0020974563
4186,26498,0.0025526127
4187,58247,9.656891e-11
4188,17819,0.018370343
4189,112965,0.024748232
4190,8996,0.04516103
4191,113106,1.0595565e-14
4192,14815,5.386284e-07
4193,25936,0.05303671
4194,28510,5.4038185e-10
4195,3019,0.0024596716
4196,36534,2.1818467e-09
4197,69967,3.0988133e-12
4198,100512,1.1848547e-06
4199,110289,0.24418624
4200,82289,0.0028958032
4201,44170,0.004446118
4202,115063,0.0001579341
4203,93577,0.0002781712
4204,12499,0.009567516
4205,45495,0.02014627
4206,101208,5.743022e-07
4207,29728,0.0042110747
4208,26724,0.0009799172
4209,63979,0.0047364547
4210,46370,0.00056991604
4211,108290,0.028577741
4212,15193,2.9444341e-10
4213,85954,1.9656752e-09
4214,41721,0.009169346
4215,45499,0.0009702986
4216,47088,3.6816223e-09
4217,72560,1.9561894e-05
4218,46866,0.009601473
4219,103280,0.0007412293
4220,14558,0.11335018
4221,104745,5.9643753e-12
4222,86059,0.031558465
4223,92079,6.2802006e-05
4224,67807,0.009609334
4225,42556,0.020628497
4226,103579,0.009170086
4227,72143,0.0012606154
4228,92892,0.007402212
4229,83053,0.0043856604
4230,4834,0.00909721
4231,23082,1.7910652e-09
4232,62669,0.0007400047
4233,25787,1.4273165e-06
4234,109961,0.018143823
4235,86543,0.009609334
4236,31846,0.00045577035
4237,13149,0.018107578
4238,21022,0.023214001
4239,87614,0.05926452
4240,2252,0.001424623
4241,67827,0.00909884
4242,57166,3.801583e-06
4243,22873,3.3730841e-12
4244,92197,0.037458137
4245,25180,7.709604e-08
4246,41411,0.009601473
4247,51193,0.0009799172
4248,109925,0.014717428
4249,38809,1.00964606e-07
4250,45003,0.009601473
4251,33713,0.009558456
4252,77563,0.028905047
4253,40431,0.0006946361
4254,47439,0.0688517
4255,24624,0.0009702986
4256,16406,0.027147863
4257,68465,0.009170086
4258,64509,0.0026408264
4259,97969,0.059353366
4260,98414,0.00066488946
4261,98681,0.0688517
4262,70524,1.1130999e-08
4263,41736,0.0015616057
4264,6810,1.3579147e-05
4265,105294,5.6428574e-11
4266,98015,0.059353366
4267,24313,0.0030199876
4268,42001,0.009601473
4269,48031,0.0025595534
4270,91907,0.046888195
4271,89945,6.24707e-09
4272,19272,0.00020980866
4273,49051,0.027070584
4274,25212,0.028905047
4275,23682,0.008955581
4276,63704,1.5016004e-09
4277,67061,0.0006636983
4278,78520,0.018107578
4279,35370,0.018107578
4280,42832,7.835374e-06
4281,45004,7.692506e-05
4282,62451,3.3229156e-10
4283,87375,0.0009975367
4284,88207,2.8593146e-13
4285,64741,0.0014888049
4286,10025,5.547882e-05
4287,69948,0.17404
4288,109919,0.00012380166
4289,6713,0.010467954
4290,40332,0.018107578
4291,103045,0.0069063785
4292,88704,0.002128976
4293,39230,8.020011e-11
4294,47798,0.009609334
4295,77035,0.0053932318
4296,16219,1.44245215e-11
4297,42412,0.009601473
4298,6490,0.030148443
4299,19538,4.9057175e-10
4300,69508,0.0042148116
4301,69528,0.010311361
4302,93905,0.02897164
4303,40948,0.009169346
4304,59076,9.8406e-06
4305,39017,0.00011645247
4306,60753,9.8406e-06
4307,69054,0.002884923
4308,103877,0.050217867
4309,79729,0.0028570136
4310,32409,1.0237271e-09
4311,99473,4.5060922e-05
4312,72488,0.0006647029
4313,58873,0.06334803
4314,91526,0.0023467834
4315,6762,0.00909721
4316,97858,0.0006647029
4317,28823,1.4549375e-05
4318,35586,1.2099652e-08
4319,55363,3.1613112e-09
4320,77072,1.9991534e-12
4321,40978,3.731443e-08
4322,438,3.7864344e-11
4323,30972,1.0237271e-09
4324,49326,0.0040224534
4325,508,0.026641795
4326,110180,3.2701295e-15
4327,60661,0.0040224534
4328,15868,0.0088350065
4329,10308,4.7224415e-07
4330,50032,0.0077906027
4331,55381,0.054374717
4332,26154,7.9151033e-07
4333,103935,6.9269563e-06
4334,64902,0.0014888049
4335,108344,1.7626364e-07
4336,63073,5.8262284e-10
4337,59759,2.581478e-08
4338,100206,0.031024758
4339,101822,0.059353366
4340,77259,3.6855024e-08
4341,70996,0.05926452
4342,41735,3.84417e-11
4343,9608,0.027112849
4344,106362,0.00024887492
4345,54023,1.0237271e-09
4346,55649,0.009159205
4347,7076,3.7060745e-05
4348,114985,0.0008079704
4349,47151,0.009601473
4350,12633,0.0036080985
4351,61338,7.90836e-12
4352,66591,1.2338983e-11
4353,10567,0.0009032256
4354,49859,0.018107578
4355,94746,0.004193047
4356,82346,0.0069063785
4357,51425,0.0004754211
4358,17483,5.3818694e-05
4359,100101,0.027316395
4360,15612,4.4407547e-10
4361,14834,1.2629991e-05
4362,34193,1.4817932e-08
4363,92991,1.0261349e-14
4364,14737,0.0013256258
4365,94426,0.02652651
4366,102051,0.003906985
4367,62507,0.0095750205
4368,99264,0.029035993
4369,39778,0.006010258
4370,12385,0.14867283
4371,72254,0.027308173
4372,51885,7.144613e-05
4373,88898,3.4873837e-10
4374,40532,1.0299096e-10
4375,55761,2.0700624e-12
4376,43658,4.0839981e-10
4377,84789,9.8406e-06
4378,16781,0.018107578
4379,36166,6.8370943e-16
4380,44938,0.0025845168
4381,83318,0.08333831
4382,22872,1.4825524e-10
4383,25051,4.008239e-14
4384,24910,6.217462e-12
4385,86911,1.6447537e-12
4386,55763,1.11849814e-10
4387,82245,0.009170086
4388,14400,0.0025845168
4389,108519,2.3736906e-09
4390,32996,3.1808003e-08
4391,41334,0.0015616057
4392,97939,0.007078895
4393,67193,5.1914725e-05
4394,89246,0.011915572
4395,12277,1.3476961e-06
4396,52184,0.52041566
4397,41974,0.009601473
4398,58802,7.3998256e-09
4399,54939,1.5134615e-09
4400,73624,0.009609334
4401,9866,1.3785766e-05
4402,69238,2.227576e-09
4403,31351,4.6171923e-08
4404,86156,9.8406e-06
4405,44379,0.019502632
4406,9329,1.4909697e-09
4407,54181,0.004420008
4408,92246,2.8979397e-07
4409,81550,1.9421379e-12
4410,2857,0.009085741
4411,94217,0.040398903
4412,63427,2.9691412e-06
4413,96095,1.5705549e-12
4414,102738,0.08087044
4415,52643,2.9322849e-09
4416,12376,0.011957734
4417,106046,0.0069063785
4418,76823,6.9947745e-08
4419,61842,6.880481e-14
4420,93037,0.05926452
4421,96790,4.1974972e-11
4422,91605,0.004607776
4423,111105,0.004193053
4424,108964,0.02897164
4425,74268,3.5452837e-07
4426,111970,0.0042148116
4427,74938,1.2338983e-11
4428,30069,2.4097519e-12
4429,52590,0.004607776
4430,105222,0.059533693
4431,22142,7.094412e-10
4432,79132,7.958855e-12
4433,67301,0.00010306723
4434,91720,0.01993061
4435,112703,0.0979692
4436,32048,0.009558456
4437,41359,0.00015333312
4438,53902,2.0700624e-12
4439,74299,0.0023459184
4440,1194,0.0005918708
4441,62921,0.06334803
4442,25362,5.211974e-12
4443,51239,0.002982897
4444,77059,1.0237271e-09
4445,3609,0.093860224
4446,33703,6.037226e-07
4447,103625,2.1470678e-11
4448,73848,1.9238586e-08
4449,90182,6.24707e-09
4450,49131,0.01929331
4451,45849,2.3760414e-09
4452,90922,0.00024887492
4453,107501,0.0011136024
4454,6033,8.653728e-06
4455,88243,0.0007400047
4456,6012,1.200818e-10
4457,75767,5.624756e-06
4458,110587,0.02897164
4459,107527,1.3046104e-09
4460,20745,0.00916275
4461,101749,0.040398903
4462,60536,9.557957e-07
4463,23373,0.010152991
4464,59757,0.0026451752
4465,53527,1.1477004e-11
4466,30131,1.0020513e-05
4467,113660,3.402008e-10
4468,12141,9.539986e-06
4469,34276,1.3565571e-09
4470,29529,4.2638199e-10
4471,45986,0.0037406534
4472,80975,0.0004526072
4473,1122,0.00063210167
4474,90892,0.05452379
4475,90226,0.032136623
4476,95197,0.0020006914
4477,115072,0.0025920197
4478,32198,0.00016798798
4479,108918,0.07812706
4480,112345,6.6339545e-10
4481,77993,0.24251205
4482,57674,5.012937e-06
4483,25073,0.0008616289
4484,35852,9.4530056e-14
4485,39350,0.01929331
4486,11745,1.6566699e-09
4487,110550,1.5815119e-12
4488,100298,0.009611095
4489,67330,0.027308173
4490,9400,0.00024492887
4491,68843,0.0028958032
4492,21601,6.7459376e-09
4493,7384,2.099872e-08
4494,94624,0.0073009557
4495,46831,1.00689085e-05
4496,76708,0.01954178
4497,62,5.2126456e-05
4498,32474,5.97328e-15
4499,3649,1.7727089e-06
4500,51703,0.009558456
4501,41837,0.0001163479
4502,33676,5.9054026e-11
4503,79353,0.059353366
4504,89078,0.0019243036
4505,96009,0.054945264
4506,675,2.9152583e-05
4507,108465,0.0006647029
4508,86169,9.917045e-10
4509,7909,1.001438e-06
4510,114579,0.10894316
4511,46044,0.009601473
4512,66563,1.0783807e-07
4513,44571,8.6842e-06
4514,21347,0.010449223
4515,953,1.001438e-06
4516,66702,0.0004671403
4517,15098,2.772296e-12
4518,96061,0.00012170924
4519,53119,4.3987778e-12
4520,101507,1.7705304e-12
4521,17928,1.44245215e-11
4522,29608,1.0202063e-05
4523,71558,0.03764239
4524,95497,0.059353366
4525,84033,0.009609334
4526,57909,5.6208077e-10
4527,101844,0.089536704
4528,47693,4.0532184e-05
4529,69086,1.0305021e-08
4530,66470,0.0014888049
4531,103335,0.17049421
4532,40728,0.008979334
4533,62252,8.375573e-06
4534,59919,1.9793273e-05
4535,25944,0.009169346
4536,85736,9.807219e-06
4537,101098,1.971333e-07
4538,33380,0.0056853113
4539,93899,0.00020140917
4540,39429,0.15853351
4541,22262,1.0979121e-08
4542,59826,1.4391842e-08
4543,65787,4.8342692e-05
4544,63266,1.5171645e-08
4545,84142,2.1416986e-10
4546,68069,0.048092566
4547,41092,0.0077906027
4548,10987,9.517033e-06
4549,114451,1.7103892e-10
4550,45839,0.06445305
4551,80330,0.009170086
4552,96316,0.010311361
4553,13389,0.012313596
4554,32422,0.009558456
4555,70096,0.032557424
4556,29090,7.286733e-05
4557,81641,8.093174e-05
4558,63947,0.0013912009
4559,24260,1.00689085e-05
4560,58726,9.5243664e-14
4561,53777,0.065604225
4562,54049,0.010311361
4563,106194,2.6448426e-09
4564,107616,0.059533693
4565,65876,6.621626e-11
4566,37966,0.010189462
4567,94645,5.999658e-11
4568,7322,0.0011278469
4569,102277,0.0006647029
4570,110688,0.08087044
4571,49346,0.00068002916
4572,68988,0.009609334
4573,12069,3.60892e-05
4574,1220,0.09650666
4575,18466,1.8840567e-10
4576,84765,0.018107578
4577,51887,0.027585078
4578,10564,0.00909721
4579,81751,8.581357e-10
4580,84216,3.5289178e-09
4581,85342,0.00032117372
4582,110958,1.9561894e-05
4583,90080,1.1913144e-05
4584,88461,2.1970615e-07
4585,115441,0.048208423
4586,64709,0.009105743
4587,35221,0.004193047
4588,35735,0.0077906027
4589,65436,0.0058086915
4590,80435,0.0006647029
4591,33136,1.0237271e-09
4592,62410,0.010311361
4593,33265,0.00015817177
4594,17314,1.1155569e-06
4595,61530,0.004563765
4596,87505,0.0007400047
4597,17892,0.004226581
4598,21406,4.836254e-13
4599,84787,0.009609334
4600,102341,0.000509919
4601,6732,0.041223805
4602,10046,0.023169983
4603,76838,1.9561894e-05
4604,73797,0.0007400047
4605,59978,0.089104
4606,2973,9.740421e-05
4607,4888,0.0068877526
4608,114881,1.0487912e-05
4609,64442,1.07289934e-10
4610,102706,1.9561894e-05
4611,105865,0.00085071806
4612,3693,0.00036243696
4613,13448,5.7894275e-14
4614,9429,0.0045545073
4615,39241,0.00067582063
4616,103242,0.04805257
4617,99187,3.1944504e-07
4618,40538,5.5044114e-10
4619,43198,0.00013526439
4620,93330,0.0007400047
4621,105997,1.1128881e-11
4622,37533,2.3639679e-05
4623,28332,0.0009799172
4624,90667,0.05926452
4625,24284,0.0077906027
4626,82886,0.0015616057
4627,84122,4.184111e-07
4628,44175,0.054374717
4629,103750,0.040398903
4630,10093,0.00909721
4631,19526,1.9750176e-13
4632,84223,0.026707362
4633,58477,0.004193047
4634,60313,0.006883253
4635,49417,6.037226e-07
4636,4846,0.06455465
4637,28069,0.076556616
4638,62864,0.05926452
4639,45896,2.54279e-15
4640,83320,6.9617195e-10
4641,55102,2.4996175e-11
4642,34359,0.0100853825
4643,102133,0.032150183
4644,47884,5.9166055e-06
4645,84486,9.9275625e-05
4646,46314,1.4131431e-10
4647,88946,9.371975e-12
4648,25479,2.1818467e-09
4649,111250,0.013123105
4650,30965,0.029844224
4651,108989,3.40941e-08
4652,105124,2.1770494e-09
4653,97647,0.050105408
4654,67238,0.0006636983
4655,78110,2.1818467e-09
4656,61931,9.844863e-10
4657,71670,0.0100853825
4658,31355,0.0042110747
4659,103044,3.539129e-07
4660,76812,9.626854e-12
4661,96503,0.009170086
4662,10294,0.015654262
4663,35398,5.0209037e-10
4664,58829,0.018107578
4665,64625,3.507396e-10
4666,39595,1.570112e-05
4667,4356,0.0036080985
4668,113027,0.0007412293
4669,66394,1.923583e-12
4670,45146,4.7045576e-09
4671,17548,2.484263e-07
4672,9891,3.195105e-05
4673,81175,0.0042148116
4674,13565,1.1598475e-08
4675,22037,2.4995883e-08
4676,22972,1.2654418e-07
4677,52846,0.009159205
4678,61752,0.03858612
4679,82802,0.028931597
4680,86501,0.004700123
4681,22955,0.012313596
4682,54226,0.0009104923
4683,34683,0.06433432
4684,95146,2.4745278e-08
4685,20526,0.0011895904
4686,83343,1.3850567e-06
4687,112372,7.572758e-11
4688,102696,0.05452379
4689,31093,0.001206168
4690,96459,0.021550737
4691,27956,0.018125536
4692,51087,0.005194104
4693,79693,0.027887167
4694,20780,0.0009615326
4695,21589,0.00055220624
4696,70942,0.04562465
4697,1155,0.0218213
4698,62723,0.05926452
4699,77824,1.9561894e-05
4700,11817,2.0708747e-07
4701,108272,4.6793854e-12
4702,59611,1.3027238e-12
4703,108034,0.018322613
4704,91430,0.0023467834
4705,68499,9.917045e-10
4706,37876,0.0005116518
4707,87323,6.939427e-07
4708,113052,0.024748232
4709,14350,0.0095750205
4710,88503,0.010449223
4711,15609,0.047805328
4712,23293,3.705683e-08
4713,39586,0.008979334
4714,85470,3.070581e-14
4715,25496,0.009601473
4716,112268,0.0026269308
4717,19963,1.3450523e-06
4718,3468,0.004466556
4719,42248,0.018125536
4720,8018,0.00041928442
4721,32302,2.5127933e-10
4722,83806,0.027887167
4723,10657,0.0075298175
4724,19714,1.3024165e-07
4725,114995,3.9973986e-07
4726,115296,0.0038881958
4727,44704,0.0003249299
4728,70631,0.26613113
4729,47995,0.0069063785
4730,18507,1.6569197e-09
4731,84906,0.000347609
4732,78952,0.0022512635
4733,27026,0.0009799172
4734,100484,4.86413e-12
4735,59147,0.03764239
4736,12881,5.173952e-05
4737,18953,7.111925e-15
4738,90856,0.0048444965
4739,113819,0.0035642562
4740,2785,0.0071619675
4741,60652,6.746584e-07
4742,11677,0.00909721
4743,38992,1.7642418e-10
4744,44769,2.135997e-06
4745,48607,2.5698765e-10
4746,5467,0.027112849
4747,49418,2.166788e-13
4748,104132,0.025134135
4749,115171,1.0703602e-11
4750,40751,1.0299096e-10
4751,81364,1.9561894e-05
4752,44944,0.019502632
4753,73548,0.11075718
4754,27349,0.00026873508
4755,97656,0.018917745
4756,3746,8.751615e-09
4757,24922,6.7835715e-10
4758,11945,0.0009815122
4759,15482,5.0708118e-11
4760,106477,0.0014888049
4761,92712,3.5289178e-09
4762,94895,0.0006647029
4763,26391,2.2996735e-08
4764,69143,0.033814374
4765,40401,5.208401e-14
4766,71228,1.0076045e-06
4767,48708,0.07016115
4768,37199,0.07821464
4769,73489,9.168207e-12
4770,11216,1.38698315e-08
4771,13430,0.07800011
4772,35687,0.009159205
4773,23567,0.009601473
4774,87088,0.002641423
4775,8906,0.00909721
4776,51556,0.00075535267
4777,74011,0.026707362
4778,17241,4.2206693e-07
4779,35246,0.06433432
4780,101222,7.580815e-09
4781,73438,3.560494e-05
4782,90246,1.9561894e-05
4783,115411,9.544526e-08
4784,64170,0.00012980783
4785,21341,0.0009615326
4786,44847,2.6777627e-11
4787,86556,7.926886e-05
4788,113739,0.0688517
4789,90429,0.04562465
4790,81571,1.9561894e-05
4791,86552,1.6129067e-09
4792,56896,0.06433432
4793,39181,1.7486627e-07
4794,103728,0.0005076782
4795,24584,0.0070868284
4796,4106,0.00013199943
4797,109413,7.724979e-06
4798,87075,3.548356e-09
4799,98176,0.0021675031
4800,8627,0.005794769
4801,17469,0.0012991268
4802,59828,0.006645921
4803,108522,0.0014891593
4804,21919,1.0172936e-05
4805,32317,0.010311361
4806,35623,0.0001512346
4807,41313,0.010311361
4808,57009,2.1048858e-18
4809,60081,0.06613988
4810,43643,6.44649e-17
4811,98576,0.059353366
4812,29189,2.7026927e-09
4813,80309,3.7479768e-12
4814,31105,0.002694702
4815,61596,2.8967039e-08
4816,57150,1.0273817e-08
4817,98141,0.19695735
4818,66762,9.8406e-06
4819,57063,0.00084267557
4820,82294,0.0047364547
4821,49336,0.06433432
4822,13422,0.06433432
4823,86809,1.2037012e-07
4824,20580,0.0039433776
4825,43033,0.005195277
4826,96570,0.055277847
4827,45351,0.08747747
4828,50910,0.00067849626
4829,72125,3.5559935e-08
4830,47661,0.009601473
4831,3634,0.08869992
4832,111978,0.04974522
4833,3340,0.04516103
4834,62155,0.054945264
4835,35775,1.8319657e-06
4836,75190,5.457468e-12
4837,26454,0.0042110747
4838,105242,1.4068736e-06
4839,79533,2.9102274e-12
4840,108531,0.03218229
4841,9074,7.3480187e-06
4842,41639,1.7108568e-05
4843,30856,0.00259658
4844,36226,0.018107578
4845,52225,0.004193047
4846,16862,0.0077906027
4847,37476,0.018125536
4848,100378,0.002328324
4849,11748,6.756097e-13
4850,100719,0.0005377152
4851,19600,0.051745117
4852,91837,8.630989e-05
4853,33439,0.00019091854
4854,37944,3.1616046e-06
4855,14903,6.841615e-07
4856,41436,0.065604225
4857,114595,1.0630666e-14
4858,42781,0.00067582063
4859,42288,0.0287143
4860,13416,6.2458065e-09
4861,65383,1.9577496e-05
4862,98984,0.031610955
4863,84993,0.010314077
4864,72537,0.004607776
4865,32761,0.019502632
4866,102598,1.0066477e-12
4867,114782,1.00093e-10
4868,94859,3.518787e-14
4869,66269,3.3229156e-10
4870,37610,1.9925434e-10
4871,65786,0.007568737
4872,11429,0.00909721
4873,68712,0.0006647029
4874,2648,0.001385026
4875,109379,6.7799665e-05
4876,83078,0.018917745
4877,102426,0.03426602
4878,32732,0.0014862727
4879,94692,0.0009905635
4880,3564,0.009085741
4881,57884,0.06433432
4882,21534,8.860169e-12
4883,40705,6.758594e-07
4884,44205,0.00487458
4885,9759,1.5782808e-06
4886,14726,2.772296e-12
4887,27602,0.07016115
4888,104376,0.033010963
4889,51607,4.093072e-08
4890,83975,0.009609334
4891,83792,0.048092566
4892,94587,1.477445e-11
4893,55935,0.054945264
4894,66580,5.1504074e-08
4895,33445,0.009068372
4896,35365,1.0852423e-05
4897,38402,2.298292e-12
4898,88398,0.00034621728
4899,111360,0.017747717
4900,111791,6.9947745e-08
4901,9333,0.000117956086
4902,47786,1.3012092e-08
4903,40137,0.010311361
4904,57407,0.000509919
4905,62540,3.247921e-06
4906,107855,0.00013489742
4907,32291,0.00088021404
4908,108393,0.055277847
4909,37069,0.04255834
4910,43695,0.00015333312
4911,69139,0.0010103625
4912,20053,0.0095750205
4913,78405,0.3114781
4914,62347,0.032136623
4915,92016,1.2706013e-08
4916,73813,0.0007400047
4917,66719,0.0009905635
4918,108639,1.560484e-11
4919,113890,0.050240614
4920,19015,2.1895175e-05
4921,19118,0.00017287674
4922,43779,0.009169346
4923,63759,1.8911573e-13
4924,57349,2.6882662e-05
4925,8209,5.569377e-06
4926,103463,9.6397725e-06
4927,74731,0.031449392
4928,90119,0.04974522
4929,95327,0.0013355096
4930,96779,0.019611884
4931,66592,2.4113904e-06
4932,66680,3.1047886e-08
4933,49064,0.033814374
4934,115696,1.2211402e-08
4935,23546,6.4853523e-09
4936,20597,0.00916275
4937,7857,2.4966695e-10
4938,7938,0.04516103
4939,77877,0.07016115
4940,61042,0.048092566
4941,27250,4.74007e-07
4942,23521,3.7408312e-14
4943,31053,0.0017553555
4944,15568,0.037623845
4945,100787,0.027316395
4946,111586,2.07317e-05
4947,26976,8.552308e-13
4948,95618,0.0008769738
4949,23897,2.1818467e-09
4950,97740,0.004010236
4951,92214,0.05926452
4952,29211,0.018125536
4953,59093,1.3012092e-08
4954,33225,2.1818467e-09
4955,103999,0.054945264
4956,81640,1.0620356e-09
4957,74064,2.5714406e-10
4958,84968,0.0006647029
4959,58338,3.847695e-09
4960,42045,9.965719e-10
4961,15024,0.004334744
4962,62881,0.0010103625
4963,44627,0.05303671
4964,103993,0.0018828292
4965,107612,1.5752277e-05
4966,114615,5.2718e-09
4967,49957,0.1144293
4968,108739,4.4800977e-12
4969,80478,4.1383512e-07
4970,41769,1.8495241e-09
4971,103926,4.6443695e-08
4972,44954,2.1818467e-09
4973,63600,5.6069364e-08
4974,1683,0.03825762
4975,50255,0.027070584
4976,35457,0.009558456
4977,13965,2.816246e-10
4978,94438,0.009558456
4979,99802,0.019548833
4980,29668,0.054374717
4981,88146,0.05926452
4982,93541,2.9322849e-09
4983,115908,9.534042e-09
4984,107387,1.9561894e-05
4985,86804,0.0006647029
4986,41246,1.977663e-10
4987,72345,1.8221454e-06
4988,97692,4.3800945e-05
4989,29265,0.018125536
4990,112350,9.59462e-06
4991,55074,0.00017287674
4992,103694,1.2502606e-12
4993,85702,1.1846237e-09
4994,85856,4.888396e-06
4995,80504,0.004193053
4996,56304,5.1009375e-09
4997,104240,0.0069063785
4998,50338,0.0026789745
4999,41505,0.0042110747
5000,8682,4.3352857e-06
5001,11712,0.015654262
5002,74894,0.048092566
5003,38249,0.009601473
5004,30264,0.009558456
5005,50703,0.02593239
5006,81247,0.033220634
5007,37317,0.006010258
5008,47564,1.2495688e-09
5009,52229,0.00013526439
5010,92976,2.2979727e-08
5011,11496,8.433013e-08
5012,13029,0.027112849
5013,46155,0.00041341223
5014,114874,0.0019673521
5015,89192,0.024252389
5016,77242,0.05926452
5017,42066,0.08333831
5018,20988,0.0009615326
5019,80774,5.0201016e-13
5020,12666,0.009567516
5021,41670,0.027684728
5022,6236,0.023169983
5023,40013,0.04860411
5024,55632,0.00076586317
5025,6459,7.313691e-11
5026,77347,0.02154969
5027,28212,0.00019809388
5028,38132,5.0226986e-06
5029,95925,0.002843829
5030,99401,0.0040748757
5031,8074,8.3489874e-07
5032,70877,0.07536306
5033,8329,1.001438e-06
5034,69009,0.019502632
5035,14331,0.053588416
5036,18485,7.2759125e-12
5037,45235,0.009601473
5038,52783,1.1809562e-05
5039,49491,0.018107578
5040,36160,0.004193047
5041,34159,0.07016115
5042,61011,0.0007400047
5043,33463,0.00067582063
5044,103081,0.009170086
5045,63119,0.087418154
5046,8493,1.1665691e-05
5047,66491,1.411102e-09
5048,64025,1.07289934e-10
5049,112444,0.002318286
5050,70967,2.4905223e-08
5051,92705,1.86914e-08
5052,54531,0.003110614
5053,59940,0.05926452
5054,110441,5.1175376e-11
5055,30678,0.00019576054
5056,112000,0.054945264
5057,105427,0.059533693
5058,35912,0.009558456
5059,10851,0.10972832
5060,47233,1.0979121e-08
5061,114933,0.0029961842
5062,57258,1.0589389e-05
5063,94972,9.8406e-06
5064,57102,2.9322849e-09
5065,18352,2.405664e-09
5066,114842,3.3807028e-09
5067,72209,6.725686e-10
5068,20507,0.0032401218
5069,96257,0.00013327887
5070,74463,1.1846237e-09
5071,97156,0.010314077
5072,19364,0.00015946427
5073,11970,0.06105263
5074,17516,0.028905047
5075,91897,1.0059871e-09
5076,56498,0.02154969
5077,110574,3.3226685e-10
5078,63310,0.0058086915
5079,114124,3.0043415e-05
5080,17791,0.0040224534
5081,15492,6.6628707e-09
5082,55783,0.0009799172
5083,29269,0.002694702
5084,75272,0.008121043
5085,101973,1.5068624e-09
5086,15496,0.00018081762
5087,6378,0.010391143
5088,82055,8.981388e-07
5089,61878,0.0007400047
5090,83170,0.04974522
5091,31533,0.009558456
5092,115723,0.0011293961
5093,60309,0.07536306
5094,20410,2.4790073e-05
5095,31964,0.00017287674
5096,42700,4.3106346e-07
5097,78210,9.193888e-10
5098,111783,1.3742609e-09
5099,13132,0.031513087
5100,23503,0.026707362
5101,13150,0.010734352
5102,57312,3.8157853e-07
5103,69638,0.05926452
5104,99606,2.1112503e-05
5105,62134,5.6038883e-05
5106,16990,0.0022512635
5107,87318,4.4784853e-11
5108,61602,9.8406e-06
5109,55736,0.004140266
5110,64117,9.8406e-06
5111,20163,0.0095750205
5112,5415,1.1024383e-08
5113,27206,0.027994813
5114,110120,2.0570937e-05
5115,35566,2.0924493e-10
5116,56096,0.0010103625
5117,39902,5.9054026e-11
5118,76622,0.002814115
5119,69047,2.2352323e-07
5120,70767,0.009159205
5121,59341,0.12737338
5122,89285,0.022863502
5123,115527,0.0007412293
5124,54093,0.0009799172
5125,102794,9.808837e-06
5126,69962,0.0038918324
5127,104421,2.169055e-12
5128,59819,0.05926452
5129,37427,0.164053
5130,9602,5.622561e-07
5131,36300,2.2044852e-13
5132,78137,0.023214001
5133,64653,2.0799085e-09
5134,15677,0.00083229045
5135,113009,0.0009071023
5136,15451,1.87701e-16
5137,95076,2.3514352e-12
5138,81530,0.06482158
5139,44957,5.3853694e-07
5140,27588,0.004020566
5141,58579,0.0028146142
5142,6230,5.4696084e-08
5143,35915,4.9313938e-05
5144,103467,0.0006159452
5145,103720,0.02897164
5146,53823,2.2608744e-12
5147,113019,0.0072170203
5148,51183,8.552308e-13
5149,58214,0.03764239
5150,71816,0.0006647029
5151,69570,0.00059129036
5152,14360,5.9591936e-11
5153,14052,6.1493757e-12
5154,78953,2.227576e-09
5155,111641,0.0042148116
5156,22062,0.00067582063
5157,50846,1.0979121e-08
5158,4021,0.027112849
5159,4117,4.878778e-10
5160,108135,0.00034391746
5161,104715,0.00085071806
5162,44935,0.015307525
5163,53732,0.00067582063
5164,16766,1.44866e-07
5165,918,2.0828471e-08
5166,85460,0.023318006
5167,35714,0.028905047
5168,28313,0.006010258
5169,90758,0.0077906027
5170,80829,8.8038165e-13
5171,96020,0.00024826228
5172,92053,2.2797085e-05
5173,54118,0.021897612
5174,72266,0.00017562564
5175,111001,0.0007412293
5176,84241,7.620036e-05
5177,109724,1.7577625e-10
5178,95108,0.008979334
5179,54558,0.009558456
5180,6119,0.0043288292
5181,38688,0.009169346
5182,31849,1.9365763e-14
5183,104065,0.037413977
5184,83265,1.3648269e-11
5185,26194,0.0009799172
5186,106636,0.07011593
5187,52461,1.7699735e-05
5188,43215,0.027271394
5189,112441,0.032860268
5190,26328,1.7660807e-07
5191,83315,6.739021e-07
5192,47433,2.4097519e-12
5193,27019,0.009558456
5194,58685,2.3354698e-05
5195,81737,0.054945264
5196,77339,2.6197544e-09
5197,13932,0.19453897
5198,92790,4.2543274e-12
5199,106994,0.014650942
5200,24532,5.565799e-11
5201,113615,0.059607558
5202,30474,1.7420762e-05
5203,82917,0.0072742593
5204,29716,0.03653515
5205,7890,1.7877197e-10
5206,18568,2.2943973e-09
5207,17986,2.401703e-06
5208,77412,9.8406e-06
5209,78528,0.0003182731
5210,18135,1.1155569e-06
5211,67836,0.0070370096
5212,61720,0.0047364547
5213,40041,6.970747e-07
5214,27412,3.5603696e-09
5215,7153,9.710172e-08
5216,39003,0.58268136
5217,22396,1.3356072e-09
5218,68534,8.781348e-08
5219,44976,0.027915554
5220,96513,0.0042148116
5221,108616,2.2275926e-05
5222,30073,0.0009799172
5223,20234,0.00016392015
5224,112494,0.018143823
5225,41368,0.031180395
5226,76601,1.9561894e-05
5227,62642,1.73512e-08
5228,3210,5.366131e-05
5229,35715,5.018376e-10
5230,102122,0.0033026752
5231,94454,0.004193047
5232,2007,0.010439204
5233,2638,4.7508865e-06
5234,91701,0.0032913224
5235,56784,4.906991e-05
5236,101178,1.4176953e-09
5237,51399,1.049998e-11
5238,8071,2.3165241e-07
5239,34687,0.4716572
5240,91074,0.009170086
5241,787,2.8855652e-06
5242,12719,0.0024049857
5243,91298,0.00030975882
5244,9679,0.03252788
5245,12011,6.345412e-12
5246,84808,0.009609334
5247,133,0.004334744
5248,69879,0.0033907224
5249,64375,2.8990316e-05
5250,82381,0.0023459184
5251,82978,0.0009928349
5252,72762,0.018107578
5253,105564,0.004610218
5254,74599,2.517976e-09
5255,110966,1.6507485e-14
5256,89533,0.05926452
5257,60104,0.15705736
5258,52581,1.9561894e-05
5259,71576,2.1178019e-07
5260,44914,7.3733936e-05
5261,42588,3.4170482e-11
5262,85257,0.009170086
5263,74975,2.5897037e-08
5264,113443,7.771189e-14
5265,19251,4.7335855e-09
5266,104248,0.010167009
5267,56147,5.654472e-05
5268,71934,0.00012860697
5269,46729,0.009169346
5270,69222,1.9238586e-08
5271,82551,0.0042148116
5272,110457,0.0051844474
5273,74922,2.9322849e-09
5274,51812,0.009159205
5275,2050,0.013898946
5276,61575,5.8262284e-10
5277,71261,9.917045e-10
5278,25863,0.00082392216
5279,55328,0.010311361
5280,1361,2.6349636e-09
5281,86745,0.009609334
5282,95180,0.032150183
5283,55837,0.001267699
5284,21959,2.8015132e-10
5285,29193,0.005133042
5286,70725,0.00127102
5287,5975,1.8317069e-06
5288,70797,0.0028958032
5289,77842,4.98299e-10
5290,92474,4.5060922e-05
5291,37661,2.7108822e-08
5292,6155,0.023169983
5293,87969,3.4873837e-10
5294,89915,0.010464049
5295,55964,0.05926452
5296,111352,0.00033492516
5297,74780,0.00046791197
5298,10134,0.0034063722
5299,96812,1.8095692e-10
5300,56912,0.004193047
5301,8438,0.00026442786
5302,33971,7.7871626e-08
5303,15477,0.00018081762
5304,99498,0.00011627305
5305,65028,0.023207234
5306,28317,0.0009799172
5307,71164,0.04562465
5308,75305,5.563329e-10
5309,105766,2.425494e-06
5310,28108,0.018125536
5311,58527,3.5452037e-09
5312,104369,7.357495e-08
5313,65590,3.9948827e-06
5314,101309,0.02897164
5315,49484,0.018917745
5316,10460,1.7920762e-06
5317,25840,0.10343049
5318,114015,2.7333356e-06
5319,40764,9.2698094e-05
5320,5424,0.023169983
5321,37360,0.0013471787
5322,76549,3.3229156e-10
5323,84267,0.009609334
5324,68350,0.051745117
5325,97428,0.05452379
5326,40934,3.4170482e-11
5327,7994,3.1737427e-06
5328,1767,5.373145e-07
5329,104193,0.00075830315
5330,76813,3.4883288e-10
5331,106705,6.731461e-07
5332,96358,0.019548833
5333,86486,0.008979334
5334,62616,0.0069024097
5335,82351,1.425083e-07
5336,91077,0.05452379
5337,47191,0.002262443
5338,23915,5.5810662e-14
5339,96604,6.6539316e-05
5340,59326,0.009159205
5341,96406,0.019548833
5342,95473,0.010311361
5343,57274,1.0982502e-10
5344,105796,0.0058318716
5345,110874,0.010316847
5346,35313,0.010311361
5347,18820,0.005794653
5348,47970,0.035858534
5349,104346,4.781333e-05
5350,106011,0.0009904522
5351,52969,0.060112506
5352,3772,0.010129824
5353,102641,0.015578987
5354,83687,0.00012767575
5355,76706,0.009609334
5356,14,0.0016591736
5357,31520,0.00029092148
5358,92381,0.0042148116
5359,98747,0.06451
5360,70597,0.009609334
5361,42267,3.946659e-07
5362,68468,0.0010103625
5363,66826,0.031303167
5364,64643,6.812772e-07
5365,102993,1.5637153e-06
5366,110090,0.000319761
5367,33078,0.00020545091
5368,24466,0.031513087
5369,2884,0.04516103
5370,102622,1.9238586e-08
5371,62017,3.5300925e-11
5372,45229,0.0042110747
5373,77599,0.0025845168
5374,24720,0.08234013
5375,78816,0.06433432
5376,8961,8.3489874e-07
5377,80151,7.6205535e-12
5378,67704,2.6081673e-07
5379,84446,0.0002303874
5380,82493,0.0026416038
5381,107747,0.02897164
5382,74563,0.0008534225
5383,67653,1.9793273e-05
5384,111866,0.0011293961
5385,77827,0.00048040142
5386,43482,0.0042110747
5387,85253,2.2550641e-06
5388,31970,0.009558456
5389,74578,0.0023459184
5390,40408,1.1354971e-09
5391,45183,0.009601473
5392,52257,9.968833e-06
5393,1715,9.811258e-07
5394,105845,6.3775034e-09
5395,55859,0.0015616057
5396,634,8.309364e-06
5397,90102,0.010311361
5398,90516,8.890056e-10
5399,26321,1.3010992e-09
5400,103838,0.0007412293
5401,10990,0.010467954
5402,89305,2.0269758e-07
5403,74750,0.0026451752
5404,5160,2.4386816e-07
5405,25359,6.888077e-07
5406,107915,0.00010575418
5407,114659,0.027070584
5408,105583,0.040398903
5409,99760,3.4679125e-08
5410,6905,1.2429239e-05
5411,48105,0.0007400047
5412,73523,0.00034621728
5413,22786,8.498471e-07
5414,18681,0.0035017424
5415,6889,0.001629858
5416,88132,0.0006647029
5417,110506,0.009170086
5418,108712,0.0060857222
5419,89464,0.0006647029
5420,69010,1.3762789e-05
5421,108410,2.7370753e-10
5422,55615,0.009159205
5423,45458,5.033203e-11
5424,88147,9.8406e-06
5425,114845,4.5283687e-06
5426,31980,0.0014862727
5427,63141,0.054945264
5428,89687,0.0015616057
5429,97463,0.00066488946
5430,35226,0.009558456
5431,52898,0.000528029
5432,1223,0.009124525
5433,102077,3.0275362e-13
5434,62169,0.0043916465
5435,14973,8.6875715e-12
5436,17077,3.7993155e-09
5437,23039,1.8614997e-10
5438,43260,0.00015333312
5439,107850,0.0011136024
5440,55068,0.00018016814
5441,101863,0.00013376331
5442,32130,0.00012544345
5443,65744,9.829541e-06
5444,75129,1.8906074e-07
5445,90467,0.002341042
5446,51624,0.009159205
5447,85180,1.2295022e-12
5448,83266,1.2943424e-06
5449,38703,0.025735702
5450,38369,0.00067582063
5451,41424,0.0033825466
5452,45827,0.02521269
5453,45640,0.023214001
5454,41521,2.657205e-06
5455,3322,7.142128e-08
5456,36886,0.00047096336
5457,27675,0.06552552
5458,98488,0.0029813147
5459,58647,0.022287307
5460,46816,0.008979334
5461,76154,0.018107578
5462,102576,7.99542e-11
5463,45158,0.008979334
5464,63038,1.9561894e-05
5465,100808,0.059353366
5466,2636,2.412105e-07
5467,83467,0.0023459184
5468,64545,9.8406e-06
5469,52691,0.003170215
5470,41782,2.1818467e-09
5471,108533,0.009611095
5472,56919,0.009558456
5473,28448,0.009471289
5474,59407,8.8004665e-15
5475,2767,0.028526781
5476,97379,8.7118794e-16
5477,50959,0.08747747
5478,115852,0.009611095
5479,94540,0.005611643
5480,40195,2.1818467e-09
5481,8022,3.0483561e-05
5482,2708,0.024478596
5483,76383,3.5289178e-09
5484,50439,8.94191e-13
5485,36340,0.009159205
5486,2896,4.7102796e-07
5487,78482,3.4725068e-05
5488,40443,0.0024233703
5489,58983,0.005194104
5490,82609,0.04974522
5491,4380,0.00909721
5492,92791,7.3132657e-13
5493,63962,5.2561144e-10
5494,986,0.019502632
5495,27762,0.06552552
5496,86301,0.00020140917
5497,68784,3.1830511e-06
5498,44736,1.4217667e-11
5499,88316,7.148212e-14
5500,10260,5.670942e-05
5501,62908,0.009600602
5502,27992,0.00013526439
5503,78387,1.1598475e-08
5504,64207,0.0014888049
5505,102008,1.9059135e-07
5506,80838,9.193888e-10
5507,107764,3.0732017e-09
5508,84713,2.0373843e-06
5509,33360,0.0056853113
5510,61325,2.0004113e-07
5511,62948,0.00013526439
5512,41458,0.027271394
5513,18138,0.03340127
5514,198,0.013972453
5515,80548,0.0077906027
5516,17370,0.08178221
5517,14089,9.2805524e-10
5518,91828,0.0006647029
5519,69321,1.7241902e-08
5520,63390,5.604381e-08
5521,26147,1.4907144e-08
5522,52816,0.0038918324
5523,79926,0.0007400047
5524,76994,0.0006647029
5525,51428,0.009558456
5526,36149,0.0077906027
5527,103053,0.009170086
5528,64107,5.230637e-07
5529,1623,1.6116888e-07
5530,30531,0.005194104
5531,104511,1.3741253e-08
5532,41139,2.84642e-12
5533,31807,0.00045577035
5534,43055,4.2968196e-07
5535,24521,0.0069047827
5536,77331,0.010311361
5537,85812,0.028931597
5538,78270,0.00020545091
5539,71477,0.032136623
5540,65666,1.923583e-12
5541,97319,0.0010460468
5542,16728,6.016345e-07
5543,80088,1.9782516e-05
5544,102209,2.2757132e-09
5545,105476,0.0077906027
5546,55908,0.00021855357
5547,60464,0.00024887492
5548,39475,3.2840433e-15
5549,46450,0.023214001
5550,34157,0.06482158
5551,86869,3.9568574e-11
5552,50054,1.4772182e-09
5553,73293,0.00017231752
5554,115437,9.98984e-08
5555,12321,0.003456206
5556,15232,1.5837448e-07
5557,14214,1.0070718e-09
5558,32120,2.357255e-05
5559,28118,0.00014910723
5560,54797,5.6208077e-10
5561,82114,0.02154969
5562,33351,0.0077906027
5563,97677,0.0002781712
5564,104214,0.009611095
5565,70359,9.683837e-15
5566,39349,4.2523432e-14
5567,92586,0.050105408
5568,4196,0.0059324494
5569,24930,0.110108055
5570,40345,6.9069165e-06
5571,111422,7.687967e-05
5572,24966,0.0077906027
5573,66292,1.07715445e-13
5574,14540,0.0095750205
5575,73787,0.054945264
5576,84445,0.010311361
5577,66258,4.3097475e-13
5578,19685,5.039485e-11
5579,62140,0.0075330995
5580,30485,7.4857637e-10
5581,100724,0.0026794765
5582,103078,0.010311361
5583,16769,1.7634445e-10
5584,21559,0.08248923
5585,23118,2.6686064e-14
5586,97704,0.050105408
5587,99268,0.0021999907
5588,36885,0.0009799172
5589,25509,3.1764605e-05
5590,87476,0.005842996
5591,53858,0.018107578
5592,216,0.088876955
5593,30404,0.00019401807
5594,73011,3.3229156e-10
5595,20386,5.112253e-05
5596,28273,2.9651756e-05
5597,49668,0.009558456
5598,97017,0.00044948875
5599,93441,0.009611095
5600,86483,0.00010576498
5601,76524,0.002982897
5602,1500,0.033780478
5603,105493,1.1746343e-06
5604,103111,0.08087044
5605,1763,2.2351652e-12
5606,3930,0.04516103
5607,62556,8.487901e-05
5608,37591,0.027579654
5609,97144,0.008217765
5610,30009,0.009159205
5611,100586,0.0005268644
5612,99742,6.0292058e-12
5613,62161,0.028905047
5614,23529,1.3356072e-09
5615,4357,0.025702558
5616,39980,0.018107578
5617,96407,0.0021706945
5618,111262,0.009611095
5619,73992,0.0011280156
5620,57023,1.5524677e-08
5621,54828,0.0077906027
5622,13882,0.013249136
5623,109950,0.002272817
5624,7095,4.0906957e-07
5625,76697,4.1383512e-07
5626,51896,0.0026789745
5627,66049,9.829541e-06
5628,30524,0.009159205
5629,2278,5.1951743e-06
5630,16047,0.027147863
5631,2201,2.9166236e-08
5632,79143,1.9561894e-05
5633,37309,0.00033280186
5634,55738,0.00067582063
5635,39485,0.010311361
5636,100410,0.024748232
5637,95940,2.1122742e-06
5638,102178,0.013008847
5639,108752,5.915822e-07
5640,93863,0.0058318716
5641,3414,0.0084871
5642,70338,0.031641856
5643,85966,8.0501445e-07
5644,91478,0.010311361
5645,39046,0.042718317
5646,42193,0.07016115
5647,76350,4.082253e-05
5648,31104,0.0012578603
5649,80794,0.0005268644
5650,68827,8.260517e-05
5651,44136,0.0012574566
5652,65857,9.829541e-06
5653,21370,1.0683461e-09
5654,61982,0.11180167
5655,55316,4.7616407e-12
5656,25910,0.0030991253
5657,55037,0.001273944
5658,5573,0.06455465
5659,71888,2.141411e-05
5660,10651,1.0942591e-09
5661,17677,1.2044383e-07
5662,101183,9.8406e-06
5663,108528,5.999658e-11
5664,85131,3.1728682e-08
5665,68397,0.07705828
5666,10652,0.00688787
5667,11971,1.4141064e-06
5668,53731,0.0022512635
5669,82157,0.026707362
5670,109858,6.1890696e-06
5671,74155,0.0084552355
5672,57464,0.009159205
5673,60070,8.884402e-12
5674,88089,6.726034e-05
5675,24681,3.9792474e-05
5676,65453,3.197955e-08
5677,19999,7.057814e-07
5678,93758,0.00011194669
5679,94654,4.214511e-07
5680,75837,0.028931597
5681,43737,0.054374717
5682,81752,4.8278235e-12
5683,18824,3.6396013e-05
5684,41068,0.018107578
5685,43683,0.018125536
5686,58119,0.009159205
5687,68761,0.0012398196
5688,13917,0.028905047
5689,41482,1.5529594e-08
5690,16843,0.027147863
5691,38608,0.00048958545
5692,16358,5.590571e-10
5693,64055,1.566166e-09
5694,94115,5.999658e-11
5695,50260,0.0013471787
5696,60755,0.0003221182
5697,35285,2.9419989e-13
5698,103501,3.002837e-08
5699,7716,4.3942096e-11
5700,67223,2.3422383e-06
5701,103327,2.425494e-06
5702,61795,6.7178694e-09
5703,86119,0.026707362
5704,95266,5.936878e-11
5705,34968,0.3480044
5706,365,0.097600184
5707,29229,0.054374717
5708,50999,4.938244e-11
5709,30476,0.0028752733
5710,42357,8.910579e-10
5711,46386,0.0027304147
5712,73260,0.00014201307
5713,28867,1.0959192e-10
5714,113634,3.4419934e-06
5715,10765,2.1401942e-05
5716,2887,0.009085741
5717,51293,1.6799157e-07
5718,93454,0.00021725462
5719,91590,0.054945264
5720,69158,2.2194333e-09
5721,87636,3.5085378e-07
5722,19215,0.00012767575
5723,13426,2.879186e-05
5724,20821,1.5040031e-08
5725,57972,0.004193047
5726,37865,2.4745689e-06
5727,27468,0.08333831
5728,1665,0.0037447906
5729,103895,2.6448426e-09
5730,48499,1.7939747e-09
5731,74759,1.9561894e-05
5732,90880,0.018134167
5733,5231,6.3883867e-06
5734,95324,0.05946373
5735,76453,2.5685627e-18
5736,101714,0.0001323358
5737,3849,4.1910837e-07
5738,91136,0.0028367671
5739,81951,0.028814437
5740,113117,0.0012084997
5741,42242,1.3680695e-06
5742,64760,4.8865103e-09
5743,65052,1.1846237e-09
5744,10443,0.0010728994
5745,40758,0.0001816502
5746,82758,0.0042148116
5747,879,0.0046639647
5748,49408,1.0209728e-07
5749,28912,1.3010992e-09
5750,37014,5.772594e-09
5751,27140,0.011471937
5752,56515,0.05926452
5753,10798,4.087259e-05
5754,30071,0.019502632
5755,6736,1.4767891e-10
5756,41668,0.005223745
5757,23512,1.4639712e-12
5758,91844,0.018134167
5759,413,3.1737427e-06
5760,14668,2.285625e-05
5761,57666,0.0009799172
5762,21736,1.3670322e-07
5763,85212,1.237581e-13
5764,29560,0.0009905635
5765,105807,0.0011293961
5766,34786,6.580771e-14
5767,89367,0.000509919
5768,77344,9.917045e-10
5769,4552,0.00011416223
5770,17429,0.06433432
5771,46459,2.4221023e-05
5772,115756,0.00010597395
5773,52916,3.552648e-10
5774,92273,0.03684373
5775,73219,0.002814115
5776,15225,0.012086206
5777,70056,0.0007400047
5778,113290,0.0010063287
5779,106757,1.0924019e-05
5780,63452,0.0095750205
5781,46300,5.565799e-11
5782,22183,0.009601473
5783,20822,7.6178003e-10
5784,45833,2.9847284e-05
5785,14451,0.0003453031
5786,42010,0.009601473
5787,80380,8.1256885e-10
5788,61295,0.05926452
5789,21937,0.027271394
5790,81986,0.04562465
5791,7618,0.02039527
5792,17923,0.00083229045
5793,65881,2.5177565e-08
5794,35508,0.0005459561
5795,76864,0.000509919
5796,34569,3.799482e-09
5797,88019,0.0006786042
5798,89692,0.001438686
5799,31278,0.0042110747
5800,3570,0.0002074544
5801,42450,3.1859256e-07
5802,90529,0.02897164
5803,95535,8.485317e-13
5804,67269,2.227576e-09
5805,27272,0.012313596
5806,87887,0.0002361599
5807,111846,0.010167009
5808,102269,0.06433432
5809,53439,0.004193047
5810,33839,0.022727804
5811,2030,0.08285551
5812,13502,8.127626e-10
5813,106740,0.0037722404
5814,101747,0.0001323358
5815,46350,0.026707362
5816,65580,1.923583e-12
5817,82519,4.7600432e-07
5818,57918,3.552648e-10
5819,24594,7.6166684e-06
5820,21688,0.0009587804
5821,56012,0.0077906027
5822,77214,0.05926452
5823,3126,0.009085741
5824,107453,0.027316395
5825,24977,0.0009702986
5826,87368,0.004193053
5827,2314,4.087259e-05
5828,79162,1.33967405e-05
5829,51691,0.009159205
5830,22046,1.497851e-08
5831,10173,2.9704383e-06
5832,49910,0.0033247785
5833,91425,0.009609334
5834,4429,5.5244524e-05
5835,3672,2.2889291e-13
5836,107365,4.6778085e-11
5837,102176,1.3829164e-10
5838,3163,4.3888254e-10
5839,61874,0.023899471
5840,35400,0.009558456
5841,62895,0.009600602
5842,82040,5.4497814e-08
5843,83642,0.00032117372
5844,2842,2.412105e-07
5845,50302,0.009558456
5846,115469,2.7910982e-09
5847,13968,0.019502632
5848,91169,0.005882326
5849,1069,0.027917715
5850,68939,0.0042148116
5851,66372,1.07289934e-10
5852,13524,7.7877566e-08
5853,40826,0.0001816502
5854,1649,2.1818467e-09
5855,7676,0.0014675229
5856,92002,0.010311361
5857,37750,2.6479412e-07
5858,95041,0.0038918324
5859,62176,4.353825e-05
5860,104621,1.5524544e-10
5861,24045,0.0009702986
5862,4296,0.0044515734
5863,68764,0.009609334
5864,114191,0.063593924
5865,98165,0.0010996254
5866,6151,0.0036080985
5867,16791,1.2276001e-07
5868,26495,0.00048943725
5869,107222,2.974634e-10
5870,15027,3.1542437e-05
5871,12419,2.3353403e-08
5872,69274,0.0006647029
5873,29881,0.0015616057
5874,109163,0.05452379
5875,81880,1.9561894e-05
5876,92072,0.0007400047
5877,47536,0.009601473
5878,109498,0.045780502
5879,62557,1.1598475e-08
5880,93416,2.4161791e-14
5881,39247,6.9301545e-06
5882,27964,0.010311361
5883,51225,6.383462e-14
5884,45439,0.02718392
5885,11882,0.00014061078
5886,40497,0.030072425
5887,68220,1.7512513e-09
5888,20791,0.00012767575
5889,5214,0.001424623
5890,57236,2.1329915e-13
5891,37760,6.4305325e-11
5892,28110,0.00012061881
5893,12002,1.6323823e-10
5894,115147,1.0899556e-09
5895,8080,8.099265e-06
5896,33632,0.018143823
5897,93877,0.004193053
5898,6611,4.780779e-08
5899,41166,0.027271394
5900,25638,1.1455346e-06
5901,87760,0.046539657
5902,3606,0.093860224
5903,67862,0.05926452
5904,2384,0.009085741
5905,113335,9.310955e-06
5906,100825,2.697393e-07
5907,9503,0.0014229511
5908,97547,0.06451
5909,76951,1.0859619e-15
5910,27499,0.027684728
5911,41084,0.008121043
5912,104735,0.1877765
5913,86367,4.978295e-05
5914,84886,0.027308173
5915,98720,2.2275926e-05
5916,72114,1.9561894e-05
5917,698,3.0918833e-11
5918,30035,2.1818467e-09
5919,29983,0.002694702
5920,81153,0.040115204
5921,101204,6.2310985e-13
5922,97129,0.059353366
5923,57300,0.0025845168
5924,65102,1.6232827e-06
5925,62614,2.6197544e-09
5926,113589,0.0073838653
5927,3364,1.8218985e-06
5928,72474,0.0007400047
5929,100423,0.0058318716
5930,80959,1.2594069e-06
5931,50424,9.3509124e-07
5932,51965,0.00034536413
5933,78611,0.009159205
5934,58156,0.0007400047
5935,72907,1.9561894e-05
5936,101781,9.31716e-10
5937,53753,1.7100147e-07
5938,54486,2.090041e-13
5939,65573,4.2209525e-09
5940,69166,3.8711315e-10
5941,94207,0.02897164
5942,4951,0.04516103
5943,21545,8.150756e-14
5944,82241,5.999658e-11
5945,11872,3.378958e-05
5946,71077,0.00014027866
5947,46343,1.188272e-12
5948,110188,0.059607558
5949,80394,0.05926452
5950,13161,6.61988e-12
5951,26382,0.32144037
5952,97015,0.008979334
5953,111259,0.029035993
5954,15005,0.007055392
5955,73501,1.6216803e-16
5956,31636,1.0237271e-09
5957,91402,2.1046633e-06
5958,22310,0.0009615326
5959,18032,3.0867454e-11
5960,4992,1.5486517e-05
5961,34624,0.018107578
5962,4534,6.339818e-07
5963,95298,0.059353366
5964,57707,5.4418263e-15
5965,73024,0.046888195
5966,102730,0.0049868124
5967,49674,0.00018078848
5968,37045,0.08504793
5969,98490,0.055277847
5970,3546,0.027070584
5971,104330,7.9427865e-14
5972,9839,0.07014553
5973,1023,0.00916275
5974,1341,0.00987778
5975,19397,0.00916275
5976,70448,0.0038918324
5977,65597,9.829541e-06
5978,40167,0.0025845168
5979,82912,0.010311361
5980,87746,4.9387664e-13
5981,60297,0.0015616057
5982,96671,1.4734753e-13
5983,59396,2.9977647e-07
5984,77956,0.0006647029
5985,27173,2.9757815e-05
5986,87551,0.001267699
5987,48517,0.05926452
5988,90267,0.07508184
5989,94724,6.210952e-06
5990,73218,0.013027288
5991,50751,0.0028080416
5992,9691,0.10592796
5993,32303,1.2495688e-09
5994,25537,0.08306421
5995,95949,1.9561894e-05
5996,72498,2.0004113e-07
5997,97322,4.5217002e-05
5998,75883,0.0005268644
5999,38946,0.01763777
6000,41168,2.1818467e-09
6001,61647,0.0095750205
6002,16129,9.271314e-07
6003,61008,0.0025845168
6004,40273,0.0003221182
6005,64954,3.5416477e-07
6006,6746,0.009490432
6007,64029,0.0010763028
6008,46510,0.0077906027
6009,91058,0.00012767575
6010,94577,5.2295173e-09
6011,8807,1.9124445e-07
6012,33146,0.009159205
6013,92231,4.7564147e-11
6014,41872,1.1257928e-09
6015,102566,1.0292408e-05
6016,7171,1.6705487e-06
6017,113091,0.00048994605
6018,59526,0.00031807352
6019,69119,0.00047096336
6020,93335,0.018134167
6021,23081,5.8790954e-07
6022,40175,0.11581215
6023,64789,1.1259591e-11
6024,95104,0.00012767575
6025,55617,0.023214001
6026,64048,0.0008385558
6027,41687,0.0012368212
6028,41533,7.701556e-05
6029,6055,3.7202012e-06
6030,20436,5.924988e-11
6031,20801,6.1798944e-10
6032,94767,3.4939717e-08
6033,10628,1.0605408e-11
6034,43638,0.0042110747
6035,4150,0.00909721
6036,50998,0.0100853825
6037,66786,0.008979334
6038,84480,0.06433432
6039,61466,1.9561894e-05
6040,30191,0.06553968
6041,46560,5.565799e-11
6042,45715,0.024478596
6043,29314,0.0028422244
6044,103572,2.7143702e-07
6045,2550,0.009085741
6046,46727,3.4969857e-05
6047,36465,9.968833e-06
6048,107674,0.0006647029
6049,50017,3.7955334e-07
6050,62973,2.0487824e-10
6051,73187,0.0006742901
6052,76260,0.0009905635
6053,84255,0.08043513
6054,34098,0.009558456
6055,5935,6.2159056e-09
6056,58326,0.00061016355
6057,42794,0.009177744
6058,67859,2.9322849e-09
6059,13428,0.009161325
6060,49802,0.009558456
6061,105303,0.00021983974
6062,102816,0.024748232
6063,51090,7.167227e-05
6064,96977,0.00017896295
6065,111836,0.07983019
6066,97370,0.002328324
6067,72410,0.027684728
6068,93868,0.0023228875
6069,53690,1.3617534e-05
6070,68332,8.1869103e-07
6071,66732,1.9793273e-05
6072,113444,9.310955e-06
6073,77744,0.018107578
6074,108421,0.0002303874
6075,108169,0.0042148116
6076,2634,0.00037510178
6077,65235,6.621626e-11
6078,70721,0.0009799172
6079,70275,2.7007927e-08
6080,113031,1.9561894e-05
6081,83377,1.32120595e-05
6082,85709,1.2203433e-09
6083,95089,0.055277847
6084,56745,2.632378e-08
6085,17109,1.705273e-05
6086,91428,0.026707362
6087,65099,1.6099008e-06
6088,50333,0.01763777
6089,43036,0.015307525
6090,23028,2.1818467e-09
6091,29252,1.5839859e-10
6092,33072,0.0042110747
6093,72648,2.883198e-09
6094,101450,3.7071617e-11
6095,73455,2.3185566e-10
6096,62204,0.008427824
6097,106277,0.04868737
6098,105056,5.395044e-10
6099,55566,0.0009104923
6100,33063,0.018143823
6101,20380,0.0095750205
6102,63400,0.0026451752
6103,81854,0.0007400047
6104,92449,0.009609334
6105,53344,0.0026789745
6106,95726,0.05926452
6107,114237,0.0010063287
6108,45373,0.07016115
6109,79711,1.7885568e-05
6110,12634,3.1691453e-14
6111,7468,1.0877688e-09
6112,11766,5.789539e-07
6113,104599,2.0492515e-10
6114,96897,0.019548833
6115,10075,2.0039148e-07
6116,37539,1.3831109e-11
6117,20892,0.00916275
6118,37537,0.030544102
6119,44161,0.08747747
6120,22437,0.0004920569
6121,100243,1.9793273e-05
6122,61769,1.0615127e-10
6123,10047,0.023169983
6124,18863,1.497851e-08
6125,82458,9.572871e-13
6126,72626,1.9561894e-05
6127,34764,2.6765004e-08
6128,57588,4.701036e-15
6129,61215,0.10343049
6130,31245,4.4177857e-05
6131,59182,0.0026451752
6132,45456,4.692556e-06
6133,98704,8.818029e-14
6134,71699,0.031690545
6135,51,1.473385e-10
6136,71409,0.027994813
6137,86388,0.009609334
6138,85409,3.4835566e-09
6139,8364,0.0892094
6140,90405,2.977864e-10
6141,46687,3.9495435e-15
6142,38618,1.5577118e-08
6143,91440,0.009609334
6144,103144,0.032177687
6145,70489,1.9561894e-05
6146,27433,3.3038866e-10
6147,70062,1.9988709e-05
6148,76952,7.171449e-08
6149,11284,2.7735035e-05
6150,86791,1.5085337e-12
6151,24862,0.045154862
6152,99506,0.05946976
6153,51345,0.054374717
6154,61766,0.018107578
6155,89856,8.802825e-13
6156,66242,1.5016004e-09
6157,21420,1.9750176e-13
6158,44729,0.0077906027
6159,40136,5.9054026e-11
6160,53562,0.00010681258
6161,56611,1.11849814e-10
6162,97298,0.059353366
6163,88109,0.0028367671
6164,47664,0.0027492961
6165,29546,0.054374717
6166,27274,2.795573e-07
6167,67349,0.0012750856
6168,34132,0.0015216215
6169,59289,0.00059129036
6170,75739,0.031558465
6171,93004,0.0015616057
6172,66672,9.8406e-06
6173,108773,0.0026269308
6174,91376,8.65873e-10
6175,36501,0.001273944
6176,47029,0.00017287674
6177,63347,8.21961e-09
6178,20097,1.497851e-08
6179,50305,0.04497154
6180,84305,0.032136623
6181,50742,0.0072275545
6182,5353,0.1402372
6183,97302,0.019392535
6184,75156,0.0026416038
6185,48503,0.07508184
6186,95887,6.63291e-07
6187,100956,0.02804436
6188,42522,8.0047306e-05
6189,71021,0.031303167
6190,114413,4.805598e-09
6191,57703,0.022507396
6192,86143,0.0009905635
6193,70956,4.98299e-10
6194,49607,0.009558456
6195,110273,3.88416e-07
6196,81883,0.0026416038
6197,112642,7.220496e-10
6198,83280,0.04974522
6199,7957,0.00014060663
6200,10157,1.9124445e-07
6201,97687,0.009611095
6202,72011,0.07812706
6203,35664,0.054374717
6204,77099,0.009558456
6205,51462,0.00026873508
6206,43893,0.009169346
6207,92120,1.0176211e-11
6208,51681,0.0026789745
6209,95898,5.999658e-11
6210,32169,0.018143823
6211,69944,0.0010103625
6212,16644,0.0095750205
6213,86434,0.005600577
6214,77260,0.06433432
6215,75972,0.054374717
6216,99677,2.0312884e-06
6217,10072,0.021887975
6218,90200,0.032136623
6219,28959,0.0009799172
6220,108911,9.677297e-06
6221,8660,2.9487075e-05
6222,59153,1.6557571e-09
6223,37692,0.0002031283
6224,93696,5.7109612e-12
6225,45427,5.565799e-11
6226,62867,1.17738615e-07
6227,2426,0.1402372
6228,103428,0.1715271
6229,58935,9.193888e-10
6230,114437,0.0015602905
6231,102309,0.0014259123
6232,79393,0.0038805357
6233,6123,0.00909721
6234,92739,6.7470916e-07
6235,80974,1.9956448e-12
6236,115552,1.9561894e-05
6237,53353,5.563329e-10
6238,97901,3.7429092e-07
6239,1263,0.01763777
6240,44676,3.9681888e-14
6241,6937,1.3528959e-06
6242,99428,0.00842067
6243,59462,0.008979334
6244,52161,0.004193047
6245,104543,1.6063648e-05
6246,59533,3.4962134e-11
6247,92346,0.042961393
6248,41403,0.0287143
6249,11814,8.755075e-12
6250,63183,0.027147863
6251,108685,0.063593924
6252,36771,0.0077906027
6253,57745,0.054374717
6254,62405,7.256212e-10
6255,41905,0.019502632
6256,74255,0.0023459184
6257,99147,3.1249228e-06
6258,34378,7.746676e-08
6259,95413,9.610527e-12
6260,71564,0.009609334
6261,42945,0.08333831
6262,115987,1.9561894e-05
6263,35506,0.027070584
6264,109475,0.007900154
6265,48361,0.00037149573
6266,79603,0.018180363
6267,10929,5.1171567e-11
6268,12190,1.6709598e-07
6269,30385,0.064573884
6270,82100,0.02154969
6271,77234,0.009558456
6272,81966,0.018107578
6273,8391,5.2943386e-07
6274,89632,2.9322849e-09
6275,62726,1.5355642e-15
6276,75984,1.0618796e-05
6277,7048,1.9124445e-07
6278,74935,0.28326577
6279,24412,2.9554272e-05
6280,22771,1.1216995e-06
6281,115736,0.032865044
6282,21055,6.466e-07
6283,21940,2.5054877e-08
6284,98425,0.08087044
6285,51739,0.004193047
6286,83540,0.054945264
6287,83853,0.0009928349
6288,98078,1.4531467e-08
6289,32229,0.0064644543
6290,90085,0.0070770015
6291,111442,8.565183e-05
6292,1493,0.00010681258
6293,24046,4.1289056e-07
6294,84372,0.00041341223
6295,71598,4.8007444e-12
6296,77717,1.0859619e-15
6297,113102,3.0964304e-07
6298,54004,0.017254384
6299,23786,0.0027051172
6300,94196,4.3389584e-11
6301,26678,0.08702016
6302,100312,0.018277118
6303,109060,0.0007412293
6304,91441,0.023975253
6305,61794,0.004193053
6306,17785,2.772296e-12
6307,90597,7.350601e-10
6308,48719,0.065604225
6309,16303,1.3586719e-10
6310,11685,0.041481473
6311,26646,0.0033341504
6312,34572,0.027070584
6313,96547,0.00010575418
6314,95336,4.4399034e-08
6315,115491,0.009558456
6316,3258,1.9974437e-05
6317,21738,2.2619885e-11
6318,47822,0.05926452
6319,6344,3.3365595e-05
6320,26191,0.0017423913
6321,107973,0.02335275
6322,77520,9.238271e-05
6323,101601,0.002629546
6324,98544,2.9322849e-09
6325,2584,0.0007913125
6326,65773,9.829541e-06
6327,35368,6.4259405e-13
6328,106079,2.0025813e-07
6329,76307,1.1963072e-11
6330,19229,0.017838553
6331,75171,9.808837e-06
6332,3237,0.06455465
6333,30800,3.7217771e-06
6334,41948,3.4096565e-16
6335,44825,0.00038436355
6336,62880,0.0020953673
6337,3747,1.9463457e-07
6338,95478,0.059353366
6339,111592,0.009611095
6340,20316,0.065604225
6341,16735,0.019362587
6342,108258,0.063593924
6343,73140,3.3229156e-10
6344,43161,0.0077906027
6345,60865,0.018107578
6346,73690,7.325066e-12
6347,95890,1.9896252e-07
6348,30626,0.009558456
6349,4128,0.027112849
6350,115289,0.067479685
6351,110797,0.043683093
6352,40698,1.0979121e-08
6353,25369,4.0412267e-13
6354,92864,2.1531936e-12
6355,20562,1.7118817e-05
6356,19644,0.00017287674
6357,90565,0.018134167
6358,57565,0.04933712
6359,84357,0.0007400047
6360,97336,2.6038546e-08
6361,55192,6.3781755e-08
6362,42127,0.018107578
6363,29254,1.7147542e-05
6364,73705,0.026164828
6365,59066,1.3290206e-06
6366,89063,0.18754032
6367,107815,7.601103e-08
6368,102554,1.0282235e-05
6369,75741,0.054374717
6370,83223,2.9322849e-09
6371,71193,0.010311361
6372,11931,2.0773043e-06
6373,114917,2.1375274e-06
6374,32927,0.00013526439
6375,77024,0.0018365181
6376,59983,3.1423666e-10
6377,113500,9.310955e-06
6378,109574,0.009611095
6379,62040,0.0006647029
6380,79301,0.019548833
6381,79807,0.032136623
6382,78788,0.009159205
6383,70785,1.0290152e-12
6384,59403,0.07536306
6385,54895,2.0122977e-09
6386,34763,0.07016115
6387,6781,1.6753736e-09
6388,54280,0.004420008
6389,37408,5.159306e-08
6390,52839,0.073600434
6391,98007,0.055277847
6392,77693,0.0038918324
6393,2001,7.779481e-05
6394,98686,0.001260472
6395,5513,0.04516103
6396,51177,2.1818467e-09
6397,44470,0.0011508694
6398,70184,0.009170086
6399,52635,1.9561894e-05
6400,107069,0.0022746052
6401,94957,7.522898e-05
6402,6716,9.73071e-09
6403,84645,1.9561894e-05
6404,89562,6.285777e-11
6405,96089,0.009170086
6406,25502,2.1283506e-05
6407,42970,3.5635312e-05
6408,68415,0.040115204
6409,40862,1.2737986e-13
6410,70643,0.010311361
6411,89952,0.009170086
6412,78802,1.5108426e-06
6413,70697,3.852184e-06
6414,27538,1.622792e-11
6415,1502,1.8859627e-06
6416,13759,8.152763e-10
6417,103389,0.059607558
6418,64465,2.5622964e-09
6419,62732,8.9412927e-10
6420,38899,1.0135344e-05
6421,282,0.009011873
6422,23155,1.977663e-10
6423,110373,0.045780502
6424,81196,0.0040737865
6425,92724,0.0042148116
6426,92693,0.010311361
6427,91248,0.15853351
6428,85609,0.06433432
6429,70606,0.00024887492
6430,57351,0.14108628
6431,11049,0.00017278528
6432,15471,2.4341593e-05
6433,110763,3.6253254e-09
6434,57334,1.2936164e-09
6435,20089,0.06564507
6436,21475,6.2159056e-09
6437,17885,2.980493e-05
6438,94950,0.010311361
6439,1870,9.475508e-08
6440,85948,0.04562465
6441,2637,0.009085741
6442,113812,3.361938e-07
6443,92207,0.010311361
6444,101173,9.8406e-06
6445,66416,1.8458957e-05
6446,69798,8.890056e-10
6447,9232,0.0016591736
6448,19046,0.000107320295
6449,101437,0.055277847
6450,91821,0.02154969
6451,94284,0.001260472
6452,92800,0.0021738664
6453,80395,0.010314077
6454,53357,1.279339e-05
6455,50923,0.009558456
6456,22247,1.2654418e-07
6457,111192,1.5631062e-10
6458,82832,0.018107578
6459,92498,1.9561894e-05
6460,86689,2.0700624e-12
6461,59760,9.8406e-06
6462,31301,0.00036660422
6463,90933,0.00024887492
6464,47538,0.011837281
6465,10629,9.218458e-09
6466,104909,0.0019673521
6467,44641,6.6779514e-15
6468,53223,2.3116485e-08
6469,36450,8.717138e-11
6470,62021,3.745776e-12
6471,4346,0.0021600947
6472,91321,0.009609334
6473,66043,9.829541e-06
6474,17138,6.707853e-10
6475,57895,7.48787e-08
6476,99284,0.027316395
6477,33708,1.0020513e-05
6478,95338,0.010311361
6479,20371,0.007799152
6480,64832,0.0047364547
6481,42532,0.00037149573
6482,107985,0.059533693
6483,104594,1.9561894e-05
6484,85439,3.876685e-15
6485,20151,3.3863874e-17
6486,73897,1.9561894e-05
6487,83759,0.0042148116
6488,106866,9.666416e-05
6489,86974,4.724126e-08
6490,67206,0.05926452
6491,110078,0.059607558
6492,65056,0.0043916465
6493,1657,2.4125262e-05
6494,96630,0.019611884
6495,15339,0.00021174157
6496,40392,0.0012733163
6497,12164,5.677635e-10
6498,44347,5.565799e-11
6499,108464,0.00035787447
6500,9274,2.968565e-09
6501,50287,2.7366206e-14
6502,2525,0.009085741
6503,100795,0.03288868
6504,57974,0.009558456
6505,112209,0.059533693
6506,113691,1.9561894e-05
6507,36344,6.9301545e-06
6508,69247,0.0001634781
6509,66973,0.05926452
6510,110062,0.00011191274
6511,50003,7.421057e-07
6512,95640,2.9102274e-12
6513,46820,2.1818467e-09
6514,28851,0.0009799172
6515,73171,0.06433432
6516,29749,6.121121e-10
6517,114592,0.048092566
6518,109792,0.013213299
6519,43408,0.018125536
6520,71041,0.06482158
6521,103936,0.00035130195
6522,29146,0.0015616057
6523,37764,0.0076802233
6524,4567,0.027112849
6525,78937,0.010449223
6526,22599,0.00037749737
6527,85471,0.00024887492
6528,39962,0.022316055
6529,10725,1.0472688e-09
6530,84134,0.0026451752
6531,7770,0.027112849
6532,52591,0.0007400047
6533,53746,0.009558456
6534,87430,9.844863e-10
6535,29484,2.0284139e-08
6536,109036,4.070494e-05
6537,47052,1.70264e-09
6538,53783,0.0091436785
6539,41110,0.00017287674
6540,109110,1.6293555e-10
6541,28024,1.0237271e-09
6542,92662,0.00011155039
6543,79076,4.353825e-05
6544,61640,9.8406e-06
6545,8646,0.029067533
6546,97414,0.0026451752
6547,103678,9.4063535e-06
6548,86323,0.018277118
6549,82220,0.001488875
6550,88990,0.0007400047
6551,115348,3.789919e-05
6552,108074,0.0007412293
6553,35383,2.462966e-13
6554,42518,0.005195277
6555,54971,0.004193047
6556,93356,0.0015360629
6557,14403,0.0004912283
6558,55876,3.540719e-07
6559,9692,0.0075463946
6560,108538,0.004010236
6561,25215,0.009601473
6562,93178,0.071858644
6563,55753,0.00970623
6564,28349,6.4499926e-14
6565,14910,2.0639709e-16
6566,9393,0.00074616657
6567,35544,2.8629932e-09
6568,19385,0.00916275
6569,77611,0.03421736
6570,109319,0.0028513179
6571,37850,9.4530056e-14
6572,3508,0.023169983
6573,52025,0.019502632
6574,26141,0.0070825587
6575,79725,1.9421379e-12
6576,88928,0.009170086
6577,94646,1.877005e-05
6578,71049,0.05926452
6579,22252,1.5833924e-05
6580,30185,2.5250648e-13
6581,91372,1.830278e-14
6582,52220,1.5464335e-05
6583,17768,0.0023209376
6584,11774,2.8504817e-06
6585,26491,0.0012097919
6586,91243,6.3299794e-06
6587,6863,1.5167933e-07
6588,101736,0.018277118
6589,60787,0.054945264
6590,91867,0.018134167
6591,67109,0.0042148116
6592,92891,0.018134167
6593,58989,2.9322849e-09
6594,111768,0.059533693
6595,76191,0.009815627
6596,33339,0.0014862727
6597,71522,2.7221361e-08
6598,98584,0.009170086
6599,112465,0.002587193
6600,1828,0.009085741
6601,83149,0.0012368502
6602,37967,0.0077906027
6603,29899,8.463583e-06
6604,17543,0.0287143
6605,31608,0.0042110747
6606,50339,0.0077906027
6607,4236,1.5247807e-05
6608,75158,3.1576194e-15
6609,8457,5.760224e-08
6610,34708,0.0077906027
6611,44940,8.1368304e-16
6612,37378,0.0054385136
6613,28842,0.0042110747
6614,93027,2.141411e-05
6615,27637,0.0024541272
6616,93353,0.05926452
6617,84541,2.0624117e-07
6618,372,1.2276001e-07
6619,87903,0.05926452
6620,90525,0.0069063785
6621,75623,0.000119184406
6622,56639,0.054945264
6623,114039,0.0011293961
6624,2787,0.023169983
6625,109749,1.5487138e-05
6626,17943,4.8980183e-07
6627,70842,0.010311361
6628,2880,0.028460784
6629,11844,2.6053635e-09
6630,18743,4.922514e-05
6631,102981,6.181379e-05
6632,50538,0.004713951
6633,47796,1.7212061e-09
6634,50955,3.552648e-10
6635,99541,0.050105408
6636,104675,3.546549e-06
6637,36706,1.1348145e-14
6638,114169,0.054945264
6639,41729,0.019502632
6640,21970,0.027271394
6641,84612,0.0007400047
6642,72428,1.1403997e-06
6643,86525,1.6297993e-06
6644,15622,0.005070122
6645,49715,0.00035680205
6646,11240,5.789539e-07
6647,67482,0.00074501237
6648,38627,0.0003221182
6649,32380,0.00017287674
6650,64771,1.2495688e-09
6651,94065,0.056781925
6652,93203,0.009611095
6653,86575,2.9692557e-09
6654,87285,0.0100853825
6655,7832,0.0037447906
6656,16482,0.011466325
6657,18698,0.000107320295
6658,106909,0.0034873863
6659,95519,2.2829157e-10
6660,100059,0.040398903
6661,103493,3.9500527e-09
6662,78776,3.4112495e-09
6663,4391,9.913466e-07
6664,4438,0.001424623
6665,59729,0.0017333619
6666,80587,0.04721201
6667,4091,0.0003392311
6668,66920,9.8406e-06
6669,49719,4.1719686e-06
6670,50628,0.009558456
6671,105046,2.7582318e-14
6672,44427,0.0077906027
6673,28251,0.0009799172
6674,11785,0.009567516
6675,92438,0.032136623
6676,26217,0.027271394
6677,5731,0.0001433871
6678,6067,2.05902e-09
6679,97748,0.00017896295
6680,49963,0.00909884
6681,14692,0.00487458
6682,56751,0.0006647029
6683,52571,0.0006647029
6684,67860,1.819344e-12
6685,77550,1.1998552e-06
6686,86140,0.023941992
6687,105232,2.6448426e-09
6688,19014,1.2560737e-08
6689,82957,2.3332574e-11
6690,52372,6.352631e-08
6691,96027,2.2275926e-05
6692,21295,0.0095750205
6693,114211,0.011514871
6694,87872,4.86413e-12
6695,36012,0.065604225
6696,89909,2.6618937e-12
6697,48053,6.5988644e-07
6698,76662,0.028931597
6699,112951,0.018143823
6700,25500,0.019502632
6701,94784,0.055277847
6702,29867,0.009558456
6703,98694,0.018134167
6704,94057,6.3642365e-05
6705,82501,4.1383512e-07
6706,22942,3.374044e-07
6707,52269,0.00052148395
6708,10426,0.0022124979
6709,16052,0.031115428
6710,41680,7.6591194e-10
6711,19112,3.5140002e-09
6712,53238,0.018107578
6713,73971,0.002328324
6714,80172,3.5742008e-07
6715,31737,0.009523232
6716,17905,8.930065e-13
6717,45815,0.0001320566
6718,20366,0.0016020485
6719,2830,0.023169983
6720,76100,8.435026e-05
6721,50454,5.913909e-12
6722,51674,0.009558456
6723,29157,0.0001940736
6724,9258,0.0017002779
6725,109634,0.027234493
6726,6701,2.6332063e-05
6727,31114,0.027070584
6728,6371,0.010467954
6729,62375,0.0007400047
6730,41946,0.20597227
6731,111831,0.02897164
6732,5248,1.4393846e-08
6733,18452,1.533836e-06
6734,87942,0.018134167
6735,20652,1.4470934e-10
6736,3383,0.023169983
6737,49796,1.803163e-15
6738,42673,0.0077906027
6739,112612,0.005396051
6740,37272,0.010311361
6741,21413,0.026555205
6742,22525,0.08869992
6743,6343,6.2159056e-09
6744,69853,0.0014888049
6745,75999,0.0072742593
6746,49348,0.018107578
6747,77446,7.117744e-05
6748,3084,0.0036075034
6749,78406,0.0014862727
6750,12721,2.0773043e-06
6751,47570,0.0077906027
6752,62862,7.0026873e-09
6753,54998,0.023214001
6754,90193,0.0006647029
6755,61241,3.4112495e-09
6756,51088,1.0076045e-06
6757,77907,1.0209728e-07
6758,97091,0.0077906027
6759,24698,0.0003221182
6760,1474,1.1026844e-05
6761,90201,0.0004754211
6762,95043,0.0014888049
6763,109821,3.4679504e-09
6764,67957,6.9202155e-10
6765,37345,1.0237271e-09
6766,339,1.3392871e-05
6767,93650,1.0853248e-06
6768,21570,0.010311361
6769,932,0.020933717
6770,14751,7.189822e-10
6771,11297,1.4626154e-07
6772,30840,0.009558456
6773,88214,0.04570172
6774,45364,0.02521269
6775,91214,0.05303671
6776,69642,0.027308173
6777,39589,0.018107578
6778,54284,4.999841e-10
6779,73538,0.004193053
6780,14760,0.008431155
6781,112600,3.6510745e-14
6782,17139,8.444775e-13
6783,36172,0.023214001
6784,95575,0.0009905635
6785,18770,0.08333831
6786,75993,3.926526e-13
6787,114133,0.04130275
6788,40561,0.015521154
6789,58821,8.939944e-06
6790,27708,1.0020513e-05
6791,39793,0.031513087
6792,4167,0.00909721
6793,81817,0.010311361
6794,50329,0.0011280156
6795,106689,0.045780502
6796,98147,0.009611095
6797,19940,1.1155569e-06
6798,105522,0.009611095
6799,47916,0.00048261552
6800,109710,0.031741936
6801,38905,3.6225684e-12
6802,56495,1.6126516e-09
6803,89635,0.0077906027
6804,40005,1.6837998e-08
6805,99950,0.009611095
6806,112852,0.0051844474
6807,107330,3.3334988e-13
6808,14578,1.9102748e-08
6809,55562,0.00013526439
6810,112848,0.059533693
6811,86255,0.009609334
6812,11955,0.0041827145
6813,60767,0.002016192
6814,77962,0.009558456
6815,72886,0.0007400047
6816,59913,0.0040224534
6817,90711,0.018134167
6818,27126,3.441908e-06
6819,97922,5.6311487e-15
6820,67086,9.8406e-06
6821,64200,0.00046791197
6822,53927,0.028905047
6823,108629,0.000507071
6824,63516,8.9855433e-07
6825,10612,0.008955581
6826,80798,0.054096185
6827,79226,0.0006159452
6828,46547,0.027917715
6829,58701,0.041573904
6830,22300,1.1216995e-06
6831,47321,0.009169346
6832,58210,8.305236e-15
6833,63055,3.0880973e-09
6834,75377,0.0026416038
6835,40769,0.0006364484
6836,42543,9.024539e-11
6837,61280,3.3229156e-10
6838,47494,0.009601473
6839,18245,1.8422164e-06
6840,36485,0.010935187
6841,103084,0.009173626
6842,101370,0.009611095
6843,53686,1.3290206e-06
6844,102310,0.0058318716
6845,18229,1.7910652e-09
6846,32065,5.9671066e-07
6847,85973,0.018107578
6848,43259,0.0021926202
6849,40684,0.005488723
6850,27191,3.252252e-12
6851,70741,0.00012767575
6852,83996,0.0033026752
6853,50761,0.018107578
6854,36521,0.0100853825
6855,15769,4.975583e-10
6856,71949,0.010311361
6857,15695,1.2838104e-06
6858,14129,1.2026428e-05
6859,44751,0.08747747
6860,46594,0.009601473
6861,8968,1.4217301e-09
6862,72429,0.0007400047
6863,107546,9.322209e-10
6864,28654,1.7417717e-08
6865,111510,0.009611095
6866,86623,0.0007400047
6867,24398,0.0077906027
6868,11301,0.00041820406
6869,35191,1.5124115e-12
6870,100126,0.02897164
6871,76657,0.0007400047
6872,20857,9.5243664e-14
6873,71429,1.15576855e-08
6874,109886,1.9561894e-05
6875,115551,0.059607558
6876,59172,0.054374717
6877,39833,5.2269017e-05
6878,87039,0.04562465
6879,89467,6.8193244e-06
6880,88221,3.1514151e-12
6881,85866,0.04562465
6882,48414,7.916138e-14
6883,49562,3.6697522e-13
6884,111205,0.00017311328
6885,83371,0.0077906027
6886,111310,6.606339e-07
6887,46210,0.027271394
6888,59910,1.1598475e-08
6889,68298,0.027308173
6890,20990,9.58776e-10
6891,91457,1.3078862e-10
6892,106901,5.4773673e-06
6893,92558,0.0005303402
6894,34956,0.00017287674
6895,39478,0.00019617405
6896,63142,1.5049035e-09
6897,33804,1.921613e-09
6898,42720,1.9917696e-12
6899,17396,0.0042001335
6900,45217,0.00020545091
6901,829,0.00041765047
6902,80556,6.4455136e-11
6903,63039,0.0056132367
6904,66274,9.829541e-06
6905,80066,1.4930598e-11
6906,111458,0.07983019
6907,64669,0.0009905635
6908,75669,4.082253e-05
6909,80184,0.031417016
6910,12117,1.1800418e-12
6911,669,0.00018333564
6912,112404,0.004270756
6913,61980,0.02718392
6914,85037,1.0682417e-10
6915,16760,0.004182828
6916,84224,2.887028e-09
6917,93136,0.026707362
6918,112211,0.0004729437
6919,10561,0.027112849
6920,17117,0.0021600947
6921,100363,3.51671e-05
6922,89056,0.009609334
6923,54601,0.0688517
6924,71655,0.004607776
6925,1971,0.00032444173
6926,103086,0.0006647029
6927,27737,0.00080095284
6928,83736,1.0335851e-11
6929,112842,0.05452379
6930,98063,6.81367e-05
6931,88619,0.021894407
6932,28088,0.054046966
6933,106567,5.3063538e-08
6934,27963,0.0042110747
6935,106505,0.013123105
6936,8258,8.715646e-06
6937,49815,3.8007813e-12
6938,44827,1.424117e-07
6939,43646,0.009169346
6940,97418,0.031610955
6941,22057,0.12769325
6942,108857,0.02335275
6943,50498,0.018107578
6944,108945,3.283701e-10
6945,112034,0.029776264
6946,22635,0.009601473
6947,93544,2.9322849e-09
6948,85536,0.01274207
6949,756,2.9970474e-07
6950,66074,0.00019528682
6951,109570,0.0028814727
6952,78037,0.033814374
6953,87494,0.05926452
6954,97155,0.005878165
6955,107124,0.0007412293
6956,22265,4.1663802e-07
6957,50211,3.552648e-10
6958,21081,0.00564826
6959,65696,1.8957722e-10
6960,100546,0.031610955
6961,46279,1.3072475e-06
6962,65622,3.3229156e-10
6963,29464,1.977663e-10
6964,80999,1.6558841e-08
6965,19009,3.437663e-09
6966,96289,5.3655835e-06
6967,24709,0.0040224534
6968,79011,2.6141825e-10
6969,48045,0.005194104
6970,114879,2.881309e-07
6971,11828,0.00041910377
6972,30417,6.6668107e-13
6973,24229,0.018125536
6974,21482,5.5884843e-09
6975,1914,0.0009032256
6976,86204,8.016688e-12
6977,98344,0.0006647029
6978,77483,0.08785336
6979,110908,0.00058089895
6980,109084,2.6917936e-05
6981,90527,1.9977966e-08
6982,43771,0.5349268
6983,83045,0.019392535
6984,113789,1.6304349e-13
6985,102932,9.757654e-10
6986,19456,0.0095750205
6987,32984,1.4817932e-08
6988,90256,0.010311361
6989,28162,8.616835e-06
6990,94544,0.0015616057
6991,55106,0.0006647029
6992,69232,0.08333831
6993,49125,0.4990394
6994,92905,0.027308173
6995,35190,0.009159205
6996,31474,3.6225684e-12
6997,44663,8.508157e-06
6998,39531,0.0042110747
6999,29786,1.3406772e-11
7000,26922,0.04137023
7001,51786,0.009177744
7002,72211,0.009609334
7003,5081,6.9695244e-12
7004,12545,6.3454975e-12
7005,90713,4.978295e-05
7006,114415,1.9314289e-08
7007,56240,1.4140186e-07
7008,67897,0.009170086
7009,112208,0.00030214753
7010,88855,0.018134167
7011,48658,0.06883655
7012,73033,0.0007400047
7013,30420,0.009558456
7014,64791,0.00053218845
7015,21635,2.3692917e-06
7016,93786,0.009611095
7017,32205,0.009159205
7018,77872,5.7724774e-15
7019,81106,0.018107578
7020,35305,0.00037149573
7021,18206,3.5809096e-09
7022,33653,5.642855e-12
7023,22961,0.06433432
7024,76287,0.054374717
7025,10862,0.022491015
7026,26717,2.653242e-06
7027,16213,3.6756703e-10
7028,72892,0.0009799172
7029,96593,1.562937e-06
7030,64402,5.7214396e-07
7031,115651,6.454876e-11
7032,69830,0.03764239
7033,92542,0.009609334
7034,6107,0.01192162
7035,41843,0.00034594888
7036,97492,7.1043155e-07
7037,65424,3.3483225e-12
7038,92451,8.7372086e-05
7039,110780,0.009611095
7040,961,0.0062313657
7041,114621,5.2544156e-08
7042,82523,0.05926452
7043,80851,0.028931597
7044,32979,0.018143823
7045,47728,0.19908288
7046,100744,0.026709927
7047,5030,0.00012482524
7048,56420,5.2640324e-05
7049,43914,0.018143823
7050,97583,0.08087044
7051,32665,5.1682415e-05
7052,27027,0.010311361
7053,24175,9.640559e-07
7054,55670,0.43648365
7055,81306,0.05170164
7056,28813,0.010311361
7057,74104,0.009170086
7058,105482,0.0077906027
7059,28919,0.0056379135
7060,56998,0.009558456
7061,97575,0.037458137
7062,15566,2.9152583e-05
7063,39563,1.7910652e-09
7064,23076,1.8560546e-13
7065,9599,4.1090232e-05
7066,62617,0.00010681258
7067,111129,2.2613728e-10
7068,5320,0.03252788
7069,65656,0.0026451752
7070,27559,2.636311e-09
7071,29338,0.009159205
7072,76644,0.009609334
7073,104085,5.09822e-14
7074,37255,0.009601473
7075,50552,0.031167235
7076,64651,1.5543159e-09
7077,100810,0.008487265
7078,33527,1.8769039e-07
7079,26911,1.9239235e-07
7080,112387,0.0066461666
7081,9221,0.04516103
7082,19810,6.9301545e-06
7083,92866,0.0042148116
7084,80635,0.0077906027
7085,78038,0.0014888049
7086,89911,0.004015353
7087,66363,0.0017830449
7088,21337,4.2415745e-12
7089,1641,3.5575216e-11
7090,30373,0.010311361
7091,55414,1.3680695e-06
7092,86401,0.00024887492
7093,34746,0.5428153
7094,37058,5.0226986e-06
7095,113816,4.512401e-09
7096,48266,0.0010103625
7097,7580,3.0557148e-06
7098,52974,2.9282163e-09
7099,87500,1.0182586e-06
7100,35802,0.018107578
7101,78710,2.649422e-13
7102,65189,2.3422383e-06
7103,2148,3.398613e-05
7104,30312,6.354957e-12
7105,85798,1.3211098e-09
7106,78015,6.5947125e-07
7107,55898,0.02154969
7108,89322,0.0010103625
7109,8196,1.001438e-06
7110,41421,0.00503983
7111,41451,3.5843282e-08
7112,96223,0.05926452
7113,47249,0.023214001
7114,115126,0.02341725
7115,104463,0.032188945
7116,49091,1.9237432e-06
7117,4770,0.0014675229
7118,3520,0.19350025
7119,32645,0.027070584
7120,110207,0.04805257
7121,16434,6.2458065e-09
7122,25155,0.027271394
7123,99440,0.0019673521
7124,84979,0.005842996
7125,24637,0.026707362
7126,95270,7.2693904e-09
7127,94632,0.0007400047
7128,85602,0.023214001
7129,102021,0.00013858208
7130,31521,1.2319387e-06
7131,1059,7.159025e-07
7132,39393,0.027271394
7133,25939,7.140807e-08
7134,13754,4.543301e-13
7135,89529,1.9561894e-05
7136,114729,1.8955727e-05
7137,47468,0.031513087
7138,85423,3.9420287e-05
7139,107873,0.0039793374
7140,103869,0.0007412293
7141,74243,0.018107578
7142,65779,0.00046791197
7143,47016,0.028905047
7144,88404,0.008979334
7145,3478,0.023169983
7146,88151,0.05926452
7147,41061,0.009601473
7148,62942,0.04562465
7149,96642,2.0700624e-12
7150,4904,0.001424623
7151,3711,5.5244524e-05
7152,29953,0.039245535
7153,28220,0.010152991
7154,37271,0.0009799172
7155,11217,0.0068877526
7156,107085,1.0906855e-09
7157,35749,1.203133e-07
7158,34312,2.329322e-05
7159,106406,0.00019636269
7160,51678,0.0037691453
7161,108091,0.0026269308
7162,46227,1.4056253e-12
7163,2038,4.087259e-05
7164,51695,1.2297587e-05
7165,91335,0.009609334
7166,100100,1.061952e-06
7167,36761,2.2325781e-09
7168,33246,0.0008237514
7169,54452,3.1613112e-09
7170,48377,4.084578e-16
7171,79088,1.5055366e-06
7172,58464,0.0038918324
7173,20885,5.5884843e-09
7174,6968,1.9170977e-05
7175,26965,3.039416e-12
7176,38913,0.02004179
7177,85425,1.0076045e-06
7178,94877,0.050105408
7179,102078,0.00266249
7180,70043,0.00012767575
7181,59098,0.00023588965
7182,71197,0.009609334
7183,65867,1.2602842e-10
7184,21901,0.0011109299
7185,33781,0.054374717
7186,109515,0.06526349
7187,36287,0.027070584
7188,114236,0.06544781
7189,40328,0.018525936
7190,109479,1.5336002e-07
7191,102443,1.1958213e-07
7192,22415,0.07016115
7193,67868,0.0042148116
7194,40722,3.7734306e-05
7195,97750,1.3636577e-06
7196,100229,0.018134167
7197,97056,1.9561894e-05
7198,105547,5.3891594e-18
7199,7170,9.683713e-06
7200,37694,0.00038883247
7201,39763,5.6024955e-06
7202,1628,4.0041932e-08
7203,39526,0.0077906027
7204,46183,0.00045608997
7205,106530,0.009611095
7206,57071,2.2627228e-14
7207,4771,1.0960603e-06
7208,109529,0.059607558
7209,39628,1.977663e-10
7210,1442,1.8344871e-09
7211,58968,0.0040224534
7212,25628,0.0009799172
7213,47317,5.565799e-11
7214,17623,0.018107578
7215,65008,0.00045342447
7216,73491,0.019305756
7217,11360,5.670942e-05
7218,38387,2.4949153e-12
7219,10106,0.00010110246
7220,17048,2.401703e-06
7221,26343,3.3814595e-07
7222,8904,1.7864829e-06
7223,84343,0.027308173
7224,16978,1.5781845e-07
7225,40867,0.0006205595
7226,115516,0.0007412293
7227,56135,0.048092566
7228,63945,0.0014888049
7229,59132,2.3303922e-08
7230,112964,0.009159205
7231,21588,1.1408521e-14
7232,9068,0.00033104117
7233,102763,1.9561894e-05
7234,67192,0.0042148116
7235,113158,0.022458823
7236,56954,0.00028472743
7237,102407,0.012637813
7238,43791,3.1482243e-05
7239,13839,2.4219567e-05
7240,96470,9.677297e-06
7241,36216,3.0836178e-09
7242,16950,0.0095750205
7243,114078,5.35682e-06
7244,40776,0.00084915216
7245,242,0.001424623
7246,82620,0.04974522
7247,9268,0.01046717
7248,23,3.5890116e-06
7249,71980,1.7027379e-16
7250,57654,1.0811492e-10
7251,36514,0.009558456
7252,96862,1.9561894e-05
7253,51443,0.0057472317
7254,114886,0.0017983101
7255,95510,2.2194333e-09
7256,66867,8.890056e-10
7257,11234,0.015654262
7258,75283,1.1162415e-13
7259,96177,0.0007400047
7260,66464,1.923583e-12
7261,81198,0.01954178
7262,25399,0.001279235
7263,110226,1.2725681e-12
7264,78900,0.0007400047
7265,32285,0.027070584
7266,27405,0.0009799172
7267,8497,0.0018631243
7268,112466,0.0011293961
7269,50583,1.977663e-10
7270,106760,5.999543e-11
7271,88373,0.018134167
7272,94016,0.040398903
7273,110071,4.349645e-12
7274,70162,0.07983019
7275,71481,5.999658e-11
7276,82328,4.7803113e-13
7277,95520,2.807445e-10
7278,40327,0.010311361
7279,111405,0.009611095
7280,1386,5.7577245e-06
7281,112526,0.0028741907
7282,102983,0.05926452
7283,64311,0.0026451752
7284,89794,0.0077906027
7285,35559,0.027070584
7286,6271,0.00909721
7287,61377,6.670636e-10
7288,97929,0.0070739565
7289,5203,0.013972453
7290,3966,0.11006626
7291,15367,1.8859627e-06
7292,59285,0.014781824
7293,47258,0.2887176
7294,56879,6.0004245e-11
7295,106974,0.009611095
7296,38215,7.343508e-05
7297,75056,2.9102274e-12
7298,107738,4.519593e-13
7299,82240,5.6068184e-12
7300,71022,0.0007400047
7301,115760,0.024748232
7302,15220,6.622695e-16
7303,78396,0.0006647029
7304,3985,5.5244524e-05
7305,88168,0.06451
7306,55142,1.2327335e-08
7307,37263,0.3569918
7308,80830,1.9561894e-05
7309,64565,3.0617353e-12
7310,38176,0.0042110747
7311,84390,0.0040224534
7312,52861,0.0006647029
7313,109921,0.06405048
7314,184,2.20639e-10
7315,114684,0.001726012
7316,40229,0.0077906027
7317,91279,0.0042148116
7318,33181,0.0012398196
7319,97970,0.0004478891
7320,65542,9.829541e-06
7321,70427,0.07812706
7322,103273,2.1056671e-06
7323,25682,0.009601473
7324,94302,2.859759e-07
7325,104433,0.009170086
7326,99883,0.04805257
7327,43663,6.44649e-17
7328,110416,0.0021675031
7329,51588,0.004193047
7330,4832,0.00909721
7331,85436,0.009306214
7332,65134,2.6131982e-08
7333,79360,2.2757132e-09
7334,2319,5.8525984e-05
7335,88485,1.9561894e-05
7336,56795,0.005194104
7337,80767,0.0007400047
7338,76868,0.0077906027
7339,85067,0.00024887492
7340,9278,0.028460784
7341,38485,0.010311361
7342,44750,0.098787576
7343,79491,8.0439637e-13
7344,110073,0.009170086
7345,64776,2.3185566e-10
7346,87206,0.00022348325
7347,36659,0.009601473
7348,13039,2.5698151e-08
7349,11681,1.5486517e-05
7350,64518,1.0859619e-15
7351,70252,0.05926452
7352,9099,2.4003307e-07
7353,115213,1.2399986e-06
7354,92647,0.0042148116
7355,84710,0.010311361
7356,108021,3.4679504e-09
7357,103127,0.0022746052
7358,43214,0.009169346
7359,41223,0.02718392
7360,50515,2.8879546e-08
7361,94551,0.011485833
7362,65408,1.7350645e-05
7363,106048,0.0011293961
7364,62160,5.9088023e-07
7365,38765,6.10762e-05
7366,62092,0.0005303402
7367,99092,0.06334803
7368,79331,0.05946976
7369,17285,0.0040224534
7370,69668,0.00063210167
7371,74051,2.227576e-09
7372,96551,0.002843829
7373,36137,0.00067582063
7374,16987,1.5781845e-07
7375,1902,0.032525297
7376,66905,1.4183932e-09
7377,46898,3.5036965e-06
7378,99223,0.06334803
7379,42420,0.009169346
7380,39276,1.181358e-14
7381,75526,0.048092566
7382,100208,0.00034391746
7383,21445,6.9577144e-09
7384,43383,6.9301545e-06
7385,115136,0.026351169
7386,8441,0.041634236
7387,82587,0.0042148116
7388,3329,0.0036075034
7389,36186,2.8562022e-07
7390,17724,5.117303e-11
7391,8855,0.0014526974
7392,58795,0.005194104
7393,110617,9.4063535e-06
7394,54524,2.2953486e-08
7395,20802,0.01763777
7396,44361,3.7341146e-05
7397,11468,2.4003307e-07
7398,17454,1.1155569e-06
7399,77580,0.010311361
7400,52479,0.0009799172
7401,71274,0.002328324
7402,42541,1.737341e-06
7403,54800,0.009558456
7404,6450,3.6883514e-06
7405,33625,0.052160252
7406,36891,0.010449223
7407,115709,1.9561894e-05
7408,9064,1.7778298e-08
7409,76150,1.7027379e-16
7410,85811,0.0002868415
7411,45819,0.009169346
7412,87931,0.00011565337
7413,50605,1.6252747e-07
7414,98301,0.027684728
7415,19883,3.005031e-16
7416,51879,4.7459314e-14
7417,54234,9.2568596e-05
7418,7199,0.00014583017
7419,29542,1.3576287e-07
7420,22576,0.00013330289
7421,114460,1.8955727e-05
7422,70981,0.0042148116
7423,74853,1.593045e-05
7424,43508,4.2113188e-05
7425,91202,0.004193053
7426,66610,0.0009905635
7427,86359,2.0996683e-15
7428,111191,0.004052996
7429,104635,0.031214643
7430,27763,0.006883253
7431,76345,6.333965e-11
7432,44285,0.0042110747
7433,18637,0.0056132367
7434,36977,1.3356072e-09
7435,4419,0.03252788
7436,34354,0.004193047
7437,45069,0.009169346
7438,29019,0.027070584
7439,27705,2.4073552e-11
7440,427,4.9313938e-05
7441,58261,0.05926452
7442,103240,2.1404861e-05
7443,89113,0.009170086
7444,102861,8.5325437e-13
7445,23846,0.052082203
7446,52756,0.11003851
7447,26449,0.00040138155
7448,112448,0.032860268
7449,46813,0.0025652924
7450,20531,5.314817e-07
7451,20749,0.061993923
7452,18759,1.1155569e-06
7453,98145,3.857821e-09
7454,34806,0.00067582063
7455,45788,1.0332465e-05
7456,69371,0.0015616057
7457,9422,0.025162192
7458,3786,0.00909721
7459,64144,1.07289934e-10
7460,109167,0.0042148116
7461,24810,5.44238e-07
7462,17273,2.7096705e-05
7463,22486,5.2095415e-11
7464,113441,7.1043155e-07
7465,56005,0.032136623
7466,17235,1.0832009e-06
7467,40510,0.030151106
7468,92708,0.0007400047
7469,7282,1.526886e-05
7470,62795,0.031558465
7471,65493,2.9923285e-06
7472,105334,0.0077906027
7473,114902,4.3529905e-08
7474,43461,0.005195277
7475,76555,0.006010258
7476,93288,0.0010103625
7477,88936,9.0919645e-09
7478,78168,2.1043152e-11
7479,24144,0.0009702986
7480,103735,1.9561894e-05
7481,114216,0.054945264
7482,47003,0.027994813
7483,85542,0.009609334
7484,86228,1.740005e-12
7485,35744,0.0026789745
7486,7141,0.0014277677
7487,37047,5.798777e-05
7488,55380,0.03152089
7489,100570,0.004607776
7490,35638,0.013271171
7491,593,1.9529074e-07
7492,103202,0.0011293961
7493,105774,2.881309e-07
7494,79862,0.06482158
7495,3437,1.3528959e-06
7496,9214,0.0037447906
7497,46005,0.011837281
7498,75646,0.009178248
7499,104541,0.0032907028
7500,98378,0.0014888049
7501,104688,5.0313118e-11
7502,60724,0.040115204
7503,95539,2.9102274e-12
7504,31462,1.3027238e-12
7505,114692,0.0023052315
7506,102702,0.008979334
7507,385,1.1288317e-08
7508,67601,0.0038918324
7509,87071,0.00073597144
7510,115184,3.3491647e-06
7511,32667,0.054374717
7512,13458,0.0003453031
7513,1487,0.0008722695
7514,39813,0.002262497
7515,47554,6.880521e-10
7516,60603,0.00023714888
7517,24664,1.4434748e-06
7518,53242,5.6208077e-10
7519,92407,1.9561894e-05
7520,100029,0.009611095
7521,112033,0.059533693
7522,111733,0.0026269308
7523,100542,0.06451
7524,28809,0.028905047
7525,31757,0.0042110747
7526,104598,1.6707179e-09
7527,71221,1.9561894e-05
7528,61522,0.0095750205
7529,83937,0.040115204
7530,99390,5.4132727e-12
7531,10879,0.041481473
7532,19264,0.001310954
7533,6817,8.076896e-06
7534,56616,0.003627022
7535,73844,0.010009616
7536,100110,0.009170086
7537,34539,1.977663e-10
7538,58435,0.040115204
7539,36219,0.0015616057
7540,82023,1.05220575e-10
7541,94109,6.9947745e-08
7542,115079,0.0006159452
7543,45001,9.965719e-10
7544,18962,1.2083513e-07
7545,8410,0.009601473
7546,86837,1.35130885e-14
7547,53239,0.06526349
7548,74913,0.01954178
7549,49994,0.00437628
7550,73746,2.227576e-09
7551,79934,9.807219e-06
7552,111754,0.059533693
7553,51671,4.708317e-06
7554,16783,0.07016115
7555,59354,0.002328324
7556,84284,0.07910004
7557,18584,1.2276001e-07
7558,96617,7.5065015e-12
7559,51360,0.07508184
7560,78459,0.0018160112
7561,48109,2.8187317e-08
7562,9613,0.03252788
7563,56619,0.054374717
7564,91901,0.0042148116
7565,65757,6.5225854e-06
7566,58636,0.018107578
7567,107723,0.0008218755
7568,111686,0.0005076782
7569,15356,1.8859627e-06
7570,52896,1.9561894e-05
7571,33644,0.009601473
7572,95328,0.019548833
7573,11305,1.5713093e-06
7574,70646,0.0028958032
7575,68963,2.0004113e-07
7576,23835,0.000115734016
7577,42121,0.018107578
7578,42821,0.027271394
7579,26818,0.054374717
7580,73273,0.053207815
7581,76530,0.06433432
7582,66440,9.829541e-06
7583,12098,1.0070718e-09
7584,60151,0.05926452
7585,5769,0.001424623
7586,74774,0.048092566
7587,82980,0.027308173
7588,7576,1.2579817e-07
7589,28564,1.4551964e-08
7590,42583,0.06445305
7591,25270,0.009150657
7592,70316,0.051021703
7593,105772,0.03386439
7594,29391,0.0009190496
7595,108595,0.027316395
7596,83334,1.0151566e-12
7597,91717,0.05926452
7598,19065,1.9750176e-13
7599,66977,5.821085e-07
7600,53729,0.0038918324
7601,47397,8.3304376e-13
7602,3026,0.009085741
7603,91105,1.7218792e-05
7604,15501,0.0016686122
7605,62593,0.0007400047
7606,64185,0.0026451752
7607,111229,9.59462e-06
7608,27351,3.1808003e-08
7609,40486,1.0080067e-11
7610,50362,0.3480044
7611,29041,0.009558456
7612,63803,3.1041598e-09
7613,115046,0.0019673521
7614,43080,0.00019617405
7615,92761,1.5856597e-11
7616,30410,1.2145235e-05
7617,83460,0.00010575418
7618,27543,0.0042110747
7619,23827,1.2888557e-09
7620,31214,0.010152991
7621,40516,0.00861036
7622,51973,0.11003851
7623,63536,4.0761697e-10
7624,48276,0.009609334
7625,38106,0.004100673
7626,71090,1.4728545e-07
7627,48458,0.0006647029
7628,61499,3.7217771e-06
7629,58175,0.0056132367
7630,66382,1.2506164e-15
7631,47886,9.829541e-06
7632,67867,0.0006647029
7633,41767,0.0029947262
7634,24063,0.009601473
7635,92342,1.8994877e-08
7636,60538,0.0039220895
7637,12468,2.0644891e-05
7638,80290,0.02897164
7639,20161,3.1416448e-08
7640,46107,0.028332869
7641,22848,0.00019617405
7642,95446,1.9561894e-05
7643,107407,0.0011136024
7644,73680,1.9561894e-05
7645,49508,7.759337e-11
7646,36876,1.0209728e-07
7647,9321,0.0071632224
7648,48365,0.031558465
7649,37442,3.846066e-09
7650,86898,2.0700624e-12
7651,38393,0.054374717
7652,105737,2.925728e-08
7653,4525,0.00034430885
7654,57603,0.03426602
7655,103056,0.0006228835
7656,102825,2.9322849e-09
7657,9992,0.0003478291
7658,85876,3.5289178e-09
7659,53117,0.26613113
7660,85729,0.009609334
7661,103620,0.0073838653
7662,112995,2.9986213e-14
7663,37078,0.05250042
7664,70434,3.49182e-08
7665,96002,1.967057e-11
7666,47997,1.6300559e-09
7667,101442,0.027316395
7668,102735,0.007900154
7669,13787,0.0924337
7670,58268,0.0006647029
7671,73386,0.0004754211
7672,30689,0.0042110747
7673,107701,0.00024887492
7674,78969,1.4391842e-08
7675,63507,1.1363622e-08
7676,113454,0.0025764718
7677,91408,0.018134167
7678,78161,0.004193047
7679,9649,1.1372165e-06
7680,113976,2.2921984e-08
7681,56928,3.6698665e-12
7682,59336,0.0048444965
7683,18563,0.0014277677
7684,81692,4.9591013e-12
7685,77578,8.112371e-10
7686,73185,0.06433432
7687,105798,0.0011293961
7688,35237,0.07016115
7689,89796,0.018134167
7690,21160,0.001994926
7691,64134,4.86413e-12
7692,115715,0.0007412293
7693,77970,0.004607776
7694,68377,0.027684728
7695,67524,0.0023459184
7696,56844,0.05926452
7697,72990,7.79435e-13
7698,86579,3.2110347e-12
7699,98713,0.059353366
7700,26984,3.0880973e-09
7701,33111,0.0056853113
7702,37630,0.0218647
7703,112745,0.00066182925
7704,109701,0.051745117
7705,13130,0.009567516
7706,111311,1.2369866e-05
7707,94672,1.6309827e-09
7708,106323,1.8187544e-08
7709,5219,0.08239772
7710,73804,0.016967166
7711,22814,3.6169394e-07
7712,39963,0.00017287674
7713,46003,0.0042110747
7714,113681,6.9202155e-10
7715,95842,0.009611095
7716,115023,0.08087044
7717,96402,0.05926452
7718,33689,0.0056853113
7719,24861,4.5449462e-05
7720,52788,0.0062258933
7721,65359,2.0520931e-06
7722,54946,0.015620506
7723,55046,0.08333831
7724,77659,6.209917e-14
7725,6558,5.675621e-10
7726,81327,1.3670948e-13
7727,75407,7.6794855e-09
7728,30578,0.002009357
7729,971,6.213725e-09
7730,26334,2.329322e-05
7731,65196,2.3404136e-13
7732,2519,0.013972453
7733,36492,0.01929331
7734,45527,0.009601473
7735,30599,0.009558456
7736,60059,1.4819035e-08
7737,9752,2.4003307e-07
7738,78571,2.329322e-05
7739,35493,2.2063236e-09
7740,75301,0.048092566
7741,35839,0.009159205
7742,53428,5.6208077e-10
7743,96219,3.0732017e-09
7744,53177,0.0005279978
7745,88419,2.0305926e-16
7746,106717,0.020128533
7747,10852,1.9890271e-10
7748,71521,3.049203e-10
7749,18644,4.1229008e-08
7750,97365,1.1846237e-09
7751,1129,0.027915554
7752,24194,1.6257121e-05
7753,111469,1.202584e-06
7754,56800,0.0006647029
7755,46024,0.06457599
7756,102115,0.05926452
7757,3358,1.3579147e-05
7758,10858,2.5606743e-09
7759,113214,2.104842e-06
7760,7849,2.3859871e-05
7761,67177,0.027308173
7762,69305,1.9561894e-05
7763,17301,1.40949e-05
7764,727,0.023169983
7765,104938,0.059533693
7766,103379,0.0100853825
7767,20200,0.018107578
7768,52028,5.3398077e-07
7769,65929,0.0009905635
7770,80490,2.9102274e-12
7771,95788,0.0070692725
7772,67116,0.0011676986
7773,52676,0.018107578
7774,70804,0.0009799172
7775,31625,0.0012284027
7776,16819,1.44866e-07
7777,26248,0.0025778974
7778,36667,0.0009615326
7779,53026,0.0026789745
7780,36531,0.07171395
7781,10653,0.0016169949
7782,103459,1.8574035e-05
7783,41204,0.028905047
7784,48220,0.0007400047
7785,60526,0.019392535
7786,53132,0.010311361
7787,4948,9.164139e-06
7788,30606,7.7529745e-05
7789,102241,0.000509919
7790,23357,0.065604225
7791,44812,0.010311361
7792,5532,0.00011674923
7793,25459,3.2962944e-06
7794,1497,0.00031227208
7795,59511,4.8794574e-10
7796,105549,2.7742575e-05
7797,8564,2.9266123e-10
7798,83802,0.0021738664
7799,21358,0.006513033
7800,94028,0.0014863982
7801,114644,1.2672918e-05
7802,104235,0.032150183
7803,10032,1.278499e-09
7804,25326,5.1341956e-08
7805,74744,1.2338983e-11
7806,33994,0.0005785093
7807,44605,0.019502632
7808,6354,8.566156e-05
7809,34398,0.004193047
7810,69849,7.597296e-14
7811,32614,3.0880973e-09
7812,60269,0.008979334
7813,80349,0.0042148116
7814,45460,7.292021e-10
7815,109685,0.002272817
7816,103502,1.9561894e-05
7817,17676,6.146436e-06
7818,85271,0.002982897
7819,50727,0.0009884296
7820,40652,0.00081526104
7821,43444,2.4221023e-05
7822,18984,1.6129067e-09
7823,100031,1.1916652e-06
7824,87342,9.288197e-15
7825,98841,0.028832536
7826,69901,1.0076045e-06
7827,36299,1.0139627e-12
7828,13840,0.0038928085
7829,85952,2.9322849e-09
7830,68676,1.3552305e-09
7831,1594,2.6232242e-06
7832,1707,0.009567516
7833,75372,0.0005620254
7834,73704,2.227576e-09
7835,37882,0.019502632
7836,81471,0.004607776
7837,85691,0.027308173
7838,19665,1.289595e-06
7839,100871,0.010314077
7840,63528,5.9166055e-06
7841,90811,0.0042148116
7842,108761,0.026397953
7843,49391,0.009558456
7844,77742,0.016918974
7845,29685,0.0042110747
7846,48816,2.227576e-09
7847,96146,2.2090418e-05
7848,105655,0.0007412293
7849,32395,0.00027933234
7850,68174,0.002016192
7851,98331,2.7352965e-07
7852,102010,1.20798195e-05
7853,49514,4.7596604e-05
7854,35338,0.022951918
7855,77688,3.5559935e-08
7856,35195,2.0157115e-10
7857,14153,0.010311361
7858,35170,9.904291e-06
7859,14923,0.001278478
7860,68428,0.032136623
7861,78736,9.683376e-11
7862,32954,0.0042110747
7863,58357,0.028905047
7864,3487,0.39854077
7865,85789,0.00041341223
7866,9046,2.680082e-06
7867,48918,1.3356072e-09
7868,63402,0.0095750205
7869,75103,9.808837e-06
7870,51124,5.6208077e-10
7871,86979,0.004193047
7872,30899,1.8742197e-12
7873,5528,0.0059324494
7874,62227,0.0091682235
7875,69016,5.71501e-10
7876,9171,7.527973e-10
7877,17561,1.1155569e-06
7878,81544,0.041379213
7879,108318,2.8977305e-09
7880,37934,1.1180112e-07
7881,22287,0.082339875
7882,103303,0.03697222
7883,95745,6.7454877e-09
7884,78734,0.05926452
7885,19938,9.716059e-09
7886,2192,5.9502145e-05
7887,102353,7.0366483e-11
7888,101594,0.0046082614
7889,52288,0.011915572
7890,42380,0.027915554
7891,4684,1.9362835e-05
7892,4690,0.00909721
7893,46968,0.009659409
7894,39313,0.009601473
7895,35341,2.1818467e-09
7896,42249,1.5250232e-07
7897,38071,0.030456835
7898,63335,0.0007400047
7899,1448,0.09650666
7900,28555,5.381546e-05
7901,34707,0.0100853825
7902,115754,0.0042148116
7903,105691,0.0002303874
7904,2672,0.004466556
7905,96568,0.02897164
7906,32097,0.028905047
7907,79412,1.9249108e-05
7908,14108,0.0095750205
7909,75002,9.808837e-06
7910,20384,8.045761e-06
7911,27855,0.0021688289
7912,51796,0.027070584
7913,8326,6.017623e-05
7914,26322,0.009601473
7915,33887,4.4180988e-09
7916,31139,0.009159205
7917,112084,5.7530254e-14
7918,8319,8.3489874e-07
7919,29781,2.1818467e-09
7920,76364,1.5320487e-10
7921,4285,1.7585918e-09
7922,30510,0.009558456
7923,32009,0.0042110747
7924,3853,2.412105e-07
7925,95116,9.303239e-10
7926,54875,0.018107578
7927,19164,0.05303671
7928,25608,0.018125536
7929,26776,6.2854115e-06
7930,13963,0.0046554348
7931,59152,5.3327422e-09
7932,101394,0.027844498
7933,78989,1.9561894e-05
7934,2669,1.2456959e-05
7935,17217,2.2704646e-07
7936,21471,7.6178003e-10
7937,114396,9.310955e-06
7938,77848,0.0019829555
7939,2408,0.010439204
7940,6795,0.00035824344
7941,49000,0.0026789745
7942,53748,0.010944051
7943,65521,2.5192334e-10
7944,57709,0.005666774
7945,39147,0.0018949573
7946,83013,1.3352633e-09
7947,87316,0.054945264
7948,10358,5.2470327e-06
7949,10062,8.2727576e-07
7950,37164,0.06552552
7951,67149,0.00266249
7952,112050,1.9561894e-05
7953,723,0.0030009388
7954,84036,0.0022811217
7955,92841,6.7178694e-09
7956,25312,9.165502e-06
7957,107793,0.0005076782
7958,82509,1.5224897e-08
7959,49260,0.0023467834
7960,110019,0.0058318716
7961,77201,0.028976
7962,8888,2.1949827e-05
7963,111669,3.3145294e-13
7964,36434,0.023214001
7965,8355,0.03252788
7966,91791,4.082253e-05
7967,10288,0.00909721
7968,71047,2.977864e-10
7969,22701,3.7683822e-07
7970,69027,0.0042148116
7971,110531,3.4539033e-05
7972,50165,0.00026520147
7973,45141,0.00037149573
7974,76127,0.0014259123
7975,107258,0.055277847
7976,13536,0.12622134
7977,27335,3.7812836e-10
7978,61061,0.004193047
7979,101069,0.059353366
7980,86387,0.0009905635
7981,14416,2.9152583e-05
7982,6166,1.4141064e-06
7983,48554,1.00492325e-05
7984,17234,1.3873398e-06
7985,99054,0.059353366
7986,61160,0.018107578
7987,34994,0.010311361
7988,102960,0.009609334
7989,72168,1.9561894e-05
7990,57764,0.008979334
7991,38787,1.0320423e-06
7992,103350,0.009611095
7993,65587,5.362847e-11
7994,18818,1.9240069e-14
7995,45011,0.002814115
7996,32208,2.8489653e-06
7997,45101,0.0009702986
7998,56215,0.018079935
7999,21717,0.00017844255
8000,113415,0.0048444965
8001,7773,6.313699e-08
8002,33252,0.018143823
8003,37744,0.031180395
8004,39267,0.00032598517
8005,98210,2.5610904e-12
8006,11417,0.028460784
8007,51525,0.00017562564
8008,77195,1.7814871e-05
8009,36077,0.0003182731
8010,38932,2.7420707e-10
8011,23579,0.06482158
8012,74310,1.5689177e-05
8013,35228,0.004193047
8014,87428,0.0100853825
8015,20660,0.0077906027
8016,13280,0.00046163774
8017,50248,0.00017287674
8018,79306,2.585258e-07
8019,74959,0.06433432
8020,19858,0.001994926
8021,588,6.61988e-12
8022,2936,6.4617595e-08
8023,10521,0.0068877526
8024,79504,4.98299e-10
8025,58678,5.831884e-11
8026,13971,0.023214001
8027,41373,5.624626e-10
8028,31160,0.005194104
8029,115286,1.3671216e-12
8030,22928,0.054374717
8031,47551,2.731556e-07
8032,88028,0.0028958032
8033,43124,3.827562e-11
8034,91668,0.048092566
8035,26200,2.1818467e-09
8036,102223,0.0036198415
8037,79044,0.048092566
8038,78207,5.999658e-11
8039,27629,1.4187131e-08
8040,65970,5.26067e-05
8041,108540,2.5490388e-08
8042,53701,9.968833e-06
8043,111295,8.548278e-06
8044,105323,0.010311361
8045,10234,4.5280867e-05
8046,21131,0.00013526439
8047,27909,0.0042110747
8048,114867,1.4166038e-05
8049,61743,0.0010103625
8050,78840,0.00012666055
8051,46672,0.009601473
8052,41793,0.054374717
8053,38980,0.0013471787
8054,39647,0.009601473
8055,108039,0.059533693
8056,27198,0.00045577035
8057,54877,0.010311361
8058,88998,0.05926452
8059,66621,0.5713926
8060,71128,0.019502632
8061,104888,0.004052996
8062,69348,0.0042148116
8063,47496,0.010311361
8064,8130,5.9552244e-06
8065,98257,0.007900154
8066,111023,3.4112495e-09
8067,3230,0.032525297
8068,111657,5.8391854e-11
8069,6819,1.9970545e-07
8070,15311,1.7118817e-05
8071,81445,0.008979334
8072,27311,2.357255e-05
8073,103387,4.2039854e-08
8074,38914,7.522596e-05
8075,104478,0.027316395
8076,61646,5.6069364e-08
8077,21552,0.00916275
8078,37643,0.016249852
8079,99773,0.009611095
8080,77735,4.98299e-10
8081,109103,1.2252394e-08
8082,55558,0.00019617405
8083,94352,0.009558456
8084,76630,6.7178694e-09
8085,68590,0.018107578
8086,69494,0.024162585
8087,96530,0.0026451752
8088,91371,4.082253e-05
8089,20810,2.0148463e-14
8090,9443,0.005188494
8091,58047,3.552648e-10
8092,6092,0.05049643
8093,19579,5.833583e-08
8094,23099,6.877457e-07
8095,20474,1.5833924e-05
8096,103863,0.018143823
8097,24702,0.0015616057
8098,111180,9.9720406e-12
8099,66324,2.312786e-12
8100,109143,1.2470394e-14
8101,24744,0.009601473
8102,111677,0.009611095
8103,87120,0.08251212
8104,18717,0.0009615326
8105,7916,1.001438e-06
8106,51064,0.00034536413
8107,33955,0.00012767575
8108,50824,0.009558456
8109,19705,1.9750176e-13
8110,75960,1.9561894e-05
8111,30177,1.7288425e-09
8112,14491,0.0048444965
8113,36153,0.027070584
8114,36008,2.0750414e-10
8115,2576,0.0021600947
8116,1515,2.694101e-14
8117,91225,0.000319761
8118,33973,1.2514299e-08
8119,30015,2.6218064e-11
8120,115560,0.0007412293
8121,62150,0.0010103625
8122,111308,2.8977305e-09
8123,30339,0.018143823
8124,86688,0.004607776
8125,107773,0.032177687
8126,30749,2.1818467e-09
8127,39474,0.065604225
8128,39748,1.0606945e-11
8129,6173,0.047591694
8130,9220,1.2429239e-05
8131,13247,0.00487458
8132,6237,0.00034439386
8133,23188,1.8560546e-13
8134,63490,0.0007400047
8135,105887,0.0028814727
8136,63009,0.0091682235
8137,40399,5.4246634e-08
8138,714,6.5305127e-12
8139,85255,5.0506358e-08
8140,63591,1.2656523e-12
8141,40220,3.7235762e-10
8142,21858,2.955062e-10
8143,86825,1.9127221e-05
8144,78586,0.0021738664
8145,62020,0.03294483
8146,83125,7.710823e-05
8147,12281,0.08239772
8148,38805,0.009601473
8149,36117,2.5812376e-06
8150,26144,0.0048444965
8151,78300,0.06433432
8152,56085,0.06334803
8153,67495,1.0164644e-05
8154,30284,0.0056424197
8155,108095,3.0319769e-15
8156,24149,0.018525936
8157,30588,0.031109303
8158,11206,8.3489874e-07
8159,26859,3.7379035e-08
8160,105363,0.00024887492
8161,4312,4.2701663e-06
8162,2091,0.0018840645
8163,40687,2.2787867e-06
8164,19747,1.6140438e-11
8165,30024,0.009558456
8166,48585,9.968833e-06
8167,89991,3.0988133e-12
8168,98444,1.0067827e-07
8169,24310,0.010311361
8170,63631,7.6085785e-14
8171,94173,0.003696713
8172,111063,1.0760188e-05
8173,94679,0.018134167
8174,102841,0.0005303402
8175,105051,0.009611095
8176,63997,0.027915554
8177,4927,0.00909721
8178,35407,0.00017287674
8179,44188,2.552764e-13
8180,21799,6.4985426e-12
8181,65923,9.829541e-06
8182,25316,1.0230316e-14
8183,58284,1.5709954e-08
8184,92766,0.037458137
8185,4416,0.024478596
8186,91536,4.1964103e-14
8187,72056,0.004193047
8188,110629,0.08087044
8189,41468,0.03718961
8190,64291,5.821995e-07
8191,61851,1.664487e-09
8192,79882,1.9573725e-05
8193,23917,0.019502632
8194,50569,9.968833e-06
8195,24053,0.07171395
8196,57292,2.0272225e-08
8197,64346,1.6900505e-06
8198,58900,1.6235148e-13
8199,55565,0.28203207
8200,109632,0.028574483
8201,113792,0.063593924
8202,111351,0.024748232
8203,59856,0.0058086915
8204,26009,0.002322864
8205,54123,0.00034344534
8206,84866,6.445864e-13
8207,63854,1.298179e-13
8208,108052,5.973851e-11
8209,40134,3.0880973e-09
8210,56437,0.0025845168
8211,43861,0.04562465
8212,48215,6.0677167e-15
8213,12477,4.7919216e-06
8214,103205,0.0014198559
8215,19394,0.00063210167
8216,29049,0.031180395
8217,3659,3.195105e-05
8218,15463,8.020457e-18
8219,64710,3.3229156e-10
8220,63334,2.5205965e-05
8221,43964,0.009601473
8222,84681,0.054374717
8223,17670,0.00030314442
8224,112439,8.634179e-09
8225,34235,2.3881004e-12
8226,66789,0.018107578
8227,98502,0.00010575418
8228,45697,1.692632e-05
8229,64385,7.389853e-13
8230,95776,3.066219e-07
8231,27609,2.3303922e-08
8232,60728,0.018107578
8233,28605,0.019231588
8234,103301,0.032188945
8235,75495,8.533397e-05
8236,114795,1.2330266e-07
8237,10940,7.027203e-05
8238,70198,0.0006896346
8239,102005,0.014781824
8240,89069,1.9561894e-05
8241,45637,0.001273944
8242,3727,0.104424424
8243,39678,7.3773474e-13
8244,28593,2.9155096e-13
8245,113194,0.0014209084
8246,61421,0.0038918324
8247,87985,1.2225868e-07
8248,113776,4.8645658e-12
8249,53030,1.0237271e-09
8250,34510,1.977663e-10
8251,43311,0.0009615326
8252,100032,0.050105408
8253,115353,3.8659662e-10
8254,49554,0.018107578
8255,101578,3.2323944e-12
8256,115673,9.595059e-10
8257,19420,0.019804394
8258,91208,0.027308173
8259,11274,5.8525984e-05
8260,19931,0.00017287674
8261,44819,2.1553201e-10
8262,108099,0.00611783
8263,52587,2.4218e-07
8264,32253,0.009558456
8265,88856,0.0029813147
8266,69292,0.018107578
8267,70594,0.0006647029
8268,30121,0.006883253
8269,2024,0.036244947
8270,81849,0.010311361
8271,31616,1.787599e-06
8272,65942,2.4229957e-10
8273,98376,0.059353366
8274,49774,0.0004754211
8275,113364,0.059607558
8276,71637,0.0040224534
8277,35152,9.718384e-11
8278,780,1.2574546e-08
8279,82285,2.5158133e-11
8280,64009,9.8406e-06
8281,13234,1.4969605e-11
8282,103375,0.0011172816
8283,105570,1.923583e-12
8284,1374,1.8859627e-06
8285,113645,0.0048444965
8286,82717,0.0022938333
8287,87656,4.190443e-05
8288,68432,0.00020545091
8289,66373,0.0014888049
8290,16116,0.0095750205
8291,99688,6.187501e-10
8292,3289,0.0043288292
8293,82000,1.0859619e-15
8294,57971,2.8702025e-11
8295,97734,0.00075830315
8296,40962,0.04562465
8297,54827,0.0040224534
8298,22352,0.00017287674
8299,48541,7.961538e-13
8300,6425,0.06328387
8301,97576,7.578641e-14
8302,49093,0.027070584
8303,96309,1.1410293e-16
8304,106535,0.032177687
8305,33369,0.00018820756
8306,53163,5.9307854e-06
8307,65238,2.969182e-09
8308,32035,1.7288425e-09
8309,112175,0.007900154
8310,104544,0.055277847
8311,72876,1.2211402e-08
8312,9763,0.00016352565
8313,633,0.009161325
8314,11557,0.0035712183
8315,93376,7.710198e-05
8316,29174,0.009558456
8317,59972,0.051745117
8318,86484,0.0026451752
8319,4589,0.01046717
8320,13590,1.1180087e-08
8321,81371,0.006883253
8322,487,0.00038214598
8323,346,5.8821294e-12
8324,18973,5.578763e-08
8325,58953,0.05598897
8326,44985,0.028905047
8327,74021,4.3612617e-06
8328,73292,0.003156181
8329,13584,5.789539e-07
8330,95524,0.0032463786
8331,41635,0.0040224534
8332,10710,4.087259e-05
8333,32019,0.0009799172
8334,29526,2.0051217e-05
8335,86765,1.9561894e-05
8336,83403,0.0009928349
8337,73148,0.0013151604
8338,62341,0.0077906027
8339,49615,2.936202e-07
8340,78490,4.9729213e-08
8341,34332,0.004193047
8342,19790,0.00013526439
8343,105853,0.004895277
8344,83006,6.7088054e-12
8345,77159,9.968833e-06
8346,21441,0.019804394
8347,23977,6.970747e-07
8348,83733,1.513596e-14
8349,3694,0.009085741
8350,23173,2.7384501e-09
8351,24879,1.2495688e-09
8352,93452,0.0006742901
8353,31208,3.6092695e-06
8354,35302,3.7683822e-07
8355,76014,0.018107578
8356,65386,0.0009905635
8357,40794,0.06248485
8358,103700,1.265387e-08
8359,8854,5.5244524e-05
8360,111025,9.3346365e-08
8361,60140,0.009558456
8362,34761,5.563329e-10
8363,113405,4.1326514e-10
8364,66290,1.5016004e-09
8365,94827,0.0688517
8366,70854,0.0042148116
8367,35280,0.009558456
8368,65267,3.7326038e-06
8369,32485,1.0392814e-09
8370,45451,0.011915572
8371,46836,0.0009702986
8372,83997,0.00032337604
8373,108092,0.004193053
8374,36603,0.009159205
8375,74991,0.0036468876
8376,58745,3.552648e-10
8377,93681,0.0006647029
8378,21058,1.5040031e-08
8379,20759,0.027147863
8380,94422,1.2845371e-08
8381,17915,4.168259e-05
8382,114784,9.365583e-11
8383,9582,8.2893257e-07
8384,80846,0.0026416038
8385,62450,0.0012398196
8386,107768,0.010316847
8387,47533,6.997297e-08
8388,67838,0.010311361
8389,59649,3.1659452e-05
8390,29573,0.00012681875
8391,79260,0.0017333619
8392,14844,3.2774415e-07
8393,74445,1.1309518e-20
8394,2839,0.02663512
8395,92259,0.009609334
8396,92781,2.83304e-13
8397,1095,0.00909721
8398,26947,0.0042110747
8399,93415,0.032136623
8400,92479,0.004193053
8401,38520,7.4857637e-10
8402,68130,0.0013912009
8403,9416,3.199261e-07
8404,49188,1.4033975e-06
8405,36519,0.0009799172
8406,71533,0.0010103625
8407,86040,0.0077906027
8408,99744,1.8459889e-07
8409,64482,8.5054094e-13
8410,21325,9.479803e-05
8411,47827,0.00024887492
8412,3780,8.5515945e-05
8413,87802,0.05926452
8414,22202,9.4496136e-05
8415,2074,7.47105e-08
8416,71951,2.9742078e-14
8417,80629,0.054945264
8418,41081,1.3390084e-11
8419,38361,5.1543375e-06
8420,99633,0.0007400047
8421,63954,5.9166055e-06
8422,113551,2.3572463e-08
8423,73941,0.00014027866
8424,17642,0.08742233
8425,54213,1.3290206e-06
8426,18768,6.266479e-11
8427,15437,1.1511655e-09
8428,43537,1.0857014e-14
8429,78964,2.3185566e-10
8430,115455,1.7752274e-05
8431,42366,7.356751e-08
8432,76443,3.1069865e-12
8433,98452,0.055277847
8434,34328,0.005194104
8435,83183,1.9421379e-12
8436,84072,0.0077906027
8437,104443,0.00013489742
8438,93351,0.009611095
8439,81868,5.596377e-09
8440,44126,3.864315e-10
8441,15836,3.2663988e-07
8442,76497,3.3815292e-12
8443,8231,9.3302543e-07
8444,44166,0.0042110747
8445,85105,1.9836849e-05
8446,44532,0.018125536
8447,73221,0.0010103625
8448,64534,5.307945e-15
8449,54266,0.009159205
8450,8862,0.0029186222
8451,66833,0.05926452
8452,113511,6.590641e-15
8453,35770,0.018107578
8454,38897,0.018525936
8455,109974,0.055277847
8456,85086,0.06526349
8457,41125,3.2740341e-13
8458,27233,3.0880973e-09
8459,17415,0.008979334
8460,29978,0.009558456
8461,86398,0.018107578
8462,9935,2.8029033e-06
8463,43342,0.008742657
8464,112397,0.017426785
8465,99244,2.6343192e-05
8466,61486,0.0040224534
8467,51598,0.018107578
8468,60907,0.0010103625
8469,5194,4.6332391e-07
8470,79267,7.334268e-11
8471,76052,0.0007400047
8472,14501,2.772296e-12
8473,100838,6.445259e-10
8474,92993,0.05926452
8475,7007,5.2506778e-08
8476,26536,3.9372948e-13
8477,94131,4.98299e-10
8478,84753,1.9897879e-08
8479,87965,0.002641423
8480,58818,3.678105e-06
8481,42161,2.1553201e-10
8482,34875,0.00016085288
8483,34216,0.006883253
8484,29551,0.002378787
8485,114954,4.0674956e-07
8486,35473,1.4033975e-06
8487,5824,0.010686103
8488,62521,0.054945264
8489,34102,0.0013841123
8490,7400,0.0006007668
8491,3700,0.0018840645
8492,58337,0.07983019
8493,111624,2.7326685e-06
8494,109488,1.03281904e-10
8495,83301,9.917045e-10
8496,42652,0.00017287674
8497,80397,0.00040622056
8498,37772,0.004420008
8499,83157,5.376302e-12
8500,20798,3.92231e-10
8501,12276,0.023892665
8502,38719,1.1644929e-05
8503,108320,0.059533693
8504,114431,0.02897164
8505,36586,0.054374717
8506,46490,2.1818467e-09
8507,37358,0.018525936
8508,47627,2.9392435e-05
8509,36246,0.018107578
8510,57194,0.03340127
8511,65508,2.2979727e-08
8512,93424,2.2950612e-14
8513,87671,8.0765983e-10
8514,48347,1.11849814e-10
8515,63908,1.273514e-10
8516,65917,4.8865103e-09
8517,109653,0.00013489742
8518,82616,0.0078080413
8519,39035,1.574294e-13
8520,111957,0.006883253
8521,83010,5.161629e-07
8522,82401,2.9322849e-09
8523,84145,5.112253e-05
8524,61369,2.0732157e-06
8525,33028,6.9301545e-06
8526,5115,3.70462e-07
8527,77675,5.5351534e-10
8528,41747,0.00037149573
8529,33002,0.010152991
8530,102095,8.890056e-10
8531,56225,0.054374717
8532,32577,0.010152991
8533,79319,2.2194333e-09
8534,85799,0.028931597
8535,25539,0.009068372
8536,79682,0.05926452
8537,76546,8.032752e-10
8538,23324,3.1639226e-13
8539,44717,0.0014833396
8540,15749,0.00916275
8541,44366,1.0883845e-10
8542,40177,6.4499926e-14
8543,99775,3.539129e-07
8544,41258,2.2943973e-09
8545,71286,0.010311361
8546,52385,1.1581583e-12
8547,5208,0.002179124
8548,86503,1.1846237e-09
8549,9461,0.00909721
8550,45584,0.000509919
8551,8900,0.005794769
8552,72911,0.023273004
8553,28472,5.945459e-10
8554,78022,3.3229156e-10
8555,67643,1.00492325e-05
8556,74615,1.0859619e-15
8557,107000,0.0047364547
8558,14292,0.0018603791
8559,9750,3.0483561e-05
8560,94183,0.02335275
8561,15883,8.197521e-07
8562,53319,0.0025845168
8563,86089,3.7907147e-10
8564,8245,8.3489874e-07
8565,41502,0.0025845168
8566,45940,0.00058338913
8567,59890,2.311602e-10
8568,10109,1.3873398e-06
8569,65770,9.829541e-06
8570,8571,0.00014643506
8571,12402,3.8553036e-10
8572,15405,0.0030009388
8573,19951,9.093589e-10
8574,81273,3.3229156e-10
8575,57827,0.04974522
8576,24152,1.5001344e-17
8577,77165,0.004193047
8578,84915,0.000509919
8579,80109,0.0022349937
8580,55218,2.7391152e-08
8581,97616,0.0014888049
8582,87327,0.00437336
8583,93996,0.0016833808
8584,15673,2.0868869e-05
8585,47508,2.386893e-06
8586,105934,1.2068139e-09
8587,19743,4.969588e-10
8588,11044,1.0544495e-07
8589,24775,0.009169346
8590,72091,0.0019936743
8591,44792,0.0069047827
8592,2515,0.044340983
8593,16861,1.7348312e-07
8594,30259,0.5922159
8595,8749,0.0002074544
8596,73778,0.009609334
8597,59191,0.009558456
8598,64803,0.00013780592
8599,52454,1.8622267e-11
8600,61912,0.0013816252
8601,97605,0.050105408
8602,43399,0.006781493
8603,72639,9.968833e-06
8604,105209,1.9561894e-05
8605,5224,1.1038039e-05
8606,49598,3.4170482e-11
8607,49695,0.0023467834
8608,103370,0.0038399606
8609,74075,0.05926452
8610,25229,9.965719e-10
8611,18016,0.0015616057
8612,56684,0.00223424
8613,21193,9.5441294e-11
8614,27528,0.0009799172
8615,33081,1.3576287e-07
8616,84520,0.0077906027
8617,24185,6.1392967e-07
8618,22844,5.9054026e-11
8619,90887,0.0028367671
8620,115129,2.6700422e-14
8621,80847,1.7939747e-09
8622,46859,3.735461e-05
8623,80104,0.00010576498
8624,112395,8.20866e-07
8625,10808,0.004247478
8626,26078,4.9313938e-05
8627,55583,1.260485e-08
8628,58130,0.0028958032
8629,75567,1.7992998e-13
8630,100505,0.007900154
8631,33500,0.008121043
8632,17348,2.0118972e-10
8633,26836,0.002940677
8634,101336,0.040398903
8635,62962,9.777307e-06
8636,3398,0.044340983
8637,55232,1.2863867e-14
8638,29825,3.6816223e-09
8639,113697,6.625842e-12
8640,52173,2.2818384e-08
8641,57116,1.3290206e-06
8642,20668,0.031180395
8643,7887,0.008268267
8644,14184,0.002159962
8645,74852,2.1267418e-11
8646,44805,1.00689085e-05
8647,103810,0.007061
8648,50466,0.06526349
8649,110885,0.016967166
8650,35973,0.00067582063
8651,38528,0.00017287674
8652,55967,0.048092566
8653,36841,0.15853351
8654,109398,1.9561894e-05
8655,41384,3.6816223e-09
8656,86594,0.00039980627
8657,15585,0.00916275
8658,67504,0.0021738664
8659,36844,1.2311892e-05
8660,47809,1.366645e-05
8661,99328,0.05946976
8662,8033,4.087259e-05
8663,92421,0.02897164
8664,44873,0.00030126362
8665,113152,0.059533693
8666,46642,0.054374717
8667,39554,2.1818467e-09
8668,4504,0.00909721
8669,25413,0.009601473
8670,45786,5.565799e-11
8671,55342,0.005194104
8672,1659,0.0041827145
8673,2005,0.0005725452
8674,64258,3.0617353e-12
8675,42748,0.018525936
8676,50124,0.009558456
8677,54039,0.023214001
8678,15292,1.4958711e-05
8679,25473,5.624626e-10
8680,65829,0.0011224803
8681,114743,1.6560821e-07
8682,66308,1.7051003e-09
8683,100438,0.009611095
8684,102483,0.059353366
8685,78158,2.6688067e-09
8686,98338,2.4229957e-10
8687,3763,2.9959233e-06
8688,31056,0.10754466
8689,9296,6.763898e-09
8690,111678,0.012458585
8691,79078,5.0226986e-06
8692,114273,0.003441489
8693,3034,1.3290206e-06
8694,88584,0.0018395791
8695,111699,0.004610218
8696,81543,1.3823818e-06
8697,111328,4.347806e-11
8698,69916,0.00842067
8699,104401,0.027316395
8700,28500,2.3731905e-06
8701,114566,0.009558456
8702,108767,0.001008452
8703,25360,0.00035680205
8704,27634,0.029978158
8705,110343,0.010893251
8706,54682,2.3067548e-12
8707,44450,2.784552e-05
8708,62529,0.0091682235
8709,42254,2.4594053e-07
8710,77533,8.746946e-05
8711,47625,2.8973458e-05
8712,79920,0.025962759
8713,36328,9.904291e-06
8714,87964,0.010311361
8715,87735,0.02897164
8716,17875,1.3425481e-06
8717,56637,9.968833e-06
8718,64513,0.0026451752
8719,8005,2.995493e-07
8720,13860,0.08333831
8721,63652,6.319131e-07
8722,27176,0.0042110747
8723,38677,0.009169346
8724,34048,0.0033867077
8725,15847,3.8082924e-06
8726,18048,0.0015296647
8727,17939,8.151243e-09
8728,98496,0.011756794
8729,111102,0.01989625
8730,5876,0.0101294415
8731,2324,0.009085741
8732,53837,3.252252e-12
8733,106006,6.0285274e-08
8734,114992,4.4440016e-13
8735,66550,0.00020388019
8736,51975,0.00034594888
8737,79985,0.015160915
8738,4112,0.00091542583
8739,9157,0.072299115
8740,71301,0.0006647029
8741,32872,0.0042110747
8742,47918,0.004607776
8743,69884,0.0042148116
8744,89984,0.009170086
8745,69886,0.03764239
8746,57668,0.009558456
8747,84831,0.027994813
8748,95485,0.047967356
8749,97596,1.8109238e-05
8750,11932,7.873013e-14
8751,28514,4.2208796e-13
8752,102975,2.2140146e-07
8753,43089,4.2113188e-05
8754,3947,1.492474e-05
8755,22157,9.4530056e-14
8756,85321,0.002884923
8757,13696,0.031513087
8758,41731,0.051745117
8759,88676,0.018995568
8760,49155,7.211775e-07
8761,46846,0.00017287674
8762,96398,6.310571e-11
8763,39472,0.0013471787
8764,89163,0.004193053
8765,14133,0.003511545
8766,19236,0.0004845081
8767,91330,0.0069063785
8768,83656,5.6311487e-15
8769,4606,0.0012244339
8770,114535,2.161279e-05
8771,74317,2.0407111e-12
8772,16239,3.0907262e-12
8773,79743,0.011471937
8774,75194,1.0859619e-15
8775,18122,1.0729187e-12
8776,63766,5.614683e-12
8777,49760,0.0040224534
8778,104039,0.059607558
8779,31057,0.054374717
8780,60264,1.3356072e-09
8781,72836,0.008121043
8782,108717,2.9778506e-15
8783,37225,3.185482e-05
8784,54262,0.009558456
8785,66041,0.0014888049
8786,33195,1.0020513e-05
8787,24417,0.018525936
8788,12549,7.925899e-10
8789,79742,0.004607776
8790,20397,0.007568096
8791,95433,0.040398903
8792,99237,1.4722364e-05
8793,35478,2.350502e-06
8794,28524,0.018125536
8795,52035,0.009558456
8796,1207,3.199261e-07
8797,57032,1.2850913e-11
8798,87747,0.05452379
8799,42747,8.5116735e-05
8800,56959,0.014360256
8801,90754,2.2352323e-07
8802,22580,0.07508184
8803,76124,4.393471e-07
8804,26864,2.6890974e-09
8805,2256,0.0071619675
8806,48902,0.005666774
8807,53790,0.001267699
8808,100335,3.539129e-07
8809,84158,0.0012655708
8810,47821,2.5054925e-08
8811,40255,8.582986e-08
8812,79896,3.7690635e-14
8813,77443,0.04316201
8814,76792,1.9760701e-12
8815,13602,0.00014710303
8816,89108,0.018134167
8817,112410,0.064573884
8818,8301,6.313699e-08
8819,99816,6.171827e-17
8820,59161,0.05926452
8821,113082,2.4936726e-09
8822,33512,3.252252e-12
8823,43517,2.1818467e-09
8824,32739,0.006883253
8825,5970,0.06455465
8826,53925,0.009558456
8827,23479,5.9444616e-10
8828,2361,0.07770639
8829,21140,1.3454773e-08
8830,45593,0.010935187
8831,106542,0.032177687
8832,49244,9.750565e-06
8833,101306,0.0009923768
8834,75717,0.004607776
8835,12967,2.8088178e-09
8836,35671,0.009558456
8837,95487,1.9561894e-05
8838,103023,9.0669404e-05
8839,76594,0.004193053
8840,27874,1.1066079e-07
8841,67049,0.027325964
8842,34976,1.977663e-10
8843,29712,0.028857473
8844,50480,0.009159205
8845,104140,0.0007254407
8846,108505,6.0443317e-13
8847,27313,0.027070584
8848,48980,5.8594885e-08
8849,26774,0.06445305
8850,86882,1.5099341e-14
8851,74960,0.002328324
8852,28871,3.252252e-12
8853,22158,1.4122652e-07
8854,10925,0.027112849
8855,45367,3.4546874e-09
8856,87882,0.05452379
8857,38016,0.027271394
8858,38817,1.9266574e-11
8859,92531,2.2592492e-05
8860,62269,0.0032748466
8861,11160,0.0021251119
8862,49732,0.004020566
8863,5530,6.6008604e-10
8864,83146,0.0007400047
8865,42119,0.0009615326
8866,25588,0.027915554
8867,26048,0.009601473
8868,14644,0.031513087
8869,36013,0.026259372
8870,77496,0.06433432
8871,66642,3.2690342e-10
8872,34520,0.0001423998
8873,93425,0.05926452
8874,56601,0.0012733163
8875,57492,0.0006647029
8876,15004,0.007055392
8877,81083,0.010311361
8878,106118,3.845111e-07
8879,98771,1.0288665e-07
8880,113074,0.001008452
8881,37739,2.652941e-06
8882,70712,1.9561894e-05
8883,92571,4.7239055e-07
8884,20451,0.054374717
8885,39782,0.004676806
8886,1725,3.3032188e-10
8887,27495,0.08333831
8888,75115,0.048092566
8889,37264,7.40744e-05
8890,24098,0.019502632
8891,13743,1.5316184e-07
8892,51459,7.57254e-11
8893,60099,0.05889469
8894,110077,0.0011293961
8895,23883,0.10055027
8896,103557,0.009611095
8897,18970,1.9075078e-08
8898,63308,1.0209728e-07
8899,8400,0.028460784
8900,52089,0.0033247785
8901,87393,2.2757132e-09
8902,36636,1.889963e-10
8903,7191,2.4003307e-07
8904,85793,0.0006647029
8905,50070,0.009558456
8906,92437,0.050105408
8907,66837,0.0006718916
8908,71179,0.0012733163
8909,52179,0.005194104
8910,89826,0.05926452
8911,47349,0.022316055
8912,88250,0.007885461
8913,88254,1.1846237e-09
8914,33261,0.027070584
8915,114209,0.0011382288
8916,87739,0.06433432
8917,61467,4.2209525e-09
8918,4341,1.658165e-05
8919,89011,0.06451
8920,11539,3.1902407e-09
8921,89054,0.0077906027
8922,20813,7.558352e-08
8923,40540,0.011383459
8924,13450,0.08503818
8925,48537,0.0007400047
8926,20921,1.5274962e-07
8927,194,0.001424623
8928,30294,0.0056692977
8929,102086,0.0015616057
8930,85383,6.64934e-05
8931,2093,0.00095297414
8932,67918,0.0023467834
8933,92883,0.009573644
8934,87579,0.05926452
8935,101038,4.5765796e-12
8936,54671,1.3012092e-08
8937,111321,0.013892871
8938,76542,0.0047446275
8939,55628,1.7503218e-14
8940,74210,1.5959883e-07
8941,77798,0.13784601
8942,56399,0.0040533426
8943,33200,0.0003976204
8944,45820,9.262787e-16
8945,90358,0.02154969
8946,3449,0.027070584
8947,39849,0.10055027
8948,85803,0.009609334
8949,22268,1.7934514e-09
8950,101115,2.3536898e-14
8951,79054,0.0040533426
8952,45847,0.007213677
8953,4259,4.087259e-05
8954,75867,3.9091756e-16
8955,54680,0.0006647029
8956,18077,1.3954374e-08
8957,25623,7.286733e-05
8958,105244,1.1538269e-06
8959,83234,0.0109265
8960,107141,9.744012e-06
8961,99010,0.0010097303
8962,39025,0.009601473
8963,106629,0.010167009
8964,68945,0.019502632
8965,104238,1.2931628e-06
8966,65596,9.829541e-06
8967,43077,0.000324425
8968,12282,7.084642e-08
8969,104410,0.059533693
8970,57229,0.002266882
8971,28484,2.741216e-08
8972,32124,0.024478596
8973,104016,0.03299054
8974,43866,1.1513481e-12
8975,33819,2.8738881e-07
8976,64523,1.9577496e-05
8977,43929,0.0054218112
8978,51178,2.1818467e-09
8979,48787,0.048417006
8980,37840,0.00045577035
8981,62553,0.0009905635
8982,27808,2.1553201e-10
8983,79499,0.04805257
8984,110463,5.1866756e-08
8985,57894,0.0023467834
8986,95748,9.970534e-13
8987,4955,0.04516103
8988,28148,6.4509715e-07
8989,32203,0.05073388
8990,10281,0.01192162
8991,104995,5.999658e-11
8992,111017,0.004610218
8993,51157,0.031167235
8994,4448,6.009677e-08
8995,53704,0.20597227
8996,29281,0.0040224534
8997,45555,0.027684728
8998,86317,0.009609334
8999,98341,9.652868e-09
9000,42106,0.027684728
9001,64708,0.0081847
9002,63488,4.7978127e-05
9003,55728,0.027070584
9004,84587,0.04562465
9005,40544,0.0030009388
9006,36206,0.009558456
9007,110300,1.9561894e-05
9008,30816,6.2159056e-09
9009,40841,1.1354971e-09
9010,108104,1.9561894e-05
9011,40214,0.009601473
9012,7244,0.010467954
9013,52158,0.027070584
9014,109760,1.0682417e-10
9015,37115,2.2315217e-17
9016,71785,0.05926452
9017,51034,5.6249366e-10
9018,54449,0.006883253
9019,72952,7.6922275e-05
9020,61312,0.018107578
9021,68343,9.917045e-10
9022,15006,0.007055392
9023,85151,9.913061e-06
9024,62052,1.9561894e-05
9025,55588,0.0012398196
9026,22080,0.009601473
9027,34080,0.009558456
9028,14810,0.008979334
9029,18177,0.018107578
9030,102461,1.551741e-10
9031,114300,0.0025920197
9032,17913,2.8401273e-06
9033,84009,0.00010902866
9034,69,0.164053
9035,32365,0.0015616057
9036,56429,0.05926452
9037,8882,6.760987e-08
9038,60469,0.00067582063
9039,45264,0.019502632
9040,48529,0.009609334
9041,107638,0.0011136024
9042,50474,0.009558456
9043,56528,0.0100853825
9044,64498,4.6021156e-11
9045,77465,1.0184674e-06
9046,7068,5.5244524e-05
9047,28264,0.0001360558
9048,67500,0.010167009
9049,83882,5.5815535e-06
9050,74304,3.4239278e-13
9051,44028,2.0601111e-10
9052,66748,0.0006742901
9053,99587,0.009611095
9054,106828,0.027316395
9055,106123,1.868828e-05
9056,26207,0.0009799172
9057,16039,4.4033943e-12
9058,76916,0.0014259123
9059,74818,2.9102274e-12
9060,108820,0.018277118
9061,77277,0.0026451752
9062,107471,3.0154226e-09
9063,81290,1.3372647e-08
9064,52321,0.00010681258
9065,75505,0.0006647029
9066,28710,0.009159205
9067,103844,0.059533693
9068,71246,0.0007400047
9069,37497,0.08869992
9070,53893,1.08891845e-05
9071,58664,0.009558456
9072,43066,0.009169346
9073,89691,0.032136623
9074,35743,0.00031084364
9075,62745,9.8406e-06
9076,16006,9.52592e-08
9077,5293,3.3365595e-05
9078,77882,1.0076045e-06
9079,13639,2.35829e-15
9080,63569,9.8406e-06
9081,95435,0.0009905635
9082,40919,7.701556e-05
9083,2513,4.8032365e-07
9084,113321,0.0019606499
9085,47277,0.05303671
9086,49160,0.054374717
9087,27891,3.4254564e-09
9088,96303,1.2691532e-15
9089,107182,0.0005262636
9090,30519,0.0077906027
9091,44743,0.00011785839
9092,80640,0.0007400047
9093,107173,0.06526349
9094,17703,0.025817117
9095,20797,2.4594053e-07
9096,44919,1.789161e-08
9097,35921,0.0009799172
9098,61512,0.006503376
9099,66787,3.967589e-11
9100,68285,0.054945264
9101,9113,0.06455465
9102,111588,0.0010060089
9103,42561,0.060112506
9104,109435,4.46774e-09
9105,42311,1.8512191e-08
9106,106960,0.08087044
9107,48886,0.018107578
9108,89656,0.0007400047
9109,63236,9.8406e-06
9110,51317,1.4396583e-09
9111,9565,9.992051e-08
9112,61277,0.0007400047
9113,114648,1.5752921e-12
9114,86370,3.3483225e-12
9115,105542,0.004895277
9116,14107,0.025817117
9117,83319,2.6850632e-06
9118,87869,0.032136623
9119,82094,1.9421379e-12
9120,34531,0.018107578
9121,68066,9.968833e-06
9122,38352,0.00026520147
9123,10960,0.041481473
9124,56683,8.1732945e-15
9125,109267,2.3736906e-09
9126,33359,0.006883253
9127,16923,0.0025845168
9128,48460,0.018107578
9129,69237,0.019502632
9130,57873,0.0077906027
9131,40956,0.0077906027
9132,2544,0.009085741
9133,29428,9.384104e-08
9134,66390,0.009105743
9135,61858,1.9561894e-05
9136,105346,0.0028513179
9137,10509,9.683713e-06
9138,111620,0.0011293961
9139,1433,2.9413332e-08
9140,37138,1.0979047e-10
9141,84052,3.147729e-06
9142,27509,0.0077906027
9143,93835,0.0022647271
9144,25161,0.0070868284
9145,18865,5.6817084e-05
9146,80780,0.07016115
9147,10278,0.023169983
9148,49924,0.006883253
9149,92980,0.027844498
9150,89313,0.0072670425
9151,98001,0.0026451752
9152,39355,0.00045577035
9153,15621,0.005070122
9154,33837,2.329322e-05
9155,11271,2.43283e-07
9156,31483,1.3808611e-07
9157,76098,0.06433432
9158,94883,0.009558456
9159,63589,0.00046791197
9160,40000,0.009601473
9161,102035,0.06500438
9162,92280,0.027208306
9163,70921,0.0014888049
9164,110840,0.0006647029
9165,92502,3.5289178e-09
9166,32393,0.029446669
9167,19978,1.5833924e-05
9168,75428,1.9793273e-05
9169,48303,0.010240039
9170,42581,0.0197772
9171,1419,0.003805029
9172,51660,0.08333831
9173,87401,0.018107578
9174,19735,2.1201937e-10
9175,77033,6.469136e-11
9176,91221,0.013133156
9177,71705,1.0076045e-06
9178,53074,0.00069106254
9179,81491,2.8094542e-05
9180,100034,0.009170086
9181,32932,1.925259e-06
9182,2464,4.6332391e-07
9183,25453,2.1696749e-09
9184,43012,1.5224698e-11
9185,41570,5.9054026e-11
9186,27819,0.00013526439
9187,79710,1.0859619e-15
9188,16925,0.007206219
9189,88854,0.010311361
9190,60486,0.019502632
9191,69022,2.1179622e-14
9192,40690,1.7136694e-08
9193,98143,0.011256931
9194,109289,0.053533092
9195,69210,0.05926452
9196,68376,5.3885674e-09
9197,107665,2.3995413e-13
9198,539,1.3904187e-05
9199,82338,0.0008385558
9200,6258,0.00909721
9201,83205,9.0771824e-13
9202,70625,0.018107578
9203,74458,0.005692861
9204,81756,0.028931597
9205,9207,0.0072566434
9206,285,0.0010943891
9207,48077,1.0859619e-15
9208,74158,4.8170627e-06
9209,109383,0.0041629495
9210,43639,4.4123826e-07
9211,78942,2.887028e-09
9212,99486,0.018134167
9213,93475,0.0052007926
9214,115400,0.0010063287
9215,85416,6.5832886e-12
9216,17226,1.1214494e-08
9217,8601,0.0047263433
9218,72024,0.00041849955
9219,24213,0.0056692977
9220,53063,0.0009799172
9221,34752,1.1194776e-14
9222,32789,0.001273944
9223,43591,1.4644307e-10
9224,56532,0.164053
9225,73553,0.048092566
9226,39134,2.20639e-10
9227,65893,2.4728713e-08
9228,57187,1.2076369e-11
9229,101898,0.00024556162
9230,83851,0.0006647029
9231,32367,0.018143823
9232,74803,1.0859619e-15
9233,93986,0.010311361
9234,109834,0.00011321764
9235,12401,5.789539e-07
9236,103147,5.5210057e-06
9237,99669,0.0007400047
9238,54001,0.0023459184
9239,15839,0.07016115
9240,85258,0.027308173
9241,11516,0.032354064
9242,26134,0.009601473
9243,14098,0.06094215
9244,15651,0.00041498317
9245,105963,9.90623e-10
9246,27395,0.06552552
9247,36632,1.977663e-10
9248,81285,8.049837e-14
9249,71591,0.009609334
9250,87918,0.000319761
9251,70644,0.018107578
9252,115606,0.00046791197
9253,48785,0.01929331
9254,100227,0.0021675031
9255,78440,1.2338983e-11
9256,34123,0.00015570864
9257,32211,1.2570885e-06
9258,24255,0.022381546
9259,9860,0.05619683
9260,22930,2.1818467e-09
9261,67581,0.019502632
9262,109798,0.022819089
9263,113382,4.6836965e-05
9264,106453,0.00048765488
9265,106820,1.1998038e-06
9266,83369,0.036110673
9267,45912,0.065604225
9268,39309,0.010311361
9269,101271,3.9568574e-11
9270,39363,0.00013526439
9271,73564,0.0038918324
9272,57670,0.00266249
9273,9073,0.0077906027
9274,60694,0.0006647029
9275,18431,6.7503565e-06
9276,18375,4.2431624e-11
9277,97634,0.0038918324
9278,70485,4.98299e-10
9279,16065,2.0708747e-07
9280,73451,0.009609334
9281,61653,5.6057434e-05
9282,79256,1.79636e-05
9283,79346,8.426331e-07
9284,41611,0.018125536
9285,59802,0.005194104
9286,27949,0.076556616
9287,23725,0.0036080985
9288,27104,0.009558456
9289,53101,9.968833e-06
9290,95084,0.008979334
9291,99619,0.003927828
9292,55132,1.5282566e-07
9293,110326,0.007884178
9294,41978,6.203404e-11
9295,10215,0.0101294415
9296,55514,0.09373729
9297,107441,0.0011136024
9298,4831,0.00033843642
9299,18677,0.09306948
9300,16136,2.4878052e-13
9301,10809,1.4670394e-05
9302,97790,4.0208637e-05
9303,73416,4.638213e-10
9304,99061,0.00031176905
9305,99764,0.009611095
9306,113416,1.3441428e-07
9307,71773,0.009609334
9308,31932,0.0012578603
9309,64686,0.07240671
9310,24518,0.054374717
9311,109713,9.408273e-06
9312,8761,0.0014277677
9313,79480,7.5425e-11
9314,114363,1.9561894e-05
9315,37774,1.3356072e-09
9316,84428,2.935791e-11
9317,82923,0.054945264
9318,68122,0.00012503525
9319,89211,0.017944383
9320,85545,0.002814115
9321,98673,0.00022704055
9322,80698,0.0077906027
9323,14456,9.475937e-09
9324,95789,0.018917745
9325,32588,2.1818467e-09
9326,37705,0.0030991253
9327,57332,1.4347714e-08
9328,53590,2.4824303e-09
9329,24633,0.013806242
9330,27029,1.115457e-08
9331,79791,0.009558456
9332,7666,0.0036080985
9333,68958,0.0006647029
9334,100954,1.5022592e-07
9335,111876,0.07603758
9336,31778,4.0412267e-13
9337,30058,0.0009799172
9338,681,9.811258e-07
9339,14051,0.00013526439
9340,99683,0.0006647029
9341,66901,4.86413e-12
9342,40552,6.5048916e-08
9343,65750,1.9577496e-05
9344,80945,9.808837e-06
9345,104504,0.029978158
9346,99079,3.539129e-07
9347,53814,0.0006647029
9348,95607,0.032150183
9349,108175,4.231115e-10
9350,90661,6.012256e-12
9351,79563,0.002641423
9352,91108,3.1580137e-07
9353,56262,0.054945264
9354,52759,0.009558456
9355,59969,0.060112506
9356,95754,0.004010236
9357,39599,1.0095127e-12
9358,39249,1.0979121e-08
9359,51820,0.031558465
9360,11145,0.21944031
9361,65157,0.0009905635
9362,40891,1.1357221e-17
9363,114719,5.4770438e-11
9364,3368,0.0021600947
9365,24663,0.027271394
9366,97461,0.009170086
9367,79667,0.055277847
9368,22192,0.00033777938
9369,33601,0.006010258
9370,13653,2.919196e-11
9371,393,4.4491912e-07
9372,4094,0.027112849
9373,88420,0.05926452
9374,30400,0.009558456
9375,92380,0.07011593
9376,108966,0.034296457
9377,113371,0.032188945
9378,100721,0.024748232
9379,40037,0.00010681258
9380,16637,3.725249e-12
9381,115372,0.05452379
9382,113840,0.048092566
9383,51162,2.8562022e-07
9384,25052,0.010311361
9385,99978,0.005133042
9386,95136,1.8894267e-13
9387,92249,0.002328324
9388,5425,0.001385026
9389,8482,2.6382645e-07
9390,112359,0.009159205
9391,47357,1.8980324e-11
9392,113786,6.862911e-16
9393,26547,0.009159205
9394,95661,0.0010103625
9395,47431,0.024478596
9396,76649,0.009609334
9397,83739,0.0042148116
9398,33475,0.00027454048
9399,104595,0.059533693
9400,29431,0.00032598517
9401,18413,1.1608737e-05
9402,104780,0.047967356
9403,28226,5.3550914e-10
9404,86007,0.00047096336
9405,5762,0.004659507
9406,74402,9.8406e-06
9407,96961,5.57987e-08
9408,64017,1.9577496e-05
9409,55902,0.06334803
9410,75136,1.9561894e-05
9411,91773,0.027308173
9412,40483,3.3545103e-08
9413,82499,0.00046783456
9414,95598,0.009611095
9415,88235,0.009609334
9416,30106,0.009558456
9417,9092,1.492474e-05
9418,33316,0.0035465185
9419,2002,7.779481e-05
9420,18845,0.022381546
9421,6649,2.0977869e-07
9422,18873,0.00063210167
9423,66609,7.115756e-05
9424,6553,9.164139e-06
9425,11568,0.00023937513
9426,60058,0.054945264
9427,67856,0.00034621728
9428,58488,3.552648e-10
9429,96441,1.0483151e-07
9430,68086,0.033814374
9431,17741,0.008979334
9432,68693,1.7708786e-08
9433,45817,0.00026520147
9434,70117,0.0006647029
9435,113887,2.161279e-05
9436,27081,1.971333e-07
9437,38771,0.027271394
9438,10950,0.0037396976
9439,2360,1.3579147e-05
9440,15611,3.975638e-13
9441,8851,0.041634236
9442,82488,4.180419e-09
9443,87988,0.05926452
9444,114134,0.04130275
9445,15557,0.00018835065
9446,9166,6.179287e-08
9447,92293,2.4692162e-10
9448,67058,0.00012860697
9449,17701,6.877457e-07
9450,70727,0.0007400047
9451,92701,0.040115204
9452,14518,2.816615e-07
9453,100309,0.05452379
9454,100057,0.0015616057
9455,6079,3.3313609e-06
9456,23796,0.018125536
9457,115016,0.018143823
9458,101642,3.555951e-09
9459,55502,1.15102435e-14
9460,31946,0.08635108
9461,68176,8.781348e-08
9462,32366,0.027070584
9463,110036,0.0049567013
9464,87599,1.9561894e-05
9465,107456,0.009611095
9466,58833,0.0012398196
9467,112154,0.004193053
9468,88266,0.002641423
9469,1906,1.4154908e-06
9470,42229,0.0010017033
9471,45222,0.018125536
9472,88638,0.00014103699
9473,115051,1.9214224e-13
9474,74109,0.031994663
9475,15264,1.8859627e-06
9476,4960,7.181722e-10
9477,64358,0.00023512304
9478,89319,0.004193047
9479,114379,0.018143823
9480,52029,0.05926452
9481,111600,9.8663204e-12
9482,52919,5.4115667e-06
9483,73472,0.015620506
9484,51285,0.048092566
9485,75667,0.00063210167
9486,18679,1.4643613e-05
9487,68012,0.0012398196
9488,8350,6.5861227e-06
9489,82806,0.0042148116
9490,81029,0.0006647029
9491,6516,0.0044580447
9492,72,2.923796e-09
9493,34597,0.002982897
9494,10711,7.071408e-05
9495,85331,8.155776e-11
9496,11252,4.1292983e-06
9497,78533,3.507396e-10
9498,38502,0.0688517
9499,15987,1.6081393e-09
9500,20751,2.731556e-07
9501,33707,0.006010258
9502,89420,1.6150916e-14
9503,7086,0.0068877526
9504,48020,3.507396e-10
9505,45050,0.010152991
9506,19998,1.03667e-17
9507,69513,0.009609334
9508,11610,1.2429239e-05
9509,13311,2.1454243e-09
9510,95307,0.00013652534
9511,71431,0.05926452
9512,71904,0.0688517
9513,81816,0.00013489742
9514,41980,0.009601473
9515,10317,0.0014675229
9516,19430,0.060112506
9517,77886,0.023214001
9518,64162,1.2506164e-15
9519,5430,0.0012615012
9520,32266,0.009159205
9521,3529,0.00058686745
9522,105709,0.059533693
9523,85005,0.029681139
9524,43001,0.0042110747
9525,5808,0.0002939835
9526,17458,2.4909195e-07
9527,101478,0.0009923768
9528,34771,0.019502632
9529,96721,0.0035157371
9530,60434,6.9169524e-11
9531,100631,0.008979334
9532,41560,0.009601473
9533,68394,0.05926452
9534,100318,1.205872e-10
9535,42579,0.012313596
9536,32569,2.566855e-13
9537,4836,0.06455465
9538,107022,0.00010575418
9539,37603,0.0004754211
9540,100855,0.04570172
9541,56007,0.03426602
9542,31106,0.009558456
9543,7138,7.8031975e-10
9544,12654,2.0868869e-05
9545,54969,0.0077906027
9546,106681,0.059533693
9547,44430,0.02289927
9548,15111,6.61988e-12
9549,76921,0.001488875
9550,47640,0.009601473
9551,57791,0.009558456
9552,21957,0.0019409003
9553,30169,0.007508449
9554,3211,5.5244524e-05
9555,33844,2.061995e-09
9556,1689,0.0106561
9557,38649,1.1624396e-10
9558,81607,0.00020203156
9559,71412,0.032136623
9560,71235,0.00013489742
9561,91130,0.009170086
9562,87226,5.4934426e-13
9563,54933,0.060911126
9564,12174,0.010779533
9565,18146,2.8618592e-06
9566,88661,0.0069063785
9567,86390,3.3660548e-05
9568,42196,4.2587783e-15
9569,76482,0.0026416038
9570,86749,0.000319761
9571,50388,9.87447e-06
9572,102583,0.06500438
9573,2502,0.032525297
9574,80885,4.393471e-07
9575,68232,0.0028958032
9576,13784,0.00014778323
9577,50445,0.010311361
9578,7230,1.5464012e-06
9579,101517,0.002629546
9580,115916,0.02426992
9581,69982,0.054374717
9582,13962,0.0034292587
9583,75379,0.024162585
9584,40711,0.012162022
9585,92732,0.050105408
9586,83998,0.0007400047
9587,55963,2.3354698e-05
9588,84039,0.0006042323
9589,39251,0.00019617405
9590,95907,0.032136623
9591,8136,1.4595084e-06
9592,64108,0.00014475951
9593,21045,0.0013841123
9594,58622,4.86413e-12
9595,50278,2.069411e-05
9596,94140,0.0053932318
9597,102404,0.009611095
9598,82849,1.7425663e-11
9599,95906,0.009170086
9600,66289,0.0026451752
9601,52688,0.004607776
9602,37576,2.2945377e-09
9603,13714,0.007206219
9604,80706,0.027887167
9605,48170,1.9760701e-12
9606,82768,0.008428892
9607,42871,0.009601473
9608,67706,0.0033008154
9609,85747,0.0006647029
9610,19828,0.018370343
9611,99446,0.009611095
9612,70589,0.032136623
9613,11192,0.00909721
9614,41627,0.0007552771
9615,87878,0.0019512456
9616,1275,0.001696929
9617,55478,0.0057472317
9618,88686,1.4817932e-08
9619,49923,0.00067582063
9620,5088,0.0037447906
9621,32640,0.0015616057
9622,69441,8.314026e-09
9623,40447,1.2092631e-09
9624,5165,0.087631635
9625,15894,0.0095750205
9626,74406,1.9561894e-05
9627,74582,3.617635e-14
9628,31217,3.1514151e-12
9629,68692,3.1728682e-08
9630,72227,0.0006647029
9631,15038,0.01591441
9632,112362,0.017426785
9633,100217,0.02897164
9634,103950,6.169485e-13
9635,9745,0.08698595
9636,16845,4.4791196e-10
9637,70724,1.9561894e-05
9638,75714,3.6903786e-11
9639,22173,6.982104e-14
9640,99769,4.684053e-13
9641,23467,2.0938664e-06
9642,53209,0.17091456
9643,114765,0.04130275
9644,103206,1.3486013e-16
9645,13523,6.61988e-12
9646,107902,0.010316847
9647,29633,0.009558456
9648,437,5.5884843e-09
9649,32677,0.0070868284
9650,41701,1.3356072e-09
9651,70421,0.056781925
9652,91039,0.00023331287
9653,47423,1.5390141e-06
9654,62137,0.017582277
9655,54540,0.0006647029
9656,113641,0.0010063287
9657,99292,0.00016553498
9658,65285,0.0033026752
9659,57953,0.00045577035
9660,12388,7.698439e-11
9661,68062,0.009609334
9662,13181,3.0311642e-07
9663,956,5.3781146e-06
9664,16469,7.063728e-08
9665,25569,9.4530056e-14
9666,81779,0.0022938333
9667,11381,3.3365595e-05
9668,67870,2.4972114e-05
9669,29044,0.0040224534
9670,3133,0.07800011
9671,69231,0.001267699
9672,53885,1.4923787e-08
9673,48041,0.0006647029
9674,66913,0.00041672602
9675,77870,0.00266249
9676,114691,0.00066317443
9677,76480,0.0038918324
9678,96490,8.611078e-05
9679,98205,0.009611095
9680,10647,1.1549868e-05
9681,114760,0.0021999907
9682,26966,0.0015289054
9683,26906,0.00017287674
9684,11708,0.21233937
9685,55543,0.009558456
9686,53270,0.0018467025
9687,61224,0.043252707
9688,76577,0.000119184406
9689,21136,0.20597227
9690,101526,0.0042148116
9691,110401,3.0732017e-09
9692,38965,0.045154862
9693,39581,1.5592946e-10
9694,24164,0.006010258
9695,42519,1.2384364e-06
9696,106357,0.04805257
9697,67331,9.917045e-10
9698,34430,1.3773573e-07
9699,72376,4.744092e-15
9700,44006,0.0063114963
9701,65951,1.515411e-07
9702,4707,0.010467954
9703,93501,0.042961393
9704,34835,0.0100853825
9705,43353,2.4221023e-05
9706,24484,0.009601473
9707,30701,1.4365938e-10
9708,77000,5.277305e-12
9709,77665,0.0008385558
9710,101684,1.3577634e-05
9711,53693,0.018107578
9712,88539,0.048092566
9713,4083,6.715523e-05
9714,82638,1.7027379e-16
9715,107138,0.0012578603
9716,69281,0.027915554
9717,75435,1.9561894e-05
9718,17183,0.001681425
9719,97804,0.02236218
9720,40467,0.006106018
9721,106980,0.0001253668
9722,101157,7.610334e-07
9723,20272,1.1155569e-06
9724,25091,0.0025152962
9725,72231,0.0033140113
9726,35540,5.6589955e-10
9727,15623,9.595577e-07
9728,11459,0.00070688233
9729,70010,0.054945264
9730,25561,0.009601473
9731,91024,0.0001439345
9732,91671,0.0029955134
9733,98916,2.5840691e-08
9734,165,4.9646354e-09
9735,89912,0.0028367671
9736,114744,6.6291113e-06
9737,28562,0.0025526127
9738,86981,2.887028e-09
9739,54183,0.0287143
9740,81552,0.054945264
9741,105361,0.009611095
9742,18789,6.352631e-08
9743,111799,4.2697002e-07
9744,52987,4.2617724e-13
9745,83290,0.028931597
9746,5838,0.0013737299
9747,102908,1.4916658e-10
9748,93269,1.0113514e-08
9749,5580,9.053393e-05
9750,55097,0.00013526439
9751,56815,0.07983019
9752,13424,0.0004601532
9753,38572,0.060112506
9754,89341,3.1613112e-09
9755,11804,0.018107578
9756,10258,8.048521e-05
9757,10205,0.0036080985
9758,63510,2.101658e-09
9759,34245,1.4453319e-16
9760,55551,0.018917745
9761,88298,0.07229444
9762,74117,0.027308173
9763,66203,1.923583e-12
9764,1958,0.009085741
9765,41457,1.01573005e-05
9766,7390,0.004933561
9767,42786,1.8333012e-07
9768,52594,3.5289178e-09
9769,97023,0.015943022
9770,113484,9.310955e-06
9771,106579,0.018322613
9772,115355,0.026351169
9773,88413,4.8239203e-12
9774,98385,9.19661e-06
9775,54424,1.5282566e-07
9776,4137,0.00097193953
9777,33778,0.0035465185
9778,3946,1.5194037e-06
9779,74360,1.9793273e-05
9780,38491,0.0056132367
9781,65797,9.829541e-06
9782,22558,0.010152991
9783,77897,2.9322849e-09
9784,5820,0.00909721
9785,93759,0.00011194669
9786,6133,0.001424623
9787,57644,0.0003221182
9788,26866,0.00011628248
9789,43955,0.110108055
9790,34427,0.031167235
9791,21361,6.2159056e-09
9792,66060,9.829541e-06
9793,35593,1.535762e-07
9794,110324,2.425494e-06
9795,7647,0.027112849
9796,78397,0.01954178
9797,97661,0.05108082
9798,52882,1.9561894e-05
9799,12687,0.08742233
9800,63981,0.0026451752
9801,79942,0.06433432
9802,29505,0.009558456
9803,25773,0.009601473
9804,82590,9.754165e-12
9805,42612,0.018125536
9806,53963,0.0013677451
9807,35323,6.399005e-14
9808,6903,2.4003307e-07
9809,104795,0.009170086
9810,100315,0.000100498815
9811,113379,0.004610218
9812,58199,0.0007400047
9813,77438,0.0009778151
9814,113995,0.059607558
9815,8649,0.00072309613
9816,83314,0.018728947
9817,8920,0.023169983
9818,20094,0.0095750205
9819,18190,5.5594843e-08
9820,65694,1.923583e-12
9821,49521,0.018107578
9822,63852,3.0461858e-10
9823,11341,6.455212e-05
9824,16988,2.0019182e-10
9825,14320,1.6323823e-10
9826,44578,0.02289927
9827,57093,0.007213677
9828,367,1.1251371e-07
9829,47137,1.612809e-12
9830,68614,9.298134e-09
9831,56737,0.019502632
9832,1991,0.0032814324
9833,112207,2.2642008e-09
9834,36331,0.06433432
9835,62672,0.002266882
9836,38302,4.941219e-06
9837,109674,5.467757e-10
9838,111662,0.004610218
9839,89450,0.05926452
9840,35794,0.0015616057
9841,57514,0.026707362
9842,33615,0.009558456
9843,95715,0.0015360629
9844,55458,0.0013841123
9845,73839,1.0989914e-07
9846,13067,0.00046163774
9847,40749,1.9081153e-08
9848,40241,0.018107578
9849,63170,1.0354244e-05
9850,11205,0.023113023
9851,49784,2.1824748e-13
9852,68726,5.9340754e-13
9853,25475,3.563086e-07
9854,6484,6.313699e-08
9855,61497,0.024478596
9856,22479,0.00013570156
9857,81924,0.004965027
9858,70708,9.968833e-06
9859,115178,0.004625582
9860,17639,1.666391e-06
9861,5062,0.21730019
9862,62660,1.9559207e-06
9863,3718,0.00983683
9864,13764,8.3368825e-05
9865,66348,9.829541e-06
9866,109176,0.010320635
9867,70545,4.6069926e-10
9868,92119,0.0028367671
9869,101402,2.6917936e-05
9870,102295,0.040115204
9871,11005,1.1549868e-05
9872,109409,0.004610218
9873,48876,0.005194104
9874,108869,0.045780502
9875,8994,0.104424424
9876,51072,3.4761715e-07
9877,92850,2.283344e-06
9878,109540,0.059607558
9879,51327,0.0077906027
9880,85004,0.056996975
9881,7341,1.5486517e-05
9882,52262,0.0015616057
9883,74025,0.026707362
9884,90259,1.6191555e-08
9885,21161,0.00032234399
9886,91718,0.05701869
9887,25193,2.329322e-05
9888,74892,0.0009905635
9889,54615,0.0775048
9890,26155,5.684755e-06
9891,92981,0.019548833
9892,84505,0.0009104923
9893,102084,0.0014881216
9894,2008,5.722574e-07
9895,54922,0.015262383
9896,102989,1.3558701e-15
9897,40643,3.826969e-08
9898,6482,4.8059346e-06
9899,43039,1.4999373e-09
9900,1927,4.552868e-07
9901,20461,0.019502632
9902,61237,0.0023467834
9903,82494,9.807219e-06
9904,28860,0.0077906027
9905,106171,1.0078298e-11
9906,83030,0.0009104923
9907,51476,0.033814374
9908,28550,1.2846772e-11
9909,25049,0.002814115
9910,72562,0.18715294
9911,41274,0.031180395
9912,49816,7.114475e-15
9913,56569,1.11849814e-10
9914,85997,0.001478002
9915,33985,6.0255705e-05
9916,90447,2.0626392e-06
9917,45942,1.977663e-10
9918,100845,3.539129e-07
9919,90518,0.05926452
9920,2083,6.5351187e-06
9921,91055,0.05452379
9922,23671,4.5280867e-05
9923,51489,0.06433432
9924,12159,0.0084871
9925,92516,0.002603574
9926,53526,0.00041726266
9927,87569,0.00013652534
9928,104048,1.2003635e-06
9929,102243,0.0033003353
9930,39473,0.009169346
9931,30896,0.0077906027
9932,55827,1.7927754e-06
9933,109229,0.0003607592
9934,1149,0.07014628
9935,32762,1.382864e-05
9936,84053,5.112253e-05
9937,8267,0.023169983
9938,86282,4.627816e-12
9939,58475,0.048092566
9940,68042,1.5330271e-07
9941,46926,0.0069047827
9942,36059,3.552648e-10
9943,67931,0.054374717
9944,69769,0.0042148116
9945,75048,0.018107578
9946,67544,0.026707362
9947,21301,3.2426664e-10
9948,55043,0.0013189153
9949,72600,0.048092566
9950,7040,0.00909721
9951,52615,0.00010681258
9952,48043,7.6794855e-09
9953,6952,1.1155569e-06
9954,101933,0.009170086
9955,52465,1.0076045e-06
9956,31542,0.004193047
9957,94653,2.2281301e-05
9958,58559,0.00048040142
9959,62977,7.84309e-12
9960,5892,0.027112849
9961,5419,2.4386816e-07
9962,94979,9.8406e-06
9963,90814,0.0042148116
9964,111276,1.1675903e-14
9965,70985,0.004607776
9966,32523,3.6142015e-07
9967,18453,5.774931e-07
9968,98863,0.050105408
9969,35359,1.0237271e-09
9970,92975,7.734775e-12
9971,85569,1.4471658e-13
9972,25447,0.018125536
9973,95509,3.0880317e-05
9974,70197,1.5793965e-11
9975,20573,2.0467398e-06
9976,43234,7.984201e-05
9977,107765,4.087709e-07
9978,70609,0.009609334
9979,20520,5.9708356e-07
9980,85937,1.9561894e-05
9981,94782,0.055277847
9982,106765,0.059533693
9983,58677,0.028905047
9984,12333,0.00030043782
9985,109076,4.6395175e-12
9986,43112,0.027271394
9987,84962,0.00024887492
9988,7093,0.01046717
9989,28117,1.5224788e-06
9990,46318,0.0040224534
9991,32304,0.07016115
9992,44552,2.5158133e-11
9993,45653,2.4363841e-10
9994,28636,0.00038436355
9995,91724,0.02154969
9996,5723,0.036244947
9997,90937,0.0069063785
9998,12070,7.378884e-07
9999,27280,0.018125536
10000,24818,0.009601473
10001,85033,0.027308173
10002,75261,0.0943116
10003,104835,2.1066213e-10
10004,102997,0.004607776
10005,97850,2.9322849e-09
10006,19857,4.990779e-18
10007,59399,0.046888195
10008,58164,0.05926452
10009,114628,2.161279e-05
10010,83713,1.31671205e-17
10011,108689,7.609013e-07
10012,53125,0.005194104
10013,56688,1.3356072e-09
10014,80545,0.009609334
10015,13604,0.11335018
10016,62261,2.4348232e-10
10017,41550,0.027271394
10018,40754,2.0405561e-05
10019,13131,0.031102706
10020,98561,0.02576682
10021,84381,2.0432388e-12
10022,41376,0.00037149573
10023,92617,3.3483225e-12
10024,65067,9.562902e-14
10025,101928,3.3566368e-05
10026,54818,1.0979121e-08
10027,114014,0.0010063287
10028,38752,3.169182e-10
10029,41830,2.9624678e-05
10030,105074,2.470278e-16
10031,2065,5.722574e-07
10032,95436,7.3235085e-10
10033,51387,0.009471289
10034,67567,0.018107578
10035,96654,0.3159581
10036,70227,0.048092566
10037,69576,4.938244e-11
10038,52126,0.027070584
10039,85061,1.5980682e-08
10040,17153,6.61988e-12
10041,52190,0.0026789745
10042,1001,0.11006626
10043,86699,1.9561894e-05
10044,4551,0.023169983
10045,84297,9.31716e-10
10046,8857,0.04516103
10047,74999,0.0022938333
10048,104579,6.337886e-13
10049,100134,0.0007400047
10050,31892,3.0880973e-09
10051,9695,7.729989e-06
10052,48527,5.877699e-12
10053,63828,0.0026451752
10054,36526,1.7910652e-09
10055,89126,2.894787e-12
10056,49383,3.705683e-08
10057,56626,2.131792e-09
10058,53471,2.6960375e-15
10059,24534,5.565799e-11
10060,83113,1.9561894e-05
10061,29063,0.027070584
10062,77351,1.7809104e-13
10063,40116,0.065942466
10064,66346,1.4819035e-08
10065,57817,1.11849814e-10
10066,101316,0.040398903
10067,14613,0.00021774904
10068,46139,7.25836e-13
10069,99193,0.0006647029
10070,24235,0.09454941
10071,47033,0.00015994912
10072,16568,0.0015296647
10073,49120,9.193888e-10
10074,38732,1.0787381e-12
10075,50932,0.027425095
10076,61641,3.124682e-10
10077,112110,0.0006647029
10078,86639,0.009609334
10079,72640,5.041415e-12
10080,99786,0.009611095
10081,106873,0.055277847
10082,34838,0.00017287674
10083,52979,1.5852593e-09
10084,43624,5.26067e-05
10085,74710,9.82478e-06
10086,16656,8.5652e-10
10087,16868,6.61988e-12
10088,9054,1.1295148e-07
10089,31459,1.2304517e-09
10090,76904,1.313994e-07
10091,103881,8.507717e-12
10092,88144,0.009170086
10093,23083,0.054374717
10094,34069,9.537887e-15
10095,71547,3.6070034e-18
10096,371,1.3353149e-08
10097,17411,0.0027731247
10098,13064,3.8635266e-05
10099,10097,1.2169178e-08
10100,15822,0.003511545
10101,95268,0.0006870794
10102,111084,0.018143823
10103,56056,0.00052988593
10104,67616,0.018107578
10105,12095,0.00231172
10106,97951,0.06500438
10107,19453,0.05848248
10108,36154,0.029844224
10109,12346,0.031513087
10110,44324,1.9970993e-12
10111,71129,0.009609334
10112,110065,2.881309e-07
10113,97039,0.055277847
10114,48285,1.9793273e-05
10115,83663,9.807219e-06
10116,30343,0.0012284027
10117,59590,8.337754e-12
10118,86764,0.02154969
10119,17638,0.038673215
10120,63079,0.026164828
10121,46002,0.007799152
10122,49967,0.01763777
10123,67228,0.028862912
10124,47648,3.1256827e-06
10125,108500,0.031417016
10126,84492,0.0007400047
10127,90192,0.009170086
10128,41954,0.016006684
10129,90319,1.7436654e-09
10130,19237,0.0033024314
10131,47182,2.4285146e-06
10132,112289,3.4112495e-09
10133,3854,4.552868e-07
10134,20255,0.0017939883
10135,87050,0.004193053
10136,57100,0.00068870524
10137,17995,1.010766e-10
10138,95611,0.008979334
10139,25897,2.355281e-13
10140,3909,1.5333051e-06
10141,93955,0.055277847
10142,4446,0.17045903
10143,110912,0.018143823
10144,39680,0.028905047
10145,34651,0.06433432
10146,20517,0.018107578
10147,39360,7.8694214e-15
10148,84283,0.0038918324
10149,8638,8.555445e-05
10150,660,0.0068877526
10151,16181,7.5650306e-08
10152,12554,0.0012139966
10153,23630,7.5553105e-12
10154,94468,0.03934602
10155,1364,1.14268204e-07
10156,37099,0.0033389074
10157,45528,2.1553201e-10
10158,94052,9.968833e-06
10159,95930,1.2002102e-12
10160,55156,0.009558456
10161,52895,1.9561894e-05
10162,102408,0.0004107888
10163,37051,0.0076802233
10164,58356,0.084957816
10165,4095,0.027112849
10166,17219,1.2276001e-07
10167,52496,2.6408525e-06
10168,109293,9.677297e-06
10169,66153,3.785906e-05
10170,80544,0.027887167
10171,25564,2.9308147e-09
10172,88821,0.018917745
10173,22681,0.0009379061
10174,23219,0.009169346
10175,56788,2.0398325e-05
10176,109973,0.00010575418
10177,27560,0.004420008
10178,79445,3.4873837e-10
10179,50002,0.0023467834
10180,58656,0.0009799172
10181,59075,9.968833e-06
10182,8273,0.0144880405
10183,111417,1.8112663e-08
10184,108925,0.050217867
10185,71210,1.9561894e-05
10186,23596,0.00017287674
10187,5212,1.2429239e-05
10188,110283,9.6397725e-06
10189,29767,2.7211522e-10
10190,26030,0.0012628086
10191,76876,1.0859619e-15
10192,53877,0.0008326029
10193,90648,0.02897164
10194,32728,2.2063236e-09
10195,29188,0.002694702
10196,28697,0.002799098
10197,38336,0.010311361
10198,75001,0.08829976
10199,52314,1.977663e-10
10200,60760,1.9793273e-05
10201,35567,0.52064764
10202,40506,0.0031948816
10203,7526,3.2482046e-07
10204,32831,2.966537e-06
10205,14410,4.1520846e-07
10206,75263,0.0046730093
10207,24601,1.7948751e-09
10208,73032,0.0010356031
10209,34951,0.009558456
10210,42055,1.7566586e-05
10211,57314,1.11849814e-10
10212,73710,1.7027379e-16
10213,13620,0.01591441
10214,84884,0.0015722923
10215,64059,3.0617353e-12
10216,2249,0.052804127
10217,27580,8.582986e-08
10218,89314,0.05452379
10219,47851,0.0009905635
10220,59784,0.06334803
10221,83914,0.15562332
10222,36,0.031513087
10223,49205,3.4170482e-11
10224,20074,2.413011e-10
10225,92339,0.08043513
10226,78370,0.010311361
10227,65816,1.4363785e-12
10228,79610,9.949012e-06
10229,7340,0.024478596
10230,58030,0.0006647029
10231,11074,7.508765e-08
10232,31187,7.144613e-05
10233,48710,3.8427993e-11
10234,21388,8.2200347e-07
10235,17270,1.1155569e-06
10236,108384,6.545415e-12
10237,84678,3.3483225e-12
10238,19760,6.2159056e-09
10239,67667,0.009170086
10240,9645,8.654504e-06
10241,38064,4.1124888e-05
10242,88593,7.4767013e-07
10243,30653,0.0014862727
10244,110723,0.0001176924
10245,38700,9.2965816e-11
10246,58480,9.5618825e-06
10247,110134,4.805598e-09
10248,18335,0.0095750205
10249,4284,0.032525297
10250,68416,4.8865103e-09
10251,109711,4.574389e-08
10252,76872,7.82853e-09
10253,42817,0.00012908415
10254,6,0.00076408556
10255,58472,2.31798e-08
10256,30956,0.002694702
10257,81395,0.02154969
10258,103129,8.4863547e-07
10259,54005,0.018107578
10260,57285,0.000124943
10261,17565,8.648274e-05
10262,5302,0.00013319337
10263,5844,0.022491015
10264,58458,0.048092566
10265,22617,7.140807e-08
10266,15901,2.4688666e-06
10267,71902,0.010311361
10268,30733,1.7910652e-09
10269,98200,0.009170086
10270,48374,0.0003221182
10271,11688,0.0012101504
10272,57284,1.5852593e-09
10273,55463,0.0050991094
10274,71019,8.890056e-10
10275,82112,0.06334803
10276,50987,0.0006212241
10277,80242,5.0091803e-06
10278,45535,0.0022376422
10279,1613,0.015654262
10280,18037,3.921769e-15
10281,86603,0.033814374
10282,77056,0.009558456
10283,73166,0.0012783409
10284,89633,6.3534762e-06
10285,8243,0.00039844928
10286,104431,1.7727477e-06
10287,80187,0.00046576772
10288,22780,0.0018079164
10289,76897,0.009609334
10290,66511,1.0917564e-11
10291,61152,0.0025845168
10292,76980,5.133357e-05
10293,73415,0.044332255
10294,18175,0.018370343
10295,28840,0.0012628086
10296,17159,1.3432747e-08
10297,104448,0.018143823
10298,24655,0.051745117
10299,41124,2.807992e-07
10300,85880,0.0026451752
10301,45889,3.5956302e-07
10302,1910,0.20597227
10303,91889,1.6571724e-09
10304,59900,1.2861391e-10
10305,40182,0.0056692977
10306,18585,7.733105e-05
10307,99693,7.377699e-06
10308,50225,1.4033975e-06
10309,98712,0.0077906027
10310,11276,0.000117956086
10311,95869,2.8195252e-06
10312,72651,0.002814115
10313,86741,0.010311361
10314,48003,0.004193047
10315,7643,0.00011876418
10316,114008,1.7752274e-05
10317,7641,0.023169983
10318,62568,0.04974522
10319,32115,1.7515278e-10
10320,6082,0.00038141425
10321,94803,0.010311361
10322,50634,1.4383999e-11
10323,72208,0.010311361
10324,88689,0.056180265
10325,111381,0.0006647029
10326,22584,0.0009620292
10327,97987,0.0010822203
10328,73530,1.4101e-06
10329,85301,0.0021926202
10330,58564,3.970782e-06
10331,112485,0.044862695
10332,52891,0.009159205
10333,5909,0.0009855636
10334,60218,0.067908496
10335,86313,0.03858612
10336,90443,0.018134167
10337,80388,0.002990178
10338,78416,0.009170086
10339,36508,0.0012733163
10340,46421,0.00017287674
10341,33395,3.252252e-12
10342,87056,4.393471e-07
10343,81510,9.808837e-06
10344,8328,0.0100467
10345,98779,1.8109238e-05
10346,73906,0.040115204
10347,61620,0.0006647029
10348,43271,0.008979334
10349,96867,0.09989271
10350,48628,0.041373618
10351,85945,1.763663e-10
10352,113587,0.032860268
10353,32530,8.587566e-13
10354,11603,6.1352334e-06
10355,41602,2.4221023e-05
10356,50600,0.009558456
10357,36825,0.0005241156
10358,95759,0.05926452
10359,36210,3.802325e-05
10360,64050,1.6856015e-13
10361,7699,0.0002895214
10362,46698,0.1680488
10363,70664,0.0023467834
10364,65365,9.829541e-06
10365,105535,0.027316395
10366,59149,0.006883253
10367,75098,1.7374308e-09
10368,28387,0.028905047
10369,60446,0.004563765
10370,81547,3.6455997e-17
10371,88105,0.002814115
10372,24978,0.0003453031
10373,49518,0.018107578
10374,31808,0.006883253
10375,20689,0.008979334
10376,98683,0.08087044
10377,88545,3.560494e-05
10378,65016,3.3229156e-10
10379,48369,2.8185354e-10
10380,100087,0.04721201
10381,13948,0.028332869
10382,88223,1.9782516e-05
10383,53464,0.10754466
10384,111930,3.470905e-06
10385,31492,5.8047696e-08
10386,41718,9.069578e-05
10387,4861,5.5244524e-05
10388,42224,0.0012942712
10389,17890,1.1155569e-06
10390,53674,1.9049752e-10
10391,7586,0.010467954
10392,60580,3.3071288e-09
10393,14270,3.426666e-05
10394,41105,0.01929331
10395,100334,0.027725894
10396,111248,8.556285e-14
10397,77262,2.1412102e-12
10398,25788,3.6225684e-12
10399,105283,6.201814e-05
10400,104455,0.0015602905
10401,92065,1.8735702e-07
10402,36807,1.1598475e-08
10403,69684,0.048092566
10404,107211,3.406737e-09
10405,90095,0.004193047
10406,29472,0.018143823
10407,31719,0.006883253
10408,106839,0.0012578603
10409,21719,0.009601473
10410,1218,8.6717415e-09
10411,10452,0.00041791133
10412,59902,5.5407232e-05
10413,42351,0.009601473
10414,42060,0.0040224534
10415,9326,4.4047304e-08
10416,81766,0.004020566
10417,49574,0.06433432
10418,7471,1.3227526e-06
10419,109956,7.296299e-12
10420,21191,0.0022512635
10421,82096,0.00721862
10422,48462,0.005132959
10423,62202,7.288871e-07
10424,15852,3.119736e-05
10425,39215,0.010311361
10426,104728,0.064573884
10427,12057,0.00013007733
10428,47700,1.00689085e-05
10429,62843,0.009600602
10430,46553,0.0042110747
10431,33068,6.9301545e-06
10432,115143,0.00066317443
10433,61815,4.2209525e-09
10434,80487,1.3076232e-08
10435,91141,0.0007400047
10436,4229,1.4829964e-10
10437,51331,0.0027576566
10438,78167,0.06433432
10439,104457,0.009170086
10440,50708,0.09383845
10441,4714,3.5940886e-09
10442,76518,1.7218275e-08
10443,11715,8.3489874e-07
10444,65695,4.8514734e-12
10445,63642,1.6453866e-06
10446,80189,0.0012368502
10447,73412,0.0006647029
10448,60281,4.857434e-09
10449,52164,6.0781563e-10
10450,64069,7.879992e-05
10451,42208,1.9812348e-10
10452,100493,0.050105408
10453,28694,0.018125536
10454,97884,2.338705e-06
10455,95174,3.4038383e-10
10456,98733,4.3943106e-05
10457,39112,2.0631333e-05
10458,109214,2.0493628e-12
10459,66426,1.7027379e-16
10460,8122,3.3365595e-05
10461,70532,3.6933273e-12
10462,24375,7.589718e-15
10463,115180,0.00052502233
10464,34688,3.552648e-10
10465,87487,0.0018266873
10466,101071,0.018134167
10467,51212,2.069411e-05
10468,82774,7.1990466e-13
10469,64666,0.0014888049
10470,115816,0.009170086
10471,54841,1.5764314e-08
10472,76526,0.05926452
10473,70017,0.0077906027
10474,8249,0.00044952147
10475,102618,0.010314077
10476,108206,0.0026269308
10477,17336,7.5883753e-07
10478,89412,3.0988133e-12
10479,42247,0.027915554
10480,93704,0.02236218
10481,7477,0.00012721092
10482,822,0.00023189992
10483,10557,3.4820607e-07
10484,64824,4.8865103e-09
10485,43429,0.009169346
10486,28300,0.0033341504
10487,2725,0.41473675
10488,110311,9.012449e-06
10489,49305,0.050026078
10490,1917,0.005794769
10491,88742,1.5233727e-08
10492,66831,0.00031807352
10493,112380,1.9561894e-05
10494,62086,9.8406e-06
10495,82752,0.0007400047
10496,65665,1.4331605e-08
10497,77449,1.9561894e-05
10498,87099,0.03684373
10499,86290,1.7027379e-16
10500,53644,1.9561894e-05
10501,4702,0.0005178383
10502,55669,0.0025845168
10503,71643,4.2687673e-10
10504,54488,0.054374717
10505,10266,1.8317069e-06
10506,56319,0.004728661
10507,82696,0.004193047
10508,97507,0.0042148116
10509,5044,0.009490432
10510,89296,1.3078862e-10
10511,52685,0.005194104
10512,38479,0.019502632
10513,88365,0.0022862495
10514,101534,0.051745117
10515,65503,3.3229156e-10
10516,111060,2.569299e-07
10517,55681,0.09551753
10518,38217,0.00075535267
10519,11364,0.022491015
10520,55369,2.2063236e-09
10521,30271,0.00012767575
10522,99295,0.0019972574
10523,94245,0.015507207
10524,50953,0.0688517
10525,35484,1.2855136e-10
10526,70392,1.8222258e-09
10527,3573,0.0036075034
10528,94469,0.018134167
10529,102160,9.085168e-13
10530,88807,0.009609334
10531,78243,0.0006647029
10532,52632,5.135737e-05
10533,11898,6.0155764e-10
10534,90474,0.08043513
10535,51216,1.4009842e-08
10536,52936,0.000528029
10537,102652,2.2194333e-09
10538,99613,1.9210689e-11
10539,46914,0.010311361
10540,44634,0.0042110747
10541,16741,5.622561e-07
10542,58759,0.048092566
10543,10462,2.0396672e-07
10544,64115,1.9577496e-05
10545,81610,9.190719e-06
10546,29676,0.009558456
10547,47425,0.0069047827
10548,55440,0.010805872
10549,92808,0.0051844474
10550,78741,0.0042110747
10551,23611,0.009169346
10552,37871,5.1914725e-05
10553,2194,0.0005918708
10554,50683,0.008979334
10555,97985,0.040398903
10556,86942,2.485861e-05
10557,81495,0.041373618
10558,103372,1.41226595e-08
10559,5632,6.313699e-08
10560,89622,0.009170086
10561,4084,0.0043288292
10562,93956,2.0700624e-12
10563,76529,0.0028958032
10564,61346,1.15617254e-07
10565,103034,1.9421379e-12
10566,11147,0.0037396976
10567,76663,9.539657e-10
10568,92296,2.0836911e-05
10569,76064,9.808837e-06
10570,55064,0.2439503
10571,115067,0.0011293961
10572,80668,0.0009905635
10573,90454,0.05926452
10574,62940,0.031513073
10575,107169,0.0072708474
10576,70618,9.917045e-10
10577,2575,0.21233937
10578,62463,9.8406e-06
10579,72667,0.21084702
10580,112388,2.3750145e-07
10581,58796,0.004420008
10582,109235,0.032188945
10583,61591,0.0091682235
10584,4231,1.44866e-07
10585,96487,4.7600432e-07
10586,66170,6.11266e-11
10587,108486,0.018143823
10588,39274,0.009601473
10589,50915,0.010311361
10590,47727,1.1620096e-10
10591,113462,0.063593924
10592,46393,1.8246626e-14
10593,92820,1.0763324e-14
10594,66106,4.588021e-07
10595,12412,8.688913e-07
10596,84796,0.009366131
10597,11502,1.9307887e-05
10598,11578,0.00909721
10599,42388,1.7517035e-05
10600,54315,0.018107578
10601,70553,0.009170086
10602,34271,3.252252e-12
10603,26797,2.0446276e-05
10604,21038,1.8915987e-06
10605,3295,5.366131e-05
10606,9760,3.6878865e-07
10607,97580,1.8109238e-05
10608,8047,4.0924504e-05
10609,83186,0.00024887492
10610,110613,0.010320635
10611,88054,0.0070868284
10612,95114,0.018134167
10613,81359,0.010252689
10614,79087,1.1581583e-12
10615,73999,0.0007400047
10616,54494,0.008979334
10617,10601,1.0304338e-07
10618,43543,0.0042110747
10619,106470,0.004193053
10620,38812,7.4857637e-10
10621,93209,0.02335275
10622,55027,0.00096688134
10623,4844,0.018107578
10624,51403,2.0700624e-12
10625,5805,0.0037447906
10626,64367,1.6302702e-06
10627,56542,0.0012933537
10628,44365,9.904291e-06
10629,62871,0.028905047
10630,61464,2.0432388e-12
10631,48094,0.0008385558
10632,93175,0.027994813
10633,42538,3.4170482e-11
10634,14136,4.0159702e-09
10635,38762,0.0015616057
10636,59478,0.04562465
10637,82960,0.02090069
10638,69064,3.5559935e-08
10639,81831,1.9561894e-05
10640,33579,0.0056853113
10641,13145,1.0070718e-09
10642,103551,2.3425274e-08
10643,25970,0.00020918605
10644,33808,0.018143823
10645,104284,0.018143823
10646,11518,8.076896e-06
10647,15060,9.617824e-08
10648,92225,1.2295022e-12
10649,11658,5.622561e-07
10650,108458,3.2080824e-13
10651,108643,9.677297e-06
10652,69601,1.0993601e-08
10653,17846,3.7203947e-05
10654,70281,4.588333e-09
10655,102451,0.0025802904
10656,92060,0.0077906027
10657,5898,0.0082513755
10658,75376,0.031558465
10659,11163,0.0007913125
10660,56393,0.004420008
10661,74416,6.9933e-07
10662,31895,0.0012578603
10663,60316,0.018107578
10664,48546,2.329322e-05
10665,64769,0.0026451752
10666,38261,5.033203e-11
10667,74319,0.0007400047
10668,66032,9.829541e-06
10669,42869,7.746336e-06
10670,105060,0.040398903
10671,95698,8.3743e-12
10672,29876,0.0025526127
10673,62437,0.05926452
10674,12658,0.041223805
10675,105506,0.001008452
10676,89722,0.06451
10677,79432,2.0492575e-08
10678,46118,6.988769e-05
10679,10530,2.4003307e-07
10680,19914,5.986309e-07
10681,61642,0.07983019
10682,36651,0.009601473
10683,19972,3.6142015e-07
10684,34243,6.877457e-07
10685,84706,0.054945264
10686,18761,0.0004841764
10687,105874,3.2870526e-06
10688,42048,2.4943074e-05
10689,74027,1.1821065e-10
10690,76899,0.009609334
10691,91414,0.009609334
10692,25123,0.009601473
10693,73277,2.69112e-08
10694,60146,0.032136623
10695,59238,0.00014057607
10696,28858,0.0034597407
10697,15875,9.73071e-09
10698,76203,0.0007400047
10699,83709,0.047630355
10700,51696,1.8652864e-12
10701,22577,0.027271394
10702,81433,1.5837042e-11
10703,79268,1.3709677e-06
10704,41106,0.003156181
10705,102183,0.018134167
10706,108700,0.027684728
10707,75227,0.0006647029
10708,73768,0.00034594888
10709,12465,7.239861e-09
10710,76629,1.9962938e-10
10711,98660,0.00062764937
10712,73751,0.004607776
10713,2601,0.0004946504
10714,107272,3.1432204e-16
10715,3504,0.04370383
10716,12152,0.08239772
10717,43774,0.010152991
10718,53094,1.9561894e-05
10719,78978,0.00023512304
10720,25867,6.6396723e-15
10721,45911,0.0009702986
10722,45831,0.0005241156
10723,1332,0.0002877539
10724,105254,3.8003688e-07
10725,22823,0.018107578
10726,88707,5.1883105e-11
10727,90304,0.0028958032
10728,42525,0.00031000905
10729,72606,1.9561894e-05
10730,26202,0.003943983
10731,3549,0.0036075034
10732,24962,8.355867e-13
10733,39676,3.374044e-07
10734,114631,0.026351169
10735,60714,0.018107578
10736,49937,0.006883253
10737,96201,0.0009905635
10738,34153,3.1100744e-09
10739,54748,0.009558456
10740,75193,1.2338983e-11
10741,38428,0.0012628086
10742,43323,3.0880973e-09
10743,113761,2.161279e-05
10744,79414,2.628315e-07
10745,2706,0.004466556
10746,44883,1.0086748e-13
10747,60819,0.0007400047
10748,34995,3.3796314e-07
10749,88824,0.0077906027
10750,86214,0.04974522
10751,109473,0.0037722404
10752,76567,0.01989625
10753,59267,9.844863e-10
10754,58952,0.20505089
10755,81715,8.1462653e-10
10756,40495,0.030151106
10757,59615,0.005024734
10758,110592,0.05452379
10759,97957,0.04805257
10760,66236,1.9290235e-13
10761,56386,0.0015616057
10762,26232,0.027271394
10763,101340,2.2275926e-05
10764,81492,0.0007400047
10765,73494,0.009609334
10766,39333,0.0009379061
10767,104529,5.999658e-11
10768,89535,9.844863e-10
10769,62010,0.028905047
10770,31732,0.0042110747
10771,109477,0.043683093
10772,114798,0.00052502233
10773,46833,1.8235025e-12
10774,36568,2.3920088e-06
10775,94810,0.025996462
10776,63028,1.9561894e-05
10777,25160,0.009601473
10778,88471,0.05926452
10779,99396,1.9561894e-05
10780,25528,9.965719e-10
10781,5902,6.715523e-05
10782,2595,0.04516103
10783,47040,6.78415e-15
10784,52827,7.263619e-14
10785,13105,0.00016598274
10786,115924,0.0006647029
10787,18765,3.9909014e-09
10788,13912,0.000110157715
10789,79543,0.0077906027
10790,108514,1.8574035e-05
10791,9100,4.5807846e-10
10792,94930,0.010311361
10793,25876,9.965719e-10
10794,76210,5.8505294e-09
10795,56332,0.05926452
10796,1624,2.8105878e-05
10797,112641,7.6908563e-10
10798,39484,3.0880973e-09
10799,81810,0.0009104923
10800,115477,0.009159205
10801,54318,3.2747492e-11
10802,37243,0.009601473
10803,22875,5.9054026e-11
10804,42564,0.018125536
10805,9698,0.036244947
10806,113933,1.7810624e-10
10807,32501,0.00010277986
10808,3008,0.0027714795
10809,91790,0.0007400047
10810,43192,1.6916478e-05
10811,41950,0.00034536413
10812,23698,2.2986812e-09
10813,45263,0.0014833396
10814,18875,8.875744e-09
10815,81786,0.0006647029
10816,49799,2.069411e-05
10817,42007,1.7187866e-05
10818,775,2.0851404e-12
10819,71195,0.00024887492
10820,52299,3.4643497e-07
10821,83549,1.4734826e-07
10822,71332,0.05926452
10823,48805,0.00067582063
10824,13716,2.5564809e-10
10825,65731,4.0208637e-05
10826,14417,8.739742e-12
10827,20997,1.5040031e-08
10828,46710,0.10754466
10829,114308,0.004193053
10830,72841,0.0006742901
10831,10919,1.3504027e-05
10832,45232,0.005195277
10833,32416,0.018143823
10834,24077,5.806766e-11
10835,55287,4.8107957e-10
10836,47049,0.001478002
10837,9551,1.3227526e-06
10838,110766,6.301102e-12
10839,51408,0.0030419307
10840,33412,0.018143823
10841,15236,1.5652712e-07
10842,22153,0.009601473
10843,66432,9.829541e-06
10844,57296,2.1979459e-07
10845,3734,2.9872417e-12
10846,55238,1.3774154e-06
10847,24293,0.01245703
10848,64484,1.9144234e-14
10849,28044,3.705683e-08
10850,44067,0.0077906027
10851,6318,0.016918974
10852,26292,0.0042110747
10853,85108,3.3229156e-10
10854,22275,2.1679758e-08
10855,8287,1.3873398e-06
10856,78007,7.046597e-08
10857,22554,1.1216995e-06
10858,103255,5.0049005e-09
10859,35218,1.8894162e-09
10860,75711,0.01954178
10861,19294,6.12924e-14
10862,12052,9.048078e-12
10863,114877,0.00012380166
10864,58376,0.031558465
10865,54739,0.0077906027
10866,4273,5.5244524e-05
10867,45505,0.0022512635
10868,50215,0.006883253
10869,7813,3.199261e-07
10870,67466,0.009609334
10871,101439,0.08087044
10872,103589,0.063593924
10873,87267,5.313522e-09
10874,67425,0.00017562564
10875,10392,5.2943386e-07
10876,18338,4.0597874e-15
10877,67781,1.0699349e-12
10878,87175,0.002641423
10879,58971,0.0028958032
10880,3,0.00020545091
10881,66132,2.1576666e-12
10882,101232,0.0043916465
10883,92250,6.8373196e-11
10884,22672,0.06248485
10885,70224,0.0042148116
10886,103227,8.890056e-10
10887,80429,0.028931597
10888,91761,0.05926452
10889,63998,4.0208637e-05
10890,7694,0.036244947
10891,97868,7.990491e-06
10892,16017,9.73071e-09
10893,57318,0.019502632
10894,39893,0.027271394
10895,90715,0.010167009
10896,22329,0.00063210167
10897,18896,0.018107578
10898,57309,0.002328324
10899,16683,0.031115428
10900,68052,4.8865103e-09
10901,104690,1.3568144e-05
10902,10744,0.027112849
10903,7407,0.008955581
10904,35018,1.1741701e-13
10905,67756,0.0017333619
10906,115706,4.8789037e-12
10907,115414,0.0028371194
10908,26964,0.009159205
10909,104109,0.02426992
10910,73856,0.047696177
10911,13695,3.7993155e-09
10912,18224,3.2774415e-07
10913,97407,0.02897164
10914,111965,2.3608097e-08
10915,80743,4.3853717e-13
10916,33413,0.064573884
10917,93668,8.202656e-06
10918,48694,4.8865103e-09
10919,100860,0.00012266592
10920,100152,0.009611095
10921,91841,0.00010170914
10922,53488,6.342866e-07
10923,3062,0.14566313
10924,67612,0.05926452
10925,69049,0.018920973
10926,115214,0.02341725
10927,26414,0.018125536
10928,82756,0.010033752
10929,44417,9.491617e-06
10930,45655,0.0010539371
10931,64888,1.5016004e-09
10932,114758,3.6094314e-15
10933,42149,2.0256202e-14
10934,107933,0.01274207
10935,20731,7.257592e-11
10936,74796,0.002982897
10937,75188,0.0006742901
10938,26950,0.04841883
10939,29133,0.006010258
10940,52355,0.00010681258
10941,89575,0.009170086
10942,112348,0.00033291292
10943,92916,0.0010103625
10944,113611,1.0586956e-05
10945,68611,0.027308173
10946,2778,0.002179124
10947,96817,0.009170086
10948,39825,4.2377018e-05
10949,11816,2.0708747e-07
10950,85497,0.0009928349
10951,2051,0.013898946
10952,56403,0.067911215
10953,85836,3.8904094e-05
10954,90944,1.9561894e-05
10955,51380,0.009558456
10956,40245,0.031513087
10957,75866,1.0859619e-15
10958,4678,0.00024645551
10959,70191,0.009170086
10960,112369,0.00044672846
10961,60920,0.0010103625
10962,51923,0.00037149573
10963,34989,0.00097139657
10964,43441,0.009169346
10965,72947,0.009609334
10966,109656,0.009611095
10967,58424,0.00040731797
10968,1652,4.267273e-05
10969,78801,2.235144e-06
10970,68606,0.009609334
10971,100292,3.18559e-06
10972,85711,0.015160915
10973,28648,0.0015616057
10974,87131,2.9322849e-09
10975,23464,1.6129067e-09
10976,27120,2.8683814e-06
10977,40216,0.09061608
10978,60901,0.017582277
10979,115420,1.0237271e-09
10980,80746,0.009609334
10981,2463,3.398613e-05
10982,65874,4.8865103e-09
10983,76285,0.0007400047
10984,44244,1.00689085e-05
10985,31185,0.00037411397
10986,104100,7.7446695e-11
10987,41357,8.751476e-14
10988,75201,0.00059129036
10989,2695,3.70462e-07
10990,42362,7.823242e-10
10991,26821,0.08333831
10992,86482,0.23992774
10993,12078,0.007772865
10994,75850,0.001488875
10995,22016,2.3074998e-07
10996,59964,0.00015796768
10997,65171,1.923583e-12
10998,39896,0.0070489813
10999,43812,0.00030437988
11000,37209,0.0009905635
11001,20561,9.758725e-08
11002,70743,0.0007400047
11003,15145,0.003110614
11004,28190,0.00030041634
11005,43357,0.004193047
11006,25457,0.02521269
11007,61412,0.0069024097
11008,76117,0.00024887492
11009,36620,0.02289927
11010,38532,6.4853523e-09
11011,95518,0.059353366
11012,47949,0.0038918324
11013,26448,8.956156e-07
11014,70228,4.4938142e-06
11015,15544,0.06105263
11016,98029,1.27083e-06
11017,84105,0.0012655708
11018,103827,0.0023052315
11019,90617,0.04974522
11020,115972,0.04735051
11021,60408,3.4960313e-16
11022,24577,0.0042110747
11023,21155,0.004020566
11024,99203,0.009611095
11025,86021,0.0009935839
11026,51791,0.018107578
11027,103815,3.5589636e-09
11028,10577,0.0012274799
11029,60102,2.4685343e-07
11030,9810,3.1909108e-06
11031,42035,0.0015616057
11032,35868,0.027994813
11033,52694,0.0016020485
11034,86042,1.2161919e-11
11035,93036,5.192661e-05
11036,54924,0.0077906027
11037,47001,0.0025652924
11038,82617,0.05926452
11039,86128,0.027684728
11040,93129,2.8565037e-08
11041,6651,0.00909721
11042,11476,0.004334744
11043,83683,1.7347063e-12
11044,22365,9.4530056e-14
11045,84386,0.0007400047
11046,50241,0.0044315513
11047,78154,0.015620506
11048,24094,1.1278668e-07
11049,53614,0.018525936
11050,113955,0.007061
11051,93685,2.3980067e-06
11052,38296,8.712608e-13
11053,63031,0.05926452
11054,112539,4.7239055e-07
11055,41580,0.009601473
11056,19561,0.028905047
11057,46029,9.054673e-12
11058,63462,0.00014936736
11059,58922,0.0040224534
11060,7896,0.009601473
11061,88874,0.004193047
11062,22026,0.032354064
11063,62136,0.019502632
11064,15690,1.8840567e-10
11065,111419,0.00011693283
11066,107438,0.0011136024
11067,49029,0.009159205
11068,37131,0.015308482
11069,45728,3.6816223e-09
11070,105355,1.9561894e-05
11071,21261,6.888077e-07
11072,105959,0.05452379
11073,83056,2.8187317e-08
11074,87141,0.02897164
11075,16041,3.2774415e-07
11076,29696,0.009558456
11077,106351,0.07508184
11078,79171,6.51087e-06
11079,57390,0.00048677617
11080,82793,8.8419706e-12
11081,115054,9.771031e-09
11082,26444,0.009169346
11083,81370,0.0047446275
11084,32998,0.0652925
11085,115346,0.004403603
11086,21706,0.00055220624
11087,100561,0.02335275
11088,104030,0.059533693
11089,21532,0.00012301006
11090,113547,0.0010908726
11091,89884,1.7361504e-07
11092,13529,1.4863484e-11
11093,90660,0.00021481438
11094,68830,2.2979727e-08
11095,75906,0.000509919
11096,24370,0.009169346
11097,10130,3.6878865e-07
11098,13167,2.3630998e-06
11099,71859,0.031303167
11100,10887,3.1181653e-08
11101,31749,0.0023746248
11102,79761,0.02154969
11103,85676,3.2077927e-14
11104,69206,0.018107578
11105,74626,0.00031027012
11106,103757,8.7643144e-08
11107,83425,0.035649523
11108,75831,0.00047096336
11109,88999,9.8406e-06
11110,70624,0.07016115
11111,55983,1.4458037e-08
11112,60015,0.0026451752
11113,1353,5.7684356e-12
11114,24058,8.910579e-10
11115,3371,0.000117956086
11116,52837,0.023214001
11117,61899,0.00076586317
11118,29578,2.5265937e-08
11119,65798,0.033345908
11120,105354,0.0023361093
11121,21289,4.07194e-11
11122,55633,0.031109303
11123,29553,0.0025526127
11124,58198,1.0237271e-09
11125,82597,0.00020203156
11126,20235,1.6096335e-13
11127,78048,0.018107578
11128,96982,0.0042148116
11129,59540,0.054374717
11130,8602,0.0009428913
11131,88129,0.00012901769
11132,51181,2.0700624e-12
11133,105985,5.915822e-07
11134,104066,9.193888e-10
11135,59602,0.1877472
11136,19402,0.0095750205
11137,55326,0.07016115
11138,18919,8.7459455e-05
11139,92021,1.07715445e-13
11140,39787,8.022673e-05
11141,109399,6.0055187e-15
11142,59830,0.0630762
11143,44834,0.0027304147
11144,48334,0.001438686
11145,12615,7.613377e-08
11146,111790,1.9561894e-05
11147,89064,0.0058086915
11148,43828,0.0991361
11149,1422,7.616265e-09
11150,100543,2.9131186e-05
11151,17290,1.8461511e-13
11152,47491,7.0976756e-05
11153,35121,0.009085913
11154,69779,0.05926452
11155,13915,0.027684728
11156,96879,0.00013489742
11157,83466,3.4112495e-09
11158,39948,0.009169346
11159,62290,0.001488875
11160,50917,0.010311361
11161,16321,2.0019182e-10
11162,25258,0.027271394
11163,45426,0.028905047
11164,45898,5.0121743e-15
11165,46709,0.018143823
11166,36590,0.48171124
11167,18538,3.898542e-09
11168,91709,4.978295e-05
11169,98810,0.00042440006
11170,105057,0.018143823
11171,22550,0.00022884113
11172,14983,1.496103e-06
11173,42020,0.0009716983
11174,7279,0.0019114235
11175,44246,3.617635e-14
11176,39617,0.009601473
11177,63095,0.0021738664
11178,60632,0.0008385558
11179,113847,5.8011225e-05
11180,87236,8.8680355e-11
11181,101435,0.009611095
11182,106169,1.0295831e-11
11183,101378,0.0028814727
11184,55587,0.0023467834
11185,83603,0.018917745
11186,16034,5.5932002e-08
11187,78841,1.5682372e-09
11188,15841,8.360894e-08
11189,82121,5.999658e-11
11190,79527,0.010311361
11191,16260,1.44245215e-11
11192,7829,1.8422164e-06
11193,39608,0.006285153
11194,105637,0.021901065
11195,97735,1.3771586e-08
11196,31048,3.4657101e-12
11197,91366,9.610527e-12
11198,64919,0.024833668
11199,64719,2.5192334e-10
11200,50778,0.118849196
11201,96900,7.596247e-05
11202,69161,1.1152579e-10
11203,112925,0.024748232
11204,70041,9.968833e-06
11205,11455,0.00909721
11206,15252,7.4836244e-06
11207,57756,1.7069846e-05
11208,103220,4.9713112e-11
11209,54967,4.1310927e-13
11210,90224,0.004563765
11211,43045,0.005195277
11212,37308,2.1201419e-07
11213,47737,0.00013506023
11214,78740,3.1299888e-15
11215,54094,5.541948e-13
11216,23861,3.9507704e-08
11217,14497,0.0017680007
11218,6078,5.5136866e-06
11219,36799,4.130757e-07
11220,109694,0.019973762
11221,93369,0.05452379
11222,18412,0.08624502
11223,92946,3.5289178e-09
11224,44360,0.0287143
11225,7677,0.0037447906
11226,79816,0.018107578
11227,33868,1.6275704e-09
11228,39750,0.019502632
11229,76860,1.8878525e-07
11230,30756,4.3459517e-07
11231,101903,6.053281e-06
11232,7934,0.0010663774
11233,5404,0.0075463946
11234,95807,0.02897164
11235,27717,0.00019535258
11236,2919,0.0036075034
11237,75803,0.01954178
11238,7328,6.3608236e-06
11239,33300,1.2368331e-09
11240,65363,2.7167636e-11
11241,70979,1.9561894e-05
11242,49601,0.01548718
11243,52670,0.0007400047
11244,102146,2.9322849e-09
11245,23557,1.0862557e-08
11246,63635,0.12686463
11247,3228,9.9709294e-05
11248,43514,0.027915554
11249,112670,0.0004478891
11250,79520,0.008979334
11251,112338,0.00024887492
11252,31315,0.02718392
11253,62331,0.0095750205
11254,92364,0.05926452
11255,79146,0.0026416038
11256,101668,2.0552443e-10
11257,85424,4.2371613e-11
11258,85655,0.0007400047
11259,34942,0.006883253
11260,40914,0.5575971
11261,113880,0.018143823
11262,15460,8.382924e-17
11263,45338,0.018525936
11264,26432,0.027271394
11265,106859,0.009611095
11266,111627,0.07603758
11267,65182,9.829541e-06
11268,97209,0.05946976
11269,97435,0.004010236
11270,43356,0.010152991
11271,84672,0.0040224534
11272,82275,1.2972037e-13
11273,50757,0.010311361
11274,20768,2.908755e-07
11275,59023,6.129947e-06
11276,15829,0.0042001335
11277,24253,0.009169346
11278,91534,0.026707362
11279,94986,1.9561894e-05
11280,94959,6.6577915e-12
11281,28916,0.0002924008
11282,3273,0.036244947
11283,80607,0.018107578
11284,17364,2.009986e-07
11285,23356,0.018107578
11286,80812,0.0006454911
11287,20302,3.3642954e-07
11288,90802,0.00017562564
11289,10126,0.04054892
11290,52612,0.04562465
11291,57392,2.2508495e-05
11292,84245,0.009609334
11293,46012,0.0013471787
11294,16832,2.9037557e-09
11295,105719,7.936567e-05
11296,57910,0.00019848054
11297,3311,0.023169983
11298,46901,7.67301e-06
11299,38578,2.0781636e-09
11300,111692,0.000319761
11301,10286,0.00909721
11302,61657,5.3076543e-10
11303,109250,0.00013489742
11304,107989,3.7429092e-07
11305,29504,0.009558456
11306,7721,0.0014277677
11307,105822,3.7273665e-12
11308,16246,6.841615e-07
11309,62389,2.9322849e-09
11310,11457,2.8029033e-06
11311,102985,8.279227e-09
11312,59743,2.0487824e-10
11313,77479,2.3034577e-08
11314,55755,0.0009799172
11315,76704,0.009609334
11316,18629,3.7395e-09
11317,92001,0.013133156
11318,106215,6.200547e-13
11319,71852,0.05926452
11320,63974,9.8406e-06
11321,76466,0.054374717
11322,3539,0.009085741
11323,19711,1.1491772e-14
11324,74365,0.018107578
11325,100201,0.032150183
11326,18635,9.6258336e-05
11327,46391,1.2862587e-07
11328,43957,0.20597227
11329,26132,9.2501364e-07
11330,66858,2.862682e-09
11331,68080,0.022287307
11332,92670,0.040115204
11333,34485,0.023214001
11334,26017,0.0030488668
11335,105999,1.9561894e-05
11336,113780,1.2166994e-12
11337,38119,0.028905047
11338,77492,1.5908293e-07
11339,111190,0.0058318716
11340,44860,0.0077906027
11341,84248,0.0033026752
11342,74595,1.313994e-07
11343,78822,9.968833e-06
11344,45187,0.009601473
11345,69312,0.0007400047
11346,57905,0.027070584
11347,25779,7.958855e-12
11348,80061,0.00013130334
11349,3510,0.00076408556
11350,43661,2.731556e-07
11351,36945,0.027271394
11352,2836,0.009085741
11353,102306,0.0028958032
11354,11656,0.00038264832
11355,37498,8.3101215e-10
11356,8561,0.00015060717
11357,75628,1.0887718e-08
11358,26471,1.115457e-08
11359,41107,0.06482158
11360,108798,0.07536306
11361,77522,0.025070598
11362,88953,0.02897164
11363,10113,3.6878865e-07
11364,88458,0.018134167
11365,33756,0.0014862727
11366,21265,0.005223745
11367,25617,0.009601473
11368,77335,0.002589671
11369,74166,0.0010103625
11370,56251,0.009159205
11371,114070,1.9561894e-05
11372,46512,7.379606e-06
11373,107841,0.04721201
11374,43926,1.0112058e-06
11375,4582,4.6978254e-08
11376,9717,5.366131e-05
11377,50476,9.119496e-08
11378,47176,5.6631117e-05
11379,42017,0.0042110747
11380,72466,0.004563765
11381,26624,0.018125536
11382,15712,0.022996144
11383,37546,0.018125536
11384,62849,0.033814374
11385,100344,0.0014888049
11386,6656,5.366131e-05
11387,83219,3.5174442e-05
11388,42662,5.8301546e-13
11389,74918,0.0058086915
11390,40575,7.124106e-14
11391,35136,0.0001681003
11392,25929,1.0200624e-10
11393,70771,0.048092566
11394,9160,1.7810711e-08
11395,11809,3.0867454e-11
11396,17958,0.041223805
11397,15011,0.0011257017
11398,105080,0.004563765
11399,115642,2.1142944e-07
11400,5417,0.04516103
11401,110351,1.815524e-12
11402,110965,0.0007412293
11403,69819,5.1364573e-08
11404,28528,8.435459e-08
11405,45429,0.0040224534
11406,91785,0.0007400047
11407,64001,1.07289934e-10
11408,88237,6.181379e-05
11409,101216,6.49105e-06
11410,76493,8.081006e-10
11411,104113,0.0007412293
11412,67316,0.031303167
11413,61378,1.3078862e-10
11414,79798,0.018134167
11415,59547,0.05926452
11416,103675,0.018143823
11417,54321,8.5946496e-08
11418,52968,9.514194e-11
11419,92040,0.00066488946
11420,52572,0.0007400047
11421,39192,7.4857637e-10
11422,70223,0.027308173
11423,55844,0.018107578
11424,10197,0.00909721
11425,23648,2.5300703e-12
11426,74996,0.0077906027
11427,20832,0.010952245
11428,100608,1.0052818e-05
11429,51134,6.0820674e-13
11430,114271,0.0007412293
11431,87450,1.3796723e-07
11432,6268,6.313699e-08
11433,40239,0.00017287674
11434,22089,1.9750176e-13
11435,7059,7.3480187e-06
11436,85520,0.0007400047
11437,41305,1.01573005e-05
11438,2286,0.39854077
11439,14093,0.010311361
11440,63625,0.0033026752
11441,111092,0.043412764
11442,110720,0.008864238
11443,65347,0.0026451752
11444,94328,3.3173794e-06
11445,110190,1.9348718e-09
11446,55406,3.252252e-12
11447,20826,7.286733e-05
11448,81161,0.0042148116
11449,9925,1.8402166e-05
11450,13951,0.019502632
11451,114983,3.9200927e-06
11452,98349,2.2275926e-05
11453,33387,0.018107578
11454,73411,0.0006647029
11455,3496,3.3365595e-05
11456,46802,2.8005707e-06
11457,106987,0.0036064067
11458,102811,8.8366653e-07
11459,16278,0.054374717
11460,43773,0.027271394
11461,21428,0.007568096
11462,21298,5.924988e-11
11463,74370,0.0007400047
11464,62874,0.0072275545
11465,102406,6.057566e-14
11466,71119,0.018107578
11467,33315,1.0020513e-05
11468,59673,0.037239343
11469,69689,0.03764239
11470,25007,0.00013526439
11471,49950,0.0015616057
11472,97366,0.00014399036
11473,77148,0.0003221182
11474,41679,0.009169346
11475,5440,2.27157e-06
11476,13109,2.9872417e-12
11477,71418,0.021894407
11478,92918,7.080119e-05
11479,87125,2.1611799e-12
11480,27452,1.0237271e-09
11481,21775,0.027271394
11482,11491,0.013906668
11483,53666,0.0007400047
11484,86569,0.031503655
11485,58377,9.475538e-13
11486,62142,0.0009905635
11487,4577,0.027112849
11488,73874,0.010167009
11489,19842,2.4594053e-07
11490,101887,0.0007402484
11491,63696,0.0034443063
11492,66316,0.00046791197
11493,114484,0.009558456
11494,45267,0.0069047827
11495,67039,0.05926452
11496,5159,9.4530056e-14
11497,110422,0.0058863848
11498,369,0.0009615326
11499,35245,0.0040224534
11500,29086,0.009558456
11501,11713,0.00909721
11502,40490,0.012410623
11503,67185,0.00266249
11504,25689,5.624626e-10
11505,85759,1.6249192e-12
11506,105265,1.8574035e-05
11507,94215,5.5445366e-07
11508,91349,0.004193053
11509,65523,7.098485e-10
11510,106759,0.026707362
11511,28368,1.4549375e-05
11512,88095,0.004015353
11513,72280,0.027308173
11514,43118,4.2113188e-05
11515,2805,0.023169983
11516,86680,6.482356e-10
11517,112071,4.5877048e-12
11518,56630,0.05926452
11519,44801,0.010311361
11520,62369,0.0028958032
11521,42866,9.965719e-10
11522,114649,1.5752921e-12
11523,77051,5.779978e-08
11524,107427,0.059533693
11525,21617,0.30287075
11526,111303,0.04360758
11527,29292,1.0237271e-09
11528,102344,1.8109238e-05
11529,114598,0.00037767083
11530,25772,1.3597427e-10
11531,61026,0.02154969
11532,613,2.8977607e-11
11533,14278,0.018107578
11534,101895,0.07200657
11535,76131,2.1876292e-10
11536,1292,1.5486517e-05
11537,64355,1.1185311e-06
11538,98734,0.0007400047
11539,11863,2.0337978e-09
11540,7543,0.0135277435
11541,47328,0.027271394
11542,16941,0.0012202407
11543,18196,2.6213408e-07
11544,8954,0.00016226443
11545,22629,1.9564073e-12
11546,31560,1.7910652e-09
11547,10539,0.0101294415
11548,19510,0.018107578
11549,65552,4.8514734e-12
11550,47412,0.018125536
11551,33702,2.166788e-13
11552,70473,0.00060586666
11553,68630,0.05926452
11554,35759,0.06433432
11555,44835,1.6768577e-12
11556,111514,1.6926708e-05
11557,25093,0.0008616289
11558,5582,3.1737427e-06
11559,114479,0.05452379
11560,89186,0.004607776
11561,38508,0.00037411397
11562,81189,0.008979334
11563,36874,0.0017553555
11564,78668,0.031558465
11565,20730,9.765473e-14
11566,57470,0.019502632
11567,10334,1.7904718e-08
11568,109093,7.588956e-05
11569,63140,0.027915554
11570,92277,1.9561894e-05
11571,26853,0.009169346
11572,110227,0.0077906027
11573,53070,1.8073192e-11
11574,80526,1.9844285e-12
11575,23174,3.3730841e-12
11576,4810,0.023169983
11577,60474,0.003110614
11578,16867,9.73071e-09
11579,92528,0.027308173
11580,20342,0.110108055
11581,39872,1.977663e-10
11582,13703,0.027112849
11583,115906,0.00012840294
11584,69603,0.0038918324
11585,39014,0.026707362
11586,8204,0.0014277677
11587,104792,6.7556284e-05
11588,74221,0.07983019
11589,75659,0.018107578
11590,31770,0.005194104
11591,7579,0.0144880405
11592,106715,0.018143823
11593,55020,0.006883253
11594,103605,0.059533693
11595,37979,1.4639712e-12
11596,78423,0.0026451752
11597,67737,2.632378e-08
11598,96208,1.9561894e-05
11599,90672,4.393471e-07
11600,34465,0.054374717
11601,114517,6.523056e-07
11602,13520,9.621642e-08
11603,41567,0.0025162473
11604,97174,0.003156181
11605,8662,1.4564881e-07
11606,100843,0.041373618
11607,106619,0.0323186
11608,98742,1.5738865e-12
11609,22002,0.015006837
11610,105875,1.4584789e-06
11611,88346,1.6762924e-06
11612,86968,0.000319761
11613,112667,0.0028741907
11614,106572,1.1009873e-10
11615,107398,0.0011136024
11616,4653,5.5952178e-06
11617,89017,0.0021978803
11618,96256,0.0042148116
11619,69546,9.917045e-10
11620,71620,0.0168302
11621,21351,8.6842e-06
11622,65563,2.3908748e-13
11623,85630,0.00010681258
11624,2499,0.0036075034
11625,63593,1.1385944e-05
11626,24537,2.6146216e-10
11627,29328,0.009558456
11628,39922,0.027917715
11629,69368,0.0007400047
11630,24359,5.565799e-11
11631,82097,0.0015083309
11632,105771,0.05452379
11633,102265,8.464839e-05
11634,89415,0.032136623
11635,13085,2.3785157e-10
11636,62784,8.890056e-10
11637,88247,0.0014747292
11638,56373,0.004223849
11639,45195,0.013175545
11640,30048,0.014311682
11641,97337,3.4951097e-13
11642,48124,1.9561894e-05
11643,26156,0.054374717
11644,65089,1.2602842e-10
11645,16131,1.44245215e-11
11646,70495,0.08333831
11647,69577,0.07508184
11648,88743,0.032136623
11649,71638,4.3800945e-05
11650,33805,0.004193047
11651,60203,0.019502632
11652,11819,6.037839e-11
11653,46014,0.20597227
11654,29351,0.027915554
11655,46294,3.0935443e-09
11656,100135,0.0021999907
11657,98069,1.3298638e-05
11658,63676,2.5506314e-10
11659,83139,0.008979334
11660,45754,0.0042110747
11661,61739,4.204715e-08
11662,62800,0.07536306
11663,12694,1.2344509e-08
11664,112658,0.0028741907
11665,86881,3.4828663e-16
11666,16669,2.772296e-12
11667,89096,1.9127221e-05
11668,5599,1.4840087e-06
11669,6864,0.023169983
11670,56702,0.082323804
11671,95657,0.018134167
11672,71151,8.435459e-08
11673,17590,0.054374717
11674,47333,0.0072275545
11675,66174,1.784747e-12
11676,24872,0.0012628086
11677,79565,0.008091142
11678,111538,0.009159205
11679,113368,0.006883253
11680,45649,4.6489113e-05
11681,16976,0.054374717
11682,40276,2.1828337e-05
11683,32976,1.5001344e-17
11684,62221,0.018107578
11685,36475,2.781792e-05
11686,50678,1.3356072e-09
11687,68255,0.0006647029
11688,85155,2.630792e-08
11689,96523,0.0042148116
11690,85671,0.00066445646
11691,114655,1.1104722e-16
11692,73758,0.076556616
11693,23148,1.8560546e-13
11694,26880,1.0020513e-05
11695,2245,5.5136866e-06
11696,34756,0.011915572
11697,17444,5.121436e-05
11698,67758,0.0006647029
11699,60458,1.8234349e-10
11700,86609,1.6616725e-10
11701,8046,0.00036218172
11702,115979,0.0009963547
11703,9993,1.6661442e-10
11704,58498,6.850891e-05
11705,6775,7.699038e-05
11706,85263,2.2055913e-07
11707,37568,0.018125536
11708,63494,0.0043916465
11709,5551,0.00909721
11710,12646,1.4582576e-09
11711,75661,9.808837e-06
11712,90812,8.955534e-05
11713,52738,0.00048040142
11714,103004,4.1383512e-07
11715,63199,6.995684e-05
11716,71389,0.010311361
11717,68552,1.1389628e-06
11718,35212,0.005194104
11719,59092,0.0100853825
11720,115857,0.0006647029
11721,2816,2.7250535e-06
11722,109242,0.009611095
11723,107241,0.0026269308
11724,41039,0.018107578
11725,78128,1.9204386e-07
11726,50523,5.4716914e-13
11727,31774,4.008239e-14
11728,29605,2.7925807e-11
11729,21469,1.8683851e-11
11730,61871,3.1047886e-08
11731,28278,1.1066079e-07
11732,92897,0.0004464383
11733,47441,0.00016788613
11734,43875,0.0031674632
11735,47854,9.968833e-06
11736,91613,6.5040035e-14
11737,72102,0.00040777095
11738,7911,5.622561e-07
11739,46186,0.009601473
11740,32252,1.4053837e-06
11741,76738,1.8067653e-10
11742,94088,1.9561894e-05
11743,41546,0.0009615326
11744,5613,4.0725445e-05
11745,10874,0.00909721
11746,114863,1.7143165e-08
11747,22321,3.2599062e-14
11748,3241,1.1806198e-07
11749,46193,3.5811408e-07
11750,99711,0.002341042
11751,89718,0.05926452
11752,87940,0.0069063785
11753,115479,0.04805257
11754,108950,0.059563927
11755,21317,5.6274616e-09
11756,40484,6.482954e-05
11757,88176,0.009170086
11758,92987,0.0040165526
11759,85493,0.026579669
11760,45711,0.002814115
11761,2067,0.08833985
11762,93087,2.4646543e-12
11763,111258,0.0077906027
11764,19846,0.017944383
11765,78683,2.9322849e-09
11766,1954,7.839228e-09
11767,74813,0.111531295
11768,94541,0.06451
11769,36065,0.004193047
11770,113220,1.1649917e-05
11771,25947,0.031503655
11772,24470,0.00017231752
11773,111868,0.0058932053
11774,11108,0.000295317
11775,25,5.5860997e-05
11776,89723,0.004193047
11777,33127,9.193888e-10
11778,59123,0.048092566
11779,32880,0.28238097
11780,52211,0.000253889
11781,28835,2.552118e-12
11782,23919,2.502092e-12
11783,59767,1.6720855e-09
11784,49978,0.009558456
11785,1627,3.2064145e-05
11786,54457,0.0075330995
11787,115637,7.815881e-12
11788,26117,0.0005525985
11789,2216,6.866297e-07
11790,49962,0.0026789745
11791,70552,0.010311361
11792,2815,2.7250535e-06
11793,112277,0.006883253
11794,90537,0.02510724
11795,109277,1.9561894e-05
11796,80249,0.009609334
11797,14097,0.010311361
11798,46266,1.3012092e-08
11799,93434,0.055277847
11800,27501,0.003943983
11801,93616,0.05926452
11802,60487,0.00024887492
11803,19086,1.337442e-10
11804,50870,1.8359553e-05
11805,26828,0.0077906027
11806,70222,0.0027576566
11807,16859,0.0095750205
11808,88659,0.018134167
11809,1350,0.008059376
11810,23969,2.07017e-11
11811,32965,4.7735895e-08
11812,32066,0.009159205
11813,20196,1.1491772e-14
11814,106827,0.0021675031
11815,104565,1.6655458e-11
11816,45791,5.565799e-11
11817,105389,0.059533693
11818,47081,6.304316e-06
11819,54629,4.98299e-10
11820,95515,2.1617673e-10
11821,95357,0.07983019
11822,69435,1.478605e-07
11823,92625,0.05926452
11824,3380,1.9463457e-07
11825,75793,0.01954178
11826,46248,0.009601473
11827,16095,4.682869e-15
11828,32477,0.0032401218
11829,28492,0.04562465
11830,39692,3.4041547e-11
11831,80960,4.8865103e-09
11832,35161,9.938426e-13
11833,109215,9.160179e-13
11834,53456,0.004193047
11835,24954,0.0003807734
11836,34463,0.027070584
11837,21613,0.0009615326
11838,98024,0.0042148116
11839,89394,0.018134167
11840,8048,0.0036080985
11841,95166,2.8004931e-06
11842,7587,0.036642306
11843,87242,8.307992e-15
11844,32447,3.136177e-09
11845,80688,0.009609334
11846,84022,0.0015616057
11847,2807,2.9487617e-06
11848,102905,0.009159205
11849,47776,2.7106862e-06
11850,113304,1.9561894e-05
11851,5593,3.0557384e-08
11852,93055,0.00266249
11853,71537,5.041415e-12
11854,94462,2.2352323e-07
11855,37166,0.018143823
11856,23433,0.0013996157
11857,111307,0.004052996
11858,111690,0.055277847
11859,4463,0.088876955
11860,26634,0.018125536
11861,45438,0.054374717
11862,78809,3.3483225e-12
11863,46621,0.018125536
11864,107203,5.628453e-06
11865,49046,0.0009716983
11866,40526,1.9282971e-11
11867,78295,0.00063210167
11868,83092,0.009609334
11869,39337,0.018107578
11870,113305,0.013123105
11871,71730,0.0077906027
11872,79526,2.7501648e-09
11873,56740,2.2063236e-09
11874,104095,1.3673148e-08
11875,87321,1.9702216e-05
11876,94872,1.2239638e-05
11877,65352,2.6942782e-12
11878,82796,3.2475518e-09
11879,65685,0.0026451752
11880,16535,2.6529804e-05
11881,67720,0.010311361
11882,27711,4.783661e-12
11883,24241,0.009601473
11884,14128,1.0070718e-09
11885,72276,0.009609334
11886,83654,1.1341187e-12
11887,50378,0.018370343
11888,21565,6.2159056e-09
11889,38602,1.4363785e-12
11890,8077,0.07186122
11891,53174,7.4828426e-07
11892,49891,0.00012726456
11893,62026,0.010152991
11894,85498,0.009609334
11895,770,9.73071e-09
11896,99330,8.387926e-07
11897,8528,0.015654262
11898,5515,1.9796803e-06
11899,108933,2.396043e-05
11900,100738,0.0026451752
11901,64197,7.2738027e-12
11902,83767,0.0021738664
11903,78876,0.00040401155
11904,23352,6.54431e-05
11905,69144,9.968833e-06
11906,56258,3.3747972e-05
11907,83827,7.286733e-05
11908,90742,0.05926452
11909,92150,0.00010576498
11910,34802,0.009558456
11911,51365,2.1898656e-15
11912,50197,0.0076080156
11913,18541,1.2545863e-07
11914,80994,5.112253e-05
11915,105513,1.9561894e-05
11916,49240,0.0028958032
11917,18817,0.00010681258
11918,9069,4.78687e-06
11919,95339,2.2275926e-05
11920,82869,0.010311361
11921,66797,9.8406e-06
11922,57997,1.2495688e-09
11923,39087,0.031579413
11924,17043,0.07171395
11925,107540,0.0058863848
11926,75403,3.6244083e-07
11927,104058,4.4625184e-13
11928,1640,0.00013101917
11929,83408,0.054945264
11930,21579,0.010311361
11931,115636,3.4239278e-13
11932,101363,0.009611095
11933,68145,0.0007400047
11934,102715,0.0026416038
11935,29262,0.023214001
11936,86927,0.002814115
11937,33116,0.001273944
11938,86615,0.018107578
11939,27531,5.4038185e-10
11940,42675,0.07016115
11941,105326,0.059533693
11942,30359,0.009159205
11943,93486,0.0069063785
11944,18023,4.4086363e-13
11945,2059,0.009085741
11946,69767,0.009170086
11947,92912,0.027844498
11948,53978,2.9322849e-09
11949,7016,0.00070688233
11950,54371,6.7316025e-10
11951,44300,0.00026520147
11952,82200,5.1797873e-05
11953,81782,0.06334803
11954,63087,0.06335489
11955,109212,0.0002558334
11956,102032,0.009558456
11957,39383,0.027917715
11958,106748,3.268081e-07
11959,57248,0.0023459184
11960,66035,9.829541e-06
11961,15548,2.405664e-09
11962,74628,0.0007400047
11963,85849,0.018107578
11964,2530,0.097600184
11965,99009,0.00025841533
11966,32255,0.15853351
11967,41756,0.0069047827
11968,97624,0.0006159452
11969,36482,0.009159205
11970,102372,0.0077906027
11971,102807,0.019548833
11972,16043,3.0920337e-13
11973,21491,0.0056132367
11974,16385,0.11335018
11975,6577,0.008955581
11976,103165,0.01539646
11977,25393,0.0014862727
11978,84603,4.5155706e-20
11979,42539,0.0014833396
11980,86816,2.2275926e-05
11981,70958,0.009609334
11982,98281,0.050105408
11983,66271,2.033818e-06
11984,61702,7.5198116e-13
11985,111005,4.2286832e-05
11986,31320,0.0011817811
11987,55545,9.968833e-06
11988,52488,0.015507207
11989,59042,4.439734e-08
11990,59832,2.2492222e-06
11991,78101,2.2194333e-09
11992,34782,0.02593239
11993,75712,0.018107578
11994,392,6.339818e-07
11995,52885,0.009558456
11996,37755,0.009601473
11997,35414,0.027070584
11998,8774,0.0021600947
11999,23859,0.00053097925
12000,9453,2.7743183e-05
12001,46071,0.0042110747
12002,84596,3.14283e-09
12003,15762,1.8840567e-10
12004,108707,0.0022746052
12005,64774,0.00019585351
12006,48198,8.5291464e-07
12007,115966,5.999658e-11
12008,113318,1.005324e-05
12009,27954,3.4308897e-13
12010,55112,2.9159004e-08
12011,59501,2.1366784e-05
12012,100163,5.0713777e-05
12013,88416,0.009609334
12014,80325,6.7178694e-09
12015,1456,0.009169346
12016,95265,0.0052531995
12017,73369,0.0006647029
12018,801,2.5891914e-05
12019,71831,1.1385944e-05
12020,54935,0.0025845168
12021,55799,0.6139974
12022,67413,0.009609334
12023,8173,4.3393087e-05
12024,90342,0.010311361
12025,57152,0.048092566
12026,78738,0.009609334
12027,50164,0.010311361
12028,79783,6.492244e-17
12029,77478,5.772594e-09
12030,115605,0.02335275
12031,107266,0.009170086
12032,37932,0.018107578
12033,46171,0.001478002
12034,114356,1.7719003e-14
12035,15310,0.08138091
12036,26800,3.6816223e-09
12037,62483,0.0042110747
12038,55047,0.08662097
12039,40930,0.09551753
12040,50380,0.0009799172
12041,86146,0.00016128014
12042,55092,4.770791e-10
12043,10409,5.9459912e-06
12044,46956,2.731556e-07
12045,106402,0.050217867
12046,78657,0.00028844716
12047,98202,0.047967356
12048,84924,2.4342964e-05
12049,51127,1.8652864e-12
12050,17245,2.0708747e-07
12051,50457,0.009558456
12052,14067,1.29367e-10
12053,12040,1.2934011e-10
12054,79663,0.0007402484
12055,5800,0.11006626
12056,84957,1.533683e-14
12057,43642,0.00068546686
12058,40150,8.582986e-08
12059,70602,1.2515282e-07
12060,15305,2.9763648e-06
12061,23568,0.110108055
12062,17171,4.159295e-09
12063,48877,1.8386327e-05
12064,24381,8.910579e-10
12065,109028,0.0007412293
12066,67240,0.054945264
12067,8153,1.4264688e-06
12068,71662,0.009609334
12069,85888,2.8032594e-11
12070,101158,2.0842208e-07
12071,102633,0.0006647029
12072,10383,0.01046717
12073,61991,0.009105743
12074,46697,0.0042110747
12075,107686,0.0007412293
12076,74604,0.0009905635
12077,90430,0.0015616057
12078,74632,0.000509919
12079,103963,0.028922679
12080,75688,6.316821e-11
12081,6999,0.027112849
12082,48723,0.0023459184
12083,103898,0.009611095
12084,32441,0.0040224534
12085,94362,1.3972154e-13
12086,17651,1.2094856e-11
12087,43706,0.009169346
12088,83490,5.7858358e-08
12089,83952,0.032136623
12090,49528,5.1543375e-06
12091,114965,4.625064e-15
12092,50606,0.00014910723
12093,21891,0.06482158
12094,68978,0.018107578
12095,70986,0.07983019
12096,91816,0.0042148116
12097,67476,0.00010100137
12098,37489,3.4170482e-11
12099,77154,7.115756e-05
12100,48996,0.001267699
12101,60908,0.04974522
12102,77204,1.9561894e-05
12103,96070,0.009170086
12104,11631,0.0014277677
12105,105598,0.032177687
12106,72750,0.00015305557
12107,24447,2.8742368e-09
12108,91977,0.010311361
12109,40520,1.2850865e-07
12110,97362,0.0002307521
12111,46130,0.00017287674
12112,83510,0.00046783456
12113,12443,6.61988e-12
12114,112096,6.2753518e-12
12115,66501,1.1056924e-07
12116,24981,1.6134501e-05
12117,20712,6.7554976e-11
12118,15382,1.6273695e-08
12119,85170,0.0007400047
12120,54248,0.027070584
12121,54438,0.00054400275
12122,111471,1.3577634e-05
12123,91418,0.05303671
12124,10054,0.00010137818
12125,8384,0.04075276
12126,78250,4.1615404e-13
12127,68911,0.018107578
12128,57908,0.0028958032
12129,55296,0.028454797
12130,38945,9.8305136e-05
12131,75231,0.01954178
12132,30290,0.00031084364
12133,69083,1.0076045e-06
12134,53325,0.006883253
12135,20204,0.00010681258
12136,41700,1.1115617e-12
12137,50899,0.0008534225
12138,18498,1.5700736e-11
12139,21149,1.3012092e-08
12140,70360,1.9526166e-15
12141,83203,0.031558465
12142,66982,0.010311361
12143,15980,2.9152583e-05
12144,69185,1.22256975e-14
12145,113043,0.010320635
12146,72727,0.32997808
12147,88013,2.7133078e-16
12148,101857,0.045780502
12149,12796,3.218649e-09
12150,32788,0.00059900584
12151,51827,0.014774942
12152,98823,0.00036597622
12153,56271,0.054945264
12154,47179,2.6882249e-06
12155,90012,1.9561894e-05
12156,114762,1.8955727e-05
12157,91587,0.00060178374
12158,64253,0.00046791197
12159,13171,0.3339791
12160,12677,0.010734352
12161,31045,0.00259658
12162,59906,0.018107578
12163,95414,8.279227e-09
12164,35940,0.009558456
12165,76302,0.05926452
12166,84430,0.0004526072
12167,78011,3.4668654e-05
12168,44055,6.652247e-15
12169,43428,0.0052533764
12170,37441,5.694553e-05
12171,32776,2.1818467e-09
12172,19695,9.73071e-09
12173,66780,0.0010838215
12174,37183,0.054374717
12175,67566,0.02973818
12176,89424,0.0007400047
12177,38665,2.8683596e-06
12178,75991,0.0077906027
12179,38305,1.0020513e-05
12180,53842,1.5577118e-08
12181,44598,0.004552065
12182,77949,0.0077906027
12183,57902,6.808722e-13
12184,59995,1.09406496e-13
12185,107728,0.0022297841
12186,40472,0.0006946361
12187,43651,0.031180395
12188,46905,0.0042110747
12189,25589,0.0006722734
12190,39823,0.019502632
12191,60723,0.0023467834
12192,83167,1.3829817e-11
12193,22282,8.33232e-06
12194,58520,0.009558456
12195,76696,0.22584063
12196,112788,3.7751708e-11
12197,98418,0.005600577
12198,17287,8.949029e-08
12199,111302,1.815524e-12
12200,57381,3.200158e-05
12201,25801,0.0009799172
12202,46887,5.6057434e-05
12203,49545,0.009558456
12204,47291,0.06445305
12205,55235,0.028905047
12206,24212,3.969367e-07
12207,81276,0.0029955134
12208,10272,0.11006626
12209,82033,0.002814115
12210,109184,2.1228936e-13
12211,67154,1.00492325e-05
12212,12981,0.11531897
12213,45590,0.00076855737
12214,49129,0.008979334
12215,11257,0.008059376
12216,15837,1.62637e-12
12217,91102,0.018134167
12218,94545,0.001488797
12219,64846,0.026705751
12220,19471,0.00916275
12221,11392,7.3480187e-06
12222,84947,0.054374717
12223,14166,0.072159536
12224,43919,0.00020545091
12225,5280,0.00036243696
12226,73347,0.0009799172
12227,44514,0.027271394
12228,107240,1.43328e-09
12229,62038,7.2738027e-12
12230,89923,0.00023105882
12231,38791,2.1818467e-09
12232,6495,0.0044668126
12233,66352,0.0012665029
12234,105877,1.5909567e-06
12235,44460,5.565799e-11
12236,9244,1.492474e-05
12237,87674,0.05926452
12238,51159,0.00039516456
12239,56658,0.0033008154
12240,39436,0.009601473
12241,90426,0.0014881216
12242,87398,0.00415291
12243,90553,1.5913632e-13
12244,55484,9.968833e-06
12245,101554,0.0011293961
12246,72563,0.004193047
12247,28989,0.00038436355
12248,9928,1.2429239e-05
12249,2058,0.027070584
12250,48873,0.05303671
12251,115028,1.4854296e-08
12252,96560,1.7679442e-06
12253,63881,1.6282177e-11
12254,88006,1.1309348e-06
12255,84376,0.009609334
12256,72548,1.0595565e-14
12257,86047,0.04974522
12258,105668,1.2068139e-09
12259,3120,0.02521269
12260,86592,0.009170086
12261,29741,0.009558456
12262,84340,0.04562465
12263,113340,1.7103892e-10
12264,30791,4.867162e-13
12265,70440,0.009170086
12266,54879,3.703292e-06
12267,12242,4.2071097e-10
12268,33542,9.818731e-08
12269,63966,0.006883253
12270,41173,0.027271394
12271,35005,0.00015467647
12272,8517,0.027112849
12273,20033,0.0015940176
12274,34921,0.009558456
12275,99064,0.004052996
12276,75942,0.0006742901
12277,89400,0.018134167
12278,90019,0.018134167
12279,109053,0.009611095
12280,35632,0.009558456
12281,57004,0.009558456
12282,63297,0.10343049
12283,33731,0.0056853113
12284,73773,0.013027288
12285,58003,0.0009799172
12286,66819,5.163669e-11
12287,44545,0.0077906027
12288,106172,0.0042148116
12289,61891,1.9561894e-05
12290,79270,6.0039065e-06
12291,61270,0.0066693486
12292,96206,0.00013327887
12293,50482,3.4170482e-11
12294,54936,2.6355028e-08
12295,63931,1.7027379e-16
12296,98356,1.2722914e-12
12297,109672,9.6414815e-06
12298,22259,6.266479e-11
12299,74643,0.031449392
12300,4517,6.498254e-09
12301,12991,0.010734352
12302,30426,0.00011634858
12303,10799,7.2908293e-09
12304,81223,9.574378e-11
12305,3863,0.00909721
12306,56853,0.00266249
12307,29460,0.054374717
12308,52247,0.009159205
12309,20611,0.0022512635
12310,27234,1.1586992e-09
12311,69719,0.0025249429
12312,72113,0.0007400047
12313,10421,2.5246627e-06
12314,64422,7.569412e-06
12315,108438,0.027316395
12316,57034,1.0094068e-12
12317,82296,0.0065157544
12318,66508,2.7414513e-08
12319,1591,0.008979334
12320,22745,2.8015132e-10
12321,47738,2.1818467e-09
12322,83847,9.807219e-06
12323,13770,0.017944383
12324,54679,7.5705947e-10
12325,31493,0.028905047
12326,77089,0.028905047
12327,38735,0.00045577035
12328,70145,2.3422383e-06
12329,51490,0.028905047
12330,52216,2.069411e-05
12331,4820,1.8015318e-06
12332,3420,1.44245215e-11
12333,26659,0.06482158
12334,69324,0.00021763965
12335,70783,0.020275462
12336,74661,0.0006647029
12337,100105,8.844315e-05
12338,65855,5.9166055e-06
12339,5714,6.313699e-08
12340,4620,1.02777304e-13
12341,79009,0.0014862727
12342,574,9.811258e-07
12343,43778,3.618582e-13
12344,101133,1.5596193e-17
12345,66561,1.9583974e-08
12346,110876,0.0042148116
12347,42212,2.1553201e-10
12348,14554,0.054374717
12349,75691,6.3940827e-12
12350,4027,0.00014061078
12351,91686,0.00013489742
12352,42709,0.009601473
12353,66326,0.007568737
12354,112746,2.104842e-06
12355,69645,0.008979334
12356,82438,0.11557627
12357,72724,0.010311361
12358,75665,1.2566392e-12
12359,70214,0.000364462
12360,40573,0.00029540627
12361,69976,0.0006647029
12362,71583,0.0033357036
12363,11152,0.023113023
12364,23602,1.7517035e-05
12365,48796,0.009558456
12366,54080,6.9947745e-08
12367,32497,0.001267699
12368,13699,4.584808e-09
12369,65388,1.9577496e-05
12370,21013,1.4634817e-05
12371,30033,0.00010184453
12372,110983,1.8009882e-10
12373,8818,0.00043128274
12374,42138,2.4774095e-06
12375,65132,9.829541e-06
12376,19663,0.0095750205
12377,113652,5.558466e-12
12378,98930,0.0043916465
12379,4192,6.194177e-06
12380,61915,1.7212061e-09
12381,56478,0.035515
12382,15904,0.010311361
12383,114538,4.8352076e-11
12384,112509,1.4437185e-06
12385,11670,1.2952057e-05
12386,2356,3.2629598e-06
12387,97075,0.0038918324
12388,40525,2.373544e-05
12389,1293,1.5486517e-05
12390,76202,0.0069063785
12391,21543,1.1049443e-10
12392,18167,2.9152583e-05
12393,106769,2.7789858e-07
12394,27165,0.06445305
12395,89981,0.0070770015
12396,35320,0.009558456
12397,103154,2.2194333e-09
12398,58371,0.0023459184
12399,46303,0.009169346
12400,36460,0.010311361
12401,84633,2.9102274e-12
12402,35905,6.6716986e-08
12403,75796,0.00012198706
12404,44521,0.002814115
12405,2840,2.4616642e-10
12406,107655,1.9561894e-05
12407,91028,0.0004478891
12408,90709,2.9322849e-09
12409,72538,0.00014027866
12410,69897,8.346096e-11
12411,112173,0.009629117
12412,15184,3.625927e-09
12413,20404,4.772092e-10
12414,4842,0.03252788
12415,28724,0.0042110747
12416,87296,0.019548833
12417,3834,1.1016642e-09
12418,81397,2.235144e-06
12419,31042,6.3697255e-05
12420,25146,0.009601473
12421,103341,0.0051844474
12422,101823,0.0014639171
12423,3885,0.013898946
12424,8500,5.908447e-06
12425,27879,0.027070584
12426,97591,0.013878004
12427,82133,1.6417825e-08
12428,86023,3.9420287e-05
12429,38206,0.021824455
12430,81668,4.455362e-06
12431,114777,0.031558465
12432,75715,0.00013327887
12433,56895,1.5258074e-05
12434,96888,0.019611884
12435,27907,0.004420008
12436,107586,3.3901007e-11
12437,31444,3.9792474e-05
12438,114717,0.00011565667
12439,114781,0.008101961
12440,112781,0.003257451
12441,68264,0.000509919
12442,23284,1.5120363e-05
12443,49565,0.009558456
12444,61276,0.027147863
12445,26691,0.054374717
12446,100901,5.8183066e-15
12447,15447,0.0009363337
12448,5091,1.3579147e-05
12449,107094,0.009170086
12450,84766,0.054945264
12451,21211,6.192029e-08
12452,110678,1.4584789e-06
12453,84346,0.02154969
12454,53301,0.004193047
12455,91482,0.0042148116
12456,42406,0.11848683
12457,64206,0.0026451752
12458,39660,3.678683e-05
12459,70633,4.3791033e-06
12460,64154,9.8406e-06
12461,88772,0.06451
12462,92138,0.023318995
12463,38565,0.0022811217
12464,55541,0.001273944
12465,52485,6.7178694e-09
12466,22445,0.00067582063
12467,90485,3.7598238e-07
12468,473,0.07171395
12469,97810,0.055277847
12470,46392,1.8334974e-09
12471,52423,0.023214001
12472,18721,0.0040224534
12473,30744,0.009558456
12474,69791,0.0028958032
12475,96249,0.046888195
12476,62001,0.08888028
12477,74266,3.5289178e-09
12478,56490,2.2712767e-13
12479,111889,0.0019673521
12480,101073,1.1621393e-12
12481,74795,0.08829976
12482,46007,3.7445652e-10
12483,41418,0.0042110747
12484,21145,1.4552941e-07
12485,35238,4.97133e-11
12486,87481,9.917045e-10
12487,464,9.552964e-07
12488,51378,1.8015699e-07
12489,73632,0.009609334
12490,57945,0.00048040142
12491,58317,0.032136623
12492,57485,0.048092566
12493,60008,2.632378e-08
12494,18099,0.0043155523
12495,115851,2.878197e-06
12496,88103,0.07983019
12497,101613,0.004052996
12498,42360,0.031180395
12499,7577,0.14015919
12500,6226,1.5748552e-05
12501,114623,0.08087044
12502,34468,0.001273944
12503,30181,0.0040224534
12504,38934,5.9054026e-11
12505,31701,0.002694702
12506,54305,9.968833e-06
12507,69314,9.917045e-10
12508,98259,0.009611095
12509,44019,9.654123e-12
12510,30442,2.6598116e-07
12511,71732,0.0003221182
12512,40732,0.00054285926
12513,48136,1.6396223e-13
12514,31510,2.789908e-07
12515,96889,0.05926452
12516,58276,0.0007400047
12517,100497,0.009170086
12518,7921,2.949464e-05
12519,101481,0.0006623426
12520,39753,1.2996213e-06
12521,26302,0.0015616057
12522,80499,3.2077927e-14
12523,65849,1.2850913e-11
12524,11244,0.072299115
12525,43583,0.023214001
12526,36699,0.031513087
12527,58387,5.3393745e-10
12528,104980,5.395044e-10
12529,64109,1.5108426e-06
12530,13833,0.019502632
12531,6562,5.996206e-10
12532,103288,1.7487712e-09
12533,59038,5.999658e-11
12534,39386,0.0069047827
12535,94160,0.00024660406
12536,63670,0.17753056
12537,111916,0.4536897
12538,26173,0.009601473
12539,32224,0.018143823
12540,96706,3.788525e-07
12541,115522,3.560494e-05
12542,74594,3.5447828e-10
12543,29806,6.9301545e-06
12544,637,0.08239772
12545,56776,0.060282703
12546,82047,5.8332075e-11
12547,52655,3.6719686e-11
12548,77233,3.4112495e-09
12549,377,1.3579147e-05
12550,96056,9.8406e-06
12551,92954,0.0007400047
12552,97874,4.8644855e-05
12553,23880,0.009159205
12554,49399,0.009558456
12555,11320,2.182374e-10
12556,60273,0.027070584
12557,9856,0.023169983
12558,24556,0.031180395
12559,105216,0.0007412293
12560,34306,0.009558456
12561,60397,3.070199e-11
12562,107992,1.9561894e-05
12563,109472,5.003767e-07
12564,16758,7.6881406e-07
12565,70652,2.1665268e-10
12566,83921,0.027308173
12567,46324,0.00017287674
12568,24843,0.005361561
12569,110159,3.558203e-05
12570,40476,0.009814649
12571,101193,1.4815644e-08
12572,23920,6.9224534e-08
12573,80987,9.808837e-06
12574,96937,0.02576682
12575,21983,0.00037028827
12576,100650,0.021901065
12577,15630,9.843868e-10
12578,44887,1.00689085e-05
12579,52180,0.009558456
12580,33286,2.664214e-09
12581,83208,0.027308173
12582,47356,9.965719e-10
12583,38434,0.009601473
12584,112786,0.0009959841
12585,62797,4.4951266e-05
12586,89370,0.0043220688
12587,54809,0.0009799172
12588,98706,2.8046246e-10
12589,66360,0.00023264867
12590,95846,0.027316395
12591,114871,0.0028420663
12592,79484,0.009609334
12593,39194,0.000475379
12594,15565,1.6816944e-08
12595,100188,0.0030431165
12596,28355,0.0025526127
12597,76211,1.9962938e-10
12598,95950,0.032136623
12599,89493,0.018134167
12600,5901,0.060940534
12601,41869,2.1818467e-09
12602,18302,5.0971674e-05
12603,94744,0.0040748757
12604,14390,0.010311361
12605,18086,2.5541725e-16
12606,63114,0.05926452
12607,10483,1.9124445e-07
12608,90620,0.0007400047
12609,43071,0.018125536
12610,16848,2.6529804e-05
12611,59417,1.2538833e-06
12612,106971,1.41661585e-05
12613,51730,0.05368693
12614,44590,1.1624396e-10
12615,59779,6.7165644e-07
12616,15215,3.543346e-08
12617,60216,0.0033026752
12618,38557,8.616835e-06
12619,48799,7.0174484e-09
12620,74136,0.001267699
12621,83015,0.00027485713
12622,71222,0.0010848974
12623,36262,0.11003851
12624,114242,0.018143823
12625,98458,7.9409045e-05
12626,42015,0.018107578
12627,79304,0.016967166
12628,74250,0.0023122213
12629,9653,1.3722137e-05
12630,86008,1.9561894e-05
12631,12755,4.318141e-09
12632,81754,0.06883655
12633,87243,0.00031458787
12634,18712,6.2159056e-09
12635,18929,6.2159056e-09
12636,52538,0.0038379051
12637,112487,0.059533693
12638,78991,2.595638e-08
12639,87115,0.0077906027
12640,10678,0.0032853102
12641,107960,0.064573884
12642,783,4.152998e-06
12643,83109,8.487901e-05
12644,23308,0.004676806
12645,115443,0.000640755
12646,30674,0.009558456
12647,102438,0.027725894
12648,21170,2.741216e-08
12649,42142,2.1803324e-09
12650,69030,0.0008456272
12651,34757,0.026707362
12652,32004,1.011454e-11
12653,66143,0.59770596
12654,23132,0.0009615326
12655,83402,2.887028e-09
12656,38343,6.579509e-05
12657,83137,0.03757651
12658,106491,3.0588939e-15
12659,112331,1.4584789e-06
12660,40898,2.5614315e-09
12661,105742,9.887406e-11
12662,26479,0.009601473
12663,84595,0.006010258
12664,109410,2.2275926e-05
12665,4246,4.299174e-09
12666,93928,0.02576682
12667,34070,0.0100853825
12668,92186,4.1253646e-11
12669,45145,0.021210752
12670,108051,0.010317226
12671,34473,1.977663e-10
12672,87787,0.05926452
12673,19640,5.038321e-07
12674,112043,0.0058318716
12675,78676,0.016967166
12676,88808,0.07983019
12677,52775,0.004193047
12678,38438,0.009601473
12679,31965,0.14404759
12680,79781,0.0001949146
12681,15312,0.0061078467
12682,115419,0.0032567608
12683,46584,0.00020545091
12684,8656,0.00043075907
12685,8334,5.141382e-06
12686,31347,0.054374717
12687,46835,1.0065268e-12
12688,98856,3.3483225e-12
12689,98431,1.5965461e-14
12690,13009,0.19527228
12691,82666,0.010167009
12692,35616,4.9313938e-05
12693,69964,4.104673e-06
12694,47091,1.00689085e-05
12695,816,1.7108568e-05
12696,87307,0.06433432
12697,32025,0.009159205
12698,32595,0.0009799172
12699,26639,9.779429e-15
12700,58188,0.0007400047
12701,48067,0.009159205
12702,111618,0.000120407596
12703,88918,0.05926452
12704,36550,0.0003221182
12705,14778,1.4773138e-13
12706,73110,0.0025455286
12707,13757,8.739742e-12
12708,38457,0.00019848054
12709,41053,0.00017287674
12710,99269,2.881309e-07
12711,1331,2.4003307e-07
12712,89594,8.8236693e-13
12713,22760,0.001267699
12714,63941,6.319131e-07
12715,48842,0.0077906027
12716,69823,0.009609334
12717,33758,9.0218816e-07
12718,100058,0.14624253
12719,77736,2.0432388e-12
12720,32278,0.0077906027
12721,20654,1.3454773e-08
12722,58334,8.223197e-10
12723,94664,1.9561894e-05
12724,113940,6.862911e-16
12725,86654,0.002641423
12726,26915,0.0077906027
12727,88531,0.004193053
12728,31674,0.010311361
12729,114506,0.018143823
12730,103422,9.310955e-06
12731,53129,0.00067582063
12732,103105,0.059607558
12733,19292,0.0095750205
12734,113034,0.010320635
12735,5360,1.258977e-06
12736,39684,0.028905047
12737,51673,0.0020030206
12738,15789,1.9041154e-05
12739,35439,6.3859595e-10
12740,93631,1.1846237e-09
12741,108138,9.750877e-05
12742,50713,0.004193047
12743,66733,3.2690342e-10
12744,37018,7.1712236e-10
12745,50908,0.023214001
12746,31752,9.2568596e-05
12747,63838,2.5711633e-12
12748,25866,0.009601473
12749,99007,4.722491e-07
12750,68459,0.0042148116
12751,92921,0.05926452
12752,47751,3.474743e-05
12753,18084,0.00916275
12754,90499,0.013483217
12755,84876,1.0682417e-10
12756,109431,3.1097594e-13
12757,21680,0.009601473
12758,25018,2.2383002e-09
12759,79208,0.04721201
12760,91269,9.589744e-08
12761,27816,0.005133042
12762,42370,0.08333831
12763,10669,2.3123453e-08
12764,88616,0.010311361
12765,64674,0.00010081605
12766,59950,0.054945264
12767,82044,0.007799152
12768,53989,0.0035051687
12769,4040,3.5513453e-06
12770,47747,0.005195277
12771,76413,0.027684728
12772,15129,0.00016099252
12773,91002,9.917045e-10
12774,14260,1.1228258e-15
12775,110752,0.023266684
12776,45792,0.00015612954
12777,48006,0.009159205
12778,114889,0.026351169
12779,8937,0.00011903209
12780,40599,0.00020808756
12781,47535,1.4053837e-06
12782,66034,0.0014888049
12783,57335,0.0026451752
12784,65811,4.320532e-12
12785,52344,0.006883253
12786,59349,0.027070584
12787,11668,0.0014175794
12788,88991,0.018134167
12789,99807,0.0006647029
12790,37824,0.0012097919
12791,93968,4.978295e-05
12792,6308,0.03252788
12793,86381,2.227576e-09
12794,15629,0.019241376
12795,75706,6.738413e-13
12796,48104,0.0011826229
12797,10492,0.04516103
12798,15322,1.5356553e-06
12799,35843,0.0056922054
12800,97710,0.019548833
12801,49945,2.0924493e-10
12802,24602,0.00017287674
12803,8155,0.0071632224
12804,77660,1.9577496e-05
12805,95724,9.8406e-06
12806,112675,0.060520172
12807,88462,0.019392535
12808,92351,0.0015804358
12809,3382,7.2498936e-09
12810,33931,0.0001311124
12811,31035,9.34931e-10
12812,93614,0.0077906027
12813,70165,0.0007400047
12814,110412,0.009170086
12815,29571,2.9232147e-05
12816,16093,0.027147863
12817,61334,0.0095750205
12818,109381,0.032188945
12819,92459,0.019548833
12820,108185,0.022287307
12821,6596,0.0036080985
12822,5692,0.003988734
12823,1696,5.173952e-05
12824,94605,1.9561894e-05
12825,107499,1.0603202e-11
12826,39037,2.8015132e-10
12827,66164,0.0012665029
12828,73611,2.1056671e-06
12829,109468,8.3256404e-05
12830,83977,0.02154969
12831,72087,0.04974522
12832,68989,2.0432388e-12
12833,65828,8.860268e-05
12834,83519,0.008979334
12835,99570,0.00013015686
12836,22659,0.0011627943
12837,109735,0.015160915
12838,101179,6.980154e-12
12839,52516,0.00024887492
12840,8463,2.0950265e-05
12841,106243,3.7297893e-06
12842,47735,0.009601473
12843,96776,9.677297e-06
12844,12161,1.3323442e-05
12845,30318,0.04137023
12846,105905,0.004052996
12847,109984,0.018143823
12848,27842,0.0009799172
12849,37413,0.018107578
12850,51533,0.00026520147
12851,60657,0.027915554
12852,101573,0.059353366
12853,77834,4.321928e-06
12854,1811,1.33066815e-05
12855,21318,2.729293e-13
12856,46809,0.031503655
12857,89992,0.0069063785
12858,72748,0.0010324371
12859,5074,0.026641795
12860,43484,0.024162585
12861,56565,0.054374717
12862,62501,0.0056132367
12863,88835,0.048092566
12864,97927,0.00272208
12865,101327,0.050217867
12866,60962,5.0897424e-06
12867,107724,1.9561894e-05
12868,5913,3.3759215e-09
12869,29486,9.193888e-10
12870,63662,0.0807629
12871,74208,0.008151143
12872,57572,0.00019535258
12873,33993,2.329322e-05
12874,13538,1.4969605e-11
12875,108622,4.4440583e-14
12876,1509,0.006932496
12877,17864,3.437663e-09
12878,33058,0.011837281
12879,7891,3.113584e-07
12880,16266,5.121436e-05
12881,101440,0.004193053
12882,64088,0.0009905635
12883,100636,2.227576e-09
12884,3710,0.06455465
12885,72535,0.18715294
12886,46256,1.9239235e-07
12887,58112,1.11849814e-10
12888,88925,6.6210237e-06
12889,113850,0.048092566
12890,54609,1.3360238e-06
12891,10022,0.00033104117
12892,82181,0.06334803
12893,112891,2.4943074e-05
12894,94359,0.0010103625
12895,58008,0.0009799172
12896,62978,9.601631e-06
12897,62509,7.0469716e-05
12898,110215,0.013123105
12899,70166,0.010311361
12900,88724,0.05452379
12901,106141,0.0042148116
12902,36253,0.06433432
12903,72031,3.7432128e-06
12904,94147,0.00010575418
12905,38638,7.60228e-11
12906,6613,2.1132996e-06
12907,97226,0.0042148116
12908,102890,6.7178694e-09
12909,55416,0.0028958032
12910,99179,1.9561894e-05
12911,72188,0.009609334
12912,60967,0.00012860697
12913,105027,0.040398903
12914,99342,0.0002669483
12915,48652,0.118617155
12916,6954,0.03252788
12917,12628,0.003511545
12918,18616,1.473385e-10
12919,97952,2.5917792e-08
12920,95229,0.040398903
12921,79631,0.008979334
12922,111745,0.05452379
12923,114025,0.00012901769
12924,57220,0.009159205
12925,73066,0.018107578
12926,54468,9.193888e-10
12927,31348,0.06553968
12928,13694,0.054374717
12929,87373,1.2864533e-05
12930,112329,0.00066182925
12931,86302,0.009170086
12932,75133,0.01954178
12933,26814,0.00793698
12934,21869,1.2654418e-07
12935,4982,5.6857656e-09
12936,63753,0.0026451752
12937,62944,0.045375586
12938,25663,1.1598475e-08
12939,59582,0.032136623
12940,67526,0.02154969
12941,19751,8.249671e-13
12942,89892,0.0007400047
12943,11416,3.9649214e-07
12944,30620,1.3552305e-09
12945,80892,0.0009716983
12946,12841,2.5968252e-09
12947,54146,7.973274e-08
12948,112053,0.0077906027
12949,82102,0.0018244497
12950,87764,1.8478624e-10
12951,15745,9.757639e-05
12952,24902,0.009169346
12953,87137,0.0077906027
12954,61190,0.117945015
12955,37629,1.0020513e-05
12956,4644,8.3489874e-07
12957,11327,0.013275843
12958,50294,2.1818467e-09
12959,24893,0.060822796
12960,10783,0.009892127
12961,64411,5.395044e-10
12962,48769,0.0018184865
12963,69417,1.9561894e-05
12964,97808,2.344241e-14
12965,114966,1.2749103e-08
12966,100053,0.010163938
12967,19165,5.94456e-11
12968,22518,4.1663802e-07
12969,60346,0.03764239
12970,40775,0.03299742
12971,107157,0.0047364547
12972,98443,0.0010097303
12973,67805,0.017366955
12974,67428,0.005223745
12975,59215,7.515964e-05
12976,24932,0.027271394
12977,99968,0.019611884
12978,14863,0.0038332813
12979,89291,0.032136623
12980,24020,9.965719e-10
12981,9743,0.0037447906
12982,95346,0.001260472
12983,10571,1.5645089e-09
12984,57425,2.2648246e-11
12985,32172,1.7288425e-09
12986,38238,4.130757e-07
12987,77973,0.00031652802
12988,13866,0.002814115
12989,103742,0.027844498
12990,114306,4.5393455e-07
12991,26520,2.5800947e-08
12992,60831,0.08908968
12993,2215,0.0036075034
12994,14258,6.61988e-12
12995,88748,9.8406e-06
12996,34316,0.018107578
12997,100824,0.0100853825
12998,2950,0.023169983
12999,35682,0.001267699
13000,35576,1.3356072e-09
13001,114589,0.00462412
13002,90023,0.0007400047
13003,18009,1.4969605e-11
13004,105580,0.0017593807
13005,114349,2.3528262e-08
13006,56276,8.3530846e-05
13007,100784,3.5480043e-09
13008,1496,1.4141064e-06
13009,97367,4.257264e-09
13010,102052,0.042584438
13011,12125,0.009161325
13012,9798,5.117303e-11
13013,48449,0.001267699
13014,56777,0.054945264
13015,72890,2.8764055e-07
13016,6703,8.566156e-05
13017,47104,1.4053837e-06
13018,73023,0.025070598
13019,49801,1.977663e-10
13020,76964,0.002110482
13021,110168,0.010320635
13022,11388,1.3504027e-05
13023,80964,8.225831e-14
13024,65439,4.5594235e-05
13025,48231,0.0021738664
13026,81053,1.9561894e-05
13027,110878,1.009055e-11
13028,79063,1.1957216e-05
13029,67600,2.5909525e-05
13030,25169,0.018125536
13031,3638,0.04516103
13032,46194,1.7290814e-07
13033,37004,1.9485129e-05
13034,19253,6.9301545e-06
13035,71797,0.009609334
13036,43495,0.009558456
13037,61482,0.07983019
13038,22601,0.007568096
13039,51683,0.010311361
13040,49232,7.406366e-12
13041,89893,0.03216795
13042,32056,0.064573884
13043,42468,5.26067e-05
13044,66437,0.006229033
13045,78760,0.009609334
13046,41523,5.2276126e-09
13047,100492,0.0013643255
13048,83480,0.0020211549
13049,105510,0.059533693
13050,50345,3.1253997e-12
13051,28738,0.08333831
13052,75769,0.0040224534
13053,22056,0.009169346
13054,102427,0.040115204
13055,85670,0.019231588
13056,80094,2.0804668e-10
13057,60349,0.054945264
13058,96119,1.763663e-10
13059,9399,4.7042554e-06
13060,86907,0.054945264
13061,86989,1.3360238e-06
13062,14105,0.00058338913
13063,9560,3.181778e-07
13064,64672,6.417909e-08
13065,11006,0.00040004074
13066,53215,5.5064015e-07
13067,73170,3.6011405e-10
13068,83868,0.0042148116
13069,55476,0.26613113
13070,25377,5.9987788e-06
13071,30654,1.3027238e-12
13072,98988,0.07011593
13073,17490,0.032914914
13074,91338,0.010167009
13075,76564,0.054374717
13076,66365,5.5250114e-12
13077,29991,0.018370343
13078,19273,3.2530859e-06
13079,74691,0.00020439777
13080,60463,0.040115204
13081,49139,0.0023467834
13082,44530,0.002814115
13083,69567,0.031303167
13084,58724,0.027070584
13085,59472,0.048092566
13086,108807,9.683837e-15
13087,17847,5.624626e-10
13088,10290,1.3504027e-05
13089,44165,2.189176e-08
13090,21460,0.0035017424
13091,115894,1.0612171e-10
13092,18357,0.0009842654
13093,20395,0.08742233
13094,11978,0.00015052348
13095,108556,7.8143386e-10
13096,67977,0.15853351
13097,86534,5.340665e-15
13098,29908,0.009558456
13099,170,0.0006528871
13100,17770,3.437663e-09
13101,61426,1.5332956e-08
13102,18754,0.060112506
13103,88251,1.3394737e-14
13104,57634,0.00021198274
13105,105106,0.00013489742
13106,83773,2.6426075e-10
13107,88869,0.0006647029
13108,5082,0.0071632224
13109,57319,0.00030126362
13110,9581,0.03252788
13111,56633,0.00012860697
13112,3169,3.7202012e-06
13113,75655,7.515964e-05
13114,82513,0.009558456
13115,52767,0.056445215
13116,23656,0.009601473
13117,27056,0.00083229045
13118,54806,0.00037149573
13119,16252,0.09191287
13120,100936,0.009170086
13121,37087,1.0020513e-05
13122,3094,0.0071619675
13123,107332,3.6364474e-09
13124,49016,0.0023467834
13125,4647,0.02310127
13126,71455,5.0975414e-05
13127,79876,0.05452379
13128,17051,0.0095750205
13129,107618,0.0011136024
13130,83107,0.018107578
13131,107156,0.0007412293
13132,76261,2.4692162e-10
13133,58844,0.00037149573
13134,87949,0.0021978803
13135,55743,9.968833e-06
13136,19124,6.475529e-08
13137,112425,0.07011593
13138,38070,1.8199265e-05
13139,62482,0.0006647029
13140,9331,0.01046717
13141,46496,1.9335086e-11
13142,69177,0.031558465
13143,64722,3.3229156e-10
13144,21009,1.9750176e-13
13145,100856,0.00045027566
13146,65396,3.204741e-06
13147,59932,0.018107578
13148,71826,5.2569415e-08
13149,53281,3.418502e-11
13150,57803,1.3524807e-12
13151,112553,1.6224943e-08
13152,38048,0.012313596
13153,73766,2.2979727e-08
13154,106337,0.0014888049
13155,24314,0.010311361
13156,95990,0.0007400047
13157,80225,0.0038918324
13158,26361,0.0040224534
13159,53955,0.016400533
13160,96324,9.677297e-06
13161,46616,0.009601473
13162,2175,0.027070584
13163,16337,2.8639865e-17
13164,82480,1.3477231e-14
13165,84775,2.4927258e-13
13166,72723,4.1505722e-05
13167,11312,8.6124826e-05
13168,85544,0.00010681258
13169,30565,0.000271782
13170,89372,0.0006647029
13171,94779,0.00026520147
13172,40997,0.009601473
13173,112040,2.6669422e-05
13174,107323,4.507777e-11
13175,86308,3.3483225e-12
13176,40066,2.4221023e-05
13177,40083,0.001267699
13178,64909,0.065562226
13179,29903,0.0002494139
13180,71790,0.05926452
13181,85277,0.04562465
13182,53780,0.009558456
13183,22109,0.009169346
13184,81722,9.808837e-06
13185,66305,1.8458957e-05
13186,72309,0.009609334
13187,43720,0.018125536
13188,49384,1.4652218e-05
13189,95137,0.0015794
13190,16811,0.0042001335
13191,71093,0.0005767077
13192,23234,0.00017287674
13193,26364,0.018125536
13194,10300,0.038313698
13195,87374,0.0077906027
13196,86897,2.9322849e-09
13197,89497,0.10692782
13198,39570,0.0014259123
13199,77010,0.0014530615
13200,41395,0.009601473
13201,108459,9.652131e-09
13202,114789,1.4538329e-10
13203,18054,1.2653291e-08
13204,33889,0.018143823
13205,91924,0.05926452
13206,59669,0.054945264
13207,50182,0.008979334
13208,52376,0.009558456
13209,99156,5.743022e-07
13210,71287,0.048092566
13211,15824,0.00916275
13212,50587,0.010311361
13213,17316,0.00916275
13214,16753,5.159999e-14
13215,29865,1.79636e-05
13216,5161,0.0037447906
13217,2603,1.340295e-07
13218,107526,2.3737207e-10
13219,58807,1.9577496e-05
13220,28360,0.009159205
13221,77494,9.8406e-06
13222,69812,0.001267699
13223,46021,0.0010351583
13224,84395,0.00048040142
13225,13125,0.007772865
13226,73935,0.0069063785
13227,31651,0.03749665
13228,55179,0.018107578
13229,10997,1.3504027e-05
13230,94906,0.009558456
13231,79229,7.2474484e-07
13232,78871,0.023273004
13233,5402,2.3783449e-09
13234,82887,0.004020566
13235,90278,0.027844498
13236,87110,2.9322849e-09
13237,12585,1.7910652e-09
13238,40903,0.0025845168
13239,13010,1.0990171e-06
13240,56504,0.0008362043
13241,35494,0.00017287674
13242,30560,1.7112481e-09
13243,55613,0.018107578
13244,49482,1.180804e-10
13245,52352,0.006883253
13246,63411,2.8187317e-08
13247,87724,0.0070770015
13248,90397,0.005882326
13249,39857,6.225825e-06
13250,20243,0.0095750205
13251,31435,0.042199023
13252,86095,2.633717e-07
13253,33782,0.012547361
13254,88846,0.026707362
13255,23886,0.024162585
13256,72728,0.05926452
13257,110479,6.880153e-07
13258,90849,0.08043513
13259,26875,0.005237537
13260,113679,0.067479685
13261,61561,1.1421455e-10
13262,46583,0.009601473
13263,17506,1.2425339e-07
13264,24989,0.009601473
13265,76711,0.009609334
13266,4017,0.0005918708
13267,21876,3.8109036e-14
13268,31244,4.6006753e-06
13269,45054,0.05303671
13270,91328,0.07011593
13271,99947,0.009611095
13272,94801,5.999658e-11
13273,100296,0.0003660205
13274,51754,0.08560445
13275,92805,1.0958615e-06
13276,66893,0.009170086
13277,11753,1.709594e-06
13278,6248,0.022236574
13279,49116,0.018107578
13280,45258,5.955452e-12
13281,86894,6.2445374e-15
13282,50891,7.114475e-15
13283,73246,0.013027288
13284,53466,0.0007400047
13285,42056,4.7502455e-24
13286,43617,0.0019578536
13287,67212,0.04974522
13288,12033,0.009567516
13289,4800,0.022231134
13290,26830,0.009558456
13291,110204,0.059607558
13292,114402,0.00015787175
13293,13864,0.105551556
13294,72509,0.00010245899
13295,67018,2.0432388e-12
13296,16167,0.0095750205
13297,78392,0.00024887492
13298,77130,0.0037467477
13299,98142,0.05452379
13300,79024,0.043131772
13301,77864,8.614692e-11
13302,35703,0.00052988593
13303,108050,0.04805257
13304,78034,4.260115e-09
13305,92895,7.098675e-10
13306,50470,3.252252e-12
13307,2213,1.0290534e-05
13308,90939,2.221579e-14
13309,112097,0.00013489742
13310,64410,0.0014888049
13311,50204,0.009558456
13312,109669,2.2275926e-05
13313,10662,0.04516103
13314,79661,1.1606411e-13
13315,41319,0.009601473
13316,2931,0.032525297
13317,26620,0.0042110747
13318,93367,2.9102274e-12
13319,58129,0.006010258
13320,70591,0.0005455363
13321,91765,1.3742609e-09
13322,75612,9.808837e-06
13323,36284,1.2140604e-10
13324,15752,0.054723043
13325,57228,0.03294483
13326,51415,0.019502632
13327,103794,0.007900154
13328,64010,9.8406e-06
13329,113163,0.010320635
13330,104000,6.3775034e-09
13331,76448,0.028931597
13332,78575,2.467972e-06
13333,37575,0.009558456
13334,20626,2.1818467e-09
13335,46773,2.4221023e-05
13336,74247,1.9793273e-05
13337,107145,3.539129e-07
13338,42750,0.019502632
13339,68655,0.0007400047
13340,20170,0.018107578
13341,52855,0.005666774
13342,109380,2.8654076e-13
13343,12016,0.009161325
13344,93679,0.00015787175
13345,93461,0.027316395
13346,36038,0.06482158
13347,65184,2.169619e-11
13348,43606,0.00017287674
13349,56182,0.0016254165
13350,66264,2.3563298e-15
13351,110533,3.4181284e-08
13352,90804,0.008979334
13353,51604,6.9301545e-06
13354,1432,7.855666e-12
13355,38478,7.2476455e-11
13356,722,0.0036080985
13357,41455,0.010311361
13358,20627,0.00017287674
13359,55507,0.009558456
13360,20946,0.000509919
13361,83956,0.019502632
13362,114403,0.000875112
13363,6946,2.5979809e-08
13364,104001,2.2275926e-05
13365,100590,0.009170086
13366,77783,0.0028958032
13367,30320,0.018143823
13368,70716,0.04562465
13369,24010,2.586845e-12
13370,50291,0.009558456
13371,49678,0.009558456
13372,21978,4.5108518e-05
13373,41822,0.0027467886
13374,25188,0.009601473
13375,97932,1.00461556e-10
13376,13168,0.0010379846
13377,53009,0.20970362
13378,57173,3.552648e-10
13379,61691,0.06433432
13380,102923,4.9542217e-05
13381,548,0.0015616057
13382,28071,3.2917988e-09
13383,43309,2.1818467e-09
13384,69799,0.009609334
13385,66703,1.1929495e-07
13386,114490,4.8789105e-05
13387,15504,2.6417531e-12
13388,72372,0.0014259123
13389,13706,0.001406499
13390,31710,3.291875e-12
13391,115235,0.00013489742
13392,100998,3.5289178e-09
13393,104336,1.9561894e-05
13394,73621,0.00076586317
13395,29131,0.009558456
13396,99302,0.00041128387
13397,67424,0.008048374
13398,20330,0.00916275
13399,88833,0.00011641471
13400,99259,2.9322849e-09
13401,90122,0.0006870794
13402,7457,0.010467954
13403,54788,1.566166e-09
13404,2189,0.028460784
13405,28102,0.0042110747
13406,13533,1.8588348e-14
13407,106434,0.045780502
13408,66705,1.1846237e-09
13409,68375,0.010311361
13410,102711,0.005223745
13411,80896,0.054374717
13412,77920,0.00012961117
13413,85200,5.999658e-11
13414,67968,0.0021738664
13415,73590,0.009609334
13416,99850,1.611895e-09
13417,109658,6.352631e-08
13418,16622,0.0077906027
13419,208,0.00909721
13420,76905,0.03684373
13421,14601,0.018370343
13422,60841,0.03764239
13423,17621,7.14924e-05
13424,77491,0.0010103625
13425,113186,0.009159205
13426,33650,0.054374717
13427,68483,0.0028958032
13428,35420,0.1042831
13429,108218,0.07462092
13430,12417,0.0051822932
13431,102212,5.826706e-10
13432,31937,0.010152991
13433,73725,0.009609334
13434,87530,0.008979334
13435,9619,3.683928e-08
13436,24469,2.9928972e-07
13437,30888,0.009558456
13438,36188,0.004193047
13439,92679,0.0007364229
13440,99567,5.0822496e-10
13441,57016,0.42966476
13442,65837,1.8957722e-10
13443,92782,0.060112506
13444,79821,0.00031807352
13445,75233,1.4819035e-08
13446,50517,0.011837281
13447,87196,2.1267921e-07
13448,96317,0.010311361
13449,63879,8.853263e-15
13450,26394,0.010311361
13451,16864,1.7251556e-14
13452,90196,0.00012767575
13453,47116,1.3924084e-06
13454,81136,9.574378e-11
13455,75901,3.1047886e-08
13456,1519,9.73071e-09
13457,66359,0.00016455329
13458,35369,0.0009799172
13459,103659,2.1334087e-07
13460,11900,0.09191287
13461,82460,0.002328324
13462,90371,0.018134167
13463,30928,5.71501e-10
13464,18315,5.4136295e-10
13465,58771,0.02154969
13466,102571,0.02426992
13467,36066,1.4033975e-06
13468,46903,0.009169346
13469,94984,0.0007400047
13470,22742,3.595677e-14
13471,113302,0.00010681258
13472,74899,0.01954178
13473,78129,0.0052317716
13474,2774,0.0036075034
13475,59273,0.005194104
13476,70502,0.031303167
13477,4918,1.9463457e-07
13478,109270,1.3742609e-09
13479,12756,1.6682112e-05
13480,97707,7.9260654e-10
13481,59302,0.005194104
13482,14058,3.0867454e-11
13483,35117,0.006883253
13484,64681,5.648105e-10
13485,20789,4.4311782e-05
13486,110017,1.9561894e-05
13487,107343,9.90623e-10
13488,14663,0.0040224534
13489,78031,0.0025845168
13490,35660,0.009558456
13491,72794,0.002814115
13492,49752,0.00013526439
13493,61192,1.3742609e-09
13494,91442,5.1833253e-05
13495,6016,1.2434645e-05
13496,96466,0.010311361
13497,15429,2.43128e-08
13498,115283,3.491697e-05
13499,98,3.8675666e-06
13500,74589,2.2757132e-09
13501,111579,0.007900154
13502,88454,0.040398903
13503,97849,0.0042148116
13504,109703,1.617424e-08
13505,30235,0.00018433669
13506,54105,0.025216931
13507,48929,0.010311361
13508,42154,0.009601473
13509,9351,4.0962853e-10
13510,92532,0.0042148116
13511,49331,0.003156181
13512,51458,0.0023628047
13513,107160,0.0036064067
13514,113966,0.040115204
13515,112564,0.063593924
13516,75291,0.031558465
13517,104408,0.009611095
13518,95429,0.0009905635
13519,75832,0.001488875
13520,554,2.386625e-12
13521,97355,7.286733e-05
13522,96825,1.6666531e-17
13523,54884,3.183076e-08
13524,88868,0.0006647029
13525,40791,1.4889419e-07
13526,72445,0.0006647029
13527,86557,3.197955e-08
13528,42580,0.018125536
13529,37864,1.0020513e-05
13530,47161,4.2753683e-07
13531,33257,0.018143823
13532,44558,0.009601473
13533,4375,0.00909721
13534,85942,0.054945264
13535,69488,0.00031027012
13536,26309,5.4038185e-10
13537,34195,0.009159205
13538,20650,0.0022512635
13539,4725,0.06455465
13540,12243,3.428466e-07
13541,81670,0.07897343
13542,52692,9.968833e-06
13543,74528,0.00024887492
13544,25234,0.0029818236
13545,86233,0.03294483
13546,73008,0.032136623
13547,66186,0.00234144
13548,91838,0.010311361
13549,45654,0.03340127
13550,106594,0.0046459585
13551,79174,0.025962759
13552,82726,0.0015616057
13553,77732,0.009558456
13554,97237,2.9102274e-12
13555,301,0.009085741
13556,109496,0.059607558
13557,39346,0.027917715
13558,67074,0.00091345626
13559,43721,5.565799e-11
13560,68143,3.8714688e-11
13561,29734,2.1369996e-12
13562,89847,9.44926e-13
13563,41899,0.00063802075
13564,43195,5.8055982e-09
13565,76726,1.6779999e-12
13566,35451,8.683058e-06
13567,108134,0.5349268
13568,85647,0.001359894
13569,91138,0.00013652534
13570,36856,5.624626e-10
13571,38971,1.7819819e-08
13572,85526,0.0077906027
13573,109256,0.010167009
13574,46353,6.3476575e-14
13575,91104,0.06334803
13576,21279,0.010311361
13577,9822,4.7599706e-06
13578,77020,0.0006647029
13579,2995,0.009085741
13580,84396,0.054945264
13581,40417,6.0260876e-09
13582,14017,0.00063210167
13583,46590,7.7637414e-13
13584,62751,0.027915554
13585,100230,0.0077906027
13586,76626,0.02039527
13587,40965,0.00019091854
13588,45775,0.06445305
13589,27159,2.329322e-05
13590,57357,0.05926452
13591,91115,0.059353366
13592,85790,0.0040224534
13593,98518,0.13127667
13594,114681,2.161279e-05
13595,52789,0.00034344534
13596,43969,0.009601473
13597,105886,6.3775034e-09
13598,43568,0.13185145
13599,76618,1.0803359e-12
13600,57595,0.008369416
13601,9894,3.6178496e-10
13602,100639,0.019548833
13603,19205,3.4175274e-09
13604,12202,0.018756256
13605,110973,0.0037722404
13606,40633,5.5044114e-10
13607,106914,0.009611095
13608,82875,0.0042148116
13609,43972,0.009601473
13610,32091,7.085354e-05
13611,34722,0.018107578
13612,108236,9.677297e-06
13613,75416,0.0019936743
13614,56833,0.004193047
13615,7703,6.313699e-08
13616,20873,0.082339875
13617,113550,1.1428253e-06
13618,70858,0.0006647029
13619,106920,0.0009923768
13620,62972,0.0038918324
13621,59783,2.7137878e-06
13622,206,3.5191306e-07
13623,57840,0.00076586317
13624,76616,0.0009905635
13625,25715,0.0035873658
13626,96877,8.279227e-09
13627,48378,0.048524722
13628,81310,1.9498535e-07
13629,44579,0.02289927
13630,7794,0.011865851
13631,5348,0.001696929
13632,29463,2.357255e-05
13633,26689,0.055937298
13634,15798,0.010311361
13635,66746,3.5559935e-08
13636,60569,0.35901788
13637,83321,9.917045e-10
13638,114316,3.319751e-12
13639,104153,7.895232e-08
13640,109854,2.9513627e-09
13641,26358,3.6031946e-05
13642,113787,0.050240614
13643,54209,0.009558456
13644,99126,3.539129e-07
13645,112753,7.940367e-13
13646,65767,5.26067e-05
13647,10199,0.027278982
13648,58840,4.6006194e-09
13649,47442,4.7880905e-05
13650,91675,0.048092566
13651,3239,1.5464012e-06
13652,65240,5.563329e-10
13653,74147,0.0040748757
13654,51969,9.968833e-06
13655,107353,2.3396762e-10
13656,76013,0.054374717
13657,4663,2.658143e-07
13658,26208,0.11235414
13659,86469,0.009609334
13660,62421,8.435459e-08
13661,3294,0.023169983
13662,48161,1.0783807e-07
13663,112352,0.006883253
13664,44050,0.02718392
13665,95390,0.0003224233
13666,7863,1.7864829e-06
13667,66648,4.2209525e-09
13668,34907,0.00012588837
13669,1586,0.0017409282
13670,84559,0.05926452
13671,106970,0.0011136024
13672,54904,0.009558456
13673,1281,0.006932496
13674,51372,0.018107578
13675,93298,0.009170086
13676,94031,7.180122e-05
13677,52782,0.0098254895
13678,72291,0.019305756
13679,27421,0.018125536
13680,110070,0.00046791197
13681,69385,1.9561894e-05
13682,110661,0.0012578603
13683,100076,3.555951e-09
13684,34689,0.009558456
13685,6753,0.0021570628
13686,58272,0.06433432
13687,14428,0.0012284027
13688,84874,3.9420287e-05
13689,51004,7.565219e-06
13690,776,0.001424623
13691,1102,0.00016439836
13692,98477,0.009611095
13693,36681,0.027070584
13694,100588,0.014148244
13695,8135,1.4595084e-06
13696,58814,0.0066693486
13697,101455,1.3635589e-06
13698,75023,0.01954178
13699,48647,0.054945264
13700,108422,0.0033585567
13701,53451,7.679435e-07
13702,35690,1.43083115e-11
13703,66000,5.257541e-09
13704,109349,5.5861182e-09
13705,107569,3.2362006e-08
13706,23286,0.0042110747
13707,101963,0.004607776
13708,115470,3.169081e-09
13709,79817,6.5988644e-07
13710,29909,0.018143823
13711,94915,2.0075746e-05
13712,67716,0.009170086
13713,32596,0.009159205
13714,85344,0.0039171446
13715,10506,0.0011240734
13716,66148,0.0047364547
13717,29766,1.766363e-10
13718,31101,1.0237271e-09
13719,6026,0.037244234
13720,68720,0.004607776
13721,11316,0.00909721
13722,20091,2.3021212e-13
13723,98213,3.1811263e-09
13724,105337,0.0007412293
13725,21249,0.0022512635
13726,92783,0.037458137
13727,106004,1.7812451e-11
13728,7466,0.0021600947
13729,17374,0.0036282835
13730,57716,0.00012860697
13731,75679,0.054374717
13732,77074,0.0010147005
13733,26647,1.0171559e-05
13734,73963,0.0040224534
13735,89431,9.8406e-06
13736,71707,3.0732017e-09
13737,34883,9.042365e-09
13738,42746,0.0009615326
13739,48415,0.0009905635
13740,73591,0.009609334
13741,55547,0.15853351
13742,5739,0.027112849
13743,63275,1.9321877e-12
13744,10624,0.0036080985
13745,87982,0.004225289
13746,102560,1.5637153e-06
13747,98101,6.460219e-05
13748,1105,0.0036080985
13749,19194,1.9075685e-05
13750,24074,6.964731e-11
13751,110905,0.010316847
13752,110724,0.11082153
13753,30685,0.018143823
13754,50984,0.018107578
13755,38822,9.0193505e-13
13756,112136,0.0011293961
13757,97785,0.040398903
13758,46027,1.977663e-10
13759,86877,5.056773e-13
13760,92279,0.0006647029
13761,19944,0.1300637
13762,112385,0.059533693
13763,56086,0.04974522
13764,6684,0.010467954
13765,72338,1.07289934e-10
13766,79537,0.0021978803
13767,106580,2.060182e-05
13768,113060,0.009159205
13769,69876,1.2211402e-08
13770,91127,0.059353366
13771,104493,0.055277847
13772,3481,2.4688666e-06
13773,29207,0.22521274
13774,96082,5.0226986e-06
13775,21685,0.018525936
13776,28386,3.5289964e-14
13777,70314,0.0077906027
13778,103396,0.059533693
13779,59833,3.3229156e-10
13780,83387,2.6821103e-09
13781,67404,0.11945869
13782,58026,0.009558456
13783,94436,9.8406e-06
13784,103279,0.029035993
13785,114155,0.012908225
13786,36979,0.018107578
13787,86866,3.05038e-05
13788,27195,0.00017287674
13789,82630,0.027994813
13790,32157,6.180183e-08
13791,23565,5.057704e-11
13792,76026,0.00063210167
13793,69671,0.0026846458
13794,97654,0.059353366
13795,31465,0.009159205
13796,77876,0.0040627164
13797,95882,2.0432388e-12
13798,34801,5.440812e-10
13799,27249,0.005133042
13800,53611,0.0023467834
13801,10269,0.004334744
13802,86773,2.9322849e-09
13803,18684,0.00032234399
13804,50202,4.010956e-13
13805,105034,0.0077906027
13806,99884,0.0007400047
13807,20491,2.1093261e-05
13808,72071,0.0009799172
13809,56547,6.037226e-07
13810,52570,0.0077906027
13811,84111,0.031558465
13812,23951,0.018143823
13813,105196,0.033010963
13814,24220,0.00043281872
13815,103470,0.009611095
13816,44322,0.00014321289
13817,29017,0.009558456
13818,4345,2.9570352e-10
13819,682,6.3749853e-06
13820,55295,1.3290206e-06
13821,28994,0.027070584
13822,11434,2.6332063e-05
13823,29239,0.009159205
13824,9404,7.3480187e-06
13825,73179,1.9561894e-05
13826,44872,0.010152991
13827,102478,3.0255283e-05
13828,73720,0.004193053
13829,14921,0.013613099
13830,113237,0.0073838653
13831,9666,0.11006626
13832,96159,0.020956296
13833,95954,0.00084463385
13834,55362,0.004193047
13835,21130,2.0668343e-09
13836,32607,0.0042110747
13837,88100,0.027618969
13838,83544,0.0023459184
13839,64718,2.3364244e-06
13840,17860,0.0015624632
13841,112104,6.862911e-16
13842,66577,0.0058086915
13843,14800,0.026707362
13844,73505,0.00017231752
13845,72824,0.009609334
13846,24867,2.4144738e-06
13847,12446,1.3915527e-10
13848,105702,0.032177687
13849,11430,2.9487075e-05
13850,93719,0.00020802865
13851,53945,1.506298e-18
13852,51626,0.009159205
13853,83428,2.9821237e-08
13854,41633,0.00020545091
13855,100095,3.0370598e-05
13856,84892,4.7239055e-07
13857,70982,4.393471e-07
13858,31069,0.0040224534
13859,84227,0.00024887492
13860,97334,1.9239181e-11
13861,15251,1.8859627e-06
13862,38391,4.5266967e-07
13863,107589,0.00012840294
13864,61443,0.0095750205
13865,55695,0.009558456
13866,101451,0.0007402484
13867,92785,0.0007400047
13868,96559,3.9774603e-12
13869,5422,0.036363445
13870,80516,0.00061016355
13871,18913,8.751018e-08
13872,66431,4.2209525e-09
13873,76311,3.4883288e-10
13874,95367,0.027070584
13875,38388,0.010311361
13876,31449,0.0077906027
13877,3951,0.00031877356
13878,3039,0.0029186222
13879,53868,0.010311361
13880,112491,2.8187317e-08
13881,7389,0.0010663774
13882,29802,0.064573884
13883,21253,0.0042001335
13884,69966,1.07289934e-10
13885,104267,0.02335275
13886,40073,1.8506375e-11
13887,45239,5.9573795e-05
13888,100913,0.007900154
13889,8600,0.04516103
13890,32519,0.018143823
13891,49266,0.028905047
13892,29921,0.018143823
13893,50102,3.3156407e-14
13894,68844,0.027308173
13895,63971,3.0590255e-13
13896,111940,1.5478495e-08
13897,240,8.433689e-08
13898,51503,2.069411e-05
13899,86535,9.858073e-10
13900,90774,1.6861403e-11
13901,1879,0.0010076655
13902,102296,0.040115204
13903,3787,0.2690666
13904,77600,0.0007400047
13905,34036,0.00045577035
13906,110675,6.684435e-07
13907,64862,9.805537e-12
13908,29595,0.20721559
13909,59837,9.193888e-10
13910,38921,0.0042110747
13911,49869,0.004193047
13912,31237,0.018143823
13913,21742,3.5562746e-14
13914,98386,0.026616558
13915,103339,0.0060816454
13916,102189,0.0007400047
13917,28359,3.6143294e-06
13918,85873,5.7532625e-06
13919,94286,3.8483846e-13
13920,57713,3.252252e-12
13921,13303,8.033948e-10
13922,99729,0.0019673521
13923,69464,0.0033140113
13924,21971,8.5225025e-07
13925,81820,0.2662047
13926,16411,8.739742e-12
13927,64727,1.4017226e-11
13928,91893,0.0029813147
13929,67000,9.8406e-06
13930,53356,0.009159205
13931,44210,0.00017287674
13932,108325,0.0069063785
13933,80336,0.0037722404
13934,35382,0.009159205
13935,107652,0.009611095
13936,17965,2.6349636e-09
13937,88549,2.4048918e-10
13938,71430,2.1588525e-05
13939,36289,3.617635e-14
13940,48725,0.34201133
13941,24279,0.0014833396
13942,41,2.4125782e-10
13943,94280,0.0004269469
13944,58149,1.9561894e-05
13945,35925,7.946071e-15
13946,103883,2.2194333e-09
13947,81427,0.00048040142
13948,45566,0.0017448065
13949,12409,1.6991652e-06
13950,6062,6.4363303e-06
13951,73057,3.560494e-05
13952,87729,0.0069063785
13953,37632,0.002814115
13954,97971,1.0535608e-07
13955,66175,1.5204306e-14
13956,113424,7.3521017e-10
13957,58183,0.004193047
13958,68638,1.7027379e-16
13959,64195,3.3229156e-10
13960,15595,8.739742e-12
13961,112478,1.7448927e-05
13962,91054,0.002393223
13963,94896,4.98299e-10
13964,65454,3.3483225e-12
13965,68602,0.009609334
13966,82478,0.048092566
13967,56213,0.0048444965
13968,20676,0.054374717
13969,68270,0.010225677
13970,81140,3.5289178e-09
13971,5880,0.0018840645
13972,1510,0.006932496
13973,104337,0.05303671
13974,74023,6.8865923e-16
13975,89731,0.024252389
13976,68737,0.009609334
13977,91674,1.5068624e-09
13978,71770,0.009609334
13979,102540,1.0835448e-12
13980,29053,0.003943983
13981,82142,0.004607776
13982,30180,0.04275573
13983,93135,0.010311361
13984,72393,0.05926452
13985,76589,0.0004526072
13986,31659,1.0237271e-09
13987,67997,0.0021738664
13988,101798,8.8989146e-13
13989,56255,0.018107578
13990,103488,1.0781006e-08
13991,99653,0.002843829
13992,77959,0.0040224534
13993,89511,0.0009975367
13994,30321,1.0020513e-05
13995,2670,0.004932903
13996,108998,6.3256134e-10
13997,40679,1.374225e-08
13998,69135,0.0006647029
13999,64854,0.0012669662
14000,108336,0.002990178
14001,48566,0.0058086915
14002,79354,4.0879917e-16
14003,60054,0.0006647029
14004,85777,0.022996144
14005,114166,0.007061
14006,84720,0.0069835717
14007,45402,0.0069047827
14008,26513,0.0287143
14009,61301,0.054374717
14010,21600,7.6178003e-10
14011,54628,0.018107578
14012,90090,5.6836486e-10
14013,8795,2.3900649e-08
14014,79296,2.5840691e-08
14015,97618,0.0007400047
14016,109567,1.09934416e-10
14017,64581,1.4234564e-12
14018,6605,0.05619683
14019,42834,3.252252e-12
14020,31786,0.0077906027
14021,35193,5.0405826e-14
14022,98426,0.018134167
14023,114778,0.0015503613
14024,7753,0.010467954
14025,114583,2.3750145e-07
14026,33520,0.06482158
14027,36449,0.004420008
14028,110728,0.019548833
14029,98620,0.040398903
14030,76535,1.1846237e-09
14031,60796,6.769913e-05
14032,53894,0.0006647029
14033,97224,0.009170086
14034,24054,2.1818467e-09
14035,44740,2.428827e-09
14036,110518,0.0006647029
14037,20343,1.5986998e-11
14038,9394,0.0032853102
14039,59559,4.082801e-09
14040,98602,0.076556616
14041,77903,3.3483225e-12
14042,38102,0.00038436943
14043,77359,3.3229156e-10
14044,103421,0.0001323358
14045,69486,1.9561894e-05
14046,37511,1.692632e-05
14047,19780,0.018386679
14048,103440,6.3775034e-09
14049,46976,0.00487458
14050,110609,0.027994813
14051,2829,0.009085741
14052,36050,1.4817932e-08
14053,84147,1.1156833e-05
14054,84262,0.00013337866
14055,15414,1.5837448e-07
14056,55340,0.009558456
14057,20360,0.00037149573
14058,66341,4.5838567e-12
14059,87992,0.0009975367
14060,61772,4.6737222e-07
14061,65861,8.8236693e-13
14062,85597,2.54733e-05
14063,61652,7.733105e-05
14064,50346,9.968833e-06
14065,42424,0.001294905
14066,94019,0.055277847
14067,98781,0.00066488946
14068,60917,2.2194333e-09
14069,33344,0.0014918424
14070,41310,0.09629015
14071,28004,0.009159205
14072,92352,0.050105408
14073,48317,1.5068293e-06
14074,34915,2.9554272e-05
14075,108360,0.009170086
14076,74898,2.9554272e-05
14077,45399,0.009169346
14078,44816,0.018125536
14079,87542,0.0040165526
14080,38789,0.0287143
14081,115206,0.00082180346
14082,45039,2.7650347e-12
14083,51857,0.3058047
14084,79705,0.00016590806
14085,42632,0.00020545091
14086,57297,8.190898e-15
14087,12207,0.08239772
14088,101725,3.065879e-06
14089,101591,3.9460256e-06
14090,1751,2.412105e-07
14091,97863,1.0125191e-08
14092,39460,0.0003531198
14093,73094,0.031303167
14094,23189,0.0042110747
14095,2302,0.009085741
14096,21083,5.2431304e-09
14097,49072,0.006883253
14098,80718,0.3744783
14099,85433,5.563329e-10
14100,49698,7.7529745e-05
14101,101718,1.2678536e-08
14102,85149,8.077708e-10
14103,114748,0.004009899
14104,12862,1.5196594e-10
14105,23090,6.033465e-11
14106,35838,0.010311361
14107,46277,2.1553201e-10
14108,33391,3.2262255e-05
14109,6505,2.4386816e-07
14110,114436,0.055277847
14111,91155,0.0040165526
14112,103618,0.002814115
14113,72399,3.1613112e-09
14114,67769,0.0069063785
14115,32386,1.3006998e-07
14116,94263,0.003696713
14117,5034,2.4386816e-07
14118,28217,0.009558456
14119,54267,0.0006647029
14120,70962,0.010311361
14121,84055,0.0007400047
14122,34511,0.006883253
14123,25678,0.06445305
14124,40189,2.4594053e-07
14125,27458,0.009159205
14126,62189,0.09383845
14127,55078,4.647515e-05
14128,90659,0.0007400047
14129,41143,0.0042110747
14130,106785,1.32070985e-08
14131,14055,1.12047225e-08
14132,62488,0.0042110747
14133,65926,0.0014888049
14134,85653,0.009609334
14135,68085,0.046888195
14136,102555,2.2021017e-10
14137,111481,2.5555623e-08
14138,112229,0.059533693
14139,92760,0.0007400047
14140,13251,8.739742e-12
14141,10918,0.010311361
14142,84337,0.010311361
14143,95471,2.6325373e-09
14144,44844,4.041892e-08
14145,3030,0.008955581
14146,17170,0.006890789
14147,47610,0.0022376422
14148,110564,6.304748e-11
14149,58515,3.252252e-12
14150,5514,0.00983683
14151,19724,0.010952245
14152,11150,0.0007031608
14153,64212,7.3188894e-06
14154,82099,0.0006647029
14155,101998,4.9492042e-17
14156,36019,0.027070584
14157,89727,7.377699e-06
14158,18010,0.019241376
14159,87282,1.0064236e-07
14160,98574,4.915046e-06
14161,61425,0.0025845168
14162,102688,0.01164245
14163,67746,0.00022384689
14164,99599,0.009611095
14165,96896,9.677297e-06
14166,10428,3.2064145e-05
14167,105142,5.049177e-07
14168,25532,0.018125536
14169,78990,0.026707362
14170,8393,0.013275843
14171,50488,2.9190404e-11
14172,115413,0.0014198559
14173,61916,2.2757132e-09
14174,53244,0.0025845168
14175,98498,0.00057132466
14176,34621,0.054374717
14177,80701,5.6783003e-12
14178,55889,0.05926452
14179,95377,2.9322849e-09
14180,14158,2.3539485e-08
14181,66048,1.9178993e-10
14182,101155,3.8391406e-09
14183,64245,5.955452e-12
14184,27359,3.5996797e-09
14185,64110,2.280742e-08
14186,43395,0.0069047827
14187,45987,0.009601473
14188,27653,8.262688e-18
14189,16775,5.861151e-09
14190,29736,0.00084267557
14191,71750,1.7027379e-16
14192,63279,0.0042110747
14193,76286,0.00020439777
14194,61186,0.0023467834
14195,104198,7.5734697e-06
14196,29238,0.031109303
14197,77507,0.4994589
14198,20901,9.093213e-09
14199,89226,9.46462e-11
14200,49843,0.006883253
14201,65549,3.3483225e-12
14202,82456,0.10343049
14203,11340,2.6588162e-10
14204,40733,0.005577944
14205,23721,9.266354e-13
14206,34396,0.018917745
14207,30113,9.844863e-10
14208,78354,0.0014888049
14209,108564,0.009611095
14210,82573,0.01954178
14211,61638,0.031558465
14212,4320,6.339818e-07
14213,40768,0.028905047
14214,43162,2.206268e-10
14215,40970,2.20639e-10
14216,94092,4.938244e-11
14217,52005,0.032136623
14218,73845,0.0100853825
14219,35765,4.83123e-09
14220,98572,4.5203553e-05
14221,98792,0.001234615
14222,103263,0.0077906027
14223,76086,3.5459628e-08
14224,7484,2.3259987e-05
14225,29990,0.027070584
14226,57914,0.0023628047
14227,48966,0.0003226945
14228,24120,7.22562e-05
14229,8813,1.4101504e-08
14230,89286,3.3483225e-12
14231,87885,0.009170086
14232,83176,0.0007400047
14233,2753,2.7250535e-06
14234,110206,0.063593924
14235,4712,0.050684255
14236,114258,0.0027449187
14237,111230,9.59462e-06
14238,25134,0.001478002
14239,114174,1.7021496e-07
14240,89563,0.05452379
14241,87154,0.02897164
14242,101085,0.018134167
14243,78748,1.1920505e-14
14244,59586,0.019502632
14245,78477,0.00067582063
14246,32711,0.0025845168
14247,28771,2.4823626e-10
14248,28556,2.0747772e-09
14249,63301,4.0839981e-10
14250,59713,4.388284e-09
14251,108132,9.677297e-06
14252,6269,0.03252788
14253,43885,0.018125536
14254,24934,0.00037149573
14255,107348,1.9561894e-05
14256,91481,0.0042148116
14257,54236,5.6208077e-10
14258,38344,0.023214001
14259,17229,0.082339875
14260,2930,0.032525297
14261,37142,0.019502632
14262,88219,9.288197e-15
14263,8959,2.5696866e-06
14264,46157,2.166788e-13
14265,77125,2.1369996e-12
14266,64297,1.9873337e-12
14267,67179,0.0195607
14268,93404,0.00010576498
14269,2482,0.023169983
14270,103307,8.579139e-12
14271,109609,1.9561894e-05
14272,58000,1.7241902e-08
14273,21699,5.0662103e-11
14274,106341,7.746437e-16
14275,166,0.027579654
14276,79381,0.0050991094
14277,24516,0.009169346
14278,16375,0.00014201294
14279,11736,1.8381418e-07
14280,13206,8.835907e-07
14281,99218,0.024748232
14282,40782,0.06248485
14283,59031,0.0025952416
14284,79402,0.055277847
14285,40461,1.0299096e-10
14286,16842,0.025817117
14287,12926,6.707853e-10
14288,104192,0.032177687
14289,49897,0.008979334
14290,68924,0.00014961268
14291,67169,0.0688517
14292,9330,0.022479799
14293,43550,0.012313596
14294,115233,1.6673027e-12
14295,40957,0.008979334
14296,11673,0.0100467
14297,92412,3.0243573e-08
14298,2823,8.922319e-09
14299,55934,0.009159205
14300,94310,3.6998077e-15
14301,78667,1.17646195e-08
14302,87844,0.015160915
14303,31941,0.018525936
14304,68067,0.010311361
14305,37872,9.6953656e-08
14306,14824,6.387306e-08
14307,30931,0.0027666946
14308,79481,5.71065e-14
14309,77749,0.030310262
14310,34002,1.5001344e-17
14311,91235,0.008979334
14312,83282,0.009609334
14313,9234,0.00028331936
14314,41134,9.965719e-10
14315,93411,1.7885568e-05
14316,105828,1.0809115e-07
14317,2344,9.167005e-06
14318,59071,1.2972037e-13
14319,91179,0.010311361
14320,7306,0.0068877526
14321,96680,0.00046791197
14322,12191,0.0026217476
14323,30913,0.04562465
14324,80699,0.0077906027
14325,76463,0.0007400047
14326,73498,0.009609334
14327,92345,0.00024887492
14328,3238,0.027070584
14329,16323,6.9007604e-07
14330,101687,0.055277847
14331,54159,0.027070584
14332,106460,0.064573884
14333,85668,0.04562465
14334,70699,4.0845387e-20
14335,39462,3.7617572e-06
14336,17145,2.4477058e-07
14337,24218,2.0471243e-06
14338,19855,0.00024480934
14339,103425,0.018143823
14340,50094,6.9301545e-06
14341,67732,3.0513955e-05
14342,46398,0.018125536
14343,72812,1.2012441e-14
14344,76216,1.0854323e-14
14345,91227,0.032150183
14346,47924,0.009558456
14347,12561,6.49189e-08
14348,44494,0.02521269
14349,45225,0.010311361
14350,31350,0.07333097
14351,82539,1.346797e-08
14352,85223,0.0007400047
14353,112576,0.059533693
14354,83932,2.4190974e-06
14355,19767,1.7517035e-05
14356,1559,3.1862676e-06
14357,25870,0.018125536
14358,26183,0.00052988593
14359,58629,0.009159205
14360,70863,1.8222258e-09
14361,90570,4.393471e-07
14362,29746,2.5104805e-09
14363,16815,1.4139915e-11
14364,11651,0.008059376
14365,64034,0.0014904204
14366,14975,2.530424e-06
14367,77289,6.181379e-05
14368,36197,1.6943608e-06
14369,46949,0.005752897
14370,97306,0.0006742901
14371,91731,1.9561894e-05
14372,94852,0.009558456
14373,3373,2.7184865e-06
14374,63685,2.280742e-08
14375,40931,8.6214727e-13
14376,56422,0.0004941645
14377,20306,2.189176e-08
14378,1961,0.032525297
14379,83501,0.001488875
14380,101745,0.0007400047
14381,3768,7.280008e-08
14382,41203,1.977663e-10
14383,103061,0.02576682
14384,91358,0.05926452
14385,113985,9.9547854e-08
14386,50161,1.3290206e-06
14387,105410,0.005878165
14388,71479,6.621626e-11
14389,93712,1.2338983e-11
14390,34042,1.170305e-12
14391,102224,1.9561894e-05
14392,53019,0.0023467834
14393,41277,0.07016115
14394,103550,0.009611095
14395,41111,0.006926223
14396,67435,0.0023041845
14397,76651,0.009609334
14398,105112,0.00013489742
14399,78191,2.329322e-05
14400,2196,0.0036075034
14401,99680,4.4399034e-08
14402,15439,5.0133844e-09
14403,31423,0.0042110747
14404,41342,0.0287143
14405,43529,0.0991361
14406,100248,8.534326e-15
14407,110117,1.9004567e-14
14408,52857,1.0237271e-09
14409,32093,0.019502632
14410,114477,5.3507065e-08
14411,56862,0.009558456
14412,47156,2.1818467e-09
14413,51733,0.005194104
14414,40228,0.010311361
14415,91495,0.0015360629
14416,16579,3.217122e-12
14417,87057,0.031417016
14418,105093,0.059533693
14419,80390,0.06334803
14420,46867,7.3559235e-08
14421,26850,0.0042110747
14422,69597,1.5709954e-08
14423,77337,1.07289934e-10
14424,38938,8.294574e-06
14425,109106,0.042595252
14426,99183,0.06451
14427,71008,2.088543e-09
14428,44782,0.003821941
14429,96633,1.9561894e-05
14430,106040,5.973851e-11
14431,12858,3.785798e-07
14432,34232,0.019502632
14433,3056,4.73019e-05
14434,37646,0.018125536
14435,7078,1.82715e-06
14436,21040,0.002982897
14437,85963,0.02793168
14438,25331,0.009601473
14439,43536,0.0014772823
14440,83055,0.018107578
14441,102281,0.0077906027
14442,49088,0.11003851
14443,75918,1.9561894e-05
14444,83564,2.127957e-09
14445,19472,0.018107578
14446,115027,0.019761037
14447,45740,0.0011097578
14448,62163,0.0006647029
14449,1864,2.680082e-06
14450,73700,0.009609334
14451,72189,3.3229156e-10
14452,73587,0.0004110395
14453,59901,0.031167235
14454,74107,0.05018935
14455,11893,3.1325671e-06
14456,98394,0.009611095
14457,113449,0.06307581
14458,43184,4.388284e-09
14459,30382,0.009159205
14460,38445,2.9978333e-05
14461,58061,0.009558456
14462,46669,3.8293365e-11
14463,70891,5.1364573e-08
14464,85343,1.6063648e-05
14465,113826,0.0025764718
14466,16564,3.774136e-10
14467,65504,1.5719852e-06
14468,62888,6.769913e-05
14469,31571,5.706008e-07
14470,71063,1.5803902e-12
14471,15567,0.08869992
14472,7698,4.78687e-06
14473,3731,0.002459462
14474,63995,0.11476693
14475,37109,3.730814e-06
14476,102914,0.040398903
14477,24566,5.5884843e-09
14478,97640,0.032150183
14479,32244,0.0008237514
14480,66073,1.07289934e-10
14481,30390,0.009159205
14482,111505,9.193888e-10
14483,108825,1.2541137e-11
14484,95150,6.2254143e-15
14485,23554,8.6842e-06
14486,40707,0.030776275
14487,92167,0.05926452
14488,104864,0.0023361093
14489,67194,3.3229156e-10
14490,55015,1.2930858e-13
14491,56513,0.009558456
14492,70523,0.010311361
14493,15952,0.05701869
14494,40429,0.00054138276
14495,81030,0.0048444965
14496,8868,6.4883915e-07
14497,68852,0.009609334
14498,78333,0.00034621728
14499,15490,2.2423698e-15
14500,8159,1.001438e-06
14501,90534,0.009170086
14502,22185,0.0056692977
14503,86479,0.009609334
14504,97619,3.3483225e-12
14505,96393,0.059353366
14506,83277,1.3742609e-09
14507,31257,0.00026396412
14508,105386,3.555951e-09
14509,88658,0.00020044188
14510,111221,0.004610218
14511,79720,0.0019673521
14512,53529,0.0077906027
14513,64542,1.7027379e-16
14514,33473,2.4450642e-19
14515,102080,0.05452379
14516,44875,0.00030126362
14517,32445,7.578496e-14
14518,107065,1.8957722e-10
14519,111990,0.00046791197
14520,580,0.008979334
14521,80119,0.00034621728
14522,108428,0.08087044
14523,84656,0.0069063785
14524,24965,1.00689085e-05
14525,105704,1.9561894e-05
14526,4681,1.5333051e-06
14527,79493,0.0042148116
14528,63014,2.2352323e-07
14529,23449,0.03796641
14530,36025,0.027070584
14531,54618,1.5258074e-05
14532,71036,0.05926452
14533,5390,0.00909721
14534,74978,0.018107578
14535,72076,0.117945015
14536,99234,0.0072673764
14537,1025,0.00909721
14538,26683,0.002694702
14539,71123,4.602067e-13
14540,32832,0.0042110747
14541,61542,0.0014639171
14542,23535,8.910579e-10
14543,70457,0.0014259123
14544,76182,2.9322849e-09
14545,63048,0.0042110747
14546,50219,0.0006647029
14547,52832,7.300203e-14
14548,92751,0.02897164
14549,309,4.0033687e-08
14550,69440,0.01861971
14551,71293,1.115274e-05
14552,77874,0.026707362
14553,19662,9.261142e-05
14554,15281,2.0457508e-05
14555,113384,0.028064253
14556,5600,5.75189e-07
14557,8878,7.6922866e-08
14558,9342,0.00043402248
14559,110755,1.3742609e-09
14560,27477,0.010152991
14561,56411,2.6703474e-05
14562,28493,0.0022376422
14563,14708,0.00014463712
14564,30826,2.350502e-06
14565,14794,8.367118e-06
14566,92239,0.08043513
14567,83517,8.0604655e-11
14568,15799,0.025817117
14569,99818,0.007568737
14570,87707,0.05926452
14571,114105,2.2214201e-06
14572,29205,0.0015616057
14573,106861,0.012637813
14574,94763,5.3262123e-05
14575,90733,0.00019617405
14576,85351,7.6973155e-13
14577,48803,6.804746e-06
14578,38446,0.027684728
14579,11096,3.8858263e-05
14580,55842,0.06433432
14581,67773,0.00012503525
14582,37612,0.0029638573
14583,66674,1.4728545e-07
14584,31601,0.018143823
14585,109621,0.0006199955
14586,15055,7.788284e-10
14587,17680,7.0795886e-07
14588,83024,8.492554e-13
14589,39457,0.00045577035
14590,60702,0.00024887492
14591,39023,0.0045298054
14592,30684,0.00013526439
14593,41979,0.017944383
14594,34608,0.07016115
14595,38975,1.977663e-10
14596,33959,0.04562465
14597,113696,4.2966503e-12
14598,86108,0.09386695
14599,42269,0.009601473
14600,12294,8.164619e-07
14601,34893,1.0570848e-06
14602,17356,1.44245215e-11
14603,84130,0.009609334
14604,113360,0.0025764718
14605,94304,1.8151399e-08
14606,40644,1.16160965e-08
14607,18827,2.135997e-06
14608,12761,3.1310827e-14
14609,31137,0.009159205
14610,24043,0.0042110747
14611,98194,0.028922679
14612,78472,0.015620506
14613,26408,0.0010539371
14614,47385,0.005195277
14615,61968,0.006010258
14616,80943,0.00013489742
14617,95462,0.0038918324
14618,7192,0.0015918162
14619,68481,0.026707362
14620,100815,0.0014888049
14621,75251,1.07289934e-10
14622,42136,0.0028694281
14623,109782,0.04449756
14624,108241,0.009611095
14625,108487,0.055277847
14626,109725,0.0014891593
14627,77313,7.879992e-05
14628,52231,0.010311361
14629,18437,9.73071e-09
14630,88883,0.008979334
14631,83651,0.018917745
14632,56288,0.00037936197
14633,68212,6.1377327e-06
14634,94925,1.7532432e-09
14635,101284,0.009611095
14636,95543,0.016967166
14637,88696,0.00012767575
14638,89297,0.0007400047
14639,80728,2.374762e-05
14640,54115,0.003110614
14641,18999,2.731556e-07
14642,38855,0.0013471787
14643,51499,1.0209728e-07
14644,54535,1.580942e-05
14645,103170,0.0015602905
14646,17496,2.5205624e-08
14647,53650,0.009159205
14648,74186,0.0069063785
14649,7784,0.065604225
14650,75932,0.031558465
14651,11770,0.0036282835
14652,28034,4.1397005e-08
14653,108551,0.002328324
14654,18021,3.1322736e-09
14655,89787,8.890056e-10
14656,50837,0.00067582063
14657,79338,2.580843e-08
14658,74841,1.9991534e-12
14659,49748,0.00067582063
14660,110740,0.031610955
14661,10535,0.0037396976
14662,8346,4.4120716e-07
14663,62232,0.0007400047
14664,213,0.0013471787
14665,79183,0.048092566
14666,35072,1.07101364e-07
14667,9634,0.06455465
14668,48164,0.00017287674
14669,83119,8.702638e-14
14670,88091,0.009609334
14671,19424,8.0950963e-07
14672,13978,6.5719954e-09
14673,48709,1.8359553e-05
14674,113437,9.310955e-06
14675,91767,3.039478e-07
14676,92076,4.8469506e-06
14677,104681,0.009170086
14678,112447,0.032860268
14679,26684,5.381546e-05
14680,18130,2.922688e-06
14681,54832,0.028905047
14682,16391,8.739742e-12
14683,51963,1.262329e-10
14684,102293,0.040115204
14685,97938,1.5046833e-08
14686,73984,0.054945264
14687,70651,5.1852935e-11
14688,94663,1.43519845e-08
14689,9816,0.0039433776
14690,60821,0.018107578
14691,89134,0.05926452
14692,37039,0.028905047
14693,75296,1.6151602e-09
14694,87077,0.06433432
14695,89589,3.555686e-13
14696,101943,0.04805257
14697,28398,0.0077906027
14698,15802,9.552964e-07
14699,32578,0.00037411397
14700,55171,2.8478643e-12
14701,27712,0.07495442
14702,32341,1.4587219e-07
14703,24270,0.009169346
14704,71141,0.009609334
14705,69634,0.009609334
14706,86678,0.0009975367
14707,26137,0.027271394
14708,50978,0.004140266
14709,70265,5.950717e-07
14710,81881,1.9561894e-05
14711,70973,2.2140146e-07
14712,78090,0.0056132367
14713,98395,0.056465916
14714,68639,0.0006647029
14715,39711,0.00056991604
14716,89142,0.0010103625
14717,105134,0.0006742901
14718,41694,0.0042110747
14719,99371,0.0004464383
14720,12718,9.5836e-06
14721,56216,0.009159205
14722,4561,0.0021600947
14723,39453,1.3526686e-05
14724,98296,0.009263063
14725,15297,0.00054285926
14726,35741,0.027070584
14727,14584,6.893393e-14
14728,38843,0.027585078
14729,47255,0.023214001
14730,9768,0.002179124
14731,30418,1.3627199e-05
14732,83312,2.7880903e-10
14733,52722,9.968833e-06
14734,19821,0.06433432
14735,66228,4.0208637e-05
14736,92920,0.003156181
14737,96960,1.2866255e-07
14738,73042,0.013027288
14739,28889,0.012313596
14740,115433,9.791323e-14
14741,44702,0.005195277
14742,7892,0.010467954
14743,7363,0.0037447906
14744,70400,2.7457475e-08
14745,2124,1.3579147e-05
14746,6692,0.023169983
14747,68763,0.009609334
14748,105608,0.0014888049
14749,59583,0.028905047
14750,71052,3.6142015e-07
14751,48016,0.0005767077
14752,67733,0.053866703
14753,67539,1.7027379e-16
14754,65369,0.05018935
14755,30917,0.00012767575
14756,12382,0.010779533
14757,99560,2.3737207e-10
14758,61470,6.7178694e-09
14759,109459,0.004610218
14760,77157,9.83557e-06
14761,44924,5.624626e-10
14762,34613,3.705683e-08
14763,56444,0.032136623
14764,90956,0.05926452
14765,67461,1.9561894e-05
14766,110249,9.6397725e-06
14767,15491,8.354983e-06
14768,89014,1.1236926e-09
14769,115192,0.00066317443
14770,20559,0.006818127
14771,107708,6.3775034e-09
14772,65644,9.829541e-06
14773,25911,0.000103363775
14774,100252,9.31716e-10
14775,98304,9.058103e-10
14776,8519,0.002669731
14777,24640,0.00083229045
14778,43809,0.0077906027
14779,91272,1.4367299e-07
14780,115861,0.026351169
14781,82429,2.227576e-09
14782,47087,0.0991361
14783,104257,0.00046576772
14784,59816,4.2209525e-09
14785,77623,0.001267699
14786,6898,8.566156e-05
14787,12206,0.3339791
14788,71721,0.004193053
14789,12302,8.09342e-06
14790,5932,3.2766542e-07
14791,42104,0.027271394
14792,87740,0.009170086
14793,9779,0.1402372
14794,89149,4.026971e-06
14795,13086,5.173952e-05
14796,898,4.3393087e-05
14797,78362,1.8621289e-07
14798,14684,0.008979334
14799,52942,0.019502632
14800,88900,0.07983019
14801,7432,0.026641795
14802,84674,1.2943424e-06
14803,38728,9.965719e-10
14804,8670,3.1737427e-06
14805,105455,0.012819151
14806,75900,0.0009905635
14807,55113,1.1606084e-16
14808,108408,0.0007412293
14809,54426,0.004728661
14810,72787,0.00076586317
14811,63207,0.040115204
14812,69572,0.05926452
14813,27544,0.018125536
14814,39057,3.6440566e-13
14815,45567,0.0012398196
14816,57672,5.0228333e-12
14817,46120,2.664538e-10
14818,79581,0.0022433556
14819,94899,0.019548833
14820,96193,4.881286e-08
14821,635,5.722574e-07
14822,35626,0.00067582063
14823,94656,0.027994813
14824,28487,0.006883253
14825,11792,0.0004601532
14826,103627,1.4200036e-13
14827,99867,0.05946976
14828,1259,0.06455465
14829,25077,1.2554846e-08
14830,96329,0.0070739565
14831,49446,2.1553201e-10
14832,89995,0.004607776
14833,63872,1.9204386e-07
14834,5359,1.258977e-06
14835,49666,3.4170482e-11
14836,63499,6.9165797e-12
14837,25354,0.0042110747
14838,4920,7.6000156e-08
14839,713,7.3063876e-07
14840,55341,1.3356072e-09
14841,112712,0.010320635
14842,51137,0.00010430669
14843,72218,3.6011405e-10
14844,49527,0.46147513
14845,85070,0.009609334
14846,65358,0.010969614
14847,6807,0.0036080985
14848,2130,7.766278e-06
14849,3739,1.9513804e-05
14850,53212,5.822317e-14
14851,16013,4.205357e-07
14852,69590,0.032136623
14853,112724,0.0007412293
14854,67669,0.0002274199
14855,12501,8.755075e-12
14856,59554,0.0026451752
14857,32015,0.0040224534
14858,103130,8.791638e-06
14859,112161,3.3137316e-05
14860,114103,6.0677167e-15
14861,58381,1.3290206e-06
14862,99026,0.06500438
14863,24648,3.0880973e-09
14864,55061,3.252252e-12
14865,52931,0.0040224534
14866,11634,0.00909721
14867,3644,0.088876955
14868,50709,5.4473308e-11
14869,66644,0.0035647645
14870,53249,0.009558456
14871,1238,0.0022512635
14872,89837,2.630792e-08
14873,78071,3.7900318e-06
14874,67059,0.010311361
14875,110795,1.2055409e-06
14876,28848,0.009558456
14877,73762,1.9561894e-05
14878,59959,0.0017794932
14879,93430,0.06451
14880,51175,0.001273944
14881,73776,0.017254384
14882,20657,1.20918285e-05
14883,71372,0.004193053
14884,104783,2.753841e-15
14885,3221,0.001424623
14886,110222,0.0074040866
14887,43961,0.031109303
14888,49632,0.018107578
14889,68697,0.0069063785
14890,98944,1.0076045e-06
14891,99951,1.5044335e-05
14892,21097,0.021217573
14893,94816,0.009159205
14894,79390,6.851755e-12
14895,17793,4.940173e-12
14896,88872,0.001260472
14897,80145,0.009609334
14898,40740,1.274352e-06
14899,36384,0.00017287674
14900,104948,0.04805257
14901,51609,4.938244e-11
14902,71147,0.08785336
14903,90577,0.0048444965
14904,40009,0.00015351042
14905,85883,0.00046783456
14906,26425,0.08662097
14907,106423,0.08087044
14908,29339,0.0063538393
14909,50253,0.0025845168
14910,92081,0.00013489742
14911,43936,0.08333831
14912,17857,6.251685e-12
14913,82525,0.04974522
14914,52015,1.977663e-10
14915,52149,0.0077906027
14916,50994,1.3290206e-06
14917,102031,0.016967166
14918,68895,0.09817748
14919,31954,0.009558456
14920,55956,0.000347609
14921,103208,0.059607558
14922,50440,0.054374717
14923,15881,0.0077906027
14924,102531,1.9730446e-07
14925,35150,0.009558456
14926,12673,1.6323823e-10
14927,2900,0.0036075034
14928,52867,5.563329e-10
14929,17200,5.084567e-10
14930,105761,0.04805257
14931,21648,5.924988e-11
14932,24022,0.010311361
14933,45634,0.00019535258
14934,105441,7.710823e-05
14935,115363,3.493479e-05
14936,47609,0.037623845
14937,10575,0.006353159
14938,12674,0.0015616057
14939,9172,4.0906957e-07
14940,86514,2.073115e-06
14941,37829,0.028905047
14942,63578,0.0009905635
14943,58087,0.00084267557
14944,21210,0.009710893
14945,87979,0.00020140917
14946,69169,0.054374717
14947,88688,0.015270906
14948,31878,7.019296e-09
14949,71356,0.004193053
14950,79008,0.0009799172
14951,13292,0.004020566
14952,98382,0.0049644
14953,70287,0.0077906027
14954,101918,0.0032949501
14955,3587,2.9487075e-05
14956,34821,0.018107578
14957,76181,2.9102274e-12
14958,82015,0.0014911196
14959,44703,2.4221023e-05
14960,22388,0.007568096
14961,104885,0.0032748014
14962,113365,0.059607558
14963,77796,1.6006761e-12
14964,52874,0.00048040142
14965,88489,0.018134167
14966,11356,0.0019829555
14967,106227,1.9561894e-05
14968,89936,3.0988133e-12
14969,15575,0.003110614
14970,3709,0.0016591736
14971,90528,1.5603306e-06
14972,23331,0.0014259123
14973,41120,0.00031000905
14974,32500,3.7676086e-12
14975,47757,0.0009190496
14976,96094,1.355368e-12
14977,58385,0.048092566
14978,113531,6.3775034e-09
14979,51231,6.6668107e-13
14980,76691,0.028931597
14981,68691,0.019504
14982,18031,1.1155569e-06
14983,112130,5.69299e-07
14984,108756,0.0042148116
14985,36452,9.505076e-05
14986,12753,9.037779e-06
14987,96076,2.5868641e-05
14988,109910,0.001390305
14989,42814,0.0077906027
14990,27569,0.018125536
14991,5701,0.023169983
14992,36409,0.0287143
14993,40649,0.04054226
14994,38579,0.019502632
14995,96781,0.0042148116
14996,58961,2.7732544e-11
14997,49454,0.0039433776
14998,86463,1.9248815e-05
14999,60077,3.9524602e-11
15000,44005,0.0063114963
15001,72250,4.2987802e-05
15002,98917,4.5927752e-07
15003,69255,0.07983019
15004,37972,5.1768457e-06
15005,44337,2.4221023e-05
15006,33982,0.004193047
15007,49572,0.018107578
15008,80131,0.004607776
15009,56627,1.971333e-07
15010,91637,3.8917397e-11
15011,99976,5.895754e-05
15012,58335,0.046888195
15013,3005,0.0022379574
15014,81109,0.00012767575
15015,8535,7.1703404e-08
15016,69866,0.0008326029
15017,7903,2.8029033e-06
15018,109414,0.009170086
15019,110152,7.507232e-12
15020,80053,9.562178e-09
15021,85841,1.3506759e-06
15022,47128,0.0012628086
15023,112237,0.009159205
15024,42865,0.0013644939
15025,23949,5.496257e-06
15026,70175,3.4112495e-09
15027,80907,0.015620506
15028,55990,0.009159205
15029,83881,6.0966336e-06
15030,48138,1.8335288e-09
15031,3459,0.0007031608
15032,26091,0.009601473
15033,82939,1.3742609e-09
15034,31251,0.010311361
15035,56947,1.946338e-06
15036,58599,0.05926452
15037,27010,0.10343049
15038,7864,5.366131e-05
15039,97669,0.009170086
15040,72506,0.00024887492
15041,25672,3.6637724e-05
15042,87839,9.844863e-10
15043,84644,0.0007400047
15044,104057,1.5422421e-06
15045,81570,3.9501757e-07
15046,82221,0.009170086
15047,44029,1.8722478e-05
15048,7993,1.9970545e-07
15049,78699,4.2209525e-09
15050,55189,2.4450642e-19
15051,110731,0.026659893
15052,85929,3.1613112e-09
15053,15678,4.8877336e-08
15054,83118,1.9421379e-12
15055,83229,0.010311361
15056,71782,0.0287143
15057,106596,0.0010969893
15058,33192,0.054374717
15059,28298,0.0012628086
15060,58984,8.371561e-14
15061,63391,0.01989625
15062,15390,0.0031812205
15063,7397,3.7060745e-05
15064,70997,1.9561894e-05
15065,12893,2.5320412e-06
15066,73463,8.781348e-08
15067,106860,4.2252974e-05
15068,107298,2.940673e-05
15069,57669,0.0009799172
15070,25985,0.009169346
15071,103769,0.00036822195
15072,90588,0.0077906027
15073,108602,0.009263063
15074,77562,0.07983019
15075,84318,0.027994813
15076,78654,0.05154844
15077,102065,6.988769e-05
15078,60101,9.8406e-06
15079,71345,2.581478e-08
15080,39869,0.00067582063
15081,6038,3.311435e-08
15082,54192,0.001546611
15083,52508,0.0006647029
15084,61465,1.9561894e-05
15085,115230,0.0077135977
15086,109593,2.4287876e-11
15087,86075,0.010311361
15088,12291,0.07016115
15089,57290,0.00266249
15090,18785,0.006890789
15091,32183,0.009558456
15092,110984,0.0042148116
15093,72070,0.007983488
15094,65850,3.561838e-08
15095,41056,0.00017208386
15096,19443,0.0017580631
15097,17459,1.44245215e-11
15098,66820,0.06349577
15099,55388,4.770791e-10
15100,87871,0.0100853825
15101,97609,2.890708e-05
15102,77741,0.0091682235
15103,59395,0.054945264
15104,32468,0.027070584
15105,115383,2.5862215e-10
15106,2850,1.8015318e-06
15107,7263,0.008059376
15108,109934,2.5054396e-12
15109,52368,1.0961605e-06
15110,6846,0.4066536
15111,40109,0.00050542044
15112,23117,4.2583588e-07
15113,114241,1.3605255e-07
15114,100961,0.0038013528
15115,92097,0.08333831
15116,90826,0.05926452
15117,41261,0.0042110747
15118,71308,0.001478002
15119,112517,0.0012772809
15120,10101,2.0626747e-05
15121,25851,0.0012628086
15122,95668,0.0037244905
15123,2814,0.009085741
15124,47961,0.00033376334
15125,108724,0.0022746052
15126,62917,0.04974522
15127,33343,0.027070584
15128,18495,0.15853351
15129,87000,0.0009975367
15130,62809,2.8629932e-09
15131,35030,0.0040224534
15132,49503,0.018107578
15133,111428,1.0267431e-08
15134,107171,2.1142944e-07
15135,2181,0.00038517546
15136,45312,1.00689085e-05
15137,51161,8.582986e-08
15138,1336,6.61988e-12
15139,105988,9.744012e-06
15140,74030,0.0006647029
15141,52949,8.964089e-10
15142,51149,0.023214001
15143,67521,0.00045577035
15144,87670,0.03426602
15145,82682,0.002814115
15146,114547,0.00021799249
15147,19529,0.0001252976
15148,84025,0.0004526072
15149,79141,0.008979334
15150,101771,1.7564791e-10
15151,99778,1.2211402e-08
15152,47686,0.0042110747
15153,55040,0.00013526439
15154,19675,1.4228381e-15
15155,13305,0.009567516
15156,1516,3.1224425e-07
15157,24980,0.00036300925
15158,91223,2.3623064e-11
15159,61919,0.0024627293
15160,52748,3.552648e-10
15161,12550,2.6213408e-07
15162,67590,0.0048444965
15163,18461,3.432502e-08
15164,86889,5.0855484e-13
15165,79,1.1216995e-06
15166,11294,1.7629607e-06
15167,56076,2.3116759e-11
15168,82816,0.028814437
15169,109715,0.031610955
15170,26407,0.018125536
15171,48962,8.405275e-06
15172,15072,0.006890789
15173,113252,0.002585076
15174,100880,6.946708e-09
15175,84063,0.07016115
15176,67253,0.08785336
15177,92958,0.009609334
15178,114269,1.9713569e-05
15179,110793,4.761914e-06
15180,86621,0.009609334
15181,9298,2.680082e-06
15182,89162,7.377699e-06
15183,108716,0.0058318716
15184,49880,1.7517035e-05
15185,46252,0.0025652924
15186,105684,0.0013434188
15187,61589,9.8406e-06
15188,66321,0.0047364547
15189,64541,3.128189e-07
15190,16955,5.121436e-05
15191,80135,0.0042148116
15192,58390,5.3885674e-09
15193,21935,6.266479e-11
15194,40832,0.0006946361
15195,9045,7.25286e-06
15196,35650,9.968833e-06
15197,8390,0.001629858
15198,1005,6.61988e-12
15199,70587,0.0014888049
15200,89996,0.005882326
15201,75440,0.004193053
15202,15759,0.11965503
15203,71385,0.009609334
15204,69462,2.9825887e-05
15205,19936,0.0015941156
15206,2962,5.7280505e-07
15207,90547,0.0042148116
15208,15572,1.8059661e-10
15209,30112,3.3863166e-13
15210,46658,1.6129067e-09
15211,72545,1.3742609e-09
15212,41137,7.486359e-11
15213,105132,0.026707362
15214,52799,2.2042774e-05
15215,22917,1.8560546e-13
15216,58209,0.0028958032
15217,58113,3.2485764e-07
15218,60401,4.6396683e-05
15219,100530,2.9800148e-08
15220,99122,0.0011293961
15221,51480,0.013844371
15222,110189,0.059607558
15223,36108,4.140242e-05
15224,21231,0.0077906027
15225,83323,0.009299797
15226,61774,5.5917603e-08
15227,53143,0.0076080156
15228,78685,9.829541e-06
15229,85267,1.9561894e-05
15230,36118,0.11003851
15231,59929,0.04562465
15232,65715,7.2382266e-18
15233,12724,0.0041827145
15234,52433,3.703292e-06
15235,95337,0.059353366
15236,95919,0.071858644
15237,93072,0.00047594728
15238,58769,2.392035e-08
15239,35490,0.06671764
15240,62771,0.0011510662
15241,23045,2.123555e-08
15242,52384,0.00029224364
15243,60152,0.06433432
15244,113241,2.227576e-09
15245,28151,2.1847854e-10
15246,48411,3.252252e-12
15247,14238,5.622561e-07
15248,34247,0.009159205
15249,72541,2.9639202e-09
15250,108710,0.040398903
15251,109957,9.6397725e-06
15252,6470,0.0011687034
15253,67637,5.5659202e-05
15254,104542,0.059533693
15255,56191,0.009558456
15256,62664,0.0042110747
15257,36240,0.06433432
15258,40989,4.265674e-14
15259,63545,2.4348232e-10
15260,17589,0.0095750205
15261,1504,1.1032618e-05
15262,39624,1.1773496e-06
15263,31790,0.009159205
15264,107218,1.4538329e-10
15265,46624,3.4170482e-11
15266,100987,0.033010963
15267,38322,0.008979334
15268,57656,0.018107578
15269,18119,0.054374717
15270,55412,1.8221454e-06
15271,59858,0.009177744
15272,85421,9.574378e-11
15273,100503,0.00010575418
15274,91651,4.2157527e-10
15275,92596,0.05926452
15276,66313,3.3229156e-10
15277,20502,0.00037749737
15278,12068,0.009567516
15279,7913,0.0036080985
15280,93834,1.9561894e-05
15281,58760,0.0038918324
15282,114344,3.623237e-13
15283,55884,0.040115204
15284,12172,2.4125262e-05
15285,7456,6.313699e-08
15286,84897,0.0010103625
15287,4751,0.052147858
15288,88070,0.0005767077
15289,64745,0.0014888049
15290,53232,0.59932214
15291,99765,3.646838e-05
15292,95764,0.0023122213
15293,13535,0.009161325
15294,5609,4.904249e-07
15295,105800,0.0042148116
15296,96694,1.21218145e-05
15297,65691,1.923583e-12
15298,108849,0.00017547482
15299,15241,2.7668815e-08
15300,39240,0.023214001
15301,109807,0.00019930147
15302,61537,7.895891e-09
15303,70989,0.0006647029
15304,110280,0.0015941954
15305,27795,0.005133042
15306,44918,0.0042110747
15307,11548,3.0609724e-05
15308,34336,0.054374717
15309,59598,3.6677247e-16
15310,3341,2.3859871e-05
15311,4321,0.00036243696
15312,45245,2.566855e-13
15313,80788,0.01954178
15314,55303,0.005194104
15315,33147,3.1613112e-09
15316,109633,1.5984988e-11
15317,15722,1.2507455e-11
15318,58936,0.009558456
15319,57417,1.8067014e-12
15320,63818,0.0010763028
15321,53438,1.8425679e-06
15322,109942,6.2911464e-12
15323,37356,0.058665574
15324,66628,4.9828854e-14
15325,1647,0.043820467
15326,65819,0.0026451752
15327,86677,7.286733e-05
15328,33765,2.3602084e-05
15329,2661,0.07770639
15330,29093,1.2472078e-11
15331,51972,1.1255184e-05
15332,84508,6.7178694e-09
15333,106854,0.01638026
15334,71742,1.6526059e-12
15335,102142,0.00046791197
15336,61870,4.0793737e-14
15337,68634,0.00034621728
15338,31357,0.06552552
15339,40425,1.1354971e-09
15340,97400,1.9245437e-05
15341,84103,0.027308173
15342,16961,2.4441789e-11
15343,37811,4.233156e-06
15344,108683,2.0403952e-09
15345,95193,0.019548833
15346,115871,0.018143823
15347,57344,3.252252e-12
15348,56155,0.0005303402
15349,56067,0.009159205
15350,39537,0.027271394
15351,102061,0.0007400047
15352,101932,2.5532263e-17
15353,44527,1.00689085e-05
15354,79575,0.023214001
15355,2554,0.0026118155
15356,34564,0.003943983
15357,38734,0.012313596
15358,43190,0.0991361
15359,79674,0.008979334
15360,92405,0.028847642
15361,11849,4.0321687e-11
15362,50521,5.0110853e-11
15363,9010,0.0014675229
15364,83316,3.3071288e-09
15365,45492,2.5839443e-13
15366,54821,0.00019576054
15367,6813,0.0014277677
15368,12162,6.345412e-12
15369,3482,0.104424424
15370,79367,0.004193053
15371,33471,0.009159205
15372,52705,0.0066693486
15373,35416,0.054374717
15374,85492,5.973851e-11
15375,64338,1.7608254e-07
15376,18469,1.4969605e-11
15377,63115,0.010311361
15378,69053,0.048092566
15379,90962,0.06334803
15380,112214,2.8915093e-12
15381,85868,0.018107578
15382,112822,0.0022267606
15383,3473,0.078098625
15384,63447,0.018107578
15385,3066,0.0001433871
15386,42838,7.9905076e-12
15387,110725,0.000260735
15388,42635,0.0077906027
15389,94029,8.321402e-05
15390,40280,0.0028477935
15391,26886,0.0040224534
15392,79202,1.1206228e-05
15393,60884,0.05926452
15394,98789,9.90623e-10
15395,87717,0.04570172
15396,12993,0.21233937
15397,102390,0.00011351503
15398,62264,2.0004113e-07
15399,59803,1.8107553e-08
15400,88992,1.7302246e-13
15401,45452,0.00047096336
15402,13946,1.9239467e-08
15403,6697,8.566156e-05
15404,63918,3.5447828e-10
15405,32727,0.028905047
15406,2328,0.044340983
15407,39564,0.009601473
15408,87938,2.1970529e-08
15409,94485,0.0006159452
15410,93760,0.009611095
15411,36164,1.3356072e-09
15412,89340,0.023273004
15413,91090,2.8822518e-05
15414,57401,3.552648e-10
15415,12492,7.4491874e-10
15416,97629,1.1652199e-12
15417,103727,2.7380397e-06
15418,36003,0.06433432
15419,91853,0.00066488946
15420,23405,1.3356072e-09
15421,74204,0.0033026752
15422,83948,0.0042148116
15423,71538,0.009609334
15424,35699,2.1818467e-09
15425,39790,2.413011e-10
15426,14563,0.019241376
15427,56079,0.048092566
15428,55136,0.027070584
15429,44225,0.046988025
15430,56681,0.002378787
15431,47031,0.0008761662
15432,52708,0.010311361
15433,80827,2.2194333e-09
15434,56922,0.0025845168
15435,90987,6.7835957e-18
15436,22391,0.004510557
15437,75798,0.048092566
15438,15632,0.00014939415
15439,110434,0.009170086
15440,10766,6.715523e-05
15441,111835,0.018143823
15442,41253,0.011915572
15443,49834,6.8763554e-12
15444,68305,0.0006647029
15445,73176,5.5509336e-08
15446,1399,0.023169983
15447,96163,0.0042148116
15448,26161,1.0951654e-09
15449,12816,1.6356688e-08
15450,69851,0.019209888
15451,75383,0.048092566
15452,109816,0.00030080185
15453,71199,3.5559935e-08
15454,67480,0.0023260666
15455,2359,9.749273e-08
15456,47043,0.009169346
15457,31381,4.8127804e-09
15458,53856,0.031167235
15459,92132,0.00010576498
15460,11158,0.023113023
15461,84946,1.4401105e-14
15462,55001,0.06433432
15463,38695,2.1305052e-05
15464,64921,6.5225854e-06
15465,6474,0.002980072
15466,82612,0.04974522
15467,57829,0.0023467834
15468,87721,0.05926452
15469,7742,0.0100467
15470,100477,0.055277847
15471,45557,5.5407232e-05
15472,113395,9.193888e-10
15473,83652,1.6511368e-09
15474,95411,3.611087e-07
15475,73319,3.4112495e-09
15476,73953,4.4678972e-11
15477,67102,0.031109303
15478,57324,0.0015360629
15479,61449,2.3439539e-11
15480,56320,1.5081264e-14
15481,35672,0.00037313803
15482,102384,0.054945264
15483,26537,0.00012061881
15484,104731,0.009170086
15485,51843,7.7529745e-05
15486,110618,0.008614753
15487,95348,0.07983019
15488,29141,3.5728273e-05
15489,103562,5.409196e-08
15490,98767,0.00024887492
15491,17001,1.2344509e-08
15492,50169,0.019502632
15493,71837,9.968833e-06
15494,3438,0.01111569
15495,46766,0.018125536
15496,5524,2.1138458e-06
15497,30898,0.08747747
15498,82198,1.6096679e-16
15499,91306,0.029978158
15500,56083,1.703633e-05
15501,41856,0.044779282
15502,98068,0.0014888049
15503,65647,2.9210023e-06
15504,17858,5.9737566e-12
15505,70058,0.028905047
15506,52602,0.004193053
15507,65913,4.2440553e-07
15508,68180,0.00014027866
15509,107205,0.0011136024
15510,81449,2.6661685e-11
15511,106017,2.2292545e-07
15512,115801,0.041822735
15513,45128,0.003156181
15514,20150,0.0095750205
15515,12806,8.802073e-16
15516,86541,8.395618e-12
15517,83178,4.0565897e-12
15518,94162,0.0007400047
15519,32686,0.0012578603
15520,59353,0.004193047
15521,74772,1.07289934e-10
15522,71413,3.4112495e-09
15523,27962,3.4170482e-11
15524,42739,0.10754466
15525,31950,0.0042110747
15526,103775,0.0006647029
15527,27713,0.018125536
15528,57571,0.004193047
15529,87218,4.4697045e-11
15530,93892,0.009611095
15531,24762,0.018525936
15532,50419,0.010311361
15533,94045,2.2797085e-05
15534,14244,0.018370343
15535,51482,0.005194104
15536,54204,0.031167235
15537,16963,0.052519966
15538,108322,0.028064253
15539,59298,0.007568737
15540,20455,2.401703e-06
15541,28518,0.054374717
15542,78914,0.010252689
15543,58763,0.021702388
15544,37088,4.2587783e-15
15545,52,0.0034063722
15546,70003,1.9238586e-08
15547,11258,5.240527e-05
15548,78548,9.484241e-12
15549,89685,7.286733e-05
15550,81714,4.416567e-08
15551,35888,0.054374717
15552,95209,3.9648268e-07
15553,76066,1.0034623e-07
15554,4414,0.037623845
15555,113952,0.0025764718
15556,74564,0.0009905635
15557,42785,0.0042110747
15558,39605,0.61361974
15559,83399,1.3189924e-09
15560,72933,2.9322849e-09
15561,15697,0.0077906027
15562,86378,0.009609334
15563,54704,3.552648e-10
15564,17840,1.0070718e-09
15565,114028,0.05676177
15566,59358,0.054945264
15567,81116,3.227156e-13
15568,79614,0.023214001
15569,84015,4.7338496e-08
15570,84086,0.0007400047
15571,64481,0.3098403
15572,54872,5.80915e-07
15573,27144,0.0287143
15574,115309,1.5853169e-16
15575,3074,9.167005e-06
15576,38061,7.927675e-08
15577,66042,2.377844e-05
15578,28136,0.005133042
15579,71761,0.0041081184
15580,20014,2.4620488e-14
15581,114067,0.013123105
15582,41352,1.0167805e-05
15583,65125,4.4399034e-08
15584,97739,0.059353366
15585,98832,0.00013489742
15586,109951,0.002272817
15587,31133,6.877457e-07
15588,90984,2.6389303e-05
15589,54108,0.009558456
15590,111608,0.0011293961
15591,76907,0.00911297
15592,87193,0.0024693862
15593,64417,0.0009905635
15594,13587,6.911239e-06
15595,29319,0.0028422244
15596,219,7.0129696e-12
15597,26677,0.018125536
15598,12779,0.098787576
15599,111395,0.0042148116
15600,77752,4.8865103e-09
15601,112137,8.166091e-12
15602,82856,1.9561894e-05
15603,29184,1.3010992e-09
15604,93494,5.2477395e-10
15605,106136,0.00021222583
15606,55595,0.009558456
15607,58774,2.862682e-09
15608,15647,3.8827743e-06
15609,20500,0.015276665
15610,49390,0.006010258
15611,3595,6.866297e-07
15612,1319,2.412105e-07
15613,25132,3.6225684e-12
15614,60601,5.7822493e-08
15615,73360,1.2943424e-06
15616,51357,1.4817932e-08
15617,44570,1.5071533e-05
15618,47577,1.977663e-10
15619,50623,2.5641604e-08
15620,21733,0.018107578
15621,63747,0.009105743
15622,29222,0.031180395
15623,97481,0.032150183
15624,59135,0.021485688
15625,84987,1.0859619e-15
15626,23364,4.228619e-15
15627,27424,0.04562465
15628,2786,0.0007913125
15629,13996,1.3873398e-06
15630,54257,0.00031084364
15631,58684,0.0014008365
15632,63043,2.2397646e-13
15633,68961,0.018107578
15634,46535,2.2943973e-09
15635,9484,0.00016854006
15636,109594,0.004052996
15637,18595,0.027684728
15638,25822,0.0042110747
15639,58176,0.0007400047
15640,16743,0.001267699
15641,50845,2.1818467e-09
15642,22085,0.09650666
15643,30412,2.259175e-13
15644,42777,0.010311361
15645,107608,0.02426992
15646,56687,0.0048444965
15647,72604,2.9322849e-09
15648,26823,0.0012628086
15649,97527,0.06500438
15650,18056,1.2276001e-07
15651,104075,0.002328324
15652,91729,0.06334803
15653,115358,0.009558456
15654,44127,5.565799e-11
15655,61195,2.9371793e-07
15656,87644,7.710823e-05
15657,80015,0.001267699
15658,101949,0.059353366
15659,63628,4.6181434e-08
15660,16646,4.6420182e-10
15661,12704,0.08239772
15662,102361,0.014781824
15663,113274,1.5422421e-06
15664,85244,0.0013841123
15665,53290,0.00041341223
15666,22884,0.10915853
15667,57659,0.0007198883
15668,87908,0.07011593
15669,65605,1.923583e-12
15670,38167,0.0009799172
15671,30200,0.052160252
15672,43547,0.009601473
15673,97982,0.0069063785
15674,28029,0.07016115
15675,26758,0.27772164
15676,33191,0.08251212
15677,37912,0.009169346
15678,85961,0.00017234529
15679,151,8.653728e-06
15680,43226,1.783817e-13
15681,37582,0.012410623
15682,104863,4.3800945e-05
15683,60002,3.3229156e-10
15684,71877,1.09808006e-07
15685,41185,0.0282264
15686,69956,9.917045e-10
15687,59750,1.898174e-05
15688,5449,1.5167933e-07
15689,95132,0.059353366
15690,6559,6.1225225e-10
15691,28988,7.99514e-09
15692,65,0.0018840645
15693,40162,1.6282108e-08
15694,38868,9.965719e-10
15695,26,0.0008628425
15696,11128,6.260446e-11
15697,84794,1.9782516e-05
15698,114654,1.4493012e-06
15699,35758,0.0009799172
15700,47601,5.0226986e-06
15701,110122,2.4369685e-11
15702,58362,0.004193047
15703,64638,1.6265401e-09
15704,46108,0.01763777
15705,77900,0.018107578
15706,53245,0.000509919
15707,26540,0.0077906027
15708,89510,0.0006647029
15709,91698,1.9561894e-05
15710,113926,1.0487912e-05
15711,79357,0.027316395
15712,79956,0.010311361
15713,85947,0.0006647029
15714,20105,3.840848e-08
15715,49706,9.904291e-06
15716,61658,0.07983019
15717,54295,0.0004754211
15718,47375,0.010311361
15719,115669,5.999658e-11
15720,18353,0.007206219
15721,89819,0.0010103625
15722,105393,1.124946e-07
15723,13006,5.1432664e-10
15724,63853,0.027308173
15725,73703,0.06433432
15726,10029,0.00909721
15727,28702,0.00017287674
15728,73608,1.9561894e-05
15729,83766,0.002641423
15730,101013,0.02426992
15731,103112,6.3775034e-09
15732,62974,2.0432388e-12
15733,14433,0.0088350065
15734,96384,0.00017238999
15735,100220,0.08087044
15736,104805,3.1972986e-06
15737,75232,1.0859619e-15
15738,84686,0.009609334
15739,29885,0.00067582063
15740,114261,4.612044e-06
15741,66334,1.9873337e-12
15742,11512,9.733003e-07
15743,48434,1.9991534e-12
15744,4655,7.1904657e-07
15745,76890,2.4264112e-08
15746,78742,1.5685372e-12
15747,61170,0.00033030257
15748,22649,9.73071e-09
15749,50109,4.2157527e-10
15750,95901,2.7144968e-06
15751,10124,0.00688787
15752,22602,0.0017939883
15753,96970,0.018134167
15754,27467,0.009558456
15755,60043,5.6208077e-10
15756,35066,4.3540206e-07
15757,17092,2.0227198e-11
15758,35435,2.8562022e-07
15759,69737,0.0006647029
15760,115747,1.9561894e-05
15761,2034,2.0719881e-10
15762,4801,3.6599973e-05
15763,415,5.749281e-08
15764,108563,1.0906855e-09
15765,26628,0.0077906027
15766,63149,0.0007400047
15767,65835,9.829541e-06
15768,68171,5.6208077e-10
15769,69319,0.009170086
15770,15422,4.0685898e-13
15771,64735,9.8406e-06
15772,29661,1.0959192e-10
15773,24034,0.005195277
15774,5439,0.0075463946
15775,57747,1.9584228e-09
15776,19633,0.0015940176
15777,81472,0.0007400047
15778,63580,4.4892118e-10
15779,57777,2.5054925e-08
15780,64857,1.3865282e-08
15781,58347,0.0023459184
15782,30246,0.009558456
15783,95653,0.009170086
15784,113215,6.1291416e-08
15785,60322,0.0688517
15786,50453,7.92282e-05
15787,8235,0.00909721
15788,39714,6.895784e-05
15789,59065,8.764447e-05
15790,11484,0.00040323104
15791,5954,0.00909721
15792,107300,1.7184023e-08
15793,96351,0.0021999907
15794,105645,2.0890285e-13
15795,25634,1.5234627e-12
15796,14715,1.9450784e-15
15797,76977,6.481175e-12
15798,44363,6.9301545e-06
15799,31151,7.165724e-05
15800,99878,4.978295e-05
15801,91553,0.009609334
15802,10000,0.00036616463
15803,16530,3.2774415e-07
15804,101139,1.2174138e-07
15805,42936,0.03796641
15806,81104,0.054945264
15807,74393,3.5559935e-08
15808,84988,0.02897164
15809,53211,0.009558456
15810,67879,2.6674654e-11
15811,4761,0.013972453
15812,26682,1.3597427e-10
15813,84405,0.00017054088
15814,34008,0.018143823
15815,48440,0.0287143
15816,725,1.2664064e-05
15817,108791,0.0011293961
15818,24134,2.39658e-05
15819,37118,0.0015616057
15820,31966,6.877457e-07
15821,27564,0.009558456
15822,13443,6.61988e-12
15823,84629,0.009170086
15824,55249,0.018107578
15825,101267,0.0009905635
15826,93105,0.0028958032
15827,243,0.006890789
15828,22832,0.005223745
15829,87298,0.0006647029
15830,68791,3.0732017e-09
15831,83907,0.002814115
15832,58173,0.00036804416
15833,80117,0.28326577
15834,12428,0.027112849
15835,46086,0.062057637
15836,52549,0.0007400047
15837,86771,4.0313504e-09
15838,7886,0.00031658175
15839,102162,0.009609334
15840,51109,3.6062127e-05
15841,20637,0.006513033
15842,99356,0.00010575418
15843,9486,0.00909721
15844,52955,0.009558456
15845,96803,0.0018467025
15846,65729,0.0008385558
15847,55672,0.0287143
15848,1057,0.02310127
15849,103741,0.019548833
15850,71879,0.009609334
15851,58526,0.0004754211
15852,37704,5.4516605e-09
15853,60314,0.006883253
15854,113355,0.11121769
15855,6645,6.715523e-05
15856,60078,0.009159205
15857,94388,0.032136623
15858,25483,0.001385026
15859,104164,0.009611095
15860,57836,3.4455418e-12
15861,18397,1.1155569e-06
15862,57542,0.06334803
15863,52059,0.060112506
15864,25640,0.002694702
15865,54647,1.0612976e-07
15866,98641,4.7701877e-11
15867,45059,0.010311361
15868,11607,0.052005466
15869,70824,1.2211402e-08
15870,32502,0.009558456
15871,102895,3.086391e-08
15872,64148,0.006010258
15873,13641,0.0068877526
15874,74709,0.031449392
15875,19929,2.8319866e-07
15876,84057,0.00010681258
15877,29495,9.29356e-09
15878,52001,6.352631e-08
15879,91085,0.027208306
15880,2784,8.3489874e-07
15881,26912,3.006064e-05
15882,64209,7.285519e-06
15883,10166,1.001438e-06
15884,51940,0.009558456
15885,56548,1.6204354e-05
15886,33118,0.009159205
15887,5423,1.6593958e-07
15888,22967,4.919384e-07
15889,13401,0.21233937
15890,46463,0.01929331
15891,75237,0.002328324
15892,34787,0.052005466
15893,22220,3.8603086e-13
15894,13041,0.007056655
15895,226,0.00014588275
15896,69618,2.0004113e-07
15897,36159,0.009159205
15898,51901,0.0040224534
15899,76043,3.1634583e-05
15900,1503,2.5031708e-12
15901,73139,5.1421076e-14
15902,28185,0.026707362
15903,73316,0.0052142604
15904,25992,6.229294e-06
15905,106366,6.24707e-09
15906,11996,9.431817e-12
15907,28158,0.002694702
15908,51983,3.3342099e-10
15909,109364,1.9508853e-08
15910,411,0.004334744
15911,79625,0.004052996
15912,52903,2.3164691e-07
15913,16097,6.61988e-12
15914,98847,7.633495e-06
15915,42107,9.965719e-10
15916,111711,0.0042148116
15917,73951,0.0007400047
15918,31890,0.00017287674
15919,102041,0.059353366
15920,66064,1.9577496e-05
15921,40099,0.00041341223
15922,39933,6.4853523e-09
15923,101766,0.0060857222
15924,75745,0.028931597
15925,31912,1.0708437e-08
15926,6219,5.5244524e-05
15927,89216,0.0007400047
15928,96830,0.05926452
15929,73279,0.008121043
15930,59301,0.054374717
15931,65207,1.3034771e-08
15932,19870,0.018107578
15933,28866,0.0012628086
15934,70126,8.3256404e-05
15935,12948,0.023169983
15936,71575,0.032136623
15937,72938,0.0070868284
15938,46098,0.018125536
15939,18682,0.0287143
15940,86244,1.9561894e-05
15941,104797,0.007900154
15942,80065,1.7885568e-05
15943,32973,2.6232508e-08
15944,19442,1.8515497e-05
15945,82673,2.0348938e-07
15946,49219,1.4019051e-14
15947,68252,0.0014888049
15948,67239,0.0006636983
15949,5709,0.11006626
15950,15493,1.5974478e-05
15951,29823,0.0015616057
15952,26325,0.009601473
15953,32506,0.00010086182
15954,35307,0.027070584
15955,9961,0.06455465
15956,2099,5.0896368e-08
15957,12977,1.4442307e-06
15958,108516,0.059563927
15959,61523,0.054374717
15960,6015,3.398613e-05
15961,42189,1.4609678e-06
15962,4141,2.36611e-09
15963,89312,0.023214001
15964,64004,2.0173104e-07
15965,531,0.0004238249
15966,73043,0.0005402896
15967,9509,0.0024587254
15968,91604,0.033549488
15969,39069,0.009169346
15970,106852,0.010316847
15971,6073,0.0026117605
15972,52152,2.740101e-09
15973,107563,0.0028513179
15974,89104,0.0007400047
15975,114061,0.009159205
15976,78443,5.654472e-05
15977,25310,0.10343049
15978,74928,0.0006647029
15979,16144,5.9840374e-07
15980,67147,0.05926452
15981,103614,0.116101086
15982,30954,1.0591611e-09
15983,75619,1.9561894e-05
15984,74386,0.00046791197
15985,90113,1.2952034e-05
15986,67700,0.0024634663
15987,11609,3.4820607e-07
15988,17175,0.05303671
15989,47540,0.0077906027
15990,26791,0.009159205
15991,12308,1.5781845e-07
15992,78770,1.2891249e-11
15993,84912,5.604381e-08
15994,56647,0.009558456
15995,86013,0.054945264
15996,17686,0.027147863
15997,38837,0.0020974563
15998,77723,0.004193053
15999,110314,0.004052996
16000,80633,0.007315115
16001,95772,4.812382e-14
16002,115065,0.0037735433
16003,75409,0.0006647029
16004,18061,0.00916275
16005,49229,9.968833e-06
16006,98953,0.0006647029
16007,85178,1.2641174e-05
16008,26075,0.00016661717
16009,51215,0.018107578
16010,80609,0.0015100181
16011,2171,0.013972453
16012,114255,0.048092566
16013,30757,3.2961862e-07
16014,76430,7.171449e-08
16015,60822,0.0038918324
16016,95616,0.0069063785
16017,44726,4.2561786e-07
16018,20497,0.0040224534
16019,88832,1.9561894e-05
16020,93053,0.027725894
16021,18936,3.7126628e-07
16022,45630,0.027271394
16023,68133,0.05926452
16024,13444,0.009161325
16025,60833,0.0007400047
16026,27595,1.4033235e-13
16027,80738,0.003564712
16028,35297,5.177e-07
16029,76783,2.630792e-08
16030,105811,0.009170086
16031,87581,4.5922254e-05
16032,5128,0.000109351844
16033,78926,2.6801756e-14
16034,69142,1.2674725e-06
16035,87158,6.7487176e-09
16036,37566,0.019502632
16037,51047,0.0008832659
16038,12496,1.1644046e-12
16039,59532,0.054374717
16040,90951,0.0009695206
16041,44097,0.06423854
16042,90479,0.00050568185
16043,114769,3.156008e-10
16044,57927,3.552648e-10
16045,109517,3.5762848e-11
16046,114638,0.037312187
16047,14872,0.012667347
16048,105708,6.56523e-09
16049,97679,0.0042148116
16050,4545,0.008955581
16051,67610,1.6595604e-07
16052,13797,0.0040224534
16053,76045,1.9561894e-05
16054,28129,0.010311361
16055,8715,4.9080296e-07
16056,30055,4.7596604e-05
16057,105758,4.257264e-09
16058,85714,2.0292407e-05
16059,106464,0.0019673521
16060,94037,0.0007907776
16061,68671,0.0007400047
16062,102927,7.9181245e-12
16063,73730,0.019502632
16064,103152,0.00028998882
16065,109033,0.0026269308
16066,36381,8.582986e-08
16067,22269,2.0707545e-11
16068,47107,0.009169346
16069,40582,8.170914e-05
16070,41653,0.0040224534
16071,97021,0.08087044
16072,114425,3.2276923e-09
16073,108048,0.014957838
16074,85913,0.0009928349
16075,33358,0.064573884
16076,105332,1.6063461e-09
16077,96590,0.0026451752
16078,99897,0.047967356
16079,94176,0.0007400047
16080,109228,0.0011293961
16081,63760,0.00029178231
16082,80211,0.002328324
16083,382,4.8043635e-06
16084,9285,0.010391143
16085,17050,3.1322736e-09
16086,41772,0.0287143
16087,66995,0.07563015
16088,84011,3.3483225e-12
16089,81866,3.4883288e-10
16090,6693,0.00909721
16091,115018,0.004052996
16092,24733,1.3356072e-09
16093,97510,0.040398903
16094,64974,0.000118879645
16095,66869,5.163669e-11
16096,48974,0.019502632
16097,28470,0.009159205
16098,92665,0.08043513
16099,41135,0.04562465
16100,91490,0.0042148116
16101,50199,0.00014910723
16102,25116,3.6816223e-09
16103,68653,0.026707362
16104,54496,0.06433432
16105,104574,2.0700624e-12
16106,9673,1.023002e-07
16107,50337,8.840495e-05
16108,59641,0.06433432
16109,51416,0.018107578
16110,58902,0.009159205
16111,59398,2.6550937e-05
16112,104658,3.7765643e-13
16113,31068,7.084783e-14
16114,51531,6.090799e-05
16115,44652,1.3460164e-08
16116,82536,0.0004526072
16117,74554,2.2757132e-09
16118,10763,0.00043075907
16119,70754,0.0807629
16120,29307,0.010935187
16121,64568,3.6898737e-10
16122,73902,0.0033302435
16123,104546,4.7572645e-05
16124,57007,6.5632937e-15
16125,102881,2.1336651e-11
16126,3921,4.3696878e-06
16127,40031,0.0022512635
16128,108372,0.0011293961
16129,27570,0.0042110747
16130,13175,0.0015296647
16131,16717,2.5446132e-12
16132,84843,4.823709e-12
16133,50469,2.6953824e-09
16134,79279,1.3424356e-14
16135,102227,0.059353366
16136,33194,0.027684728
16137,70470,2.6868029e-05
16138,95472,0.004607776
16139,9114,0.0044668126
16140,34716,0.009159205
16141,104233,1.6081554e-08
16142,33700,0.00067582063
16143,106559,0.038590845
16144,40570,0.0029802534
16145,112943,0.018143823
16146,18657,0.0075416355
16147,43025,2.8094443e-13
16148,53762,0.0028958032
16149,32606,3.3894786e-08
16150,15081,0.0011257017
16151,86455,1.9561894e-05
16152,114696,0.012298706
16153,67999,0.06482158
16154,35984,0.014774942
16155,59928,0.004193047
16156,65702,2.4192161e-08
16157,96714,0.0069063785
16158,82574,2.887028e-09
16159,33647,1.6971356e-08
16160,9219,0.01046717
16161,33952,0.011915572
16162,107918,0.004069577
16163,102453,3.1613587e-13
16164,59265,0.0025845168
16165,962,6.0976395e-06
16166,75128,1.4819035e-08
16167,11957,0.009567516
16168,110477,1.4584789e-06
16169,23547,3.502464e-09
16170,39745,0.008979334
16171,13518,0.055304173
16172,114326,0.007061
16173,72065,0.005388517
16174,64706,1.3209206e-13
16175,29660,6.234138e-06
16176,61967,0.0025778974
16177,18795,7.262239e-05
16178,86598,0.0073634656
16179,88845,0.04974522
16180,60403,0.0006647029
16181,47537,0.018125536
16182,100962,0.041056603
16183,98806,0.03288868
16184,44240,0.009558456
16185,57790,0.009558456
16186,66474,0.0014888049
16187,6185,0.0011691344
16188,39305,0.0006208077
16189,110832,3.0229918e-15
16190,71463,0.010449223
16191,99158,0.002341042
16192,104003,3.568173e-05
16193,25191,0.002694702
16194,37244,0.009558456
16195,57870,5.0968756e-05
16196,19669,0.019502632
16197,6387,0.00018456129
16198,101399,0.015932992
16199,114266,5.8391854e-11
16200,87867,0.0070770015
16201,15985,3.4438945e-06
16202,9176,0.00070731225
16203,75927,0.009170086
16204,11159,0.01505429
16205,38640,0.054374717
16206,72480,0.00024887492
16207,104064,7.445592e-07
16208,74798,0.0006742901
16209,20513,0.00073680165
16210,4064,1.2434645e-05
16211,104212,0.01763777
16212,42466,0.0019829555
16213,19444,1.66552e-08
16214,26315,1.4469561e-05
16215,113894,0.02426992
16216,79843,0.07536306
16217,95770,0.00011439706
16218,50940,0.018107578
16219,58304,0.04730674
16220,26041,2.0384967e-13
16221,57217,0.00076586317
16222,24968,5.7404537e-10
16223,45469,0.0025652924
16224,71035,0.018107578
16225,66997,0.009170086
16226,93921,0.015160915
16227,96664,0.0030269627
16228,50299,0.009558456
16229,23465,9.616957e-13
16230,91362,0.026707362
16231,47717,0.07016115
16232,85782,0.018107578
16233,32952,0.0077906027
16234,1675,6.551291e-10
16235,92115,3.1944504e-07
16236,54116,0.009558456
16237,94259,4.7239055e-07
16238,59650,0.0010019649
16239,64019,0.0055765663
16240,81452,1.0859619e-15
16241,29756,0.018143823
16242,84577,0.007799152
16243,48501,0.0007400047
16244,35294,0.018107578
16245,79660,1.9561894e-05
16246,8722,0.00688787
16247,72937,0.02039527
16248,22145,2.4594053e-07
16249,14026,0.00010681258
16250,75425,0.01954178
16251,36413,0.0026789745
16252,89746,0.05211899
16253,103942,0.029035993
16254,30957,0.009558456
16255,21585,6.462717e-13
16256,35722,0.009558456
16257,4490,1.8310335e-09
16258,50710,0.09383845
16259,58934,6.785515e-13
16260,10687,9.697249e-09
16261,104977,0.001036643
16262,4241,1.9409717e-08
16263,31205,0.0042110747
16264,82966,1.9561894e-05
16265,67585,1.3221793e-08
16266,107449,0.0019673521
16267,104380,0.055277847
16268,111565,0.010167009
16269,53007,7.060902e-11
16270,3161,1.1376383e-06
16271,25098,0.009601473
16272,74590,2.227576e-09
16273,20794,1.2336656e-05
16274,52925,0.0032055643
16275,4355,2.27157e-06
16276,101677,0.009170086
16277,33410,2.4063974e-17
16278,102490,1.0074358e-07
16279,15660,0.0059560384
16280,25545,1.5577118e-08
16281,106066,0.00010575418
16282,80021,0.018370343
16283,84125,0.010167009
16284,53388,8.706317e-08
16285,79571,0.0042148116
16286,2727,4.3393087e-05
16287,71074,2.9330977e-06
16288,25283,2.329322e-05
16289,105264,0.0011293961
16290,12028,2.6313389e-08
16291,53240,0.0040224534
16292,66016,4.2209525e-09
16293,114939,0.00074896915
16294,48832,1.977663e-10
16295,20499,3.898542e-09
16296,100877,3.539129e-07
16297,93139,0.00266249
16298,25055,2.4943074e-05
16299,85925,0.00048040142
16300,78483,0.00020802865
16301,31515,2.6367227e-06
16302,32669,0.054374717
16303,88053,0.0005684963
16304,114422,1.3290206e-06
16305,59752,0.0002171782
16306,56167,2.0700624e-12
16307,52585,0.0007400047
16308,80164,1.3391598e-10
16309,94187,0.021901065
16310,111775,0.0042148116
16311,14699,3.657579e-07
16312,22941,1.5760097e-07
16313,32807,2.6765004e-08
16314,72706,0.008979334
16315,9174,4.4147356e-07
16316,14227,2.808284e-07
16317,47323,1.9253847e-09
16318,51238,1.8182565e-10
16319,49770,0.0011280156
16320,27141,0.0042110747
16321,92675,0.004607776
16322,65088,1.9873337e-12
16323,1934,3.2154696e-07
16324,63566,1.8222258e-09
16325,90372,0.0042148116
16326,4640,0.3377165
16327,79733,0.027994813
16328,1796,0.041223805
16329,94053,0.05926452
16330,114463,7.309996e-11
16331,11506,6.3560574e-06
16332,69048,0.019502632
16333,98964,0.04721201
16334,42953,5.87738e-10
16335,64016,0.0014888049
16336,32194,5.5939147e-12
16337,62456,0.06334803
16338,10214,0.0101294415
16339,99177,0.055277847
16340,49192,2.658521e-11
16341,42199,0.00015788832
16342,8619,0.02718392
16343,86805,0.015637578
16344,106995,0.0016199497
16345,1074,3.016947e-09
16346,81605,0.0023459184
16347,70825,4.2208796e-13
16348,66202,0.02973818
16349,66624,1.073002e-05
16350,110145,3.5480043e-09
16351,60381,0.027684728
16352,23101,9.73071e-09
16353,65199,1.4819035e-08
16354,101489,0.04805257
16355,4953,0.020336429
16356,86492,4.5274984e-08
16357,10913,0.00035436725
16358,63893,6.699206e-15
16359,97684,0.025259737
16360,93800,0.0049228678
16361,87145,0.054374717
16362,99196,0.0007400047
16363,24852,0.164053
16364,16562,7.374825e-14
16365,87955,0.05926452
16366,12332,3.593917e-09
16367,43448,0.00067582063
16368,65209,9.829541e-06
16369,92377,0.001260472
16370,76973,9.724159e-13
16371,53652,1.9561894e-05
16372,87222,0.054374717
16373,64487,3.507396e-10
16374,86473,1.9782516e-05
16375,80878,0.00013327887
16376,93091,0.44050828
16377,43554,0.009169346
16378,99615,0.009611095
16379,12972,6.813993e-06
16380,95001,1.3723569e-06
16381,29285,0.027070584
16382,20538,9.73071e-09
16383,17914,0.0023628047
16384,75509,0.0022938333
16385,34156,0.006883253
16386,63150,5.0228333e-12
16387,11440,4.880328e-07
16388,104912,0.0007412293
16389,89651,0.018917745
16390,40415,0.00016251621
16391,95047,2.2757132e-09
16392,95439,5.999658e-11
16393,4541,0.023169983
16394,49713,0.004193047
16395,17167,0.06841784
16396,74060,0.011915572
16397,11811,2.9872417e-12
16398,3108,2.7250535e-06
16399,27864,3.3168637e-09
16400,13263,6.547006e-10
16401,58131,0.0010389581
16402,6113,5.592088e-09
16403,11469,0.0014277677
16404,74849,0.033814374
16405,82067,0.0077906027
16406,41538,0.0069047827
16407,72953,1.9561894e-05
16408,29227,0.0003159573
16409,101888,0.030939724
16410,3942,0.027112849
16411,37048,6.217462e-12
16412,11177,2.6232242e-06
16413,112151,0.0012566155
16414,48073,0.027308173
16415,94456,0.019502632
16416,7338,0.041634236
16417,59541,3.7432128e-06
16418,57665,0.04974522
16419,108440,0.0006647029
16420,37746,0.0013471787
16421,9640,5.5244524e-05
16422,10816,0.00038141425
16423,19070,2.3354698e-05
16424,26012,0.0003055988
16425,69686,0.0033140113
16426,5976,0.000101028636
16427,94349,0.06451
16428,103317,0.009611095
16429,21979,1.1216995e-06
16430,62528,0.0033026752
16431,77832,0.0109536555
16432,114801,4.5265167e-11
16433,55785,0.009558456
16434,89481,0.004193047
16435,103471,0.0001531994
16436,28841,0.054374717
16437,9343,1.7135571e-06
16438,47082,3.4170482e-11
16439,105286,0.059533693
16440,5029,0.0032853102
16441,74260,0.0070868284
16442,25957,0.0056379135
16443,70318,0.0006647029
16444,25471,0.018125536
16445,26999,6.234138e-06
16446,67183,3.0732017e-09
16447,3261,2.412105e-07
16448,103448,3.3680257e-07
16449,45091,0.018125536
16450,52854,0.027070584
16451,19532,0.50285816
16452,58603,1.133901e-07
16453,55855,0.009558456
16454,75978,3.5289178e-09
16455,50410,0.06433432
16456,27613,2.6905117e-10
16457,109487,0.031610955
16458,42287,5.9054026e-11
16459,10835,4.7081556e-07
16460,40075,0.009601473
16461,88359,0.002641423
16462,60394,0.00041341223
16463,96782,0.02897164
16464,56017,0.07983019
16465,20979,0.018107578
16466,80574,6.342475e-11
16467,93961,7.3399706e-13
16468,113715,0.026351169
16469,25045,3.6225684e-12
16470,26515,1.7945284e-10
16471,115261,0.00011654067
16472,57838,0.057276614
16473,28943,0.022381546
16474,52475,0.0022811217
16475,12952,0.009567516
16476,103443,3.2198486e-07
16477,19512,0.0023628047
16478,96157,0.06526349
16479,48451,0.002814115
16480,20190,0.06433432
16481,21209,1.5918197e-08
16482,81519,5.973851e-11
16483,42347,0.0069047827
16484,96191,8.754849e-10
16485,42515,0.028905047
16486,77641,7.7426385e-13
16487,44538,4.8137285e-06
16488,102067,0.0042148116
16489,46334,3.4170482e-11
16490,26927,7.443799e-15
16491,26660,3.6440566e-13
16492,43907,1.01144105e-05
16493,103006,3.699416e-06
16494,108574,0.009611095
16495,40184,3.3783913e-11
16496,115963,2.4962532e-08
16497,40232,8.817752e-12
16498,88647,0.0007400047
16499,10698,1.0826071e-08
16500,81980,0.0064479313
16501,71062,0.04562465
16502,71026,0.019502632
16503,26022,0.0006168516
16504,20815,3.8109036e-14
16505,112472,0.0029955134
16506,66167,3.9258223e-09
16507,107685,0.05679316
16508,51406,6.0781563e-10
16509,42728,1.5258074e-05
16510,61694,0.05926452
16511,72195,0.07983019
16512,33468,3.2262255e-05
16513,87174,0.018107578
16514,37177,1.0237271e-09
16515,24206,4.190443e-05
16516,67226,0.010311361
16517,44622,0.05303671
16518,15459,6.707853e-10
16519,10758,2.4003307e-07
16520,106373,0.0024378062
16521,77613,7.1946366e-10
16522,17970,0.0046747844
16523,63359,0.05926452
16524,83104,2.7573733e-11
16525,84484,0.0042148116
16526,107556,2.324273e-10
16527,92440,3.1514151e-12
16528,103546,0.007900154
16529,65275,9.829541e-06
16530,84933,0.00053218845
16531,95904,5.678138e-12
16532,22461,6.4853523e-09
16533,68094,2.533733e-14
16534,90651,1.9561894e-05
16535,13849,1.9634635e-06
16536,82139,0.0043856604
16537,38926,1.4492715e-08
16538,108620,0.016495073
16539,13592,0.13853423
16540,31673,0.010311361
16541,100240,0.009170086
16542,56654,7.879992e-05
16543,86757,0.009170086
16544,92121,2.9322849e-09
16545,108762,0.009611095
16546,12020,5.428969e-08
16547,82489,0.0006647029
16548,25611,0.0007865015
16549,79800,0.008979334
16550,105287,0.018143823
16551,44046,0.009601473
16552,51774,0.001267699
16553,115243,1.8955727e-05
16554,39270,0.00017287674
16555,18354,1.496103e-06
16556,33566,2.7706582e-07
16557,102705,0.032136623
16558,105759,0.056533176
16559,33820,0.00028164173
16560,12919,2.405664e-09
16561,68022,0.003559516
16562,9881,2.997702e-05
16563,29201,9.628911e-06
16564,113197,0.059533693
16565,104743,2.881309e-07
16566,69558,0.00063210167
16567,9971,0.009490432
16568,61676,0.00024133058
16569,71329,0.026707362
16570,61988,0.0038918324
16571,38221,0.033279814
16572,85316,2.1059516e-09
16573,39530,0.028905047
16574,14786,3.8332524e-07
16575,41795,0.08742233
16576,96932,0.0042148116
16577,49723,0.0100853825
16578,48079,1.1581583e-12
16579,4162,3.7060745e-05
16580,50129,0.0027576566
16581,80488,0.0022512635
16582,26815,0.0022227438
16583,67946,0.00040731797
16584,33581,0.00067857513
16585,28704,0.010311361
16586,94684,0.027994813
16587,82900,0.02236218
16588,19923,0.00916275
16589,33203,0.009159205
16590,866,3.379166e-14
16591,50531,0.009558456
16592,115557,0.064573884
16593,114604,1.00093e-10
16594,25993,2.1603754e-09
16595,36510,0.008653667
16596,80022,0.0006647029
16597,7368,1.0904485e-09
16598,82449,8.861133e-08
16599,49663,2.7661761e-05
16600,39026,2.9044296e-14
16601,29829,0.00088021404
16602,48681,0.0026451752
16603,71172,0.05926452
16604,102054,0.002328324
16605,99628,6.188891e-11
16606,32250,1.0020513e-05
16607,12987,4.996047e-10
16608,84079,1.1846237e-09
16609,48119,0.00021855357
16610,58367,0.0028958032
16611,91377,1.47230494e-08
16612,7346,0.008955581
16613,52894,0.009558456
16614,90215,0.0040165526
16615,37718,0.009601473
16616,69498,3.0732017e-09
16617,22409,0.054564036
16618,26673,1.2996213e-06
16619,8373,0.0014277677
16620,34649,0.0037716294
16621,108664,0.00024887492
16622,94700,0.035379358
16623,22325,9.73071e-09
16624,28673,6.939775e-11
16625,42791,0.009177744
16626,46506,1.7910652e-09
16627,114170,0.060112506
16628,53860,0.004193053
16629,83261,0.03757651
16630,63219,2.0249145e-09
16631,37349,0.001385437
16632,78301,0.00013489742
16633,44054,0.00017287674
16634,60350,1.1598475e-08
16635,5190,3.0867454e-11
16636,95056,0.0026451752
16637,100440,2.605209e-05
16638,32326,0.08662097
16639,34012,0.00987986
16640,50415,0.17215532
16641,8936,0.0012101504
16642,73249,0.0051844474
16643,68806,0.002328324
16644,57925,1.1623427e-07
16645,115507,0.009611095
16646,69270,0.00091146445
16647,35432,0.026707362
16648,112176,2.2668973e-09
16649,6543,1.7864829e-06
16650,31050,4.5108518e-05
16651,24191,0.054374717
16652,4305,6.339818e-07
16653,60201,4.3663053e-06
16654,29084,0.009159205
16655,104535,0.005396051
16656,6383,0.0032853102
16657,14448,5.9800245e-09
16658,71727,0.018107578
16659,16345,2.0639709e-16
16660,8085,4.853931e-07
16661,11530,2.4966695e-10
16662,83785,1.9271552e-05
16663,104562,0.059533693
16664,89301,1.6512228e-08
16665,66229,1.8458957e-05
16666,42064,0.15853351
16667,22755,1.1216995e-06
16668,87472,0.05926452
16669,8634,2.097146e-08
16670,81074,0.0007400047
16671,4268,7.453359e-08
16672,5116,3.6181497e-08
16673,88062,2.0013779e-06
16674,22781,0.002982897
16675,13718,1.6720304e-10
16676,53857,0.07923881
16677,104280,5.315637e-05
16678,76367,2.1800122e-09
16679,35403,0.028905047
16680,70330,0.024162585
16681,105974,6.406837e-13
16682,72780,0.05926452
16683,79092,4.2987802e-05
16684,58233,0.00013526439
16685,16276,0.006890789
16686,28849,0.028905047
16687,32095,0.047503874
16688,99598,0.0006647029
16689,3890,0.0006934567
16690,23598,0.010311361
16691,17810,0.0033317888
16692,10544,1.0165585e-06
16693,87566,0.008979334
16694,56464,0.040115204
16695,72778,0.0001323358
16696,60591,2.1970529e-08
16697,46205,1.4434748e-06
16698,50900,0.0009942235
16699,109385,0.019548833
16700,53272,0.11003851
16701,98128,5.999658e-11
16702,31344,7.2958275e-05
16703,38790,0.008244913
16704,73237,3.1613112e-09
16705,68479,0.06433432
16706,52068,3.9335105e-10
16707,108601,0.055277847
16708,106979,3.6533467e-07
16709,105925,0.018143823
16710,82561,0.009558456
16711,50206,0.009558456
16712,24467,0.031513087
16713,112542,5.915822e-07
16714,22992,0.0045145047
16715,31324,0.009558456
16716,95374,2.370916e-17
16717,17179,0.076556616
16718,99941,9.90623e-10
16719,73740,0.004193053
16720,65350,3.4854786e-08
16721,32886,0.018143823
16722,113140,3.302306e-07
16723,17776,0.010466395
16724,23510,0.10343049
16725,73097,1.07289934e-10
16726,56402,2.0700624e-12
16727,66478,4.8514734e-12
16728,18398,4.1717944e-12
16729,99272,2.0432388e-12
16730,108287,4.1383512e-07
16731,107056,0.007884178
16732,3462,5.4383407e-11
16733,80016,2.71444e-06
16734,55427,0.05073388
16735,9164,1.7129838e-07
16736,99994,0.018134167
16737,14641,2.368794e-15
16738,53796,8.487901e-05
16739,59782,5.12138e-09
16740,29357,6.4086764e-11
16741,66783,6.7799665e-05
16742,59133,0.015943022
16743,113093,0.03858612
16744,24061,2.1818467e-09
16745,59173,9.5618825e-06
16746,39083,0.002814115
16747,69667,0.010449223
16748,25454,0.031513087
16749,54167,0.0009799172
16750,21490,0.0009615326
16751,55176,0.010311361
16752,67501,0.05926452
16753,65498,6.621626e-11
16754,2438,2.412105e-07
16755,99347,0.050105408
16756,77368,0.022316055
16757,59704,0.0026451752
16758,65782,0.035858534
16759,90693,0.0042148116
16760,56465,0.0015616057
16761,30734,0.027915554
16762,28410,1.888138e-08
16763,93730,0.0042148116
16764,50664,2.9821237e-08
16765,860,0.010439204
16766,35453,5.7214396e-07
16767,34589,0.006883253
16768,101196,8.5208535e-07
16769,101611,0.04805257
16770,75065,0.006008777
16771,98460,0.059353366
16772,6051,2.8855652e-06
16773,88976,0.010311361
16774,59432,0.0014888049
16775,100138,0.0020798955
16776,10390,0.00688787
16777,82277,1.3053723e-09
16778,92507,7.006045e-05
16779,107811,0.0058318716
16780,82491,0.01954178
16781,16002,1.8840567e-10
16782,2946,0.00017287674
16783,9322,0.20381413
16784,39693,0.009601473
16785,53573,0.00037149573
16786,1481,0.08239772
16787,77129,0.02718392
16788,80702,0.054374717
16789,55007,0.00266249
16790,60426,0.00842067
16791,46400,1.977663e-10
16792,54572,0.009159205
16793,60328,0.0823398
16794,53575,1.468382e-11
16795,16027,2.8793207e-11
16796,112201,1.5068624e-09
16797,32213,0.018143823
16798,115600,0.0014906944
16799,29561,0.009159205
16800,82079,0.0023316327
16801,52203,5.571598e-15
16802,21926,0.009169346
16803,7136,0.00041928442
16804,107754,0.0007412293
16805,36740,0.000509919
16806,40637,0.004676806
16807,25263,0.0077906027
16808,107779,1.4256062e-07
16809,70376,0.0042148116
16810,83556,0.0023459184
16811,112936,0.009159205
16812,40360,2.0405561e-05
16813,65305,1.7027379e-16
16814,25026,0.009169346
16815,57098,0.05926452
16816,16737,2.35829e-15
16817,92704,0.050105408
16818,41248,0.009057707
16819,97077,0.04178785
16820,67419,6.6069504e-08
16821,67369,2.0004113e-07
16822,187,5.3298515e-07
16823,39659,0.018917745
16824,104077,4.234913e-12
16825,41114,0.009601473
16826,112537,0.0012772809
16827,17922,0.0095750205
16828,72140,0.004193047
16829,77793,1.1819677e-12
16830,54189,0.00067582063
16831,13756,0.007206219
16832,107386,0.050217867
16833,71024,1.7241902e-08
16834,22889,0.031180395
16835,67953,0.0009716983
16836,53792,0.0007400047
16837,17607,1.2079894e-07
16838,62576,5.3770658e-14
16839,38450,9.54536e-07
16840,104789,0.032177687
16841,47130,0.0287143
16842,54402,0.0100853825
16843,101367,0.0007402484
16844,50820,0.009558456
16845,47899,9.758725e-08
16846,18916,0.00487458
16847,51280,3.0277655e-10
16848,18588,1.7537528e-05
16849,106764,7.547444e-09
16850,30937,0.110108055
16851,106082,0.0009904522
16852,54987,0.060112506
16853,103787,9.853744e-11
16854,25543,0.010311361
16855,11761,1.66511e-08
16856,108117,6.967601e-11
16857,13226,3.0918833e-11
16858,57991,0.00048040142
16859,23871,0.009601473
16860,6973,0.0033372275
16861,90164,0.0100853825
16862,4405,3.5513453e-06
16863,21569,0.00916275
16864,84313,1.9793273e-05
16865,17463,5.861151e-09
16866,6517,0.001696929
16867,80507,0.027208306
16868,69179,0.0077906027
16869,110286,0.010320635
16870,38272,2.689134e-16
16871,44896,1.7910652e-09
16872,58310,1.624119e-05
16873,14056,0.00963641
16874,28930,0.009558456
16875,18421,0.0017892886
16876,37926,1.977663e-10
16877,98491,2.715572e-11
16878,83757,0.03796641
16879,28437,4.8172776e-14
16880,44981,0.030854149
16881,66446,3.3229156e-10
16882,56937,0.048092566
16883,19880,0.017944383
16884,79823,0.054945264
16885,96277,0.06334803
16886,107265,0.0011136024
16887,43992,1.1698379e-05
16888,42801,0.0991361
16889,26905,1.3072475e-06
16890,59239,9.537887e-15
16891,3378,0.0007913125
16892,33983,0.009558456
16893,28061,0.009159205
16894,85302,1.2197049e-14
16895,26198,0.0009799172
16896,22966,1.07772936e-10
16897,12941,3.1624624e-13
16898,13986,0.0022811217
16899,67715,0.029978158
16900,109328,0.0009842138
16901,103543,0.08255761
16902,61762,3.5289178e-09
16903,27611,0.0076802233
16904,38793,0.027271394
16905,76072,0.00016590806
16906,44781,1.4840494e-13
16907,10080,0.023169983
16908,8336,0.00013199943
16909,100099,7.929548e-09
16910,24964,0.06445305
16911,52709,0.004563765
16912,79361,0.0038918324
16913,100005,0.00023447897
16914,34358,3.4170482e-11
16915,108749,2.7942267e-06
16916,57630,3.103836e-05
16917,46087,0.0041145105
16918,34663,5.7214396e-07
16919,94783,0.0007400047
16920,47279,0.001284776
16921,99905,0.018134167
16922,47079,0.0042110747
16923,18547,6.521865e-11
16924,85547,0.0023459184
16925,18208,5.0965304e-05
16926,68581,0.010167009
16927,934,0.17045903
16928,108660,0.0011293961
16929,59574,0.009558456
16930,61621,0.14108628
16931,72058,8.73231e-12
16932,33275,0.009159205
16933,747,0.0017031279
16934,114481,0.009558456
16935,37909,0.018107578
16936,103917,5.6428574e-11
16937,93307,0.048092566
16938,31508,0.028905047
16939,90381,4.7254274e-14
16940,54450,0.004193047
16941,75924,0.05926452
16942,40007,0.06433432
16943,90901,2.4692162e-10
16944,105256,0.028832536
16945,78160,4.1089738e-08
16946,41128,0.000509919
16947,804,0.00909721
16948,87768,2.4646123e-08
16949,107074,0.0009923768
16950,64467,5.8047696e-08
16951,106400,7.79435e-13
16952,99945,0.0022938333
16953,46529,2.166788e-13
16954,14882,0.031109303
16955,14870,0.025817117
16956,8476,0.001164584
16957,89561,0.009170086
16958,107684,1.9131945e-09
16959,77635,0.0042148116
16960,57933,1.4034856e-07
16961,15560,2.3992005e-05
16962,90345,2.6831818e-11
16963,13390,0.009161325
16964,61178,0.017582277
16965,69012,1.7027379e-16
16966,8771,2.7334108e-08
16967,33134,0.009558456
16968,97520,0.007900154
16969,2937,6.866297e-07
16970,41394,5.4343338e-05
16971,44218,0.009558456
16972,68551,0.0006647029
16973,35537,0.00014910723
16974,49575,1.2347239e-12
16975,102980,4.8630355e-08
16976,64694,0.0009905635
16977,56884,0.0018184865
16978,108555,2.1088616e-13
16979,54688,0.0019829555
16980,57730,6.189871e-11
16981,66888,0.009170086
16982,21753,3.898542e-09
16983,12064,3.2774415e-07
16984,68313,0.010311361
16985,63083,2.9322849e-09
16986,77324,0.018107578
16987,89807,4.978295e-05
16988,50458,0.018107578
16989,50780,1.977663e-10
16990,96447,0.001273944
16991,6196,0.00033843642
16992,100725,0.031610955
16993,11207,1.5275226e-06
16994,22648,0.03108126
16995,42021,1.8634176e-14
16996,196,1.1199208e-05
16997,98231,0.0007400047
16998,73340,0.048092566
16999,60978,0.031225454
17000,10461,0.023169983
17001,95822,0.010167009
17002,59051,0.0001214945
17003,52935,0.0023467834
17004,23933,0.00033923742
17005,21509,2.1710014e-07
17006,42773,0.00067582063
17007,6122,3.2295205e-07
17008,68622,0.010167009
17009,109340,0.0073333443
17010,63454,5.604381e-08
17011,3265,0.097600184
17012,12774,1.866179e-09
17013,113539,0.027994813
17014,110089,2.8658736e-12
17015,30201,0.052160252
17016,32134,0.009159205
17017,36948,0.027271394
17018,80398,2.8187317e-08
17019,7371,0.010467954
17020,110135,3.4598437e-05
17021,33361,3.0030686e-14
17022,94526,8.9636075e-07
17023,16379,5.9737566e-12
17024,71087,1.2850913e-11
17025,115877,0.0025920197
17026,25699,0.018125536
17027,104877,0.029035993
17028,77143,2.0882867e-06
17029,32682,0.008121043
17030,7441,5.7008134e-07
17031,38207,0.2524837
17032,56166,3.0828314e-08
17033,40406,0.028905047
17034,63732,1.4759804e-06
17035,71219,0.03294483
17036,65629,1.5724066e-09
17037,97241,0.0038918324
17038,43856,2.9321362e-07
17039,108954,0.0026269308
17040,22730,1.237774e-10
17041,90767,0.0042148116
17042,59584,0.059979018
17043,2115,1.3290206e-06
17044,99757,2.5711211e-05
17045,68408,0.009609334
17046,33482,0.0077906027
17047,52967,0.0100853825
17048,15307,1.8859627e-06
17049,30981,0.0009621718
17050,103113,0.019255832
17051,37381,0.00016008859
17052,13386,8.739742e-12
17053,64556,2.1279952e-15
17054,3297,0.009909599
17055,61736,0.05926452
17056,56951,2.0700624e-12
17057,76341,0.00020203156
17058,35465,2.8331885e-07
17059,52619,0.002603574
17060,90218,3.6011405e-10
17061,20086,3.7702907e-06
17062,100139,5.999658e-11
17063,46366,0.0548209
17064,19741,8.753146e-06
17065,19079,0.0095750205
17066,103064,0.004607776
17067,25006,3.655664e-08
17068,83461,0.00063210167
17069,41268,2.33319e-05
17070,35462,0.00013526439
17071,64012,1.4331605e-08
17072,12420,2.078686e-10
17073,92356,0.03288868
17074,31824,3.2275322e-09
17075,2079,0.0036075034
17076,48758,0.52041566
17077,104679,0.004780412
17078,51740,5.6208077e-10
17079,70762,5.1219107e-08
17080,18049,0.0017939883
17081,15192,0.011957734
17082,115980,0.059533693
17083,47820,1.0237271e-09
17084,30861,0.009159205
17085,34248,0.0018160112
17086,31189,0.0021688289
17087,108174,0.00013489742
17088,41953,0.065604225
17089,112998,0.0007412293
17090,52206,0.004193047
17091,62152,0.0042110747
17092,103715,0.059533693
17093,28891,0.001478002
17094,40940,0.0077906027
17095,6945,0.00072309613
17096,76547,9.683837e-15
17097,68393,0.0042148116
17098,77927,3.1047886e-08
17099,81819,0.0006647029
17100,55261,0.0100853825
17101,110048,0.0007412293
17102,5112,7.7194745e-05
17103,72289,1.831607e-12
17104,88258,9.484241e-12
17105,35953,0.0011328188
17106,51211,1.2780992e-09
17107,88541,0.002641423
17108,51142,0.010311361
17109,33043,4.999841e-10
17110,99392,1.6411024e-09
17111,23001,3.1854604e-05
17112,65885,3.3483225e-12
17113,21691,1.3300883e-06
17114,62328,9.8406e-06
17115,82242,3.843433e-13
17116,53367,0.006883253
17117,104799,0.06519151
17118,23285,0.018107578
17119,58267,0.0006647029
17120,19068,1.977663e-10
17121,97447,0.047967356
17122,16099,5.072464e-08
17123,101152,0.0009905635
17124,111430,5.656805e-10
17125,75303,0.011915572
17126,56741,0.0006647029
17127,3563,0.08049183
17128,61308,0.054945264
17129,38076,4.20159e-11
17130,17761,6.841752e-08
17131,27091,2.8538005e-07
17132,35421,0.0011995798
17133,6570,4.2009573e-11
17134,328,6.9301545e-06
17135,63726,7.1579853e-09
17136,74872,0.0009905635
17137,49338,3.6231964e-09
17138,91446,1.2850301e-11
17139,72662,0.002814115
17140,84285,0.0007400047
17141,15306,3.5742374e-08
17142,40104,1.3486013e-16
17143,42402,0.001478002
17144,69134,0.023761515
17145,80201,0.032136623
17146,111873,3.3391473e-06
17147,10226,5.872195e-09
17148,42862,3.3837377e-11
17149,70903,1.9561894e-05
17150,71083,0.05926452
17151,84353,0.0007400047
17152,70339,0.032136623
17153,30880,0.006883253
17154,47739,0.027271394
17155,85770,3.507396e-10
17156,103725,2.5209192e-06
17157,7259,0.0006091513
17158,75268,1.2338983e-11
17159,73106,0.0004754211
17160,13571,0.009567516
17161,87920,0.05926452
17162,24748,2.1818467e-09
17163,20603,1.4757193e-10
17164,6149,0.023169983
17165,32834,1.8535561e-14
17166,3049,5.949857e-11
17167,99529,0.027316395
17168,83503,0.009609334
17169,32702,0.031180395
17170,36751,0.00040116755
17171,49966,0.0059812767
17172,9370,5.366131e-05
17173,95849,1.2264357e-13
17174,7817,0.06455465
17175,61857,0.00012767575
17176,34987,0.009558456
17177,27738,1.4053837e-06
17178,65652,9.829541e-06
17179,10363,0.01046717
17180,87173,2.0004113e-07
17181,87638,0.009609334
17182,39518,4.890247e-10
17183,8141,3.703252e-08
17184,16155,8.4830275e-11
17185,53467,0.001267699
17186,64606,9.8406e-06
17187,71986,0.00020465693
17188,61618,0.0042110747
17189,91290,0.009609334
17190,64521,0.00046791197
17191,59825,8.227123e-09
17192,61442,2.3894598e-05
17193,81093,0.00018016814
17194,94371,0.004193047
17195,75338,3.6877356e-07
17196,75084,6.872002e-07
17197,71604,1.3742609e-09
17198,48634,4.853956e-11
17199,26002,0.0048444965
17200,54880,0.02718392
17201,77393,1.5131695e-07
17202,21950,0.018525936
17203,50184,0.047630355
17204,61380,0.010311361
17205,10995,8.3502046e-11
17206,57661,0.004193047
17207,41366,0.00039332092
17208,25426,3.5603696e-09
17209,112666,4.3800945e-05
17210,106174,0.018648397
17211,6853,6.4895676e-07
17212,47293,0.009601473
17213,43858,0.0009702986
17214,12379,0.041223805
17215,91047,0.008979334
17216,54476,0.009558456
17217,114701,1.4679619e-11
17218,75319,9.808837e-06
17219,62175,0.0040224534
17220,78755,0.009558456
17221,20152,4.1952368e-05
17222,68494,0.009609334
17223,8049,0.04117182
17224,32212,2.5127933e-10
17225,69265,9.917045e-10
17226,86373,0.028510533
17227,72039,0.031558465
17228,45365,0.02521269
17229,40685,6.856709e-05
17230,24845,0.0014833396
17231,51552,5.3456244e-09
17232,101464,0.0006647029
17233,63036,0.009600602
17234,59726,0.032136623
17235,89513,0.05926452
17236,22285,1.977663e-10
17237,12210,0.00013388683
17238,16128,3.5213478e-05
17239,31825,0.027684728
17240,106340,0.009611095
17241,40027,0.031180395
17242,96696,0.009170086
17243,58737,2.3886532e-06
17244,58004,0.03764239
17245,40596,0.00033244892
17246,42611,0.00026873508
17247,100726,0.0006647029
17248,97745,0.034275047
17249,30288,0.0012578603
17250,63741,1.7027379e-16
17251,53791,0.0006647029
17252,73211,0.027308173
17253,19189,2.566855e-13
17254,1560,0.009876684
17255,29036,1.0237271e-09
17256,44216,0.004193047
17257,70167,0.00012767575
17258,80926,8.961316e-22
17259,23079,1.8560546e-13
17260,82364,3.5519707e-07
17261,50939,0.0009799172
17262,26738,0.04860411
17263,53152,2.2608744e-12
17264,31877,1.0979121e-08
17265,106522,0.00061261683
17266,108053,5.3943574e-09
17267,19425,0.0001594936
17268,49475,0.004420008
17269,4347,6.339818e-07
17270,78771,2.5192334e-10
17271,64030,0.0023464542
17272,13410,4.0597874e-15
17273,38918,0.009169346
17274,25344,0.0014862727
17275,52928,1.9561894e-05
17276,53323,0.0014862727
17277,103195,1.3964249e-12
17278,111340,0.027316395
17279,93858,1.8035415e-11
17280,95643,6.181379e-05
17281,30715,4.9768565e-05
17282,30651,0.009558456
17283,100952,4.3850714e-06
17284,23858,0.009601473
17285,66657,5.2176086e-10
17286,62560,0.0095750205
17287,88438,0.00013591044
17288,96556,2.0183534e-11
17289,23316,0.0014259123
17290,32582,0.018143823
17291,108914,2.2275926e-05
17292,111209,0.010320635
17293,9006,4.3424525e-06
17294,4738,0.023169983
17295,115919,0.028512405
17296,30322,1.2281212e-09
17297,89741,0.05926452
17298,13487,1.6323551e-09
17299,45210,0.0017448065
17300,98098,0.0042148116
17301,57771,0.018107578
17302,43908,0.027271394
17303,28018,6.0702384e-08
17304,46784,0.009169346
17305,5717,0.0071632224
17306,86355,0.018107578
17307,65499,2.0882867e-06
17308,87848,0.0014881216
17309,72021,1.2850913e-11
17310,38810,0.004728434
17311,12436,0.054374717
17312,86041,0.06334803
17313,33602,0.0012097919
17314,97709,0.0005680578
17315,19154,0.0688517
17316,51680,9.750565e-06
17317,33243,1.3356072e-09
17318,107301,0.02804436
17319,94458,0.009558456
17320,18733,1.6897329e-06
17321,83859,3.6337934e-12
17322,51396,0.0003221182
17323,113503,0.0025764718
17324,25599,3.6816223e-09
17325,106934,4.3943106e-05
17326,43156,1.1624396e-10
17327,54458,2.9330049e-05
17328,32067,0.009558456
17329,64601,1.945306e-10
17330,78810,0.009558456
17331,26172,0.07016115
17332,101947,8.555886e-08
17333,21766,0.009601473
17334,74288,3.023328e-10
17335,114143,1.9561894e-05
17336,99406,0.009611095
17337,33963,9.193888e-10
17338,96868,0.007900154
17339,31756,0.0042110747
17340,5611,7.3480187e-06
17341,63341,0.0095750205
17342,102502,7.8522986e-05
17343,94264,0.009399759
17344,5398,4.0209002e-08
17345,63521,1.17738615e-07
17346,20297,0.007799152
17347,66066,2.3185566e-10
17348,26569,0.00030126362
17349,15446,4.7924516e-07
17350,78455,0.0015616057
17351,100175,0.00012524994
17352,80546,1.6249682e-05
17353,18725,3.4170482e-11
17354,105885,4.1383512e-07
17355,48224,0.018107578
17356,6143,6.249432e-08
17357,49291,0.005666774
17358,41303,1.05591056e-07
17359,113251,0.089536704
17360,64216,0.009105743
17361,62218,3.1299888e-15
17362,58411,0.06433432
17363,52791,1.3614525e-06
17364,14143,2.6550937e-05
17365,49122,1.6939304e-12
17366,100441,0.0026451752
17367,10606,1.497851e-08
17368,91694,0.05926452
17369,78769,5.7822493e-08
17370,16286,0.065604225
17371,98285,1.2234836e-11
17372,87297,1.9561894e-05
17373,5908,0.001051407
17374,4334,0.00909721
17375,106014,4.1383512e-07
17376,24450,8.268011e-05
17377,47073,7.138096e-12
17378,77155,8.1609316e-05
17379,91854,0.0042148116
17380,113146,0.006883253
17381,89217,0.04974522
17382,47184,0.009169346
17383,43261,1.2800903e-12
17384,48432,0.027308173
17385,73573,0.014735244
17386,47662,4.2321844e-08
17387,3593,0.041634236
17388,66663,9.8406e-06
17389,25080,2.993413e-08
17390,96315,3.760696e-05
17391,104812,0.0058863848
17392,81870,0.0012265438
17393,6835,0.009692641
17394,18073,0.025817117
17395,19658,5.94456e-11
17396,62164,0.0005303402
17397,4127,0.00909721
17398,85663,0.05073388
17399,37666,1.6199855e-13
17400,57743,0.006928211
17401,64236,5.8047696e-08
17402,50386,1.0866839e-05
17403,81321,0.0026416038
17404,18440,1.3356072e-09
17405,90007,0.00012954828
17406,54158,0.00084267557
17407,23817,2.9928972e-07
17408,9675,1.001438e-06
17409,21156,0.0025845168
17410,61866,0.00026873508
17411,46984,0.0077906027
17412,39439,0.009601473
17413,97361,7.692356e-09
17414,11743,0.0015296647
17415,103174,0.0036706917
17416,98190,1.5068624e-09
17417,26998,0.009892122
17418,90579,0.018134167
17419,91827,0.00035643607
17420,81695,0.00024887492
17421,2867,0.041634236
17422,35250,0.009159205
17423,11547,9.6439835e-06
17424,33390,3.2347996e-12
17425,68583,0.05926452
17426,48488,0.004607776
17427,93040,0.0006647029
17428,35020,0.018107578
17429,68184,3.147729e-06
17430,16004,1.3586719e-10
17431,99571,7.096269e-09
17432,46273,0.027271394
17433,3116,0.010129824
17434,20224,7.5883753e-07
17435,38440,2.3231574e-09
17436,28449,0.009558456
17437,101292,2.6747352e-06
17438,6680,6.313699e-08
17439,54443,0.00048040142
17440,18168,3.3434006e-13
17441,38004,4.907987e-08
17442,80660,1.9561894e-05
17443,7303,0.01764968
17444,19932,0.028757617
17445,4279,1.5464012e-06
17446,109917,0.0017435714
17447,28225,2.0817827e-08
17448,11046,1.3470691e-06
17449,108454,0.027316395
17450,96641,0.009170086
17451,21076,0.0004845081
17452,14020,6.61988e-12
17453,72747,2.1178019e-07
17454,84393,0.009159205
17455,114383,0.018143823
17456,109808,0.003079365
17457,106294,1.6278259e-08
17458,51964,7.650131e-07
17459,95551,0.0011200033
17460,36653,0.0003660205
17461,73723,2.9979077e-05
17462,102783,0.054945264
17463,104856,1.7968248e-12
17464,81204,0.0022938333
17465,111061,0.057317365
17466,99125,0.009611095
17467,63429,0.04005746
17468,2686,7.249776e-06
17469,91566,5.973851e-11
17470,11009,1.18496e-05
17471,90293,0.048092566
17472,86070,0.024268791
17473,59517,9.8406e-06
17474,9391,0.023169983
17475,49564,0.009558456
17476,74489,0.06433432
17477,70361,3.8891373e-10
17478,96707,0.0006647029
17479,82983,2.9009013e-07
17480,60929,0.027070584
17481,18866,4.388284e-09
17482,15130,0.00037149573
17483,28477,0.06445305
17484,104965,2.6247182e-11
17485,73653,0.00013489742
17486,5336,2.7463079e-08
17487,85401,2.1750093e-11
17488,100468,4.2119165e-05
17489,46440,1.977663e-10
17490,103114,1.00253824e-11
17491,92961,5.973851e-11
17492,63486,2.3155812e-11
17493,102699,0.007900154
17494,84260,0.05926452
17495,30611,3.4723547e-05
17496,33337,0.00037149573
17497,17584,0.08503818
17498,73101,0.07016115
17499,67256,0.02330463
17500,97777,0.027234493
17501,67188,0.009609334
17502,38476,7.3069384e-07
17503,90470,0.0010103625
17504,103857,0.059533693
17505,106471,0.026397953
17506,6103,0.00055215834
17507,56553,0.005194104
17508,40795,2.1352385e-07
17509,97673,0.0006647029
17510,56346,0.07983019
17511,33220,0.006883253
17512,64958,2.4575101e-08
17513,271,0.024478596
17514,43175,2.3966897e-05
17515,17828,5.480939e-07
17516,5807,0.06060064
17517,76239,0.018107578
17518,84728,1.9561894e-05
17519,75700,0.048092566
17520,59581,1.7910652e-09
17521,28982,0.010311361
17522,50541,8.683058e-06
17523,59322,0.004086531
17524,88672,1.7968255e-11
17525,91906,2.9322849e-09
17526,99074,0.0011293961
17527,99427,0.04805257
17528,9407,6.8317577e-06
17529,58681,0.0010785398
17530,14689,0.11437819
17531,38854,3.6816223e-09
17532,20658,0.019804394
17533,109665,0.04805257
17534,54154,0.01763777
17535,55792,0.005194104
17536,113908,0.00012380166
17537,67538,0.00259658
17538,1307,0.00909721
17539,102456,0.010167009
17540,68815,0.054374717
17541,62526,0.0091682235
17542,79157,3.4112495e-09
17543,46828,0.00017287674
17544,27490,1.4165536e-18
17545,63892,5.8047696e-08
17546,36204,6.412119e-09
17547,78113,2.8915248e-09
17548,13372,0.0019308187
17549,19153,0.005223745
17550,20777,0.0023749752
17551,13474,0.0015296647
17552,96596,0.004426072
17553,77531,5.9166055e-06
17554,16221,5.857473e-05
17555,90488,0.010167009
17556,86391,0.0015616057
17557,13549,0.02039527
17558,39627,0.003156181
17559,3427,0.0021600947
17560,3591,1.492474e-05
17561,80274,0.018107578
17562,35548,0.058213
17563,49504,9.928718e-05
17564,22910,4.310912e-06
17565,113886,2.0670923e-11
17566,27878,0.0009799172
17567,113363,0.05588981
17568,61239,0.018107578
17569,62923,0.04974522
17570,113315,0.0007412293
17571,19227,0.0009175551
17572,105821,0.032177687
17573,64867,1.2380547e-05
17574,61790,2.790032e-14
17575,81745,0.00045856656
17576,64161,4.8865103e-09
17577,65121,0.0033026752
17578,70404,0.009170086
17579,91311,0.0070770015
17580,40737,0.0006364484
17581,33165,0.0021008074
17582,65501,0.0014888049
17583,67273,0.009609334
17584,24221,2.1553201e-10
17585,34066,2.0122684e-07
17586,18907,0.03108126
17587,69492,0.00063210167
17588,59030,0.003110614
17589,28926,0.0027252599
17590,111049,0.012913639
17591,20629,4.0612324e-13
17592,69920,1.4728545e-07
17593,62050,0.018107578
17594,100571,0.023857726
17595,583,9.683713e-06
17596,4276,2.0830296e-06
17597,31876,0.064573884
17598,64331,0.0009905635
17599,73163,6.220006e-10
17600,26730,0.0042110747
17601,43512,0.0069047827
17602,110177,2.288371e-06
17603,7851,1.526886e-05
17604,23355,0.031180395
17605,63749,1.0946165e-12
17606,98433,0.03288868
17607,56782,0.0004941645
17608,86915,3.3483225e-12
17609,105185,1.211444e-06
17610,33933,2.944003e-09
17611,56333,0.026707362
17612,3070,5.5244524e-05
17613,27228,4.8469506e-06
17614,60483,0.05926452
17615,96320,0.010314077
17616,57749,1.8826986e-05
17617,101056,0.004193053
17618,10625,0.0036080985
17619,72111,0.0007400047
17620,107144,0.00298766
17621,37862,1.7309617e-08
17622,1231,5.428257e-06
17623,8154,8.197521e-07
17624,13049,0.0043155523
17625,49904,5.1607993e-09
17626,28211,0.018370343
17627,53092,1.5282566e-07
17628,102694,2.306456e-08
17629,107763,1.9561894e-05
17630,82152,5.3271822e-05
17631,113754,0.0005076782
17632,66993,0.054945264
17633,13615,0.054374717
17634,24267,0.0077906027
17635,69148,2.9635823e-08
17636,73510,1.6894108e-11
17637,32374,0.00038436355
17638,90936,0.01675533
17639,86852,8.890056e-10
17640,89249,0.002641423
17641,93828,0.031146465
17642,87723,3.774561e-07
17643,102287,0.019502632
17644,98430,0.009611095
17645,112030,0.02897164
17646,51575,0.07508184
17647,89406,2.8304572e-14
17648,88666,7.064048e-05
17649,72053,9.968833e-06
17650,112808,8.766003e-12
17651,106930,0.027316395
17652,67104,0.0026408264
17653,93711,0.018134167
17654,38845,3.183076e-08
17655,97821,1.3907918e-09
17656,15537,1.0070718e-09
17657,8224,0.023169983
17658,98454,0.009611095
17659,15071,0.018107578
17660,36802,0.00017287674
17661,49584,4.9140104e-05
17662,105100,0.004052996
17663,102506,0.0013841123
17664,40170,0.06433432
17665,59249,0.0026451752
17666,99409,0.08087044
17667,76001,0.028931597
17668,71317,0.05926452
17669,42944,1.9079085e-15
17670,29677,0.009558456
17671,73901,0.019502632
17672,7402,7.6745245e-08
17673,83693,7.286733e-05
17674,11623,0.004334744
17675,72450,0.018107578
17676,56758,0.008979334
17677,30327,1.31605e-05
17678,53097,1.8887085e-05
17679,15291,5.5708695e-17
17680,93402,0.010167009
17681,58620,1.3406772e-11
17682,69902,0.0007400047
17683,74549,2.4010353e-08
17684,22277,7.701556e-05
17685,77229,2.9322849e-09
17686,71967,0.004607776
17687,43228,0.018125536
17688,14999,0.00017287674
17689,36712,0.0025778974
17690,107216,0.0007412293
17691,5685,0.06455465
17692,95196,2.9322849e-09
17693,27496,4.51433e-09
17694,98123,0.07910004
17695,58898,0.05926452
17696,75127,6.316821e-11
17697,16911,2.7922532e-13
17698,98028,1.7031014e-09
17699,76164,0.028931597
17700,33377,0.008979334
17701,114527,1.8882856e-08
17702,34462,6.6577286e-08
17703,76717,0.009609334
17704,86950,0.0007400047
17705,86910,0.009170086
17706,112549,0.059533693
17707,64809,0.0020511
17708,45772,0.0007877489
17709,108996,5.2762283e-07
17710,56169,0.0029955134
17711,76041,0.0026416038
17712,62861,5.9166055e-06
17713,12265,8.367118e-06
17714,65029,0.0017830449
17715,69409,0.05926452
17716,106806,0.08087044
17717,75197,4.5209125e-09
17718,17220,2.6213408e-07
17719,28686,8.616835e-06
17720,89205,1.0305113e-13
17721,70805,0.05926452
17722,73990,0.06433432
17723,92931,0.0023467834
17724,115858,0.004625582
17725,23301,0.000779707
17726,32991,0.0035465185
17727,5389,0.09650666
17728,55807,0.006010258
17729,47562,0.0040224534
17730,102731,2.0700624e-12
17731,95694,1.0682417e-10
17732,21853,0.001294905
17733,54243,0.10343049
17734,113803,0.007061
17735,42666,3.595677e-14
17736,60887,0.026707362
17737,52578,0.0007400047
17738,36250,3.6225684e-12
17739,33087,0.00025426885
17740,97368,0.0025807593
17741,17931,9.2458583e-07
17742,88072,0.0010103625
17743,41325,0.06433432
17744,45620,0.054374717
17745,15159,0.010686103
17746,679,6.0092975e-07
17747,42609,0.046321634
17748,103374,0.004193053
17749,70068,0.048092566
17750,56507,0.0010103625
17751,74888,0.0040224534
17752,766,1.2276001e-07
17753,30748,0.0002443157
17754,100613,0.055277847
17755,77945,6.312917e-15
17756,31522,0.031180395
17757,72906,0.027308173
17758,28089,0.00018016814
17759,57282,0.004723242
17760,95864,9.90623e-10
17761,19638,0.0007484718
17762,2442,0.009085741
17763,34684,1.3854156e-15
17764,75481,0.00020203156
17765,46739,5.5884843e-09
17766,98794,0.28326577
17767,62414,0.0095750205
17768,33975,0.004193047
17769,54485,1.2765592e-07
17770,88678,0.04296624
17771,70784,0.009609334
17772,63104,0.006249004
17773,77301,1.8614887e-14
17774,113914,0.15147921
17775,62093,0.0007400047
17776,97715,1.161202e-12
17777,84872,0.0005303402
17778,106080,2.3255664e-15
17779,23689,1.7037021e-07
17780,60878,0.34201133
17781,74712,0.08829976
17782,91016,0.009609334
17783,57567,5.0751343e-12
17784,11115,1.001438e-06
17785,54270,2.3326409e-07
17786,98269,0.07829998
17787,89523,0.07983019
17788,99459,5.0091903e-06
17789,112602,3.4102065e-14
17790,90885,0.000509919
17791,37299,0.027070584
17792,86930,0.0007400047
17793,62000,0.05926452
17794,107843,0.010320635
17795,110823,0.009611095
17796,25821,0.00013010897
17797,34184,0.0028752733
17798,63802,2.632378e-08
17799,82967,0.04974522
17800,3247,0.046393517
17801,107869,1.9561894e-05
17802,44482,1.8603498e-05
17803,49819,1.977663e-10
17804,25043,2.126899e-12
17805,99798,0.000102417085
17806,40305,0.027271394
17807,2883,0.0022379574
17808,85764,1.9782516e-05
17809,96270,1.9561894e-05
17810,24971,0.009601473
17811,67243,3.5241843e-08
17812,93646,0.065878466
17813,102062,3.1613112e-09
17814,101156,3.141907e-09
17815,67861,0.010311361
17816,51471,0.019502632
17817,9096,0.00909721
17818,55028,0.004193047
17819,70094,0.0005402896
17820,30098,6.348101e-05
17821,73368,0.02439265
17822,35155,1.3290206e-06
17823,99591,7.719587e-10
17824,35027,9.968833e-06
17825,8461,1.959494e-06
17826,65164,3.8305967e-05
17827,27876,0.0042110747
17828,9981,0.06455465
17829,6682,3.2064145e-05
17830,111000,3.0229918e-15
17831,73817,0.018107578
17832,109815,2.8954212e-09
17833,11055,2.680082e-06
17834,46695,0.00017231752
17835,75746,0.018107578
17836,18813,9.789055e-08
17837,55616,0.0091682235
17838,19700,1.473385e-10
17839,20930,0.0095750205
17840,55404,2.329322e-05
17841,70355,0.07536306
17842,51822,1.0237271e-09
17843,58947,0.010311361
17844,45671,0.0042110747
17845,15676,6.7179204e-09
17846,28203,2.5720048e-10
17847,31617,0.00010086182
17848,59753,9.8406e-06
17849,28608,0.016392156
17850,93936,3.4038383e-10
17851,101224,5.467741e-08
17852,35657,0.0012733163
17853,77998,0.010311361
17854,88635,0.054122224
17855,45401,0.0002924008
17856,43050,0.0011455172
17857,39065,0.0015616057
17858,12056,0.027112849
17859,41771,0.0005432366
17860,12,1.44245215e-11
17861,27815,0.0040224534
17862,64457,1.850603e-10
17863,16115,1.44245215e-11
17864,87425,1.9561894e-05
17865,81286,0.0007400047
17866,8697,1.0725444e-06
17867,83871,3.1076977e-12
17868,70274,0.018107578
17869,56445,0.00013526439
17870,109057,0.00012262557
17871,61683,0.0006647029
17872,18893,6.1798944e-10
17873,68842,0.009170086
17874,8834,0.030148443
17875,19152,3.0818108e-14
17876,91302,0.02897164
17877,77569,0.0017553555
17878,85705,1.0245813e-08
17879,99420,0.02897164
17880,102684,0.019502632
17881,90391,0.009170086
17882,71781,0.05926452
17883,43281,0.00026520147
17884,24711,0.027618969
17885,75180,0.0009905635
17886,11196,8.893124e-06
17887,99047,0.0028958032
17888,83571,0.014728447
17889,70091,0.024162585
17890,95208,4.86413e-12
17891,50806,0.000528029
17892,35078,0.027070584
17893,56028,0.009558456
17894,105108,9.744012e-06
17895,5379,0.028526781
17896,83023,0.0042148116
17897,97995,0.0051822932
17898,99497,2.9102274e-12
17899,108733,0.0026269308
17900,51907,0.0026789745
17901,5930,6.313699e-08
17902,6832,5.7709458e-05
17903,58409,0.027684728
17904,6434,4.4491912e-07
17905,34562,1.153724e-07
17906,110278,0.0042148116
17907,11003,0.0036080985
17908,1735,4.958472e-06
17909,58116,1.0501536e-12
17910,30995,0.004420008
17911,19095,0.0042001335
17912,37887,1.1861119e-12
17913,12650,8.755075e-12
17914,63020,3.7598238e-07
17915,26278,0.009601473
17916,107286,0.051745117
17917,60600,0.088249646
17918,36205,4.8469506e-06
17919,48009,5.3076543e-10
17920,105601,0.009611095
17921,60896,1.3612292e-06
17922,24353,5.5884843e-09
17923,33878,1.0020513e-05
17924,12708,0.00018448175
17925,20057,0.00037749737
17926,38467,2.1818467e-09
17927,8534,3.3365595e-05
17928,77548,4.115151e-07
17929,73570,0.00015721214
17930,19362,0.00019461967
17931,49551,0.018107578
17932,53948,1.2515282e-07
17933,56978,2.2063236e-09
17934,47057,0.0042110747
17935,47974,0.0006387219
17936,9301,3.2334572e-06
17937,100045,0.0034217623
17938,16982,0.10343049
17939,36037,0.0008534225
17940,17809,0.0003231332
17941,27005,0.009159205
17942,111687,0.009611095
17943,49776,5.5884843e-09
17944,15801,8.739742e-12
17945,77045,0.028634772
17946,11752,0.0026217476
17947,3743,0.009085741
17948,58468,0.009366131
17949,50967,0.001267699
17950,15300,0.009766526
17951,14000,0.0070868284
17952,83498,0.014781824
17953,115155,0.02426992
17954,99981,0.0037722404
17955,5616,0.009490432
17956,14756,3.016947e-09
17957,37680,0.0022376422
17958,19268,0.11121769
17959,26384,3.1256827e-06
17960,93076,0.027316395
17961,79967,2.9322849e-09
17962,90211,0.018134167
17963,91642,0.0028958032
17964,103287,2.1562504e-07
17965,34439,2.6765004e-08
17966,110375,0.0018243532
17967,106033,0.00024887492
17968,100790,0.032150183
17969,113997,4.4748845e-07
17970,39752,0.0042110747
17971,39720,0.0042110747
17972,214,3.2349174e-08
17973,55373,3.552648e-10
17974,100524,0.018134167
17975,8337,0.0017002779
17976,40529,2.373544e-05
17977,43431,0.0069047827
17978,96663,0.0010103625
17979,24591,0.0038475886
17980,11941,0.006932496
17981,57887,0.0077906027
17982,44679,5.7238467e-06
17983,10778,2.4003307e-07
17984,77370,0.0002778415
17985,36145,0.018107578
17986,47046,2.1818467e-09
17987,91995,0.000319761
17988,12792,5.426658e-06
17989,3046,0.010391143
17990,47926,0.018370343
17991,55259,0.010311361
17992,11226,0.00909721
17993,41596,1.9268613e-13
17994,12166,0.006932496
17995,64788,1.9873337e-12
17996,83060,0.039818294
17997,59284,2.0264046e-10
17998,7289,2.528434e-09
17999,49611,0.054374717
18000,20566,0.10055027
18001,57049,0.009159205
18002,81217,8.408985e-08
18003,33504,0.018143823
18004,20616,0.007953931
18005,76057,5.112253e-05
18006,62122,0.06563571
18007,54190,2.4882085e-13
18008,46331,0.07067188
18009,81717,0.0100853825
18010,8844,0.0014277677
18011,92847,0.004465127
18012,85801,0.027308173
18013,21416,5.534734e-09
18014,26040,0.0133604705
18015,92530,0.01929331
18016,57938,0.023273004
18017,99298,0.0036347467
18018,65488,9.357994e-11
18019,93360,0.048092566
18020,43100,0.0032651206
18021,47067,8.7089e-10
18022,1003,3.3272599e-10
18023,32623,8.848466e-08
18024,29789,0.005133042
18025,111645,0.07983019
18026,34044,0.3403915
18027,89630,0.04974522
18028,99019,4.7428124e-09
18029,19799,9.1198005e-10
18030,101605,0.059353366
18031,105053,5.536489e-12
18032,65247,1.278477e-07
18033,78010,1.286388e-12
18034,52336,2.5307821e-14
18035,46090,0.009601473
18036,19530,1.7434856e-13
18037,60319,0.0100853825
18038,25951,0.009601473
18039,81742,0.002328324
18040,67095,0.0028958032
18041,105569,0.005396051
18042,48593,0.0002565337
18043,57797,0.0040224534
18044,94448,0.07536306
18045,40179,0.009169346
18046,46351,0.009601473
18047,31573,2.1818467e-09
18048,5578,2.8651667e-07
18049,86462,2.574493e-10
18050,82880,6.285777e-11
18051,63503,0.0058086915
18052,6204,0.0006022118
18053,30502,6.3507435e-11
18054,34873,6.0820674e-13
18055,24878,0.0042110747
18056,91959,6.310571e-11
18057,96843,0.00013489742
18058,54312,4.140242e-05
18059,55512,4.370911e-12
18060,30086,0.009558456
18061,101009,0.040398903
18062,44508,0.0077906027
18063,106518,0.0033585567
18064,19509,1.977663e-10
18065,91676,4.090367e-05
18066,97713,1.0749773e-12
18067,88042,0.002641423
18068,105360,0.008814895
18069,75522,1.2338983e-11
18070,47741,0.018370343
18071,114474,5.3507065e-08
18072,1466,2.1818467e-09
18073,78299,0.048092566
18074,58532,0.00020545091
18075,6503,1.5300986e-09
18076,43502,1.5071533e-05
18077,44340,0.06445305
18078,114125,0.00012438597
18079,4727,0.01192162
18080,17530,5.101785e-06
18081,57465,9.968833e-06
18082,27169,0.02289927
18083,23327,5.9987788e-06
18084,86861,6.285777e-11
18085,48034,0.009558456
18086,1530,2.8376817e-12
18087,99301,0.00019497426
18088,84799,0.0069063785
18089,108282,0.00024887492
18090,105460,0.0007412293
18091,39580,1.570112e-05
18092,21806,1.1433786e-11
18093,52039,2.66142e-06
18094,59942,0.07812706
18095,14850,0.00021052062
18096,66078,3.6230702e-10
18097,48654,0.0015132178
18098,12955,0.003511545
18099,13407,1.5493675e-12
18100,114375,0.024748232
18101,55899,0.048092566
18102,42599,0.021877136
18103,13138,0.0015002784
18104,73932,0.0007400047
18105,60892,0.05926452
18106,42950,0.018125536
18107,59229,0.040115204
18108,101260,0.000113010974
18109,54331,0.008185022
18110,43460,0.0042110747
18111,85122,0.040115204
18112,64883,5.205651e-05
18113,78564,2.2023628e-13
18114,62889,2.8629932e-09
18115,112630,2.396043e-05
18116,79974,9.521888e-06
18117,6232,1.952622e-06
18118,103380,5.4381646e-05
18119,97206,0.0007400047
18120,40554,1.7789762e-12
18121,67711,0.031558465
18122,102360,0.0006647029
18123,16432,0.011058041
18124,78686,0.009558456
18125,84328,0.0070868284
18126,34399,0.004713951
18127,79561,1.9561894e-05
18128,29995,0.00013526439
18129,78870,3.3229156e-10
18130,41069,0.016918974
18131,23454,1.977663e-10
18132,57761,3.0169638e-13
18133,96718,0.002328324
18134,28314,0.018125536
18135,61253,0.054945264
18136,11627,1.2084595e-07
18137,76083,5.112253e-05
18138,56328,2.5054925e-08
18139,91647,0.027308173
18140,7740,1.7441286e-08
18141,81088,9.808837e-06
18142,99982,5.257676e-06
18143,66814,4.92964e-05
18144,41328,0.00013526439
18145,78819,0.15853351
18146,67441,4.008239e-14
18147,94978,0.04805257
18148,71702,1.2033643e-08
18149,68363,0.0669521
18150,107767,0.0006647029
18151,74821,2.9102274e-12
18152,55472,0.0056132367
18153,67561,1.00492325e-05
18154,18219,2.5476183e-09
18155,87251,0.009170086
18156,15889,2.3764736e-07
18157,108209,0.059533693
18158,3432,0.01046717
18159,48455,0.0001439658
18160,30492,0.018143823
18161,54521,0.027579654
18162,46890,0.0042110747
18163,32389,0.009558456
18164,114787,2.873189e-06
18165,83067,0.009609334
18166,82378,0.0040224534
18167,107507,1.0063522e-06
18168,97264,0.059353366
18169,33526,2.6108553e-09
18170,41392,0.00037149573
18171,44318,0.00012767575
18172,48522,2.069411e-05
18173,20169,4.014774e-07
18174,80401,0.0042148116
18175,86718,0.07016115
18176,33981,0.00067582063
18177,52189,0.0012733163
18178,9876,1.0942591e-09
18179,8308,3.614058e-09
18180,53398,1.572312e-11
18181,15813,1.4501897e-08
18182,24617,0.0688517
18183,101782,2.6457057e-09
18184,33207,0.00015994912
18185,102489,6.3642365e-05
18186,60599,0.28326577
18187,43287,6.219454e-08
18188,82584,2.3796041e-05
18189,91752,0.007799152
18190,69660,8.1639024e-07
18191,36127,0.00615268
18192,38268,0.00017287674
18193,37405,0.0009905635
18194,71121,0.027917715
18195,93246,2.3218968e-11
18196,16051,2.8793207e-11
18197,25693,3.0880973e-09
18198,97877,0.0023122213
18199,73677,0.00015721214
18200,14664,0.00016439836
18201,102758,0.00032290223
18202,22840,2.789902e-08
18203,109898,0.0054218112
18204,55029,0.00266249
18205,115839,8.729775e-09
18206,106703,6.693153e-11
18207,84170,1.9561894e-05
18208,93487,0.071858644
18209,75459,1.9561894e-05
18210,81534,0.06433432
18211,75592,1.1784449e-08
18212,4156,0.0071632224
18213,72834,0.0007400047
18214,66773,0.008979334
18215,67046,0.031303167
18216,68550,0.0076080156
18217,27373,0.0042110747
18218,1412,3.7060745e-05
18219,30753,0.00017287674
18220,84323,9.8406e-06
18221,69241,1.6317792e-09
18222,100489,0.07812706
18223,6848,0.0016801297
18224,99854,0.009170086
18225,66398,9.829541e-06
18226,27603,0.06552552
18227,48614,0.010311361
18228,46097,9.7493285e-08
18229,44656,0.053269923
18230,99117,0.0011293961
18231,99521,0.028832536
18232,23420,1.0018153e-05
18233,14932,5.121436e-05
18234,44443,0.0026994697
18235,78892,0.014781824
18236,80382,2.8845012e-05
18237,54600,0.054374717
18238,27776,0.019042062
18239,88644,9.8406e-06
18240,112599,1.4979145e-11
18241,87841,0.048092566
18242,50747,1.1765672e-12
18243,67527,3.5559935e-08
18244,33904,0.004193047
18245,44690,0.00083229045
18246,66765,1.00492325e-05
18247,40206,2.756888e-12
18248,22350,5.397354e-12
18249,76258,4.7232296e-10
18250,36442,0.0013471787
18251,6063,4.3393087e-05
18252,107053,0.009611095
18253,29636,1.7288425e-09
18254,30789,2.7457475e-08
18255,101755,1.1984832e-08
18256,764,2.5031708e-12
18257,17488,2.2464154e-07
18258,51549,1.2995667e-06
18259,3870,0.028460784
18260,68205,0.00266249
18261,4200,4.1830805e-05
18262,61387,0.028905047
18263,7006,0.0025036025
18264,27388,0.05303671
18265,44636,3.3908566e-07
18266,68860,2.9676832e-08
18267,54068,0.00024887492
18268,12758,7.378752e-10
18269,33159,0.07016115
18270,16847,9.552964e-07
18271,3343,0.06455465
18272,37077,0.010152991
18273,841,4.9795104e-05
18274,89092,0.0018270906
18275,100781,0.055277847
18276,95778,0.0038918324
18277,87261,0.0022729035
18278,52653,2.0471243e-06
18279,103780,1.3122021e-09
18280,13119,3.698482e-11
18281,83475,0.009609334
18282,55456,1.7212061e-09
18283,36002,0.010311361
18284,60315,0.054945264
18285,10692,0.0014277677
18286,79564,0.00024887492
18287,46720,0.00034621728
18288,45024,0.010152991
18289,35094,0.004193047
18290,33382,0.004020566
18291,29210,0.009159205
18292,43977,1.4817932e-08
18293,71383,0.0042148116
18294,102101,0.004607776
18295,38415,0.023214001
18296,37712,0.009558456
18297,98745,4.474252e-14
18298,20400,0.20597227
18299,4188,9.451016e-06
18300,80357,0.02897164
18301,104345,0.00013120983
18302,5737,1.4018366e-06
18303,110616,0.009430787
18304,54475,6.6520733e-10
18305,17874,9.552964e-07
18306,104128,0.055277847
18307,22401,3.1516704e-06
18308,74983,0.0006742901
18309,47032,1.00689085e-05
18310,28549,0.04562465
18311,21547,2.731556e-07
18312,43435,0.06482158
18313,57881,0.0012819513
18314,7473,9.3549977e-07
18315,80219,2.8419726e-07
18316,72324,0.007983488
18317,94261,0.0028912683
18318,84857,1.0121627e-14
18319,16685,0.00013526439
18320,16814,3.1325671e-06
18321,35597,0.0026789745
18322,5757,0.04516103
18323,63181,2.502654e-07
18324,74396,0.0038918324
18325,49456,0.0039433776
18326,57822,0.054374717
18327,35846,0.006883253
18328,90899,0.08739137
18329,71223,0.0042148116
18330,102559,0.048092566
18331,34635,0.018107578
18332,69448,5.163669e-11
18333,13892,2.7279835e-05
18334,23520,1.2347629e-06
18335,84098,0.01763777
18336,84534,3.0976962e-06
18337,78414,5.4893944e-06
18338,104344,0.04974522
18339,71157,0.0007400047
18340,104610,0.055277847
18341,2276,0.009085741
18342,62075,0.032136623
18343,112353,1.5422421e-06
18344,74876,1.9873337e-12
18345,64576,0.0014888049
18346,108744,0.0006647029
18347,99045,9.330845e-08
18348,58543,0.004193047
18349,69004,0.07016115
18350,9920,1.9890271e-10
18351,52047,2.537538e-07
18352,96519,5.9761784e-10
18353,97184,0.059353366
18354,12790,5.8858527e-09
18355,79643,0.0006870794
18356,103610,4.2252974e-05
18357,40397,4.6026285e-06
18358,4394,4.0032614e-08
18359,794,1.496103e-06
18360,4140,3.461652e-07
18361,24653,0.009601473
18362,76426,2.8199036e-12
18363,6069,2.6219402e-08
18364,83615,3.5951657e-16
18365,39188,0.011915572
18366,24303,2.936202e-07
18367,17052,0.18590358
18368,89926,1.9619267e-12
18369,44569,5.2783234e-05
18370,89110,8.890056e-10
18371,48595,0.060112506
18372,87180,0.009105743
18373,56389,0.00048368878
18374,37640,5.1914725e-05
18375,12968,0.08239772
18376,98879,3.1232054e-13
18377,10594,0.00070688233
18378,4472,2.7050877e-05
18379,106216,0.08087044
18380,87959,0.019548833
18381,16435,9.663313e-09
18382,89308,0.0051844474
18383,28767,0.0012628086
18384,26765,2.4594053e-07
18385,79482,0.028931597
18386,24846,7.701556e-05
18387,105255,0.018917745
18388,70085,0.072826475
18389,106888,0.0688517
18390,81827,0.027308173
18391,59834,1.3012092e-08
18392,60634,0.009558456
18393,114512,0.004015353
18394,30571,3.8312747e-10
18395,94241,4.0347286e-06
18396,41563,2.6566832e-13
18397,109695,0.009611095
18398,109608,0.002814115
18399,67180,0.031641856
18400,99783,0.002328324
18401,77163,9.8406e-06
18402,114360,9.310955e-06
18403,28150,2.6905117e-10
18404,20663,5.121436e-05
18405,72126,0.004193053
18406,113464,0.009159205
18407,81070,2.8187317e-08
18408,112126,0.053466372
18409,48700,4.98299e-10
18410,107322,8.18574e-12
18411,72473,0.0007400047
18412,72179,5.163669e-11
18413,41600,1.9891607e-07
18414,7367,0.04516103
18415,95065,0.002328324
18416,9610,1.5486517e-05
18417,3740,0.042718317
18418,72593,0.009609334
18419,32602,2.327939e-09
18420,36203,0.06433432
18421,34402,1.6452751e-06
18422,16096,3.1124372e-12
18423,45823,0.06482158
18424,36131,0.002982897
18425,26877,7.385799e-08
18426,51988,0.018107578
18427,12221,0.011957734
18428,80029,0.024748232
18429,13394,5.117303e-11
18430,82808,0.06433432
18431,94358,0.018134167
18432,77198,0.0023467834
18433,26013,7.22562e-05
18434,53046,1.5107575e-11
18435,100711,0.0009905635
18436,63842,1.9991534e-12
18437,108659,0.0061428878
18438,105377,4.676825e-07
18439,92971,0.009609334
18440,52510,0.0007400047
18441,64985,9.829541e-06
18442,60576,5.6208077e-10
18443,32013,0.14404759
18444,103189,1.4208742e-08
18445,8289,8.555445e-05
18446,223,1.9036083e-11
18447,28969,2.1847854e-10
18448,29465,0.00010891322
18449,20095,0.019502632
18450,104711,0.055277847
18451,36973,9.62909e-09
18452,99998,7.049407e-08
18453,32232,0.00259658
18454,105421,0.0004046211
18455,55788,1.5007343e-11
18456,104858,0.000100183635
18457,91231,0.004607776
18458,26446,0.0012097919
18459,106246,0.0019673521
18460,21786,0.00055220624
18461,60519,0.00024887492
18462,22667,4.4784853e-11
18463,37620,2.189176e-08
18464,13752,8.739742e-12
18465,34145,2.1818467e-09
18466,82340,9.807219e-06
18467,85077,0.009609334
18468,21109,0.03904185
18469,67364,0.0006636983
18470,102449,0.008979334
18471,43488,9.965719e-10
18472,34352,0.019502632
18473,32624,9.73199e-13
18474,53678,0.054374717
18475,106249,3.555951e-09
18476,28701,0.005133042
18477,90825,1.7028575e-09
18478,11169,8.3489874e-07
18479,93543,2.9322849e-09
18480,34953,5.018376e-10
18481,110906,8.407481e-05
18482,19060,0.019502632
18483,50570,0.031167235
18484,1755,2.20639e-10
18485,70531,0.009609334
18486,47314,0.0025652924
18487,103673,0.06544781
18488,107844,0.059533693
18489,83670,0.051745117
18490,96799,5.340665e-15
18491,113563,2.373361e-08
18492,28055,1.3010992e-09
18493,14192,0.010311361
18494,65330,4.2209525e-09
18495,104602,0.0007412293
18496,26330,2.4594053e-07
18497,73425,0.048092566
18498,40426,1.3494662e-08
18499,67943,0.05926452
18500,36616,1.6943608e-06
18501,30489,0.027070584
18502,65941,5.379459e-13
18503,104469,1.0957424e-12
18504,43560,1.21630965e-05
18505,26560,3.77927e-11
18506,104674,9.012449e-06
18507,36782,2.048159e-16
18508,101946,0.0028814727
18509,94556,0.019502632
18510,111497,2.621455e-12
18511,15112,6.61988e-12
18512,24678,2.2943973e-09
18513,23618,0.00017287674
18514,102473,0.060413036
18515,8948,0.04516103
18516,114499,2.1444342e-09
18517,49651,2.189176e-08
18518,59139,1.3290206e-06
18519,61934,0.0042110747
18520,42924,0.009169346
18521,107313,0.04805257
18522,25406,0.010311361
18523,30569,0.010311361
18524,47284,0.031513087
18525,50344,7.0208114e-07
18526,77193,4.476489e-10
18527,107719,2.12551e-10
18528,4642,0.0071632224
18529,1969,0.023169983
18530,22678,3.1663449e-06
18531,39769,6.901639e-15
18532,107676,6.545415e-12
18533,6947,0.008267238
18534,78539,0.0012669662
18535,37146,0.009601473
18536,109989,2.9620946e-09
18537,74049,7.1043155e-07
18538,64876,8.634004e-15
18539,23569,0.0039813626
18540,98535,0.059353366
18541,59741,0.004193047
18542,66085,1.080793e-09
18543,82252,0.0009928349
18544,52166,0.0006212241
18545,19628,0.018107578
18546,70565,0.009420809
18547,78541,6.8067186e-07
18548,21113,0.018107578
18549,17331,1.05040907e-10
18550,61911,1.4151928e-14
18551,114714,1.6304349e-13
18552,50232,0.0063869897
18553,104670,0.026707362
18554,111073,1.7968248e-12
18555,43900,2.7278413e-13
18556,55067,0.0039613685
18557,7172,8.3489874e-07
18558,43497,0.003567709
18559,17216,1.5587645e-15
18560,29021,6.9301545e-06
18561,7895,8.715646e-06
18562,83784,0.002692252
18563,42895,2.884674e-07
18564,8309,0.03252788
18565,7723,3.5614314e-06
18566,20394,0.054374717
18567,50954,0.021210752
18568,81892,0.019392535
18569,20596,0.00026777264
18570,76806,0.030784667
18571,60858,0.0007400047
18572,77715,0.000509919
18573,71227,0.0007400047
18574,35342,1.1598475e-08
18575,11441,0.0017002779
18576,26497,0.022486014
18577,79936,6.9947745e-08
18578,56091,1.3808157e-10
18579,92694,0.05926452
18580,84695,3.167174e-11
18581,2649,2.412105e-07
18582,113419,1.515302e-08
18583,63393,5.604381e-08
18584,50585,0.027915554
18585,44182,0.010449223
18586,72454,0.027917715
18587,79439,0.004563765
18588,52130,0.0012733163
18589,64237,3.1508187e-09
18590,56211,0.032136623
18591,73537,5.7779743e-11
18592,100898,0.0026451752
18593,56300,0.02973818
18594,2105,4.2648267e-06
18595,106955,5.831264e-07
18596,55190,5.9448427e-15
18597,77058,0.0018446128
18598,110543,9.6397725e-06
18599,75650,5.744501e-08
18600,15342,0.027147863
18601,22387,0.009601473
18602,59606,9.8406e-06
18603,108278,0.0089902915
18604,38307,0.027684728
18605,86630,1.2943424e-06
18606,74031,0.5611794
18607,99212,3.9506244e-07
18608,38421,0.054374717
18609,59694,7.624944e-16
18610,13800,0.05701869
18611,22908,2.2553852e-05
18612,108880,0.059563927
18613,78907,6.188794e-08
18614,114746,0.0089902915
18615,99437,6.18451e-07
18616,22139,0.0017939883
18617,94756,0.05926452
18618,92882,0.048092566
18619,61528,0.0006647029
18620,78882,0.00017287674
18621,1124,1.9715635e-12
18622,16201,3.2774415e-07
18623,59640,1.9793273e-05
18624,92338,0.00037389647
18625,39751,0.009601473
18626,4421,0.00909721
18627,93573,4.030829e-08
18628,54616,2.9244053e-12
18629,7818,0.06455465
18630,2628,7.456422e-07
18631,2076,0.02663512
18632,82679,0.0042148116
18633,1599,0.009876684
18634,91448,0.009598875
18635,59303,0.0040224534
18636,4626,4.552868e-07
18637,87068,0.0012564803
18638,45336,0.018525936
18639,37715,2.4810925e-07
18640,35847,0.009558456
18641,13475,1.7096722e-06
18642,81174,7.1415623e-10
18643,692,0.045154862
18644,55862,0.0057472317
18645,70872,0.010449223
18646,7020,2.8029033e-06
18647,97991,0.019548833
18648,44820,2.1553201e-10
18649,10440,1.1549868e-05
18650,83855,3.0310188e-10
18651,64068,1.9577496e-05
18652,31580,3.4170482e-11
18653,56726,1.3762789e-05
18654,17595,0.00035313412
18655,51300,9.968833e-06
18656,11951,5.173952e-05
18657,51783,0.031167235
18658,59604,3.1613112e-09
18659,31999,0.0042110747
18660,68353,0.0001577768
18661,73201,1.5464335e-05
18662,6487,2.4386816e-07
18663,56831,0.0023459184
18664,50838,0.031503655
18665,113445,3.7530132e-08
18666,86242,0.0012368502
18667,71167,0.009170086
18668,67265,0.02330463
18669,69885,0.018107578
18670,7496,0.047591694
18671,15945,3.412718e-14
18672,78401,5.9761784e-10
18673,60466,0.0025845168
18674,102527,0.009609334
18675,85760,6.3534762e-06
18676,14444,0.0077906027
18677,83810,1.8747938e-05
18678,72426,1.9561894e-05
18679,86934,0.06334803
18680,101929,0.0004057018
18681,115418,0.00074896915
18682,103462,0.03218229
18683,88877,0.05452379
18684,114689,6.3775034e-09
18685,25087,0.0042110747
18686,13348,0.022231134
18687,75384,1.9561894e-05
18688,57917,0.005194104
18689,114646,0.0014906944
18690,91756,0.0012284027
18691,112693,8.649357e-13
18692,101215,8.0230327e-13
18693,78344,3.0880973e-09
18694,80693,2.2757132e-09
18695,85499,7.377699e-06
18696,84576,0.0006647029
18697,114555,0.048092566
18698,23639,2.4221023e-05
18699,1312,0.0047263433
18700,57257,5.6208077e-10
18701,4894,2.4223218e-07
18702,39703,2.1818467e-09
18703,27633,0.0056379135
18704,2176,0.014763017
18705,78855,1.6388336e-14
18706,111680,7.543463e-06
18707,60707,4.777324e-08
18708,21463,3.4170482e-11
18709,50162,0.0009799172
18710,61872,0.0069024097
18711,84702,0.0006647029
18712,94050,0.009570914
18713,5013,1.5333051e-06
18714,71466,0.018107578
18715,108030,0.055277847
18716,86069,0.009609334
18717,24920,0.064573884
18718,81635,0.0026416038
18719,46525,0.009601473
18720,94239,0.0007400047
18721,88963,0.07011593
18722,59356,0.054945264
18723,56222,0.024428068
18724,58728,2.1630317e-08
18725,658,1.9393674e-06
18726,64756,2.5332577e-08
18727,82362,0.008979334
18728,6329,3.2295205e-07
18729,102601,2.3012122e-07
18730,103848,8.641022e-15
18731,67780,3.213249e-14
18732,85174,0.00048040142
18733,69459,0.001267699
18734,99992,0.05946976
18735,22945,0.0003599689
18736,35460,2.1818467e-09
18737,96514,0.018287368
18738,62686,0.054945264
18739,89445,4.0839981e-10
18740,89179,7.286733e-05
18741,34560,1.5620562e-06
18742,9555,0.03252788
18743,67698,0.031303167
18744,48270,1.0855583e-07
18745,70415,0.009609334
18746,45996,0.0038175285
18747,707,0.016918974
18748,29516,0.0040224534
18749,92224,4.1069747e-05
18750,106897,0.0005076782
18751,85708,0.018107578
18752,97905,3.336504e-07
18753,15309,0.0055762143
18754,88787,0.004607776
18755,9807,0.015654262
18756,8423,0.0101294415
18757,735,0.000117956086
18758,89521,0.05926452
18759,67195,6.352631e-08
18760,45967,0.0013471787
18761,11412,0.008955581
18762,100997,0.033010963
18763,19023,0.003293748
18764,15663,3.3788525e-09
18765,3004,0.028526781
18766,102392,0.0011001864
18767,44544,1.0209728e-07
18768,6429,0.0032853102
18769,72299,0.0004526072
18770,31446,1.4725186e-15
18771,21997,0.010537614
18772,7460,2.7250535e-06
18773,50495,0.009558456
18774,98582,0.040398903
18775,53187,0.018107578
18776,75584,0.028931597
18777,10590,0.010467954
18778,75606,0.054374717
18779,115168,4.0674956e-07
18780,66947,0.054374717
18781,49884,1.0237271e-09
18782,3171,0.00019078443
18783,18833,6.555169e-13
18784,51457,9.968833e-06
18785,9767,6.372533e-08
18786,43015,1.4122652e-07
18787,104086,0.0026383218
18788,58372,0.009159205
18789,107950,1.2234836e-11
18790,29246,0.006883253
18791,113807,1.9561894e-05
18792,51952,0.12665938
18793,20845,3.840848e-08
18794,104229,0.059353366
18795,86618,0.0028146142
18796,24259,0.0077906027
18797,98204,0.004010236
18798,41835,0.00045429298
18799,60924,9.8406e-06
18800,111900,0.008427904
18801,80790,1.9561894e-05
18802,14018,0.007799152
18803,97964,0.009155407
18804,25418,0.018125536
18805,50133,2.4097519e-12
18806,41864,0.065604225
18807,23487,0.009601473
18808,45693,0.03340127
18809,65603,3.3229156e-10
18810,53217,0.0008534225
18811,72997,0.027684728
18812,53612,0.07016115
18813,113991,0.054945264
18814,63292,0.00010277986
18815,51803,0.091059655
18816,79290,0.0026451752
18817,59327,1.5521088e-09
18818,22400,0.012313596
18819,7189,1.7920762e-06
18820,99476,6.6512147e-09
18821,105364,0.06334803
18822,74223,0.0009905635
18823,50990,0.005194104
18824,28606,2.1369996e-12
18825,111498,3.6137215e-12
18826,39916,0.002475419
18827,42697,4.8891463e-10
18828,79452,0.0015774417
18829,114839,6.2225003e-13
18830,30725,0.009558456
18831,95610,0.008979334
18832,22246,0.06426747
18833,93907,0.0007907776
18834,58870,0.015620506
18835,93841,1.4923245e-05
18836,100249,8.371845e-11
18837,59026,0.025176678
18838,42216,6.1811317e-10
18839,14003,1.3356072e-09
18840,99076,0.07454912
18841,2116,2.3821585e-05
18842,93111,3.699416e-06
18843,42318,4.0083182e-20
18844,38500,0.00020826065
18845,21551,0.0001946787
18846,38259,0.010311361
18847,92116,1.9561894e-05
18848,86382,2.0004113e-07
18849,107140,3.07849e-15
18850,98551,0.0014888049
18851,31296,0.20721559
18852,94929,0.04805257
18853,115594,5.860081e-06
18854,13301,1.8588348e-14
18855,45468,2.1097003e-11
18856,14521,1.5569566e-06
18857,54149,0.0023467834
18858,72837,3.1235524e-12
18859,83063,1.18391555e-11
18860,1813,7.4474543e-10
18861,81784,5.3199284e-10
18862,37314,0.006883253
18863,21721,0.0017939883
18864,88662,2.4924561e-12
18865,17912,0.019502632
18866,45162,0.0025652924
18867,85324,9.807219e-06
18868,99346,0.07454912
18869,88504,0.027308173
18870,60212,0.05926452
18871,91303,8.240813e-14
18872,112342,0.009159205
18873,89466,0.00037389647
18874,93431,0.0006647029
18875,1192,0.033780478
18876,10391,0.010467954
18877,70583,0.004193053
18878,25524,3.3172947e-16
18879,66219,6.832611e-08
18880,45595,0.027271394
18881,101467,0.009611095
18882,77938,0.008979334
18883,45138,0.41991264
18884,191,0.0106561
18885,68453,0.027308173
18886,47476,0.009601473
18887,75430,2.9322849e-09
18888,104129,3.568173e-05
18889,104685,0.009611095
18890,48972,2.329322e-05
18891,441,0.00033599255
18892,107837,2.2642008e-09
18893,25783,1.0020513e-05
18894,788,2.401703e-06
18895,57136,0.031354148
18896,12399,0.0051822932
18897,25842,3.9828992e-05
18898,109583,0.0006742901
18899,33860,5.6208077e-10
18900,58399,4.7660802e-07
18901,90064,0.04974522
18902,2322,4.3393087e-05
18903,113764,2.161279e-05
18904,94278,0.00012767575
18905,68880,0.0042148116
18906,94058,1.0575164e-12
18907,18632,7.839983e-11
18908,30897,5.6304624e-11
18909,23640,0.00011549257
18910,17861,0.10754466
18911,85414,0.054374717
18912,34957,0.009558456
18913,20430,5.986309e-07
18914,38888,7.4857637e-10
18915,68444,9.632855e-13
18916,65687,7.36477e-15
18917,113882,1.8338723e-08
18918,87376,0.0077906027
18919,83231,0.00020439777
18920,64878,1.5016004e-09
18921,45962,0.010311361
18922,73750,9.917045e-10
18923,48399,1.9127422e-09
18924,31495,3.4170482e-11
18925,100270,3.539129e-07
18926,104250,0.00013489742
18927,110364,0.009170086
18928,42061,0.009057707
18929,44824,2.2222787e-10
18930,70340,0.009609334
18931,22021,0.00026873508
18932,10176,3.0867454e-11
18933,86874,0.0006159452
18934,50878,0.0015616057
18935,114430,0.027070584
18936,77818,0.0077906027
18937,25518,0.018370343
18938,9441,0.023169983
18939,52146,0.006883253
18940,5442,5.722574e-07
18941,16713,0.06094215
18942,43927,0.018125536
18943,58363,1.7610046e-05
18944,107965,0.04805257
18945,48936,0.00017287674
18946,47794,0.004193047
18947,76502,0.028931597
18948,47455,0.027271394
18949,75015,1.7678696e-10
18950,85261,4.906991e-05
18951,67668,1.008295e-11
18952,53222,0.0015616057
18953,98845,0.034275047
18954,52710,5.6741234e-15
18955,71478,0.048092566
18956,21949,0.018525936
18957,12472,0.00044420653
18958,9084,0.00044151038
18959,48183,0.028905047
18960,91271,0.002341042
18961,108243,1.4277586e-15
18962,32460,2.3102512e-12
18963,42451,1.5711183e-08
18964,43906,0.009169346
18965,51931,0.0019829555
18966,98153,0.008979334
18967,11029,0.000118911616
18968,75847,1.470254e-07
18969,93460,0.023899471
18970,45800,2.4221023e-05
18971,94558,0.00842067
18972,76926,0.009170086
18973,61209,7.8598167e-16
18974,1340,0.06433432
18975,108617,0.004052996
18976,8408,0.11006626
18977,115544,0.002587193
18978,90387,0.04974522
18979,89287,0.0015360629
18980,91797,0.021894407
18981,22077,2.1818467e-09
18982,102971,4.7239055e-07
18983,63046,0.0042148116
18984,13074,7.857045e-08
18985,75839,2.887028e-09
18986,33264,0.009558456
18987,732,3.9378872e-07
18988,57362,0.033814374
18989,43578,3.4013658e-05
18990,20495,3.705683e-08
18991,115259,0.008542906
18992,109151,1.1984832e-08
18993,28361,0.018125536
18994,48688,4.2209525e-09
18995,69760,0.00012767575
18996,25445,0.0040224534
18997,74994,0.00033392504
18998,76892,0.008121043
18999,5812,0.00909721
19000,104243,0.009170086
19001,36309,4.544978e-06
19002,38234,2.4221023e-05
19003,26780,2.1818467e-09
19004,6296,0.005794769
19005,110184,1.3742609e-09
19006,52008,0.0003931254
19007,37938,2.9226687e-05
19008,42026,0.009601473
19009,25097,0.018525936
19010,35153,0.010311361
19011,46104,0.00013526439
19012,63532,0.0010785398
19013,62831,0.0042110747
19014,49690,0.07016115
19015,27161,0.0042110747
19016,91387,0.004225289
19017,50354,0.009558456
19018,17597,0.028905047
19019,66250,3.3229156e-10
19020,32496,1.0237271e-09
19021,92143,2.7375857e-11
19022,44733,0.0042110747
19023,21185,5.038321e-07
19024,1286,3.195105e-05
19025,39151,8.46994e-09
19026,49282,0.040109105
19027,89943,6.026228e-08
19028,47276,0.009601473
19029,47493,0.00015361248
19030,54400,0.04562465
19031,85298,0.0018467025
19032,113723,0.009159205
19033,39689,2.1818467e-09
19034,2783,0.0036075034
19035,11097,0.00010452972
19036,3131,0.010686103
19037,60524,0.0023459184
19038,25722,0.0056132367
19039,86655,0.004140266
19040,67865,5.772594e-09
19041,114062,2.5292865e-10
19042,73184,0.0033882675
19043,112481,0.002587193
19044,99563,0.009170086
19045,113555,0.010320635
19046,17262,1.1155569e-06
19047,55740,2.2608744e-12
19048,68808,0.0074481014
19049,111055,2.8562749e-08
19050,2358,0.02663512
19051,83694,2.4190974e-06
19052,104158,1.9296353e-12
19053,42243,0.00015333312
19054,83338,5.840703e-14
19055,15635,0.0004601532
19056,72845,2.6624677e-12
19057,38032,0.00012767575
19058,24096,0.009169346
19059,86973,8.039265e-06
19060,62674,1.566166e-09
19061,112303,0.0019673521
19062,37318,2.8497393e-12
19063,27512,2.1818467e-09
19064,79083,0.048092566
19065,49729,2.1818467e-09
19066,110330,8.22624e-10
19067,55875,0.0056132367
19068,89811,0.0004478891
19069,55163,0.00010277986
19070,76130,1.9561894e-05
19071,30326,1.0237271e-09
19072,98786,0.0006742901
19073,3152,1.0146011e-06
19074,22804,3.8650857e-08
19075,112649,3.1324987e-06
19076,44415,2.9159004e-08
19077,26543,0.009601473
19078,65259,7.460035e-14
19079,110928,1.9561894e-05
19080,66700,2.1002475e-09
19081,85380,2.1999124e-08
19082,56301,0.0012733163
19083,2283,0.05465717
19084,38358,2.1818467e-09
19085,93303,0.00013489742
19086,22698,3.252329e-14
19087,27659,5.4038185e-10
19088,92450,1.1443882e-12
19089,67213,0.038890377
19090,109412,0.027316395
19091,74263,0.00063210167
19092,91027,0.0006647029
19093,45197,0.007986385
19094,107935,0.059533693
19095,30986,0.0072659664
19096,15044,0.0059560384
19097,17780,7.1362854e-05
19098,87040,0.0040165526
19099,46910,0.0020625128
19100,75108,2.9322849e-09
19101,6245,2.8153283e-06
19102,82614,0.00041582246
19103,52253,4.1392365e-11
19104,62532,0.0039220895
19105,60976,5.563329e-10
19106,95682,2.2275926e-05
19107,51451,0.054374717
19108,33494,0.00012908415
19109,57652,0.0033140113
19110,41591,8.582986e-08
19111,4468,6.006742e-07
19112,2491,2.8153283e-06
19113,24568,0.009169346
19114,94372,4.1353292e-07
19115,103875,1.0020293e-08
19116,1343,8.6842e-06
19117,30282,0.026707362
19118,75676,3.4827558e-06
19119,87593,1.9173713e-15
19120,65336,0.0033026752
19121,16306,4.813354e-11
19122,10630,1.38372525e-05
19123,105958,0.00029505612
19124,61041,9.8406e-06
19125,20591,0.006513033
19126,46045,0.0077906027
19127,108181,4.1383512e-07
19128,16844,9.552964e-07
19129,102020,0.0007400047
19130,94428,0.009558456
19131,78968,0.03684373
19132,85368,0.06433432
19133,3242,1.8015318e-06
19134,84991,2.0624117e-07
19135,91667,0.02897164
19136,115466,0.00074896915
19137,100192,0.010000636
19138,33771,2.1818467e-09
19139,82372,0.009170086
19140,88713,1.4471658e-13
19141,76646,9.539657e-10
19142,87052,0.0069063785
19143,70163,0.00037028827
19144,35463,0.00013526439
19145,88203,5.156619e-16
19146,97706,0.0014498312
19147,100390,0.0006521673
19148,115798,0.028832536
19149,99350,0.0010089037
19150,84607,0.054945264
19151,15103,0.0011257017
19152,66350,5.257541e-09
19153,21934,0.0077906027
19154,25971,0.0040224534
19155,8296,1.9997613e-05
19156,27030,0.0022512635
19157,36129,0.009558456
19158,81044,6.875995e-10
19159,79050,0.009159205
19160,66018,4.5242404e-10
19161,71798,0.004563765
19162,58086,0.0012648315
19163,65954,7.3616895e-09
19164,57825,5.0296645e-10
19165,27039,0.0004757974
19166,74179,5.6645086e-07
19167,3024,2.1725245e-06
19168,75282,0.0099975495
19169,63728,5.9887752e-06
19170,41094,0.06482158
19171,70379,0.019502632
19172,30450,0.009558456
19173,46825,2.731556e-07
19174,72175,0.023273004
19175,12984,0.009567516
19176,28256,5.963176e-07
19177,59892,0.009159205
19178,72182,0.048092566
19179,67491,0.0006742901
19180,61281,1.5789042e-09
19181,73173,1.8135264e-05
19182,69764,0.0042148116
19183,17017,5.9054026e-11
19184,27937,0.00018903306
19185,58245,0.00037149573
19186,31292,0.00017502849
19187,19092,0.027915554
19188,107821,0.0033157554
19189,87654,1.0964056e-15
19190,113406,1.0612171e-10
19191,93100,0.024478596
19192,72844,0.0014259123
19193,54891,2.069411e-05
19194,5646,0.009490432
19195,36358,0.04562465
19196,22006,3.088388e-07
19197,102810,0.0022862495
19198,37141,0.009601473
19199,20296,1.7819819e-08
19200,54624,0.009159205
19201,60372,0.04974522
19202,84032,0.05926452
19203,38315,0.009601473
19204,97258,4.6837656e-10
19205,86018,1.352021e-13
19206,72765,0.00012380414
19207,45152,0.00050232525
19208,110223,1.6032427e-12
19209,16875,0.5349268
19210,863,0.027147863
19211,28326,5.4038185e-10
19212,51868,0.027070584
19213,62043,1.3356072e-09
19214,9465,0.00040021242
19215,38820,6.544916e-05
19216,17039,0.0026217476
19217,13045,4.345557e-08
19218,23740,1.3356072e-09
19219,72237,1.9561894e-05
19220,64283,4.8255727e-10
19221,26902,2.1847854e-10
19222,14424,4.6301758e-11
19223,14572,3.2437708e-08
19224,51340,7.348293e-05
19225,55172,2.6159142e-07
19226,115003,0.0025764718
19227,68543,0.054945264
19228,45226,0.019502632
19229,40204,0.054374717
19230,14257,0.022316055
19231,46475,0.006781493
19232,74550,0.004193053
19233,97065,1.6504632e-09
19234,73554,0.0038918324
19235,28096,1.2582173e-12
19236,63351,0.044862695
19237,66216,1.3698738e-06
19238,115757,6.1890696e-06
19239,77661,0.009609334
19240,24170,8.487901e-05
19241,68317,0.004728661
19242,67063,9.794869e-07
19243,27516,2.5511094e-06
19244,1309,0.027112849
19245,33041,0.00067582063
19246,79618,0.026707362
19247,99870,0.027234493
19248,62986,3.3229156e-10
19249,53461,0.00084267557
19250,17412,0.065942466
19251,67839,0.009609334
19252,23746,1.5727226e-05
19253,2281,5.5244524e-05
19254,8382,0.04075276
19255,109162,1.8574035e-05
19256,36181,0.48171124
19257,93000,0.00047594728
19258,39895,5.781899e-11
19259,113200,1.1891615e-07
19260,27187,0.0073939064
19261,101493,9.282037e-07
19262,33978,0.0077906027
19263,28984,2.0284139e-08
19264,112914,0.050240614
19265,97186,0.0069063785
19266,13916,2.9872417e-12
19267,62960,1.1088448e-12
19268,88498,2.0004113e-07
19269,18662,1.1155569e-06
19270,27646,0.00031084364
19271,25647,0.010449223
19272,61101,1.5184203e-09
19273,65272,1.9873337e-12
19274,46313,0.0056132367
19275,84012,0.00084039435
19276,47305,8.0821155e-10
19277,13277,1.7008903e-13
19278,35527,0.009558456
19279,69436,0.027915554
19280,15261,1.87701e-16
19281,17510,0.00030523716
19282,63636,9.8406e-06
19283,112715,0.0006647029
19284,115035,0.00074896915
19285,100132,1.9561894e-05
19286,82445,0.0012655708
19287,62171,4.8181514e-06
19288,96052,8.307992e-15
19289,86133,3.4112495e-09
19290,114221,4.7239055e-07
19291,14429,5.6543752e-11
19292,59811,0.05926452
19293,92019,0.040115204
19294,14630,0.00015891175
19295,107883,5.0313118e-11
19296,72975,0.0009799172
19297,94884,0.002328324
19298,15610,0.018107578
19299,29714,0.00017287674
19300,80787,0.027308173
19301,115208,0.035764765
19302,7256,2.3277594e-06
19303,8158,1.3797765e-09
19304,83527,6.555169e-13
19305,73596,9.917045e-10
19306,23255,0.031180395
19307,112613,0.050240614
19308,51816,0.065604225
19309,45167,0.009601473
19310,44014,6.8233385e-06
19311,28590,1.1721143e-16
19312,89472,0.0077906027
19313,13153,2.5401654e-09
19314,107505,0.0022746052
19315,2545,0.0002074544
19316,85843,1.6056596e-13
19317,105688,0.031610955
19318,18182,2.9872417e-12
19319,60478,1.4096118e-07
19320,37532,0.00084267557
19321,110396,0.009611095
19322,91896,0.0004464383
19323,98539,0.047967356
19324,110545,0.0031082176
19325,80910,9.808837e-06
19326,88889,3.14283e-09
19327,58516,0.03764239
19328,75286,0.0058086915
19329,95592,1.5359018e-14
19330,12471,0.17045903
19331,67200,0.009609334
19332,15203,0.011740771
19333,87136,0.009170086
19334,90716,0.04974522
19335,62941,3.1916718e-16
19336,82615,0.001311476
19337,44199,2.1818467e-09
19338,73702,0.00034344534
19339,24969,0.0020030206
19340,14626,0.010311361
19341,31504,0.0042110747
19342,70002,0.009170086
19343,39307,0.027271394
19344,46682,4.7072793e-12
19345,87284,0.019305756
19346,1434,9.787595e-09
19347,43910,1.977663e-10
19348,7569,0.00909721
19349,96438,1.781074e-16
19350,100632,0.008979334
19351,104272,5.250308e-07
19352,53994,2.069411e-05
19353,91283,0.0028958032
19354,54777,0.2439503
19355,20884,0.0072275545
19356,82085,0.06613775
19357,43944,5.565799e-11
19358,57276,3.332772e-05
19359,73420,1.8704196e-09
19360,80482,2.227576e-09
19361,42529,0.22382954
19362,56309,0.03764239
19363,41814,1.14346285e-05
19364,11473,0.00909721
19365,68492,3.096126e-07
19366,92551,0.050105408
19367,68274,0.010311361
19368,35691,0.0026789745
19369,8453,2.4003307e-07
19370,6785,0.0101294415
19371,19291,0.0009615326
19372,108722,2.267514e-14
19373,68175,0.05926452
19374,15486,0.07636334
19375,45641,0.02119391
19376,73383,4.8865103e-09
19377,64031,2.0389314e-10
19378,15873,5.121436e-05
19379,66784,0.0012130719
19380,51787,0.018107578
19381,27364,1.9748095e-14
19382,51021,9.968833e-06
19383,91962,0.008979334
19384,62896,0.05926452
19385,11333,2.7750477e-06
19386,86775,1.0148003e-12
19387,47013,4.39615e-13
19388,33816,5.518908e-07
19389,42863,0.0054385136
19390,26755,0.013946763
19391,20533,2.0227198e-11
19392,40890,0.001478002
19393,99152,6.681508e-05
19394,44163,0.018370343
19395,106905,0.018143823
19396,11740,6.61988e-12
19397,21822,0.027271394
19398,82271,0.0007400047
19399,83555,1.472018e-16
19400,4837,0.087631635
19401,43971,0.009169346
19402,1944,0.008268267
19403,5237,4.0122955e-05
19404,37286,0.06552552
19405,655,1.3355017e-06
19406,20498,6.2999156e-06
19407,3981,3.7936965e-09
19408,84121,2.0552816e-06
19409,60778,0.00048859685
19410,1529,3.6878865e-07
19411,75529,1.7027379e-16
19412,96584,6.9947745e-08
19413,31856,1.283206e-10
19414,45164,0.0056692977
19415,115060,0.048092566
19416,108010,0.0005076782
19417,58712,2.5054925e-08
19418,28175,0.000509919
19419,94799,0.018134167
19420,8166,0.0068885414
19421,45554,0.010152991
19422,79465,0.055277847
19423,23294,0.010311361
19424,83829,2.2638863e-12
19425,105257,0.0005298064
19426,20688,0.00019617405
19427,115336,0.0037328268
19428,73867,2.6389303e-05
19429,19599,7.428766e-11
19430,13055,1.881565e-07
19431,106882,1.5034222e-14
19432,41947,0.20597227
19433,7126,9.328253e-07
19434,104207,1.9561894e-05
19435,57585,1.3406772e-11
19436,96751,4.8865103e-09
19437,90788,9.809282e-11
19438,5886,6.313699e-08
19439,52120,8.852694e-10
19440,106797,0.002805423
19441,52407,0.06482158
19442,45243,4.9313938e-05
19443,82325,2.4190974e-06
19444,47844,9.968833e-06
19445,100783,0.021550737
19446,29244,2.45526e-09
19447,47102,0.009169346
19448,27663,4.1889405e-05
19449,11771,0.009567516
19450,84457,5.163669e-11
19451,70761,2.464319e-07
19452,20336,0.00022976745
19453,715,8.526949e-09
19454,62738,9.8406e-06
19455,51271,0.009558456
19456,104162,0.009765802
19457,37550,1.3147977e-07
19458,76845,0.027917715
19459,51242,0.0009799172
19460,25057,0.021824455
19461,64646,1.1604495e-15
19462,51385,2.392035e-08
19463,53811,0.009159205
19464,105135,2.8007652e-10
19465,108711,0.0054385136
19466,58121,0.009558456
19467,90907,0.05452379
19468,20827,2.1818467e-09
19469,104224,0.045780502
19470,111444,7.4189315e-13
19471,64383,0.0011228567
19472,56476,0.0009799172
19473,24524,0.009601473
19474,27845,5.9269103e-05
19475,40163,0.018370343
19476,90830,0.08043513
19477,87232,5.954175e-10
19478,23574,2.0531286e-06
19479,46115,0.0042110747
19480,94188,5.973851e-11
19481,63317,0.008362423
19482,74534,1.9561894e-05
19483,35291,2.2044852e-13
19484,39596,1.9812348e-10
19485,23486,0.018107578
19486,81047,0.0077906027
19487,93399,3.9952512e-05
19488,83380,0.0042148116
19489,112686,3.4112495e-09
19490,65446,5.7312777e-09
19491,86247,0.018107578
19492,46955,2.2943973e-09
19493,87319,9.8704826e-05
19494,24597,0.00043281872
19495,62935,0.0005394228
19496,29392,2.1985425e-06
19497,102824,0.031558465
19498,50802,0.020181844
19499,89526,0.0077906027
19500,30994,0.031109303
19501,76470,6.803275e-05
19502,92564,0.06334803
19503,21399,0.002163565
19504,49224,6.876962e-11
19505,29115,0.009558456
19506,59022,0.054945264
19507,3877,4.620198e-11
19508,107838,1.3282654e-06
19509,84546,0.0012669662
19510,109011,0.027844498
19511,36221,2.1818467e-09
19512,46666,0.001284776
19513,92721,0.05926452
19514,19285,0.027147863
19515,110957,9.90623e-10
19516,32568,0.018143823
19517,50895,0.009558456
19518,3401,0.04370383
19519,19144,0.28326577
19520,12803,8.755075e-12
19521,27979,2.5622964e-09
19522,42619,0.001294905
19523,45769,2.1818467e-09
19524,92145,2.5468916e-07
19525,40953,1.2101469e-09
19526,81404,0.0009905635
19527,27297,2.4518564e-05
19528,24796,2.189176e-08
19529,67274,0.00011195042
19530,3259,5.366131e-05
19531,103024,3.3710242e-07
19532,115925,0.032177687
19533,65145,1.1846237e-09
19534,45656,0.005195277
19535,39611,0.011006639
19536,86366,0.004193053
19537,49094,1.6067375e-10
19538,103841,1.5911843e-07
19539,113878,0.0042489404
19540,79972,0.0007400047
19541,107901,9.744012e-06
19542,14165,0.06482158
19543,108544,9.579849e-09
19544,15388,1.8140775e-06
19545,64024,3.3483225e-12
19546,63017,0.01989625
19547,114339,4.028942e-06
19548,69477,0.0042148116
19549,83102,0.04974522
19550,92765,0.050105408
19551,85825,0.018107578
19552,83026,0.000159422
19553,66109,1.17738615e-07
19554,92942,1.6011062e-09
19555,27404,0.009159205
19556,43249,1.692632e-05
19557,72228,0.007983488
19558,14492,7.378752e-10
19559,66488,0.10147435
19560,22058,0.009601473
19561,37892,0.005873184
19562,53361,6.7024775e-05
19563,77095,0.03233484
19564,43307,0.019502632
19565,92913,8.8366653e-07
19566,59384,0.00909884
19567,35998,0.018107578
19568,54787,0.005194104
19569,77380,1.9561894e-05
19570,63742,0.007639094
19571,55668,0.00036853604
19572,15670,0.0007384232
19573,62802,0.07016115
19574,36645,0.0077906027
19575,63321,1.3006592e-06
19576,19104,1.9709357e-06
19577,91919,0.00969227
19578,31862,0.0009799172
19579,10252,8.715646e-06
19580,98915,0.008979334
19581,63575,2.889817e-06
19582,71664,0.048092566
19583,14968,8.739742e-12
19584,10837,0.01046717
19585,79621,0.0027906853
19586,110718,0.026707362
19587,88560,0.032136623
19588,26737,1.8127448e-05
19589,64126,2.286789e-11
19590,72177,3.329388e-09
19591,14911,4.0414566e-10
19592,17140,0.007679209
19593,74681,0.0077906027
19594,75966,5.4123436e-08
19595,34596,0.02179295
19596,63539,0.054374717
19597,87668,0.05452379
19598,36393,0.0023467834
19599,38233,1.8236199e-07
19600,80276,0.06575468
19601,54229,0.0023467834
19602,88354,0.0069063785
19603,108176,3.0732017e-09
19604,62281,0.010152991
19605,107923,2.5845473e-08
19606,26889,1.2311892e-05
19607,38,0.028332869
19608,49617,2.7179451e-11
19609,50522,2.7391152e-08
19610,7764,9.4456135e-07
19611,60727,7.171449e-08
19612,37020,2.4730724e-07
19613,5988,9.2308454e-07
19614,88887,0.04974522
19615,77115,0.008979334
19616,22468,0.00034621728
19617,15551,8.739742e-12
19618,13365,2.808284e-07
19619,53286,0.010311361
19620,42574,1.4537696e-07
19621,22304,0.024162585
19622,24710,0.0005750509
19623,19075,1.1193955e-06
19624,75507,1.9561894e-05
19625,93081,0.032136623
19626,69354,0.006285153
19627,111490,7.8289215e-12
19628,111040,8.618757e-06
19629,55994,0.054945264
19630,46703,2.1818467e-09
19631,70423,2.7144374e-06
19632,104399,1.0293569e-08
19633,36401,0.01092813
19634,115684,0.00018941682
19635,1212,5.121436e-05
19636,42030,0.009601473
19637,70759,0.0007036428
19638,98241,5.116359e-10
19639,112970,0.02154969
19640,81089,0.010449223
19641,39566,0.010152991
19642,108306,7.522898e-05
19643,35165,3.6637724e-05
19644,52261,0.0022811217
19645,104936,2.0375687e-06
19646,66158,0.0047364547
19647,88313,0.010311361
19648,62361,1.4009842e-08
19649,89397,2.3898963e-08
19650,113404,0.009159205
19651,44403,1.3720488e-05
19652,65357,9.829541e-06
19653,25001,0.0024086116
19654,39196,0.03446388
19655,55169,1.11849814e-10
19656,101925,5.7560396e-06
19657,37433,3.6816223e-09
19658,87332,0.02897164
19659,105297,0.007568737
19660,64247,1.0899411e-09
19661,95334,6.3344834e-15
19662,7427,0.00011310972
19663,89289,0.003156181
19664,91542,5.3885674e-09
19665,90493,0.009170086
19666,86195,0.018107578
19667,115123,2.7910982e-09
19668,59287,0.08894142
19669,114911,0.014732074
19670,28663,0.054374717
19671,81118,3.0976962e-06
19672,24912,0.027271394
19673,2666,0.00987778
19674,65871,3.3229156e-10
19675,63464,1.1056924e-07
19676,75838,1.131212e-05
19677,65469,4.0208637e-05
19678,103855,1.5452439e-07
19679,108567,0.05452379
19680,99832,0.009611095
19681,23280,1.2482689e-08
19682,46644,5.4521095e-08
19683,18247,1.7910652e-09
19684,85649,0.027308173
19685,9385,1.8910124e-06
19686,63515,6.015118e-07
19687,85227,9.807219e-06
19688,37134,0.0069047827
19689,16991,0.00010452972
19690,74500,0.031303167
19691,61361,0.017582277
19692,96395,3.699416e-06
19693,38619,0.11653077
19694,77040,0.010311361
19695,4791,0.021754466
19696,66676,9.643201e-06
19697,100122,0.013123105
19698,26111,0.0009799172
19699,85249,0.0023459184
19700,91512,0.0021738664
19701,91892,1.2661732e-05
19702,29490,0.009558456
19703,73736,0.0007400047
19704,96225,0.0042148116
19705,20600,0.0013471787
19706,46200,1.4434748e-06
19707,90386,0.05314983
19708,63754,4.8019737e-11
19709,53135,1.1995752e-05
19710,78244,0.03764239
19711,81357,0.0015616057
19712,54696,0.027070584
19713,99224,1.0076045e-06
19714,113863,2.0656994e-09
19715,112877,0.0012084997
19716,49915,0.00084267557
19717,4780,0.104424424
19718,82699,0.0042148116
19719,997,4.870675e-06
19720,97789,1.9387997e-08
19721,91310,0.018134167
19722,72479,4.744092e-15
19723,115936,0.032177687
19724,100544,0.009611095
19725,77080,0.03764239
19726,105343,1.0509632e-06
19727,48574,0.00026873508
19728,51839,0.00017231752
19729,13970,0.004544817
19730,99468,3.539129e-07
19731,77298,0.019502632
19732,11591,0.028460784
19733,26204,2.1553201e-10
19734,96895,0.000319761
19735,9435,0.10055027
19736,18494,6.61988e-12
19737,3509,2.1891274e-06
19738,38435,9.2568596e-05
19739,70351,0.009609334
19740,41155,0.009169346
19741,68894,0.0005375376
19742,88916,0.07983019
19743,106108,6.732583e-09
19744,25629,0.0048444965
19745,102974,0.0007400047
19746,50443,0.00024887492
19747,14716,0.0095750205
19748,81269,1.9561894e-05
19749,12124,5.774931e-07
19750,55139,0.00014910723
19751,88024,1.9561894e-05
19752,66105,0.0014888049
19753,97068,0.0005268644
19754,78640,2.2979727e-08
19755,82603,2.4190974e-06
19756,12598,1.2344509e-08
19757,21696,0.009601473
19758,66582,0.008350465
19759,30515,6.0820674e-13
19760,50564,0.0040224534
19761,62534,0.00037149573
19762,65553,2.9994738e-14
19763,45356,8.910579e-10
19764,102710,0.03684373
19765,1413,0.20597227
19766,22195,1.1192099e-08
19767,110116,1.7062368e-15
19768,105215,0.016967166
19769,113841,0.00013325218
19770,33238,0.006285153
19771,88955,0.00043978883
19772,77307,0.008979334
19773,71163,0.0022669048
19774,14738,0.027147863
19775,65637,0.08333831
19776,104435,3.4112495e-09
19777,49725,0.00564826
19778,4119,0.0036078002
19779,93148,3.0243573e-08
19780,11867,8.755075e-12
19781,60740,0.027684728
19782,105301,0.009611095
19783,114607,0.0010063287
19784,7532,1.5290353e-06
19785,106599,0.004052996
19786,12943,1.6166383e-05
19787,23515,0.00020545091
19788,90552,0.05926452
19789,70632,8.314026e-09
19790,80808,0.018107578
19791,104984,0.0019673521
19792,74340,0.028905047
19793,106786,0.004193053
19794,63025,2.0432388e-12
19795,51188,1.5524677e-08
19796,74678,0.00034391746
19797,83786,0.009609334
19798,41239,0.027684728
19799,52497,0.0028958032
19800,64373,9.403809e-09
19801,1670,0.017491708
19802,28167,0.00088021404
19803,31242,0.0688517
19804,33724,2.5877594e-06
19805,16329,2.772296e-12
19806,72592,1.07289934e-10
19807,12868,1.4969605e-11
19808,40616,2.6812813e-07
19809,111153,0.0037722404
19810,9291,9.694405e-08
19811,71613,0.019502632
19812,32459,0.0075330995
19813,106540,6.3775034e-09
19814,21592,2.0908253e-06
19815,12789,8.755075e-12
19816,39446,0.00045373946
19817,71532,0.00014939245
19818,83856,3.3814595e-07
19819,92902,0.001740243
19820,11524,1.2875519e-05
19821,23811,9.389533e-11
19822,31991,1.5745432e-07
19823,33568,0.012547361
19824,2153,0.010464503
19825,23160,3.3730841e-12
19826,2033,0.001424623
19827,78923,9.829541e-06
19828,5668,0.00909721
19829,92887,0.009609334
19830,11363,5.139259e-06
19831,75933,0.0007400047
19832,88621,2.0836265e-07
19833,68960,0.00048040142
19834,110558,0.0019673521
19835,65964,3.657834e-07
19836,19514,8.094986e-09
19837,40853,2.708601e-05
19838,45288,6.400608e-09
19839,95352,9.8406e-06
19840,59436,1.5789042e-09
19841,87194,2.0525047e-07
19842,46865,0.005195277
19843,84465,0.0048444965
19844,64018,1.3612292e-06
19845,8113,1.2429239e-05
19846,59212,7.48787e-08
19847,65234,9.829541e-06
19848,23936,7.984548e-09
19849,57891,3.7717107e-10
19850,63008,0.0006751025
19851,82092,0.04562465
19852,34555,1.2097463e-07
19853,53900,0.34725204
19854,109378,0.055277847
19855,23987,3.1831148e-06
19856,109500,0.004052996
19857,102569,0.018134167
19858,111617,1.3290736e-07
19859,26505,1.0020513e-05
19860,74891,2.7594477e-10
19861,22342,2.1818467e-09
19862,28316,0.028905047
19863,97245,0.0042148116
19864,112056,3.0736539e-16
19865,18924,3.559576e-08
19866,39456,0.009169346
19867,44104,0.07708257
19868,32658,0.0042110747
19869,42829,2.5450854e-06
19870,79091,1.9991534e-12
19871,25308,0.110108055
19872,32147,4.9313938e-05
19873,59563,1.3850567e-06
19874,96650,0.009170086
19875,110224,2.9744192e-13
19876,23980,1.6893207e-11
19877,99576,1.9793273e-05
19878,9098,0.0014277677
19879,65883,3.174386e-13
19880,64627,0.0014888049
19881,100765,9.8406e-06
19882,58091,0.117945015
19883,94918,6.7317833e-06
19884,66480,1.2850913e-11
19885,20679,4.4616636e-06
19886,83838,3.9420287e-05
19887,45802,0.018125536
19888,24757,0.11003851
19889,44497,0.08333831
19890,88866,3.2713093e-11
19891,73968,9.325468e-09
19892,45025,0.00013019324
19893,8357,6.9946195e-06
19894,84586,3.0976962e-06
19895,38501,0.009601473
19896,65205,7.2738027e-12
19897,31378,0.027070584
19898,76889,0.009170086
19899,916,1.6803237e-05
19900,54319,3.6200355e-11
19901,8750,0.0071632224
19902,94060,0.010167009
19903,76954,0.054374717
19904,6020,0.00909721
19905,95762,0.0021999907
19906,56949,4.886915e-05
19907,93493,0.0006742901
19908,89022,5.7620007e-09
19909,61430,4.0208637e-05
19910,58328,0.0688517
19911,16886,0.00011181173
19912,86518,0.00010100137
19913,35244,0.00013419166
19914,14275,2.1379867e-08
19915,19307,1.4601847e-05
19916,35196,3.3342099e-10
19917,106224,0.04721201
19918,45900,0.0012398196
19919,9841,0.023169983
19920,13575,0.027112849
19921,33604,0.0056853113
19922,80051,6.9202155e-10
19923,101770,0.0012578603
19924,79906,0.0012669662
19925,77757,9.5243664e-14
19926,64922,3.611087e-07
19927,52412,0.004193047
19928,31354,1.5475954e-12
19929,86238,0.000673161
19930,45645,0.0042110747
19931,46257,0.004881443
19932,51662,1.1694301e-12
19933,84899,3.9420287e-05
19934,20936,0.060112506
19935,7465,0.03252788
19936,93824,0.009611095
19937,56116,0.009558456
19938,97916,8.279227e-09
19939,35366,3.4170482e-11
19940,22519,4.3287986e-05
19941,2532,4.087259e-05
19942,105472,0.0011293961
19943,73103,0.009177744
19944,31409,3.155925e-05
19945,75952,0.054374717
19946,38044,0.0287143
19947,54605,0.0006647029
19948,69006,0.009170086
19949,81230,0.06482158
19950,59156,6.1377327e-06
19951,71408,0.054945264
19952,80393,0.040115204
19953,10060,1.5403122e-05
19954,15674,0.07016115
19955,70390,3.4605055e-12
19956,4851,0.00909721
19957,66318,6.621626e-11
19958,1784,0.0014244181
19959,89666,0.0007400047
19960,65565,1.1056924e-07
19961,64812,3.8718193e-13
19962,23597,4.498209e-06
19963,55170,0.004193047
19964,112668,0.064573884
19965,59089,0.014970005
19966,57782,1.8826986e-05
19967,24305,0.00013526439
19968,13302,0.0009615326
19969,35663,0.006781493
19970,41046,0.0015616057
19971,46153,0.06445305
19972,1007,0.07016115
19973,114284,0.026351169
19974,51386,0.0100853825
19975,102261,7.930409e-05
19976,9018,3.499872e-07
19977,73622,0.004193053
19978,71616,1.2211402e-08
19979,109721,5.7299223e-09
19980,47677,0.0012628086
19981,58946,7.254212e-08
19982,32354,0.00017287674
19983,81224,0.002328324
19984,22078,1.8995801e-06
19985,78193,0.00013327887
19986,51035,2.6316336e-09
19987,29501,5.9407994e-06
19988,59849,0.005194104
19989,100372,3.539129e-07
19990,77302,0.0005268644
19991,8713,0.0006062326
19992,10370,1.0856924e-08
19993,70456,0.010311361
19994,31147,0.018143823
19995,79352,0.02897164
19996,87188,0.0021738664
19997,107591,2.8977305e-09
19998,92592,0.021894407
19999,54554,0.0023628047
20000,14892,0.00027304215
20001,57208,3.552648e-10
20002,34311,2.0447133e-05
20003,83003,1.9561894e-05
20004,18113,0.0037737084
20005,35519,3.5603696e-09
20006,41833,1.45392075e-11
20007,47509,5.893118e-07
20008,109392,0.027316395
20009,76870,0.009609334
20010,103805,0.00013489742
20011,85264,8.573976e-05
20012,56523,0.05303671
20013,2770,0.001424623
20014,79924,0.008951045
20015,39515,0.00032791018
20016,98485,9.817969e-07
20017,40725,5.6643734e-10
20018,36826,0.0077906027
20019,49787,3.563086e-07
20020,60113,7.441162e-05
20021,105085,0.059533693
20022,28974,0.018125536
20023,59013,0.027070584
20024,89465,1.6996564e-11
20025,1269,9.093589e-10
20026,6801,0.0014277677
20027,90549,0.0006159452
20028,93776,1.9561894e-05
20029,76751,0.0006647029
20030,14765,8.6875715e-12
20031,29010,6.5986087e-06
20032,94423,1.9935449e-08
20033,115558,8.0235525e-13
20034,55768,0.0042206934
20035,107555,0.040398903
20036,58642,0.07983019
20037,35653,0.006883253
20038,102984,0.0070739565
20039,80882,0.001267699
20040,91293,0.02897164
20041,46630,6.877457e-07
20042,27679,0.32334226
20043,58393,1.3424435e-10
20044,111283,2.1452086e-08
20045,97308,0.0007400047
20046,78558,1.8563854e-06
20047,84998,5.909898e-11
20048,11734,0.19350025
20049,78078,0.00026873508
20050,68300,0.0006647029
20051,98237,1.3356072e-09
20052,92759,0.05452379
20053,43432,0.010311361
20054,93628,0.027994813
20055,21966,7.6178003e-10
20056,35144,7.67301e-06
20057,64340,2.064999e-08
20058,27806,0.0033911024
20059,8363,0.0010402258
20060,10988,8.6124826e-05
20061,98693,0.0026416038
20062,91000,1.9561894e-05
20063,101017,5.999658e-11
20064,20705,1.03584384e-13
20065,32358,0.009558456
20066,81687,1.9561894e-05
20067,54575,6.956841e-12
20068,11511,0.00014643506
20069,31261,0.0033341504
20070,25204,0.002694702
20071,31044,0.005194104
20072,21154,0.024190057
20073,108887,0.0007412293
20074,31654,0.018143823
20075,72018,0.018107578
20076,114530,2.6460684e-06
20077,31857,0.005194104
20078,8272,0.18252489
20079,21890,3.4170482e-11
20080,73972,3.617635e-14
20081,88230,0.009609334
20082,84547,1.9561894e-05
20083,78377,1.1742145e-10
20084,56820,2.5511094e-06
20085,48550,1.3424704e-08
20086,92828,1.3113864e-09
20087,78218,1.8458957e-05
20088,58566,0.054945264
20089,70221,0.0012072375
20090,25573,1.9955638e-07
20091,103102,0.0005268644
20092,43326,7.6236755e-13
20093,86722,0.0003787153
20094,40030,0.00017287674
20095,67458,0.0010103625
20096,49595,0.02131788
20097,111910,0.00013489742
20098,83865,0.0006647029
20099,14802,2.0204768e-06
20100,100602,0.0026451752
20101,40012,0.010152991
20102,101893,0.024748232
20103,61300,3.0907657e-05
20104,88615,6.285777e-11
20105,54649,9.770169e-06
20106,7133,7.647993e-07
20107,87161,2.0004113e-07
20108,113105,0.03858612
20109,46975,0.0991361
20110,15495,5.3225267e-07
20111,47206,0.009324295
20112,4215,1.697939e-06
20113,56173,0.02718392
20114,91018,3.598687e-06
20115,10555,2.3859871e-05
20116,102110,0.032136623
20117,22514,2.6529804e-05
20118,12384,1.4969605e-11
20119,47855,9.968833e-06
20120,59320,0.04974522
20121,111343,1.4191753e-09
20122,31748,2.8629932e-09
20123,79095,1.4728545e-07
20124,31832,0.009558456
20125,6302,0.0002525811
20126,70264,0.05926452
20127,110500,0.0009928349
20128,16922,2.4348617e-06
20129,84632,0.018107578
20130,100887,0.0032949501
20131,68875,5.772594e-09
20132,96113,7.485815e-05
20133,51290,0.054374717
20134,107376,5.856857e-07
20135,104072,4.4916913e-08
20136,16342,1.6128292e-10
20137,57635,4.0231078e-13
20138,88941,0.009609334
20139,67950,0.00012503525
20140,83127,0.001488875
20141,71194,6.532562e-10
20142,73605,0.0028958032
20143,19910,2.5423585e-06
20144,31043,2.8605425e-09
20145,19467,0.024162585
20146,23690,0.014871395
20147,67578,0.054945264
20148,66370,0.0014888049
20149,50819,0.009558456
20150,445,9.73071e-09
20151,21068,0.00034536413
20152,18647,0.018107578
20153,40217,0.0026753105
20154,62112,1.1420904e-11
20155,94973,0.059353366
20156,41341,7.835374e-06
20157,62785,0.006010258
20158,53931,7.020724e-06
20159,109811,0.0026269308
20160,21932,1.290674e-06
20161,42491,8.199766e-10
20162,51046,5.041415e-12
20163,88802,3.0988133e-12
20164,84236,6.30073e-08
20165,82305,0.006010258
20166,84172,1.4817932e-08
20167,114048,0.02897164
20168,7854,0.009398879
20169,31408,3.561153e-05
20170,109850,2.96367e-10
20171,81482,1.9561894e-05
20172,63449,1.4322865e-07
20173,80936,0.00046791197
20174,100703,0.009611095
20175,66722,3.2690342e-10
20176,94716,0.009558456
20177,43872,0.00029558685
20178,106148,0.0007412293
20179,83710,0.06433432
20180,62084,0.0023467834
20181,59706,9.66257e-06
20182,29199,0.009558456
20183,93149,0.0038918324
20184,109935,0.1258907
20185,115057,0.064573884
20186,119,0.00909721
20187,109575,0.009611095
20188,63379,1.9793273e-05
20189,37347,0.009558456
20190,6518,0.011496167
20191,81628,1.3527262e-08
20192,248,2.3783449e-09
20193,16123,8.6875715e-12
20194,72830,8.834588e-05
20195,48097,1.7910652e-09
20196,104445,0.016698204
20197,102474,0.0010097303
20198,100304,7.817771e-09
20199,106063,6.8362102e-15
20200,82566,0.0040224534
20201,51888,9.968833e-06
20202,64905,1.559224e-06
20203,83524,7.5780554e-07
20204,61365,0.0042110747
20205,26387,1.977663e-10
20206,4099,0.004933561
20207,7983,0.00014060663
20208,46010,0.053866703
20209,31667,0.005194104
20210,53727,0.0006647029
20211,96403,2.559967e-12
20212,10514,0.00038589435
20213,72717,3.6070034e-18
20214,85483,0.009609334
20215,31250,0.019502632
20216,103788,0.0026269308
20217,110998,0.34886998
20218,6427,0.0066416916
20219,75066,0.0009905635
20220,38319,1.9370077e-11
20221,106270,0.02335275
20222,110902,0.04974522
20223,100627,0.01763777
20224,4214,0.0018840645
20225,985,0.009011873
20226,31907,1.8134111e-14
20227,80650,0.0077906027
20228,22107,1.7754086e-05
20229,92139,0.00012639367
20230,59087,2.329322e-05
20231,1787,2.4355276e-15
20232,110554,0.09127653
20233,103507,0.027316395
20234,74377,1.07657925e-05
20235,50722,2.8562022e-07
20236,41901,0.008979334
20237,59896,7.299516e-05
20238,104859,0.018143823
20239,80360,0.07171395
20240,15830,0.027147863
20241,101091,1.9561894e-05
20242,112997,0.001008452
20243,61079,4.4784853e-11
20244,91610,1.9561894e-05
20245,55650,7.2178266e-13
20246,8127,5.366131e-05
20247,9381,0.014961802
20248,1897,0.001696929
20249,50090,9.968833e-06
20250,93156,0.010311361
20251,39320,1.4587583e-09
20252,11534,0.00033054134
20253,880,2.2945432e-08
20254,48586,0.05926452
20255,97309,0.009513768
20256,2312,1.5333051e-06
20257,31996,5.933136e-13
20258,43727,2.1553201e-10
20259,63080,0.0091682235
20260,53184,5.6208077e-10
20261,100223,0.0019421921
20262,63214,3.4112495e-09
20263,39338,2.9847284e-05
20264,55784,9.867041e-07
20265,106436,0.009611095
20266,91852,0.010311361
20267,35249,1.11849814e-10
20268,75420,5.2171006e-14
20269,87939,0.00020192853
20270,93057,1.5354079e-05
20271,58379,0.008839138
20272,66710,9.8406e-06
20273,109296,2.2773368e-13
20274,83347,1.0859619e-15
20275,17775,0.0016127849
20276,54110,0.6275641
20277,54498,0.027070584
20278,16731,5.121436e-05
20279,42636,0.0009615326
20280,62508,9.8406e-06
20281,90813,0.029978158
20282,41148,1.1598475e-08
20283,91873,0.050105408
20284,90738,2.0601411e-07
20285,50946,0.01929331
20286,70142,0.0006647029
20287,97000,4.951376e-17
20288,101154,6.254789e-11
20289,29694,0.01023643
20290,49358,0.028905047
20291,73863,0.019502632
20292,17248,0.06105263
20293,55426,0.027070584
20294,47298,4.6489113e-05
20295,104837,1.4678827e-12
20296,14115,0.09061608
20297,9236,0.00027967928
20298,69802,0.0025455286
20299,56090,1.3808157e-10
20300,35680,3.183076e-08
20301,58033,0.04974522
20302,11215,0.00017006298
20303,115933,0.0032907028
20304,34532,4.226195e-10
20305,100517,0.08087044
20306,23154,1.0198557e-07
20307,97814,0.033010963
20308,11721,5.722574e-07
20309,58604,6.995684e-05
20310,115052,0.0008079704
20311,77188,0.00020203156
20312,96437,0.05926452
20313,18101,0.0095750205
20314,40165,2.7530494e-05
20315,53450,0.0012567214
20316,53568,5.689758e-09
20317,57504,3.4112495e-09
20318,61933,0.03764239
20319,1842,0.00033843642
20320,19306,0.00083229045
20321,107658,0.0008079704
20322,74403,3.1823229e-06
20323,46498,0.010252689
20324,62479,0.00037149573
20325,40056,0.00010580412
20326,34940,1.977663e-10
20327,89098,0.0021978803
20328,98095,0.00010575418
20329,10916,0.041481473
20330,65497,6.621626e-11
20331,76415,0.048092566
20332,57106,0.0048444965
20333,1985,3.942851e-06
20334,8856,0.04516103
20335,26847,0.00017287674
20336,4240,0.0001433871
20337,112620,0.032177687
20338,45944,0.0018160112
20339,92718,1.2211402e-08
20340,78138,2.2454754e-09
20341,18477,3.8963208e-12
20342,44434,0.009601473
20343,73910,0.019502632
20344,105671,3.760753e-05
20345,98642,0.01701642
20346,74997,0.00063210167
20347,84640,0.016104061
20348,27991,2.0446276e-05
20349,26234,0.00083229045
20350,38346,1.5224698e-11
20351,76998,0.005692861
20352,112850,0.009159205
20353,93077,8.8366653e-07
20354,24753,2.298401e-05
20355,100888,9.90623e-10
20356,38683,3.6171608e-13
20357,12184,8.755075e-12
20358,41096,2.2326333e-13
20359,106904,0.004610218
20360,10181,0.004334744
20361,107428,0.0011136024
20362,115752,0.009611095
20363,52764,6.831352e-07
20364,37163,0.06552552
20365,90153,0.06451
20366,80205,1.9561894e-05
20367,70401,2.632378e-08
20368,61611,0.010152991
20369,73090,0.00035717452
20370,69989,0.0007400047
20371,31359,0.013230364
20372,62833,6.592132e-09
20373,76227,2.9489497e-12
20374,18859,2.20639e-10
20375,34016,2.3639679e-05
20376,41281,0.0023628047
20377,81363,0.018917745
20378,111197,6.017075e-08
20379,34435,6.119198e-05
20380,81548,4.6007492e-10
20381,62400,0.010152991
20382,113463,0.008042582
20383,111183,0.05917584
20384,12397,2.8088178e-09
20385,101485,0.028832536
20386,60166,9.8406e-06
20387,57273,3.0030527e-05
20388,105523,0.0019673521
20389,65711,9.829541e-06
20390,16026,0.016918974
20391,41093,0.009601473
20392,32844,0.36309743
20393,112869,0.0004729437
20394,3423,0.0043288292
20395,34646,0.004193047
20396,94277,5.2928415e-11
20397,29618,0.02718392
20398,45926,0.056206644
20399,24089,1.15637e-09
20400,91968,0.0013801478
20401,47054,9.0032365e-05
20402,4043,0.010465648
20403,91120,0.027844498
20404,14965,0.06482158
20405,16929,0.028905047
20406,2481,0.028526781
20407,47896,4.0986105e-08
20408,111730,0.043683093
20409,53131,4.0839981e-10
20410,3455,0.009085741
20411,61212,0.009159205
20412,19051,4.904249e-07
20413,48622,0.011006639
20414,38059,1.2597876e-06
20415,46323,6.877457e-07
20416,37339,1.9545842e-15
20417,102926,0.00010618405
20418,98528,0.027316395
20419,91670,0.07011593
20420,100740,0.009170086
20421,795,0.018107578
20422,101190,9.8406e-06
20423,24182,1.8201953e-07
20424,115666,0.005396051
20425,43561,2.1553201e-10
20426,88271,0.009170086
20427,86709,0.0007400047
20428,68874,2.3422383e-06
20429,7755,0.3018808
20430,13572,0.002982897
20431,14801,3.1325671e-06
20432,19372,1.1269458e-05
20433,70110,0.0010103625
20434,73126,0.17404
20435,8268,1.7864829e-06
20436,1806,8.3489874e-07
20437,45810,0.031180395
20438,31724,4.130757e-07
20439,14380,0.0040224534
20440,98366,0.06451
20441,79379,4.187327e-05
20442,49126,0.018107578
20443,35809,6.0702384e-08
20444,112571,3.1296706e-06
20445,44737,0.019502632
20446,2854,0.0016591736
20447,39497,1.6768577e-12
20448,27877,0.023214001
20449,91498,0.0005831042
20450,72950,0.05926452
20451,75402,1.9561894e-05
20452,23971,5.565799e-11
20453,26584,0.018125536
20454,83336,0.027308173
20455,79808,4.1383512e-07
20456,38823,0.0040224534
20457,107185,2.9986213e-14
20458,38246,1.4122652e-07
20459,38714,7.4857637e-10
20460,101843,9.31716e-10
20461,55093,0.004193047
20462,35271,0.006883253
20463,12766,8.755075e-12
20464,36353,0.32997808
20465,22545,0.0022811217
20466,6916,1.8750272e-09
20467,6314,1.5333051e-06
20468,66838,3.3229156e-10
20469,10099,0.00030320804
20470,58029,0.0006647029
20471,21242,0.08248923
20472,109687,0.009611095
20473,16935,0.0688517
20474,25476,9.965719e-10
20475,69824,0.054374717
20476,66325,1.07289934e-10
20477,74092,0.00048040142
20478,87799,0.05926452
20479,57172,0.018107578
20480,51328,0.046853133
20481,105136,0.06334803
20482,72769,0.0009799172
20483,72616,0.0011676986
20484,55571,1.2926587e-14
20485,84425,1.8358093e-10
20486,19545,0.055651452
20487,82331,0.0069063785
20488,92928,0.027844498
20489,98601,0.059353366
20490,14841,0.004544817
20491,112798,0.027684728
20492,78922,0.00010215013
20493,105776,0.009611095
20494,67532,0.040115204
20495,10708,2.4003307e-07
20496,52588,0.019502632
20497,114418,0.055277847
20498,84579,0.0006647029
20499,87198,2.8725776e-12
20500,689,2.0708747e-07
20501,12670,0.027112849
20502,85531,5.9214246e-05
20503,38865,0.00010681258
20504,98083,2.7180324e-08
20505,59106,0.07508184
20506,59437,1.4817932e-08
20507,95673,7.847307e-09
20508,11980,5.774931e-07
20509,79684,0.0009716983
20510,11686,1.7742684e-07
20511,48887,0.054374717
20512,103957,4.713011e-12
20513,63692,0.0052291886
20514,107587,2.712956e-12
20515,72539,1.9561894e-05
20516,5155,0.0032853102
20517,4088,0.00909721
20518,82374,0.004607776
20519,12096,0.018107578
20520,96683,0.0007400047
20521,17989,8.739742e-12
20522,85196,0.009609334
20523,86495,0.004193047
20524,31837,3.2961862e-07
20525,30292,6.2159056e-09
20526,25309,0.0042110747
20527,52507,0.00024887492
20528,27801,0.0042110747
20529,12971,1.044727e-09
20530,9913,0.0006087103
20531,79731,1.2211402e-08
20532,51708,0.00012767575
20533,100317,0.007402212
20534,100197,0.03386439
20535,51463,0.08234013
20536,83202,0.002814115
20537,8990,0.005794769
20538,73447,1.9561894e-05
20539,76177,0.00013489742
20540,31400,1.0020513e-05
20541,83389,0.018107578
20542,58790,0.018370343
20543,47369,6.352631e-08
20544,88191,0.001260472
20545,67246,0.028976
20546,8317,0.0001538017
20547,84082,0.05452379
20548,68628,0.00046104516
20549,111039,0.026659893
20550,37310,0.009169346
20551,86087,0.002814115
20552,65740,9.829541e-06
20553,44181,9.281033e-05
20554,63325,3.0880973e-09
20555,62009,0.040115204
20556,8174,3.2064145e-05
20557,51281,2.329322e-05
20558,54114,0.026707362
20559,10685,0.0037396976
20560,100694,0.027316395
20561,94549,0.07983019
20562,7949,1.355815e-06
20563,33379,0.018143823
20564,113836,0.00031176905
20565,61734,0.00037149573
20566,11650,2.4003307e-07
20567,96357,0.054945264
20568,115934,0.024748232
20569,105895,0.004193053
20570,77133,4.2209525e-09
20571,43887,4.1566923e-07
20572,21285,0.00024010317
20573,80492,1.0859619e-15
20574,89254,8.7673785e-11
20575,69702,0.002328324
20576,17021,1.5781845e-07
20577,78003,1.4817932e-08
20578,7108,0.023169983
20579,45161,0.110108055
20580,35163,1.8236199e-07
20581,32839,0.00017287674
20582,97036,7.4998185e-12
20583,71037,0.00020545091
20584,25218,7.6940615e-12
20585,72891,0.0006647029
20586,70614,0.009105743
20587,75216,0.02718392
20588,101566,0.050217867
20589,125,2.4688666e-06
20590,34886,0.027070584
20591,18806,0.008979334
20592,5614,6.339818e-07
20593,3286,1.1603817e-06
20594,18137,3.0415356e-10
20595,27369,0.0070868284
20596,38413,0.009601473
20597,68,0.0042001335
20598,73862,6.00568e-11
20599,108946,0.050217867
20600,87181,0.00012359807
20601,111833,0.008685665
20602,41354,0.0042110747
20603,74169,0.07705828
20604,50076,1.5111941e-07
20605,79223,1.4759964e-12
20606,80125,0.0006742901
20607,71810,0.00076586317
20608,78673,0.00046791197
20609,5099,1.9865945e-05
20610,4265,0.061102368
20611,60,6.6169315e-07
20612,22713,0.02509337
20613,111247,1.10247125e-13
20614,7362,0.0035856138
20615,21924,6.33986e-12
20616,67576,4.590548e-09
20617,58144,1.9561894e-05
20618,68710,0.0007400047
20619,2379,0.023169983
20620,73385,2.8853676e-05
20621,51650,0.02718392
20622,48765,0.0009107839
20623,48290,1.3356072e-09
20624,32006,2.5511094e-06
20625,56294,0.00063647324
20626,83445,0.0007400047
20627,34604,0.028905047
20628,50092,0.018107578
20629,3129,3.734022e-05
20630,10232,1.5464012e-06
20631,60438,0.0025845168
20632,11732,1.7937808e-08
20633,53108,9.844863e-10
20634,64926,5.9166055e-06
20635,112910,0.00019910833
20636,36391,0.004193047
20637,36462,0.009159205
20638,75707,0.0032748466
20639,47048,0.0287143
20640,104666,0.0008448882
20641,55083,0.018370343
20642,17442,8.6875715e-12
20643,96079,1.9561894e-05
20644,80947,0.00061016355
20645,98445,0.059353366
20646,18922,3.1988554e-07
20647,92365,0.009609334
20648,106452,7.9829675e-05
20649,111816,1.5290097e-14
20650,75476,0.048092566
20651,93584,1.3486013e-16
20652,87113,8.6508264e-13
20653,50920,0.031167235
20654,33186,0.009558456
20655,22566,0.009169346
20656,41188,0.046988025
20657,64995,1.9873337e-12
20658,81850,0.0007400047
20659,54695,4.330276e-08
20660,95277,3.8653778e-13
20661,92012,0.003709647
20662,17521,1.86375e-12
20663,19138,1.8995801e-06
20664,57698,4.79519e-06
20665,70649,1.2850913e-11
20666,69098,0.0005279978
20667,68835,0.027308173
20668,54359,0.016433688
20669,102704,0.0001843049
20670,80447,0.0028513179
20671,78107,1.7027379e-16
20672,17047,6.1785313e-06
20673,102916,1.3013912e-06
20674,76252,0.0047364547
20675,95900,0.00045577035
20676,29784,0.00793698
20677,21048,0.054374717
20678,57275,6.649417e-08
20679,101808,8.478289e-05
20680,70543,0.027994813
20681,100617,8.890056e-10
20682,115759,0.00033827324
20683,2049,1.7727089e-06
20684,37424,0.0027656502
20685,43519,0.019010335
20686,25027,7.299516e-05
20687,20521,0.1144293
20688,31488,0.0042110747
20689,25243,2.837108e-12
20690,31885,7.2958275e-05
20691,2417,0.032525297
20692,39961,4.1720575e-08
20693,38856,0.005223745
20694,67598,0.010311361
20695,4199,4.1830805e-05
20696,80691,0.00014235555
20697,8683,4.0932036e-06
20698,87743,0.007213677
20699,88932,4.0105482e-14
20700,11067,2.6583546e-05
20701,3200,2.27157e-06
20702,35131,9.968833e-06
20703,96603,0.06451
20704,3637,1.3579147e-05
20705,110513,0.0019673521
20706,21844,0.009601473
20707,38689,0.0042110747
20708,53723,8.552308e-13
20709,13110,8.755075e-12
20710,13895,0.019502632
20711,48257,1.7737822e-05
20712,35092,0.065604225
20713,75121,6.7035456e-13
20714,67056,0.0011228567
20715,19573,0.00916275
20716,54445,0.0037267953
20717,86694,0.012437477
20718,36163,5.563329e-10
20719,25363,1.0020513e-05
20720,12146,0.041223805
20721,15046,0.0051155807
20722,59447,0.05926452
20723,40462,4.8217297e-09
20724,87183,1.9745215e-08
20725,57206,0.048092566
20726,7750,1.9951528e-07
20727,83901,0.0028958032
20728,105781,0.008979334
20729,113099,5.1353495e-06
20730,107062,6.630318e-08
20731,96285,5.973851e-11
20732,77544,0.009609334
20733,109635,0.064573884
20734,83130,0.018107578
20735,31220,0.0042110747
20736,75974,1.0859619e-15
20737,71309,0.048092566
20738,27315,0.018125536
20739,99618,0.009170086
20740,42957,6.699206e-15
20741,36758,2.4221023e-05
20742,19493,8.932778e-05
20743,33403,7.476763e-09
20744,96574,0.0042148116
20745,36528,3.552648e-10
20746,11080,0.015654262
20747,91412,1.2610775e-06
20748,107934,3.568173e-05
20749,35556,0.018107578
20750,60860,0.11003851
20751,96606,0.02576682
20752,106552,7.788685e-05
20753,28104,0.058946833
20754,56608,0.0057472317
20755,79786,0.018107578
20756,5966,0.00027528306
20757,54453,3.1613112e-09
20758,31417,0.025216931
20759,78426,0.022597026
20760,56414,0.009558456
20761,73594,0.004607776
20762,95156,0.07536306
20763,4591,0.0007031608
20764,24773,2.141411e-05
20765,71089,6.812772e-07
20766,68338,1.7027379e-16
20767,56443,0.054374717
20768,78867,2.8562022e-07
20769,95456,0.009558456
20770,60932,0.0009905635
20771,32360,0.0652925
20772,39840,0.009169346
20773,11666,0.19350025
20774,4549,0.02718392
20775,88134,1.8704604e-11
20776,55505,0.004728661
20777,54755,2.9322849e-09
20778,53975,2.9322849e-09
20779,76133,4.8278235e-12
20780,6147,1.9921195e-06
20781,31516,3.3814595e-07
20782,9013,0.04736824
20783,100745,0.055277847
20784,25847,1.21834355e-05
20785,34077,3.1613112e-09
20786,29646,1.04714406e-11
20787,28620,0.0011631796
20788,109153,4.6793854e-12
20789,18623,0.054374717
20790,108867,8.2342927e-10
20791,45323,0.008979334
20792,9633,0.0001433871
20793,34334,0.061899133
20794,56900,0.008185022
20795,32541,0.0042110747
20796,78282,0.0008508814
20797,62697,0.001273944
20798,101063,0.0054385136
20799,65105,4.2209525e-09
20800,72310,0.048092566
20801,43852,0.009601473
20802,60260,2.9938858e-09
20803,73334,0.028905047
20804,20237,0.018370343
20805,81658,0.01954178
20806,52124,0.0009799172
20807,84774,1.2726026e-05
20808,14562,9.045272e-18
20809,100444,9.41029e-08
20810,75385,1.7910869e-06
20811,63733,1.9793273e-05
20812,39047,2.0471243e-06
20813,103159,0.010316847
20814,60745,0.009558456
20815,72027,0.054945264
20816,22691,2.4221023e-05
20817,68773,2.2063236e-09
20818,35264,0.002266882
20819,82776,0.0042148116
20820,104068,1.5422421e-06
20821,93535,0.027994813
20822,37976,2.0105997e-11
20823,82569,0.04974522
20824,5183,8.3489874e-07
20825,16472,4.9239155e-09
20826,62165,4.754537e-11
20827,72524,0.0023628047
20828,37980,0.0056424197
20829,104899,2.2396465e-08
20830,66636,1.3632948e-06
20831,71142,1.5172418e-07
20832,80671,1.5135688e-12
20833,13433,3.0918833e-11
20834,97160,0.0077906027
20835,74738,0.0038918324
20836,2869,0.0036075034
20837,100424,6.738681e-05
20838,32737,0.0077906027
20839,68883,0.0042148116
20840,82920,0.002814115
20841,1342,0.0025462904
20842,80335,9.8406e-06
20843,115254,0.026351169
20844,90301,5.882646e-07
20845,42143,0.0003341575
20846,93358,0.002843829
20847,19309,3.898542e-09
20848,23145,8.007279e-11
20849,28112,1.9569326e-07
20850,109065,0.010167009
20851,66494,6.11266e-11
20852,39150,1.9536845e-09
20853,106879,7.2631734e-11
20854,49964,1.04957344e-07
20855,460,7.826008e-07
20856,28533,5.4038185e-10
20857,47852,7.171449e-08
20858,95275,0.019548833
20859,66368,3.255602e-09
20860,48493,1.221868e-06
20861,27639,5.148134e-10
20862,91902,3.134737e-05
20863,85978,0.05926452
20864,66737,2.3364244e-06
20865,886,0.000107320295
20866,80085,0.0032305862
20867,81374,1.0341343e-09
20868,85400,0.009609334
20869,10551,2.4003307e-07
20870,87411,0.016129557
20871,97026,0.07454912
20872,52328,1.7291822e-09
20873,72722,0.0022811217
20874,91218,0.0048444965
20875,76914,1.9498535e-07
20876,102585,0.00016817774
20877,85106,1.9561894e-05
20878,76355,2.479791e-08
20879,84960,2.9209643e-13
20880,11285,2.3859871e-05
20881,94032,0.00013489742
20882,60112,0.05889469
20883,80423,0.027234493
20884,42027,0.009057707
20885,55585,4.631944e-14
20886,23780,0.010311361
20887,47324,3.7859925e-05
20888,21577,0.06433432
20889,74910,0.021108082
20890,59566,5.968536e-05
20891,31176,0.009558456
20892,28490,7.343508e-05
20893,58659,0.032136623
20894,101197,0.00025837394
20895,98404,0.007213677
20896,22023,2.1029761e-10
20897,47690,1.3356072e-09
20898,82227,0.008133005
20899,46769,0.019502632
20900,11189,0.032474052
20901,9580,8.197521e-07
20902,49172,0.028905047
20903,88179,0.009609334
20904,93293,0.019548833
20905,54411,5.5884843e-09
20906,75563,2.8821162e-08
20907,11104,4.46839e-07
20908,70084,0.05926452
20909,86066,0.018107578
20910,58534,2.7591654e-05
20911,25173,0.018125536
20912,111241,8.0455735e-05
20913,115932,0.022447446
20914,39719,0.0077906027
20915,95387,0.0026451752
20916,37483,9.8845305e-09
20917,19017,6.7066183e-12
20918,112660,0.0012566155
20919,11156,4.8662685e-10
20920,8963,0.023169983
20921,62588,0.0025845168
20922,19891,0.00017292371
20923,59705,0.013970009
20924,28473,1.1106992e-05
20925,53087,0.02718392
20926,47789,0.06526349
20927,14632,6.5307704e-06
20928,4250,3.441406e-05
20929,89119,0.0028958032
20930,47278,0.010311361
20931,86690,0.009609334
20932,92978,0.00066488946
20933,14318,4.7664973e-14
20934,23964,2.1818467e-09
20935,46837,4.130757e-07
20936,1974,0.0004705191
20937,18709,7.2450385e-10
20938,9869,5.622561e-07
20939,68729,5.882646e-07
20940,103146,0.032177687
20941,21177,9.73071e-09
20942,61616,7.4188294e-10
20943,34348,3.6637724e-05
20944,14943,0.02039527
20945,16947,1.44245215e-11
20946,108478,0.0069063785
20947,81815,0.06334803
20948,79639,7.741238e-16
20949,83839,0.0038918324
20950,81460,0.0015616057
20951,104419,0.027994813
20952,104311,0.009611095
20953,54633,1.1131932e-12
20954,78723,0.0023459184
20955,91690,0.015160915
20956,12229,1.3187509e-09
20957,84344,0.046888195
20958,11959,1.7650572e-09
20959,69181,1.4632587e-06
20960,74635,1.4256595e-09
20961,52992,0.004193053
20962,78148,1.00492325e-05
20963,61420,0.0048444965
20964,64768,1.6453866e-06
20965,112769,0.009159205
20966,11620,3.2513173e-05
20967,64490,5.999016e-15
20968,46638,0.00017287674
20969,20116,1.7169447e-06
20970,7655,2.0735598e-08
20971,65538,7.581239e-15
20972,47917,2.0004113e-07
20973,109518,0.0007412293
20974,90425,0.009170086
20975,106696,0.0009081617
20976,107596,0.019255832
20977,56452,0.004420008
20978,85815,0.0015616057
20979,11781,0.06433432
20980,32759,5.96722e-08
20981,10190,0.005794769
20982,66562,0.0026451752
20983,37907,2.189176e-08
20984,11452,5.7008134e-07
20985,94098,6.3922656e-12
20986,17935,8.6875715e-12
20987,31008,0.006883253
20988,108621,3.4112495e-09
20989,42678,0.019502632
20990,115523,0.00033032367
20991,57949,0.004193047
20992,5691,0.00031877356
20993,93349,2.6917936e-05
20994,32185,9.638512e-10
20995,115248,0.004052996
20996,88905,0.0070770015
20997,114698,0.08087044
20998,111939,0.059533693
20999,90339,0.009170086
21000,16538,9.552964e-07
21001,48158,1.2850913e-11
21002,35344,3.4237197e-05
21003,102929,0.009611095
21004,79045,0.048092566
21005,58333,0.009558456
21006,44644,5.19758e-05
21007,37156,0.009601473
21008,36643,0.0013907227
21009,43225,0.010152991
21010,76011,0.00037214157
21011,65595,0.0014888049
21012,31279,0.0020030206
21013,38000,8.086269e-07
21014,94878,1.13127086e-07
21015,2548,0.003278639
21016,98461,0.00013567788
21017,112007,0.0042148116
21018,1300,1.492474e-05
21019,47548,0.06445305
21020,95445,0.0041293316
21021,10489,0.00033054134
21022,77086,2.3373298e-10
21023,83648,0.0018183222
21024,106111,1.1998038e-06
21025,81801,0.002814115
21026,82128,0.0007400047
21027,72385,4.1667502e-13
21028,97965,4.7677428e-14
21029,68152,0.03426602
21030,69761,4.588333e-09
21031,44454,3.0880973e-09
21032,24550,0.001273944
21033,14840,1.5989064e-12
21034,115373,0.0001002447
21035,58806,0.00048040142
21036,48508,0.018107578
21037,28289,0.0014862727
21038,10385,0.00909721
21039,45532,0.00020545091
21040,54059,2.6550937e-05
21041,8321,8.3489874e-07
21042,87659,9.5302454e-08
21043,30577,0.007071157
21044,103624,0.00040645254
21045,16520,1.5938787e-07
21046,71353,0.00127102
21047,63935,5.8047696e-08
21048,24227,0.00487458
21049,79946,0.07983019
21050,87501,0.0009975367
21051,31678,2.2325781e-09
21052,36593,2.2608744e-12
21053,110652,0.015508021
21054,89033,2.7099754e-06
21055,6363,0.0006091513
21056,21872,0.00032598517
21057,107639,0.001704862
21058,20701,6.877457e-07
21059,97376,3.0732017e-09
21060,51028,7.7529745e-05
21061,26010,0.007043
21062,50550,0.02718392
21063,35448,0.027994813
21064,8110,2.3908933e-09
21065,42719,1.9682232e-16
21066,113283,0.024748232
21067,42051,0.0028883598
21068,104179,0.032860268
21069,12231,5.050366e-07
21070,13021,0.018107578
21071,96853,0.000509919
21072,101735,0.000509919
21073,6614,0.06455465
21074,77376,0.027308173
21075,33454,0.0012578603
21076,109870,0.009611095
21077,8637,2.3859871e-05
21078,303,0.041223805
21079,24809,1.8843998e-08
21080,84557,0.047630355
21081,105712,4.8700247e-08
21082,13398,0.0048151235
21083,62287,0.004193047
21084,38171,1.7932952e-06
21085,87250,0.009170086
21086,97685,2.319013e-05
21087,94786,0.05926452
21088,104970,0.002272817
21089,46189,0.0007315989
21090,47253,1.60585e-05
21091,12723,3.1388143e-05
21092,73164,0.009609334
21093,6091,2.007966e-08
21094,57876,0.05926452
21095,7528,0.00909721
21096,1287,0.104424424
21097,10867,3.0483561e-05
21098,22096,1.8683851e-11
21099,64403,0.0026451752
21100,114882,0.00066317443
21101,59948,0.00086252106
21102,110863,1.1654601e-08
21103,4353,1.5486517e-05
21104,46849,0.009169346
21105,61824,0.048092566
21106,3635,1.8015318e-06
21107,25519,0.0042110747
21108,5230,2.88823e-06
21109,65491,8.9912675e-05
21110,83735,0.0039171446
21111,46416,0.008979334
21112,110969,0.0073838653
21113,31353,5.6057434e-05
21114,78503,0.0009799172
21115,51323,0.0009799172
21116,44518,0.018125536
21117,33974,4.999841e-10
21118,22236,9.965719e-10
21119,107672,2.8562749e-08
21120,37984,2.9845664e-11
21121,31650,1.4587219e-07
21122,111271,2.2763817e-09
21123,77481,0.025216931
21124,16548,0.00067582063
21125,86686,0.0006647029
21126,64965,1.496828e-06
21127,70811,2.2757132e-09
21128,10077,0.00011835719
21129,26189,0.0004436509
21130,71623,0.009609334
21131,40887,3.137764e-12
21132,43009,1.6979336e-10
21133,74977,0.028814437
21134,21630,5.924988e-11
21135,94618,0.0009925688
21136,3219,0.104424424
21137,56316,0.0033140113
21138,15244,1.8859627e-06
21139,28173,1.2793535e-08
21140,89347,1.575325e-12
21141,58306,4.398587e-11
21142,25016,1.4011868e-09
21143,95617,3.216133e-09
21144,39002,6.0327915e-05
21145,56307,0.0003221182
21146,30647,1.7517035e-05
21147,16883,0.00015783864
21148,86784,0.0025803873
21149,113771,0.0051844474
21150,59134,2.0700624e-12
21151,11564,4.79918e-06
21152,11328,0.023113023
21153,77896,0.002328324
21154,27058,1.3644409e-16
21155,17177,5.650681e-06
21156,5472,0.027112849
21157,69482,0.0006647029
21158,18521,0.0018901989
21159,56391,0.004193047
21160,60898,4.98299e-10
21161,93949,2.2379325e-07
21162,22646,7.475008e-06
21163,113592,0.043683093
21164,14014,3.3760984e-11
21165,40169,0.018370343
21166,43823,0.023214001
21167,42608,0.0009615326
21168,40351,0.0009363337
21169,39266,0.010152991
21170,76452,1.2909427e-08
21171,18332,0.018370343
21172,71515,0.0042148116
21173,72873,0.004802183
21174,59935,0.0010103625
21175,11087,0.010467954
21176,75580,1.0859619e-15
21177,104682,0.0032949501
21178,30238,2.1369996e-12
21179,77480,0.0007400047
21180,67894,3.0732017e-09
21181,31745,4.115151e-07
21182,103251,1.9561894e-05
21183,16668,0.027147863
21184,106798,3.8952243e-14
21185,84815,0.0042148116
21186,72002,0.009609334
21187,95212,0.055277847
21188,70548,0.018107578
21189,42436,0.047630355
21190,5107,3.4165947e-07
21191,88511,5.8183066e-15
21192,72945,3.2077927e-14
21193,17186,3.559781e-07
21194,96367,0.005878165
21195,80345,0.059353366
21196,29936,2.3303922e-08
21197,55528,0.0004754211
21198,84531,0.0006647029
21199,32857,0.018143823
21200,105659,0.0014888049
21201,81138,0.00024887492
21202,14873,0.00015274445
21203,108430,0.033814374
21204,59206,0.06334803
21205,78730,1.3486013e-16
21206,4125,1.2972492e-05
21207,36702,0.00017287674
21208,52144,1.0304255e-08
21209,98478,4.6837656e-10
21210,42323,0.00016029159
21211,115068,0.05303671
21212,87486,0.018107578
21213,104045,0.02335275
21214,1745,0.0056132367
21215,45327,7.343508e-05
21216,27115,0.20721559
21217,102262,6.875995e-10
21218,58848,2.5054925e-08
21219,14890,1.9387247e-09
21220,47162,2.201688e-08
21221,15823,3.038365e-07
21222,107682,1.9561894e-05
21223,7901,0.0014277677
21224,108811,2.8503482e-08
21225,80252,0.004607776
21226,40227,0.00024480934
21227,110986,0.0015308806
21228,7442,2.1410026e-05
21229,105293,1.5487138e-05
21230,59162,0.00067582063
21231,12757,0.0040224534
21232,36001,0.004193047
21233,16166,0.006932496
21234,75033,2.887028e-09
21235,95300,7.7357174e-16
21236,9687,0.00909721
21237,1053,0.00688787
21238,112979,4.2987802e-05
21239,85772,8.9699076e-13
21240,35148,0.00032634367
21241,93331,0.018134167
21242,57452,0.030056085
21243,45832,0.010152991
21244,90548,0.018134167
21245,26312,0.0033341504
21246,101719,9.90623e-10
21247,94780,2.2275926e-05
21248,48187,1.7509386e-05
21249,11393,0.0014277677
21250,23575,2.897406e-06
21251,107208,2.2402261e-13
21252,17246,2.0708747e-07
21253,113682,1.1698837e-11
21254,68785,0.05926452
21255,112815,1.5813266e-05
21256,111036,0.004010236
21257,63925,1.9577496e-05
21258,12250,1.2344509e-08
21259,110473,1.4768718e-09
21260,96904,0.0042148116
21261,18256,0.0095750205
21262,55121,8.961316e-22
21263,60444,0.0006647029
21264,85981,2.7205438e-11
21265,65794,9.829541e-06
21266,95142,0.009558456
21267,11698,0.055447794
21268,12377,3.2042669e-09
21269,55861,0.006883253
21270,13106,0.003511545
21271,105710,1.8279294e-05
21272,15014,2.7211958e-16
21273,42884,0.009169346
21274,115179,0.0001786729
21275,43442,0.009169346
21276,5689,2.5562772e-06
21277,23864,1.3356072e-09
21278,41479,1.7705272e-05
21279,88175,0.05926452
21280,115442,0.032716673
21281,19222,0.0040224534
21282,10357,0.0036080985
21283,55756,1.3640687e-06
21284,19725,1.0209728e-07
21285,8978,2.680082e-06
21286,76677,0.009609334
21287,76457,1.3527262e-08
21288,107401,0.021550737
21289,112191,2.8245575e-10
21290,86349,9.584386e-08
21291,65243,6.880481e-14
21292,37168,0.018143823
21293,113774,1.5422421e-06
21294,15531,0.0025845168
21295,25272,0.00034536413
21296,1406,5.9459912e-06
21297,51027,0.035075657
21298,72381,0.02336081
21299,14476,2.772296e-12
21300,48011,0.0012606154
21301,112557,6.5821276e-10
21302,20666,2.20639e-10
21303,53921,0.018107578
21304,66812,9.8406e-06
21305,55267,0.00014314162
21306,62760,0.054374717
21307,95946,0.002341042
21308,892,0.013972453
21309,110994,4.775473e-09
21310,79521,1.4301511e-08
21311,115260,0.004193047
21312,89625,5.832994e-06
21313,107553,5.703719e-17
21314,109174,0.004193053
21315,83820,0.010167009
21316,70384,0.0009799172
21317,54903,1.8652864e-12
21318,39945,0.009601473
21319,106685,7.3472265e-06
21320,44043,0.0009702986
21321,55115,0.009159205
21322,15293,0.0019443635
21323,82002,1.7447135e-09
21324,91648,0.0006647029
21325,29614,0.0077906027
21326,59920,0.04562465
21327,45517,0.0003453031
21328,99868,4.4597466e-05
21329,57184,1.11849814e-10
21330,102768,0.0100853825
21331,65242,0.0009905635
21332,47860,0.0012284027
21333,90662,6.012256e-12
21334,48938,0.001273944
21335,80678,0.004563765
21336,106473,3.4679504e-09
21337,64304,2.996173e-15
21338,89876,0.004193047
21339,79126,0.024748232
21340,99417,4.3356185e-10
21341,45618,0.00063210167
21342,94257,0.0077906027
21343,36839,0.022969535
21344,75086,0.021108082
21345,21998,9.811258e-07
21346,68943,0.025070598
21347,29722,0.08747747
21348,35858,0.004193047
21349,6989,5.366131e-05
21350,35202,0.0040224534
21351,10008,0.0012550983
21352,5801,7.789903e-06
21353,73788,1.7027379e-16
21354,22555,0.00041341223
21355,100386,0.0005268644
21356,103007,0.05588981
21357,26962,3.873188e-08
21358,60495,0.004563765
21359,115694,2.842824e-07
21360,53372,2.2768079e-12
21361,62472,0.018107578
21362,58425,0.07016115
21363,45773,0.0025652924
21364,48300,3.5559935e-08
21365,75198,0.031449392
21366,13709,0.06094215
21367,4594,0.027112849
21368,56071,0.004193047
21369,92046,0.06334803
21370,79686,2.2719704e-09
21371,48516,1.11849814e-10
21372,12378,1.4969605e-11
21373,82853,1.9561894e-05
21374,106041,0.00013086323
21375,40668,6.52155e-08
21376,50514,0.00026468615
21377,34861,0.07016115
21378,24333,0.0056132367
21379,68696,1.4273943e-05
21380,72644,0.0007400047
21381,62340,2.4010353e-08
21382,6380,4.2567976e-06
21383,108056,8.8587316e-05
21384,97830,0.007213677
21385,106691,0.00017118687
21386,93991,0.016967166
21387,71612,1.7027379e-16
21388,11144,5.670942e-05
21389,88309,0.002641423
21390,61304,0.03764239
21391,60085,5.6208077e-10
21392,76288,4.1410953e-05
21393,39039,0.02509337
21394,114264,0.024748232
21395,22669,3.9139147e-07
21396,8478,1.16332185e-05
21397,107771,5.3212444e-15
21398,78597,0.009609334
21399,49197,0.01763777
21400,9960,2.5246627e-06
21401,106044,0.00027408963
21402,72414,0.009609334
21403,81667,2.9102274e-12
21404,10152,0.0036080985
21405,94323,0.05926452
21406,72298,0.0077906027
21407,18774,0.0095750205
21408,113061,0.0007412293
21409,105409,0.0002781712
21410,106735,2.03521e-07
21411,48480,0.005194104
21412,80324,0.00020203156
21413,8300,6.313699e-08
21414,107642,1.283101e-05
21415,47748,0.054374717
21416,32080,6.3717396e-13
21417,80550,9.917045e-10
21418,108349,7.0821743e-06
21419,80735,0.001488875
21420,101471,2.235144e-06
21421,19801,4.134459e-13
21422,49039,0.0040224534
21423,19226,2.20639e-10
21424,112177,0.001478002
21425,15268,2.6898433e-05
21426,115219,1.0237271e-09
21427,31615,1.0917564e-11
21428,115288,0.009558456
21429,113319,0.032188945
21430,48831,0.009558456
21431,92122,0.0006742901
21432,31194,0.031180395
21433,55248,4.7169056e-06
21434,86531,0.0004383411
21435,111584,0.00028930895
21436,105388,0.0077906027
21437,42150,0.0007596666
21438,24423,8.608709e-12
21439,67730,0.002296892
21440,108743,2.7742575e-05
21441,89805,7.286733e-05
21442,7585,0.010467954
21443,39928,1.0178419e-05
21444,98402,0.051169623
21445,54499,0.0009799172
21446,2313,0.0032814324
21447,52284,2.329322e-05
21448,44886,0.01929331
21449,98236,2.1160549e-08
21450,100366,0.018134167
21451,98672,0.050105408
21452,85163,0.0040224534
21453,2337,0.0039433776
21454,24488,0.00050232525
21455,24714,0.00037149573
21456,88930,0.00079878094
21457,106870,0.0006647029
21458,58322,0.054945264
21459,67958,0.032136623
21460,63757,4.0208637e-05
21461,71830,6.086016e-12
21462,18145,5.5845554e-08
21463,28372,4.2741202e-10
21464,45281,9.4530056e-14
21465,15448,1.5652712e-07
21466,90623,8.124503e-08
21467,113485,0.0003283832
21468,17330,1.2276001e-07
21469,16042,5.121436e-05
21470,37469,8.564762e-06
21471,9405,3.557494e-05
21472,19659,0.0004845081
21473,97078,0.059353366
21474,7458,0.00032024726
21475,93162,0.0007400047
21476,13637,3.1388143e-05
21477,75725,0.0008534225
21478,73961,1.0628989e-09
21479,55315,0.0007124932
21480,5049,0.0036080985
21481,66142,3.6816626e-05
21482,111168,1.3259154e-14
21483,80093,0.04974522
21484,48890,1.0386185e-15
21485,103277,4.3356185e-10
21486,97751,0.009611095
21487,32521,0.0024679478
21488,62599,1.8625958e-15
21489,27510,1.3290206e-06
21490,67738,0.009170086
21491,50695,0.004193047
21492,10224,0.00909721
21493,83500,0.009105743
21494,95884,0.002843829
21495,24165,0.009601473
21496,102748,0.05926452
21497,26439,0.0048444965
21498,16639,5.082702e-15
21499,90356,0.032136623
21500,53287,5.0110853e-11
21501,101569,0.025134135
21502,102664,0.019548833
21503,48099,0.048092566
21504,30486,0.009558456
21505,4969,0.06320448
21506,72684,0.002328324
21507,67329,0.009609334
21508,96713,3.3483225e-12
21509,101145,1.3592353e-06
21510,26006,4.719799e-05
21511,11026,0.0001433871
21512,43787,0.0042110747
21513,109,2.3859871e-05
21514,88605,2.8187317e-08
21515,12259,0.11335018
21516,111144,0.0023361093
21517,94112,0.027316395
21518,85281,1.9467887e-12
21519,87598,2.8187317e-08
21520,19393,0.00072755414
21521,111392,9.90623e-10
21522,11304,3.236132e-05
21523,8537,4.112077e-05
21524,42365,0.0015616057
21525,12322,2.1395614e-08
21526,28857,9.777307e-06
21527,66594,0.0004671403
21528,103973,1.2510966e-06
21529,77637,0.027684728
21530,54172,1.568387e-09
21531,16062,1.7251556e-14
21532,86055,0.0023546964
21533,36006,0.00017287674
21534,101622,1.2296522e-06
21535,8032,4.087259e-05
21536,105475,2.7057203e-09
21537,112426,7.710823e-05
21538,105414,0.05452379
21539,53396,0.0033247785
21540,40130,2.4994866e-05
21541,77691,6.7541084e-18
21542,16672,0.00047902952
21543,98969,0.0005268644
21544,78652,0.00037149573
21545,89245,9.917045e-10
21546,8430,0.00909721
21547,111278,1.815524e-12
21548,34020,0.00017287674
21549,29647,1.0959192e-10
21550,77394,0.004193047
21551,95110,1.6342498e-12
21552,96632,1.213949e-14
21553,55860,0.028905047
21554,13679,1.6053444e-09
21555,67499,0.00259658
21556,31901,0.007986385
21557,78198,0.0006647029
21558,14627,0.010311361
21559,5307,5.1006147e-05
21560,24628,1.3356072e-09
21561,57964,0.0010103625
21562,78599,6.75116e-10
21563,48206,0.028814437
21564,14829,0.031115428
21565,75730,0.01954178
21566,109741,0.001036643
21567,87191,3.1613112e-09
21568,46965,1.3528518e-09
21569,99554,0.009170086
21570,44486,0.00036660422
21571,87028,0.0015616057
21572,98097,2.9322849e-09
21573,96677,2.7144968e-06
21574,18188,5.7327767e-16
21575,80776,1.9561894e-05
21576,43083,0.0042110747
21577,32969,0.28238097
21578,24233,6.016145e-08
21579,39890,2.0901933e-12
21580,72863,0.0028958032
21581,112884,0.02897164
21582,72703,0.009609334
21583,41672,0.065604225
21584,61488,6.995684e-05
21585,51456,0.093086265
21586,73907,0.0002930726
21587,112189,0.04925542
21588,60067,0.0003221182
21589,87439,0.009170086
21590,77348,0.0077906027
21591,66729,5.163669e-11
21592,93660,9.968833e-06
21593,38974,1.6666531e-17
21594,95138,0.00024887492
21595,64421,0.0009905635
21596,107679,0.009611095
21597,44601,0.06482158
21598,101448,1.9561894e-05
21599,41829,6.771451e-16
21600,17766,1.8413545e-09
21601,104671,0.0009923768
21602,34533,6.649417e-08
21603,80720,0.0006647029
21604,12582,2.3610535e-15
21605,32289,9.4530056e-14
21606,38149,2.2063236e-09
21607,107889,0.004052996
21608,34693,0.01763777
21609,15213,6.423799e-07
21610,15479,0.023796163
21611,88186,0.0006647029
21612,24986,0.0029608826
21613,88497,1.5412788e-13
21614,109737,0.0007412293
21615,102650,4.578055e-12
21616,31780,1.4541232e-05
21617,104082,1.233219e-10
21618,96549,1.05958726e-13
21619,112889,0.015160915
21620,55182,0.009558456
21621,97038,0.0009905635
21622,19595,1.4088482e-07
21623,28559,0.02593239
21624,32522,2.39658e-05
21625,1024,5.0783694e-08
21626,73765,0.009609334
21627,32336,1.3576287e-07
21628,105983,0.028658867
21629,59430,1.7910652e-09
21630,114187,7.1043155e-07
21631,20122,4.904249e-07
21632,66778,3.2193772e-18
21633,68498,1.948914e-12
21634,102153,0.027308173
21635,4750,0.023169983
21636,2612,0.027070584
21637,37149,9.965719e-10
21638,89332,0.0009905635
21639,85986,6.181379e-05
21640,58923,0.0025845168
21641,88720,2.2140146e-07
21642,69102,1.7112937e-07
21643,64778,9.8406e-06
21644,108197,0.021187214
21645,16011,0.00010838638
21646,67771,0.009609334
21647,62964,0.009600602
21648,54721,0.0009799172
21649,9090,5.862625e-05
21650,96950,0.03672025
21651,112638,0.050240614
21652,47797,0.08785336
21653,88563,1.9561894e-05
21654,14755,2.4125262e-05
21655,76756,0.028931597
21656,114131,1.8900476e-12
21657,63544,2.0432388e-12
21658,45506,8.371855e-07
21659,33711,0.15699646
21660,57305,0.003965964
21661,71306,6.7401635e-09
21662,47261,2.1818467e-09
21663,64454,4.4711643e-10
21664,49011,0.028905047
21665,31714,1.04874585e-13
21666,82737,5.5716033e-13
21667,38474,6.9301545e-06
21668,60229,0.0030269627
21669,39402,3.6225684e-12
21670,87025,3.7317918e-08
21671,10726,1.5066919e-05
21672,32574,0.0042110747
21673,98105,0.00031226582
21674,50081,0.009558456
21675,104043,9.937954e-07
21676,97622,0.00012927396
21677,93278,0.055277847
21678,94265,9.450319e-14
21679,26252,3.700276e-10
21680,17349,3.625927e-09
21681,54775,0.0048253024
21682,22431,0.00010681258
21683,83542,0.026707362
21684,61089,6.75116e-10
21685,12819,0.0038587346
21686,32247,0.011915572
21687,91652,0.0002158183
21688,79055,0.0016584827
21689,114869,1.4166038e-05
21690,58068,1.4572907e-08
21691,24091,0.0023628047
21692,85136,0.027994813
21693,101372,0.059353366
21694,8011,8.555445e-05
21695,28213,0.0042110747
21696,42956,2.6470805e-06
21697,28218,0.018125536
21698,78837,5.3903304e-06
21699,111007,1.9561894e-05
21700,48995,0.009159205
21701,109709,0.00018094007
21702,94168,0.055277847
21703,36324,0.009159205
21704,30366,8.1732945e-15
21705,49444,0.018107578
21706,5501,0.0068877526
21707,5943,0.050684255
21708,85936,0.10894316
21709,57231,0.07016115
21710,42626,0.002117601
21711,27936,2.9635823e-08
21712,4765,0.00041928442
21713,100622,4.86413e-12
21714,74824,0.11476693
21715,52067,0.03340127
21716,32126,5.8047696e-08
21717,113593,0.001036643
21718,103360,0.0025224197
21719,23400,0.048582084
21720,12255,0.07016115
21721,71325,1.6640787e-07
21722,28171,1.0762193e-18
21723,29224,0.0054218112
21724,113301,0.04130275
21725,75063,5.154136e-06
21726,38957,0.00017287674
21727,70998,0.07983019
21728,113128,0.009159205
21729,92527,1.4838438e-05
21730,111545,3.555951e-09
21731,83340,9.807219e-06
21732,73261,0.009609334
21733,28980,0.009159205
21734,9494,3.1737427e-06
21735,85071,1.5952542e-08
21736,73890,0.08785336
21737,54125,0.000509919
21738,30630,0.019502632
21739,3506,3.3365595e-05
21740,91173,1.6283498e-13
21741,85889,0.0048444965
21742,60802,2.511847e-08
21743,98871,0.009170086
21744,91106,0.0010097303
21745,49558,4.9140104e-05
21746,15260,6.622695e-16
21747,57186,6.1827584e-14
21748,83863,2.603199e-08
21749,104148,0.032177687
21750,59842,0.008979334
21751,78307,0.045375586
21752,65574,0.007568737
21753,72040,9.968833e-06
21754,100260,0.0037722404
21755,44574,0.009169346
21756,39352,0.009169346
21757,36517,0.018107578
21758,29113,0.009558456
21759,49206,0.06433432
21760,92206,1.0209728e-07
21761,26376,0.018125536
21762,101547,0.00014014443
21763,61275,6.995684e-05
21764,34479,5.0209037e-10
21765,92386,0.00066488946
21766,113872,0.0025764718
21767,6053,0.00074271194
21768,103594,2.559967e-12
21769,54644,3.606321e-15
21770,83623,0.00031283734
21771,19416,0.0012734315
21772,11310,8.3489874e-07
21773,61395,0.00013526439
21774,8910,0.021736553
21775,86893,0.027316395
21776,94969,1.0958615e-06
21777,40863,0.030151106
21778,1553,5.121436e-05
21779,53391,0.00012767575
21780,12482,2.4386816e-07
21781,47576,0.00033780694
21782,1592,1.5040031e-08
21783,104185,1.651055e-09
21784,45015,0.003575981
21785,99383,1.9561894e-05
21786,96474,0.0004478891
21787,9474,0.01046717
21788,91182,0.000509919
21789,91325,0.0006647029
21790,10608,3.7415044e-09
21791,74083,0.048092566
21792,81091,3.926526e-13
21793,10135,7.3152605e-06
21794,16537,0.006890789
21795,16795,1.09471945e-11
21796,55239,0.0048444965
21797,103300,0.009611095
21798,91010,0.009609334
21799,101128,1.2682815e-12
21800,61544,1.3356072e-09
21801,89577,0.04250797
21802,70368,1.3078862e-10
21803,26398,0.001279235
21804,55017,0.019502632
21805,81225,0.06433432
21806,20894,2.8525e-07
21807,24491,0.0042110747
21808,75019,0.0006647029
21809,94711,0.0077906027
21810,61326,3.0880973e-09
21811,9253,0.008955581
21812,31875,0.0042110747
21813,4152,2.5757122e-06
21814,79240,0.00011351503
21815,48085,0.036110673
21816,54654,8.953142e-05
21817,58699,0.0012645081
21818,76504,0.0007400047
21819,10717,0.004020566
21820,63994,3.7432128e-06
21821,37486,0.0032964558
21822,61698,3.1047886e-08
21823,5213,0.027112849
21824,79626,0.002814115
21825,6718,1.001438e-06
21826,2503,0.010129824
21827,33485,2.1818467e-09
21828,56376,1.5524677e-08
21829,99679,0.06451
21830,36748,7.701556e-05
21831,43003,0.00017287674
21832,30365,0.045320056
21833,108277,0.0011293961
21834,29879,4.451763e-07
21835,71338,0.054374717
21836,103406,0.00012341105
21837,51919,0.018107578
21838,110964,0.0006159452
21839,108674,9.677297e-06
21840,8908,0.087631635
21841,22501,1.3980929e-06
21842,78865,0.00014027866
21843,33157,6.3697255e-05
21844,95258,0.0028958032
21845,16824,1.2276001e-07
21846,47753,6.016145e-08
21847,110812,0.033010963
21848,1575,2.4365195e-07
21849,58727,0.054374717
21850,72590,1.5001344e-17
21851,65507,4.8514734e-12
21852,11259,2.3502787e-08
21853,115025,0.0089902915
21854,41957,0.15853351
21855,20723,7.6178003e-10
21856,28749,0.027070584
21857,27207,0.00012767575
21858,21830,9.465026e-09
21859,98507,0.0011200033
21860,2364,1.8015318e-06
21861,4318,0.097600184
21862,15827,1.1323627e-10
21863,40514,0.00088694465
21864,7476,5.9190834e-06
21865,42722,0.00017287674
21866,113016,0.02341725
21867,25906,0.0073335455
21868,22776,2.4221023e-05
21869,99283,0.0038918324
21870,83666,0.0688517
21871,101848,0.059353366
21872,111713,7.085222e-12
21873,94595,0.047967356
21874,78605,0.0014153422
21875,25818,0.0009799172
21876,80159,0.0014881216
21877,89195,0.009170086
21878,100104,0.018134167
21879,10009,5.622561e-07
21880,47861,1.0237271e-09
21881,30182,0.018370343
21882,50292,2.4802716e-07
21883,68410,0.05926452
21884,6506,9.164139e-06
21885,10956,0.11531897
21886,42053,1.13084915e-11
21887,103003,0.0006647029
21888,90796,7.377699e-06
21889,9636,0.0019114235
21890,96295,0.02426992
21891,87107,8.322529e-09
21892,66549,6.880481e-14
21893,7963,1.5486517e-05
21894,42407,0.00044192706
21895,114666,1.8955727e-05
21896,102661,2.2381855e-12
21897,87231,1.7885568e-05
21898,98012,0.05452379
21899,76379,0.028931597
21900,62188,3.4157478e-13
21901,85476,0.004563765
21902,44854,0.0009702986
21903,106186,1.2541137e-11
21904,53845,0.0010389581
21905,101332,2.1056671e-06
21906,101695,0.0010097303
21907,22035,2.627194e-10
21908,3178,0.0071619675
21909,57448,0.0006647029
21910,89581,0.09301672
21911,78650,1.00492325e-05
21912,32464,0.009558456
21913,20127,0.007799152
21914,107609,0.02426992
21915,85778,0.0007400047
21916,102854,0.0021926202
21917,83852,5.415183e-12
21918,6998,0.027112849
21919,82811,3.0732017e-09
21920,69753,0.00063210167
21921,659,1.3504027e-05
21922,25024,2.8605425e-09
21923,92194,1.3892416e-08
21924,109894,1.5422421e-06
21925,63750,4.0208637e-05
21926,48901,4.7542486e-05
21927,3387,2.412105e-07
21928,5987,5.722574e-07
21929,43153,0.0025845168
21930,66904,0.02330463
21931,35980,6.352631e-08
21932,7945,3.7747989e-06
21933,96439,0.05452379
21934,103860,0.004610218
21935,95124,4.5973502e-07
21936,107588,3.40941e-08
21937,113428,0.004009899
21938,26808,0.018125536
21939,67965,0.009170086
21940,83048,0.023214001
21941,112260,1.5422421e-06
21942,115676,0.0007412293
21943,15425,0.0009363337
21944,6338,7.3480187e-06
21945,115513,0.009159205
21946,26593,0.00013526439
21947,102460,2.0700624e-12
21948,82366,9.807219e-06
21949,83918,0.0009905635
21950,14964,0.026707362
21951,54995,0.027070584
21952,65683,3.6567431e-09
21953,12301,0.08608767
21954,73448,2.271778e-05
21955,54273,0.007213677
21956,4059,0.0001794453
21957,43932,0.027271394
21958,27245,0.027070584
21959,25299,2.329322e-05
21960,45960,8.6259185e-08
21961,16479,0.052519966
21962,28792,1.3078488e-05
21963,51875,0.009159205
21964,73112,1.9561894e-05
21965,111107,0.009611095
21966,95691,0.04570172
21967,110124,1.9561894e-05
21968,63923,2.2619934e-06
21969,54388,0.054374717
21970,4617,0.026641795
21971,113299,1.76846e-10
21972,83213,0.040115204
21973,39339,0.009601473
21974,29984,0.009558456
21975,104112,2.425494e-06
21976,17658,7.565603e-05
21977,546,0.005577944
21978,93471,5.92243e-05
21979,49050,0.054374717
21980,10659,0.00909721
21981,38633,4.517111e-06
21982,46373,5.7240843e-05
21983,74915,0.001488875
21984,23200,1.1216995e-06
21985,74591,1.6225139e-18
21986,101583,3.555951e-09
21987,78532,0.0033907224
21988,32941,0.0014862727
21989,75275,1.262043e-13
21990,113920,0.026397953
21991,44313,9.965719e-10
21992,94732,0.000528029
21993,105500,6.1800794e-11
21994,31513,1.0917564e-11
21995,2340,0.028526781
21996,96391,0.026707362
21997,111502,0.0007412293
21998,5818,0.036642306
21999,27239,0.34201133
22000,99640,0.018134167
22001,34699,1.0237271e-09
22002,104947,6.545415e-12
22003,60448,0.0007400047
22004,35206,0.004193047
22005,49657,0.00017287674
22006,2009,0.024478596
22007,30751,0.0077906027
22008,27048,0.054374717
22009,93740,0.0007400047
22010,88744,1.8764226e-09
22011,47119,9.9839446e-05
22012,99327,0.0049966844
22013,50615,0.006883253
22014,86102,0.0006042323
22015,106595,2.7147555e-06
22016,112928,0.0022499925
22017,109893,2.2275926e-05
22018,2674,0.001696929
22019,87151,9.8406e-06
22020,60238,0.0077906027
22021,17575,8.930065e-13
22022,51769,0.02718392
22023,68289,0.02236218
22024,54504,7.262239e-05
22025,26618,1.3597427e-10
22026,5711,0.0101294415
22027,46779,0.018125536
22028,16270,8.6875715e-12
22029,67911,0.00052988593
22030,91869,0.05452379
22031,103631,0.059533693
22032,69273,0.0007400047
22033,434,0.010391143
22034,67603,0.024694635
22035,83553,0.07016115
22036,44585,3.4170482e-11
22037,31122,0.002694702
22038,106439,1.9561894e-05
22039,11263,0.0032853102
22040,85976,1.3501444e-10
22041,74191,0.0038918324
22042,84178,0.0009905635
22043,22740,1.4088482e-07
22044,80672,0.05926452
22045,23336,0.009601473
22046,112625,0.0007412293
22047,46472,1.1561097e-07
22048,26122,1.0245148e-05
22049,29621,2.4603023e-05
22050,59847,0.004193047
22051,80331,5.426445e-06
22052,1457,0.00037149573
22053,100196,0.03386439
22054,3914,0.04516103
22055,103708,1.7752274e-05
22056,19636,0.002243137
22057,87060,0.0077906027
22058,51570,0.025216931
22059,63819,0.11476693
22060,33562,1.0841439e-13
22061,83635,0.018917745
22062,50800,0.2121736
22063,26718,0.005133042
22064,15058,8.552901e-06
22065,88735,0.0026189676
22066,66598,4.999841e-10
22067,63829,9.8406e-06
22068,30555,0.0012097919
22069,90361,0.0007400047
22070,106175,6.0057346e-08
22071,98852,0.018134167
22072,12976,0.028211534
22073,37731,0.045154862
22074,77598,0.0077906027
22075,40264,2.171201e-06
22076,89219,6.363426e-15
22077,489,0.0095750205
22078,48335,5.5810662e-14
22079,26175,1.977663e-10
22080,45182,2.2943973e-09
22081,26820,0.028905047
22082,10944,0.0082215825
22083,110287,0.0009928349
22084,3054,0.002179124
22085,100689,0.059353366
22086,58127,0.0026451752
22087,38495,3.85421e-09
22088,45472,0.018125536
22089,17297,0.12431038
22090,13789,0.028905047
22091,107372,0.0014023936
22092,47877,0.0015616057
22093,50367,8.925455e-05
22094,60756,0.16780013
22095,5480,0.02310127
22096,55498,1.9626087e-11
22097,53920,0.018107578
22098,89773,0.07536306
22099,19860,5.8738447e-06
22100,10776,0.00909721
22101,111685,0.009159205
22102,53133,2.2994003e-07
22103,83774,0.002328324
22104,47329,0.004446118
22105,25661,0.026707362
22106,86884,0.0001949146
22107,18620,0.027147863
22108,73337,0.00011602672
22109,9964,0.027278982
22110,35151,0.016918974
22111,32071,1.0237271e-09
22112,76938,0.0047446275
22113,53587,0.0076080156
22114,39075,8.690953e-08
22115,56968,0.00052988593
22116,57697,0.0057472317
22117,13396,1.4920115e-08
22118,20080,0.00067582063
22119,107690,0.004610218
22120,43707,0.015307525
22121,60763,0.0077906027
22122,93264,0.00012639367
22123,90448,1.8017456e-05
22124,112967,0.028512405
22125,101064,0.00941246
22126,14426,3.2962805e-07
22127,114434,0.022969535
22128,23412,0.0077906027
22129,65898,9.829541e-06
22130,63307,2.5708704e-11
22131,78759,5.736625e-13
22132,87271,0.0002931204
22133,111462,1.7752274e-05
22134,76498,7.958855e-12
22135,36036,0.0025845168
22136,105962,0.059533693
22137,44984,0.050163876
22138,108364,8.890056e-10
22139,32786,1.0057391e-06
22140,83478,0.00016737224
22141,30059,9.844863e-10
22142,115918,3.4552279e-09
22143,97291,0.0010097303
22144,102578,0.02897164
22145,6146,1.9921195e-06
22146,85683,8.890056e-10
22147,10833,1.6310571e-06
22148,27138,5.6057434e-05
22149,63885,8.1462653e-10
22150,67760,2.0800051e-07
22151,46061,0.0010918346
22152,86673,0.000509919
22153,41240,0.054374717
22154,64928,0.015986944
22155,95584,0.059353366
22156,55073,2.3654287e-09
22157,11624,1.9124445e-07
22158,16888,2.3385427e-10
22159,39845,0.0287143
22160,37284,0.0012628086
22161,82400,0.0009905635
22162,33488,0.05303671
22163,939,4.129248e-10
22164,31382,3.554717e-09
22165,77135,1.8562174e-17
22166,76157,0.0022938333
22167,15067,0.06433432
22168,72867,0.008979334
22169,99953,0.00027638496
22170,29805,1.6460553e-13
22171,82223,0.018107578
22172,22655,0.009169346
22173,114101,2.227576e-09
22174,94476,0.03858612
22175,38869,0.00043270676
22176,15711,0.001478002
22177,65636,9.829541e-06
22178,31841,5.6057434e-05
22179,76703,0.012687603
22180,97829,0.0010097303
22181,62725,2.2985016e-09
22182,54367,2.2608744e-12
22183,64252,1.788687e-15
22184,71853,1.2850913e-11
22185,19461,1.9750176e-13
22186,11619,0.00080444734
22187,90410,3.552648e-10
22188,25714,0.0010092898
22189,100072,1.3394737e-14
22190,65693,1.6225139e-18
22191,55529,6.0836573e-13
22192,26901,2.6905117e-10
22193,4422,0.097600184
22194,865,0.054374717
22195,55236,1.11849814e-10
22196,65086,0.009105743
22197,25472,5.624626e-10
22198,37957,0.0025845168
22199,7613,0.027112849
22200,56122,1.052264e-10
22201,17925,1.7719989e-06
22202,100425,0.009611095
22203,87507,3.6671383e-07
22204,79753,0.00024887492
22205,14004,3.747877e-08
22206,64738,9.8406e-06
22207,101553,0.004524966
22208,22360,0.06433432
22209,108362,0.0007412293
22210,110862,6.352631e-08
22211,104142,0.00012767575
22212,96451,0.05926452
22213,86014,0.054945264
22214,112507,0.009570914
22215,84160,3.2077927e-14
22216,32182,1.1836662e-09
22217,95537,8.853622e-05
22218,7266,0.0012101504
22219,3619,0.010464503
22220,47630,9.419588e-13
22221,14654,0.0095750205
22222,17554,3.7993155e-09
22223,110822,0.0042148116
22224,114857,0.005494363
22225,51762,2.0700624e-12
22226,73562,3.3229156e-10
22227,67796,0.010311361
22228,39803,0.00017287674
22229,110115,3.2902116e-12
22230,25115,0.009601473
22231,1922,3.734022e-05
22232,84994,0.024748232
22233,98183,0.00029299993
22234,41044,0.0070868284
22235,34775,0.14404759
22236,111845,0.023273004
22237,65489,8.251869e-07
22238,81963,1.0789923e-06
22239,48567,2.1246922e-09
22240,77792,0.00024254207
22241,41215,3.6816223e-09
22242,111210,2.227576e-09
22243,24778,0.009601473
22244,45022,0.010152991
22245,60398,0.012667562
22246,53482,0.054374717
22247,21923,1.2560737e-08
22248,77196,0.0004754211
22249,108256,9.677297e-06
22250,45969,2.3183387e-05
22251,109276,0.059607558
22252,36436,0.004193047
22253,77366,5.3507065e-08
22254,71822,0.009609334
22255,105724,0.009611095
22256,69709,0.009573644
22257,18630,0.00015025947
22258,28001,0.018143823
22259,32184,1.4587219e-07
22260,8036,2.3859871e-05
22261,44596,0.03340127
22262,40378,1.5699994e-10
22263,101001,1.3784927e-07
22264,17757,0.017491708
22265,65360,5.3502625e-10
22266,41290,0.00012767575
22267,105480,4.2868593e-05
22268,7241,0.010467954
22269,49184,2.386893e-06
22270,24520,0.0034772672
22271,31660,0.018143823
22272,97557,1.2211402e-08
22273,61364,0.0053932318
22274,40049,3.479182e-08
22275,97473,0.059353366
22276,98703,9.8406e-06
22277,75956,0.00034391746
22278,102025,0.0012733163
22279,12563,5.073427e-07
22280,63084,0.0015360629
22281,33211,0.064573884
22282,20442,8.433998e-11
22283,62502,0.0042110747
22284,52714,0.0023459184
22285,96262,1.7288425e-09
22286,28130,4.252043e-06
22287,50295,0.009159205
22288,93099,0.020244095
22289,29329,1.09808006e-07
22290,48280,2.189176e-08
22291,82664,0.004700123
22292,82974,0.0021926202
22293,10114,0.0032853102
22294,1859,0.00033843642
22295,8392,0.0135277435
22296,58963,0.04562465
22297,29455,4.7131742e-15
22298,9,0.0068877526
22299,102001,2.842545e-13
22300,21216,0.001273944
22301,23847,0.009601473
22302,103749,2.4447198e-11
22303,115928,1.2931628e-06
22304,44217,0.009601473
22305,86374,0.027308173
22306,35841,1.1886951e-05
22307,54901,0.004193047
22308,52797,6.136138e-05
22309,43871,0.0287143
22310,74015,0.0006647029
22311,39977,0.00017287674
22312,86824,3.1273944e-06
22313,54803,0.007213677
22314,97548,0.0007400047
22315,20041,1.4383999e-11
22316,113434,9.310955e-06
22317,100481,9.945208e-06
22318,24918,0.009601473
22319,111118,0.043683093
22320,32594,0.002694702
22321,84583,0.0032327797
22322,96035,0.009611095
22323,114175,0.007568737
22324,52971,0.00013419166
22325,89263,0.018134167
22326,97260,0.0012772809
22327,33849,0.00083229045
22328,92109,2.0004113e-07
22329,95038,0.018134167
22330,28230,9.289821e-07
22331,78887,0.008979334
22332,12832,1.6611581e-15
22333,549,5.5244524e-05
22334,82891,0.018107578
22335,19518,8.932778e-05
22336,6140,1.5924626e-07
22337,10982,0.0032853102
22338,65306,0.0014888049
22339,109368,1.953211e-07
22340,52970,0.009174467
22341,70689,0.0040533426
22342,39800,0.009169346
22343,63484,1.1581583e-12
22344,43619,0.010311361
22345,61670,0.0006647029
22346,86650,0.009609334
22347,105620,1.5015602e-13
22348,41040,8.343487e-07
22349,115394,6.1587633e-09
22350,96964,0.0042148116
22351,78849,0.038754396
22352,66006,1.4997999e-13
22353,7965,0.015654262
22354,96100,0.019548833
22355,113747,0.00026610616
22356,9596,2.7250535e-06
22357,45380,2.741216e-08
22358,24859,0.0013471787
22359,36319,0.033279814
22360,57129,0.018107578
22361,86346,0.31791064
22362,56298,0.001273944
22363,29333,0.018143823
22364,81312,0.0077906027
22365,46863,2.286875e-12
22366,77991,0.013415796
22367,18544,1.3356072e-09
22368,109918,0.009170086
22369,89701,0.02897164
22370,40916,0.0042110747
22371,31697,2.241608e-08
22372,24214,0.026707362
22373,46756,1.0822535e-09
22374,28002,0.009558456
22375,74271,1.9561894e-05
22376,90442,0.05926452
22377,102485,0.00095972134
22378,108650,0.021550737
22379,30582,0.018143823
22380,62927,0.010311361
22381,39409,0.009601473
22382,45865,0.0024717094
22383,24502,6.528084e-12
22384,31657,0.0004352692
22385,98403,4.3800945e-05
22386,94236,1.13127086e-07
22387,82934,9.968833e-06
22388,96424,0.004193053
22389,109508,3.4679504e-09
22390,3948,0.0010514782
22391,62132,0.00046917167
22392,115160,0.018143823
22393,80669,0.012899326
22394,46685,2.8489653e-06
22395,23211,0.0218647
22396,115181,2.4763123e-08
22397,112109,0.0007412293
22398,77895,0.0009905635
22399,37814,4.683015e-10
22400,90150,3.8980064e-09
22401,63371,0.048092566
22402,42677,9.084328e-11
22403,104231,5.999658e-11
22404,26860,0.0003509523
22405,35814,0.031503655
22406,1390,1.6045922e-08
22407,55329,2.4218e-07
22408,80213,3.2936502e-17
22409,105534,0.001008452
22410,24192,0.027271394
22411,86878,0.026707362
22412,65602,9.829541e-06
22413,8221,3.3365595e-05
22414,44955,9.023211e-05
22415,53943,0.0023459184
22416,24345,0.002814115
22417,111981,4.654958e-16
22418,86151,0.0040224534
22419,104255,1.0930664e-06
22420,28661,0.005133042
22421,16591,7.7317134e-07
22422,49911,0.009159205
22423,48271,1.6666531e-17
22424,102537,0.05926452
22425,104211,0.009170086
22426,2353,1.2327472e-05
22427,76226,2.502714e-06
22428,9190,0.02718392
22429,18871,0.006890789
22430,87306,8.6639626e-11
22431,9127,1.001438e-06
22432,53159,0.06433432
22433,83576,0.0009928349
22434,51439,0.009558456
22435,2848,2.3689426e-08
22436,5819,0.0007031608
22437,80411,0.007568737
22438,24325,1.3407346e-13
22439,51029,0.026707362
22440,110369,0.075796224
22441,104734,0.018143823
22442,51058,0.027070584
22443,34165,0.0020158535
22444,24779,0.009601473
22445,22573,0.016918974
22446,3160,0.027070584
22447,84890,0.009609334
22448,108787,0.00024887492
22449,76763,0.0077906027
22450,59587,0.0009076846
22451,100534,1.9974303e-05
22452,87351,0.054374717
22453,9022,2.1559513e-08
22454,23822,0.031167235
22455,90466,0.0007400047
22456,113824,8.0819606e-05
22457,65041,1.1846237e-09
22458,40350,1.1732411e-05
22459,25797,0.0052007926
22460,98405,0.059353366
22461,69560,5.363139e-09
22462,4869,8.3489874e-07
22463,102319,9.8406e-06
22464,93609,1.5804175e-05
22465,6910,2.4003307e-07
22466,49483,0.003110614
22467,16309,3.6075085e-09
22468,50685,0.026707362
22469,9145,7.647741e-06
22470,49243,0.0056132367
22471,16526,7.1275226e-09
22472,13211,1.4969605e-11
22473,44654,0.007915791
22474,101398,0.010432467
22475,101804,0.040398903
22476,105678,6.9776975e-14
22477,54349,0.00023816856
22478,102018,0.0033026752
22479,26824,9.7519625e-17
22480,53492,1.11849814e-10
22481,105098,0.0007412293
22482,108222,0.0004729437
22483,58522,9.351323e-05
22484,91148,0.009609334
22485,46150,1.977663e-10
22486,17034,0.027147863
22487,98070,0.009611095
22488,43765,0.0009813354
22489,60362,0.00909884
22490,97573,1.6300046e-05
22491,90463,0.009170086
22492,24088,0.009324295
22493,29948,0.031180395
22494,63082,0.0042110747
22495,96229,4.877755e-06
22496,21291,0.00013004609
22497,18816,0.023941992
22498,30712,6.10762e-05
22499,61556,4.86413e-12
22500,89820,2.9219465e-05
22501,32109,0.00015171299
22502,70335,9.917045e-10
22503,9122,5.0319812e-08
22504,16487,1.44245215e-11
22505,95684,0.009611095
22506,3106,1.6296392e-09
22507,64913,0.035858534
22508,42996,1.9988709e-05
22509,16649,5.8619698e-12
22510,21652,1.9709357e-06
22511,30990,7.343508e-05
22512,108549,0.0011293961
22513,18211,6.3972057e-12
22514,32809,6.1124156e-05
22515,26231,3.2962944e-06
22516,33429,0.0056853113
22517,17560,0.010311361
22518,18819,0.004510557
22519,115534,6.8784507e-13
22520,115849,5.0112503e-10
22521,25252,0.0076802233
22522,35528,9.968833e-06
22523,105780,0.0070739565
22524,108915,2.1333335e-09
22525,38007,0.054374717
22526,23399,0.018107578
22527,55174,0.009558456
22528,57404,0.0038918324
22529,64230,3.0617353e-12
22530,67908,0.001488875
22531,94939,0.002990178
22532,101937,1.4193716e-11
22533,18476,2.8671776e-10
22534,48598,0.060112506
22535,113620,5.340979e-07
22536,92657,0.004155275
22537,102820,9.0460254e-08
22538,57119,0.0287143
22539,13144,0.011466325
22540,107590,1.2931628e-06
22541,12810,0.00034445725
22542,57597,1.3290206e-06
22543,67835,8.890056e-10
22544,11991,1.0081505e-06
22545,88775,0.05926452
22546,76858,0.0015616057
22547,62648,2.6197544e-09
22548,18532,8.552901e-06
22549,36298,1.8029278e-09
22550,2021,0.0001433871
22551,96518,1.2640976e-10
22552,107032,0.02335275
22553,103002,0.05926452
22554,38220,0.060431954
22555,19195,0.00043572424
22556,76153,7.519647e-11
22557,24280,0.00037997312
22558,77898,0.0058086915
22559,11076,2.3310097e-12
22560,103519,5.786174e-13
22561,24247,1.692632e-05
22562,47224,0.009601473
22563,42932,1.2996213e-06
22564,73437,1.7027379e-16
22565,114707,1.1341069e-06
22566,37122,0.009169346
22567,89967,0.50900775
22568,66538,1.07289934e-10
22569,26196,6.250523e-10
22570,63109,0.07983019
22571,41042,0.0022512635
22572,14874,0.4066536
22573,15740,0.0095750205
22574,35906,0.009558456
22575,60818,4.9477455e-07
22576,41026,0.009169346
22577,28713,5.4038185e-10
22578,114896,2.1933921e-09
22579,64155,9.8406e-06
22580,70194,0.010311361
22581,103613,0.04805257
22582,75703,0.0006742901
22583,43415,4.779307e-06
22584,28734,0.0056692977
22585,69121,0.007983488
22586,58572,0.054374717
22587,15581,2.9672858e-09
22588,23334,0.0014259123
22589,98291,0.050105408
22590,93403,0.00010576498
22591,26180,0.0009799172
22592,89102,1.9502174e-06
22593,49159,0.007043
22594,52758,0.009558456
22595,45346,0.0042110747
22596,99718,7.5131315e-09
22597,7038,1.0145513e-07
22598,102564,2.1531936e-12
22599,26975,0.009558456
22600,77737,2.3185566e-10
22601,53191,0.004193047
22602,43219,0.005195277
22603,93190,0.001381376
22604,91938,0.009609334
22605,66232,0.00234144
22606,84907,0.00031280395
22607,51135,0.000509919
22608,98803,8.56146e-05
22609,38410,0.005133042
22610,62396,5.6208077e-10
22611,24864,0.0077906027
22612,85190,5.596105e-11
22613,84527,6.460512e-09
22614,2874,0.0018840645
22615,110561,0.0047364547
22616,48057,0.023214001
22617,107180,7.0504615e-07
22618,79090,8.021969e-15
22619,85741,1.8361474e-08
22620,104273,0.0028814727
22621,32820,2.1553201e-10
22622,43268,9.304959e-14
22623,37233,1.0020513e-05
22624,32905,0.027684728
22625,100662,0.010314077
22626,52474,0.0028958032
22627,48398,3.0999966e-15
22628,73436,0.017829992
22629,103199,3.1740472e-09
22630,41252,1.2996213e-06
22631,99638,0.0014911196
22632,97198,1.2789093e-08
22633,16478,4.3284605e-11
22634,82471,0.00013652534
22635,109083,0.00046791197
22636,76522,2.0480793e-10
22637,55631,0.03262187
22638,13910,0.00021774904
22639,44420,3.705683e-08
22640,66754,3.3229156e-10
22641,55510,2.225357e-11
22642,5862,0.00909721
22643,86222,1.3358613e-10
22644,24133,0.0042110747
22645,101707,0.009503727
22646,64937,1.9873337e-12
22647,73037,4.748191e-12
22648,94891,5.888416e-12
22649,50745,0.00037149573
22650,50906,0.0009799172
22651,42982,0.0027467886
22652,39875,0.027271394
22653,100621,0.059353366
22654,87930,0.0028367671
22655,61876,0.0009905635
22656,33915,1.6904617e-11
22657,111052,0.0023459184
22658,50062,1.8427204e-10
22659,64782,1.3639296e-14
22660,115946,6.98595e-05
22661,79232,0.005842996
22662,19676,3.5140002e-09
22663,70135,1.6317792e-09
22664,88453,3.6135496e-08
22665,91915,0.009609334
22666,26461,7.286733e-05
22667,74869,1.9561894e-05
22668,77980,0.031109303
22669,5619,1.5486517e-05
22670,26301,0.0044365213
22671,91258,4.2028504e-14
22672,88702,0.0100853825
22673,25568,6.877457e-07
22674,34284,0.06433432
22675,45279,6.8410605e-05
22676,74040,0.009609334
22677,82864,0.00014476669
22678,100975,0.010314077
22679,53296,0.05701869
22680,45851,3.734078e-06
22681,45247,0.0025652924
22682,30514,0.009558456
22683,34300,0.022316055
22684,19388,5.624626e-10
22685,108667,0.0058863848
22686,98216,4.2209525e-09
22687,42083,1.3754911e-06
22688,44276,0.00020545091
22689,106913,0.009611095
22690,91969,0.00010576498
22691,33290,0.00026035815
22692,74170,0.00063210167
22693,48580,0.009558456
22694,48790,0.024252389
22695,97896,0.027316395
22696,57177,0.005194104
22697,108682,0.0007412293
22698,93204,0.0069063785
22699,71135,1.9561894e-05
22700,100752,0.009611095
22701,108377,0.004610218
22702,53549,1.8764226e-09
22703,39786,2.1818467e-09
22704,92157,0.0006647029
22705,33349,7.734775e-12
22706,17851,1.565482e-09
22707,5235,0.002459462
22708,46738,0.009601473
22709,17252,0.00049178494
22710,90344,0.054945264
22711,104569,0.033010963
22712,52310,8.683058e-06
22713,15656,0.00037149573
22714,114449,0.00038556728
22715,13763,0.16338813
22716,43305,0.07016115
22717,113726,1.7752274e-05
22718,65494,1.9873337e-12
22719,88933,0.009105743
22720,90216,8.890056e-10
22721,23196,4.746948e-13
22722,103527,1.6558841e-08
22723,110717,0.026397953
22724,47907,0.0017212353
22725,79116,0.009558456
22726,2760,0.1402372
22727,95751,7.6443346e-10
22728,76234,0.027684728
22729,78572,0.0002168796
22730,22419,7.639086e-07
22731,51286,0.021210752
22732,57222,1.5099341e-14
22733,59613,0.009558456
22734,12788,4.1349302e-10
22735,101501,0.0001769836
22736,78289,1.7910652e-09
22737,8070,0.0038721084
22738,77101,1.8959224e-06
22739,52562,0.022316055
22740,107134,0.00015727452
22741,100603,0.02236218
22742,49624,0.00017287674
22743,69446,0.003943968
22744,101939,0.0042148116
22745,58053,1.00492325e-05
22746,51025,0.018107578
22747,106710,0.004052996
22748,68957,1.3554473e-13
22749,76612,1.9561894e-05
22750,87843,0.002328324
22751,112647,0.02154969
22752,108792,0.0074040866
22753,97921,0.0007400047
22754,23551,2.189176e-08
22755,46677,0.10140685
22756,66128,5.1748034e-10
22757,91029,2.3120443e-09
22758,72929,4.3101366e-08
22759,110950,0.059533693
22760,8446,1.5464012e-06
22761,62970,0.0091682235
22762,8783,8.3489874e-07
22763,68420,0.009609334
22764,22543,5.967118e-08
22765,57204,0.018107578
22766,100056,1.2931628e-06
22767,51288,4.978295e-05
22768,57735,0.04974522
22769,54960,0.0037467477
22770,107361,4.8880393e-09
22771,48015,4.393471e-07
22772,49838,0.009159205
22773,103549,0.055277847
22774,69298,9.5618825e-06
22775,115220,0.009558456
22776,85455,2.7048175e-09
22777,53235,0.010916312
22778,90724,0.009609334
22779,81525,0.031109303
22780,61855,0.012061152
22781,8415,0.00024492887
22782,55250,9.876532e-06
22783,41642,0.019502632
22784,24727,3.0880973e-09
22785,11976,2.8929931e-12
22786,96281,0.018134167
22787,108492,0.0006742901
22788,65648,7.774874e-12
22789,32754,0.006883253
22790,61945,0.0025845168
22791,75310,0.033814374
22792,97522,1.8109238e-05
22793,95563,0.021550737
22794,78394,0.018107578
22795,23631,1.977663e-10
22796,59835,0.00037149573
22797,84878,0.02718392
22798,21350,9.73071e-09
22799,59383,0.023761515
22800,57653,4.999841e-10
22801,90250,6.121121e-10
22802,45064,6.9301545e-06
22803,107683,5.973851e-11
22804,67749,2.0432388e-12
22805,24430,9.965719e-10
22806,78372,3.1047886e-08
22807,50396,3.8717444e-06
22808,74383,0.000528029
22809,77272,0.0042148116
22810,113398,1.3742441e-06
22811,824,2.9872417e-12
22812,109501,3.370242e-08
22813,102342,0.055277847
22814,7386,2.4003307e-07
22815,12822,6.61988e-12
22816,12679,4.891973e-10
22817,8170,0.0071632224
22818,31275,0.0042110747
22819,36093,2.9757887e-08
22820,47652,0.00020545091
22821,16953,0.031115428
22822,47466,3.4799567e-13
22823,94199,0.02897164
22824,41616,0.0069047827
22825,33859,0.0022512635
22826,88844,0.05926452
22827,28508,0.018125536
22828,107461,0.0077906027
22829,68619,1.07289934e-10
22830,53663,9.844863e-10
22831,55025,6.9094e-07
22832,68670,1.4427152e-06
22833,45859,0.0042110747
22834,51620,0.027070584
22835,14642,0.008979334
22836,108669,2.8187317e-08
22837,41082,5.9054026e-11
22838,6095,0.00018456129
22839,79900,8.432125e-09
22840,4079,0.00909721
22841,64712,1.489365e-07
22842,65751,0.0012665029
22843,113195,0.0010063287
22844,46574,0.00026873508
22845,36180,1.1995323e-09
22846,24595,1.4025104e-06
22847,38712,2.1818467e-09
22848,82677,2.8692883e-11
22849,84510,0.06482158
22850,20928,3.3705095e-07
22851,34652,0.0076080156
22852,36687,3.7217771e-06
22853,20959,0.00010681258
22854,8756,0.0003123367
22855,29652,1.7312174e-10
22856,110687,9.90623e-10
22857,40092,0.029654205
22858,14381,1.0163957e-06
22859,101894,0.02576682
22860,4432,0.0016801297
22861,89587,0.04974522
22862,11800,8.755075e-12
22863,13600,2.8088178e-09
22864,36867,0.027271394
22865,94281,6.5542113e-06
22866,55712,1.6259445e-13
22867,99505,0.0016035547
22868,91411,0.022722226
22869,109343,0.059607558
22870,53665,0.0007400047
22871,73154,0.048092566
22872,93420,0.10283004
22873,47816,0.0040224534
22874,81176,3.726736e-11
22875,110548,1.5422421e-06
22876,26357,5.550462e-07
22877,79295,1.12424306e-10
22878,76971,3.8501893e-10
22879,57014,0.00041341223
22880,74920,0.0006647029
22881,94205,0.07270467
22882,48386,2.9322849e-09
22883,76621,1.9793273e-05
22884,94734,0.04721201
22885,105220,0.0069063785
22886,100352,3.507396e-10
22887,66665,4.2209525e-09
22888,65473,4.602067e-13
22889,12254,0.4066536
22890,94537,2.2757132e-09
22891,31549,1.1467409e-09
22892,85376,9.4205664e-11
22893,103520,0.0688517
22894,16277,0.00916275
22895,93161,0.00076586317
22896,54263,1.5464335e-05
22897,45306,1.2960477e-11
22898,91957,3.5419003e-08
22899,7314,3.6362144e-06
22900,38525,1.1624396e-10
22901,21407,2.20639e-10
22902,95407,5.6644894e-11
22903,43594,0.0015616057
22904,68051,9.968833e-06
22905,22564,0.009169346
22906,100179,1.3249751e-10
22907,105881,5.743022e-07
22908,23518,0.00034153086
22909,89210,0.010311361
22910,1718,0.010111938
22911,86528,9.0919645e-09
22912,71259,0.0007400047
22913,74428,0.00034391746
22914,40777,6.985169e-10
22915,96334,0.010167009
22916,110645,1.9561894e-05
22917,49193,0.0015304863
22918,98714,5.743022e-07
22919,76455,0.014781824
22920,17624,1.7050278e-10
22921,8247,8.3489874e-07
22922,29100,1.3597427e-10
22923,16942,4.0932036e-06
22924,76248,6.1227034e-08
22925,12234,0.009161325
22926,6594,0.0037447906
22927,49377,0.0026789745
22928,97650,1.2931628e-06
22929,37782,0.024478596
22930,54044,0.0009716983
22931,90809,2.6862811e-14
22932,49182,0.0048444965
22933,47173,0.00067582063
22934,7318,0.03252788
22935,56241,0.0021738664
22936,56250,0.009159205
22937,2183,2.658823e-09
22938,54582,0.004193047
22939,112978,0.059533693
22940,35142,0.0025845168
22941,59749,4.771879e-07
22942,4465,0.23159884
22943,60068,0.07472054
22944,110488,0.0066693486
22945,44974,6.877457e-07
22946,60613,0.00020802865
22947,74968,2.8217855e-13
22948,94370,4.0942777e-14
22949,65583,9.829541e-06
22950,40541,0.00029540627
22951,57181,0.018107578
22952,100996,0.055277847
22953,14346,0.033291984
22954,108688,1.8432978e-09
22955,74192,4.8470586e-13
22956,10115,4.8196132e-05
22957,97274,5.6016497e-10
22958,81506,3.3229156e-10
22959,43334,0.054374717
22960,112037,9.59462e-06
22961,67032,5.873617e-13
22962,80543,0.027308173
22963,101101,1.9561894e-05
22964,111802,0.023273004
22965,98828,0.027316395
22966,104020,1.5752921e-12
22967,34848,1.0127686e-11
22968,67041,0.0040224534
22969,26995,1.8344871e-09
22970,95052,1.0682417e-10
22971,51498,0.023214001
22972,7777,0.00031588168
22973,12712,0.018107578
22974,78368,3.5603696e-09
22975,30851,0.001478002
22976,47382,9.965719e-10
22977,55651,0.00013526439
22978,95712,0.007900154
22979,8843,6.715523e-05
22980,47290,1.7658104e-14
22981,46513,0.009169346
22982,15224,2.1927056e-17
22983,1728,2.5191034e-14
22984,54737,0.009558456
22985,28782,0.0012097919
22986,46230,0.009601473
22987,32555,0.0042110747
22988,100320,9.627137e-07
22989,29675,8.1639024e-07
22990,76873,4.1383512e-07
22991,89488,0.027208306
22992,41804,2.880448e-10
22993,99942,0.0008230805
22994,77238,0.010311361
22995,42977,4.082991e-15
22996,78948,0.52041566
22997,1562,0.072299115
22998,43948,8.36899e-05
22999,105680,0.0006647029
23000,114780,0.0031874054
23001,41433,0.02509337
23002,54212,0.009558456
23003,72300,0.0030917197
23004,3769,0.1911911
23005,5418,0.0016801297
23006,36062,5.772594e-09
23007,28021,6.9301545e-06
23008,68238,0.00013511241
23009,113124,0.02897164
23010,63410,4.7239055e-07
23011,16282,0.010311361
23012,113276,0.00046576772
23013,97900,9.90623e-10
23014,109867,0.03828855
23015,35565,0.027070584
23016,84909,5.604381e-08
23017,97854,0.025259737
23018,42382,2.1240277e-13
23019,61115,0.06613988
23020,45173,0.018125536
23021,48199,0.054374717
23022,88611,9.8406e-06
23023,110555,0.027234493
23024,103747,0.059533693
23025,89124,9.917045e-10
23026,88939,1.0299145e-12
23027,42309,1.5224698e-11
23028,74411,0.00020545091
23029,30351,1.3027238e-12
23030,33641,0.020628497
23031,36708,2.8973458e-05
23032,40246,0.0070868284
23033,42902,0.0013831496
23034,110646,2.9543518e-10
23035,77490,9.968833e-06
23036,54376,1.7241902e-08
23037,6726,4.2778836e-08
23038,74059,1.7027379e-16
23039,15538,0.027994813
23040,66483,1.8458957e-05
23041,21438,0.00916275
23042,78205,0.0026789745
23043,112083,0.009967705
23044,91076,0.06451
23045,19089,3.5140002e-09
23046,65232,3.507396e-10
23047,78589,2.329322e-05
23048,15710,1.3298058e-10
23049,16053,2.986639e-11
23050,34089,8.3071717e-07
23051,76245,0.0009905635
23052,84669,2.2757132e-09
23053,14116,2.9428522e-09
23054,34495,0.0009942235
23055,77805,0.0007400047
23056,8893,5.2943386e-07
23057,622,0.00014061078
23058,14471,0.054374717
23059,61014,0.0023628047
23060,106476,5.395044e-10
23061,495,2.0708747e-07
23062,76358,0.054374717
23063,844,0.005223745
23064,57811,0.009558456
23065,114734,0.0010063287
23066,92988,0.0007400047
23067,60332,3.4939717e-08
23068,33346,8.201468e-05
23069,81527,0.0007400047
23070,59021,0.002328324
23071,5047,0.061102368
23072,14740,4.7081556e-07
23073,5428,0.03988502
23074,89749,0.0007400047
23075,53169,1.6447537e-12
23076,94879,9.2885595e-05
23077,115510,0.0032560471
23078,54837,4.03631e-06
23079,10257,0.00034430885
23080,8629,7.2753264e-06
23081,74134,0.054945264
23082,112947,0.031558465
23083,21683,1.2654418e-07
23084,71250,0.028905047
23085,38256,8.7711627e-10
23086,3318,1.3579147e-05
23087,36283,0.03304125
23088,79463,6.1890696e-06
23089,83724,0.018107578
23090,61997,0.0042110747
23091,1844,3.04752e-08
23092,104165,0.0077906027
23093,60986,0.05926452
23094,70739,0.026707362
23095,63548,0.0026451752
23096,78238,0.0026408264
23097,106787,5.395044e-10
23098,97631,0.004193053
23099,7551,0.0009818901
23100,10889,0.0101294415
23101,93547,0.009611095
23102,110310,0.032188945
23103,2497,0.0036075034
23104,61829,2.227576e-09
23105,76334,0.0109536555
23106,61918,5.2472124e-06
23107,31094,0.0287143
23108,105478,0.023899471
23109,15589,0.009208131
23110,108655,6.760114e-05
23111,39260,0.06482158
23112,34811,1.2449715e-05
23113,52876,0.002692252
23114,40614,6.951316e-14
23115,31313,2.6080096e-08
23116,76369,6.316821e-11
23117,80445,3.482198e-06
23118,40250,3.5742374e-08
23119,45269,0.0024086116
23120,110922,8.407481e-05
23121,12992,0.052519966
23122,102362,0.059353366
23123,26373,0.010152991
23124,10699,0.0014277677
23125,14071,1.5054e-13
23126,111771,0.026707362
23127,87923,0.0009975367
23128,10067,0.04516103
23129,27301,0.017944383
23130,66024,0.0019653272
23131,67390,0.0022512635
23132,58168,0.02154969
23133,39871,1.7517035e-05
23134,7223,0.038289566
23135,112946,0.050240614
23136,68872,0.001546611
23137,105350,0.009611095
23138,54316,1.5524677e-08
23139,88122,0.018134167
23140,46689,0.0037406534
23141,9886,0.00025624866
23142,108645,0.029035993
23143,51024,0.018107578
23144,37007,2.6765004e-08
23145,2534,1.3579147e-05
23146,113561,0.021550737
23147,102670,0.0043902686
23148,46389,2.1553201e-10
23149,43930,1.5302123e-07
23150,53736,3.7217771e-06
23151,11655,3.4156633e-09
23152,51335,0.010311361
23153,52662,1.9561894e-05
23154,9585,2.6332063e-05
23155,27182,1.0209728e-07
23156,34078,0.009558456
23157,5169,6.8010806e-08
23158,56602,0.0005303402
23159,77149,0.00500557
23160,83696,3.282536e-14
23161,67319,0.040115204
23162,62750,0.02154969
23163,10563,0.0014277677
23164,53694,0.030939724
23165,29562,9.904291e-06
23166,73909,0.0005997076
23167,84474,4.183145e-10
23168,75341,0.00013489742
23169,83296,0.0058093416
23170,45682,0.018125536
23171,45622,3.0861345e-06
23172,5140,7.0561306e-05
23173,61831,0.0091682235
23174,13985,0.0022811217
23175,109750,0.00024887492
23176,68378,0.17404
23177,63734,0.0047364547
23178,92552,0.008918575
23179,78773,0.016938599
23180,97330,6.9947745e-08
23181,40664,0.026403544
23182,30458,7.7529745e-05
23183,81907,0.01954178
23184,39218,0.009601473
23185,55866,0.0013558464
23186,6384,0.0029654964
23187,22664,1.1491772e-14
23188,55567,0.010311361
23189,16773,7.148792e-12
23190,92264,1.3558438e-08
23191,50992,0.010311361
23192,104741,3.2700754e-14
23193,63474,0.009258456
23194,80438,1.0682417e-10
23195,29485,0.047630355
23196,59838,1.129775e-08
23197,110584,0.032177687
